mode,est_kwh,true_kwh,bias,matched_err_kwh,false_add_kwh,missed_kwh,window_cov,n_windows,_check,model,building_id,seed,chosen
z6,1207.321730712522,2373.369318511601,-0.491304736563434,-1971.139459175833,893.0750927097405,87.98322133298653,0.05333333333333334,12,0.0,PatchTST-SSL(HoW-cond),Fox_education_Henrietta,123,False
z12,1709.5769348187048,2373.369318511601,-0.27968356147334744,-1721.749376262993,1145.9402139030835,87.98322133298653,0.10666666666666667,10,1.1368683772161603e-13,PatchTST-SSL(HoW-cond),Fox_education_Henrietta,123,True
cusum,5206.426929950965,2373.369318511601,1.193685950746193,-282.15696625467444,3203.1977990270243,87.98322133298653,0.7433333333333333,2,9.094947017729282e-13,PatchTST-SSL(HoW-cond),Fox_education_Henrietta,123,False
z6,11331.863137809036,9988.54459407402,0.13448591344648725,-2195.641309879893,4047.7072032927144,508.74734967780324,0.50187265917603,30,1.5916157281026244e-12,PatchTST-SSL(HoW-cond),Fox_retail_Manie,123,False
z12,14118.5400250968,9988.54459407402,0.41347319342930244,-1955.8536962914277,6594.596476992013,508.74734967780324,0.5411985018726592,12,1.8189894035458565e-12,PatchTST-SSL(HoW-cond),Fox_retail_Manie,123,True
cusum,14915.56092532038,9988.54459407402,0.4932666901411693,-1631.8789262021592,7067.642607126323,508.74734967780324,0.702247191011236,5,0.0,PatchTST-SSL(HoW-cond),Fox_retail_Manie,123,False
z6,52082.91937063391,54401.37673466893,-0.042617622994042974,-3448.6953734339186,1130.238009398899,0.0,0.5286935286935287,10,1.3642420526593924e-12,PatchTST-SSL(HoW-cond),Hog_education_Bruno,123,False
z12,52965.581149136735,54401.37673466893,-0.026392633269833928,-3221.5132744096627,1785.7176888774698,0.0,0.536019536019536,8,4.547473508864641e-13,PatchTST-SSL(HoW-cond),Hog_education_Bruno,123,True
cusum,64526.160277551084,54401.37673466893,0.18611263446996243,1874.4129049999901,8250.370637882166,0.0,0.6996336996336996,2,0.0,PatchTST-SSL(HoW-cond),Hog_education_Bruno,123,False
z6,58446.45920712659,194402.84155505014,-0.6993538842354011,-151791.0754955202,18264.522668656078,2429.8295210594533,0.27491408934707906,15,2.9103830456733704e-11,PatchTST-SSL(HoW-cond),Hog_education_Caridad,123,False
z12,76395.49986761698,194402.84155505014,-0.6070247777423375,-137996.44744390197,22418.935277528264,2429.8295210594533,0.3951890034364261,11,0.0,PatchTST-SSL(HoW-cond),Hog_education_Caridad,123,True
cusum,126068.7747680006,194402.84155505014,-0.35150755122938365,-103213.26674369074,37309.02947770062,2429.8295210594533,0.6872852233676976,3,2.9103830456733704e-11,PatchTST-SSL(HoW-cond),Hog_education_Caridad,123,False
z6,20264.352031441973,74708.30184247419,-0.7287536788860458,-20600.204127759804,4158.64100946661,38002.38669273902,0.10331384015594541,7,0.0,PatchTST-SSL(HoW-cond),Hog_education_Luvenia,123,False
z12,21549.531065932955,74708.30184247419,-0.7115510520989875,-20600.204127759804,5443.820043957587,38002.38669273902,0.10331384015594541,7,0.0,PatchTST-SSL(HoW-cond),Hog_education_Luvenia,123,True
cusum,48667.1375222612,74708.30184247419,-0.34857122539235275,-3853.1219850242924,15814.34435755032,38002.38669273902,0.4619883040935672,1,0.0,PatchTST-SSL(HoW-cond),Hog_education_Luvenia,123,False
z6,13328.866003828032,9417.311027781248,0.41535794713667434,1437.046058806618,2474.5089172401667,0.0,0.6357758620689655,15,9.094947017729282e-13,PatchTST-SSL(HoW-cond),Hog_office_Almeda,123,False
z12,14040.302145507088,9417.311027781248,0.4909035184340761,1949.7943726096746,2673.1967451161663,0.0,0.7327586206896551,13,9.094947017729282e-13,PatchTST-SSL(HoW-cond),Hog_office_Almeda,123,True
cusum,21410.439649083964,9417.311027781248,1.2735194352106196,3409.9000357680106,8583.228585534707,0.0,0.9224137931034483,6,1.8189894035458565e-12,PatchTST-SSL(HoW-cond),Hog_office_Almeda,123,False
z6,15159.655244966754,13863.27034193821,0.09351219957868162,-1418.5819490467202,3392.680511231824,677.7136591565569,0.3238341968911917,22,3.183231456205249e-12,PatchTST-SSL(HoW-cond),Hog_office_Cortney,123,False
z12,18273.10426190514,13863.27034193821,0.3180947793123967,-391.5011345420262,5479.048713665514,677.7136591565569,0.40414507772020725,15,9.094947017729282e-13,PatchTST-SSL(HoW-cond),Hog_office_Cortney,123,True
cusum,28538.321849613698,13863.27034193821,1.058556253013514,1712.377667775705,13640.38749905634,677.7136591565569,0.6075129533678757,3,0.0,PatchTST-SSL(HoW-cond),Hog_office_Cortney,123,False
z6,17275.55881912393,22167.1395612787,-0.2206681077922803,-6896.477214665949,2004.8964725111796,0.0,0.5726872246696035,18,0.0,PatchTST-SSL(HoW-cond),Hog_office_Denita,123,False
z12,18322.58888611479,22167.1395612787,-0.17343467633864335,-6305.9943073095255,2461.443632145619,0.0,0.6255506607929515,14,1.3642420526593924e-12,PatchTST-SSL(HoW-cond),Hog_office_Denita,123,True
cusum,21274.550686924507,22167.1395612787,-0.04026630823912684,-5985.397884154925,5092.809009800738,0.0,0.6784140969162996,4,3.637978807091713e-12,PatchTST-SSL(HoW-cond),Hog_office_Denita,123,False
z6,34300.051875814854,74761.55072201448,-0.5412073245597516,-46745.18292016108,6956.79552597953,673.1114520180763,0.4142857142857143,35,7.275957614183426e-12,PatchTST-SSL(HoW-cond),Hog_office_Garrett,123,False
z12,36433.67343614067,74761.55072201448,-0.5126683022987066,-45828.21146590508,8173.4456320493455,673.1114520180763,0.5984126984126984,23,0.0,PatchTST-SSL(HoW-cond),Hog_office_Garrett,123,True
cusum,41318.321678983164,74761.55072201448,-0.44733193359489176,-45711.181378817964,12941.063787804724,673.1114520180763,0.6634920634920635,6,7.275957614183426e-12,PatchTST-SSL(HoW-cond),Hog_office_Garrett,123,False
z6,67868.06085556163,43327.82005139158,0.566385310294001,30742.46024144825,24311.37409002598,30513.593527304172,0.11950549450549451,8,3.637978807091713e-12,PatchTST-SSL(HoW-cond),Hog_office_Lavon,123,False
z12,71880.88594324182,43327.82005139158,0.6590007495872895,34228.78391156832,24837.875507586094,30513.593527304172,0.14697802197802198,8,3.637978807091713e-12,PatchTST-SSL(HoW-cond),Hog_office_Lavon,123,True
cusum,157298.36919552923,43327.82005139158,2.6304242634168067,53225.212874290635,91258.92979715118,30513.593527304172,0.5357142857142857,5,1.4551915228366852e-11,PatchTST-SSL(HoW-cond),Hog_office_Lavon,123,False
z6,554.7583211769181,3404.8623827046636,-0.8370687978477872,-3125.6374858155204,275.5334242877748,0.0,0.039755351681957186,9,4.547473508864641e-13,PatchTST-SSL(HoW-cond),Hog_office_Merilyn,123,False
z12,691.2307421724895,3404.8623827046636,-0.7969871717330883,-3109.043555421089,395.4119148889147,0.0,0.06116207951070336,8,0.0,PatchTST-SSL(HoW-cond),Hog_office_Merilyn,123,True
cusum,2906.8531991670784,3404.8623827046636,-0.1462641151276105,-2331.94381847609,1833.934634938505,0.0,0.9847094801223242,4,0.0,PatchTST-SSL(HoW-cond),Hog_office_Merilyn,123,False
z6,2195.6200312163974,2733.19612771947,-0.19668405463153374,-784.1349124857497,246.5588159826769,0.0,0.37285223367697595,12,2.2737367544323206e-13,PatchTST-SSL(HoW-cond),Hog_office_Miriam,123,False
z12,2411.042710411505,2733.19612771947,-0.11786692291883347,-637.7763102588892,315.62289295092444,0.0,0.6185567010309279,10,1.1368683772161603e-13,PatchTST-SSL(HoW-cond),Hog_office_Miriam,123,True
cusum,3457.085089341161,2733.19612771947,0.2648507197416861,-454.8952103561537,1178.7841719778446,0.0,0.5876288659793815,5,2.2737367544323206e-13,PatchTST-SSL(HoW-cond),Hog_office_Miriam,123,False
z6,10377.809120947006,13164.94391405967,-0.21170882392716522,-3010.0825132244354,1463.7562038578235,1240.808483746051,0.4438202247191011,19,9.094947017729282e-13,PatchTST-SSL(HoW-cond),Hog_office_Napoleon,123,False
z12,11892.812278595582,13164.94391405967,-0.09663023585732852,-2313.7493392401375,2282.4261875221027,1240.808483746051,0.601123595505618,11,1.8189894035458565e-12,PatchTST-SSL(HoW-cond),Hog_office_Napoleon,123,True
cusum,14947.845757803396,13164.94391405967,0.13542798627798586,-1328.9581602343642,4352.668487724144,1240.808483746051,0.7752808988764045,3,2.7284841053187847e-12,PatchTST-SSL(HoW-cond),Hog_office_Napoleon,123,False
z6,15786.56530255603,6758.17610943246,1.3359209714175027,-161.42341730039516,9565.353000817482,375.54039039351596,0.22302158273381295,27,0.0,PatchTST-SSL(HoW-cond),Hog_office_Shawna,123,False
z12,18871.881715815027,6758.17610943246,1.792451899777417,978.4336163555536,11510.812380420528,375.54039039351596,0.3363309352517986,25,1.8189894035458565e-12,PatchTST-SSL(HoW-cond),Hog_office_Shawna,123,True
cusum,25532.267572950717,6758.17610943246,2.7779819820491287,4631.497824987048,14518.134028924724,375.54039039351596,0.7931654676258992,4,0.0,PatchTST-SSL(HoW-cond),Hog_office_Shawna,123,False
z6,78645.44229150063,125372.16791342666,-0.3727041368080376,-50418.14715951278,3691.421537586755,0.0,0.5832290362953693,30,7.275957614183426e-12,PatchTST-SSL(HoW-cond),Hog_office_Shawnna,123,False
z12,80935.9333386695,125372.16791342666,-0.3544346031045881,-48957.773677522375,4521.53910276521,0.0,0.7571964956195244,19,1.4551915228366852e-11,PatchTST-SSL(HoW-cond),Hog_office_Shawnna,123,True
cusum,82668.21156372155,125372.16791342666,-0.34061751551742736,-48913.89924443416,6209.942894729056,0.0,0.8523153942428036,4,1.4551915228366852e-11,PatchTST-SSL(HoW-cond),Hog_office_Shawnna,123,False
z6,5008.978580115291,4999.540930113644,0.001887703317878911,-2060.4907921171066,2072.2427214046065,2.3142792858528196,0.30691056910569103,22,1.7053025658242404e-13,PatchTST-SSL(HoW-cond),Hog_office_Sherrie,123,False
z12,6467.426736346489,4999.540930113644,0.2936041182084048,-1003.9543521592486,2474.1544376779457,2.3142792858528196,0.4959349593495935,20,2.2737367544323206e-13,PatchTST-SSL(HoW-cond),Hog_office_Sherrie,123,True
cusum,11700.702319188109,4999.540930113644,1.3403553411697224,-55.352139241421355,6758.8278076017405,2.3142792858528196,0.8536585365853658,1,1.8189894035458565e-12,PatchTST-SSL(HoW-cond),Hog_office_Sherrie,123,False
z6,11224.201542204079,7850.146933398892,0.4298078287490495,1087.751694612496,2286.3029141926904,0.0,0.33974358974358976,20,4.547473508864641e-13,PatchTST-SSL(HoW-cond),Hog_office_Shon,123,False
z12,11989.976962256762,7850.146933398892,0.5273570117834012,1489.4330437902936,2650.396985067577,0.0,0.4423076923076923,20,0.0,PatchTST-SSL(HoW-cond),Hog_office_Shon,123,True
cusum,17917.09508996437,7850.146933398892,1.2823897746085593,2362.4901670138315,7704.457989551647,0.0,0.8247863247863247,3,1.8189894035458565e-12,PatchTST-SSL(HoW-cond),Hog_office_Shon,123,False
z6,30945.834370059936,35688.41172784455,-0.1328884399213651,-4928.85591740247,456.4048246559484,270.126265038092,0.8375241779497099,13,1.8189894035458565e-12,PatchTST-SSL(HoW-cond),Hog_office_Sydney,123,False
z12,31738.833827315648,35688.41172784455,-0.11066835729894335,-4240.176760026541,560.7251245357288,270.126265038092,0.8936170212765957,11,3.637978807091713e-12,PatchTST-SSL(HoW-cond),Hog_office_Sydney,123,True
cusum,31768.494542261353,35688.41172784455,-0.10983725517055798,-4240.1767600265375,590.3858394814309,270.126265038092,0.9206963249516441,4,2.7284841053187847e-12,PatchTST-SSL(HoW-cond),Hog_office_Sydney,123,False
z6,2442.9471246668427,2589.0456041595153,-0.056429473184231804,-1202.4231328505584,1169.987204578152,113.66255122026587,0.2193877551020408,19,2.2737367544323206e-13,PatchTST-SSL(HoW-cond),Hog_office_Valda,123,False
z12,3112.183940274941,2589.0456041595153,0.20205837057290954,-1092.5512709826949,1729.3521583183865,113.66255122026587,0.28316326530612246,16,0.0,PatchTST-SSL(HoW-cond),Hog_office_Valda,123,True
cusum,6132.237604936964,2589.0456041595153,1.368532093480709,-428.44537810756947,4085.299930105284,113.66255122026587,0.6938775510204082,1,0.0,PatchTST-SSL(HoW-cond),Hog_office_Valda,123,False
z6,2461.8698400004305,3934.357376597145,-0.37426379854447284,-365.55873939545927,286.85213609517905,1393.7809332964346,0.08133333333333333,11,2.2737367544323206e-13,PatchTST-SSL(HoW-cond),Lamb_education_Armando,123,False
z12,4453.566117692765,3934.357376597145,0.13196786448126063,999.7654578495785,913.2242165424759,1393.7809332964346,0.13333333333333333,11,2.2737367544323206e-13,PatchTST-SSL(HoW-cond),Lamb_education_Armando,123,True
cusum,16304.29631900856,3934.357376597145,3.1440811696446005,5875.141586665736,7888.578289042111,1393.7809332964346,0.5306666666666666,4,1.8189894035458565e-12,PatchTST-SSL(HoW-cond),Lamb_education_Armando,123,False
z6,573.5867866561084,281.50345907383456,1.0375834405134763,-144.18346249800553,436.26679008027935,0.0,0.2,27,5.684341886080802e-14,PatchTST-SSL(HoW-cond),Lamb_education_Eula,123,False
z12,673.802634480092,281.50345907383456,1.3935856301622307,-136.2167753929772,528.5159507992346,0.0,0.27692307692307694,21,5.684341886080802e-14,PatchTST-SSL(HoW-cond),Lamb_education_Eula,123,True
cusum,864.1985853078992,281.50345907383456,2.0699394890250056,-70.07905837664481,652.7741846107094,0.0,0.8553846153846154,5,0.0,PatchTST-SSL(HoW-cond),Lamb_education_Eula,123,False
z6,5364.409676232359,2732.2174995928317,0.9633904244562481,979.6053055486873,1652.5868710908392,0.0,0.19938650306748465,16,9.094947017729282e-13,PatchTST-SSL(HoW-cond),Lamb_education_Lazaro,123,False
z12,8428.313203633297,2732.2174995928317,2.0847885297892006,2328.3487359559867,3367.7469680844783,0.0,0.3128834355828221,14,9.094947017729282e-13,PatchTST-SSL(HoW-cond),Lamb_education_Lazaro,123,True
cusum,14752.306485246103,2732.2174995928317,4.399389502279582,2646.8807143394015,9373.20827131387,0.0,0.39263803680981596,4,0.0,PatchTST-SSL(HoW-cond),Lamb_education_Lazaro,123,False
z6,2171.2929492760777,689.9874148777225,2.1468587722877057,214.82504295899844,1266.480491439357,0.0,0.17353951890034364,43,2.2737367544323206e-13,PatchTST-SSL(HoW-cond),Lamb_education_Lucas,123,False
z12,2410.3510065820933,689.9874148777225,2.4933260442282825,292.2795714166267,1428.0840202877444,0.0,0.3333333333333333,42,4.547473508864641e-13,PatchTST-SSL(HoW-cond),Lamb_education_Lucas,123,True
cusum,3365.5091169890047,689.9874148777225,3.8776384096591534,705.6545449109136,1969.8671572003686,0.0,1.0,5,0.0,PatchTST-SSL(HoW-cond),Lamb_education_Lucas,123,False
z6,7514.2239784928815,9386.55849108594,-0.1994697539434867,-6545.794452751447,4673.45994015839,0.0,0.18319559228650137,35,9.094947017729282e-13,PatchTST-SSL(HoW-cond),Lamb_education_Mae,123,False
z12,10750.570921465262,9386.55849108594,0.14531549893122947,-5678.902131176994,7042.914561556317,0.0,0.31129476584022037,31,9.094947017729282e-13,PatchTST-SSL(HoW-cond),Lamb_education_Mae,123,True
cusum,27537.796528355328,9386.55849108594,1.933747928434786,725.2773025720344,17425.96073469735,0.0,1.0,3,3.637978807091713e-12,PatchTST-SSL(HoW-cond),Lamb_education_Mae,123,False
z6,0.00014546340605490782,0.0,,0.0,0.00014546340605490782,0.0,,11,0.0,PatchTST-SSL(HoW-cond),Lamb_education_Willetta,123,False
z12,0.00020669871297509105,0.0,,0.0,0.00020669871297509105,0.0,,10,0.0,PatchTST-SSL(HoW-cond),Lamb_education_Willetta,123,True
cusum,0.0007017242122455842,0.0,,0.0,0.0007017242122455842,0.0,,2,0.0,PatchTST-SSL(HoW-cond),Lamb_education_Willetta,123,False
z6,4307.885379465368,4340.983674226856,-0.007624607058072696,-2450.409397805915,3152.2037872257433,734.8926841813179,0.07553956834532374,21,1.1368683772161603e-12,PatchTST-SSL(HoW-cond),Lamb_education_Williams,123,False
z12,6551.558811075306,4340.983674226856,0.5092336905049892,-1748.4926143308335,4693.9604353606,734.8926841813179,0.13489208633093525,19,9.094947017729282e-13,PatchTST-SSL(HoW-cond),Lamb_education_Williams,123,True
cusum,15332.50352276672,4340.983674226856,2.5320343667262213,698.4358657282278,11027.976666992954,734.8926841813179,0.4262589928057554,3,1.8189894035458565e-12,PatchTST-SSL(HoW-cond),Lamb_education_Williams,123,False
z6,3397.7720732895577,2334.791275192391,0.45527872636476907,-962.8517166861079,2150.4751293691747,124.64261458590028,0.14918032786885246,23,2.2737367544323206e-13,PatchTST-SSL(HoW-cond),Lamb_office_Caitlin,123,False
z12,3788.743102548009,2334.791275192391,0.6227331080101839,-955.6330809493331,2534.227522890852,124.64261458590028,0.22295081967213115,17,4.547473508864641e-13,PatchTST-SSL(HoW-cond),Lamb_office_Caitlin,123,True
cusum,4759.954109669475,2334.791275192391,1.0387064832068322,-802.8318346253527,3352.6372836883365,124.64261458590028,0.45737704918032784,3,4.547473508864641e-13,PatchTST-SSL(HoW-cond),Lamb_office_Caitlin,123,False
z6,10421.155461938957,9813.136828809173,0.06195966119057649,-3470.668660996298,4078.6872941260826,0.0,0.1840628507295174,20,0.0,PatchTST-SSL(HoW-cond),Lamb_office_Velma,123,False
z12,12405.089846388317,9813.136828809173,0.264130936192569,-2550.3211722759443,5142.2741898550885,0.0,0.2716049382716049,18,0.0,PatchTST-SSL(HoW-cond),Lamb_office_Velma,123,True
cusum,25912.138517702442,9813.136828809173,1.6405561208145192,4146.099375052036,11952.902313841234,0.0,0.8821548821548821,3,0.0,PatchTST-SSL(HoW-cond),Lamb_office_Velma,123,False
z6,9494.290299781062,13741.885133980677,-0.3090984091910536,-6341.064582233326,2282.7487149118233,189.2789668781123,0.39707673568818513,39,0.0,PatchTST-SSL(HoW-cond),Rat_retail_Jeffrey,123,False
z12,12413.725735960355,13741.885133980677,-0.09665045116234262,-4229.993011069082,3091.112579926872,189.2789668781123,0.5943970767356882,30,6.821210263296962e-13,PatchTST-SSL(HoW-cond),Rat_retail_Jeffrey,123,True
cusum,13566.065091345572,13741.885133980677,-0.01279446312648477,-4027.8184981798313,4041.2774224228374,189.2789668781123,0.8453105968331304,6,1.2221335055073723e-12,PatchTST-SSL(HoW-cond),Rat_retail_Jeffrey,123,False
z6,137907.8100235584,33588.96758583762,3.105747212120493,17056.831099364492,87262.0113383563,0.0,1.0,3,0.0,PatchTST-SSL(HoW-cond),Robin_education_Zenia,123,False
z12,143228.69213955122,33588.96758583762,3.2641588126674623,17056.831099364492,92582.8934543491,0.0,1.0,1,0.0,PatchTST-SSL(HoW-cond),Robin_education_Zenia,123,True
cusum,144390.11289071478,33588.96758583762,3.29873625980678,17056.831099364492,93744.31420551267,0.0,1.0,1,0.0,PatchTST-SSL(HoW-cond),Robin_education_Zenia,123,False
z6,6666.9393398642105,6397.499952015792,0.042116356368790756,83.47606156016354,296.43345433848793,110.4701280502336,0.4563679245283019,10,9.663381206337363e-13,PatchTST-SSL(HoW-cond),Robin_office_Dina,123,False
z12,6937.926501467379,6397.499952015792,0.08447464689410498,260.51777335035786,390.3789041514631,110.4701280502336,0.5058962264150944,8,2.2737367544323206e-13,PatchTST-SSL(HoW-cond),Robin_office_Dina,123,True
cusum,8023.538293010391,6397.499952015792,0.2541677769739177,867.6242348940705,868.8842341507631,110.4701280502336,0.6686320754716981,2,9.094947017729282e-13,PatchTST-SSL(HoW-cond),Robin_office_Dina,123,False
z6,18017.217464324458,28638.901961943724,-0.370883091528219,-10698.569665940136,112.75496167594278,35.86979335507271,0.3475314617618587,17,0.0,PatchTST-SSL(HoW-cond),Robin_office_Sammie,123,False
z12,19267.493677951523,28638.901961943724,-0.32722652203793373,-9470.302268583062,134.76377794593114,35.86979335507271,0.44240077444336884,12,1.8189894035458565e-12,PatchTST-SSL(HoW-cond),Robin_office_Sammie,123,True
cusum,24841.90006677877,28638.901961943724,-0.13258196491648075,-4272.550014790733,511.41791298084894,35.86979335507271,1.0,2,2.2737367544323206e-12,PatchTST-SSL(HoW-cond),Robin_office_Sammie,123,False
z6,24293.900418329977,37713.79795495542,-0.3558352185227776,-15263.104461815969,1843.2069251905261,0.0,0.442159383033419,18,3.637978807091713e-12,PatchTST-SSL(HoW-cond),Shrew_office_Doris,123,False
z12,27866.88513914075,37713.79795495542,-0.26109576202257906,-13349.28972685459,3502.376911039918,0.0,0.506426735218509,12,0.0,PatchTST-SSL(HoW-cond),Shrew_office_Doris,123,True
cusum,39137.87076394932,37713.79795495542,0.03775999464956521,-2819.41997675287,4243.492785746768,0.0,1.0,4,1.8189894035458565e-12,PatchTST-SSL(HoW-cond),Shrew_office_Doris,123,False
z6,44567.40581184575,56475.608029300376,-0.21085567084601337,-12760.204859691337,852.0026422367125,0.0,0.5775075987841946,15,3.637978807091713e-12,PatchTST-SSL(HoW-cond),Shrew_office_Ila,123,False
z12,47733.79547527287,56475.608029300376,-0.15478917109652235,-12055.186943251909,3313.3743892244,0.0,0.6038500506585613,15,1.8189894035458565e-12,PatchTST-SSL(HoW-cond),Shrew_office_Ila,123,True
cusum,67377.32727940207,56475.608029300376,0.19303411916248384,-123.35906499272096,11025.07831509442,0.0,1.0,1,1.8189894035458565e-12,PatchTST-SSL(HoW-cond),Shrew_office_Ila,123,False
z6,2629.2251724690304,5626.082519954916,-0.5326721278716511,-3043.856014826096,46.99866734020962,0.0,0.29404145077720206,16,4.547473508864641e-13,PatchTST-SSL(HoW-cond),Shrew_office_Kenneth,123,False
z12,2752.8581204676316,5626.082519954916,-0.5106971661536007,-3001.122314664424,127.8979151771394,0.0,0.38341968911917096,13,4.547473508864641e-13,PatchTST-SSL(HoW-cond),Shrew_office_Kenneth,123,True
cusum,4668.86930357376,5626.082519954916,-0.17013849565591282,-2511.753966852988,1554.5407504718319,0.0,0.866580310880829,3,4.547473508864641e-13,PatchTST-SSL(HoW-cond),Shrew_office_Kenneth,123,False
z6,5395.371878044116,14394.2638131671,-0.625172086042447,-8241.371723852339,659.0257970970517,1416.5460083676978,0.3480916030534351,25,1.8189894035458565e-12,PatchTST-SSL(HoW-cond),Shrew_office_Nora,123,False
z12,7382.169748771444,14394.2638131671,-0.4871450291178746,-6748.006461535031,1152.4584055070725,1416.5460083676978,0.5587786259541985,16,9.094947017729282e-13,PatchTST-SSL(HoW-cond),Shrew_office_Nora,123,True
cusum,11231.152878038047,14394.2638131671,-0.2197480174175777,-5837.584412724049,4091.0194859626936,1416.5460083676978,0.6519083969465649,5,9.094947017729282e-13,PatchTST-SSL(HoW-cond),Shrew_office_Nora,123,False
z6,6326.380629520015,3431.345055613974,0.8437028415925454,-642.5262961982799,4287.56196251253,750.0000924082099,0.07142857142857142,17,0.0,PatchTST-SSL(HoW-cond),Shrew_office_Sherill,123,False
z12,8636.52966242411,3431.345055613974,1.5169516683534952,-642.5262961982799,6597.710995416624,750.0000924082099,0.08333333333333333,16,0.0,PatchTST-SSL(HoW-cond),Shrew_office_Sherill,123,True
cusum,25522.925633489067,3431.345055613974,6.4381693533652,590.1758029455505,22251.404867337755,750.0000924082099,0.9761904761904762,3,3.637978807091713e-12,PatchTST-SSL(HoW-cond),Shrew_office_Sherill,123,False
z6,2230.253816597653,833.1804513129612,1.6767956606316485,250.37891394462872,1146.694451340063,0.0,0.22900763358778625,19,0.0,PatchTST-SSL(HoW-cond),Wolf_office_Darleen,123,False
z12,2674.5554331964313,833.1804513129612,2.2100554315475756,253.70903609586753,1587.665945787603,0.0,0.2748091603053435,18,4.547473508864641e-13,PatchTST-SSL(HoW-cond),Wolf_office_Darleen,123,True
cusum,4055.121572873237,833.1804513129612,3.867038786715416,346.56962997164396,2875.371491588632,0.0,0.6717557251908397,6,0.0,PatchTST-SSL(HoW-cond),Wolf_office_Darleen,123,False
z6,12740.35020349006,18955.973709227597,-0.32789787541812365,-6822.060290949037,606.4367852114987,0.0,0.39655172413793105,13,9.094947017729282e-13,PatchTST-SSL(HoW-cond),Wolf_retail_Harriett,123,False
z12,15478.642022053016,18955.973709227597,-0.1834425253228668,-5213.619655878585,1736.2879687040045,0.0,0.47126436781609193,11,4.547473508864641e-13,PatchTST-SSL(HoW-cond),Wolf_retail_Harriett,123,True
cusum,23181.176802967522,18955.973709227597,0.22289559790237176,-49.084858753703884,4274.287952493631,0.0,0.8839080459770114,3,1.8189894035458565e-12,PatchTST-SSL(HoW-cond),Wolf_retail_Harriett,123,False
z6,548.5166440531052,240.8112086307441,1.2777870148652073,128.67258427696868,179.03285114539247,0.0,0.2078559738134206,13,0.0,PatchTST-SSL(HoW-cond),Wolf_retail_Marcella,123,False
z12,680.077866422771,240.8112086307441,1.8241121760473826,185.75030087693835,253.51635691508852,0.0,0.2864157119476268,13,0.0,PatchTST-SSL(HoW-cond),Wolf_retail_Marcella,123,True
cusum,1017.677471310757,240.8112086307441,3.226038634568903,298.02849774493313,478.83776493508,0.0,0.6235679214402619,4,1.1368683772161603e-13,PatchTST-SSL(HoW-cond),Wolf_retail_Marcella,123,False
z6,5887.921849953746,1497.2236255203593,2.932560072919903,1848.8442393319203,2830.5989938399625,288.7450087384966,0.244122965641953,25,9.094947017729282e-13,PatchTST-SSL(HoW-cond),Wolf_retail_Toshia,123,False
z12,6891.983776994956,1497.2236255203593,3.6031759448089464,2386.711293404849,3296.793866808244,288.7450087384966,0.3924050632911392,23,0.0,PatchTST-SSL(HoW-cond),Wolf_retail_Toshia,123,True
cusum,13879.65355115707,1497.2236255203593,8.270260844523612,3932.0994482347187,8739.07548614049,288.7450087384966,0.8933092224231465,4,1.8189894035458565e-12,PatchTST-SSL(HoW-cond),Wolf_retail_Toshia,123,False
z6,1233.2312442788643,2373.369318511601,-0.48038797221316804,-1967.1248528997503,914.97,87.98322133298653,0.04666666666666667,13,2.2737367544323206e-13,HOW-profile(HoW-cond),Fox_education_Henrietta,123,True
z12,1524.420083030252,2373.369318511601,-0.3576979060358571,-1873.3110141483626,1112.345,87.98322133298653,0.06666666666666667,13,3.410605131648481e-13,HOW-profile(HoW-cond),Fox_education_Henrietta,123,False
cusum,5713.517601189703,2373.369318511601,1.4073445108714866,-288.9584959889107,3717.09,87.98322133298653,0.7433333333333333,2,9.094947017729282e-13,HOW-profile(HoW-cond),Fox_education_Henrietta,123,False
z6,18077.809663127337,9988.54459407402,0.8098542277973608,571.0624187311187,8026.950000000001,508.74734967780324,0.4737827715355805,33,9.094947017729282e-13,HOW-profile(HoW-cond),Fox_retail_Manie,123,True
z12,19826.335800274494,9988.54459407402,0.9849073719946163,682.5585558782768,9663.98,508.74734967780324,0.5449438202247191,18,1.8189894035458565e-12,HOW-profile(HoW-cond),Fox_retail_Manie,123,False
cusum,21358.09698570011,9988.54459407402,1.1382591612367026,987.6647413038936,10890.635,508.74734967780324,0.7322097378277154,4,1.8189894035458565e-12,HOW-profile(HoW-cond),Fox_retail_Manie,123,False
z6,54834.751832219285,54401.37673466893,0.007966252392178446,-603.8804024496494,1037.2554999999998,0.0,0.608058608058608,14,6.821210263296962e-12,HOW-profile(HoW-cond),Hog_education_Bruno,123,True
z12,55220.71833221929,54401.37673466893,0.015061045266308658,-598.5184024496411,1417.86,0.0,0.6153846153846154,10,6.821210263296962e-13,HOW-profile(HoW-cond),Hog_education_Bruno,123,False
cusum,59864.99079413545,54401.37673466893,0.10043154029196959,2329.9660594665183,3133.648,0.0,0.7435897435897436,2,9.094947017729282e-13,HOW-profile(HoW-cond),Hog_education_Bruno,123,False
z6,88455.54332608668,194402.84155505014,-0.5449884239421561,-127258.15620790402,23740.6875,2429.8295210594533,0.21305841924398625,9,1.4551915228366852e-11,HOW-profile(HoW-cond),Hog_education_Caridad,123,True
z12,103842.01280186849,194402.84155505014,-0.46584107530926716,-114121.0737321222,25990.074500000002,2429.8295210594533,0.2869415807560137,7,0.0,HOW-profile(HoW-cond),Hog_education_Caridad,123,False
cusum,180025.97389301815,194402.84155505014,-0.073953999576497,-48190.29164097257,36243.253500000006,2429.8295210594533,0.6701030927835051,3,3.092281986027956e-11,HOW-profile(HoW-cond),Hog_education_Caridad,123,False
z6,28034.553897116897,74708.30184247419,-0.6247464711990239,-49826.37097914027,4012.7935,860.1704662170247,0.14619883040935672,10,7.275957614183426e-12,HOW-profile(HoW-cond),Hog_education_Luvenia,123,True
z12,28711.696897116897,74708.30184247419,-0.6156826458502992,-49826.37097914027,4689.936500000002,860.1704662170247,0.14619883040935672,9,0.0,HOW-profile(HoW-cond),Hog_education_Luvenia,123,False
cusum,72605.81037145598,74708.30184247419,-0.028142675166829563,-12541.436004801188,11299.115000000002,860.1704662170247,0.7446393762183235,4,5.002220859751105e-12,HOW-profile(HoW-cond),Hog_education_Luvenia,123,False
z6,15659.480065284804,9417.311027781248,0.6628398508968258,1924.5640375035564,4317.605,0.0,0.6185344827586207,31,0.0,HOW-profile(HoW-cond),Hog_office_Almeda,123,True
z12,16844.482261000165,9417.311027781248,0.7886721816141167,2062.102733218915,5365.068499999999,0.0,0.6788793103448276,22,1.8189894035458565e-12,HOW-profile(HoW-cond),Hog_office_Almeda,123,False
cusum,19186.49376300794,9417.311027781248,1.0373643502277259,2794.8472352266926,6974.335499999999,0.0,0.8469827586206896,7,0.0,HOW-profile(HoW-cond),Hog_office_Almeda,123,False
z6,14756.469608456864,13863.27034193821,0.06442918910818674,-183.03757432479142,1753.9505000000008,677.7136591565569,0.4339378238341969,26,1.0231815394945443e-12,HOW-profile(HoW-cond),Hog_office_Cortney,123,True
z12,16397.882604534727,13863.27034193821,0.18282931805268068,271.9339217530742,2940.3920000000007,677.7136591565569,0.5453367875647669,12,1.8189894035458565e-12,HOW-profile(HoW-cond),Hog_office_Cortney,123,False
cusum,17427.330192629932,13863.27034193821,0.25708651442149066,218.93650984827946,4022.8370000000014,677.7136591565569,0.5284974093264249,4,2.7284841053187847e-12,HOW-profile(HoW-cond),Hog_office_Cortney,123,False
z6,16443.93662266657,22167.1395612787,-0.25818409825908945,-6210.430438612128,487.22749999999996,0.0,0.6475770925110133,16,9.094947017729282e-13,HOW-profile(HoW-cond),Hog_office_Denita,123,True
z12,16860.696167767906,22167.1395612787,-0.23938331686150546,-5894.793643510791,588.35025,0.0,0.6828193832599119,11,0.0,HOW-profile(HoW-cond),Hog_office_Denita,123,False
cusum,18711.660753732704,22167.1395612787,-0.15588293645166493,-5204.131807545997,1748.6529999999998,0.0,0.8986784140969163,5,2.2737367544323206e-12,HOW-profile(HoW-cond),Hog_office_Denita,123,False
z6,53356.471882710845,74761.55072201448,-0.2863113275819283,-24724.370637285567,3992.403250000001,673.1114520180763,0.5380952380952381,41,7.275957614183426e-12,HOW-profile(HoW-cond),Hog_office_Garrett,123,True
z12,67438.06251742919,74761.55072201448,-0.09795794942531594,-12172.183502567212,5521.806750000002,673.1114520180763,0.7793650793650794,25,0.0,HOW-profile(HoW-cond),Hog_office_Garrett,123,False
cusum,69655.5220173522,74761.55072201448,-0.06829752266172227,-11272.95250264422,6840.035250000003,673.1114520180763,0.8238095238095238,5,1.0913936421275139e-11,HOW-profile(HoW-cond),Hog_office_Garrett,123,False
z6,287826.8217380753,43327.82005139158,5.643002611178704,73615.08371398786,201397.51150000002,30513.593527304172,0.2541208791208791,3,2.9103830456733704e-11,HOW-profile(HoW-cond),Hog_office_Lavon,123,True
z12,287834.5687380753,43327.82005139158,5.6431814108503895,73615.08371398786,201405.2585,30513.593527304172,0.2541208791208791,3,8.731149137020111e-11,HOW-profile(HoW-cond),Hog_office_Lavon,123,False
cusum,313336.00542335876,43327.82005139158,6.2317509870496055,96237.73239927135,204284.0465,30513.593527304172,0.6016483516483516,2,0.0,HOW-profile(HoW-cond),Hog_office_Lavon,123,False
z6,418.3049829020855,3404.8623827046636,-0.8771448194127001,-3110.344399802578,123.787,0.0,0.04281345565749235,8,4.547473508864641e-13,HOW-profile(HoW-cond),Hog_office_Merilyn,123,True
z12,471.3909829020855,3404.8623827046636,-0.8615535872179262,-3110.344399802578,176.873,0.0,0.06422018348623854,7,0.0,HOW-profile(HoW-cond),Hog_office_Merilyn,123,False
cusum,3324.827999366654,3404.8623827046636,-0.023505908416314378,-2266.86288333801,2186.8284999999996,0.0,0.7706422018348624,3,4.547473508864641e-13,HOW-profile(HoW-cond),Hog_office_Merilyn,123,False
z6,1856.3399983579097,2733.19612771947,-0.3208171270508836,-897.0908660781583,38.944500000000005,18.70976328340205,0.27835051546391754,6,0.0,HOW-profile(HoW-cond),Hog_office_Miriam,123,True
z12,1902.7077064196192,2733.19612771947,-0.3038524798411725,-886.5196580164486,74.74099999999999,18.70976328340205,0.28865979381443296,6,2.2737367544323206e-13,HOW-profile(HoW-cond),Hog_office_Miriam,123,False
cusum,1933.3727227603372,2733.19612771947,-0.2926330082380481,-870.6211416757308,89.5075,18.70976328340205,0.34192439862542956,4,0.0,HOW-profile(HoW-cond),Hog_office_Miriam,123,False
z6,12547.19231320899,13164.94391405967,-0.04692398272893084,-969.7386171046273,1592.7954999999997,1240.808483746051,0.5355805243445693,22,4.547473508864641e-13,HOW-profile(HoW-cond),Hog_office_Napoleon,123,True
z12,15013.115151780428,13164.94391405967,0.14038580413145405,540.5032214668099,2548.4764999999998,1240.808483746051,0.7134831460674157,10,0.0,HOW-profile(HoW-cond),Hog_office_Napoleon,123,False
cusum,15963.037781830219,13164.94391405967,0.21254126762988249,985.9248515166037,3052.9774999999995,1240.808483746051,0.8389513108614233,3,3.183231456205249e-12,HOW-profile(HoW-cond),Hog_office_Napoleon,123,False
z6,12828.760338806831,6758.17610943246,0.8982577741502755,-1035.5047706256291,7106.089,0.0,0.25,32,0.0,HOW-profile(HoW-cond),Hog_office_Shawna,123,True
z12,15762.07411099747,6758.17610943246,1.3322970363258468,-390.6024984349888,9394.5005,0.0,0.35431654676258995,29,3.637978807091713e-12,HOW-profile(HoW-cond),Hog_office_Shawna,123,False
cusum,25861.94735418796,6758.17610943246,2.826764342244967,5245.798244755501,13857.972999999998,0.0,0.9982014388489209,6,0.0,HOW-profile(HoW-cond),Hog_office_Shawna,123,False
z6,86150.91660571576,125372.16791342666,-0.31283858260147807,-40368.38130771091,1147.13,0.0,0.6320400500625782,30,7.275957614183426e-12,HOW-profile(HoW-cond),Hog_office_Shawnna,123,True
z12,87662.11662199371,125372.16791342666,-0.30078487051027863,-39403.14479143293,1693.0935,0.0,0.8085106382978723,16,1.4551915228366852e-11,HOW-profile(HoW-cond),Hog_office_Shawnna,123,False
cusum,88647.59211506293,125372.16791342666,-0.2929244696775378,-39054.70879836373,2330.1329999999994,0.0,0.8297872340425532,6,0.0,HOW-profile(HoW-cond),Hog_office_Shawnna,123,False
z6,5528.126402149661,4999.540930113644,0.10572680160536288,-239.2278026351214,865.4849999999999,97.67172532886167,0.4613821138211382,21,2.2737367544323206e-13,HOW-profile(HoW-cond),Hog_office_Sherrie,123,True
z12,6309.705252760477,4999.540930113644,0.262056925017924,228.42304797569523,1179.413,97.67172532886167,0.5650406504065041,17,4.547473508864641e-13,HOW-profile(HoW-cond),Hog_office_Sherrie,123,False
cusum,8253.37688248105,4999.540930113644,0.6508269454838613,737.3676776962684,2614.1400000000003,97.67172532886167,0.8434959349593496,3,9.094947017729282e-13,HOW-profile(HoW-cond),Hog_office_Sherrie,123,False
z6,12351.621414205836,7850.146933398892,0.5734255064265318,1089.359980806943,3412.1144999999997,0.0,0.37393162393162394,26,1.8189894035458565e-12,HOW-profile(HoW-cond),Hog_office_Shon,123,True
z12,14314.637268589318,7850.146933398892,0.823486539810725,1663.6938351904246,4800.7964999999995,0.0,0.47649572649572647,23,2.7284841053187847e-12,HOW-profile(HoW-cond),Hog_office_Shon,123,False
cusum,16342.935381067946,7850.146933398892,1.081863628760375,2129.4684476690563,6363.32,0.0,0.8141025641025641,4,1.8189894035458565e-12,HOW-profile(HoW-cond),Hog_office_Shon,123,False
z6,25873.144532798553,35688.41172784455,-0.27502673052238974,-9769.554430007913,224.4135,270.126265038092,0.6266924564796905,16,9.094947017729282e-12,HOW-profile(HoW-cond),Hog_office_Sydney,123,True
z12,27014.11670892438,35688.41172784455,-0.24305634795600542,-8761.887753882085,357.719,270.126265038092,0.7659574468085106,13,9.094947017729282e-12,HOW-profile(HoW-cond),Hog_office_Sydney,123,False
cusum,31108.707645248585,35688.41172784455,-0.1283246819029164,-4645.778067557872,336.2002500000001,270.126265038092,0.9903288201160542,4,1.8189894035458565e-12,HOW-profile(HoW-cond),Hog_office_Sydney,123,False
z6,1881.5498773220133,2589.0456041595153,-0.27326506945294887,-1308.437175617236,714.6039999999999,113.66255122026587,0.2653061224489796,21,1.1368683772161603e-13,HOW-profile(HoW-cond),Hog_office_Valda,123,True
z12,2501.658553410679,2589.0456041595153,-0.03375261162199765,-930.4419995285707,956.7175,113.66255122026587,0.40816326530612246,14,2.2737367544323206e-13,HOW-profile(HoW-cond),Hog_office_Valda,123,False
cusum,3814.177536200661,2589.0456041595153,0.4731982820514518,-711.712516738588,2050.507,113.66255122026587,0.6938775510204082,3,4.547473508864641e-13,HOW-profile(HoW-cond),Hog_office_Valda,123,False
z6,5950.0929123851165,3934.357376597145,0.5123417480522311,1538.933220278143,1859.2999999999997,1382.4976844901717,0.24933333333333332,20,4.547473508864641e-13,HOW-profile(HoW-cond),Lamb_education_Armando,123,True
z12,8549.261610562296,3934.357376597145,1.1729753533362586,3282.0519184553223,2715.35,1382.4976844901717,0.35733333333333334,14,1.8189894035458565e-12,HOW-profile(HoW-cond),Lamb_education_Armando,123,False
cusum,14395.919249045579,3934.357376597145,2.659026842522556,4029.709556938604,7814.35,1382.4976844901717,0.44533333333333336,3,1.8189894035458565e-12,HOW-profile(HoW-cond),Lamb_education_Armando,123,False
z6,656.6141593835162,281.50345907383456,1.3325260781655088,-135.87909969031844,510.98980000000006,0.0,0.3076923076923077,34,5.684341886080802e-14,HOW-profile(HoW-cond),Lamb_education_Eula,123,True
z12,703.1035962076884,281.50345907383456,1.497673025123552,-135.0845628661462,556.6847,0.0,0.3261538461538461,25,0.0,HOW-profile(HoW-cond),Lamb_education_Eula,123,False
cusum,872.5194326942377,281.50345907383456,2.099498086328622,-69.64832637959674,660.6643,0.0,0.9292307692307692,3,1.1368683772161603e-13,HOW-profile(HoW-cond),Lamb_education_Eula,123,False
z6,6269.203917178211,2732.2174995928317,1.2945478967587603,1396.7635130627632,2603.8999999999996,463.6770954773831,0.3619631901840491,10,9.094947017729282e-13,HOW-profile(HoW-cond),Lamb_education_Lazaro,123,True
z12,7595.77273219819,2732.2174995928317,1.7800761591381906,1583.432328082743,3743.7999999999997,463.6770954773831,0.3834355828220859,7,9.094947017729282e-13,HOW-profile(HoW-cond),Lamb_education_Lazaro,123,False
cusum,12657.370930437484,2732.2174995928317,3.632636652215187,2269.980526322035,8118.85,463.6770954773831,0.40797546012269936,1,1.8189894035458565e-12,HOW-profile(HoW-cond),Lamb_education_Lazaro,123,False
z6,1799.7154710038358,689.9874148777225,1.6083308654590112,395.4135561261138,714.3145,0.0,0.4742268041237113,39,4.547473508864641e-13,HOW-profile(HoW-cond),Lamb_education_Lucas,123,True
z12,1935.5390281102991,689.9874148777225,1.8051801907913196,456.7871132325764,788.7645,0.0,0.7044673539518901,26,0.0,HOW-profile(HoW-cond),Lamb_education_Lucas,123,False
cusum,2358.246678652776,689.9874148777225,2.4178111481507205,613.3917637750536,1054.8674999999998,0.0,1.0,4,0.0,HOW-profile(HoW-cond),Lamb_education_Lucas,123,False
z6,11805.509760888872,9386.55849108594,0.2577037443595668,-5250.374137311062,7674.5796,5.25419288600467,0.1790633608815427,37,9.094947017729282e-13,HOW-profile(HoW-cond),Lamb_education_Mae,123,True
z12,14525.045726943381,9386.55849108594,0.5474303751196211,-4462.446371256554,9606.1878,5.25419288600467,0.30303030303030304,31,0.0,HOW-profile(HoW-cond),Lamb_education_Mae,123,False
cusum,26204.864374789795,9386.55849108594,1.7917435766980587,54.36607658986031,16769.193999999996,5.25419288600467,0.8815426997245179,4,3.637978807091713e-12,HOW-profile(HoW-cond),Lamb_education_Mae,123,False
z6,0.0,0.0,,0.0,0.0,0.0,,0,0.0,HOW-profile(HoW-cond),Lamb_education_Willetta,123,True
z12,0.0,0.0,,0.0,0.0,0.0,,0,0.0,HOW-profile(HoW-cond),Lamb_education_Willetta,123,False
cusum,0.0,0.0,,0.0,0.0,0.0,,0,0.0,HOW-profile(HoW-cond),Lamb_education_Willetta,123,False
z6,6151.938514834061,4340.983674226856,0.4171761463557546,148.9975247885218,2396.85,734.8926841813179,0.3579136690647482,18,6.821210263296962e-13,HOW-profile(HoW-cond),Lamb_education_Williams,123,True
z12,8439.459675981532,4340.983674226856,0.9441353180128299,184.96868593599402,4648.4,734.8926841813179,0.3830935251798561,12,9.094947017729282e-13,HOW-profile(HoW-cond),Lamb_education_Williams,123,False
cusum,11795.132726513544,4340.983674226856,1.7171566657905704,975.5917364680067,7213.45,734.8926841813179,0.6924460431654677,2,9.094947017729282e-13,HOW-profile(HoW-cond),Lamb_education_Williams,123,False
z6,4825.592077681256,2334.791275192391,1.0668194750229307,-82.27618292523493,2697.7196000000004,124.64261458590028,0.1901639344262295,14,4.547473508864641e-13,HOW-profile(HoW-cond),Lamb_office_Caitlin,123,True
z12,5038.525722946332,2334.791275192391,1.1580197666839187,-38.192537660158905,2866.5696000000003,124.64261458590028,0.27377049180327867,9,4.547473508864641e-13,HOW-profile(HoW-cond),Lamb_office_Caitlin,123,False
cusum,7712.412046834478,2334.791275192391,2.303255468178397,0.24378622798758443,5502.0196000000005,124.64261458590028,0.5081967213114754,4,9.094947017729282e-13,HOW-profile(HoW-cond),Lamb_office_Caitlin,123,False
z6,12658.176440355863,9813.136828809173,0.28992152674303806,-752.2298808487385,4714.5,1117.230507604571,0.24803591470258138,24,4.547473508864641e-13,HOW-profile(HoW-cond),Lamb_office_Velma,123,True
z12,15489.079689817509,9813.136828809173,0.5784024986123742,561.7233686129057,6231.450000000001,1117.230507604571,0.33557800224466894,19,0.0,HOW-profile(HoW-cond),Lamb_office_Velma,123,False
cusum,25950.858279671433,9813.136828809173,1.6445018277423304,6821.751958466832,10433.2,1117.230507604571,0.8103254769921436,3,0.0,HOW-profile(HoW-cond),Lamb_office_Velma,123,False
z6,15168.042082962213,13741.885133980677,0.10378175447377022,-2355.874084140354,3971.31,189.2789668781123,0.4348355663824604,44,2.0463630789890885e-12,HOW-profile(HoW-cond),Rat_retail_Jeffrey,123,True
z12,22399.14775716359,13741.885133980677,0.6299909029057008,3136.5165900610245,5710.025,189.2789668781123,0.6869671132764921,27,1.8189894035458565e-12,HOW-profile(HoW-cond),Rat_retail_Jeffrey,123,False
cusum,25827.94139612028,13741.885133980677,0.879504969245699,4951.325229017713,7324.01,189.2789668781123,0.8855054811205847,7,1.8189894035458565e-12,HOW-profile(HoW-cond),Rat_retail_Jeffrey,123,False
z6,146815.09708583762,33588.96758583762,3.370932113666406,20180.278799699576,93170.41690000001,124.56619969956976,1.0,2,0.0,HOW-profile(HoW-cond),Robin_education_Zenia,123,True
z12,154692.65698583762,33588.96758583762,3.6054603074808975,20180.278799699576,101047.9768,124.56619969956976,1.0,1,0.0,HOW-profile(HoW-cond),Robin_education_Zenia,123,False
cusum,158081.0331358376,33588.96758583762,3.7063379584935667,20180.278799699576,104436.35295,124.56619969956976,1.0,1,0.0,HOW-profile(HoW-cond),Robin_education_Zenia,123,False
z6,9220.74805460013,6397.499952015792,0.44130490406565137,2032.6862306345702,901.0319999999999,110.4701280502336,0.5483490566037735,19,1.3642420526593924e-12,HOW-profile(HoW-cond),Robin_office_Dina,123,True
z12,9650.220445751129,6397.499952015792,0.5084361888444306,2223.6360717855696,1139.55455,110.4701280502336,0.6096698113207547,11,1.3642420526593924e-12,HOW-profile(HoW-cond),Robin_office_Dina,123,False
cusum,10098.507762777623,6397.499952015792,0.5785084546340135,2449.2351388120624,1362.2428,110.4701280502336,0.7429245283018868,2,2.2737367544323206e-12,HOW-profile(HoW-cond),Robin_office_Dina,123,False
z6,20641.17807818368,28638.901961943724,-0.2792608422762742,-8473.620340404974,511.76625,35.86979335507271,0.3872216844143272,21,1.8189894035458565e-12,HOW-profile(HoW-cond),Robin_office_Sammie,123,True
z12,22044.76058667805,28638.901961943724,-0.2302511941284682,-7071.472031910605,513.20045,35.86979335507271,0.4927395934172314,16,4.547473508864641e-12,HOW-profile(HoW-cond),Robin_office_Sammie,123,False
cusum,28594.48579860211,28638.901961943724,-0.0015509031526640502,-961.3042699865437,952.7579,35.86979335507271,1.0,2,1.2434497875801753e-12,HOW-profile(HoW-cond),Robin_office_Sammie,123,False
z6,33031.860788992315,37713.79795495542,-0.12414387889427407,-5802.837165963108,1120.8999999999999,0.0,0.5244215938303342,12,1.8189894035458565e-12,HOW-profile(HoW-cond),Shrew_office_Doris,123,True
z12,33915.73209889594,37713.79795495542,-0.10070759409051862,-5355.165856059484,1557.1,0.0,0.5501285347043702,9,2.2737367544323206e-12,HOW-profile(HoW-cond),Shrew_office_Doris,123,False
cusum,46051.18213827979,37713.79795495542,0.22106986396019754,5292.484183324377,3044.8999999999996,0.0,1.0,2,5.4569682106375694e-12,HOW-profile(HoW-cond),Shrew_office_Doris,123,False
z6,49558.81559430635,56475.608029300376,-0.122473979056684,-9523.192434994024,2606.3999999999996,0.0,0.5400202634245187,10,5.4569682106375694e-12,HOW-profile(HoW-cond),Shrew_office_Ila,123,True
z12,54982.87741609625,56475.608029300376,-0.026431421728645686,-5623.480613204127,4130.75,0.0,0.5775075987841946,7,0.0,HOW-profile(HoW-cond),Shrew_office_Ila,123,False
cusum,76400.6580293004,56475.608029300376,0.352808065203346,10859.100000000006,9065.95,0.0,1.0,2,1.0913936421275139e-11,HOW-profile(HoW-cond),Shrew_office_Ila,123,False
z6,3907.5874382593465,5626.082519954916,-0.3054514532270566,-1818.94508169557,100.45000000000002,0.0,0.34585492227979275,21,2.2737367544323206e-13,HOW-profile(HoW-cond),Shrew_office_Kenneth,123,True
z12,4411.480009216405,5626.082519954916,-0.2158877880710936,-1391.6025107385112,176.99999999999997,0.0,0.4740932642487047,17,0.0,HOW-profile(HoW-cond),Shrew_office_Kenneth,123,False
cusum,8053.83162616967,5626.082519954916,0.43151679656383857,-1050.0508937852446,3477.8,0.0,0.9715025906735751,3,1.8189894035458565e-12,HOW-profile(HoW-cond),Shrew_office_Kenneth,123,False
z6,13404.541009102695,14394.2638131671,-0.06875813983338688,-4101.8728040644055,3112.15,0.0,0.549618320610687,53,1.3642420526593924e-12,HOW-profile(HoW-cond),Shrew_office_Nora,123,True
z12,15217.651494480557,14394.2638131671,0.057202486490505106,-3175.712318686541,3999.1,0.0,0.7877862595419848,33,1.3642420526593924e-12,HOW-profile(HoW-cond),Shrew_office_Nora,123,False
cusum,16964.90459691621,14394.2638131671,0.17858786090870638,-3194.6092162508867,5765.25,0.0,0.8015267175572519,3,1.8189894035458565e-12,HOW-profile(HoW-cond),Shrew_office_Nora,123,False
z6,8292.994963205763,3431.345055613974,1.4168350395532836,-29.5,5641.15,750.0000924082099,0.08333333333333333,32,9.094947017729282e-13,HOW-profile(HoW-cond),Shrew_office_Sherill,123,True
z12,9448.644963205765,3431.345055613974,1.7536271666258025,-29.500000000000455,6796.800000000001,750.0000924082099,0.09523809523809523,24,9.094947017729282e-13,HOW-profile(HoW-cond),Shrew_office_Sherill,123,False
cusum,13120.194963205762,3431.345055613974,2.823630311308972,128.24999999999955,10310.6,750.0000924082099,0.9761904761904762,4,1.8189894035458565e-12,HOW-profile(HoW-cond),Shrew_office_Sherill,123,False
z6,3917.265212004917,833.1804513129612,3.701580799011696,83.08476069195626,3001.0,0.0,0.1984732824427481,17,0.0,HOW-profile(HoW-cond),Wolf_office_Darleen,123,True
z12,4147.265212004917,833.1804513129612,3.9776314428278776,130.58476069195615,3183.5,0.0,0.3053435114503817,11,0.0,HOW-profile(HoW-cond),Wolf_office_Darleen,123,False
cusum,4618.9036251075995,833.1804513129612,4.543701388851521,187.72317379463743,3598.0,0.0,0.7709923664122137,3,9.094947017729282e-13,HOW-profile(HoW-cond),Wolf_office_Darleen,123,False
z6,20984.5530633417,18955.973709227597,0.10701530742926747,-405.76406041581504,2434.3434145299148,0.0,0.5850574712643678,31,3.183231456205249e-12,HOW-profile(HoW-cond),Wolf_retail_Harriett,123,True
z12,26192.129498711074,18955.973709227597,0.38173485047412686,1581.4848380945841,5654.670951388889,0.0,0.7172413793103448,14,3.637978807091713e-12,HOW-profile(HoW-cond),Wolf_retail_Harriett,123,False
cusum,28625.088869984964,18955.973709227597,0.5100827480073222,2990.17981887703,6678.93534188034,0.0,0.8770114942528736,3,3.637978807091713e-12,HOW-profile(HoW-cond),Wolf_retail_Harriett,123,False
z6,1007.2844312381139,240.8112086307441,3.1828801780679035,345.99822908537465,469.53625,49.06125647800477,0.22422258592471359,20,0.0,HOW-profile(HoW-cond),Wolf_retail_Marcella,123,True
z12,1167.181766964965,240.8112086307441,3.8468747513937447,447.3130648122259,528.11875,49.06125647800477,0.3060556464811784,18,2.2737367544323206e-13,HOW-profile(HoW-cond),Wolf_retail_Marcella,123,False
cusum,2038.9061125169355,240.8112086307441,7.466823966003012,731.5111603641961,1115.645,49.06125647800477,0.6432078559738135,4,2.2737367544323206e-13,HOW-profile(HoW-cond),Wolf_retail_Marcella,123,False
z6,7844.813632483282,1497.2236255203593,4.239573767583864,2714.8052086253892,4046.7625,413.9777016624653,0.19529837251356238,19,1.8189894035458565e-12,HOW-profile(HoW-cond),Wolf_retail_Toshia,123,True
z12,8473.199015222219,1497.2236255203593,4.659274186431144,3025.0105913643265,4364.942499999999,413.9777016624653,0.3037974683544304,18,0.0,HOW-profile(HoW-cond),Wolf_retail_Toshia,123,False
cusum,11296.66421645965,1497.2236255203593,6.545074779683296,4644.544542601756,5568.873750000001,413.9777016624653,0.7775768535262206,6,0.0,HOW-profile(HoW-cond),Wolf_retail_Toshia,123,False
z6,3137.431779477762,2373.369318511601,0.3219315489615093,-1025.7477569903785,1877.7934392895263,87.98322133298653,0.22333333333333333,14,1.1368683772161603e-13,TOWT(HoW-cond),Fox_education_Henrietta,123,True
z12,3755.017226714809,2373.369318511601,0.582146190829531,-886.251233213254,2355.8823627494494,87.98322133298653,0.24666666666666667,12,6.821210263296962e-13,TOWT(HoW-cond),Fox_education_Henrietta,123,False
cusum,9639.621381346828,2373.369318511601,3.0615766396576136,-122.18046766042244,7476.4157518286365,87.98322133298653,0.7466666666666667,3,9.094947017729282e-13,TOWT(HoW-cond),Fox_education_Henrietta,123,False
z6,16716.12665621692,9988.54459407402,0.6735297618968658,-186.76750971362162,7423.096921534326,508.74734967780324,0.4887640449438202,23,1.8189894035458565e-12,TOWT(HoW-cond),Fox_retail_Manie,123,True
z12,19477.802667176387,9988.54459407402,0.9500140870104473,236.8623050199385,9761.14311776023,508.74734967780324,0.7340823970037453,8,3.637978807091713e-12,TOWT(HoW-cond),Fox_retail_Manie,123,False
cusum,19051.64394353768,9988.54459407402,0.9073493404475159,44.21845466588093,9527.628244475585,508.74734967780324,0.7303370786516854,4,0.0,TOWT(HoW-cond),Fox_retail_Manie,123,False
z6,49403.741939494874,54401.37673466893,-0.09186596176690431,-13971.70162453856,8974.066829364512,0.0,0.3882783882783883,12,5.4569682106375694e-12,TOWT(HoW-cond),Hog_education_Bruno,123,True
z12,62291.250285443246,54401.37673466893,0.14503076988759842,-1565.3981559441527,9455.271706718471,0.0,0.5628815628815629,9,0.0,TOWT(HoW-cond),Hog_education_Bruno,123,False
cusum,69670.30465383027,54401.37673466893,0.28067171890947307,5105.4992241835935,10163.42869497776,0.0,0.7032967032967034,3,7.275957614183426e-12,TOWT(HoW-cond),Hog_education_Bruno,123,False
z6,70975.09196267133,194402.84155505014,-0.6349071268972531,-135432.74048876393,13372.979246199024,1367.9883498139122,0.15807560137457044,9,0.0,TOWT(HoW-cond),Hog_education_Caridad,123,True
z12,88342.05488028872,194402.84155505014,-0.5455722037104462,-121639.26520525206,16946.466880304542,1367.9883498139122,0.21305841924398625,8,0.0,TOWT(HoW-cond),Hog_education_Caridad,123,False
cusum,171417.88105918624,194402.84155505014,-0.1182336652695229,-61555.790931081254,39938.8187850313,1367.9883498139122,0.5876288659793815,4,2.546585164964199e-11,TOWT(HoW-cond),Hog_education_Caridad,123,False
z6,12302.933892337509,74708.30184247419,-0.8353203915907659,-27342.711695679856,3278.9712241051097,38341.62747856193,0.06627680311890838,8,0.0,TOWT(HoW-cond),Hog_education_Luvenia,123,True
z12,12761.008426828257,74708.30184247419,-0.8291888838038988,-27342.711695679856,3737.0457585958584,38341.62747856193,0.06627680311890838,8,0.0,TOWT(HoW-cond),Hog_education_Luvenia,123,False
cusum,34755.82752144697,74708.30184247419,-0.5347795805246491,-10294.069882982069,8683.223040516781,38341.62747856193,0.42300194931773877,4,0.0,TOWT(HoW-cond),Hog_education_Luvenia,123,False
z6,12734.40165898504,9417.311027781248,0.3522333096377841,954.4286257964595,2362.6620054073323,0.0,0.5905172413793104,21,4.547473508864641e-13,TOWT(HoW-cond),Hog_office_Almeda,123,True
z12,13782.777882013836,9417.311027781248,0.4635576802501665,1302.598569884729,3062.8682843478587,0.0,0.6724137931034483,16,0.0,TOWT(HoW-cond),Hog_office_Almeda,123,False
cusum,19104.21918969056,9417.311027781248,1.0286278252181273,2962.023919482459,6724.884242426853,0.0,0.9978448275862069,7,0.0,TOWT(HoW-cond),Hog_office_Almeda,123,False
z6,14828.055569761673,13863.27034193821,0.06959290297505491,-49.73102630876565,1692.2299132887845,677.7136591565569,0.45984455958549225,27,3.410605131648481e-13,TOWT(HoW-cond),Hog_office_Cortney,123,True
z12,15673.971930226598,13863.27034193821,0.13061143176374324,310.4670002643561,2177.9482471805886,677.7136591565569,0.5932642487046632,16,0.0,TOWT(HoW-cond),Hog_office_Cortney,123,False
cusum,18080.4264716054,13863.27034193821,0.3041963422519243,388.07564852917676,4506.794140294567,677.7136591565569,0.6139896373056994,2,9.094947017729282e-13,TOWT(HoW-cond),Hog_office_Cortney,123,False
z6,16722.84435057946,22167.1395612787,-0.24560206316421943,-6031.332875152992,587.0376644537521,0.0,0.7165932452276065,17,1.8189894035458565e-12,TOWT(HoW-cond),Hog_office_Denita,123,True
z12,17637.93461913416,22167.1395612787,-0.20432067609012125,-5292.192728240418,762.9877860958813,0.0,0.7738619676945668,12,9.094947017729282e-13,TOWT(HoW-cond),Hog_office_Denita,123,False
cusum,18690.610797749534,22167.1395612787,-0.15683253826767637,-5005.565101184395,1529.0363376552336,0.0,0.9530102790014684,4,3.183231456205249e-12,TOWT(HoW-cond),Hog_office_Denita,123,False
z6,37873.52056207878,74761.55072201448,-0.49340910941101646,-22081.183925650017,680.993806534646,15487.840040820329,0.2904761904761905,15,0.0,TOWT(HoW-cond),Hog_office_Garrett,123,True
z12,53210.72238344145,74761.55072201448,-0.2882608524093538,-7034.655941043631,971.6676432909372,15487.840040820329,0.44285714285714284,10,7.275957614183426e-12,TOWT(HoW-cond),Hog_office_Garrett,123,False
cusum,62604.81442249596,74761.55072201448,-0.16260679697135835,-126.83664035797119,3457.940381659794,15487.840040820329,0.5793650793650794,3,1.0913936421275139e-11,TOWT(HoW-cond),Hog_office_Garrett,123,False
z6,21835.283861842294,43327.82005139158,-0.4960447159367068,-19593.677484419997,8678.723710051685,10577.582415180976,0.042582417582417584,7,3.637978807091713e-12,TOWT(HoW-cond),Hog_office_Lavon,123,True
z12,36445.56469898473,43327.82005139158,-0.15884148669939394,-15619.111378649464,19314.438441423586,10577.582415180976,0.059065934065934064,7,3.637978807091713e-12,TOWT(HoW-cond),Hog_office_Lavon,123,False
cusum,119290.18368828407,43327.82005139158,1.7532006813819099,11846.553326039771,74693.3927260337,10577.582415180976,0.3434065934065934,2,0.0,TOWT(HoW-cond),Hog_office_Lavon,123,False
z6,2665.846088445586,3404.8623827046636,-0.21704733149068942,-1301.2596578661992,562.2433636071215,0.0,0.40978593272171254,13,1.1368683772161603e-13,TOWT(HoW-cond),Hog_office_Merilyn,123,True
z12,3007.944737412953,3404.8623827046636,-0.11657377029623664,-1168.7598525783005,771.8422072865903,0.0,0.48623853211009177,13,2.2737367544323206e-13,TOWT(HoW-cond),Hog_office_Merilyn,123,False
cusum,5617.188533968165,3404.8623827046636,0.6497549394363871,-403.4131992910893,2615.7393505545906,0.0,0.9785932721712538,5,0.0,TOWT(HoW-cond),Hog_office_Merilyn,123,False
z6,2367.6534128146027,2733.19612771947,-0.1337418530626522,-562.6611736529053,197.11845874803873,0.0,0.3951890034364261,18,7.958078640513122e-13,TOWT(HoW-cond),Hog_office_Miriam,123,True
z12,2524.0598305354847,2733.19612771947,-0.07651712040090036,-477.07802235717645,267.9417251731911,0.0,0.5223367697594502,14,0.0,TOWT(HoW-cond),Hog_office_Miriam,123,False
cusum,3037.0034637067088,2733.19612771947,0.1111546050084339,-340.1554962710702,643.9628322583087,0.0,0.6649484536082474,7,2.2737367544323206e-13,TOWT(HoW-cond),Hog_office_Miriam,123,False
z6,12646.976578019492,13164.94391405967,-0.03934443924876943,-903.442479231624,1626.2836269375005,1240.808483746051,0.5355805243445693,22,2.9558577807620168e-12,TOWT(HoW-cond),Hog_office_Napoleon,123,True
z12,15383.698208739508,13164.94391405967,0.16853503586219548,724.8865392880398,2734.6762391378484,1240.808483746051,0.7134831460674157,10,1.3642420526593924e-12,TOWT(HoW-cond),Hog_office_Napoleon,123,False
cusum,16279.964266252948,13164.94391405967,0.23661478336163305,1134.210383577014,3221.618452362318,1240.808483746051,0.8389513108614233,3,2.7284841053187847e-12,TOWT(HoW-cond),Hog_office_Napoleon,123,False
z6,11653.783515758641,6758.17610943246,0.7243977261103522,-2266.492402271321,7162.0998085975025,0.0,0.2158273381294964,33,0.0,TOWT(HoW-cond),Hog_office_Shawna,123,True
z12,14647.657170121864,6758.17610943246,1.167397968466369,-1133.5691854661518,9023.050246155557,0.0,0.3471223021582734,29,1.8189894035458565e-12,TOWT(HoW-cond),Hog_office_Shawna,123,False
cusum,22555.0636437972,6758.17610943246,2.337448340879553,3147.452494507631,12649.435039857108,0.0,0.9982014388489209,4,0.0,TOWT(HoW-cond),Hog_office_Shawna,123,False
z6,64947.298060837566,125372.16791342666,-0.48196398657088174,-60973.02171351243,548.1518609233433,0.0,0.4918648310387985,14,7.275957614183426e-12,TOWT(HoW-cond),Hog_office_Shawnna,123,True
z12,67605.95975970005,125372.16791342666,-0.46075783098539025,-58726.259667966704,960.0515142400975,0.0,0.5769712140175219,11,0.0,TOWT(HoW-cond),Hog_office_Shawnna,123,False
cusum,77375.94668165012,125372.16791342666,-0.3828299536538238,-55423.10164212875,7426.880410352211,0.0,0.7121401752190237,3,0.0,TOWT(HoW-cond),Hog_office_Shawnna,123,False
z6,7471.4239098735925,4999.540930113644,0.49442199080141547,1157.2128830107467,1412.3418220780618,97.67172532886167,0.5447154471544715,25,1.3642420526593924e-12,TOWT(HoW-cond),Hog_office_Sherrie,123,True
z12,8425.056242768589,4999.540930113644,0.6851659703438171,1537.638131470123,1985.5489065136828,97.67172532886167,0.6280487804878049,18,9.094947017729282e-13,TOWT(HoW-cond),Hog_office_Sherrie,123,False
cusum,10466.570086842277,4999.540930113644,1.0935062305019199,1628.2626560318913,3936.438226025603,97.67172532886167,0.6524390243902439,3,9.094947017729282e-13,TOWT(HoW-cond),Hog_office_Sherrie,123,False
z6,9213.811044123573,7850.146933398892,0.17371192186516865,-589.4140815048886,1953.0781922295726,0.0,0.3141025641025641,17,2.5011104298755527e-12,TOWT(HoW-cond),Hog_office_Shon,123,True
z12,10347.067603814441,7850.146933398892,0.31807311272000016,-297.82229431545875,2794.742964731009,0.0,0.41239316239316237,15,9.094947017729282e-13,TOWT(HoW-cond),Hog_office_Shon,123,False
cusum,10980.739309755101,7850.146933398892,0.3987941121250773,233.63336836017515,2896.959007996035,0.0,0.7713675213675214,4,4.547473508864641e-13,TOWT(HoW-cond),Hog_office_Shon,123,False
z6,25640.34000695587,35688.41172784455,-0.28154998315739127,-9978.201373270684,200.25591742009766,270.126265038092,0.5957446808510638,16,0.0,TOWT(HoW-cond),Hog_office_Sydney,123,True
z12,27118.257773008914,35688.41172784455,-0.2401382841071936,-8624.235780687071,324.2080908895232,270.126265038092,0.746615087040619,14,7.275957614183426e-12,TOWT(HoW-cond),Hog_office_Sydney,123,False
cusum,32734.367084071695,35688.41172784455,-0.0827732168721891,-3175.9458338621334,492.02745512736783,270.126265038092,1.0,4,4.547473508864641e-12,TOWT(HoW-cond),Hog_office_Sydney,123,False
z6,2661.1210407018075,2589.0456041595153,0.027838612199992566,-650.7555475268728,836.4935352894307,113.66255122026587,0.3520408163265306,16,1.1368683772161603e-13,TOWT(HoW-cond),Hog_office_Valda,123,True
z12,3163.473647627967,2589.0456041595153,0.22186864632495676,-525.3411610768169,1213.4317557655345,113.66255122026587,0.39540816326530615,12,2.2737367544323206e-13,TOWT(HoW-cond),Hog_office_Valda,123,False
cusum,4986.794480430414,2589.0456041595153,0.9261130327015938,-128.53137708656823,2639.9428045777327,113.66255122026587,0.6938775510204082,2,4.547473508864641e-13,TOWT(HoW-cond),Hog_office_Valda,123,False
z6,2933.040311998565,3934.357376597145,-0.2545058744675164,-68.29756903011776,551.7823024548327,1484.8017980232953,0.058666666666666666,9,2.2737367544323206e-13,TOWT(HoW-cond),Lamb_education_Armando,123,True
z12,4051.0089778063793,3934.357376597145,0.029649467509768296,692.277436758699,909.1759624738305,1484.8017980232953,0.12666666666666668,8,0.0,TOWT(HoW-cond),Lamb_education_Armando,123,False
cusum,15172.856727284116,3934.357376597145,2.856501907411175,4053.3029541659193,8669.998194544347,1484.8017980232953,0.4226666666666667,2,1.8189894035458565e-12,TOWT(HoW-cond),Lamb_education_Armando,123,False
z6,718.1016851648103,281.50345907383456,1.5509515496804673,-131.50521270745406,568.1034387984298,0.0,0.41846153846153844,28,0.0,TOWT(HoW-cond),Lamb_education_Eula,123,True
z12,796.5612541594984,281.50345907383456,1.829667730479188,-131.50521270745406,646.5630077931179,0.0,0.41846153846153844,22,0.0,TOWT(HoW-cond),Lamb_education_Eula,123,False
cusum,931.3780230515521,281.50345907383456,2.308584648003434,-131.3148080869837,781.1893720647013,0.0,0.4246153846153846,4,0.0,TOWT(HoW-cond),Lamb_education_Eula,123,False
z6,7452.828649744903,2732.2174995928317,1.727758185743104,907.7362905526584,3812.874859599413,0.0,0.22392638036809817,10,9.094947017729282e-13,TOWT(HoW-cond),Lamb_education_Lazaro,123,True
z12,9500.35263508285,2732.2174995928317,2.4771582557020584,1161.391545799714,5606.743589690304,0.0,0.24233128834355827,9,9.094947017729282e-13,TOWT(HoW-cond),Lamb_education_Lazaro,123,False
cusum,16124.220570672718,2732.2174995928317,4.901514272958001,2761.8253968343024,10630.177674245584,0.0,0.40797546012269936,1,0.0,TOWT(HoW-cond),Lamb_education_Lazaro,123,False
z6,1590.770327856948,689.9874148777225,1.305506294109523,115.2866622947879,785.4962506844373,0.0,0.1718213058419244,35,2.2737367544323206e-13,TOWT(HoW-cond),Lamb_education_Lucas,123,True
z12,1888.6210387942617,689.9874148777225,1.7371818645836572,242.37044462191045,956.2631792946288,0.0,0.40034364261168387,27,0.0,TOWT(HoW-cond),Lamb_education_Lucas,123,False
cusum,2493.3227692899827,689.9874148777225,2.6135771689862515,469.1742289443506,1334.1611254679094,0.0,1.0,6,0.0,TOWT(HoW-cond),Lamb_education_Lucas,123,False
z6,2927.7297556811063,9386.55849108594,-0.688093377518346,-3152.7749555969403,490.8690179804971,3796.92279778839,0.0743801652892562,8,0.0,TOWT(HoW-cond),Lamb_education_Mae,123,True
z12,4123.903199674192,9386.55849108594,-0.5606586584859076,-2426.368854275089,960.636360651733,3796.92279778839,0.13085399449035812,7,1.8189894035458565e-12,TOWT(HoW-cond),Lamb_education_Mae,123,False
cusum,15683.099617370874,9386.55849108594,0.6708040153656445,1748.8081236260668,8344.655800447254,3796.92279778839,0.6349862258953168,3,4.547473508864641e-12,TOWT(HoW-cond),Lamb_education_Mae,123,False
z6,8.5020577181116e-05,0.0,,0.0,8.5020577181116e-05,0.0,,22,0.0,TOWT(HoW-cond),Lamb_education_Willetta,123,True
z12,8.989556381723025e-05,0.0,,0.0,8.989556381723025e-05,0.0,,13,0.0,TOWT(HoW-cond),Lamb_education_Willetta,123,False
cusum,0.00011793035536856306,0.0,,0.0,0.00011793035536856306,0.0,,1,0.0,TOWT(HoW-cond),Lamb_education_Willetta,123,False
z6,6051.2679870331085,4340.983674226856,0.3939854284549595,-985.2364885375837,3430.4134855251536,734.8926841813179,0.17446043165467626,27,2.2737367544323206e-13,TOWT(HoW-cond),Lamb_education_Williams,123,True
z12,7576.181910988699,4340.983674226856,0.745268464373583,-434.1059655771369,4404.196886520299,734.8926841813179,0.22841726618705036,25,9.094947017729282e-13,TOWT(HoW-cond),Lamb_education_Williams,123,False
cusum,11398.225338598711,4340.983674226856,1.6257240740783883,298.9882833592087,7493.146065193964,734.8926841813179,0.43345323741007197,5,9.094947017729282e-13,TOWT(HoW-cond),Lamb_education_Williams,123,False
z6,3915.8985430902358,2334.791275192391,0.6771942677263769,747.3070813966692,2462.3918501113503,1628.591663610175,0.06885245901639345,10,2.2737367544323206e-13,TOWT(HoW-cond),Lamb_office_Caitlin,123,True
z12,4201.390451448467,2334.791275192391,0.7994715399569345,778.6890045004357,2716.501835365815,1628.591663610175,0.10163934426229508,5,2.2737367544323206e-13,TOWT(HoW-cond),Lamb_office_Caitlin,123,False
cusum,5778.873899784383,2334.791275192391,1.4751137119561977,778.6890045004357,4293.9852837017315,1628.591663610175,0.10163934426229508,3,4.547473508864641e-13,TOWT(HoW-cond),Lamb_office_Caitlin,123,False
z6,10145.324270788029,9813.136828809173,0.033851300330759525,-3173.4970990853035,4622.91504866873,1117.230507604571,0.1638608305274972,16,4.547473508864641e-13,TOWT(HoW-cond),Lamb_office_Velma,123,True
z12,12463.599621650179,9813.136828809173,0.2700933288792877,-2493.243849235969,6260.9371496815465,1117.230507604571,0.20987654320987653,15,4.547473508864641e-13,TOWT(HoW-cond),Lamb_office_Velma,123,False
cusum,25884.998103375354,9813.136828809173,1.6377903982122002,4493.2380649265215,12695.853717244227,1117.230507604571,0.6251402918069585,3,3.637978807091713e-12,TOWT(HoW-cond),Lamb_office_Velma,123,False
z6,16441.638026863766,13741.885133980677,0.19646161109345836,2176.2375752559383,2779.3165542105144,2255.801236583361,0.3690621193666261,13,2.7284841053187847e-12,TOWT(HoW-cond),Rat_retail_Jeffrey,123,True
z12,17488.88352353539,13741.885133980677,0.27266989594384006,2300.958682343653,3701.840943794422,2255.801236583361,0.3982947624847747,10,0.0,TOWT(HoW-cond),Rat_retail_Jeffrey,123,False
cusum,22220.657282618355,13741.885133980677,0.6170021118624787,6355.124655371181,4379.448729849859,2255.801236583361,0.7454323995127893,5,1.8189894035458565e-12,TOWT(HoW-cond),Rat_retail_Jeffrey,123,False
z6,172152.5991603238,33588.96758583762,4.125272121579284,22792.2553618124,115771.37621267377,0.0,1.0,1,0.0,TOWT(HoW-cond),Robin_education_Zenia,123,True
z12,177382.65726697966,33588.96758583762,4.280979738769075,22792.2553618124,121001.43431932964,0.0,1.0,1,0.0,TOWT(HoW-cond),Robin_education_Zenia,123,False
cusum,177382.65726697966,33588.96758583762,4.280979738769075,22792.2553618124,121001.43431932964,0.0,1.0,1,0.0,TOWT(HoW-cond),Robin_education_Zenia,123,False
z6,8677.351804043668,6397.499952015792,0.35636606004342636,1473.9162370948334,916.4057429832752,110.4701280502336,0.5200471698113207,18,1.8189894035458565e-12,TOWT(HoW-cond),Robin_office_Dina,123,True
z12,9001.844407193268,6397.499952015792,0.40708784286225314,1631.5181421101288,1083.2964411175794,110.4701280502336,0.5837264150943396,12,1.8189894035458565e-12,TOWT(HoW-cond),Robin_office_Dina,123,False
cusum,9551.082563927092,6397.499952015792,0.49293984143253267,1951.505815597442,1312.5469243640923,110.4701280502336,0.7429245283018868,2,9.094947017729282e-13,TOWT(HoW-cond),Robin_office_Dina,123,False
z6,19683.948148480093,28638.901961943724,-0.3126849564750512,-8920.675527651205,1.5915075426458716,35.86979335507271,0.38915779283639884,12,0.0,TOWT(HoW-cond),Robin_office_Sammie,123,True
z12,20631.992525927926,28638.901961943724,-0.27958157916304305,-7995.013394456455,23.973751795733023,35.86979335507271,0.4675701839303001,8,2.7284841053187847e-12,TOWT(HoW-cond),Robin_office_Sammie,123,False
cusum,25530.883773280933,28638.901961943724,-0.10852434890111441,-3371.891199027308,299.74280371959105,35.86979335507271,0.9457889641819942,2,9.094947017729282e-13,TOWT(HoW-cond),Robin_office_Sammie,123,False
z6,30365.21987300607,37713.79795495542,-0.19485118127658055,-8521.179153614932,1172.6010716655783,0.0,0.4948586118251928,13,1.8189894035458565e-12,TOWT(HoW-cond),Shrew_office_Doris,123,True
z12,31308.07557432411,37713.79795495542,-0.16985089617020738,-7990.33251441265,1584.6101337813388,0.0,0.5475578406169666,10,9.094947017729282e-13,TOWT(HoW-cond),Shrew_office_Doris,123,False
cusum,46745.97972393617,37713.79795495542,0.23949276547985437,5174.62727659259,3857.5544923881735,0.0,1.0,2,1.2732925824820995e-11,TOWT(HoW-cond),Shrew_office_Doris,123,False
z6,48244.1957858472,56475.608029300376,-0.14575163562971463,-9283.183098946065,1051.770855492889,0.0,0.6514690982776089,14,1.8189894035458565e-12,TOWT(HoW-cond),Shrew_office_Ila,123,True
z12,52465.938444147294,56475.608029300376,-0.07099825438041865,-6128.693081455625,2119.0234963025423,0.0,0.6889564336372846,11,9.094947017729282e-13,TOWT(HoW-cond),Shrew_office_Ila,123,False
cusum,63494.756854927415,56475.608029300376,0.1242863790326153,1796.1413275557934,5223.007498071244,0.0,1.0,2,9.094947017729282e-13,TOWT(HoW-cond),Shrew_office_Ila,123,False
z6,3273.3978844584244,5626.082519954916,-0.4181745694542967,-337.26204901842993,28.956310553893708,2044.3788970319556,0.22538860103626943,8,0.0,TOWT(HoW-cond),Shrew_office_Kenneth,123,True
z12,3335.2895616582505,5626.082519954916,-0.4071737217098306,-319.20909016068026,72.79502889597033,2044.3788970319556,0.28886010362694303,7,4.547473508864641e-13,TOWT(HoW-cond),Shrew_office_Kenneth,123,False
cusum,3819.937306981429,5626.082519954916,-0.32103070059270306,-205.946138073587,444.1798221320558,2044.3788970319556,0.40932642487046633,2,2.2737367544323206e-13,TOWT(HoW-cond),Shrew_office_Kenneth,123,False
z6,15149.448037535352,14394.2638131671,0.052464247853888236,-3266.2231965467945,4021.4074209150476,0.0,0.516030534351145,44,0.0,TOWT(HoW-cond),Shrew_office_Nora,123,True
z12,17788.95560030973,14394.2638131671,0.23583642978929917,-1754.620052419079,5149.31183956171,0.0,0.7618320610687023,24,9.094947017729282e-13,TOWT(HoW-cond),Shrew_office_Nora,123,False
cusum,22684.53379398044,14394.2638131671,0.5759426177273372,-1560.3410090105845,9850.610989823925,0.0,0.8,4,1.8189894035458565e-12,TOWT(HoW-cond),Shrew_office_Nora,123,False
z6,8562.412650433695,3431.345055613974,1.4953516803636098,17.42914578163345,5863.638541446295,750.0000924082099,0.08333333333333333,26,1.8189894035458565e-12,TOWT(HoW-cond),Shrew_office_Sherill,123,True
z12,11365.804074641861,3431.345055613974,2.3123465843362014,17.42914578163345,8667.029965654463,750.0000924082099,0.09523809523809523,22,9.094947017729282e-13,TOWT(HoW-cond),Shrew_office_Sherill,123,False
cusum,20596.869199791687,3431.345055613974,5.002564261525795,395.21090949643076,17520.31332708949,750.0000924082099,0.9761904761904762,3,3.637978807091713e-12,TOWT(HoW-cond),Shrew_office_Sherill,123,False
z6,3613.8399331477835,833.1804513129612,3.3374036530177116,25.3597167428959,2763.21500439997,7.9152393080438666,0.06870229007633588,14,0.0,TOWT(HoW-cond),Wolf_office_Darleen,123,True
z12,3846.8808481083465,833.1804513129612,3.61710406436717,25.3597167428959,2996.255919360533,7.9152393080438666,0.06870229007633588,10,0.0,TOWT(HoW-cond),Wolf_office_Darleen,123,False
cusum,4730.981118576743,833.1804513129612,4.678219059414395,25.359716742896012,3880.3561898289295,7.9152393080438666,0.07633587786259542,2,4.547473508864641e-13,TOWT(HoW-cond),Wolf_office_Darleen,123,False
z6,18767.105091973062,18955.973709227597,-0.009963540789392178,-1765.61378787586,1576.7451706213283,0.0,0.5287356321839081,23,3.183231456205249e-12,TOWT(HoW-cond),Wolf_retail_Harriett,123,True
z12,21800.57875049728,18955.973709227597,0.15006377856944136,-455.24832857997535,3299.853369849664,0.0,0.632183908045977,14,6.366462912410498e-12,TOWT(HoW-cond),Wolf_retail_Harriett,123,False
cusum,26898.009231838718,18955.973709227597,0.41897270192693975,2248.151800172629,5693.883722438486,0.0,0.8781609195402299,3,5.4569682106375694e-12,TOWT(HoW-cond),Wolf_retail_Harriett,123,False
z6,1051.4614208664261,240.8112086307441,3.3663308981548266,372.07363640991105,487.63783230377584,49.06125647800477,0.24877250409165302,23,0.0,TOWT(HoW-cond),Wolf_retail_Marcella,123,True
z12,1290.4792933591298,240.8112086307441,4.358883835585615,524.0662634412192,574.6630777651714,49.06125647800477,0.4075286415711948,16,2.2737367544323206e-13,TOWT(HoW-cond),Wolf_retail_Marcella,123,False
cusum,1713.20300526229,240.8112086307441,6.114299267893659,600.708233936938,920.7448191726128,49.06125647800477,0.6432078559738135,4,2.2737367544323206e-13,TOWT(HoW-cond),Wolf_retail_Marcella,123,False
z6,7516.051590289266,1497.2236255203593,4.019992646507342,1651.9084752482847,4655.664498259119,288.7450087384966,0.24954792043399637,24,0.0,TOWT(HoW-cond),Wolf_retail_Toshia,123,True
z12,9472.45307473082,1497.2236255203593,5.326678869656946,2497.5595030763116,5766.414954872644,288.7450087384966,0.3743218806509946,19,1.8189894035458565e-12,TOWT(HoW-cond),Wolf_retail_Toshia,123,False
cusum,20125.73386061475,1497.2236255203593,12.442035990862795,6222.723121131096,12694.53212270179,288.7450087384966,0.8734177215189873,3,0.0,TOWT(HoW-cond),Wolf_retail_Toshia,123,False
z6,921.5327349036645,1107.4806002254224,-0.16790169081418593,-63.495689601416416,191.3320918368807,313.7842675572221,0.08718861209964412,10,1.1368683772161603e-13,PatchTST-SSL(HoW-cond),Fox_education_Henrietta,124,False
z12,1246.7173922885002,1107.4806002254224,0.125723910680455,216.58922442639346,236.4318351939064,313.7842675572221,0.14590747330960854,9,5.684341886080802e-14,PatchTST-SSL(HoW-cond),Fox_education_Henrietta,124,True
cusum,1519.801654451465,1107.4806002254224,0.37230544186698766,229.65495527147414,496.4503665117909,313.7842675572221,0.19217081850533807,3,2.8421709430404007e-13,PatchTST-SSL(HoW-cond),Fox_education_Henrietta,124,False
z6,7241.491780981966,3626.3112078834088,0.9969305903032664,-406.93971697562074,4022.120290074178,0.0,0.49678800856531047,30,4.547473508864641e-13,PatchTST-SSL(HoW-cond),Fox_retail_Manie,124,False
z12,10037.788896052214,3626.3112078834088,1.7680439765430478,712.1975116199906,5699.280176548814,0.0,0.8629550321199143,12,0.0,PatchTST-SSL(HoW-cond),Fox_retail_Manie,124,True
cusum,10728.622924503343,3626.3112078834088,1.9585499725395559,367.11691610211847,6735.1948005178165,0.0,0.7473233404710921,5,1.8189894035458565e-12,PatchTST-SSL(HoW-cond),Fox_retail_Manie,124,False
z6,53305.97603646184,70905.57536670782,-0.24821178361821028,-7464.052593374909,101.7804075573791,10237.327144428455,0.416969696969697,4,0.0,PatchTST-SSL(HoW-cond),Hog_education_Bruno,124,False
z12,54238.99523701263,70905.57536670782,-0.23505316815355298,-7464.052593374909,1034.7996081081583,10237.327144428455,0.416969696969697,4,7.275957614183426e-12,PatchTST-SSL(HoW-cond),Hog_education_Bruno,124,True
cusum,64889.05241662786,70905.57536670782,-0.08485260741435136,-3886.488298905613,8107.292493254105,10237.327144428455,0.5575757575757576,3,1.8189894035458565e-12,PatchTST-SSL(HoW-cond),Hog_education_Bruno,124,False
z6,25071.919039312575,56272.62225551479,-0.5544561807432833,-41450.185213022305,15507.173881710145,5257.691884890048,0.06368330464716007,8,7.275957614183426e-12,PatchTST-SSL(HoW-cond),Hog_education_Caridad,124,False
z12,32028.563983857868,56272.62225551479,-0.4308322111163208,-41450.185213022305,22463.818826255436,5257.691884890048,0.09982788296041308,7,3.637978807091713e-12,PatchTST-SSL(HoW-cond),Hog_education_Caridad,124,True
cusum,58699.58035080992,56272.62225551479,0.04312857652652368,-33149.36467564819,40834.014655833365,5257.691884890048,0.2719449225473322,4,1.8189894035458565e-12,PatchTST-SSL(HoW-cond),Hog_education_Caridad,124,False
z6,60299.13231808445,59142.887731973824,0.01955001912234217,-1801.0596969392573,3991.115948956585,1033.8116659066873,0.41396933560477,14,1.5916157281026244e-11,PatchTST-SSL(HoW-cond),Hog_education_Luvenia,124,False
z12,64984.50012868545,59142.887731973824,0.09877117301381848,933.8990603162456,5941.525002302073,1033.8116659066873,0.5076660988074957,9,1.8189894035458565e-12,PatchTST-SSL(HoW-cond),Hog_education_Luvenia,124,True
cusum,77602.71440147236,59142.887731973824,0.3121225117237349,2419.393051235791,17074.245284169432,1033.8116659066873,0.5877342419080068,4,0.0,PatchTST-SSL(HoW-cond),Hog_education_Luvenia,124,False
z6,20407.540611120607,26347.14394521596,-0.22543632609461076,-2418.5556796806886,755.2127686907006,4276.260423105365,0.36790393013100436,11,1.8189894035458565e-12,PatchTST-SSL(HoW-cond),Hog_office_Almeda,124,False
z12,22252.398896802755,26347.14394521596,-0.15541513937630108,-2396.4967625212084,2578.012137213367,4276.260423105365,0.3875545851528384,8,0.0,PatchTST-SSL(HoW-cond),Hog_office_Almeda,124,True
cusum,34642.78666530684,26347.14394521596,0.314859278005242,2980.897542500439,9591.005600695808,4276.260423105365,0.7041484716157205,2,1.8189894035458565e-12,PatchTST-SSL(HoW-cond),Hog_office_Almeda,124,False
z6,7262.975421553101,5763.154084636514,0.26024314375262475,900.0426826697358,2242.9031998883324,1643.1245456414822,0.24216524216524216,16,9.094947017729282e-13,PatchTST-SSL(HoW-cond),Hog_office_Cortney,124,False
z12,9894.169576484484,5763.154084636514,0.7167976825156351,1295.5619748722129,4478.57806261724,1643.1245456414822,0.28347578347578345,12,9.094947017729282e-13,PatchTST-SSL(HoW-cond),Hog_office_Cortney,124,True
cusum,21197.91160321189,5763.154084636514,2.6781788742594164,8353.453811583653,8724.428252633206,1643.1245456414822,0.9743589743589743,3,1.8189894035458565e-12,PatchTST-SSL(HoW-cond),Hog_office_Cortney,124,False
z6,4422.088951142627,1957.7320670309248,1.2587814878310284,15.630573813226647,2448.726310298476,0.0,0.75,18,9.094947017729282e-13,PatchTST-SSL(HoW-cond),Hog_office_Denita,124,False
z12,5191.746204636172,1957.7320670309248,1.6519186624500246,15.630573813226647,3218.38356379202,0.0,0.8125,17,0.0,PatchTST-SSL(HoW-cond),Hog_office_Denita,124,True
cusum,11154.817270485484,1957.7320670309248,4.697826305416123,15.630573813226647,9181.454629641335,0.0,0.9375,4,3.637978807091713e-12,PatchTST-SSL(HoW-cond),Hog_office_Denita,124,False
z6,13813.274773597674,4905.220974570065,1.8160351684886913,2596.7970851304694,7461.476032674202,1150.2193187770629,0.2072892938496583,32,1.8189894035458565e-12,PatchTST-SSL(HoW-cond),Hog_office_Garrett,124,False
z12,15773.059934809471,4905.220974570065,2.2155656221363107,3965.1708417018895,8052.887437314579,1150.2193187770629,0.357630979498861,30,0.0,PatchTST-SSL(HoW-cond),Hog_office_Garrett,124,True
cusum,20874.673267115453,4905.220974570065,3.2556030350793908,5503.829411224819,11615.842200097633,1150.2193187770629,1.0,4,1.8189894035458565e-12,PatchTST-SSL(HoW-cond),Hog_office_Garrett,124,False
z6,79215.69993283771,77630.38289868446,0.02042134760847764,3798.285635875036,19789.36983871548,22002.338440437285,0.16731016731016732,10,2.1827872842550278e-11,PatchTST-SSL(HoW-cond),Hog_office_Lavon,124,False
z12,90472.65768993787,77630.38289868446,0.16542846127673858,9825.474674600482,25019.1385570902,22002.338440437285,0.23294723294723294,9,1.4551915228366852e-11,PatchTST-SSL(HoW-cond),Hog_office_Lavon,124,True
cusum,178202.98580343416,77630.38289868446,1.295531454946025,24871.706137825815,97703.23520736115,22002.338440437285,0.4247104247104247,2,1.4551915228366852e-11,PatchTST-SSL(HoW-cond),Hog_office_Lavon,124,False
z6,357.13628306671893,2475.5146315287707,-0.8557325097100448,-2025.6117316891246,90.81201634383325,183.57863311676067,0.01824817518248175,5,4.547473508864641e-13,PatchTST-SSL(HoW-cond),Hog_office_Merilyn,124,False
z12,449.8865755808592,2475.5146315287707,-0.8182654346490253,-1958.842572236121,116.79314940497005,183.57863311676067,0.058394160583941604,5,0.0,PatchTST-SSL(HoW-cond),Hog_office_Merilyn,124,True
cusum,2374.826102569833,2475.5146315287707,-0.040673776545912324,-531.9127481336247,614.8028522914478,183.57863311676067,0.354014598540146,4,1.1368683772161603e-13,PatchTST-SSL(HoW-cond),Hog_office_Merilyn,124,False
z6,1110.9600614580668,3018.017875718827,-0.6318908279516204,-2049.6997067986713,142.6418925379108,0.0,0.17115689381933438,13,4.547473508864641e-13,PatchTST-SSL(HoW-cond),Hog_office_Miriam,124,False
z12,1343.8292361516485,3018.017875718827,-0.55473118732553,-1995.8192329114484,321.63059334427,0.0,0.25356576862123614,12,0.0,PatchTST-SSL(HoW-cond),Hog_office_Miriam,124,True
cusum,2275.707850655976,3018.017875718827,-0.2459594527371872,-1897.0572968283295,1154.7472717654784,0.0,0.49920760697305866,5,2.2737367544323206e-13,PatchTST-SSL(HoW-cond),Hog_office_Miriam,124,False
z6,8957.263643920165,7939.414743740277,0.12820200644920296,-202.87872131091262,1806.663558754612,585.9359372638103,0.35454545454545455,17,1.1368683772161603e-12,PatchTST-SSL(HoW-cond),Hog_office_Napoleon,124,False
z12,10403.639470010072,7939.414743740277,0.3103786369407996,618.2847310456045,2431.875932488003,585.9359372638103,0.5136363636363637,11,2.7284841053187847e-12,PatchTST-SSL(HoW-cond),Hog_office_Napoleon,124,True
cusum,14168.527647674897,7939.414743740277,0.7845808671030668,687.8554362778223,6127.193404920609,585.9359372638103,0.5681818181818182,3,1.8189894035458565e-12,PatchTST-SSL(HoW-cond),Hog_office_Napoleon,124,False
z6,28092.88839536655,21745.98594262971,0.2918654720683277,-450.8220930189891,7579.395176855496,781.6706310996688,0.607421875,18,0.0,PatchTST-SSL(HoW-cond),Hog_office_Shawna,124,False
z12,30643.680837635293,21745.98594262971,0.40916493363324574,1118.7564401308155,8560.60908597444,781.6706310996688,0.703125,15,5.4569682106375694e-12,PatchTST-SSL(HoW-cond),Hog_office_Shawna,124,True
cusum,35413.09806771752,21745.98594262971,0.628488961647653,2412.4035972751517,12036.379158912321,781.6706310996688,0.8515625,4,1.8189894035458565e-12,PatchTST-SSL(HoW-cond),Hog_office_Shawna,124,False
z6,94365.22530656206,146378.57176457968,-0.3553344306547175,-53301.51361838714,1288.167160369514,0.0,0.4642857142857143,15,0.0,PatchTST-SSL(HoW-cond),Hog_office_Shawnna,124,False
z12,98550.37683920015,146378.57176457968,-0.3267431451804401,-49460.12312428918,1631.9281989096457,0.0,0.554147465437788,9,0.0,PatchTST-SSL(HoW-cond),Hog_office_Shawnna,124,True
cusum,112065.11796739147,146378.57176457968,-0.23441582592002919,-43242.12296193499,8928.669164746776,0.0,0.8629032258064516,3,7.275957614183426e-12,PatchTST-SSL(HoW-cond),Hog_office_Shawnna,124,False
z6,4830.057177172301,4885.453478772886,-0.011339029599049581,-1397.9438097504562,1342.54750814987,0.0,0.27377049180327867,22,6.821210263296962e-13,PatchTST-SSL(HoW-cond),Hog_office_Sherrie,124,False
z12,5627.311023024109,4885.453478772886,0.15185029342200604,-1294.3472550526435,2036.2047993038668,0.0,0.3442622950819672,20,4.547473508864641e-13,PatchTST-SSL(HoW-cond),Hog_office_Sherrie,124,True
cusum,9709.515297037786,4885.453478772886,0.9874337846476829,581.0808499818704,4242.980968283029,0.0,0.759016393442623,4,0.0,PatchTST-SSL(HoW-cond),Hog_office_Sherrie,124,False
z6,25380.721352497116,26788.902373174722,-0.05256583495140508,-1916.8053003601854,1215.8459920686507,707.2217123860731,0.5529573590096286,11,1.3642420526593924e-12,PatchTST-SSL(HoW-cond),Hog_office_Shon,124,False
z12,25826.984574331742,26788.902373174722,-0.03590732406439332,-1629.2248911066563,1374.5288046497474,707.2217123860731,0.5928473177441541,9,1.9326762412674725e-12,PatchTST-SSL(HoW-cond),Hog_office_Shon,124,True
cusum,28805.49824320808,26788.902373174722,0.07527728616655424,581.1408854188558,2142.6766970005788,707.2217123860731,0.8486932599724897,2,3.637978807091713e-12,PatchTST-SSL(HoW-cond),Hog_office_Shon,124,False
z6,4620.4295846031855,5659.770485979846,-0.18363658101530328,-3370.7655596083528,2426.3494177074153,94.92475947572255,0.23251028806584362,26,4.547473508864641e-13,PatchTST-SSL(HoW-cond),Hog_office_Sydney,124,False
z12,5142.290568399172,5659.770485979846,-0.09143125482960027,-3068.452037251246,2645.896879146295,94.92475947572255,0.411522633744856,24,0.0,PatchTST-SSL(HoW-cond),Hog_office_Sydney,124,True
cusum,7342.997813409467,5659.770485979846,0.297402046884983,-2722.1693731066985,4500.321460012043,94.92475947572255,0.6646090534979424,6,4.547473508864641e-13,PatchTST-SSL(HoW-cond),Hog_office_Sydney,124,False
z6,3296.6703227631483,3235.1808664736077,0.019006497264730977,-627.8353784365777,900.106931320326,210.78209659420787,0.20989304812834225,24,1.7053025658242404e-13,PatchTST-SSL(HoW-cond),Hog_office_Valda,124,False
z12,4165.875582185362,3235.1808664736077,0.2876793459545353,-105.59956788444924,1247.0763801904113,210.78209659420787,0.356951871657754,19,0.0,PatchTST-SSL(HoW-cond),Hog_office_Valda,124,True
cusum,7658.542911684859,3235.1808664736077,1.3672688569133318,1032.0305264333292,3602.11361537213,210.78209659420787,0.8074866310160428,1,9.094947017729282e-13,PatchTST-SSL(HoW-cond),Hog_office_Valda,124,False
z6,5247.84327138498,5435.352705326311,-0.0344981170693087,-959.5594557682734,1007.4189805767527,235.3689587498103,0.4222222222222222,13,2.2737367544323206e-13,PatchTST-SSL(HoW-cond),Lamb_education_Armando,124,False
z12,7152.339073163026,5435.352705326311,0.3158923552751553,-165.73227459660393,2118.0876011831297,235.3689587498103,0.5925925925925926,11,0.0,PatchTST-SSL(HoW-cond),Lamb_education_Armando,124,True
cusum,19648.531138489183,5435.352705326311,2.6149505291965385,1817.2548122641701,12631.292579648516,235.3689587498103,0.9,3,1.8189894035458565e-12,PatchTST-SSL(HoW-cond),Lamb_education_Armando,124,False
z6,475.7535674767622,495.683569918793,-0.0402071072182116,-101.53683930034998,106.43601877365363,24.829181915334505,0.3086294416243655,16,6.039613253960852e-14,PatchTST-SSL(HoW-cond),Lamb_education_Eula,124,False
z12,588.1020515630239,495.683569918793,0.18644653011067455,-2.4419673798862505,119.68963093945172,24.829181915334505,0.45989847715736043,11,7.105427357601002e-14,PatchTST-SSL(HoW-cond),Lamb_education_Eula,124,True
cusum,998.4916137002357,495.683569918793,1.0143730280667096,180.04423201448134,347.5929936822958,24.829181915334505,0.7604060913705584,1,5.684341886080802e-14,PatchTST-SSL(HoW-cond),Lamb_education_Eula,124,False
z6,4424.272842539968,3911.7728013481587,0.1310147769868385,-1730.8202515352898,2418.8027399059,175.4824471788012,0.14575645756457564,19,3.410605131648481e-13,PatchTST-SSL(HoW-cond),Lamb_education_Lazaro,124,False
z12,6167.186311659102,3911.7728013481587,0.5765706815931729,-1097.6123896906056,3528.508347180349,175.4824471788012,0.2822878228782288,17,9.094947017729282e-13,PatchTST-SSL(HoW-cond),Lamb_education_Lazaro,124,True
cusum,16536.056284650484,3911.7728013481587,3.2272537604820695,4779.733556568588,8020.03237391254,175.4824471788012,0.7896678966789668,5,1.8189894035458565e-12,PatchTST-SSL(HoW-cond),Lamb_education_Lazaro,124,False
z6,2164.555262671921,828.5473526716132,1.6124701933962025,346.37262853288917,989.6352814674183,0.0,0.19464720194647203,38,2.2737367544323206e-13,PatchTST-SSL(HoW-cond),Lamb_education_Lucas,124,False
z12,2409.4605450605013,828.5473526716132,1.9080541230278576,429.1916914979097,1151.721500890978,0.0,0.32968369829683697,37,4.547473508864641e-13,PatchTST-SSL(HoW-cond),Lamb_education_Lucas,124,True
cusum,3355.707957189631,828.5473526716132,3.0501100466609463,769.2432009132449,1757.917403604773,0.0,0.791970802919708,4,0.0,PatchTST-SSL(HoW-cond),Lamb_education_Lucas,124,False
z6,16223.757695464965,12530.660011929125,0.29472491313466564,-983.7868642786398,4676.884547814479,0.0,0.48138297872340424,28,0.0,PatchTST-SSL(HoW-cond),Lamb_education_Mae,124,False
z12,20299.369925651008,12530.660011929125,0.6199761150909936,992.8313275058499,6775.878586216032,0.0,0.601063829787234,23,9.094947017729282e-13,PatchTST-SSL(HoW-cond),Lamb_education_Mae,124,True
cusum,34671.95148643026,12530.660011929125,1.7669692939895216,1865.7514416885024,20275.540032812638,0.0,1.0,2,3.637978807091713e-12,PatchTST-SSL(HoW-cond),Lamb_education_Mae,124,False
z6,0.00014546340605490782,0.0,,0.0,0.00014546340605490782,0.0,,11,0.0,PatchTST-SSL(HoW-cond),Lamb_education_Willetta,124,False
z12,0.00020669871297509105,0.0,,0.0,0.00020669871297509105,0.0,,10,0.0,PatchTST-SSL(HoW-cond),Lamb_education_Willetta,124,True
cusum,0.0007017242122455842,0.0,,0.0,0.0007017242122455842,0.0,,2,0.0,PatchTST-SSL(HoW-cond),Lamb_education_Willetta,124,False
z6,4858.299443076673,3389.4907512393693,0.4333419972602766,-1028.2934914204443,2664.5986561444756,167.49647288672838,0.20570264765784113,23,9.094947017729282e-13,PatchTST-SSL(HoW-cond),Lamb_education_Williams,124,False
z12,7091.246257280722,3389.4907512393693,1.0921273364406743,-349.72203083171735,4218.974009759797,167.49647288672838,0.28105906313645623,19,1.3642420526593924e-12,PatchTST-SSL(HoW-cond),Lamb_education_Williams,124,True
cusum,15991.92450148775,3389.4907512393693,3.7180906145385686,1720.298042847091,11049.63218028802,167.49647288672838,0.8513238289205702,4,0.0,PatchTST-SSL(HoW-cond),Lamb_education_Williams,124,False
z6,3510.149856431457,2476.678899597335,0.41728096322948693,-1079.1598571004881,2112.6308139346097,0.0,0.1827814569536424,23,2.2737367544323206e-13,PatchTST-SSL(HoW-cond),Lamb_office_Caitlin,124,False
z12,3864.294414276256,2476.678899597335,0.5602726760035476,-1038.6520974731466,2426.267612152067,0.0,0.343046357615894,18,0.0,PatchTST-SSL(HoW-cond),Lamb_office_Caitlin,124,True
cusum,4912.8619549838895,2476.678899597335,0.9836491342428908,-635.7174593860764,3071.9005147726302,0.0,0.5364238410596026,5,4.547473508864641e-13,PatchTST-SSL(HoW-cond),Lamb_office_Caitlin,124,False
z6,9337.276173716702,2192.5150835093805,3.258705558719023,40.96921709832577,7439.036795839287,335.24492273029006,0.07264957264957266,21,9.094947017729282e-13,PatchTST-SSL(HoW-cond),Lamb_office_Velma,124,False
z12,11094.211395318154,2192.5150835093805,4.0600388014483135,104.44926404259263,9132.491970496472,335.24492273029006,0.10683760683760683,18,1.8189894035458565e-12,PatchTST-SSL(HoW-cond),Lamb_office_Velma,124,True
cusum,24399.10916721744,2192.5150835093805,10.128365478865382,852.4583304500361,21689.380675988315,335.24492273029006,0.6709401709401709,3,3.637978807091713e-12,PatchTST-SSL(HoW-cond),Lamb_office_Velma,124,False
z6,6368.275215823036,9401.103471177124,-0.32260343316637746,-5015.44984419491,2199.4810763255573,216.859487484736,0.32273449920508746,45,0.0,PatchTST-SSL(HoW-cond),Rat_retail_Jeffrey,124,False
z12,8057.167269171025,9401.103471177124,-0.14295515479927207,-4278.15528359503,3151.0785690736657,216.859487484736,0.5325914149443561,39,2.2737367544323206e-13,PatchTST-SSL(HoW-cond),Rat_retail_Jeffrey,124,True
cusum,9788.770899016254,9401.103471177124,0.04123637496679833,-4775.968549330461,5380.495464654328,216.859487484736,0.6788553259141494,8,1.6484591469634324e-12,PatchTST-SSL(HoW-cond),Rat_retail_Jeffrey,124,False
z6,159928.5706258684,96598.2212980391,0.6556057500524066,6952.031217856958,57148.90750267035,770.5893926980148,0.8431703204047217,4,7.275957614183426e-12,PatchTST-SSL(HoW-cond),Robin_education_Zenia,124,False
z12,175908.4400968451,96598.2212980391,0.821031875463901,6952.031217856958,73128.77697364707,770.5893926980148,0.8431703204047217,2,1.4551915228366852e-11,PatchTST-SSL(HoW-cond),Robin_education_Zenia,124,True
cusum,175908.4400968451,96598.2212980391,0.821031875463901,6952.031217856958,73128.77697364707,770.5893926980148,0.8431703204047217,2,1.4551915228366852e-11,PatchTST-SSL(HoW-cond),Robin_education_Zenia,124,False
z6,6119.527601133572,8183.486186309855,-0.252210187466202,-2184.7113725676336,224.6040253299004,103.85123793855118,0.5184534270650264,9,1.3642420526593924e-12,PatchTST-SSL(HoW-cond),Robin_office_Dina,124,False
z12,6196.483170444591,8183.486186309855,-0.2428064238917295,-2178.3660144124124,295.2142364857002,103.85123793855118,0.5202108963093146,7,2.2737367544323206e-13,PatchTST-SSL(HoW-cond),Robin_office_Dina,124,True
cusum,8117.517977393778,8183.486186309855,-0.008061137688047313,-1050.8054159719486,1088.6884449944232,103.85123793855118,0.9086115992970123,4,3.694822225952521e-13,PatchTST-SSL(HoW-cond),Robin_office_Dina,124,False
z6,3978.1561328343646,8038.4596903316215,-0.5051096495987718,-4169.595574357063,354.34896793682117,245.05695107701519,0.3104325699745547,15,0.0,PatchTST-SSL(HoW-cond),Robin_office_Sammie,124,False
z12,4521.574120931295,8038.4596903316215,-0.4375073963025919,-3884.7465754060127,612.9179570827014,245.05695107701519,0.37404580152671757,14,4.547473508864641e-13,PatchTST-SSL(HoW-cond),Robin_office_Sammie,124,True
cusum,9822.468242816994,8038.4596903316215,0.22193412932469092,-2007.732419927739,4036.7979234901286,245.05695107701519,0.7837150127226463,2,1.3642420526593924e-12,PatchTST-SSL(HoW-cond),Robin_office_Sammie,124,False
z6,5105.409553580937,13481.714723603747,-0.6213085903203098,-9334.442055645088,1510.5341718211828,552.3972861989043,0.24285714285714285,18,0.0,PatchTST-SSL(HoW-cond),Shrew_office_Doris,124,False
z12,8869.90828948397,13481.714723603747,-0.34207862491300456,-7311.980205973394,3252.571058052523,552.3972861989043,0.39285714285714285,12,1.8189894035458565e-12,PatchTST-SSL(HoW-cond),Shrew_office_Doris,124,True
cusum,19331.667954966237,13481.714723603747,0.433917595149852,-613.4848972243581,7015.83541478575,552.3972861989043,0.8767857142857143,4,1.8189894035458565e-12,PatchTST-SSL(HoW-cond),Shrew_office_Doris,124,False
z6,28829.398272208768,43987.54832713803,-0.34460092984035373,-16367.857310750936,1209.7072558216796,0.0,0.3578199052132701,12,3.637978807091713e-12,PatchTST-SSL(HoW-cond),Shrew_office_Ila,124,False
z12,29535.79304594642,43987.54832713803,-0.3285419585950333,-16210.10053587348,1758.3452546818698,0.0,0.3732227488151659,10,0.0,PatchTST-SSL(HoW-cond),Shrew_office_Ila,124,True
cusum,55063.54053817633,43987.54832713803,0.25179835276713947,3653.433838402365,7422.558372635933,0.0,0.8779620853080569,2,0.0,PatchTST-SSL(HoW-cond),Shrew_office_Ila,124,False
z6,6642.655904293817,9362.96485472773,-0.290539267490716,-2780.234943378149,59.92599294423633,0.0,0.591776798825257,18,4.547473508864641e-13,PatchTST-SSL(HoW-cond),Shrew_office_Kenneth,124,False
z12,7130.615595318028,9362.96485472773,-0.2384233300077487,-2364.4252184954967,132.07595908579495,0.0,0.7254038179148311,13,9.094947017729282e-13,PatchTST-SSL(HoW-cond),Shrew_office_Kenneth,124,True
cusum,7715.688225248499,9362.96485472773,-0.17593536396192452,-1847.3478269294374,200.07119745020668,0.0,1.0,3,2.2737367544323206e-13,PatchTST-SSL(HoW-cond),Shrew_office_Kenneth,124,False
z6,3919.1521960409746,3625.8417730065985,0.0808944353882158,-673.2700280671424,1519.5567999282741,552.9763488267555,0.5529411764705883,20,1.1368683772161603e-13,PatchTST-SSL(HoW-cond),Shrew_office_Nora,124,False
z12,5104.289696513095,3625.8417730065985,0.4077530173856833,-410.12752213868544,2441.5517944719372,552.9763488267555,0.8117647058823529,17,0.0,PatchTST-SSL(HoW-cond),Shrew_office_Nora,124,True
cusum,10789.514460192404,3625.8417730065985,1.9757267789558253,-189.12290900784456,7905.771945020405,552.9763488267555,0.9647058823529412,3,0.0,PatchTST-SSL(HoW-cond),Shrew_office_Nora,124,False
z6,30998.130425012816,40670.41259053998,-0.23782109768360093,-9061.887199852572,2513.605043354126,3124.000009028708,0.41243862520458263,15,7.275957614183426e-12,PatchTST-SSL(HoW-cond),Shrew_office_Sherill,124,False
z12,32545.084535630835,40670.41259053998,-0.19978474614243552,-8520.350781219051,3519.02273533862,3124.000009028708,0.4451718494271686,14,3.637978807091713e-12,PatchTST-SSL(HoW-cond),Shrew_office_Sherill,124,True
cusum,43638.870571495165,40670.41259053998,0.07298814523572492,-7161.23033170899,13253.688321692895,3124.000009028708,0.6399345335515548,2,9.549694368615746e-12,PatchTST-SSL(HoW-cond),Shrew_office_Sherill,124,False
z6,2346.262896598571,3533.560887216791,-0.3360060937151122,-1643.117941482948,853.1588929187649,397.33894205403715,0.1471927162367223,17,4.547473508864641e-13,PatchTST-SSL(HoW-cond),Wolf_office_Darleen,124,False
z12,2943.8039418141307,3533.560887216791,-0.1669015942349255,-1558.5006280197283,1366.082624671105,397.33894205403715,0.2306525037936267,17,3.410605131648481e-13,PatchTST-SSL(HoW-cond),Wolf_office_Darleen,124,True
cusum,4372.207521930257,3533.560887216791,0.23733753612323516,-1142.2508236865356,2378.2364004540386,397.33894205403715,0.3596358118361153,7,1.1368683772161603e-13,PatchTST-SSL(HoW-cond),Wolf_office_Darleen,124,False
z6,2284.121887440463,1612.224977001204,0.41675133435099815,-289.57094381638035,1339.7031142366682,378.23525998102906,0.14784394250513347,24,2.2737367544323206e-13,PatchTST-SSL(HoW-cond),Wolf_retail_Harriett,124,False
z12,4874.575103601859,1612.224977001204,2.0235079924569477,1225.595230778964,2414.9901558027204,378.23525998102906,0.3839835728952772,20,0.0,PatchTST-SSL(HoW-cond),Wolf_retail_Harriett,124,True
cusum,13410.898613078687,1612.224977001204,7.31825508498413,4261.6042196996295,7915.304676358883,378.23525998102906,0.9753593429158111,3,0.0,PatchTST-SSL(HoW-cond),Wolf_retail_Harriett,124,False
z6,1084.872599349464,987.5867578599267,0.09850865325528775,-203.73342083233706,360.8733771876383,59.85411486576385,0.33618233618233617,14,5.684341886080802e-14,PatchTST-SSL(HoW-cond),Wolf_retail_Marcella,124,False
z12,1298.7570201192793,987.5867578599267,0.31508144452407405,-156.3244276704935,527.3488047956098,59.85411486576385,0.3817663817663818,12,1.7053025658242404e-13,PatchTST-SSL(HoW-cond),Wolf_retail_Marcella,124,True
cusum,1612.4240852724379,987.5867578599267,0.6326910749254238,-98.80685755604259,783.4982998343177,59.85411486576385,0.6495726495726496,4,1.1368683772161603e-13,PatchTST-SSL(HoW-cond),Wolf_retail_Marcella,124,False
z6,7530.277400690729,8115.615163571036,-0.07212487914751566,-4500.5315206694395,4708.392598113613,793.1988403244793,0.2478386167146974,24,2.2737367544323206e-13,PatchTST-SSL(HoW-cond),Wolf_retail_Toshia,124,False
z12,8511.072711697123,8115.615163571036,0.048727981817225284,-4133.103716101147,5321.760104551715,793.1988403244793,0.34293948126801155,23,1.1368683772161603e-12,PatchTST-SSL(HoW-cond),Wolf_retail_Toshia,124,True
cusum,14651.313895258056,8115.615163571036,0.8053238848761749,-2391.510062914207,9720.407634925708,793.1988403244793,0.6484149855907781,6,1.8189894035458565e-12,PatchTST-SSL(HoW-cond),Wolf_retail_Toshia,124,False
z6,1084.686229696411,1107.4806002254224,-0.020582184937931954,100.31240513129785,145.26500000000001,268.37177566030937,0.10320284697508897,12,2.842170943040401e-14,HOW-profile(HoW-cond),Fox_education_Henrietta,124,True
z12,1260.1550806861674,1107.4806002254224,0.13785747617580726,229.07125612105415,191.975,268.37177566030937,0.1494661921708185,12,1.1368683772161603e-13,HOW-profile(HoW-cond),Fox_education_Henrietta,124,False
cusum,2897.4948212333265,1107.4806002254224,1.6162939744890836,1378.6759966682134,679.71,268.37177566030937,0.4786476868327402,3,0.0,HOW-profile(HoW-cond),Fox_education_Henrietta,124,False
z6,14624.914667962508,3626.3112078834088,3.0330004320006285,2721.123460079098,8277.48,0.0,0.8115631691648822,34,1.8189894035458565e-12,HOW-profile(HoW-cond),Fox_retail_Manie,124,True
z12,16371.27355233143,3626.3112078834088,3.5145804134904766,3031.34234444802,9713.62,0.0,0.9635974304068522,13,0.0,HOW-profile(HoW-cond),Fox_retail_Manie,124,False
cusum,17096.941650864428,3626.3112078834088,3.7146923335472644,3034.6104429810207,10436.02,0.0,0.9464668094218416,3,1.8189894035458565e-12,HOW-profile(HoW-cond),Fox_retail_Manie,124,False
z6,29678.840997817355,70905.57536670782,-0.5814314904811785,-31147.17822446202,157.771,10237.327144428455,0.3054545454545455,5,7.275957614183426e-12,HOW-profile(HoW-cond),Hog_education_Bruno,124,True
z12,58522.41322930739,70905.57536670782,-0.174642996313865,-2615.403492971993,469.5685,10237.327144428455,0.5418181818181819,4,1.6370904631912708e-11,HOW-profile(HoW-cond),Hog_education_Bruno,124,False
cusum,65485.48678355927,70905.57536670782,-0.07644093648654662,1657.9400612798854,3159.2984999999994,10237.327144428455,0.7248484848484849,3,1.2732925824820995e-11,HOW-profile(HoW-cond),Hog_education_Bruno,124,False
z6,39297.65301541143,56272.62225551479,-0.30165591294156885,-42509.47335521331,30792.196000000004,5257.691884890048,0.06884681583476764,10,7.275957614183426e-12,HOW-profile(HoW-cond),Hog_education_Caridad,124,True
z12,45139.160234385265,56272.62225551479,-0.19784864424082232,-37647.915636239486,31772.1455,5257.691884890048,0.12048192771084337,9,9.094947017729282e-12,HOW-profile(HoW-cond),Hog_education_Caridad,124,False
cusum,54003.25640772461,56272.62225551479,-0.04032806286306973,-34312.05496290013,37300.381,5257.691884890048,0.33562822719449226,4,1.8189894035458565e-12,HOW-profile(HoW-cond),Hog_education_Caridad,124,False
z6,67147.02130514965,59142.887731973824,0.13533552182046457,3503.246739082526,5534.6985,1033.8116659066873,0.5008517887563884,15,9.094947017729282e-12,HOW-profile(HoW-cond),Hog_education_Luvenia,124,True
z12,68929.6093407813,59142.887731973824,0.1654758836457115,3913.884774714177,6906.648500000001,1033.8116659066873,0.5212947189097104,12,1.2732925824820995e-11,HOW-profile(HoW-cond),Hog_education_Luvenia,124,False
cusum,75353.83777871137,59142.887731973824,0.27409804743053806,4420.887712644246,12823.874,1033.8116659066873,0.555366269165247,3,1.0913936421275139e-11,HOW-profile(HoW-cond),Hog_education_Luvenia,124,False
z6,25521.362741520497,26347.14394521596,-0.031342342282431976,-104.89828059009596,3555.3775,4276.260423105365,0.4432314410480349,19,3.183231456205249e-12,HOW-profile(HoW-cond),Hog_office_Almeda,124,True
z12,27429.27694974405,26347.14394521596,0.04107211797901833,781.1689276334582,4577.2245,4276.260423105365,0.5393013100436681,11,5.4569682106375694e-12,HOW-profile(HoW-cond),Hog_office_Almeda,124,False
cusum,36209.70786032986,26347.14394521596,0.37433142414302223,5261.78183821926,8877.0425,4276.260423105365,0.7860262008733624,1,1.8189894035458565e-12,HOW-profile(HoW-cond),Hog_office_Almeda,124,False
z6,5333.3149811162975,5763.154084636514,-0.07458400334394788,-265.47551513805774,1625.9520000000005,1790.3155883821585,0.18376068376068377,21,9.094947017729282e-13,HOW-profile(HoW-cond),Hog_office_Cortney,124,True
z12,7050.683140277133,5763.154084636514,0.22340701579937441,124.09964402277728,2953.7450000000003,1790.3155883821585,0.2863247863247863,13,2.2737367544323206e-13,HOW-profile(HoW-cond),Hog_office_Cortney,124,False
cusum,10086.38735259858,5763.154084636514,0.7501505606950529,2315.543356344225,3798.0055000000007,1790.3155883821585,0.9985754985754985,6,9.094947017729282e-13,HOW-profile(HoW-cond),Hog_office_Cortney,124,False
z6,3141.2268170309244,1957.7320670309248,0.6045233512443176,25.711499999999887,1157.78325,0.0,0.8125,17,2.2737367544323206e-13,HOW-profile(HoW-cond),Hog_office_Denita,124,True
z12,3297.2733170309248,1957.7320670309248,0.6842311430447854,25.711499999999887,1313.8297499999996,0.0,0.875,15,4.547473508864641e-13,HOW-profile(HoW-cond),Hog_office_Denita,124,False
cusum,4513.452567030924,1957.7320670309248,1.3054495776206891,25.711499999999887,2530.0089999999996,0.0,0.9375,4,0.0,HOW-profile(HoW-cond),Hog_office_Denita,124,False
z6,10945.633852216557,4905.220974570065,1.231425232209019,-15.4736223535092,6055.8865000000005,0.0,0.38724373576309795,44,9.094947017729282e-13,HOW-profile(HoW-cond),Hog_office_Garrett,124,True
z12,13001.965209845632,4905.220974570065,1.6506380196225992,303.0762352755655,7793.6680000000015,0.0,0.6537585421412301,37,0.0,HOW-profile(HoW-cond),Hog_office_Garrett,124,False
cusum,15580.351568304335,4905.220974570065,2.176279243907035,470.9595937342674,10204.171000000002,0.0,0.9544419134396356,4,0.0,HOW-profile(HoW-cond),Hog_office_Garrett,124,False
z6,330485.7434845612,77630.38289868446,3.257170081408444,84321.37902631401,190536.32,22002.338440437285,0.4967824967824968,4,0.0,HOW-profile(HoW-cond),Hog_office_Lavon,124,True
z12,330513.0009845613,77630.38289868446,3.2575212003773615,84321.37902631401,190563.5775,22002.338440437285,0.5045045045045045,4,5.820766091346741e-11,HOW-profile(HoW-cond),Hog_office_Lavon,124,False
cusum,344707.7202973439,77630.38289868446,3.440371249324153,98428.47558909672,190651.20025,22002.338440437285,0.7876447876447876,2,0.0,HOW-profile(HoW-cond),Hog_office_Lavon,124,False
z6,405.7940679861226,2475.5146315287707,-0.8360768856633572,-1586.085938285588,70.857,554.4916252570599,0.023114355231143552,5,0.0,HOW-profile(HoW-cond),Hog_office_Merilyn,124,True
z12,584.1036558395687,2475.5146315287707,-0.764047584934349,-1454.9103504321424,117.991,554.4916252570599,0.037712895377128956,5,2.2737367544323206e-13,HOW-profile(HoW-cond),Hog_office_Merilyn,124,False
cusum,2023.5675089097017,2475.5146315287707,-0.18256693653229025,-143.66649736200907,246.21099999999998,554.4916252570599,0.3442822384428224,4,0.0,HOW-profile(HoW-cond),Hog_office_Merilyn,124,False
z6,1091.7877857570022,3018.017875718827,-0.6382434330356768,-1985.6606730384358,97.54149999999996,38.11091692338832,0.19175911251980982,13,6.821210263296962e-13,HOW-profile(HoW-cond),Hog_office_Miriam,124,True
z12,1187.3496827292581,3018.017875718827,-0.6065796388146121,-1916.10627606618,123.54899999999995,38.11091692338832,0.27892234548335976,9,4.547473508864641e-13,HOW-profile(HoW-cond),Hog_office_Miriam,124,False
cusum,1479.0652975252397,3018.017875718827,-0.5099216245785296,-1806.8856612701986,306.044,38.11091692338832,0.48177496038034867,4,4.547473508864641e-13,HOW-profile(HoW-cond),Hog_office_Miriam,124,False
z6,10444.647476312493,7939.414743740277,0.31554375397096274,319.511669836028,2771.6569999999997,585.9359372638103,0.39090909090909093,24,9.094947017729282e-13,HOW-profile(HoW-cond),Hog_office_Napoleon,124,True
z12,12669.887597364683,7939.414743740277,0.595821355390721,1429.5372908882155,3886.871499999999,585.9359372638103,0.5431818181818182,13,1.8189894035458565e-12,HOW-profile(HoW-cond),Hog_office_Napoleon,124,False
cusum,14001.698340406892,7939.414743740277,0.7635680704860947,1738.0090339304252,4910.210499999998,585.9359372638103,0.6295454545454545,3,1.8189894035458565e-12,HOW-profile(HoW-cond),Hog_office_Napoleon,124,False
z6,28582.204170823083,21745.98594262971,0.3143669018378238,1272.3618592930434,6345.527,781.6706310996688,0.623046875,27,3.637978807091713e-12,HOW-profile(HoW-cond),Hog_office_Shawna,124,True
z12,31978.593635417128,21745.98594262971,0.47055156385105257,2310.65032388709,8703.628,781.6706310996688,0.712890625,23,5.4569682106375694e-12,HOW-profile(HoW-cond),Hog_office_Shawna,124,False
cusum,39186.31395682797,21745.98594262971,0.8020021745718662,6467.307645297929,11754.691,781.6706310996688,0.9609375,3,0.0,HOW-profile(HoW-cond),Hog_office_Shawna,124,False
z6,110138.50427500976,146378.57176457968,-0.24757768198377242,-37382.25748956992,1142.19,0.0,0.6451612903225806,25,0.0,HOW-profile(HoW-cond),Hog_office_Shawnna,124,True
z12,116409.90586737746,146378.57176457968,-0.2047339684759376,-31868.082897202214,1899.4169999999992,0.0,0.7845622119815668,19,1.0913936421275139e-11,HOW-profile(HoW-cond),Hog_office_Shawnna,124,False
cusum,121444.19973130687,146378.57176457968,-0.1703416813860891,-28737.790033272802,3803.4179999999988,0.0,0.9158986175115207,4,7.275957614183426e-12,HOW-profile(HoW-cond),Hog_office_Shawnna,124,False
z6,3112.256705218945,4885.453478772886,-0.36295438719423184,-2573.6297735539397,800.433,0.0,0.20327868852459016,19,1.3642420526593924e-12,HOW-profile(HoW-cond),Hog_office_Sherrie,124,True
z12,3737.208031144976,4885.453478772886,-0.23503354450451613,-2229.5024476279104,1081.257,0.0,0.25081967213114753,17,0.0,HOW-profile(HoW-cond),Hog_office_Sherrie,124,False
cusum,6440.880410096609,4885.453478772886,0.3183792329784727,-112.22206867627665,1667.649,0.0,0.7557377049180328,5,4.547473508864641e-13,HOW-profile(HoW-cond),Hog_office_Sherrie,124,False
z6,25926.372681047233,26788.902373174722,-0.032197276324064335,-1838.5261921274941,975.9965000000002,0.0,0.5584594222833562,15,4.547473508864641e-12,HOW-profile(HoW-cond),Hog_office_Shon,124,True
z12,26930.04656057486,26788.902373174722,0.005268755898766318,-1111.7818125998638,1252.926,0.0,0.6217331499312242,12,3.183231456205249e-12,HOW-profile(HoW-cond),Hog_office_Shon,124,False
cusum,30506.24019347158,26788.902373174722,0.13876409598697276,940.0323202968539,2777.3055000000004,0.0,0.8500687757909215,3,5.4569682106375694e-12,HOW-profile(HoW-cond),Hog_office_Shon,124,False
z6,2537.2036723061633,5659.770485979846,-0.551712621811923,-4068.2275541979598,1040.5855,94.92475947572255,0.205761316872428,34,4.547473508864641e-13,HOW-profile(HoW-cond),Hog_office_Sydney,124,True
z12,3126.0087845857156,5659.770485979846,-0.4476792314583537,-3528.8869419184075,1090.05,94.92475947572255,0.43209876543209874,30,4.547473508864641e-13,HOW-profile(HoW-cond),Hog_office_Sydney,124,False
cusum,4667.082005020524,5659.770485979846,-0.17539376966228043,-2619.4277214835993,1721.6639999999998,94.92475947572255,0.7736625514403292,6,0.0,HOW-profile(HoW-cond),Hog_office_Sydney,124,False
z6,2091.5703509603973,3235.1808664736077,-0.3534919878404702,-1400.1109189190022,467.28249999999997,210.78209659420787,0.26336898395721925,23,4.547473508864641e-13,HOW-profile(HoW-cond),Hog_office_Valda,124,True
z12,2693.5961238728196,3235.1808664736077,-0.16740478042920767,-1021.5446460065803,690.742,210.78209659420787,0.3770053475935829,17,0.0,HOW-profile(HoW-cond),Hog_office_Valda,124,False
cusum,5128.946449735917,3235.1808664736077,0.5853662164262674,-13.691320143484063,2118.239,210.78209659420787,0.8061497326203209,2,9.094947017729282e-13,HOW-profile(HoW-cond),Hog_office_Valda,124,False
z6,9187.514803911166,5435.352705326311,0.6903254125363324,1216.9310573346656,2770.6,235.3689587498103,0.8222222222222222,20,4.547473508864641e-13,HOW-profile(HoW-cond),Lamb_education_Armando,124,True
z12,11526.32535551368,5435.352705326311,1.1206214169355728,1721.3416089371794,4605.0,235.3689587498103,0.9407407407407408,13,0.0,HOW-profile(HoW-cond),Lamb_education_Armando,124,False
cusum,16551.524916368937,5435.352705326311,2.045161153966966,2092.0411697924346,9259.5,235.3689587498103,0.9888888888888889,3,1.8189894035458565e-12,HOW-profile(HoW-cond),Lamb_education_Armando,124,False
z6,798.7652000918652,495.683569918793,0.6114417514841686,94.81591208840672,233.0949,24.829181915334505,0.4781725888324873,22,5.684341886080802e-14,HOW-profile(HoW-cond),Lamb_education_Eula,124,True
z12,890.8924709373678,495.683569918793,0.7973007882494898,158.54318293390935,261.49490000000003,24.829181915334505,0.583756345177665,13,1.1368683772161603e-13,HOW-profile(HoW-cond),Lamb_education_Eula,124,False
cusum,1107.7897668299115,495.683569918793,1.2348728787024328,343.0057788264531,293.9296,24.829181915334505,0.8791878172588833,1,0.0,HOW-profile(HoW-cond),Lamb_education_Eula,124,False
z6,3535.146261487467,3911.7728013481587,-0.09628026958285779,-2618.84409268189,2417.6999999999994,175.4824471788012,0.11070110701107011,7,1.1368683772161603e-13,HOW-profile(HoW-cond),Lamb_education_Lazaro,124,True
z12,4360.1892814924295,3911.7728013481587,0.11463254716371254,-2435.0010726769283,3058.8999999999996,175.4824471788012,0.2177121771217712,6,5.684341886080801e-13,HOW-profile(HoW-cond),Lamb_education_Lazaro,124,False
cusum,12509.930387937728,3911.7728013481587,2.198020698857124,2956.5400337683695,5817.1,175.4824471788012,0.7730627306273062,3,0.0,HOW-profile(HoW-cond),Lamb_education_Lazaro,124,False
z6,1830.9161017360366,828.5473526716132,1.2097905398313458,236.06774906442342,766.3009999999999,0.0,0.36982968369829683,42,0.0,HOW-profile(HoW-cond),Lamb_education_Lucas,124,True
z12,2104.2361189628455,828.5473526716132,1.5396691114609586,385.50126629123224,890.1875,0.0,0.5754257907542579,30,0.0,HOW-profile(HoW-cond),Lamb_education_Lucas,124,False
cusum,2572.574098649826,828.5473526716132,2.10492102877968,603.5582459782127,1140.4685,0.0,0.8102189781021898,5,0.0,HOW-profile(HoW-cond),Lamb_education_Lucas,124,False
z6,24386.85868935785,12530.660011929125,0.9461751149693379,3510.159877428725,8346.0388,0.0,0.6223404255319149,34,0.0,HOW-profile(HoW-cond),Lamb_education_Mae,124,True
z12,26427.206619822093,12530.660011929125,1.1090035636322049,3582.5722078929684,10313.9744,0.0,0.6702127659574468,30,0.0,HOW-profile(HoW-cond),Lamb_education_Mae,124,False
cusum,35909.36952539026,12530.660011929125,1.8657205200049098,4498.226013461135,18880.483500000002,0.0,1.0,2,0.0,HOW-profile(HoW-cond),Lamb_education_Mae,124,False
z6,0.0,0.0,,0.0,0.0,0.0,,0,0.0,HOW-profile(HoW-cond),Lamb_education_Willetta,124,True
z12,0.0,0.0,,0.0,0.0,0.0,,0,0.0,HOW-profile(HoW-cond),Lamb_education_Willetta,124,False
cusum,0.0,0.0,,0.0,0.0,0.0,,0,0.0,HOW-profile(HoW-cond),Lamb_education_Willetta,124,False
z6,7672.0213032590445,3389.4907512393693,1.2634731487182154,905.8270249064026,3544.2,167.49647288672838,0.42362525458248473,22,9.094947017729282e-13,HOW-profile(HoW-cond),Lamb_education_Williams,124,True
z12,9342.221303259044,3389.4907512393693,1.7562315370953752,915.1270249064028,5205.1,167.49647288672838,0.43584521384928715,13,0.0,HOW-profile(HoW-cond),Lamb_education_Williams,124,False
cusum,12223.220647862643,3389.4907512393693,2.6062115358754747,1198.4263695100017,7802.8,167.49647288672838,1.0,1,1.8189894035458565e-12,HOW-profile(HoW-cond),Lamb_education_Williams,124,False
z6,4513.030565565563,2476.678899597335,0.8222106088517583,1054.2732786214085,1776.6196,794.5412126531814,0.18940397350993377,13,9.094947017729282e-13,HOW-profile(HoW-cond),Lamb_office_Caitlin,124,True
z12,5943.187124659598,2476.678899597335,1.3996599339647369,1649.2298377154436,2611.8196,794.5412126531814,0.2993377483443709,9,9.094947017729282e-13,HOW-profile(HoW-cond),Lamb_office_Caitlin,124,False
cusum,7808.794059238353,2476.678899597335,2.1529295382247278,2379.0367722941983,3747.6196,794.5412126531814,0.43443708609271525,4,1.8189894035458565e-12,HOW-profile(HoW-cond),Lamb_office_Caitlin,124,False
z6,10651.311542808065,2192.5150835093805,3.8580334169283694,123.5413820289732,8670.5,335.24492273029006,0.05128205128205128,25,1.8189894035458565e-12,HOW-profile(HoW-cond),Lamb_office_Velma,124,True
z12,13580.961542808065,2192.5150835093805,5.1942385915403255,145.34138202897338,11578.35,335.24492273029006,0.05555555555555555,17,0.0,HOW-profile(HoW-cond),Lamb_office_Velma,124,False
cusum,24805.16189785411,2192.5150835093805,10.313564994111923,1298.7917370750183,21649.1,335.24492273029006,0.6709401709401709,3,0.0,HOW-profile(HoW-cond),Lamb_office_Velma,124,False
z6,9516.511340427383,9401.103471177124,0.012275991813523629,-3526.4176432650047,3858.685,216.859487484736,0.44038155802861684,49,2.8421709430404007e-13,HOW-profile(HoW-cond),Rat_retail_Jeffrey,124,True
z12,15067.958882242687,9401.103471177124,0.602786197220315,-239.7451014497019,6123.46,216.859487484736,0.685214626391097,33,0.0,HOW-profile(HoW-cond),Rat_retail_Jeffrey,124,False
cusum,18708.231146988073,9401.103471177124,0.9900037484265228,-568.167836704315,10092.155,216.859487484736,0.7074721780604134,10,0.0,HOW-profile(HoW-cond),Rat_retail_Jeffrey,124,False
z6,209824.35079803912,96598.2212980391,1.1721347244133826,42071.72234269802,71924.99655000001,770.5893926980148,1.0,2,0.0,HOW-profile(HoW-cond),Robin_education_Zenia,124,True
z12,217337.92699803913,96598.2212980391,1.2499164485386955,42071.72234269802,79438.57275,770.5893926980148,1.0,1,1.4551915228366852e-11,HOW-profile(HoW-cond),Robin_education_Zenia,124,False
cusum,217337.92699803913,96598.2212980391,1.2499164485386955,42071.72234269802,79438.57275,770.5893926980148,1.0,1,1.4551915228366852e-11,HOW-profile(HoW-cond),Robin_education_Zenia,124,False
z6,7941.175968623363,8183.486186309855,-0.029609656834498326,-500.17842974794075,361.71945000000005,103.85123793855118,0.5729349736379613,12,3.694822225952521e-13,HOW-profile(HoW-cond),Robin_office_Dina,124,True
z12,8046.772918623363,8183.486186309855,-0.01670599357950889,-494.17842974794075,461.31640000000004,103.85123793855118,0.5746924428822495,9,2.5579538487363607e-13,HOW-profile(HoW-cond),Robin_office_Dina,124,False
cusum,11998.992745885926,8183.486186309855,0.4662446386185667,1144.131697514622,2775.2261000000003,103.85123793855118,1.0,3,4.547473508864641e-13,HOW-profile(HoW-cond),Robin_office_Dina,124,False
z6,7512.562024009684,8038.4596903316215,-0.06542269123454941,-1906.1530152449222,1625.3123,245.05695107701519,0.4529262086513995,30,0.0,HOW-profile(HoW-cond),Robin_office_Sammie,124,True
z12,9008.07189462979,8038.4596903316215,0.12062164166405955,-833.9237946248168,2048.59295,245.05695107701519,0.6641221374045801,24,4.547473508864641e-13,HOW-profile(HoW-cond),Robin_office_Sammie,124,False
cusum,13419.177657237919,8038.4596903316215,0.669371767003825,577.877517983311,5047.8974,245.05695107701519,0.9974554707379135,1,1.8189894035458565e-12,HOW-profile(HoW-cond),Robin_office_Sammie,124,False
z6,8356.994503133938,13481.714723603747,-0.38012376953040433,-5771.872934270905,1199.55,552.3972861989043,0.35714285714285715,12,9.094947017729282e-13,HOW-profile(HoW-cond),Shrew_office_Doris,124,True
z12,9430.926406202163,13481.714723603747,-0.30046536367584425,-5150.89103120268,1652.5000000000002,552.3972861989043,0.4160714285714286,9,0.0,HOW-profile(HoW-cond),Shrew_office_Doris,124,False
cusum,19304.416632880617,13481.714723603747,0.4318962408455729,3034.649195475773,3340.45,552.3972861989043,0.8732142857142857,4,9.094947017729282e-13,HOW-profile(HoW-cond),Shrew_office_Doris,124,False
z6,38448.13984170683,43987.54832713803,-0.12593128501352904,-7685.689595647025,5007.949999999999,2861.668889784182,0.3791469194312796,15,5.4569682106375694e-12,HOW-profile(HoW-cond),Shrew_office_Ila,124,True
z12,40103.99111824724,43987.54832713803,-0.08828764858656225,-7495.938319106615,6474.049999999999,2861.668889784182,0.38744075829383884,13,1.1368683772161603e-11,HOW-profile(HoW-cond),Shrew_office_Ila,124,False
cusum,62302.17943735384,43987.54832713803,0.41635944276795805,11673.349999999999,9502.949999999999,2861.668889784182,0.7440758293838863,1,0.0,HOW-profile(HoW-cond),Shrew_office_Ila,124,False
z6,8262.83524144903,9362.96485472773,-0.11749799666536206,-1344.4296132787013,244.3,0.0,0.6196769456681351,27,2.2737367544323206e-13,HOW-profile(HoW-cond),Shrew_office_Kenneth,124,True
z12,8714.985432226807,9362.96485472773,-0.06920664902140826,-1009.6794225009235,361.69999999999993,0.0,0.7063142437591777,25,7.958078640513122e-13,HOW-profile(HoW-cond),Shrew_office_Kenneth,124,False
cusum,12575.350171487307,9362.96485472773,0.3430948814399872,809.7853167595767,2402.6,0.0,0.973568281938326,3,4.547473508864641e-13,HOW-profile(HoW-cond),Shrew_office_Kenneth,124,False
z6,6952.362694851217,3625.8417730065985,0.9174479004047166,236.047270671374,3643.45,552.9763488267555,0.6235294117647059,44,4.547473508864641e-13,HOW-profile(HoW-cond),Shrew_office_Nora,124,True
z12,8087.575782119664,3625.8417730065985,1.2305374278407448,445.4603579398222,4569.25,552.9763488267555,0.9294117647058824,36,1.8189894035458565e-12,HOW-profile(HoW-cond),Shrew_office_Nora,124,False
cusum,9929.025782119665,3625.8417730065985,1.7384057009984686,368.81035793982255,6487.35,552.9763488267555,0.8705882352941177,2,1.8189894035458565e-12,HOW-profile(HoW-cond),Shrew_office_Nora,124,False
z6,37232.73549039676,40670.41259053998,-0.08452525758105615,-4130.527091114505,3816.8500000000004,3124.000009028708,0.45171849427168576,27,7.73070496506989e-12,HOW-profile(HoW-cond),Shrew_office_Sherill,124,True
z12,38737.72133242907,40670.41259053998,-0.047520817592110055,-3484.291249082191,4675.6,3124.000009028708,0.49427168576104746,20,7.73070496506989e-12,HOW-profile(HoW-cond),Shrew_office_Sherill,124,False
cusum,42052.692644339055,40670.41259053998,0.03398736245229531,-2483.8199371722003,6990.099999999999,3124.000009028708,0.7708674304418985,3,1.4097167877480388e-11,HOW-profile(HoW-cond),Shrew_office_Sherill,124,False
z6,4743.393271468967,3533.560887216791,0.34238334158297207,-816.6676157478237,2026.5,0.0,0.4355083459787557,24,0.0,HOW-profile(HoW-cond),Wolf_office_Darleen,124,True
z12,5381.507170551988,3533.560887216791,0.5229699847596886,-471.55371666480323,2319.5,0.0,0.5887708649468892,16,0.0,HOW-profile(HoW-cond),Wolf_office_Darleen,124,False
cusum,6764.874926587722,3533.560887216791,0.9144639479853638,255.31403937093137,2976.0,0.0,0.8163884673748103,4,0.0,HOW-profile(HoW-cond),Wolf_office_Darleen,124,False
z6,6487.919236882064,1612.224977001204,3.0242021612578074,1592.73448130456,3515.4613141025643,232.50153552626406,0.33059548254620125,48,0.0,HOW-profile(HoW-cond),Wolf_retail_Harriett,124,True
z12,10948.504373421292,1612.224977001204,5.79092839374434,3676.3686237198563,5892.412308226496,232.50153552626406,0.5913757700205339,30,0.0,HOW-profile(HoW-cond),Wolf_retail_Harriett,124,False
cusum,15756.018629076094,1612.224977001204,8.772841169092201,4597.008070079786,9779.287117521368,232.50153552626406,0.7967145790554415,4,0.0,HOW-profile(HoW-cond),Wolf_retail_Harriett,124,False
z6,1449.305647061976,987.5867578599267,0.46752235743073495,-197.43111079795074,659.1500000000001,0.0,0.28205128205128205,18,0.0,HOW-profile(HoW-cond),Wolf_retail_Marcella,124,True
z12,1640.2905857688024,987.5867578599267,0.6609078369208463,-142.05617209112427,794.76,0.0,0.33903133903133903,15,0.0,HOW-profile(HoW-cond),Wolf_retail_Marcella,124,False
cusum,2538.6853051727066,987.5867578599267,1.5705947198745027,99.46354731277972,1451.635,0.0,0.6752136752136753,5,0.0,HOW-profile(HoW-cond),Wolf_retail_Marcella,124,False
z6,13126.231811255548,8115.615163571036,0.6174044168796858,-828.7774173893213,6291.9825,452.5884349261682,0.521613832853026,25,9.094947017729282e-13,HOW-profile(HoW-cond),Wolf_retail_Toshia,124,True
z12,14378.397610798562,8115.615163571036,0.771695345454475,-193.0491178463044,6908.42,452.5884349261682,0.654178674351585,20,1.8189894035458565e-12,HOW-profile(HoW-cond),Wolf_retail_Toshia,124,False
cusum,17753.20644081753,8115.615163571036,1.1875367526675276,459.72346217266204,9630.45625,452.5884349261682,0.9740634005763689,6,0.0,HOW-profile(HoW-cond),Wolf_retail_Toshia,124,False
z6,2303.238152447452,1107.4806002254224,1.0797097050536497,834.7883702832235,629.3409575991154,268.37177566030937,0.20818505338078291,13,2.2737367544323206e-13,TOWT(HoW-cond),Fox_education_Henrietta,124,True
z12,2806.8093372837607,1107.4806002254224,1.534409484655937,1058.6849591749042,909.0155535437434,268.37177566030937,0.26512455516014233,11,0.0,TOWT(HoW-cond),Fox_education_Henrietta,124,False
cusum,8451.347801214979,1107.4806002254224,6.631147488718761,2370.538090746019,5241.700885903847,268.37177566030937,0.5320284697508897,2,0.0,TOWT(HoW-cond),Fox_education_Henrietta,124,False
z6,12644.609403524017,3626.3112078834088,2.4869068534535326,1039.1100620158281,7979.188133624781,0.0,0.5610278372591007,27,1.8189894035458565e-12,TOWT(HoW-cond),Fox_retail_Manie,124,True
z12,14818.524083046668,3626.3112078834088,3.0863906139197264,1734.7340713405797,9457.47880382268,0.0,0.9593147751605996,9,0.0,TOWT(HoW-cond),Fox_retail_Manie,124,False
cusum,14733.114977214547,3626.3112078834088,3.0628380005515066,1275.0431406766552,9831.760628654483,0.0,0.7558886509635975,3,0.0,TOWT(HoW-cond),Fox_retail_Manie,124,False
z6,32422.078911041288,70905.57536670782,-0.542742883851354,-36962.525335859376,8716.356024621284,10237.327144428455,0.21575757575757576,6,1.4551915228366852e-11,TOWT(HoW-cond),Hog_education_Bruno,124,True
z12,63654.01838646678,70905.57536670782,-0.10227061754647093,-6156.293785231785,9142.063949419182,10237.327144428455,0.4618181818181818,4,1.0913936421275139e-11,TOWT(HoW-cond),Hog_education_Bruno,124,False
cusum,74771.19717555738,70905.57536670782,0.054517882251958576,-1452.927449073497,15555.876402351481,10237.327144428455,0.6690909090909091,2,2.1827872842550278e-11,TOWT(HoW-cond),Hog_education_Bruno,124,False
z6,16252.570950786525,56272.62225551479,-0.7111815604222398,317.3433968014524,13600.7161453961,53938.11084692582,0.0034423407917383822,3,0.0,TOWT(HoW-cond),Hog_education_Caridad,124,True
z12,18633.366982201635,56272.62225551479,-0.6688733128946104,317.3433968014524,15981.512176811211,53938.11084692582,0.0034423407917383822,3,7.275957614183426e-12,TOWT(HoW-cond),Hog_education_Caridad,124,False
cusum,38120.11834327037,56272.62225551479,-0.32258144697469565,6572.036948091581,29213.569986589828,53938.11084692582,0.1721170395869191,1,1.4551915228366852e-11,TOWT(HoW-cond),Hog_education_Caridad,124,False
z6,66782.9983615584,59142.887731973824,0.12918054769676365,3807.0273473540074,4866.8949481372765,1033.8116659066873,0.49233390119250425,14,1.4551915228366852e-11,TOWT(HoW-cond),Hog_education_Luvenia,124,True
z12,68446.49817667124,59142.887731973824,0.15730734161747234,4075.4154101747044,6262.0067004294215,1033.8116659066873,0.5025553662691652,11,1.8189894035458565e-11,TOWT(HoW-cond),Hog_education_Luvenia,124,False
cusum,76207.79420373638,59142.887731973824,0.2885369167142803,5228.673620095513,12870.04451757374,1033.8116659066873,0.5587734241908007,3,7.275957614183426e-12,TOWT(HoW-cond),Hog_education_Luvenia,124,False
z6,22744.210581760988,26347.14394521596,-0.13674853604423348,-3770.707479032604,3122.336504561772,2954.5623889841436,0.39082969432314413,15,2.7284841053187847e-12,TOWT(HoW-cond),Hog_office_Almeda,124,True
z12,23655.010337322994,26347.14394521596,-0.10217933349780772,-3540.1533582137818,3802.5821393049587,2954.5623889841436,0.46943231441048033,11,4.547473508864641e-13,TOWT(HoW-cond),Hog_office_Almeda,124,False
cusum,32632.263019405622,26347.14394521596,0.2385502993135958,1629.9979128022314,7609.683550371576,2954.5623889841436,0.7925764192139738,2,2.7284841053187847e-12,TOWT(HoW-cond),Hog_office_Almeda,124,False
z6,5830.93606075583,5763.154084636514,0.01176126390582024,-387.2456848450893,2245.3432493465634,1790.3155883821585,0.18518518518518517,24,2.2737367544323206e-13,TOWT(HoW-cond),Hog_office_Cortney,124,True
z12,6720.99486619603,5763.154084636514,0.16620079343582694,-274.0661649073468,3022.222534849021,1790.3155883821585,0.2492877492877493,12,2.2737367544323206e-13,TOWT(HoW-cond),Hog_office_Cortney,124,False
cusum,9337.55190695518,5763.154084636514,0.6202155572843936,1880.96933865529,3483.7440720455343,1790.3155883821585,0.9985754985754985,9,9.094947017729282e-13,TOWT(HoW-cond),Hog_office_Cortney,124,False
z6,2877.964537062863,1957.7320670309248,0.4700502614883113,14.345609003588834,905.8868610283498,0.0,0.8125,17,2.2737367544323206e-13,TOWT(HoW-cond),Hog_office_Denita,124,True
z12,3147.167314851097,1957.7320670309248,0.6075577285833894,14.345609003588834,1175.0896388165831,0.0,0.875,15,4.547473508864641e-13,TOWT(HoW-cond),Hog_office_Denita,124,False
cusum,5184.643678247133,1957.7320670309248,1.648290726580429,14.345609003588834,3212.5660022126185,0.0,0.9375,3,9.094947017729282e-13,TOWT(HoW-cond),Hog_office_Denita,124,False
z6,3127.8418116896128,4905.220974570065,-0.36234436166991163,373.47820504190713,338.64935237810164,2489.506720300461,0.02733485193621868,4,2.2737367544323206e-13,TOWT(HoW-cond),Hog_office_Garrett,124,True
z12,3200.018380981923,4905.220974570065,-0.3476301276595597,373.47820504190713,410.8259216704121,2489.506720300461,0.04100227790432802,4,2.2737367544323206e-13,TOWT(HoW-cond),Hog_office_Garrett,124,False
cusum,3956.926936048837,4905.220974570065,-0.19332340855537997,411.7307110869033,1129.4819706923297,2489.506720300461,0.11617312072892938,3,2.2737367544323206e-13,TOWT(HoW-cond),Hog_office_Garrett,124,False
z6,22838.71112222451,77630.38289868446,-0.7058019003715162,-41008.00808440986,8218.674748387188,22002.338440437285,0.04633204633204633,9,1.4551915228366852e-11,TOWT(HoW-cond),Hog_office_Lavon,124,True
z12,32637.83702693478,77630.38289868446,-0.5795739270083149,-37589.34248054105,14599.135049228636,22002.338440437285,0.07464607464607464,8,1.4551915228366852e-11,TOWT(HoW-cond),Hog_office_Lavon,124,False
cusum,156556.3537240329,77630.38289868446,1.0166891863505922,974.6790508849008,99953.6302149008,22002.338440437285,0.2702702702702703,3,1.4551915228366852e-11,TOWT(HoW-cond),Hog_office_Lavon,124,False
z6,1875.9611698640467,2475.5146315287707,-0.24219346314041607,-838.7365614724754,422.7617329245116,183.57863311676067,0.14963503649635038,10,4.547473508864641e-13,TOWT(HoW-cond),Hog_office_Merilyn,124,True
z12,2238.1007791551733,2475.5146315287707,-0.09590484715777295,-759.4895453724926,705.6543261156555,183.57863311676067,0.18856447688564476,9,3.410605131648481e-13,TOWT(HoW-cond),Hog_office_Merilyn,124,False
cusum,4549.878426490768,2475.5146315287707,0.8379525487518368,993.2106548080142,1264.7317732707436,183.57863311676067,0.6021897810218978,3,0.0,TOWT(HoW-cond),Hog_office_Merilyn,124,False
z6,1566.8540503061333,3018.017875718827,-0.48083340959902615,-1601.946709666224,150.7828842535309,0.0,0.2551505546751189,16,4.547473508864641e-13,TOWT(HoW-cond),Hog_office_Miriam,124,True
z12,1696.247154341499,3018.017875718827,-0.43795987161358696,-1522.1788360714881,200.4081146941605,0.0,0.4215530903328051,13,2.2737367544323206e-13,TOWT(HoW-cond),Hog_office_Miriam,124,False
cusum,2199.5518320569972,3018.017875718827,-0.27119323919408156,-1323.616151733494,505.1501080716645,0.0,0.6814580031695721,5,1.1368683772161603e-13,TOWT(HoW-cond),Hog_office_Miriam,124,False
z6,10183.38967046556,7939.414743740277,0.2826373226684642,208.077772650081,2621.833091339015,585.9359372638103,0.325,22,2.7284841053187847e-12,TOWT(HoW-cond),Hog_office_Napoleon,124,True
z12,12448.74183993023,7939.414743740277,0.5679671917562021,1175.2810423526107,3919.9819911011537,585.9359372638103,0.4772727272727273,14,1.8189894035458565e-12,TOWT(HoW-cond),Hog_office_Napoleon,124,False
cusum,14006.427076246839,7939.414743740277,0.7641636730578931,1753.5821495602677,4899.366120210105,585.9359372638103,0.6181818181818182,2,9.094947017729282e-13,TOWT(HoW-cond),Hog_office_Napoleon,124,False
z6,28736.545249756153,21745.98594262971,0.32146435326358364,1684.1174986955739,6088.112439530536,781.6706310996688,0.703125,31,0.0,TOWT(HoW-cond),Hog_office_Shawna,124,True
z12,32918.44947365642,21745.98594262971,0.5137713029200847,3571.988537568199,8382.145624558183,781.6706310996688,0.8359375,25,1.8189894035458565e-12,TOWT(HoW-cond),Hog_office_Shawna,124,False
cusum,35576.34930233817,21745.98594262971,0.635996151022802,4700.9273646420115,9911.106626166113,781.6706310996688,0.9609375,4,0.0,TOWT(HoW-cond),Hog_office_Shawna,124,False
z6,116211.02279206141,146378.57176457968,-0.2060926582958923,-19855.58073990047,430.48128196337547,10742.449514581145,0.4861751152073733,5,3.2741809263825417e-11,TOWT(HoW-cond),Hog_office_Shawnna,124,True
z12,116931.5314612051,146378.57176457968,-0.20117043053770323,-19372.177000461874,667.586211668473,10742.449514581145,0.5126728110599078,3,3.637978807091713e-11,TOWT(HoW-cond),Hog_office_Shawnna,124,False
cusum,118398.74063084161,146378.57176457968,-0.19114704287959558,-19209.475614866533,1972.093995709652,10742.449514581145,0.5311059907834101,2,4.729372449219227e-11,TOWT(HoW-cond),Hog_office_Shawnna,124,False
z6,4177.018493739881,4885.453478772886,-0.14500905353231366,-2106.550571697855,1398.11558666485,0.0,0.23442622950819672,27,4.547473508864641e-13,TOWT(HoW-cond),Hog_office_Sherrie,124,True
z12,5488.6673386945295,4885.453478772886,0.12347141622422259,-1413.429283819658,2016.6431437413014,0.0,0.3344262295081967,21,2.2737367544323206e-13,TOWT(HoW-cond),Hog_office_Sherrie,124,False
cusum,9558.203733394146,4885.453478772886,0.9564619282374064,64.3520109641413,4608.398243657119,0.0,0.7065573770491803,5,0.0,TOWT(HoW-cond),Hog_office_Sherrie,124,False
z6,21953.11887796066,26788.902373174722,-0.18051443197823633,-4217.065105798512,88.50332297052051,707.2217123860731,0.5447042640990372,7,2.7284841053187847e-12,TOWT(HoW-cond),Hog_office_Shon,124,True
z12,22479.287233626448,26788.902373174722,-0.16087315110990666,-3850.481481747407,248.0880545852069,707.2217123860731,0.5722145804676754,6,9.094947017729282e-13,TOWT(HoW-cond),Hog_office_Shon,124,False
cusum,25571.241796719754,26788.902373174722,-0.04545391817450056,-1545.254335302412,1034.8154712335102,707.2217123860731,0.8762035763411279,2,7.275957614183426e-12,TOWT(HoW-cond),Hog_office_Shon,124,False
z6,2627.6495589505603,5659.770485979846,-0.5357321351705573,-4100.608156729717,1163.411989176154,94.92475947572255,0.16049382716049382,31,0.0,TOWT(HoW-cond),Hog_office_Sydney,124,True
z12,3565.9617022219413,5659.770485979846,-0.3699458818947876,-3311.996274292732,1313.1122500105498,94.92475947572255,0.41358024691358025,27,0.0,TOWT(HoW-cond),Hog_office_Sydney,124,False
cusum,4829.605129164485,5659.770485979846,-0.14667827235606332,-2802.9456968079494,2067.7050994683113,94.92475947572255,0.6481481481481481,7,0.0,TOWT(HoW-cond),Hog_office_Sydney,124,False
z6,2468.256268746829,3235.1808664736077,-0.2370577192992419,-856.0319842413774,299.8894831088065,210.78209659420787,0.27406417112299464,16,0.0,TOWT(HoW-cond),Hog_office_Valda,124,True
z12,3341.4733564706057,3235.1808664736077,0.0328551924557029,-241.26673081737317,558.341317408579,210.78209659420787,0.3663101604278075,13,5.684341886080802e-14,TOWT(HoW-cond),Hog_office_Valda,124,False
cusum,6145.8332510676755,3235.1808664736077,0.8996876850865898,1050.268297703843,2071.166183484433,210.78209659420787,0.7994652406417112,1,4.547473508864641e-13,TOWT(HoW-cond),Hog_office_Valda,124,False
z6,4796.939881811104,5435.352705326311,-0.117455638691046,-2053.830348582517,1650.7864838171213,235.3689587498103,0.2518518518518518,11,3.410605131648481e-13,TOWT(HoW-cond),Lamb_education_Armando,124,True
z12,6059.412620241124,5435.352705326311,0.11481498050775502,-1366.4748165485244,2225.903690213148,235.3689587498103,0.4074074074074074,10,5.684341886080801e-13,TOWT(HoW-cond),Lamb_education_Armando,124,False
cusum,17062.055642646596,5435.352705326311,2.139088954784265,2262.2913927789505,9599.780503291146,235.3689587498103,0.9851851851851852,3,0.0,TOWT(HoW-cond),Lamb_education_Armando,124,False
z6,760.148509909913,495.683569918793,0.5335358201088787,94.92735736884475,194.36676453760964,24.829181915334505,0.4446700507614213,23,5.684341886080802e-14,TOWT(HoW-cond),Lamb_education_Eula,124,True
z12,942.7240190897346,495.683569918793,0.9018665864680152,220.72293057355574,251.14670051272046,24.829181915334505,0.6,11,5.684341886080802e-14,TOWT(HoW-cond),Lamb_education_Eula,124,False
cusum,1261.932360721059,495.683569918793,1.5458426248176822,457.3231407675517,333.7548319500487,24.829181915334505,0.9025380710659898,1,1.1368683772161603e-13,TOWT(HoW-cond),Lamb_education_Eula,124,False
z6,5871.298201136791,3911.7728013481587,0.5009302685251298,-1188.4912180753595,3323.4990650427935,175.4824471788012,0.17343173431734318,10,2.2737367544323206e-13,TOWT(HoW-cond),Lamb_education_Lazaro,124,True
z12,8216.34353127516,3911.7728013481587,1.1004143002485902,-844.891293338218,5324.944470444021,175.4824471788012,0.19557195571955718,5,0.0,TOWT(HoW-cond),Lamb_education_Lazaro,124,False
cusum,17179.0597878475,3911.7728013481587,3.391630255705772,5356.817824851274,8085.951608826864,175.4824471788012,0.8228782287822878,3,1.8189894035458565e-12,TOWT(HoW-cond),Lamb_education_Lazaro,124,False
z6,1652.7887268551067,828.5473526716132,0.9948029784004072,120.98855745390756,703.2528167295859,0.0,0.22141119221411193,35,0.0,TOWT(HoW-cond),Lamb_education_Lucas,124,True
z12,1972.2413813361454,828.5473526716132,1.3803604887237197,221.42166459484633,922.2723640696856,0.0,0.3771289537712895,26,2.2737367544323206e-13,TOWT(HoW-cond),Lamb_education_Lucas,124,False
cusum,2478.120722861809,828.5473526716132,1.9909222627665415,503.3680683633306,1146.205301826865,0.0,0.6131386861313869,5,2.2737367544323206e-13,TOWT(HoW-cond),Lamb_education_Lucas,124,False
z6,15506.328492793447,12530.660011929125,0.23747100935078447,2591.662075368762,820.7853012606753,436.7788957651129,0.5319148936170213,11,2.2737367544323206e-12,TOWT(HoW-cond),Lamb_education_Mae,124,True
z12,16410.854155621775,12530.660011929125,0.30965600694606066,2618.4367288242393,1698.5363106335233,436.7788957651129,0.5478723404255319,9,0.0,TOWT(HoW-cond),Lamb_education_Mae,124,False
cusum,20346.242927423533,12530.660011929125,0.6237167801260278,3711.027314881192,4541.334496378333,436.7788957651129,0.8590425531914894,5,4.547473508864641e-12,TOWT(HoW-cond),Lamb_education_Mae,124,False
z6,8.5020577181116e-05,0.0,,0.0,8.5020577181116e-05,0.0,,22,0.0,TOWT(HoW-cond),Lamb_education_Willetta,124,True
z12,8.989556381723025e-05,0.0,,0.0,8.989556381723025e-05,0.0,,13,0.0,TOWT(HoW-cond),Lamb_education_Willetta,124,False
cusum,0.00011793035536856306,0.0,,0.0,0.00011793035536856306,0.0,,1,0.0,TOWT(HoW-cond),Lamb_education_Willetta,124,False
z6,7443.058862113896,3389.4907512393693,1.1959224580838101,868.0556512249682,3538.6716217211897,353.1591620716319,0.31160896130346233,30,0.0,TOWT(HoW-cond),Lamb_education_Williams,124,True
z12,9184.52255921459,3389.4907512393693,1.7097057443972268,1200.940166011751,4947.250804035102,353.1591620716319,0.37474541751527496,24,0.0,TOWT(HoW-cond),Lamb_education_Williams,124,False
cusum,11890.340556376512,3389.4907512393693,2.50800206551052,1291.0539472018609,7562.955020006913,353.1591620716319,0.5580448065173116,4,0.0,TOWT(HoW-cond),Lamb_education_Williams,124,False
z6,3807.8897473837437,2476.678899597335,0.5374983604062845,809.4544574394877,2256.356482882211,1734.6000925352905,0.10066225165562914,10,4.547473508864641e-13,TOWT(HoW-cond),Lamb_office_Caitlin,124,True
z12,4150.338136905263,2476.678899597335,0.6757675520956857,1030.2203956688845,2378.0389341743335,1734.6000925352905,0.2410596026490066,5,4.547473508864641e-13,TOWT(HoW-cond),Lamb_office_Caitlin,124,False
cusum,5938.14835400925,2476.678899597335,1.3976254471157685,2484.373120847519,2711.696426099686,1734.6000925352905,0.35496688741721855,2,9.094947017729282e-13,TOWT(HoW-cond),Lamb_office_Caitlin,124,False
z6,7185.2513373605325,2192.5150835093805,2.2771730472474947,88.73739292471396,5239.243783656728,335.24492273029006,0.04700854700854701,20,0.0,TOWT(HoW-cond),Lamb_office_Velma,124,True
z12,9469.713929889833,2192.5150835093805,3.319110049054911,114.32855399162986,7498.115215119111,335.24492273029006,0.05128205128205128,18,1.8189894035458565e-12,TOWT(HoW-cond),Lamb_office_Velma,124,False
cusum,23414.128346999263,2192.5150835093805,9.679118480463163,222.42681778777842,21334.431368432393,335.24492273029006,0.06837606837606838,4,0.0,TOWT(HoW-cond),Lamb_office_Velma,124,False
z6,9495.920056331976,9401.103471177124,0.010085686796826516,-2659.7949893140276,2896.4401346949744,141.82856022609417,0.2655007949125596,18,1.5916157281026244e-12,TOWT(HoW-cond),Rat_retail_Jeffrey,124,True
z12,11213.356043541542,9401.103471177124,0.19277019744763038,-1971.3717098038878,3925.452842394402,141.82856022609417,0.34022257551669316,15,2.5011104298755527e-12,TOWT(HoW-cond),Rat_retail_Jeffrey,124,False
cusum,17163.589099597397,9401.103471177124,0.8256994141399787,-1402.0037410797104,9306.317929726076,141.82856022609417,0.4149443561208267,7,9.094947017729282e-13,TOWT(HoW-cond),Rat_retail_Jeffrey,124,False
z6,234736.5956338089,96598.2212980391,1.4300302063488817,47884.27503573286,91024.68869273496,770.5893926980148,1.0,1,0.0,TOWT(HoW-cond),Robin_education_Zenia,124,True
z12,234736.5956338089,96598.2212980391,1.4300302063488817,47884.27503573286,91024.68869273496,770.5893926980148,1.0,1,0.0,TOWT(HoW-cond),Robin_education_Zenia,124,False
cusum,234736.5956338089,96598.2212980391,1.4300302063488817,47884.27503573286,91024.68869273496,770.5893926980148,1.0,1,0.0,TOWT(HoW-cond),Robin_education_Zenia,124,False
z6,7157.236868259587,8183.486186309855,-0.1254049062570765,-1567.565778374017,541.3164603237492,0.0,0.5114235500878734,12,0.0,TOWT(HoW-cond),Robin_office_Dina,124,True
z12,7348.752974641963,8183.486186309855,-0.1020021531977797,-1559.581608846901,724.8483971790098,0.0,0.5131810193321616,9,5.684341886080801e-13,TOWT(HoW-cond),Robin_office_Dina,124,False
cusum,10365.864875159647,8183.486186309855,0.2666808056083348,-291.1287797041414,2473.5074685539344,0.0,0.9314586994727593,4,1.3642420526593924e-12,TOWT(HoW-cond),Robin_office_Dina,124,False
z6,5012.707107869555,8038.4596903316215,-0.3764094987129606,-3443.3291779441106,662.6335465590591,245.05695107701519,0.361323155216285,16,4.547473508864641e-13,TOWT(HoW-cond),Robin_office_Sammie,124,True
z12,5510.55805504185,8038.4596903316215,-0.3144758738207325,-3264.6689056098776,981.8242213971221,245.05695107701519,0.4631043256997455,12,9.094947017729282e-13,TOWT(HoW-cond),Robin_office_Sammie,124,False
cusum,8905.968676223256,8038.4596903316215,0.10791980296113744,-1612.7893470379158,2725.355284006565,245.05695107701519,0.7811704834605598,3,4.547473508864641e-13,TOWT(HoW-cond),Robin_office_Sammie,124,False
z6,7158.492934479206,13481.714723603747,-0.469022073138357,-7458.174277457047,1687.3497745314096,552.3972861989043,0.26607142857142857,10,0.0,TOWT(HoW-cond),Shrew_office_Doris,124,True
z12,7765.400881697566,13481.714723603747,-0.42400495479244016,-7320.681154280344,2156.7645985730674,552.3972861989043,0.29464285714285715,7,0.0,TOWT(HoW-cond),Shrew_office_Doris,124,False
cusum,19622.214688922344,13481.714723603747,0.4554687657474184,2653.423033082483,4039.474218435019,552.3972861989043,0.9142857142857143,4,9.094947017729282e-13,TOWT(HoW-cond),Shrew_office_Doris,124,False
z6,37260.13173856347,43987.54832713803,-0.15293911219016712,-5143.9749110836565,1278.227212293276,2861.668889784182,0.47393364928909953,13,1.8189894035458565e-12,TOWT(HoW-cond),Shrew_office_Ila,124,True
z12,38741.98305159535,43987.54832713803,-0.11925113981190985,-4892.215910311628,2508.31952455313,2861.668889784182,0.49170616113744076,9,1.8189894035458565e-12,TOWT(HoW-cond),Shrew_office_Ila,124,False
cusum,51707.15785831713,43987.54832713803,0.1754953350381772,5912.60379470465,4668.6746262586275,2861.668889784182,0.7440758293838863,2,3.637978807091713e-12,TOWT(HoW-cond),Shrew_office_Ila,124,False
z6,3931.098896886823,9362.96485472773,-0.5801437944197926,-5433.7062954757275,1.8403376348202443,0.0,0.302496328928047,8,9.094947017729282e-13,TOWT(HoW-cond),Shrew_office_Kenneth,124,True
z12,3958.924664929792,9362.96485472773,-0.5771718973257948,-5405.880527432759,1.8403376348202443,0.0,0.3377386196769457,8,0.0,TOWT(HoW-cond),Shrew_office_Kenneth,124,False
cusum,5008.170633445767,9362.96485472773,-0.4651084660520814,-5211.961749154508,857.1675278725436,0.0,0.44640234948604995,5,9.094947017729282e-13,TOWT(HoW-cond),Shrew_office_Kenneth,124,False
z6,8527.245951406949,3625.8417730065985,1.3517975921867207,504.94807980506357,4949.432447422042,552.9763488267555,0.6352941176470588,35,0.0,TOWT(HoW-cond),Shrew_office_Nora,124,True
z12,10074.102182275481,3625.8417730065985,1.7784174856372443,711.9329251295726,6289.303832966067,552.9763488267555,0.8470588235294118,29,1.8189894035458565e-12,TOWT(HoW-cond),Shrew_office_Nora,124,False
cusum,15227.98600654338,3625.8417730065985,3.199848465509879,662.1101760582678,11493.010406305268,552.9763488267555,0.8705882352941177,4,3.637978807091713e-12,TOWT(HoW-cond),Shrew_office_Nora,124,False
z6,39728.76927122756,40670.41259053998,-0.023153030897243607,-902.4283841615761,3084.7850738778684,3124.000009028708,0.46808510638297873,21,1.8189894035458565e-12,TOWT(HoW-cond),Shrew_office_Sherill,124,True
z12,43172.269231298174,40670.41259053998,0.06151539857601872,149.53923807416868,5476.317411712742,3124.000009028708,0.513911620294599,16,5.9117155615240335e-12,TOWT(HoW-cond),Shrew_office_Sherill,124,False
cusum,49326.33671035075,40670.41259053998,0.2128309886343311,2183.516765756576,9596.407363082917,3124.000009028708,0.8101472995090017,2,1.4551915228366852e-11,TOWT(HoW-cond),Shrew_office_Sherill,124,False
z6,4291.778385438667,3533.560887216791,0.2145760388521524,-987.5165075758782,1745.7340057977547,0.0,0.3581183611532625,22,2.2737367544323206e-13,TOWT(HoW-cond),Wolf_office_Darleen,124,True
z12,5187.034394692842,3533.560887216791,0.4679340643195793,-555.5753827697172,2209.048890245769,0.0,0.49013657056145676,15,4.547473508864641e-13,TOWT(HoW-cond),Wolf_office_Darleen,124,False
cusum,7682.869185635445,3533.560887216791,1.1742569127447122,930.4960610965686,3218.812237322085,0.0,0.7996965098634294,4,1.8189894035458565e-12,TOWT(HoW-cond),Wolf_office_Darleen,124,False
z6,6522.0333642880805,1612.224977001204,3.045361818186997,929.9365032219,4212.37341959124,232.50153552626406,0.26283367556468173,48,0.0,TOWT(HoW-cond),Wolf_retail_Harriett,124,True
z12,10087.187548957036,1612.224977001204,5.25668730658147,2691.2059229559954,6016.258184526101,232.50153552626406,0.5318275154004107,33,1.8189894035458565e-12,TOWT(HoW-cond),Wolf_retail_Harriett,124,False
cusum,13434.063390644551,1612.224977001204,7.33262328910968,3792.801878639757,8261.538070529854,232.50153552626406,0.7967145790554415,4,0.0,TOWT(HoW-cond),Wolf_retail_Harriett,124,False
z6,1526.9698712655818,987.5867578599267,0.5461627640436203,-256.7219154014093,796.1050288070644,0.0,0.2792022792022792,20,0.0,TOWT(HoW-cond),Wolf_retail_Marcella,124,True
z12,1819.1151222397177,987.5867578599267,0.8419800668264225,-197.21995367322324,1028.748318053014,0.0,0.34472934472934474,13,3.410605131648481e-13,TOWT(HoW-cond),Wolf_retail_Marcella,124,False
cusum,2235.1040081087704,987.5867578599267,1.2631976282794426,42.19012411746428,1205.3271261313791,0.0,0.6780626780626781,5,0.0,TOWT(HoW-cond),Wolf_retail_Marcella,124,False
z6,13431.303470680934,8115.615163571036,0.6549951174336964,107.16048748512003,5661.116254550944,452.5884349261682,0.6167146974063401,28,1.8189894035458565e-12,TOWT(HoW-cond),Wolf_retail_Toshia,124,True
z12,15509.698693037859,8115.615163571036,0.9110934144163233,632.5119126191948,7214.160051773794,452.5884349261682,0.7492795389048992,20,1.8189894035458565e-12,TOWT(HoW-cond),Wolf_retail_Toshia,124,False
cusum,27115.308066409343,8115.615163571036,2.341127877541948,1672.989604564622,17779.291733199854,452.5884349261682,0.9740634005763689,3,0.0,TOWT(HoW-cond),Wolf_retail_Toshia,124,False
z6,1462.5354894879897,3694.9906478493317,-0.6041842513622442,-2025.4619876794886,489.310354676926,696.3035253587796,0.11933534743202417,14,0.0,PatchTST-SSL(HoW-cond),Fox_education_Henrietta,125,False
z12,2457.0280132201633,3694.9906478493317,-0.33503809687575914,-1052.722839266593,511.063729996204,696.3035253587796,0.23867069486404835,12,0.0,PatchTST-SSL(HoW-cond),Fox_education_Henrietta,125,True
cusum,4199.635552966677,3694.9906478493317,0.13657542148613389,266.2963083636,934.6521221125256,696.3035253587796,0.4818731117824773,3,6.821210263296962e-13,PatchTST-SSL(HoW-cond),Fox_education_Henrietta,125,False
z6,7980.840161010824,9155.738379378796,-0.12832369926757203,-4851.318150579191,4082.3506153751587,405.93068316393874,0.15608919382504288,25,9.094947017729282e-13,PatchTST-SSL(HoW-cond),Fox_retail_Manie,125,False
z12,10677.97724050113,9155.738379378796,0.1662606332822734,-4434.517098541909,6362.686642828182,405.93068316393874,0.2641509433962264,12,0.0,PatchTST-SSL(HoW-cond),Fox_retail_Manie,125,True
cusum,11343.854464682241,9155.738379378796,0.23898848947362625,-4285.409059281401,6879.455827748784,405.93068316393874,0.34991423670668953,7,9.094947017729282e-13,PatchTST-SSL(HoW-cond),Fox_retail_Manie,125,False
z6,37566.81944514054,31479.852552345856,0.19336071802347407,2035.2420700094044,4068.4925752717713,16.76775248648599,0.6987522281639929,14,2.7284841053187847e-12,PatchTST-SSL(HoW-cond),Hog_education_Bruno,125,False
z12,38608.13361410801,31479.852552345856,0.22643946790757633,2569.663446202456,4575.385368046187,16.76775248648599,0.732620320855615,13,2.7284841053187847e-12,PatchTST-SSL(HoW-cond),Hog_education_Bruno,125,True
cusum,43993.922854535136,31479.852552345856,0.3975263315284093,2749.3007676927846,9781.53728698298,16.76775248648599,0.7433155080213903,3,1.8189894035458565e-12,PatchTST-SSL(HoW-cond),Hog_education_Bruno,125,False
z6,28282.951400543232,85136.90640907052,-0.6677944666599965,-44299.25201731027,15685.308867914013,28240.01185913104,0.05089408528198074,8,0.0,PatchTST-SSL(HoW-cond),Hog_education_Caridad,125,False
z12,35850.14256763901,85136.90640907052,-0.5789118482249723,-40561.50454959841,19514.75256729794,28240.01185913104,0.08390646492434663,7,0.0,PatchTST-SSL(HoW-cond),Hog_education_Caridad,125,True
cusum,40854.7087704312,85136.90640907052,-0.520129277729094,-40035.10586463068,23992.9200851224,28240.01185913104,0.15955983493810177,3,7.275957614183426e-12,PatchTST-SSL(HoW-cond),Hog_education_Caridad,125,False
z6,62265.8923515319,57301.60804579975,0.0866342930858819,3507.633399167098,2764.0262536510622,1307.3753470860104,0.6877828054298643,10,5.4569682106375694e-12,PatchTST-SSL(HoW-cond),Hog_education_Luvenia,125,False
z12,65356.1768106801,57301.60804579975,0.14056444556394532,4661.86254280834,4700.0815691580265,1307.3753470860104,0.7285067873303167,8,5.4569682106375694e-12,PatchTST-SSL(HoW-cond),Hog_education_Luvenia,125,True
cusum,80275.9594345583,57301.60804579975,0.4009372890616913,5636.998002071668,18644.728733772874,1307.3753470860104,0.832579185520362,2,1.8189894035458565e-11,PatchTST-SSL(HoW-cond),Hog_education_Luvenia,125,False
z6,7714.2382987917135,4337.220297571744,0.7786134366083832,1681.8311582970691,1770.878640525949,75.69179760304814,0.3723252496433666,21,0.0,PatchTST-SSL(HoW-cond),Hog_office_Almeda,125,False
z12,10038.995524786777,4337.220297571744,1.3146150843219229,3055.485310243763,2721.9817145743204,75.69179760304814,0.5620542082738944,18,1.8189894035458565e-12,PatchTST-SSL(HoW-cond),Hog_office_Almeda,125,True
cusum,18786.261880380684,4337.220297571744,3.3314059677573784,4592.848538356924,9931.884842055064,75.69179760304814,0.8601997146932953,2,0.0,PatchTST-SSL(HoW-cond),Hog_office_Almeda,125,False
z6,9726.752104577034,7041.146683197066,0.3814159173517681,1046.3070947939805,2080.7328875564767,441.43456097049,0.40601503759398494,11,9.094947017729282e-13,PatchTST-SSL(HoW-cond),Hog_office_Cortney,125,False
z12,10968.123891801511,7041.146683197066,0.5577184207759444,1546.0131991261205,2822.398570448816,441.43456097049,0.4642857142857143,8,4.547473508864641e-13,PatchTST-SSL(HoW-cond),Hog_office_Cortney,125,True
cusum,20486.00441321366,7041.146683197066,1.909469910931027,4504.37821001229,9381.914080974795,441.43456097049,0.7274436090225563,2,1.8189894035458565e-12,PatchTST-SSL(HoW-cond),Hog_office_Cortney,125,False
z6,8184.364285541141,8319.749503782794,-0.016272751743318308,-457.7622195612057,695.1471274749955,372.7701261554439,0.7198443579766537,12,1.0231815394945443e-12,PatchTST-SSL(HoW-cond),Hog_office_Denita,125,False
z12,8830.25614173018,8319.749503782794,0.06136081834137808,-417.3979162622463,1300.6746803650747,372.7701261554439,0.7431906614785992,11,2.0463630789890885e-12,PatchTST-SSL(HoW-cond),Hog_office_Denita,125,True
cusum,11379.92230710211,8319.749503782794,0.36782030539836896,-260.61022307884105,3693.5531525536007,372.7701261554439,0.980544747081712,3,0.0,PatchTST-SSL(HoW-cond),Hog_office_Denita,125,False
z6,41427.771596010585,68276.98973603806,-0.39323962939531704,-30223.049361445577,4465.622630546426,1091.7914091283226,0.6521739130434783,25,3.637978807091713e-12,PatchTST-SSL(HoW-cond),Hog_office_Garrett,125,False
z12,46460.482557688214,68276.98973603806,-0.31952942364174886,-25777.047665748338,5052.33189652681,1091.7914091283226,0.8695652173913043,17,7.275957614183426e-12,PatchTST-SSL(HoW-cond),Hog_office_Garrett,125,True
cusum,49153.28327155876,68276.98973603806,-0.28009006457977154,-25724.576320155436,7692.661264804448,1091.7914091283226,0.9718670076726342,5,1.4551915228366852e-11,PatchTST-SSL(HoW-cond),Hog_office_Garrett,125,False
z6,66362.23696883125,28205.801421711414,1.352786789378334,-345.4504815940127,60966.599110699965,22464.71308198611,0.022263450834879406,5,1.4551915228366852e-11,PatchTST-SSL(HoW-cond),Hog_office_Lavon,125,False
z12,66647.8042442428,28205.801421711414,1.362911205669223,-345.4504815940127,61252.1663861115,22464.71308198611,0.03339517625231911,5,0.0,PatchTST-SSL(HoW-cond),Hog_office_Lavon,125,True
cusum,148247.34771227572,28205.801421711414,4.255916876666455,-345.4504815940127,142851.70985414443,22464.71308198611,0.022263450834879406,4,0.0,PatchTST-SSL(HoW-cond),Hog_office_Lavon,125,False
z6,394.7849256254352,223.9682659583033,0.7626824226023755,-16.201941165204545,229.75856549182785,42.739964659491385,0.10967741935483871,7,0.0,PatchTST-SSL(HoW-cond),Hog_office_Merilyn,125,False
z12,536.6050313773311,223.9682659583033,1.3958976021952687,37.79385838786101,317.5828716906582,42.739964659491385,0.14838709677419354,7,0.0,PatchTST-SSL(HoW-cond),Hog_office_Merilyn,125,True
cusum,860.1268591086342,223.9682659583033,2.840396117853438,84.1635930685681,594.7349647412542,42.739964659491385,0.5032258064516129,4,1.1368683772161603e-13,PatchTST-SSL(HoW-cond),Hog_office_Merilyn,125,False
z6,3439.5829275952074,4952.39762782504,-0.30547117051548633,-1367.6993090555188,129.7145135382975,274.8299047126119,0.3797313797313797,11,4.547473508864641e-13,PatchTST-SSL(HoW-cond),Hog_office_Miriam,125,False
z12,3709.5417899810204,4952.39762782504,-0.25096042992611006,-1196.0117729869494,227.9858398555419,274.8299047126119,0.4346764346764347,9,4.547473508864641e-13,PatchTST-SSL(HoW-cond),Hog_office_Miriam,125,True
cusum,4049.5589453061093,4952.39762782504,-0.1823033508953992,-1007.9906056295367,379.9818278232184,274.8299047126119,0.5152625152625152,3,6.821210263296962e-13,PatchTST-SSL(HoW-cond),Hog_office_Miriam,125,False
z6,5977.032945362756,4053.084496278672,0.4746874758842438,413.25142458321943,2293.903879155033,783.2068546541666,0.1858974358974359,20,1.1368683772161603e-12,PatchTST-SSL(HoW-cond),Hog_office_Napoleon,125,False
z12,7527.029563949258,4053.084496278672,0.8571114347258684,1454.2768246549153,2802.8750976698375,783.2068546541666,0.3076923076923077,18,4.547473508864641e-13,PatchTST-SSL(HoW-cond),Hog_office_Napoleon,125,True
cusum,16379.843109654896,4053.084496278672,3.0413278145802294,2242.2007768397802,10867.764691190612,783.2068546541666,0.5363247863247863,4,1.8189894035458565e-12,PatchTST-SSL(HoW-cond),Hog_office_Napoleon,125,False
z6,17738.038245016043,10064.748618129255,0.7623925761111587,-1710.231243003138,9383.520869889924,0.0,0.46875,23,1.8189894035458565e-12,PatchTST-SSL(HoW-cond),Hog_office_Shawna,125,False
z12,22047.013356145617,10064.748618129255,1.1905180340453965,-1214.2836577617236,13196.548395778085,0.0,0.56875,21,0.0,PatchTST-SSL(HoW-cond),Hog_office_Shawna,125,True
cusum,39722.00242254498,10064.748618129255,2.9466462531409103,2975.7430556125237,26681.5107488032,0.0,0.946875,4,0.0,PatchTST-SSL(HoW-cond),Hog_office_Shawna,125,False
z6,8272.362080330073,5702.316601369376,0.45070199685922663,178.6241221302016,4092.4455435989285,1701.0241867684344,0.1272264631043257,23,9.094947017729282e-13,PatchTST-SSL(HoW-cond),Hog_office_Shawnna,125,False
z12,10045.39848155126,5702.316601369376,0.7616346449684885,290.6724718427713,5753.433595107547,1701.0241867684344,0.20610687022900764,23,9.094947017729282e-13,PatchTST-SSL(HoW-cond),Hog_office_Shawnna,125,True
cusum,15777.183405698539,5702.316601369376,1.7668024258614023,599.5959539305777,11176.29503716702,1701.0241867684344,0.4223918575063613,7,0.0,PatchTST-SSL(HoW-cond),Hog_office_Shawnna,125,False
z6,4196.826533859192,1861.3228985736177,1.254754689299387,915.0079440372094,1632.7406220098192,212.24493076145416,0.26244343891402716,22,0.0,PatchTST-SSL(HoW-cond),Hog_office_Sherrie,125,False
z12,4532.804848781695,1861.3228985736177,1.4352598102431913,988.7565728440138,1894.9703081255177,212.24493076145416,0.3665158371040724,20,0.0,PatchTST-SSL(HoW-cond),Hog_office_Sherrie,125,True
cusum,9644.027649613312,1861.3228985736177,4.181275993006797,1602.0535405743428,6392.896141226805,212.24493076145416,0.7352941176470589,3,0.0,PatchTST-SSL(HoW-cond),Hog_office_Sherrie,125,False
z6,33063.29300549737,38584.6731595557,-0.1430977562315033,-3347.992072862078,972.9408421316286,3146.3289233278756,0.5601703940362087,8,4.547473508864641e-12,PatchTST-SSL(HoW-cond),Hog_office_Shon,125,False
z12,34422.361849648805,38584.6731595557,-0.10787473286853735,-2182.2896660166443,1166.307279437631,3146.3289233278756,0.6048988285410011,7,5.4569682106375694e-12,PatchTST-SSL(HoW-cond),Hog_office_Shon,125,True
cusum,41809.40398062281,38584.6731595557,0.08357543441490806,3507.9759992820036,2863.0837451129883,3146.3289233278756,0.9574014909478168,4,5.4569682106375694e-12,PatchTST-SSL(HoW-cond),Hog_office_Shon,125,False
z6,33024.345169234395,36208.74372073834,-0.087945568508639,-5097.399790403237,2104.4349132606153,191.4336743613265,0.8094170403587444,26,2.2737367544323206e-12,PatchTST-SSL(HoW-cond),Hog_office_Sydney,125,False
z12,33489.96567188771,36208.74372073834,-0.07508622971896892,-5090.198165812835,2562.8537913235286,191.4336743613265,0.8587443946188341,23,9.094947017729282e-13,PatchTST-SSL(HoW-cond),Hog_office_Sydney,125,True
cusum,35482.30801996299,36208.74372073834,-0.020062438685473864,-4886.996660170858,4351.994633756833,191.4336743613265,0.9887892376681614,2,2.5011104298755527e-12,PatchTST-SSL(HoW-cond),Hog_office_Sydney,125,False
z6,4424.017428573324,4370.366337318555,0.01227610848011565,-365.0290151216418,418.6801063764097,0.0,0.4329268292682927,15,3.979039320256561e-13,PatchTST-SSL(HoW-cond),Hog_office_Valda,125,False
z12,5178.02953145359,4370.366337318555,0.18480446072412712,101.35938100520616,706.3038131298275,0.0,0.5487804878048781,10,5.684341886080801e-13,PatchTST-SSL(HoW-cond),Hog_office_Valda,125,True
cusum,7194.5779900340085,4370.366337318555,0.6462185168779815,357.78190325585274,2466.429749459601,0.0,0.6600609756097561,4,9.094947017729282e-13,PatchTST-SSL(HoW-cond),Hog_office_Valda,125,False
z6,5767.84187446336,6423.818931766165,-0.1021163678912181,-914.8724537670832,779.510769020174,520.6153725558952,0.22568093385214008,14,1.0231815394945443e-12,PatchTST-SSL(HoW-cond),Lamb_education_Armando,125,False
z12,7921.179771832973,6423.818931766165,0.23309511926967136,-310.2133970107152,2328.1896096334176,520.6153725558952,0.2898832684824903,13,0.0,PatchTST-SSL(HoW-cond),Lamb_education_Armando,125,True
cusum,19797.639493139344,6423.818931766165,2.081911196973321,962.3513113342842,12932.084622594792,520.6153725558952,0.6498054474708171,3,1.8189894035458565e-12,PatchTST-SSL(HoW-cond),Lamb_education_Armando,125,False
z6,558.1472137246301,152.55021472214582,2.6587769787229507,127.72929858828218,277.8677004142021,0.0,0.588495575221239,26,0.0,PatchTST-SSL(HoW-cond),Lamb_education_Eula,125,False
z12,685.6980217907757,152.55021472214582,3.4949004040387783,169.9805840364972,363.16722303213265,0.0,0.9469026548672567,17,0.0,PatchTST-SSL(HoW-cond),Lamb_education_Eula,125,True
cusum,818.3418273217528,152.55021472214582,4.364409540899542,169.9805840364972,495.81102856310986,0.0,0.995575221238938,5,1.1368683772161603e-13,PatchTST-SSL(HoW-cond),Lamb_education_Eula,125,False
z6,2648.0638494370883,3560.667444770663,-0.2563012720196211,-1290.9169397187488,1552.243503527349,1173.9301591421752,0.11202635914332784,13,0.0,PatchTST-SSL(HoW-cond),Lamb_education_Lazaro,125,False
z12,3916.0596238651847,3560.667444770663,0.0998105508607563,-985.1065550106955,2514.428893247392,1173.9301591421752,0.1416803953871499,13,2.2737367544323206e-13,PatchTST-SSL(HoW-cond),Lamb_education_Lazaro,125,True
cusum,15002.361932361164,3560.667444770663,3.213356671203379,1403.1471882220358,11212.477458510639,1173.9301591421752,0.4827018121911038,2,1.8189894035458565e-12,PatchTST-SSL(HoW-cond),Lamb_education_Lazaro,125,False
z6,2010.5636747420122,888.1822435421024,1.2636837083387447,334.8878321961355,787.4935990037746,0.0,0.19480519480519481,35,2.2737367544323206e-13,PatchTST-SSL(HoW-cond),Lamb_education_Lucas,125,False
z12,2307.334207492007,888.1822435421024,1.597816184987302,550.8398274698812,868.3121364800234,0.0,0.3825265643447462,30,0.0,PatchTST-SSL(HoW-cond),Lamb_education_Lucas,125,True
cusum,3519.9587487318963,888.1822435421024,2.9631041650801033,1146.363182474699,1485.4133227150949,0.0,0.9881936245572609,3,0.0,PatchTST-SSL(HoW-cond),Lamb_education_Lucas,125,False
z6,7727.799249911627,5651.747395291096,0.3673292009388546,-911.5716856957288,2987.623540316261,0.0,0.2737556561085973,28,9.094947017729282e-13,PatchTST-SSL(HoW-cond),Lamb_education_Mae,125,False
z12,11115.34946709291,5651.747395291096,0.9667102383864431,-362.6496698590099,5826.2517416608225,0.0,0.37104072398190047,26,1.8189894035458565e-12,PatchTST-SSL(HoW-cond),Lamb_education_Mae,125,True
cusum,21921.288092449595,5651.747395291096,2.8786744274370615,4078.187926764361,12191.352770394136,0.0,0.9434389140271493,4,3.637978807091713e-12,PatchTST-SSL(HoW-cond),Lamb_education_Mae,125,False
z6,0.00014546340605490782,0.0,,0.0,0.00014546340605490782,0.0,,11,0.0,PatchTST-SSL(HoW-cond),Lamb_education_Willetta,125,False
z12,0.00020669871297509105,0.0,,0.0,0.00020669871297509105,0.0,,10,0.0,PatchTST-SSL(HoW-cond),Lamb_education_Willetta,125,True
cusum,0.0007017242122455842,0.0,,0.0,0.0007017242122455842,0.0,,2,0.0,PatchTST-SSL(HoW-cond),Lamb_education_Willetta,125,False
z6,5562.666990913896,3993.9243071204255,0.3927822770693711,-1481.3385232030419,3050.081206996513,0.0,0.15121255349500715,25,4.547473508864641e-13,PatchTST-SSL(HoW-cond),Lamb_education_Williams,125,False
z12,8070.184124245188,3993.9243071204255,1.0206151903924539,-985.801940275921,5062.061757400684,0.0,0.2653352353780314,22,0.0,PatchTST-SSL(HoW-cond),Lamb_education_Williams,125,True
cusum,17487.084894509986,3993.9243071204255,3.3784217100293463,1772.1156144578708,11721.044972931686,0.0,0.7703281027104137,5,3.637978807091713e-12,PatchTST-SSL(HoW-cond),Lamb_education_Williams,125,False
z6,3419.0919336535426,1485.8833082739716,1.3010500990318146,-126.60611418415922,3249.7553981682227,1189.9406586044922,0.049281314168377825,23,2.2737367544323206e-13,PatchTST-SSL(HoW-cond),Lamb_office_Caitlin,125,False
z12,3916.3977054973657,1485.8833082739716,1.635737062048784,-99.34195596490602,3719.7970117927925,1189.9406586044922,0.1704312114989733,17,4.547473508864641e-13,PatchTST-SSL(HoW-cond),Lamb_office_Caitlin,125,True
cusum,4727.867516018505,1485.8833082739716,2.1818565359015167,-95.17374889475929,4527.0986152437845,1189.9406586044922,0.35523613963039014,3,4.547473508864641e-13,PatchTST-SSL(HoW-cond),Lamb_office_Caitlin,125,False
z6,41775.498074626455,40802.928400161436,0.023835781219594315,-2361.834288945007,3334.4039634100272,0.0,0.4686234817813765,16,9.094947017729282e-13,PatchTST-SSL(HoW-cond),Lamb_office_Velma,125,False
z12,44510.98948001105,40802.928400161436,0.09087732732033375,-874.7961659979774,4582.857245847586,0.0,0.5323886639676113,14,4.547473508864641e-12,PatchTST-SSL(HoW-cond),Lamb_office_Velma,125,True
cusum,58387.31780214823,40802.928400161436,0.43095900445021057,5360.600101205666,12223.789300781136,0.0,0.9190283400809717,1,7.275957614183426e-12,PatchTST-SSL(HoW-cond),Lamb_office_Velma,125,False
z6,6408.6181208962535,5272.353145253515,0.2155138216918704,-2308.7931091352957,3445.0580847780334,0.0,0.37553648068669526,53,4.547473508864641e-13,PatchTST-SSL(HoW-cond),Rat_retail_Jeffrey,125,False
z12,8436.474375926722,5272.353145253515,0.6001345402141236,-1506.8464153882524,4670.96764606146,0.0,0.6094420600858369,50,9.094947017729282e-13,PatchTST-SSL(HoW-cond),Rat_retail_Jeffrey,125,True
cusum,9267.620394383455,5272.353145253515,0.7577768671900736,-1504.9328082701168,5500.200057400058,0.0,0.9656652360515021,6,9.094947017729282e-13,PatchTST-SSL(HoW-cond),Rat_retail_Jeffrey,125,False
z6,108481.47683464564,11586.30055131238,8.36290892457109,18058.233486254845,78836.9427970784,0.0,0.6363636363636364,3,1.4551915228366852e-11,PatchTST-SSL(HoW-cond),Robin_education_Zenia,125,False
z12,121933.96745750375,11586.30055131238,9.523977599018203,26165.6859890818,84181.98091710955,0.0,0.93048128342246,1,1.4551915228366852e-11,PatchTST-SSL(HoW-cond),Robin_education_Zenia,125,True
cusum,123095.38820866731,11586.30055131238,9.624218460716893,26165.6859890818,85343.40166827312,0.0,0.93048128342246,1,1.4551915228366852e-11,PatchTST-SSL(HoW-cond),Robin_education_Zenia,125,False
z6,3781.480496932182,3980.517788624134,-0.05000286451696755,-461.84651754751985,262.80922585556806,0.0,0.49640287769784175,18,5.684341886080802e-14,PatchTST-SSL(HoW-cond),Robin_office_Dina,125,False
z12,4681.051584348984,3980.517788624134,0.17599062054863704,-28.529236516220863,729.0630322410707,0.0,0.7002398081534772,17,0.0,PatchTST-SSL(HoW-cond),Robin_office_Dina,125,True
cusum,6229.146651513777,3980.517788624134,0.5649086330717998,284.6750930987605,1963.9537697908822,0.0,0.9928057553956835,5,4.547473508864641e-13,PatchTST-SSL(HoW-cond),Robin_office_Dina,125,False
z6,18070.443999418698,39039.89350001495,-0.5371287578074009,-14430.134017750323,32.84924194196569,6572.164724787894,0.305,10,0.0,PatchTST-SSL(HoW-cond),Robin_office_Sammie,125,False
z12,19773.810244166987,39039.89350001495,-0.4934973312834623,-12887.413286587318,193.49475552724576,6572.164724787894,0.3725,8,3.637978807091713e-12,PatchTST-SSL(HoW-cond),Robin_office_Sammie,125,True
cusum,30876.10462384623,39039.89350001495,-0.20911401503094762,-2612.2078778367904,1020.5837264559649,6572.164724787894,0.6791666666666667,2,1.8189894035458565e-12,PatchTST-SSL(HoW-cond),Robin_office_Sammie,125,False
z6,22718.93023260729,27814.793941622735,-0.1832069552523224,-6171.174026076002,1075.3103170605557,0.0,0.7547169811320755,14,1.8189894035458565e-12,PatchTST-SSL(HoW-cond),Shrew_office_Doris,125,False
z12,24377.927283647703,27814.793941622735,-0.12356254247967016,-6163.150053492853,2726.283395517822,0.0,0.7688679245283019,12,9.094947017729282e-13,PatchTST-SSL(HoW-cond),Shrew_office_Doris,125,True
cusum,30354.242211590517,27814.793941622735,0.09129847502367043,-4669.76858435672,7209.2168543245025,0.0,0.9929245283018868,4,0.0,PatchTST-SSL(HoW-cond),Shrew_office_Doris,125,False
z6,21168.642764363998,34838.371833330086,-0.39237565792004586,-14450.828535207576,781.0994662414926,0.0,0.3421891604675877,14,3.637978807091713e-12,PatchTST-SSL(HoW-cond),Shrew_office_Ila,125,False
z12,21802.095689299444,34838.371833330086,-0.37419303652872654,-14206.46054339115,1170.184399360509,0.0,0.3708820403825717,11,1.8189894035458565e-12,PatchTST-SSL(HoW-cond),Shrew_office_Ila,125,True
cusum,39904.69040580952,34838.371833330086,0.14542351739964074,-4189.497822963196,9255.816395442633,0.0,0.7098831030818279,5,5.4569682106375694e-12,PatchTST-SSL(HoW-cond),Shrew_office_Ila,125,False
z6,1087.6198390022469,3764.3168924736374,-0.711071126563008,-3127.9209118782715,451.2238584068812,0.0,0.1744186046511628,22,4.547473508864641e-13,PatchTST-SSL(HoW-cond),Shrew_office_Kenneth,125,False
z12,1421.603646645095,3764.3168924736374,-0.6223475102514763,-3025.391612527853,682.6783666993105,0.0,0.27906976744186046,20,0.0,PatchTST-SSL(HoW-cond),Shrew_office_Kenneth,125,True
cusum,3536.693462154903,3764.3168924736374,-0.060468721635482885,-2200.688660381676,1973.0652300629413,0.0,0.5552325581395349,5,4.547473508864641e-13,PatchTST-SSL(HoW-cond),Shrew_office_Kenneth,125,False
z6,11497.45771256163,18869.674641874823,-0.3906912582876795,-8058.035350417369,685.8184211041788,0.0,0.4363957597173145,17,1.8189894035458565e-12,PatchTST-SSL(HoW-cond),Shrew_office_Nora,125,False
z12,12766.950346335483,18869.674641874823,-0.3234143890322528,-7205.730883509423,1103.0065879700826,0.0,0.5459363957597173,15,9.094947017729282e-13,PatchTST-SSL(HoW-cond),Shrew_office_Nora,125,True
cusum,20270.488288491593,18869.674641874823,0.07423623741281375,-3655.6292188688876,5056.4428654856565,0.0,0.9946996466431095,3,1.8189894035458565e-12,PatchTST-SSL(HoW-cond),Shrew_office_Nora,125,False
z6,11806.793440672596,38173.23720263379,-0.6907049465572184,-27880.214820924542,1513.7710589633487,0.0,0.2007255139056832,21,0.0,PatchTST-SSL(HoW-cond),Shrew_office_Sherill,125,False
z12,15129.43441959408,38173.23720263379,-0.603663835495979,-25177.45880223856,2133.656019198848,0.0,0.33373639661426846,17,3.637978807091713e-12,PatchTST-SSL(HoW-cond),Shrew_office_Sherill,125,True
cusum,37356.03715179794,38173.23720263379,-0.021407669632468866,-8300.678979052176,7483.4789282163165,0.0,0.9407496977025392,3,5.4569682106375694e-12,PatchTST-SSL(HoW-cond),Shrew_office_Sherill,125,False
z6,4801.855824799487,6133.110195241102,-0.21706023992110599,-783.9771472125572,709.4851392581487,1256.7623624872067,0.3694029850746269,13,4.547473508864641e-13,PatchTST-SSL(HoW-cond),Wolf_office_Darleen,125,False
z12,5066.999977292053,6133.110195241102,-0.17382864224032396,-649.975054545972,840.6271990841292,1256.7623624872067,0.44776119402985076,10,4.547473508864641e-13,PatchTST-SSL(HoW-cond),Wolf_office_Darleen,125,True
cusum,5946.122759250191,6133.110195241102,-0.030488191152345682,-636.2663115761507,1706.0412380724465,1256.7623624872067,0.4552238805970149,5,0.0,PatchTST-SSL(HoW-cond),Wolf_office_Darleen,125,False
z6,5180.611560656553,3832.8535001567175,0.3516330745343458,-580.2233269522021,1927.9813874520373,0.0,0.3882783882783883,22,0.0,PatchTST-SSL(HoW-cond),Wolf_retail_Harriett,125,False
z12,7382.1040239866725,3832.8535001567175,0.9260073529251336,-240.06467322821663,3789.3151970581716,0.0,0.48717948717948717,18,0.0,PatchTST-SSL(HoW-cond),Wolf_retail_Harriett,125,True
cusum,15306.229296148755,3832.8535001567175,2.9934292546070216,663.7806233806418,10809.595172611393,0.0,1.0,2,1.8189894035458565e-12,PatchTST-SSL(HoW-cond),Wolf_retail_Harriett,125,False
z6,712.3637901355276,1198.7522063529384,-0.4057455858180983,-540.0450909976795,273.7193272592324,220.06265247896363,0.11693057247259439,9,1.1368683772161603e-13,PatchTST-SSL(HoW-cond),Wolf_retail_Marcella,125,False
z12,1023.7197708185963,1198.7522063529384,-0.14601219051505027,-303.00436202569847,348.0345789703201,220.06265247896363,0.1900121802679659,7,1.1368683772161603e-13,PatchTST-SSL(HoW-cond),Wolf_retail_Marcella,125,True
cusum,1184.3849965271934,1198.7522063529384,-0.011985137336644039,-302.96538591528565,508.6608285685044,220.06265247896363,0.19366626065773446,4,1.7053025658242404e-13,PatchTST-SSL(HoW-cond),Wolf_retail_Marcella,125,False
z6,8525.432902449218,10746.240803187698,-0.20665904863026274,-5005.957342049667,3233.0271773115683,447.8777360003793,0.2220744680851064,24,2.2737367544323206e-12,PatchTST-SSL(HoW-cond),Wolf_retail_Toshia,125,False
z12,10199.314969928955,10746.240803187698,-0.0508946191766433,-4243.337724753083,4144.289627494722,447.8777360003793,0.31648936170212766,20,2.1600499167107046e-12,PatchTST-SSL(HoW-cond),Wolf_retail_Toshia,125,True
cusum,15145.34676315413,10746.240803187698,0.4093623100890786,-777.4378953150353,5624.42159128185,447.8777360003793,0.7659574468085106,4,3.637978807091713e-12,PatchTST-SSL(HoW-cond),Wolf_retail_Toshia,125,False
z6,1492.979318813991,3694.9906478493317,-0.5959450344798628,-2125.0079867903155,580.885,657.8883422450255,0.11782477341389729,15,4.547473508864641e-13,HOW-profile(HoW-cond),Fox_education_Henrietta,125,True
z12,2214.7367319475493,3694.9906478493317,-0.40061100472970446,-1459.3155736567571,636.95,657.8883422450255,0.21299093655589124,14,0.0,HOW-profile(HoW-cond),Fox_education_Henrietta,125,False
cusum,4893.963826205795,3694.9906478493317,0.32448611989162285,850.116520601488,1006.745,657.8883422450255,0.48942598187311176,2,9.094947017729282e-13,HOW-profile(HoW-cond),Fox_education_Henrietta,125,False
z6,14939.949593451252,9155.738379378796,0.6317580269768376,-1952.5181027636054,8142.660000000002,405.93068316393874,0.37392795883361923,30,9.094947017729282e-13,HOW-profile(HoW-cond),Fox_retail_Manie,125,True
z12,17190.32691263158,9155.738379378796,0.8775467581455642,-1700.0657835832772,10140.585,405.93068316393874,0.451114922813036,15,0.0,HOW-profile(HoW-cond),Fox_retail_Manie,125,False
cusum,17238.874593451255,9155.738379378796,0.8828491902169107,-1898.4881027636056,10387.555,405.93068316393874,0.3893653516295026,5,3.637978807091713e-12,HOW-profile(HoW-cond),Fox_retail_Manie,125,False
z6,34632.71748506563,31479.852552345856,0.10015500954069194,843.646185206253,2325.986500000001,16.76775248648599,0.750445632798574,20,6.821210263296962e-12,HOW-profile(HoW-cond),Hog_education_Bruno,125,True
z12,35033.332606853386,31479.852552345856,0.11288108953492311,925.2263069940163,2645.0215000000007,16.76775248648599,0.7878787878787878,15,4.547473508864641e-13,HOW-profile(HoW-cond),Hog_education_Bruno,125,False
cusum,36306.38949578165,31479.852552345856,0.1533214596672603,1059.9246959222728,3783.3800000000006,16.76775248648599,0.8288770053475936,5,8.185452315956354e-12,HOW-profile(HoW-cond),Hog_education_Bruno,125,False
z6,41198.67489938857,85136.90640907052,-0.5160891247159617,-33295.19765055092,17596.978,28240.01185913104,0.07702888583218707,8,1.4551915228366852e-11,HOW-profile(HoW-cond),Hog_education_Caridad,125,True
z12,46641.703058705025,85136.90640907052,-0.4521564733090208,-27947.310491234453,17692.119,28240.01185913104,0.11279229711141678,7,0.0,HOW-profile(HoW-cond),Hog_education_Caridad,125,False
cusum,70369.39081484036,85136.90640907052,-0.1734560981494252,-10448.499235099116,23920.995499999997,28240.01185913104,0.41127922971114167,2,7.275957614183426e-12,HOW-profile(HoW-cond),Hog_education_Caridad,125,False
z6,63764.58921082184,57301.60804579975,0.1127888271452415,5529.716012108089,2240.6404999999995,1307.3753470860104,0.755656108597285,10,9.094947017729282e-12,HOW-profile(HoW-cond),Hog_education_Luvenia,125,True
z12,64698.94531229838,57301.60804579975,0.12909475874719123,5726.914113584637,2977.7985,1307.3753470860104,0.7782805429864253,10,3.637978807091713e-12,HOW-profile(HoW-cond),Hog_education_Luvenia,125,False
cusum,73987.32351820779,57301.60804579975,0.29119105102725146,6561.082819494055,11432.008,1307.3753470860104,0.8280542986425339,5,7.275957614183426e-12,HOW-profile(HoW-cond),Hog_education_Luvenia,125,False
z6,10227.35980738789,4337.220297571744,1.3580448088177182,1339.2453074191935,4626.585999999999,75.69179760304814,0.4108416547788873,31,9.094947017729282e-13,HOW-profile(HoW-cond),Hog_office_Almeda,125,True
z12,12422.476264251774,4337.220297571744,1.8641561673052853,2831.0697642830783,5329.878,75.69179760304814,0.6262482168330956,20,9.094947017729282e-13,HOW-profile(HoW-cond),Hog_office_Almeda,125,False
cusum,17206.647718990804,4337.220297571744,2.9672063069114096,4201.596219022107,8743.523,75.69179760304814,0.8630527817403709,4,0.0,HOW-profile(HoW-cond),Hog_office_Almeda,125,False
z6,8193.251749429146,7041.146683197066,0.16362463645040295,-948.8884272104078,2109.4725000000003,8.479006557511866,0.43045112781954886,22,2.2737367544323206e-13,HOW-profile(HoW-cond),Hog_office_Cortney,125,True
z12,9236.553705965363,7041.146683197066,0.3117968026440067,-916.0374706741914,3119.9235000000003,8.479006557511866,0.5037593984962406,11,9.094947017729282e-13,HOW-profile(HoW-cond),Hog_office_Cortney,125,False
cusum,9901.340368689856,7041.146683197066,0.4062113479780692,-624.8488079496992,3493.5215000000003,8.479006557511866,0.5657894736842105,5,1.8189894035458565e-12,HOW-profile(HoW-cond),Hog_office_Cortney,125,False
z6,8146.653693955643,8319.749503782794,-0.020805411238457198,-449.5109336717087,649.18525,372.7701261554439,0.7898832684824902,11,1.3642420526593924e-12,HOW-profile(HoW-cond),Hog_office_Denita,125,True
z12,8381.900552623043,8319.749503782794,0.007470302899383031,-372.0695750043096,806.9907499999998,372.7701261554439,0.8482490272373541,8,2.8421709430404007e-12,HOW-profile(HoW-cond),Hog_office_Denita,125,False
cusum,9039.418864412748,8319.749503782794,0.08650132558711503,-287.5485132146032,1379.9879999999998,372.7701261554439,0.9766536964980544,4,1.3642420526593924e-12,HOW-profile(HoW-cond),Hog_office_Denita,125,False
z6,60669.20709998452,68276.98973603806,-0.11142527907960754,-9819.175476925222,3303.1842500000002,1091.7914091283226,0.731457800511509,28,4.547473508864641e-12,HOW-profile(HoW-cond),Hog_office_Garrett,125,True
z12,69830.40987654208,68276.98973603806,0.022751737393660952,-1981.8377003676724,4627.049250000001,1091.7914091283226,0.8746803069053708,22,1.6143530956469476e-11,HOW-profile(HoW-cond),Hog_office_Garrett,125,False
cusum,72419.84059178267,68276.98973603806,0.060677116430602286,-1687.0929851270703,6921.7352500000015,1091.7914091283226,0.9207161125319693,4,1.000444171950221e-11,HOW-profile(HoW-cond),Hog_office_Garrett,125,False
z6,280356.7928331791,28205.801421711414,8.939685408739157,1363.4797434538204,273252.22474999994,22464.71308198611,0.12987012987012986,5,2.9103830456733704e-11,HOW-profile(HoW-cond),Hog_office_Lavon,125,True
z12,280636.30765402666,28205.801421711414,8.949595243126362,1642.9945643013198,273252.22475,22464.71308198611,0.16326530612244897,5,2.9103830456733704e-11,HOW-profile(HoW-cond),Hog_office_Lavon,125,False
cusum,295666.13224699127,28205.801421711414,9.482458123646943,10724.755157266,279200.28875,22464.71308198611,0.5009276437847866,2,0.0,HOW-profile(HoW-cond),Hog_office_Lavon,125,False
z6,262.4430600465003,223.9682659583033,0.1717868106161073,-32.15523424415717,140.29699999999997,69.66697166764581,0.03225806451612903,6,1.4210854715202004e-14,HOW-profile(HoW-cond),Hog_office_Merilyn,125,True
z12,311.0295600465003,223.9682659583033,0.38872156158232435,-32.15523424415717,188.8835,69.66697166764581,0.03225806451612903,6,0.0,HOW-profile(HoW-cond),Hog_office_Merilyn,125,False
cusum,407.1476005905711,223.9682659583033,0.8178807557780113,-6.637693700086345,259.484,69.66697166764581,0.05161290322580645,5,5.684341886080802e-14,HOW-profile(HoW-cond),Hog_office_Merilyn,125,False
z6,3780.9074808159485,4952.39762782504,-0.2365500985678282,-944.1377422964797,47.477500000000006,274.8299047126119,0.3882783882783883,13,0.0,HOW-profile(HoW-cond),Hog_office_Miriam,125,True
z12,3908.5238023962347,4952.39762782504,-0.21078150501563156,-852.4744207161939,83.4305,274.8299047126119,0.4444444444444444,12,4.547473508864641e-13,HOW-profile(HoW-cond),Hog_office_Miriam,125,False
cusum,4226.795520304982,4952.39762782504,-0.14651531683224772,-656.5852028074469,205.81300000000002,274.8299047126119,0.6275946275946276,3,9.094947017729282e-13,HOW-profile(HoW-cond),Hog_office_Miriam,125,False
z6,7029.2100931758705,4053.084496278672,0.7342865907754255,-141.3920484486348,3900.7244999999994,783.2068546541666,0.2329059829059829,35,4.547473508864641e-13,HOW-profile(HoW-cond),Hog_office_Napoleon,125,True
z12,9732.602097291596,4053.084496278672,1.401282802326859,811.1159556670923,5651.608499999999,783.2068546541666,0.4188034188034188,25,1.8189894035458565e-12,HOW-profile(HoW-cond),Hog_office_Napoleon,125,False
cusum,13982.04974071635,4053.084496278672,2.449730631955472,1995.9735990918439,8716.198499999999,783.2068546541666,0.7905982905982906,3,1.8189894035458565e-12,HOW-profile(HoW-cond),Hog_office_Napoleon,125,False
z6,19664.840297446543,10064.748618129255,0.953833229577637,-568.2023206827107,10168.294000000002,0.0,0.578125,37,3.637978807091713e-12,HOW-profile(HoW-cond),Hog_office_Shawna,125,True
z12,23948.235398971297,10064.748618129255,1.3794171427028228,1164.3732808420427,12719.1135,0.0,0.784375,31,0.0,HOW-profile(HoW-cond),Hog_office_Shawna,125,False
cusum,31995.136068547446,10064.748618129255,2.1789304713399207,2392.680950418193,19537.7065,0.0,0.946875,4,3.637978807091713e-12,HOW-profile(HoW-cond),Hog_office_Shawna,125,False
z6,7439.847739411602,5702.316601369376,0.3047061851362248,51.48970274192379,2526.1625000000004,840.1210646996985,0.35877862595419846,44,2.2737367544323206e-13,HOW-profile(HoW-cond),Hog_office_Shawnna,125,True
z12,10518.386058241394,5702.316601369376,0.8445812103304592,2285.267021571718,3370.9235,840.1210646996985,0.6157760814249363,35,9.094947017729282e-13,HOW-profile(HoW-cond),Hog_office_Shawnna,125,False
cusum,12404.247384553408,5702.316601369376,1.1752996635743802,2844.327347883732,4697.724499999999,840.1210646996985,0.8447837150127226,7,9.094947017729282e-13,HOW-profile(HoW-cond),Hog_office_Shawnna,125,False
z6,2886.8931030126378,1861.3228985736177,0.5509899465723772,532.1924257226101,719.0805000000001,225.70272128359017,0.3167420814479638,21,0.0,HOW-profile(HoW-cond),Hog_office_Sherrie,125,True
z12,3214.512771051901,1861.3228985736177,0.7270043652905518,720.7765937618733,858.116,225.70272128359017,0.4095022624434389,17,0.0,HOW-profile(HoW-cond),Hog_office_Sherrie,125,False
cusum,4621.276726638458,1861.3228985736177,1.4827915297124792,960.8550493484299,2024.8015000000005,225.70272128359017,0.7714932126696833,5,0.0,HOW-profile(HoW-cond),Hog_office_Sherrie,125,False
z6,36190.826850962825,38584.6731595557,-0.06204137841711964,-93.72438526499172,846.2069999999999,3146.3289233278756,0.6027689030883919,8,6.821210263296962e-12,HOW-profile(HoW-cond),Hog_office_Shon,125,True
z12,36710.096640135365,38584.6731595557,-0.048583449487016976,103.17140390754503,1168.5810000000001,3146.3289233278756,0.6155484558040468,8,3.637978807091713e-12,HOW-profile(HoW-cond),Hog_office_Shon,125,False
cusum,43865.95924066259,38584.6731595557,0.13687523176022942,6194.53750443476,2233.0775000000003,3146.3289233278756,0.9584664536741214,4,5.4569682106375694e-12,HOW-profile(HoW-cond),Hog_office_Shon,125,False
z6,33207.24950798452,36208.74372073834,-0.08289418257377253,-3602.4725383924924,792.4119999999998,191.4336743613265,0.820627802690583,26,4.092726157978177e-12,HOW-profile(HoW-cond),Hog_office_Sydney,125,True
z12,33725.87958493999,36208.74372073834,-0.068570844516108,-3239.8559614370242,948.4254999999996,191.4336743613265,0.9192825112107623,22,9.094947017729282e-13,HOW-profile(HoW-cond),Hog_office_Sydney,125,False
cusum,34236.75446395493,36208.74372073834,-0.05446168671281366,-3139.3675824220845,1358.812,191.4336743613265,0.9887892376681614,2,6.821210263296962e-13,HOW-profile(HoW-cond),Hog_office_Sydney,125,False
z6,3810.0107532413585,4370.366337318555,-0.1282170739995686,-595.5290840771972,35.173500000000004,0.0,0.4740853658536585,16,3.410605131648481e-13,HOW-profile(HoW-cond),Hog_office_Valda,125,True
z12,4706.787423869728,4370.366337318555,0.07697777728115669,154.73158655117277,181.6895,0.0,0.6067073170731707,10,5.115907697472721e-13,HOW-profile(HoW-cond),Hog_office_Valda,125,False
cusum,6220.0797317968245,4370.366337318555,0.4232398960891602,450.77689447826924,1398.9364999999998,0.0,0.7103658536585366,3,0.0,HOW-profile(HoW-cond),Hog_office_Valda,125,False
z6,10254.909116882203,6423.818931766165,0.5963882584191578,549.2055576719358,3802.5,520.6153725558952,0.4396887159533074,22,2.7284841053187847e-12,HOW-profile(HoW-cond),Lamb_education_Armando,125,True
z12,12733.53710045139,6423.818931766165,0.9822378612640053,965.2835412411223,5865.05,520.6153725558952,0.5291828793774319,17,1.8189894035458565e-12,HOW-profile(HoW-cond),Lamb_education_Armando,125,False
cusum,18208.43315146956,6423.818931766165,1.8345184297502188,2225.7295922592857,10079.5,520.6153725558952,0.877431906614786,3,1.8189894035458565e-12,HOW-profile(HoW-cond),Lamb_education_Armando,125,False
z6,676.6112016311918,152.55021472214582,3.435334311810494,172.16608690904604,351.8949,0.0,0.7079646017699115,33,1.1368683772161603e-13,HOW-profile(HoW-cond),Lamb_education_Eula,125,True
z12,732.9239798158733,152.55021472214582,3.8044768809458396,186.18396509372747,394.18980000000005,0.0,0.8672566371681416,24,1.1368683772161603e-13,HOW-profile(HoW-cond),Lamb_education_Eula,125,False
cusum,859.4255665454604,152.55021472214582,4.6337224310749985,194.51105182331457,512.3643,0.0,1.0,2,0.0,HOW-profile(HoW-cond),Lamb_education_Eula,125,False
z6,1775.4103264442124,3560.667444770663,-0.5013827171499405,-160.12304199693784,1497.0,3122.134076329513,0.0016474464579901153,4,0.0,HOW-profile(HoW-cond),Lamb_education_Lazaro,125,True
z12,2351.7103264442126,3560.667444770663,-0.3395310393566725,-160.12304199693784,2073.3,3122.134076329513,0.0016474464579901153,3,0.0,HOW-profile(HoW-cond),Lamb_education_Lazaro,125,False
cusum,8034.271777777541,3560.667444770663,1.2563948760721781,84.18840933639046,7511.549999999999,3122.134076329513,0.07248764415156507,2,0.0,HOW-profile(HoW-cond),Lamb_education_Lazaro,125,False
z6,1979.589437377953,888.1822435421024,1.2288099675166664,572.3721938358505,519.0350000000001,0.0,0.5348288075560803,32,0.0,HOW-profile(HoW-cond),Lamb_education_Lucas,125,True
z12,2168.17942040274,888.1822435421024,1.4411424976882714,696.634676860638,583.3625,0.0,0.6847697756788665,27,0.0,HOW-profile(HoW-cond),Lamb_education_Lucas,125,False
cusum,2699.248274658155,888.1822435421024,2.039070296984836,851.9715311160527,959.0944999999999,0.0,0.9752066115702479,6,0.0,HOW-profile(HoW-cond),Lamb_education_Lucas,125,False
z6,10306.920375394639,5651.747395291096,0.8236696820495063,207.0229801035448,4448.15,0.0,0.3755656108597285,34,1.8189894035458565e-12,HOW-profile(HoW-cond),Lamb_education_Mae,125,True
z12,13379.918369453335,5651.747395291096,1.3673949725002166,1902.2445741622387,5825.9264,0.0,0.5429864253393665,31,0.0,HOW-profile(HoW-cond),Lamb_education_Mae,125,False
cusum,26224.37767025087,5651.747395291096,3.640047729680985,4437.766574959774,16134.8637,0.0,0.9411764705882353,3,0.0,HOW-profile(HoW-cond),Lamb_education_Mae,125,False
z6,0.0,0.0,,0.0,0.0,0.0,,0,0.0,HOW-profile(HoW-cond),Lamb_education_Willetta,125,True
z12,0.0,0.0,,0.0,0.0,0.0,,0,0.0,HOW-profile(HoW-cond),Lamb_education_Willetta,125,False
cusum,0.0,0.0,,0.0,0.0,0.0,,0,0.0,HOW-profile(HoW-cond),Lamb_education_Willetta,125,False
z6,5313.87209500817,3993.9243071204255,0.3304889342881442,478.7262610527923,1301.8,460.5784731650495,0.46790299572039945,18,1.3642420526593924e-12,HOW-profile(HoW-cond),Lamb_education_Williams,125,True
z12,8838.174207433272,3993.9243071204255,1.2129047843186334,1655.7283734778957,3649.0999999999995,460.5784731650495,0.5977175463623395,11,9.094947017729282e-13,HOW-profile(HoW-cond),Lamb_education_Williams,125,False
cusum,12292.135088053266,3993.9243071204255,2.0777085750319984,2585.789254097889,6173.0,460.5784731650495,0.8102710413694721,2,0.0,HOW-profile(HoW-cond),Lamb_education_Williams,125,False
z6,4253.276102122132,1485.8833082739716,1.862456343939157,17.700000000000017,4113.4196,1363.7268061518403,0.002053388090349076,11,9.094947017729282e-13,HOW-profile(HoW-cond),Lamb_office_Caitlin,125,True
z12,4494.0761021221315,1485.8833082739716,2.024514830402483,17.700000000000017,4354.2196,1363.7268061518403,0.012320328542094456,7,0.0,HOW-profile(HoW-cond),Lamb_office_Caitlin,125,False
cusum,7214.326102122132,1485.8833082739716,3.855244057154408,17.700000000000017,7074.4696,1363.7268061518403,0.006160164271047228,1,0.0,HOW-profile(HoW-cond),Lamb_office_Caitlin,125,False
z6,50803.992547801914,40802.928400161436,0.2451065288637692,5542.114147640481,4458.95,0.0,0.6346153846153846,25,3.637978807091713e-12,HOW-profile(HoW-cond),Lamb_office_Velma,125,True
z12,54453.60694705318,40802.928400161436,0.33455144231358,7474.628546891734,6176.05,0.0,0.7388663967611336,11,1.0913936421275139e-11,HOW-profile(HoW-cond),Lamb_office_Velma,125,False
cusum,63447.324406141226,40802.928400161436,0.5549698733361059,10332.796005979799,12311.6,0.0,0.9767206477732794,1,7.275957614183426e-12,HOW-profile(HoW-cond),Lamb_office_Velma,125,False
z6,11407.874848261274,5272.353145253515,1.1637159981461633,-250.36829699224108,6385.89,0.0,0.5536480686695279,54,9.094947017729282e-13,HOW-profile(HoW-cond),Rat_retail_Jeffrey,125,True
z12,15043.31771602826,5272.353145253515,1.8532454677416943,1671.2445707747447,8099.719999999999,0.0,0.869098712446352,40,0.0,HOW-profile(HoW-cond),Rat_retail_Jeffrey,125,False
cusum,18733.931600539927,5272.353145253515,2.5532391485204897,1671.608455286415,11789.97,0.0,0.9549356223175965,5,1.8189894035458565e-12,HOW-profile(HoW-cond),Rat_retail_Jeffrey,125,False
z6,130631.96288176929,11586.30055131238,10.274691373940977,27229.265580456915,91816.39675,0.0,0.8538324420677362,4,1.4551915228366852e-11,HOW-profile(HoW-cond),Robin_education_Zenia,125,True
z12,134084.85453088678,11586.30055131238,10.572706398997994,29433.442829574386,93065.11115000001,0.0,0.93048128342246,3,0.0,HOW-profile(HoW-cond),Robin_education_Zenia,125,False
cusum,136922.14688088675,11586.30055131238,10.817589771169674,29433.442829574386,95902.40350000001,0.0,0.93048128342246,1,2.9103830456733704e-11,HOW-profile(HoW-cond),Robin_education_Zenia,125,False
z6,6411.149115965112,3980.517788624134,0.6106319470013287,1217.8502452883681,1288.29905,75.51796794738951,0.7338129496402878,26,4.547473508864641e-13,HOW-profile(HoW-cond),Robin_office_Dina,125,True
z12,7192.770074003431,3980.517788624134,0.8069935762024597,1496.8271533266857,1790.9431,75.51796794738951,0.8848920863309353,20,4.547473508864641e-13,HOW-profile(HoW-cond),Robin_office_Dina,125,False
cusum,8028.638795124823,3980.517788624134,1.016983523618399,1609.258824448079,2514.38015,75.51796794738951,0.9904076738609112,3,4.547473508864641e-13,HOW-profile(HoW-cond),Robin_office_Dina,125,False
z6,24633.926099914053,39039.89350001495,-0.3690063191410955,-8193.700925313002,359.8982500000001,6572.164724787894,0.39666666666666667,9,1.8189894035458565e-12,HOW-profile(HoW-cond),Robin_office_Sammie,125,True
z12,24853.713744374032,39039.89350001495,-0.363376497316405,-8147.709330853024,533.6943000000001,6572.164724787894,0.4066666666666667,9,0.0,HOW-profile(HoW-cond),Robin_office_Sammie,125,False
cusum,35650.37647135486,39039.89350001495,-0.0868218820489045,1390.9608961277918,1791.6868000000002,6572.164724787894,0.72,2,1.000444171950221e-11,HOW-profile(HoW-cond),Robin_office_Sammie,125,False
z6,29152.565554050772,27814.793941622735,0.048095686606046135,-383.55484882089513,2159.75,438.4235387510678,0.8018867924528302,12,6.821210263296962e-13,HOW-profile(HoW-cond),Shrew_office_Doris,125,True
z12,30142.45363362477,27814.793941622735,0.08368423281823663,-48.96676924689382,2815.05,438.4235387510678,0.839622641509434,8,3.637978807091713e-12,HOW-profile(HoW-cond),Shrew_office_Doris,125,False
cusum,34216.59020248153,27814.793941622735,0.23015796105823352,1139.719799609862,5700.5,438.4235387510678,0.9882075471698113,2,9.094947017729282e-13,HOW-profile(HoW-cond),Shrew_office_Doris,125,False
z6,23671.637283496348,34838.371833330086,-0.3205297481540298,-2855.9250986491643,4647.1,12957.90945118457,0.3198724760892667,12,3.637978807091713e-12,HOW-profile(HoW-cond),Shrew_office_Ila,125,True
z12,26358.887283496348,34838.371833330086,-0.2433949723712795,-2478.125098649165,6956.549999999999,12957.90945118457,0.332624867162593,10,1.8189894035458565e-12,HOW-profile(HoW-cond),Shrew_office_Ila,125,False
cusum,40006.642451943546,34838.371833330086,0.14834994710254926,2731.980069798028,15394.199999999999,12957.90945118457,0.640807651434644,2,1.8189894035458565e-12,HOW-profile(HoW-cond),Shrew_office_Ila,125,False
z6,2464.798465258884,3764.3168924736374,-0.3452202522622381,-2354.018427214753,1054.5000000000002,0.0,0.32558139534883723,24,6.821210263296962e-13,HOW-profile(HoW-cond),Shrew_office_Kenneth,125,True
z12,3224.6886017685606,3764.3168924736374,-0.14335357678945887,-2016.8282907050761,1477.1999999999998,0.0,0.47093023255813954,20,4.547473508864641e-13,HOW-profile(HoW-cond),Shrew_office_Kenneth,125,False
cusum,7489.218892538945,3764.3168924736374,0.9895293373182433,-1362.897999934692,5087.8,0.0,0.6453488372093024,2,9.094947017729282e-13,HOW-profile(HoW-cond),Shrew_office_Kenneth,125,False
z6,19576.766155569152,18869.674641874823,0.03747237443751046,-1345.9084863056669,2053.0,0.0,0.7084805653710248,34,3.637978807091713e-12,HOW-profile(HoW-cond),Shrew_office_Nora,125,True
z12,21039.57492133911,18869.674641874823,0.11499404842142492,-337.8997205357082,2507.7999999999997,0.0,0.9081272084805654,18,4.092726157978177e-12,HOW-profile(HoW-cond),Shrew_office_Nora,125,False
cusum,22329.343625647733,18869.674641874823,0.18334544974587702,245.41898377290636,3214.25,0.0,0.9699646643109541,4,3.637978807091713e-12,HOW-profile(HoW-cond),Shrew_office_Nora,125,False
z6,28996.00971129302,38173.23720263379,-0.24040998783062553,-10600.32749134077,1423.1000000000001,0.0,0.5816203143893591,31,1.8189894035458565e-12,HOW-profile(HoW-cond),Shrew_office_Sherill,125,True
z12,31127.117450973146,38173.23720263379,-0.1845827146976807,-9158.169751660647,2112.05,0.0,0.6698911729141476,19,2.7284841053187847e-12,HOW-profile(HoW-cond),Shrew_office_Sherill,125,False
cusum,35989.736604444435,38173.23720263379,-0.057199775502369585,-4874.050598189358,2690.5499999999997,0.0,0.9963724304715841,4,3.183231456205249e-12,HOW-profile(HoW-cond),Shrew_office_Sherill,125,False
z6,7361.173770108288,6133.110195241102,0.20023504156505859,497.3259373543942,1987.5,1256.7623624872067,0.44216417910447764,13,9.094947017729282e-13,HOW-profile(HoW-cond),Wolf_office_Darleen,125,True
z12,7566.119681475686,6133.110195241102,0.23365135153555647,589.2718487217917,2100.5,1256.7623624872067,0.46828358208955223,9,9.094947017729282e-13,HOW-profile(HoW-cond),Wolf_office_Darleen,125,False
cusum,8606.117687693222,6133.110195241102,0.4032224130541491,1235.769854939329,2494.0,1256.7623624872067,0.6921641791044776,3,1.8189894035458565e-12,HOW-profile(HoW-cond),Wolf_office_Darleen,125,False
z6,10185.28898254523,3832.8535001567175,1.6573645410994116,714.2123317474875,5638.223150641025,0.0,0.5018315018315018,48,1.8189894035458565e-12,HOW-profile(HoW-cond),Wolf_retail_Harriett,125,True
z12,14456.961133396002,3832.8535001567175,2.7718533027168624,1139.6433885811662,9484.46424465812,0.0,0.6483516483516484,29,1.8189894035458565e-12,HOW-profile(HoW-cond),Wolf_retail_Harriett,125,False
cusum,18149.639997243517,3832.8535001567175,3.7352814284452602,1451.6830408902192,12865.103456196583,0.0,1.0,3,1.8189894035458565e-12,HOW-profile(HoW-cond),Wolf_retail_Harriett,125,False
z6,1052.0926506719697,1198.7522063529384,-0.12234351261564137,-619.8186275524317,653.5699999999999,180.41092812853688,0.0730816077953715,14,2.842170943040401e-14,HOW-profile(HoW-cond),Wolf_retail_Marcella,125,True
z12,1254.1084890761383,1198.7522063529384,0.04617825304498487,-547.1640391482632,782.9312500000001,180.41092812853688,0.10840438489646773,10,8.526512829121202e-14,HOW-profile(HoW-cond),Wolf_retail_Marcella,125,False
cusum,1805.8610598275168,1198.7522063529384,0.506450666165308,-296.5477183968843,1084.0675,180.41092812853688,0.30572472594397077,5,5.684341886080801e-13,HOW-profile(HoW-cond),Wolf_retail_Marcella,125,False
z6,15695.55796844637,10746.240803187698,0.46056265217791664,303.48740125905533,5093.707500000001,447.8777360003793,0.4348404255319149,17,5.4569682106375694e-12,HOW-profile(HoW-cond),Wolf_retail_Toshia,125,True
z12,16912.553332675216,10746.240803187698,0.5738111254363834,1129.311515487896,5484.878750000001,447.8777360003793,0.4920212765957447,15,0.0,HOW-profile(HoW-cond),Wolf_retail_Toshia,125,False
cusum,20215.348798945804,10746.240803187698,0.8811553890500247,2954.318231758487,6962.667500000001,447.8777360003793,0.7672872340425532,3,3.637978807091713e-12,HOW-profile(HoW-cond),Wolf_retail_Toshia,125,False
z6,4863.005007767237,3694.9906478493317,0.31610752806580106,831.7578430393596,994.1448591235701,657.8883422450255,0.3338368580060423,13,9.094947017729282e-13,TOWT(HoW-cond),Fox_education_Henrietta,125,True
z12,6339.825331108059,3694.9906478493317,0.7157892767057888,2152.0577536007236,1150.6652719030287,657.8883422450255,0.4516616314199396,12,4.547473508864641e-13,TOWT(HoW-cond),Fox_education_Henrietta,125,False
cusum,9429.72213725083,3694.9906478493317,1.5520286885541636,2618.9766439960017,3773.6431876505203,657.8883422450255,0.5392749244712991,3,1.8189894035458565e-12,TOWT(HoW-cond),Fox_education_Henrietta,125,False
z6,13829.342224203418,9155.738379378796,0.5104562462543539,-2075.348102444347,7154.882630432909,405.93068316393874,0.307032590051458,20,9.094947017729282e-13,TOWT(HoW-cond),Fox_retail_Manie,125,True
z12,17321.928917137033,9155.738379378796,0.8919204764686932,-520.3778311550632,9092.499052077237,405.93068316393874,0.7204116638078902,10,1.8189894035458565e-12,TOWT(HoW-cond),Fox_retail_Manie,125,False
cusum,16135.240418079617,9155.738379378796,0.7623090295393926,-1995.2550833222494,9380.687805187008,405.93068316393874,0.3910806174957118,5,9.094947017729282e-13,TOWT(HoW-cond),Fox_retail_Manie,125,False
z6,41147.34172897879,31479.852552345856,0.3071008404679621,-359.39599196028576,10043.652921079709,16.76775248648599,0.64349376114082,17,1.8189894035458565e-12,TOWT(HoW-cond),Hog_education_Bruno,125,True
z12,45521.63820819849,31479.852552345856,0.44605627146770904,126.93387564979639,13931.619532689327,16.76775248648599,0.714795008912656,11,0.0,TOWT(HoW-cond),Hog_education_Bruno,125,False
cusum,48417.629122233615,31479.852552345856,0.538051331140227,831.3840189060975,16123.160303468145,16.76775248648599,0.8003565062388592,3,3.637978807091713e-12,TOWT(HoW-cond),Hog_education_Bruno,125,False
z6,30916.81569185503,85136.90640907052,-0.6368576567334476,-15808.22685123079,14624.453613133255,53036.317479117955,0.0343878954607978,7,0.0,TOWT(HoW-cond),Hog_education_Caridad,125,True
z12,39152.41351358428,85136.90640907052,-0.5401240758565669,-9909.066881571074,16960.89146520279,53036.317479117955,0.06052269601100413,7,0.0,TOWT(HoW-cond),Hog_education_Caridad,125,False
cusum,97506.88253004313,85136.90640907052,0.14529510928593842,20652.85037925146,44753.44322083909,53036.317479117955,0.3576341127922971,3,1.4551915228366852e-11,TOWT(HoW-cond),Hog_education_Caridad,125,False
z6,63408.38735012337,57301.60804579975,0.10657256423663747,4144.961855683432,1961.817448640184,0.0,0.7760180995475113,10,0.0,TOWT(HoW-cond),Hog_education_Luvenia,125,True
z12,64503.58693702339,57301.60804579975,0.12568545869545716,4288.35674076619,2913.622150457456,0.0,0.8122171945701357,10,6.366462912410498e-12,TOWT(HoW-cond),Hog_education_Luvenia,125,False
cusum,74674.47715337339,57301.60804579975,0.3031829245295862,5510.605895733956,11862.263211839669,0.0,0.9049773755656109,6,1.0913936421275139e-11,TOWT(HoW-cond),Hog_education_Luvenia,125,False
z6,6912.752012523431,4337.220297571744,0.5938208203059542,225.8964103528915,2425.327102201844,75.69179760304814,0.39514978601997147,26,4.547473508864641e-13,TOWT(HoW-cond),Hog_office_Almeda,125,True
z12,9146.523756502076,4337.220297571744,1.1088446352662538,1221.6216399232635,3663.3736166101157,75.69179760304814,0.5805991440798859,19,1.8189894035458565e-12,TOWT(HoW-cond),Hog_office_Almeda,125,False
cusum,14121.679208179914,4337.220297571744,2.2559285070408213,2567.719157335695,7292.431550875524,75.69179760304814,0.8616262482168331,3,0.0,TOWT(HoW-cond),Hog_office_Almeda,125,False
z6,8046.638349096465,7041.146683197066,0.14280226092987053,-863.8610765450221,2310.7873034149115,441.43456097049,0.40601503759398494,23,3.410605131648481e-13,TOWT(HoW-cond),Hog_office_Cortney,125,True
z12,9033.50878892972,7041.146683197066,0.28295989209928124,-661.1446210040322,3094.9412877071763,441.43456097049,0.48872180451127817,10,4.547473508864641e-13,TOWT(HoW-cond),Hog_office_Cortney,125,False
cusum,9514.06878218747,7041.146683197066,0.3512101381003418,-449.9492422060084,3364.3059021669055,441.43456097049,0.5150375939849624,8,1.8189894035458565e-12,TOWT(HoW-cond),Hog_office_Cortney,125,False
z6,7817.934262629413,8319.749503782794,-0.06031614785099209,-466.98671924703376,337.9416042490943,372.7701261554439,0.7859922178988327,11,2.2737367544323206e-12,TOWT(HoW-cond),Hog_office_Denita,125,True
z12,8121.964119984845,8319.749503782794,-0.02377299745719758,-397.1880070494135,572.1727494069069,372.7701261554439,0.8482490272373541,7,1.3642420526593924e-12,TOWT(HoW-cond),Hog_office_Denita,125,False
cusum,8643.874706880475,8319.749503782794,0.03895852909397201,-305.3791389762837,1002.2744682294086,372.7701261554439,0.980544747081712,4,1.1368683772161603e-13,TOWT(HoW-cond),Hog_office_Denita,125,False
z6,49378.30088274632,68276.98973603806,-0.27679440652487647,-18332.080035822393,525.1825916589756,1091.7914091283226,0.5754475703324808,12,3.637978807091713e-12,TOWT(HoW-cond),Hog_office_Garrett,125,True
z12,54272.25867641634,68276.98973603806,-0.20511641057645688,-14093.816525587303,1180.8768750938993,1091.7914091283226,0.6879795396419437,10,1.0913936421275139e-11,TOWT(HoW-cond),Hog_office_Garrett,125,False
cusum,65606.68172476103,68276.98973603806,-0.039109925929666174,-8632.751458582665,7054.234856433967,1091.7914091283226,0.9360613810741688,4,5.4569682106375694e-12,TOWT(HoW-cond),Hog_office_Garrett,125,False
z6,15369.719734429667,28205.801421711414,-0.45508657936594465,-12903.211662410613,9148.171757862816,9081.041782733952,0.025974025974025976,6,1.8189894035458565e-12,TOWT(HoW-cond),Hog_office_Lavon,125,True
z12,19951.591802283554,28205.801421711414,-0.2926422651857069,-11891.166279017678,12717.998442323767,9081.041782733952,0.03710575139146568,6,1.8189894035458565e-12,TOWT(HoW-cond),Hog_office_Lavon,125,False
cusum,108200.59296561574,28205.801421711414,2.8361112789487466,-12740.623726776506,101816.45705341478,9081.041782733952,0.027829313543599257,4,1.4551915228366852e-11,TOWT(HoW-cond),Hog_office_Lavon,125,False
z6,862.1165736145056,223.9682659583033,2.8492800304798886,141.27273804241474,539.6155342732789,42.739964659491385,0.2064516129032258,9,1.1368683772161603e-13,TOWT(HoW-cond),Hog_office_Merilyn,125,True
z12,952.1740612079699,223.9682659583033,3.2513793511498563,141.27273804241474,629.6730218667433,42.739964659491385,0.24516129032258063,9,0.0,TOWT(HoW-cond),Hog_office_Merilyn,125,False
cusum,1940.6674907470283,223.9682659583033,7.664921713098082,131.80469841047272,1627.6344910377438,42.739964659491385,0.17419354838709677,5,2.2737367544323206e-13,TOWT(HoW-cond),Hog_office_Merilyn,125,False
z6,4083.9825134900384,4952.39762782504,-0.17535246149376466,-642.8098224544706,49.22461283208063,274.8299047126119,0.4163614163614164,12,0.0,TOWT(HoW-cond),Hog_office_Miriam,125,True
z12,4171.193705558899,4952.39762782504,-0.1577425685443649,-606.7933204030705,100.41930284954194,274.8299047126119,0.46764346764346765,11,1.0231815394945443e-12,TOWT(HoW-cond),Hog_office_Miriam,125,False
cusum,4440.813214727512,4952.39762782504,-0.10330035097004164,-488.63344500816584,251.8789366232499,274.8299047126119,0.514041514041514,3,5.115907697472721e-13,TOWT(HoW-cond),Hog_office_Miriam,125,False
z6,6966.847224177794,4053.084496278672,0.7189000699527446,-154.911111161995,3851.880693715284,783.2068546541666,0.23504273504273504,34,4.547473508864641e-13,TOWT(HoW-cond),Hog_office_Napoleon,125,True
z12,9937.545674019606,4053.084496278672,1.4518476442185537,916.815431287791,5750.852601107311,783.2068546541666,0.4337606837606838,23,1.8189894035458565e-12,TOWT(HoW-cond),Hog_office_Napoleon,125,False
cusum,14450.256547177702,4053.084496278672,2.565249271374718,2057.3560051852496,9123.022900367947,783.2068546541666,0.7905982905982906,3,0.0,TOWT(HoW-cond),Hog_office_Napoleon,125,False
z6,17709.198560399112,10064.748618129255,0.7595271608175286,-2017.286849034178,9661.736791304036,0.0,0.5,37,9.094947017729282e-13,TOWT(HoW-cond),Hog_office_Shawna,125,True
z12,21196.595478483123,10064.748618129255,1.1060233377615103,-1052.9637891602943,12184.810649514162,0.0,0.6625,33,0.0,TOWT(HoW-cond),Hog_office_Shawna,125,False
cusum,28849.303714838003,10064.748618129255,1.8663710152554462,1565.7071907703357,17218.84790593841,0.0,1.0,4,0.0,TOWT(HoW-cond),Hog_office_Shawna,125,False
z6,3980.9763886382398,5702.316601369376,-0.30186682589980485,-993.3347704104217,1871.8435674325692,2599.849009753283,0.04071246819338423,10,9.094947017729282e-13,TOWT(HoW-cond),Hog_office_Shawnna,125,True
z12,4462.342502661835,5702.316601369376,-0.2174509388710141,-864.3282958875329,2224.203206933275,2599.849009753283,0.09669211195928754,9,0.0,TOWT(HoW-cond),Hog_office_Shawnna,125,False
cusum,8029.5453224046905,5702.316601369376,0.4081198719265157,531.0621872344946,4396.015543554103,2599.849009753283,0.5216284987277354,4,0.0,TOWT(HoW-cond),Hog_office_Shawnna,125,False
z6,3686.5270887342585,1861.3228985736177,0.9805951409931851,314.1007421678978,1736.806169276333,225.70272128359017,0.2420814479638009,26,0.0,TOWT(HoW-cond),Hog_office_Sherrie,125,True
z12,4480.218463368714,1861.3228985736177,1.4070076539659115,549.5303687262831,2295.0679173524027,225.70272128359017,0.2986425339366516,24,4.547473508864641e-13,TOWT(HoW-cond),Hog_office_Sherrie,125,False
cusum,7308.269965104267,1861.3228985736177,2.9263848151789205,642.7450373297061,5029.904750484533,225.70272128359017,0.35294117647058826,5,0.0,TOWT(HoW-cond),Hog_office_Sherrie,125,False
z6,31985.789249413046,38584.6731595557,-0.17102344972198902,-3912.846096023237,460.29110920846426,3146.3289233278756,0.531416400425985,4,4.547473508864641e-12,TOWT(HoW-cond),Hog_office_Shon,125,True
z12,32196.97064473079,38584.6731595557,-0.1655502558855539,-3755.8738977802313,514.5003062832039,3146.3289233278756,0.54419595314164,4,5.4569682106375694e-12,TOWT(HoW-cond),Hog_office_Shon,125,False
cusum,35664.309160715915,38584.6731595557,-0.07568715139204285,219.24495337895496,6.7199711091310235,3146.3289233278756,0.7784877529286475,4,5.002220859751105e-12,TOWT(HoW-cond),Hog_office_Shon,125,False
z6,32785.498138721836,36208.74372073834,-0.09454195948963183,-3889.013129868312,657.2012222131273,191.4336743613265,0.8295964125560538,18,6.366462912410498e-12,TOWT(HoW-cond),Hog_office_Sydney,125,True
z12,32979.66312339823,36208.74372073834,-0.08917958110462339,-3881.697305923255,844.050382944472,191.4336743613265,0.9080717488789237,16,2.2737367544323206e-12,TOWT(HoW-cond),Hog_office_Sydney,125,False
cusum,33636.68516621805,36208.74372073834,-0.07103418374184468,-3586.4134283155545,1205.7885481565872,191.4336743613265,0.9865470852017937,5,1.8189894035458565e-12,TOWT(HoW-cond),Hog_office_Sydney,125,False
z6,3905.4373513322034,4370.366337318555,-0.10638215428677539,-570.9215125878341,105.99252660148191,0.0,0.39939024390243905,11,1.1368683772161603e-13,TOWT(HoW-cond),Hog_office_Valda,125,True
z12,4220.506976846775,4370.366337318555,-0.034289885310558925,-410.4749410960726,260.6155806242924,0.0,0.4298780487804878,10,5.684341886080801e-13,TOWT(HoW-cond),Hog_office_Valda,125,False
cusum,6997.89321909144,4370.366337318555,0.6012143328435501,602.7029521342511,2024.823929638633,0.0,0.7835365853658537,3,9.094947017729282e-13,TOWT(HoW-cond),Hog_office_Valda,125,False
z6,6582.985907001722,6423.818931766165,0.02477762479394716,-486.11794371720407,1165.9002915086567,520.6153725558952,0.26264591439688717,10,9.094947017729282e-13,TOWT(HoW-cond),Lamb_education_Armando,125,True
z12,7710.548965082937,6423.818931766165,0.20030608692187993,-20.186656144588596,1827.5320620172563,520.6153725558952,0.32490272373540857,8,1.1368683772161603e-12,TOWT(HoW-cond),Lamb_education_Armando,125,False
cusum,20819.58575120633,6423.818931766165,2.2409982243198425,4183.614410750122,10732.76778124594,520.6153725558952,0.8015564202334631,4,1.8189894035458565e-12,TOWT(HoW-cond),Lamb_education_Armando,125,False
z6,741.9887959761231,152.55021472214582,3.863898732149133,220.43275663381817,375.7556433286861,6.7498187085270915,0.7168141592920354,27,1.1368683772161603e-13,TOWT(HoW-cond),Lamb_education_Eula,125,True
z12,817.367459726951,152.55021472214582,4.358022348350672,252.28613719521766,419.2809265181146,6.7498187085270915,0.915929203539823,20,0.0,TOWT(HoW-cond),Lamb_education_Eula,125,False
cusum,971.5836162593041,152.55021472214582,5.368942961037069,256.3475996560546,569.4356205896306,6.7498187085270915,1.0,2,1.1368683772161603e-13,TOWT(HoW-cond),Lamb_education_Eula,125,False
z6,3230.5506523551535,3560.667444770663,-0.09271205399996911,-74.20494349835718,2866.2222274123606,3122.134076329513,0.0032948929159802307,4,0.0,TOWT(HoW-cond),Lamb_education_Lazaro,125,True
z12,3889.8979082604483,3560.667444770663,0.09246313186964593,-74.20494349835718,3525.5694833176544,3122.134076329513,0.0032948929159802307,4,9.094947017729282e-13,TOWT(HoW-cond),Lamb_education_Lazaro,125,False
cusum,11116.440582939713,3560.667444770663,2.1220103408606037,797.6703061626189,9880.236908335944,3122.134076329513,0.11367380560131796,2,9.094947017729282e-13,TOWT(HoW-cond),Lamb_education_Lazaro,125,False
z6,1693.7407068980042,888.1822435421024,0.9069742940855314,156.569804826927,648.9886585289748,0.0,0.20543093270365997,34,0.0,TOWT(HoW-cond),Lamb_education_Lucas,125,True
z12,1969.8179906991907,888.1822435421024,1.2178083439762164,299.7279389278955,781.9078082291929,0.0,0.3990554899645809,29,2.2737367544323206e-13,TOWT(HoW-cond),Lamb_education_Lucas,125,False
cusum,2650.5666883540116,888.1822435421024,1.984259939473072,680.5538904632123,1081.830554348697,0.0,0.7744982290436836,4,0.0,TOWT(HoW-cond),Lamb_education_Lucas,125,False
z6,2834.080357695124,5651.747395291096,-0.4985479428793273,-3499.0188314408006,688.0443066258506,6.69251278102152,0.07239819004524888,11,4.547473508864641e-13,TOWT(HoW-cond),Lamb_education_Mae,125,True
z12,4459.118180696065,5651.747395291096,-0.21101955398585256,-3421.6475541682844,2235.710852354275,6.69251278102152,0.09954751131221719,10,2.2737367544323206e-13,TOWT(HoW-cond),Lamb_education_Mae,125,False
cusum,17273.98499486554,5651.747395291096,2.05639721429479,1701.1774884984106,9927.752623857054,6.69251278102152,0.8371040723981901,3,0.0,TOWT(HoW-cond),Lamb_education_Mae,125,False
z6,8.5020577181116e-05,0.0,,0.0,8.5020577181116e-05,0.0,,22,0.0,TOWT(HoW-cond),Lamb_education_Willetta,125,True
z12,8.989556381723025e-05,0.0,,0.0,8.989556381723025e-05,0.0,,13,0.0,TOWT(HoW-cond),Lamb_education_Willetta,125,False
cusum,0.00011793035536856306,0.0,,0.0,0.00011793035536856306,0.0,,1,0.0,TOWT(HoW-cond),Lamb_education_Willetta,125,False
z6,5578.526173255666,3993.9243071204255,0.39675310403609554,236.88029150678904,1808.3000477935013,460.5784731650495,0.2553495007132668,26,0.0,TOWT(HoW-cond),Lamb_education_Williams,125,True
z12,6916.676845623648,3993.9243071204255,0.7317996821553421,932.4487120796784,2450.882299588594,460.5784731650495,0.3680456490727532,22,4.547473508864641e-13,TOWT(HoW-cond),Lamb_education_Williams,125,False
cusum,11122.132681547982,3993.9243071204255,1.7847630115871962,2741.6429853949267,4847.1438621976795,460.5784731650495,0.7945791726105563,3,0.0,TOWT(HoW-cond),Lamb_education_Williams,125,False
z6,3692.469680634535,1485.8833082739716,1.4850334209109417,8.886076633796108,3561.427101878608,1363.7268061518403,0.002053388090349076,9,4.547473508864641e-13,TOWT(HoW-cond),Lamb_office_Caitlin,125,True
z12,4063.5799853640765,1485.8833082739716,1.7347907892473757,8.886076633796108,3932.5374066081495,1363.7268061518403,0.002053388090349076,3,4.547473508864641e-13,TOWT(HoW-cond),Lamb_office_Caitlin,125,False
cusum,5532.455670599884,1485.8833082739716,2.7233446528358156,8.886076633796108,5401.413091843957,1363.7268061518403,0.002053388090349076,1,0.0,TOWT(HoW-cond),Lamb_office_Caitlin,125,False
z6,42210.029363312715,40802.928400161436,0.03448529353951251,-1727.0399355022455,3456.8648212941944,322.72392264067025,0.45445344129554655,17,2.2737367544323206e-13,TOWT(HoW-cond),Lamb_office_Velma,125,True
z12,45194.93355119181,40802.928400161436,0.10763945930442086,-300.16485381573875,5014.893927486779,322.72392264067025,0.5151821862348178,15,4.547473508864641e-12,TOWT(HoW-cond),Lamb_office_Velma,125,False
cusum,60675.869096344904,40802.928400161436,0.48704692225239504,7156.0151425572985,13039.649476266837,322.72392264067025,0.7823886639676113,2,3.637978807091713e-12,TOWT(HoW-cond),Lamb_office_Velma,125,False
z6,7850.3076923428835,5272.353145253515,0.4889571081577105,-2046.281166655761,4624.235713745129,0.0,0.19957081545064378,23,0.0,TOWT(HoW-cond),Rat_retail_Jeffrey,125,True
z12,10458.719626856324,5272.353145253515,0.9836910272734448,-814.5914208671657,6000.957902469973,0.0,0.3283261802575107,19,9.094947017729282e-13,TOWT(HoW-cond),Rat_retail_Jeffrey,125,False
cusum,18489.86238037317,5272.353145253515,2.506946873810765,1872.5094620378404,11344.999773081814,0.0,0.6866952789699571,7,1.8189894035458565e-12,TOWT(HoW-cond),Rat_retail_Jeffrey,125,False
z6,150504.29124053585,11586.30055131238,11.989848707445123,33784.60727316106,105133.3834160624,0.0,0.9340463458110517,2,0.0,TOWT(HoW-cond),Robin_education_Zenia,125,True
z12,155398.19490482507,11586.30055131238,12.412235787999052,33784.60727316106,110027.28708035164,0.0,0.9340463458110517,1,2.9103830456733704e-11,TOWT(HoW-cond),Robin_education_Zenia,125,False
cusum,155398.19490482507,11586.30055131238,12.412235787999052,33784.60727316106,110027.28708035164,0.0,0.9340463458110517,1,2.9103830456733704e-11,TOWT(HoW-cond),Robin_education_Zenia,125,False
z6,6074.519124465807,3980.517788624134,0.5260625494065345,858.1653984640102,1311.3539053250522,75.51796794738951,0.7434052757793765,25,4.547473508864641e-13,TOWT(HoW-cond),Robin_office_Dina,125,True
z12,6744.6659878786195,3980.517788624134,0.6944192554933697,1033.9725539317828,1805.6936132700926,75.51796794738951,0.8848920863309353,17,4.547473508864641e-13,TOWT(HoW-cond),Robin_office_Dina,125,False
cusum,7409.051344247634,3980.517788624134,0.8613285350518614,1080.0723212926482,2423.979202278242,75.51796794738951,0.9904076738609112,3,9.094947017729282e-13,TOWT(HoW-cond),Robin_office_Dina,125,False
z6,21836.88103752344,39039.89350001495,-0.44065213606397063,-10706.674183644638,75.82644594101457,6572.164724787894,0.3575,6,7.275957614183426e-12,TOWT(HoW-cond),Robin_office_Sammie,125,True
z12,22277.43936392227,39039.89350001495,-0.42936731208260753,-10391.414087414985,201.12467611019594,6572.164724787894,0.375,5,0.0,TOWT(HoW-cond),Robin_office_Sammie,125,False
cusum,32761.206594314513,39039.89350001495,-0.1608274598827487,-754.2500898631042,1047.7279089505596,6572.164724787894,0.655,2,1.8189894035458565e-12,TOWT(HoW-cond),Robin_office_Sammie,125,False
z6,30437.231695741128,27814.793941622735,0.09428212050113782,206.76240032279384,2854.098892546662,438.4235387510678,0.8042452830188679,10,5.4569682106375694e-12,TOWT(HoW-cond),Shrew_office_Doris,125,True
z12,30945.860173141773,27814.793941622735,0.11256837775215853,263.424081176483,3306.065689093616,438.4235387510678,0.8183962264150944,9,7.275957614183426e-12,TOWT(HoW-cond),Shrew_office_Doris,125,False
cusum,34855.490296430784,27814.793941622735,0.25312775530837855,1475.431142004385,6003.688751554728,438.4235387510678,0.9716981132075472,3,4.547473508864641e-12,TOWT(HoW-cond),Shrew_office_Doris,125,False
z6,26269.634472129554,34838.371833330086,-0.24595688346729133,-9456.866086234659,1309.5145809578935,421.3858559237735,0.38257173219978746,16,7.275957614183426e-12,TOWT(HoW-cond),Shrew_office_Ila,125,True
z12,27521.10452227955,34838.371833330086,-0.210034709602877,-9080.627153417197,2184.745698290436,421.3858559237735,0.40807651434643993,14,0.0,TOWT(HoW-cond),Shrew_office_Ila,125,False
cusum,38521.242309561276,34838.371833330086,0.10571304806810074,-5392.11406318604,9496.370395341,421.3858559237735,0.6068012752391073,2,2.7284841053187847e-12,TOWT(HoW-cond),Shrew_office_Ila,125,False
z6,1178.2415040489443,3764.3168924736374,-0.6869972593421355,-1758.893290229966,486.0135638841898,1313.1956620789167,0.14825581395348839,6,4.547473508864641e-13,TOWT(HoW-cond),Shrew_office_Kenneth,125,True
z12,1232.4001710656837,3764.3168924736374,-0.6726098768332335,-1758.8932902299662,540.1722309009292,1313.1956620789167,0.16569767441860464,6,0.0,TOWT(HoW-cond),Shrew_office_Kenneth,125,False
cusum,1778.8974615697375,3764.3168924736374,-0.5274315334273639,-1761.0408592490398,1088.8170904240571,1313.1956620789167,0.14244186046511628,5,4.547473508864641e-13,TOWT(HoW-cond),Shrew_office_Kenneth,125,False
z6,22014.965048123202,18869.674641874823,0.16668493050052266,386.2791065731544,2759.0112996752255,0.0,0.7402826855123675,25,4.547473508864641e-13,TOWT(HoW-cond),Shrew_office_Nora,125,True
z12,23402.445448870596,18869.674641874823,0.24021457142333716,858.0157867539674,3674.7550202418074,0.0,0.8798586572438163,15,1.8189894035458565e-12,TOWT(HoW-cond),Shrew_office_Nora,125,False
cusum,27018.0640479391,18869.674641874823,0.4318245841919129,2168.920672025706,5979.4687340385735,0.0,0.9964664310954063,3,1.8189894035458565e-12,TOWT(HoW-cond),Shrew_office_Nora,125,False
z6,32371.42917538707,38173.23720263379,-0.1519862723836903,-7013.023534867843,1211.215507621126,0.0,0.5477629987908101,24,1.8189894035458565e-12,TOWT(HoW-cond),Shrew_office_Sherill,125,True
z12,35626.94771715193,38173.23720263379,-0.06670352508919981,-4502.919265183176,1956.6297797013165,0.0,0.6420798065296252,16,9.094947017729282e-13,TOWT(HoW-cond),Shrew_office_Sherill,125,False
cusum,43888.99857871704,38173.23720263379,0.14973216302674175,2422.1391626621553,3293.622213421094,0.0,0.9782345828295043,3,2.7284841053187847e-12,TOWT(HoW-cond),Shrew_office_Sherill,125,False
z6,7116.304192786252,6133.110195241102,0.16030920140780214,534.0737556932918,1789.384022948989,1340.2637810971287,0.47388059701492535,11,1.3642420526593924e-12,TOWT(HoW-cond),Wolf_office_Darleen,125,True
z12,7365.281025640923,6133.110195241102,0.20090472715717814,534.0737556932918,2038.3608558036594,1340.2637810971287,0.47388059701492535,8,1.3642420526593924e-12,TOWT(HoW-cond),Wolf_office_Darleen,125,False
cusum,7991.424945240218,6133.110195241102,0.3029971239455389,538.3727715531804,2660.2057595430647,1340.2637810971287,0.47574626865671643,3,0.0,TOWT(HoW-cond),Wolf_office_Darleen,125,False
z6,9490.164095527209,3832.8535001567175,1.476004912564275,413.59783342989476,5243.7127619405965,0.0,0.47985347985347987,41,0.0,TOWT(HoW-cond),Wolf_retail_Harriett,125,True
z12,12475.715348022559,3832.8535001567175,2.254941872292393,852.3428643778238,7790.5189834880175,0.0,0.6410256410256411,28,0.0,TOWT(HoW-cond),Wolf_retail_Harriett,125,False
cusum,16497.10451984076,3832.8535001567175,3.304131248211346,1136.0582831978504,11528.192736486191,0.0,1.0,2,0.0,TOWT(HoW-cond),Wolf_retail_Harriett,125,False
z6,1217.8067739751882,1198.7522063529384,0.015895334766657967,-412.6235486699537,559.396714963081,127.71859867087753,0.13885505481120586,15,8.526512829121202e-14,TOWT(HoW-cond),Wolf_retail_Marcella,125,True
z12,1408.8824393997634,1198.7522063529384,0.1752907998276986,-374.24625766179975,712.0950893795025,127.71859867087753,0.18757612667478685,10,2.5579538487363607e-13,TOWT(HoW-cond),Wolf_retail_Marcella,125,False
cusum,1663.6528557758324,1198.7522063529384,0.3878204744559338,-313.56096206121185,906.1802101549833,127.71859867087753,0.26674786845310594,5,1.1368683772161603e-13,TOWT(HoW-cond),Wolf_retail_Marcella,125,False
z6,16299.765074466955,10746.240803187698,0.5167876258302246,1236.574306192606,4764.827701087029,447.8777360003793,0.49069148936170215,25,1.8189894035458565e-12,TOWT(HoW-cond),Wolf_retail_Toshia,125,True
z12,19025.527874884734,10746.240803187698,0.7704356549725853,2971.7662496610337,5755.398558036382,447.8777360003793,0.6196808510638298,15,1.8189894035458565e-12,TOWT(HoW-cond),Wolf_retail_Toshia,125,False
cusum,25380.745446328194,10746.240803187698,1.3618254895981305,5976.031230008171,9106.351149132704,447.8777360003793,0.9029255319148937,3,1.8189894035458565e-12,TOWT(HoW-cond),Wolf_retail_Toshia,125,False
