model,building_id,seed,type,true_kwh,clip_kwh,signed_kwh,floor_kwh
PatchTST-SSL(HoW-cond),Fox_education_Henrietta,123,spike,62.3151367831081,49.48596329498208,45.32829073371772,36.47290113078271
PatchTST-SSL(HoW-cond),Fox_education_Henrietta,123,spike,22.5339787810166,16.60335926839803,9.192760259335273,7.927984492265118
PatchTST-SSL(HoW-cond),Fox_education_Henrietta,123,drift,2129.2422516931865,1850.401234527479,1560.5473735684136,913.4607587051241
PatchTST-SSL(HoW-cond),Fox_education_Henrietta,123,schedule,25.668084549878433,137.17738632510986,-340.37552811267574,0.0
PatchTST-SSL(HoW-cond),Fox_education_Henrietta,123,spike,93.27225626739843,107.36398761399067,107.36398761399067,90.01323806172485
PatchTST-SSL(HoW-cond),Fox_education_Henrietta,123,spike,40.3376104370127,51.213693737243275,51.213693737243275,38.20063157304391
PatchTST-SSL(HoW-cond),Fox_retail_Manie,123,schedule,188.23368316345193,399.7575895207252,-1204.503829802143,0.0
PatchTST-SSL(HoW-cond),Fox_retail_Manie,123,drift,1190.389224928504,1492.60951873577,-389.22919443991793,0.0
PatchTST-SSL(HoW-cond),Fox_retail_Manie,123,spike,231.2384091885434,181.69205481477405,129.3581232740619,163.72265963201573
PatchTST-SSL(HoW-cond),Fox_retail_Manie,123,drift,8075.550167979638,6631.878408000436,5669.575924409372,4475.550986069437
PatchTST-SSL(HoW-cond),Fox_retail_Manie,123,spike,213.85785148807392,200.04143066327728,200.04143066327728,182.07203548051896
PatchTST-SSL(HoW-cond),Fox_retail_Manie,123,spike,89.27525732580789,75.2037315394677,74.58604216356899,57.23433635670938
PatchTST-SSL(HoW-cond),Hog_education_Bruno,123,drift,12581.694028159582,13619.745305055843,13488.218208366809,11547.018829604905
PatchTST-SSL(HoW-cond),Hog_education_Bruno,123,spike,215.44652421456883,201.4839483940011,201.4839483940011,189.14629080203122
PatchTST-SSL(HoW-cond),Hog_education_Bruno,123,drift,23406.67398013627,25557.88276522611,25455.618853011518,22596.844943153345
PatchTST-SSL(HoW-cond),Hog_education_Bruno,123,drift,17417.23776478174,17432.147446852596,17029.53156504852,15063.317189194382
PatchTST-SSL(HoW-cond),Hog_education_Bruno,123,spike,163.05698953102316,276.92325543871453,276.92325543871453,252.24794025477482
PatchTST-SSL(HoW-cond),Hog_education_Bruno,123,schedule,617.2674478457445,2447.5566051953224,-407.99692141316183,0.0
PatchTST-SSL(HoW-cond),Hog_education_Caridad,123,spike,1061.8411712455413,0.0,-1926.3333390594664,0.0
PatchTST-SSL(HoW-cond),Hog_education_Caridad,123,drift,86699.43060486652,36239.887259681534,-4918.149213298404,0.0
PatchTST-SSL(HoW-cond),Hog_education_Caridad,123,spike,1367.9883498139122,0.0,-2066.195853167735,0.0
PatchTST-SSL(HoW-cond),Hog_education_Caridad,123,spike,2640.9671517583097,2492.7030898191424,2492.7030898191424,2234.626813382802
PatchTST-SSL(HoW-cond),Hog_education_Caridad,123,drift,37859.99826159823,17914.352889016394,-124205.71570885589,0.0
PatchTST-SSL(HoW-cond),Hog_education_Caridad,123,drift,64772.616015767635,35223.492568944435,6016.7945999944095,0.0
PatchTST-SSL(HoW-cond),Hog_education_Luvenia,123,drift,22772.992478968856,25749.955941797652,25150.253772343982,21599.835718395578
PatchTST-SSL(HoW-cond),Hog_education_Luvenia,123,spike,868.1026954124659,1273.7236823561811,1273.7236823561811,1158.442565039457
PatchTST-SSL(HoW-cond),Hog_education_Luvenia,123,spike,520.929680394113,593.4013547648203,593.4013547648203,506.94051677727714
PatchTST-SSL(HoW-cond),Hog_education_Luvenia,123,drift,37481.45701234491,39551.49911269457,39472.65956569214,34709.692185392145
PatchTST-SSL(HoW-cond),Hog_education_Luvenia,123,drift,12725.579189530934,18744.401805171772,18488.245677179344,13210.908173969006
PatchTST-SSL(HoW-cond),Hog_education_Luvenia,123,spike,339.2407858229117,501.06121465171634,501.06121465171634,443.4206559933542
PatchTST-SSL(HoW-cond),Hog_office_Almeda,123,spike,149.76549446840025,248.8450319936513,248.8450319936513,224.77992500076505
PatchTST-SSL(HoW-cond),Hog_office_Almeda,123,drift,7747.404307710045,10032.635369568028,9969.760998054646,7914.905954194039
PatchTST-SSL(HoW-cond),Hog_office_Almeda,123,spike,144.3627536775786,286.0502091982265,286.0502091982265,253.96339987437818
PatchTST-SSL(HoW-cond),Hog_office_Almeda,123,spike,235.10052064671245,187.94751781010757,187.94751781010757,179.92581547914548
PatchTST-SSL(HoW-cond),Hog_office_Almeda,123,schedule,35.04166236582216,1965.1725377198964,1380.7331962601395,1002.5682580044462
PatchTST-SSL(HoW-cond),Hog_office_Almeda,123,schedule,1105.6362889126906,604.9404608247551,-633.7075320048759,27.377892995485013
PatchTST-SSL(HoW-cond),Hog_office_Cortney,123,drift,11851.782840649385,10677.217514851014,7442.464736381573,4323.9527385405645
PatchTST-SSL(HoW-cond),Hog_office_Cortney,123,drift,447.3166719625189,2508.782264814253,-182.08155654619986,0.0
PatchTST-SSL(HoW-cond),Hog_office_Cortney,123,spike,291.56911042175403,405.0447734878277,405.0447734878277,343.9556891002272
PatchTST-SSL(HoW-cond),Hog_office_Cortney,123,drift,422.59858870276895,3071.6148444822393,1432.2809658689,628.0514689782203
PatchTST-SSL(HoW-cond),Hog_office_Cortney,123,spike,172.28947104522612,133.12835501346473,133.12835501346473,112.76532688426457
PatchTST-SSL(HoW-cond),Hog_office_Cortney,123,schedule,677.7136591565569,996.7471313807511,-4963.9512036825745,0.0
PatchTST-SSL(HoW-cond),Hog_office_Denita,123,spike,245.92402961742445,337.18834133263704,337.18834133263704,310.95815783963843
PatchTST-SSL(HoW-cond),Hog_office_Denita,123,drift,8123.860824342048,8396.783617703708,7704.134281127623,6088.527470319828
PatchTST-SSL(HoW-cond),Hog_office_Denita,123,spike,580.2976542057552,565.6532842601513,552.029613164369,521.9363117718202
PatchTST-SSL(HoW-cond),Hog_office_Denita,123,drift,9708.280586801246,4507.560536928689,3027.2625344841917,2199.3043895448086
PatchTST-SSL(HoW-cond),Hog_office_Denita,123,drift,3217.0946225694506,3760.5849493776577,2901.5809844591204,2501.5361417137233
PatchTST-SSL(HoW-cond),Hog_office_Denita,123,spike,291.68184374277547,320.10646372918563,320.10646372918563,311.36306923151943
PatchTST-SSL(HoW-cond),Hog_office_Garrett,123,spike,673.1114520180763,631.5146112412938,626.0226803389918,517.7412226963245
PatchTST-SSL(HoW-cond),Hog_office_Garrett,123,drift,14814.728588802252,2129.3337335540077,-18241.767463518518,0.0
PatchTST-SSL(HoW-cond),Hog_office_Garrett,123,drift,11676.335503672775,6099.834009058886,-3435.72722516498,0.0
PatchTST-SSL(HoW-cond),Hog_office_Garrett,123,drift,45843.26798361361,21522.951387714147,8180.139023753934,3774.3027746989355
PatchTST-SSL(HoW-cond),Hog_office_Garrett,123,spike,1278.5484206971587,1374.881231015318,1374.881231015318,1261.1078424703487
PatchTST-SSL(HoW-cond),Hog_office_Garrett,123,spike,475.55877321060376,409.88935682222234,291.09287182063645,296.11596827725305
PatchTST-SSL(HoW-cond),Hog_office_Lavon,123,drift,3647.447867555114,47563.929115105144,30006.143926439872,11815.711370686811
PatchTST-SSL(HoW-cond),Hog_office_Lavon,123,schedule,5611.8492374739135,566.4214701083672,-39381.806992234284,0.0
PatchTST-SSL(HoW-cond),Hog_office_Lavon,123,drift,1318.2853101519481,47730.88679805944,38649.31048593854,23898.74163511388
PatchTST-SSL(HoW-cond),Hog_office_Lavon,123,drift,26866.145659749058,16206.48976886279,-45089.3766164909,0.0
PatchTST-SSL(HoW-cond),Hog_office_Lavon,123,spike,4654.6576227406695,4298.119300052993,3971.9429190374285,3470.6142596729387
PatchTST-SSL(HoW-cond),Hog_office_Lavon,123,spike,1229.43435372088,1678.4920630019,1678.4920630019,1181.9890387738678
PatchTST-SSL(HoW-cond),Hog_office_Merilyn,123,spike,61.160964077988055,76.95268207662251,76.95268207662251,64.81310365731322
PatchTST-SSL(HoW-cond),Hog_office_Merilyn,123,drift,3060.2811490141294,793.69366733943,-250.80613738575136,0.0
PatchTST-SSL(HoW-cond),Hog_office_Merilyn,123,spike,71.7595462617489,59.53106695073419,46.3453438403498,51.43801467119467
PatchTST-SSL(HoW-cond),Hog_office_Merilyn,123,spike,68.11640458468179,59.915207909781984,50.83684681056435,39.68257721093318
PatchTST-SSL(HoW-cond),Hog_office_Merilyn,123,spike,80.44931454341953,72.16504076281147,68.64336742071285,60.02546234350219
PatchTST-SSL(HoW-cond),Hog_office_Merilyn,123,spike,63.095004222696325,44.31307229415457,27.765500350157144,36.22002001461505
PatchTST-SSL(HoW-cond),Hog_office_Miriam,123,spike,115.16704691100475,108.98960800838636,107.62886948270199,99.56939703591493
PatchTST-SSL(HoW-cond),Hog_office_Miriam,123,drift,785.8626873676269,613.0407412402708,450.41457611526766,330.4344120661279
PatchTST-SSL(HoW-cond),Hog_office_Miriam,123,schedule,18.70976328340205,120.31321228822065,-1411.479915550285,0.0
PatchTST-SSL(HoW-cond),Hog_office_Miriam,123,drift,1705.9470745484928,1403.2683236524513,1300.5941930835727,1007.6194628086512
PatchTST-SSL(HoW-cond),Hog_office_Miriam,123,schedule,65.11344880485477,160.21131157529112,38.6030863396392,0.0
PatchTST-SSL(HoW-cond),Hog_office_Miriam,123,spike,42.39610680408916,63.48249089214923,63.48249089214923,58.77238540591351
PatchTST-SSL(HoW-cond),Hog_office_Napoleon,123,drift,3407.3434580976264,5066.370224885059,4074.371626084767,2341.366168818635
PatchTST-SSL(HoW-cond),Hog_office_Napoleon,123,drift,1240.808483746051,236.58027800826991,-2373.236763829056,0.0
PatchTST-SSL(HoW-cond),Hog_office_Napoleon,123,spike,194.63034878104787,234.31407951762856,234.31407951762856,221.69831999880253
PatchTST-SSL(HoW-cond),Hog_office_Napoleon,123,drift,7546.108563231916,4351.417606510638,3391.252981012524,1929.1917788960386
PatchTST-SSL(HoW-cond),Hog_office_Napoleon,123,spike,128.62317666616923,186.7120030737793,186.7120030737793,174.09624355495328
PatchTST-SSL(HoW-cond),Hog_office_Napoleon,123,spike,647.4298835368563,756.3633560921501,756.3633560921501,705.900318016846
PatchTST-SSL(HoW-cond),Hog_office_Shawna,123,spike,544.4260027035006,410.68368341038763,410.68368341038763,388.25283578674475
PatchTST-SSL(HoW-cond),Hog_office_Shawna,123,spike,395.22330845833704,420.699480777339,420.699480777339,353.4069379064104
PatchTST-SSL(HoW-cond),Hog_office_Shawna,123,schedule,375.54039039351596,1680.5967677340327,75.28727007605156,65.57573883174723
PatchTST-SSL(HoW-cond),Hog_office_Shawna,123,schedule,1812.6001358797075,3550.5834948563033,-3771.727871768241,0.0
PatchTST-SSL(HoW-cond),Hog_office_Shawna,123,schedule,1820.996961677357,3564.726809994137,2121.3010262742573,1411.3654381244232
PatchTST-SSL(HoW-cond),Hog_office_Shawna,123,schedule,1809.3893103200414,3774.9290798422207,1203.4036274681282,6.546679070221671
PatchTST-SSL(HoW-cond),Hog_office_Shawnna,123,drift,57077.844915445494,52696.1177066561,51377.82993720491,42339.35688269204
PatchTST-SSL(HoW-cond),Hog_office_Shawnna,123,drift,53649.65084621638,29646.74110041524,16046.70895637827,16182.952029261956
PatchTST-SSL(HoW-cond),Hog_office_Shawnna,123,schedule,5029.798718629714,4146.279662527164,-2820.5870701979793,0.0
PatchTST-SSL(HoW-cond),Hog_office_Shawnna,123,schedule,5522.78968090047,323.4756911825385,-11460.336002237926,0.0
PatchTST-SSL(HoW-cond),Hog_office_Shawnna,123,spike,2337.3119415464976,2387.238849429647,2387.238849429647,2214.626169030246
PatchTST-SSL(HoW-cond),Hog_office_Shawnna,123,spike,1754.7718106880961,1548.5017383716333,1465.589080314644,1419.0422280720825
PatchTST-SSL(HoW-cond),Hog_office_Sherrie,123,schedule,2.3142792858528196,447.09613478834666,-311.82761246404885,0.0
PatchTST-SSL(HoW-cond),Hog_office_Sherrie,123,schedule,95.35744604300885,619.1811796884209,29.650717599065004,0.0
PatchTST-SSL(HoW-cond),Hog_office_Sherrie,123,spike,211.3706949657204,128.90362424222263,76.60911107561296,98.02299702573204
PatchTST-SSL(HoW-cond),Hog_office_Sherrie,123,spike,163.03533651629357,157.59629574174434,151.09022085692544,118.9955117211311
PatchTST-SSL(HoW-cond),Hog_office_Sherrie,123,spike,78.75970548336898,45.36526295403306,26.27923683241186,22.20479254166511
PatchTST-SSL(HoW-cond),Hog_office_Sherrie,123,drift,4448.7034678193995,3990.828148959949,2831.225320350666,1582.1392260736825
PatchTST-SSL(HoW-cond),Hog_office_Shon,123,spike,461.2450935166311,330.37071393709243,277.8947629135954,287.62197875025186
PatchTST-SSL(HoW-cond),Hog_office_Shon,123,drift,761.6384899476828,1898.6478929643536,1110.4583621079373,667.4843195833446
PatchTST-SSL(HoW-cond),Hog_office_Shon,123,schedule,174.51074739469794,1696.5580465159867,494.6216400003094,465.3944731349777
PatchTST-SSL(HoW-cond),Hog_office_Shon,123,spike,303.0572338394775,313.12167379859,313.12167379859,296.02217972385375
PatchTST-SSL(HoW-cond),Hog_office_Shon,123,spike,256.2830427324343,184.97342895883463,153.38272722699156,142.22469377199405
PatchTST-SSL(HoW-cond),Hog_office_Shon,123,drift,5893.412325967968,6892.143954215358,6216.4825407243625,5455.786451937514
PatchTST-SSL(HoW-cond),Hog_office_Sydney,123,spike,278.96918908688116,263.7022024949953,258.12438576827003,242.13373260966335
PatchTST-SSL(HoW-cond),Hog_office_Sydney,123,spike,270.126265038092,340.04155672653644,340.04155672653644,304.0941069176499
PatchTST-SSL(HoW-cond),Hog_office_Sydney,123,drift,17403.392146232713,15294.9005638253,14800.711351480446,13224.327454833438
PatchTST-SSL(HoW-cond),Hog_office_Sydney,123,spike,129.43057796468915,133.296628880069,133.296628880069,126.1071389182917
PatchTST-SSL(HoW-cond),Hog_office_Sydney,123,spike,237.61408920532858,270.242274258282,257.1273849303019,241.4843144111728
PatchTST-SSL(HoW-cond),Hog_office_Sydney,123,drift,17368.879460316846,15518.53878924508,15006.58152121635,13965.608957501183
PatchTST-SSL(HoW-cond),Hog_office_Valda,123,spike,132.0073555071441,116.76045051495191,116.76045051495191,111.1567890899658
PatchTST-SSL(HoW-cond),Hog_office_Valda,123,drift,2035.555266562899,1589.5206196003624,597.9748090562298,110.15400340402971
PatchTST-SSL(HoW-cond),Hog_office_Valda,123,spike,113.48555066936598,118.18188591805269,118.18188591805269,106.97456306808047
PatchTST-SSL(HoW-cond),Hog_office_Valda,123,spike,83.28508469340171,78.90094455488523,71.48264604310815,67.69362170491301
PatchTST-SSL(HoW-cond),Hog_office_Valda,123,schedule,113.66255122026587,268.9505402378677,-709.6910078876388,0.0
PatchTST-SSL(HoW-cond),Hog_office_Valda,123,spike,111.04979550643846,143.57377424342775,143.57377424342775,126.76278996846942
PatchTST-SSL(HoW-cond),Lamb_education_Armando,123,drift,1382.4976844901717,4026.3589678973963,922.8880447527931,441.44153197767673
PatchTST-SSL(HoW-cond),Lamb_education_Armando,123,schedule,11.283248806262867,1977.4836711179921,138.25791666503,22.074160616326708
PatchTST-SSL(HoW-cond),Lamb_education_Armando,123,drift,1622.771775139732,3729.8174664835597,2521.0748961703794,1448.5063708982834
PatchTST-SSL(HoW-cond),Lamb_education_Armando,123,spike,236.8574171616894,214.34960229371086,214.34960229371086,200.77036958189373
PatchTST-SSL(HoW-cond),Lamb_education_Armando,123,spike,578.6431374661657,627.8701587256032,627.8701587256032,559.9739951665176
PatchTST-SSL(HoW-cond),Lamb_education_Armando,123,schedule,102.30411353312368,2788.501374959358,894.9350664514891,507.1902793740819
PatchTST-SSL(HoW-cond),Lamb_education_Eula,123,spike,14.970820239444043,13.906701694529731,13.906701694529731,13.358226067177984
PatchTST-SSL(HoW-cond),Lamb_education_Eula,123,drift,201.48787959516318,139.23367675706345,-34.609775163205526,0.0
PatchTST-SSL(HoW-cond),Lamb_education_Eula,123,spike,15.346985618486395,18.11645296775925,18.11645296775925,16.47102608570401
PatchTST-SSL(HoW-cond),Lamb_education_Eula,123,spike,16.404258467178053,27.037647383201133,27.037647383201133,24.843744873794147
PatchTST-SSL(HoW-cond),Lamb_education_Eula,123,spike,27.277168026824217,27.94366742776785,27.94366742776785,25.749764918360864
PatchTST-SSL(HoW-cond),Lamb_education_Eula,123,spike,6.01634712673869,6.271360555632476,6.271360555632476,5.722884928280729
PatchTST-SSL(HoW-cond),Lamb_education_Lazaro,123,drift,1018.5965862014712,3642.6145536346858,-3401.587301000738,0.0
PatchTST-SSL(HoW-cond),Lamb_education_Lazaro,123,spike,676.4958462135635,572.9190964711581,559.0751217060603,513.6995835499968
PatchTST-SSL(HoW-cond),Lamb_education_Lazaro,123,spike,141.49733594162015,123.34544627897843,95.34645238863023,99.65764111051388
PatchTST-SSL(HoW-cond),Lamb_education_Lazaro,123,spike,129.92503730801988,137.36672189854409,137.36672189854409,125.52281931431182
PatchTST-SSL(HoW-cond),Lamb_education_Lazaro,123,spike,302.02559845077417,301.5670752840296,301.5670752840296,289.7231726997973
PatchTST-SSL(HoW-cond),Lamb_education_Lazaro,123,spike,463.6770954773831,693.6985795274645,693.6985795274645,634.4790666063031
PatchTST-SSL(HoW-cond),Lamb_education_Lucas,123,drift,89.34172921874708,267.8522971772694,-494.63060684001846,0.0
PatchTST-SSL(HoW-cond),Lamb_education_Lucas,123,spike,56.54812635776497,62.45966275987452,62.45966275987452,56.400447178728825
PatchTST-SSL(HoW-cond),Lamb_education_Lucas,123,drift,362.88219666910686,603.434228277354,304.4130378093445,215.64443108402963
PatchTST-SSL(HoW-cond),Lamb_education_Lucas,123,spike,64.74101218745942,61.97610485945721,58.16203892122075,57.93662780536008
PatchTST-SSL(HoW-cond),Lamb_education_Lucas,123,drift,56.64813363877833,339.94030765084585,-152.65534823521503,0.6242351066870242
PatchTST-SSL(HoW-cond),Lamb_education_Lucas,123,spike,59.82621680586585,59.97935906383513,59.97935906383513,57.959620536786566
PatchTST-SSL(HoW-cond),Lamb_education_Mae,123,schedule,5.25419288600467,1309.7488385487775,533.0732571861788,381.4187690243341
PatchTST-SSL(HoW-cond),Lamb_education_Mae,123,spike,570.6439473122435,665.7200183883107,657.5482818649448,601.2526524491133
PatchTST-SSL(HoW-cond),Lamb_education_Mae,123,spike,146.70256740553745,136.39292811841645,136.39292811841645,123.49945493057696
PatchTST-SSL(HoW-cond),Lamb_education_Mae,123,drift,2722.9026658176017,4170.271148434247,2513.7882827409144,2004.1676528772127
PatchTST-SSL(HoW-cond),Lamb_education_Mae,123,drift,2149.3865127621666,2690.128930523292,-2002.446517138553,0.0
PatchTST-SSL(HoW-cond),Lamb_education_Mae,123,drift,3791.6686049023856,1139.573929644931,-2539.3369205759664,0.0
PatchTST-SSL(HoW-cond),Lamb_education_Williams,123,drift,3351.4967712564903,4052.5601789668467,2049.1469920677337,1314.4206464204285
PatchTST-SSL(HoW-cond),Lamb_education_Williams,123,schedule,62.114995414181195,1330.81758102988,-724.3488804219584,0.0
PatchTST-SSL(HoW-cond),Lamb_education_Williams,123,schedule,24.841654031099587,66.17641245934622,-3434.2852891037055,0.0
PatchTST-SSL(HoW-cond),Lamb_education_Williams,123,spike,492.9089012731447,420.24991624317255,355.625011955064,386.02317208634236
PatchTST-SSL(HoW-cond),Lamb_education_Williams,123,schedule,155.02713346289235,704.7558017356967,-287.8960261501221,0.0
PatchTST-SSL(HoW-cond),Lamb_education_Williams,123,spike,254.59421878904828,273.83407546907614,273.83407546907614,262.4251607501327
PatchTST-SSL(HoW-cond),Lamb_office_Caitlin,123,schedule,24.372337078956225,0.0,-10935.956673188124,0.0
PatchTST-SSL(HoW-cond),Lamb_office_Caitlin,123,drift,420.7180980826854,1294.9499680158972,-3393.115586851656,0.0
PatchTST-SSL(HoW-cond),Lamb_office_Caitlin,123,spike,147.7786728012403,37.00476380545884,-38.35925062030517,0.0
PatchTST-SSL(HoW-cond),Lamb_office_Caitlin,123,drift,1503.9490490242747,155.34689772249413,-10211.857613187076,0.0
PatchTST-SSL(HoW-cond),Lamb_office_Caitlin,123,spike,137.70284069829003,11.501188869854134,-89.65799408897962,0.0
PatchTST-SSL(HoW-cond),Lamb_office_Caitlin,123,spike,100.27027750694405,0.0,-124.00576561453565,0.0
PatchTST-SSL(HoW-cond),Lamb_office_Velma,123,drift,1975.9909665477498,3440.7061003835333,2352.026044024865,1206.9728163297923
PatchTST-SSL(HoW-cond),Lamb_office_Velma,123,schedule,1083.9689514614422,3261.365156270849,2032.5355792592818,389.42236248746804
PatchTST-SSL(HoW-cond),Lamb_office_Velma,123,drift,3072.3249169228893,2942.277486849118,632.0473816662978,389.4394479305565
PatchTST-SSL(HoW-cond),Lamb_office_Velma,123,spike,522.5582661031699,465.70891340862937,448.1681971645513,425.82081905052684
PatchTST-SSL(HoW-cond),Lamb_office_Velma,123,drift,2041.0632201693522,3116.05766225241,1927.6222664397883,1520.5338879283092
PatchTST-SSL(HoW-cond),Lamb_office_Velma,123,schedule,1117.230507604571,1463.3498019146723,-3216.238805015859,0.0
PatchTST-SSL(HoW-cond),Rat_retail_Jeffrey,123,drift,1312.0518182804365,715.309925954537,-4079.8659452148386,0.0
PatchTST-SSL(HoW-cond),Rat_retail_Jeffrey,123,spike,189.2789668781123,133.9855197549755,104.20682158199548,97.26453418957708
PatchTST-SSL(HoW-cond),Rat_retail_Jeffrey,123,drift,8910.868716443787,5736.589532988078,4140.131600489669,2798.9106877562035
PatchTST-SSL(HoW-cond),Rat_retail_Jeffrey,123,drift,2354.9892115068847,3569.62816143926,849.2726984944712,44.41354716101023
PatchTST-SSL(HoW-cond),Rat_retail_Jeffrey,123,schedule,754.4704514248123,281.0906309485495,-2751.029191574051,0.0
PatchTST-SSL(HoW-cond),Rat_retail_Jeffrey,123,spike,220.22596944664465,154.97535930239243,93.8055122583468,130.49470225879347
PatchTST-SSL(HoW-cond),Robin_education_Zenia,123,spike,308.7363109287601,504.73534738695594,504.73534738695594,476.4293069484589
PatchTST-SSL(HoW-cond),Robin_education_Zenia,123,spike,282.9906895879925,507.68084582355766,507.68084582355766,479.3748053850606
PatchTST-SSL(HoW-cond),Robin_education_Zenia,123,drift,32092.55620374616,48319.63946089629,48319.63946089629,45375.811255292596
PatchTST-SSL(HoW-cond),Robin_education_Zenia,123,spike,520.8681222245829,693.3133721409945,693.3133721409945,646.1366380768327
PatchTST-SSL(HoW-cond),Robin_education_Zenia,123,spike,259.25005965055885,430.79941028121374,430.79941028121374,383.622676217052
PatchTST-SSL(HoW-cond),Robin_education_Zenia,123,spike,124.56619969956976,189.63024867311051,189.63024867311051,180.19490186027815
PatchTST-SSL(HoW-cond),Robin_office_Dina,123,drift,2389.350675325917,2688.500219010947,2546.768124027988,1900.266225050979
PatchTST-SSL(HoW-cond),Robin_office_Dina,123,schedule,25.588260406798945,767.5024777496506,192.62436074940004,136.91528258167614
PatchTST-SSL(HoW-cond),Robin_office_Dina,123,spike,58.82737179677821,37.122135873292066,30.99454661729094,27.269210948792466
PatchTST-SSL(HoW-cond),Robin_office_Dina,123,spike,85.39978210973145,99.03312212102252,99.03312212102252,82.61158058018985
PatchTST-SSL(HoW-cond),Robin_office_Dina,123,schedule,110.4701280502336,247.9370332894789,-721.0682372512088,0.0
PatchTST-SSL(HoW-cond),Robin_office_Dina,123,drift,3727.8637343263326,3686.3715184360535,3604.7890885106663,3055.784323268079
PatchTST-SSL(HoW-cond),Robin_office_Sammie,123,drift,1709.4996051226371,1751.625434762314,1399.1747263159748,880.2464935588976
PatchTST-SSL(HoW-cond),Robin_office_Sammie,123,schedule,35.86979335507271,83.63523923859594,-1198.4203260625732,0.0
PatchTST-SSL(HoW-cond),Robin_office_Sammie,123,drift,3936.623120105494,4356.8620536292965,2748.3937744418167,2091.2768065004143
PatchTST-SSL(HoW-cond),Robin_office_Sammie,123,spike,169.7559671692543,154.74991227093042,154.74991227093042,147.4884210942353
PatchTST-SSL(HoW-cond),Robin_office_Sammie,123,drift,6285.232032606697,4027.9140994077843,2915.1709166791197,2285.1562170009515
PatchTST-SSL(HoW-cond),Robin_office_Sammie,123,drift,16501.921443584568,13955.695414489,13787.404566476996,12038.661743841485
PatchTST-SSL(HoW-cond),Shrew_office_Doris,123,drift,6968.328491368936,4984.93425228121,2222.1465727991113,1117.5334998212952
PatchTST-SSL(HoW-cond),Shrew_office_Doris,123,drift,12689.24547433938,14740.634422462881,13183.69196108387,10550.95027396464
PatchTST-SSL(HoW-cond),Shrew_office_Doris,123,spike,489.8042756364784,487.1468800342809,462.962648310525,446.8614555294901
PatchTST-SSL(HoW-cond),Shrew_office_Doris,123,spike,502.0957380958641,476.42888067382205,450.0673307418405,449.57193100396154
PatchTST-SSL(HoW-cond),Shrew_office_Doris,123,drift,16033.330631029643,13314.459454279475,13237.186143286937,11058.47568201119
PatchTST-SSL(HoW-cond),Shrew_office_Doris,123,spike,1030.993344485124,890.7740884708826,814.0190712040776,823.6317142962313
PatchTST-SSL(HoW-cond),Shrew_office_Ila,123,drift,19012.203627218725,20213.853591672007,19529.906660034423,17293.15455893405
PatchTST-SSL(HoW-cond),Shrew_office_Ila,123,drift,24511.26528205332,20438.042755865335,20215.116584108582,18004.12689525037
PatchTST-SSL(HoW-cond),Shrew_office_Ila,123,spike,203.38148492878386,156.5049415938083,102.87361978314524,136.22230942201693
PatchTST-SSL(HoW-cond),Shrew_office_Ila,123,drift,6346.046537907148,8156.297814572913,6703.9494554088105,5235.598781834956
PatchTST-SSL(HoW-cond),Shrew_office_Ila,123,spike,377.5391016183669,389.21776011977335,389.21776011977335,379.07644403387764
PatchTST-SSL(HoW-cond),Shrew_office_Ila,123,drift,6025.171995574045,6998.332100483814,6148.266840626577,5294.59099805334
PatchTST-SSL(HoW-cond),Shrew_office_Kenneth,123,drift,1033.57387405263,84.4305623868745,-2644.149863203383,0.0
PatchTST-SSL(HoW-cond),Shrew_office_Kenneth,123,schedule,1012.3292031076444,132.27078013249772,-3136.343358644888,0.0
PatchTST-SSL(HoW-cond),Shrew_office_Kenneth,123,spike,46.44256132485441,43.908102055504344,43.908102055504344,29.968370405942075
PatchTST-SSL(HoW-cond),Shrew_office_Kenneth,123,spike,106.23505239129784,93.76442682558377,93.76442682558377,89.11784960906301
PatchTST-SSL(HoW-cond),Shrew_office_Kenneth,123,drift,2416.6968060991635,2587.4407491675047,2542.103411732712,1695.2979235955195
PatchTST-SSL(HoW-cond),Shrew_office_Kenneth,123,drift,1010.8050229793257,185.1236640158146,-556.741968565507,0.0
PatchTST-SSL(HoW-cond),Shrew_office_Nora,123,schedule,3290.884173359972,3315.0975830257676,87.99645030251972,0.0
PatchTST-SSL(HoW-cond),Shrew_office_Nora,123,spike,376.26680608690043,352.14618200595976,324.59870144876027,318.88008181690816
PatchTST-SSL(HoW-cond),Shrew_office_Nora,123,drift,7614.144366066744,3609.0255740655666,799.1792972199289,0.0
PatchTST-SSL(HoW-cond),Shrew_office_Nora,123,schedule,1094.4520359605751,181.62538651702863,-1021.492222625274,0.0
PatchTST-SSL(HoW-cond),Shrew_office_Nora,123,schedule,1416.5460083676978,311.62549537334684,-2322.4195052145915,0.0
PatchTST-SSL(HoW-cond),Shrew_office_Nora,123,spike,601.9704233252105,415.0549768213921,354.73893757314534,331.889726348763
PatchTST-SSL(HoW-cond),Shrew_office_Sherill,123,spike,578.3385967541096,521.0689064336785,493.7845604393922,440.02199339690077
PatchTST-SSL(HoW-cond),Shrew_office_Sherill,123,spike,345.8744050438456,136.70721466267847,136.70721466267847,109.69157698375255
PatchTST-SSL(HoW-cond),Shrew_office_Sherill,123,spike,1180.8534319507842,1130.0133000505928,1128.8006231024347,1021.9507493348891
PatchTST-SSL(HoW-cond),Shrew_office_Sherill,123,schedule,49.0780568847848,1122.043382874904,-1251.5941108437642,0.0
PatchTST-SSL(HoW-cond),Shrew_office_Sherill,123,spike,700.922035523425,704.8244095137245,676.168947180424,650.7931341558726
PatchTST-SSL(HoW-cond),Shrew_office_Sherill,123,spike,576.2785294570245,361.6879621294605,159.93213177739122,307.6566867716087
PatchTST-SSL(HoW-cond),Wolf_office_Darleen,123,spike,65.8937859304471,87.17570890170704,87.17570890170704,76.44135648686287
PatchTST-SSL(HoW-cond),Wolf_office_Darleen,123,spike,83.28902311738497,100.99487411409916,100.99487411409916,95.62769790667708
PatchTST-SSL(HoW-cond),Wolf_office_Darleen,123,spike,182.46892341773957,160.6231123266476,160.6231123266476,155.2559361192255
PatchTST-SSL(HoW-cond),Wolf_office_Darleen,123,schedule,7.9152393080438666,529.7752181562914,-384.6029972820292,0.0
PatchTST-SSL(HoW-cond),Wolf_office_Darleen,123,spike,124.79621838562952,107.09126697989865,92.20402057501721,96.35691456505448
PatchTST-SSL(HoW-cond),Wolf_office_Darleen,123,spike,368.81726115371623,352.31028116627647,336.4111409120649,325.47440012916604
PatchTST-SSL(HoW-cond),Wolf_retail_Harriett,123,spike,457.4247901449033,634.7053200913716,634.7053200913716,594.0376523953489
PatchTST-SSL(HoW-cond),Wolf_retail_Harriett,123,drift,4144.361343854632,4213.530471013643,3955.0392437213877,2651.892031486371
PatchTST-SSL(HoW-cond),Wolf_retail_Harriett,123,drift,3947.0433792888175,3778.1012403760587,3049.1596251514975,1826.0531909669683
PatchTST-SSL(HoW-cond),Wolf_retail_Harriett,123,spike,73.33517475350126,73.20454979745698,73.20454979745698,65.07101625825243
PatchTST-SSL(HoW-cond),Wolf_retail_Harriett,123,drift,6837.275189996621,6700.9444984059455,6544.049824502777,4944.101253937764
PatchTST-SSL(HoW-cond),Wolf_retail_Harriett,123,drift,3496.533831189122,3853.2735410191863,2824.7566960461736,2096.430296551005
PatchTST-SSL(HoW-cond),Wolf_retail_Marcella,123,schedule,49.06125647800477,61.91425118989845,-357.00192948606633,0.0
PatchTST-SSL(HoW-cond),Wolf_retail_Marcella,123,schedule,31.847535902768044,195.92693803378697,-127.11158330113966,0.0
PatchTST-SSL(HoW-cond),Wolf_retail_Marcella,123,spike,58.32890246484679,50.59513820773986,48.665493411467494,46.50906901199736
PatchTST-SSL(HoW-cond),Wolf_retail_Marcella,123,spike,44.71607311517462,51.40433969968723,51.40433969968723,48.33978780288035
PatchTST-SSL(HoW-cond),Wolf_retail_Marcella,123,spike,24.2748552787643,16.007420360964865,9.019960617026712,11.921351165222369
PatchTST-SSL(HoW-cond),Wolf_retail_Marcella,123,schedule,32.58258539118555,253.5936803998727,-7.95203841290434,32.94594382977789
PatchTST-SSL(HoW-cond),Wolf_retail_Toshia,123,schedule,341.2018665329207,931.6794286974826,-1782.0806350471687,0.0
PatchTST-SSL(HoW-cond),Wolf_retail_Toshia,123,schedule,125.23269292396866,353.01501484484754,-976.3232807906255,0.0
PatchTST-SSL(HoW-cond),Wolf_retail_Toshia,123,drift,713.0171653200337,1458.9790198626383,-952.1598787805628,0.0
PatchTST-SSL(HoW-cond),Wolf_retail_Toshia,123,schedule,23.824743830417095,1996.3557077478777,-892.6123981053776,0.0
PatchTST-SSL(HoW-cond),Wolf_retail_Toshia,123,schedule,5.202148174522566,894.6146568178187,-53.37360047675884,0.0
PatchTST-SSL(HoW-cond),Wolf_retail_Toshia,123,spike,288.7450087384966,210.2359264110391,210.2359264110391,194.98613878861548
HOW-profile(HoW-cond),Fox_education_Henrietta,123,spike,62.3151367831081,72.4351367831081,72.4351367831081,66.22468262141489
HOW-profile(HoW-cond),Fox_education_Henrietta,123,spike,22.5339787810166,27.023978781016606,27.023978781016606,22.883676006554456
HOW-profile(HoW-cond),Fox_education_Henrietta,123,drift,2129.2422516931865,1854.8974691399512,1827.3672516931867,1407.7447694980392
HOW-profile(HoW-cond),Fox_education_Henrietta,123,schedule,25.668084549878433,44.781530289718006,-154.28691545012157,0.0
HOW-profile(HoW-cond),Fox_education_Henrietta,123,spike,93.27225626739843,87.25725626739845,84.01725626739844,78.97665071847415
HOW-profile(HoW-cond),Fox_education_Henrietta,123,spike,40.3376104370127,52.387610437012704,52.387610437012704,46.17715627531948
HOW-profile(HoW-cond),Fox_retail_Manie,123,schedule,188.23368316345193,213.2374289179445,-323.08631683654795,0.0
HOW-profile(HoW-cond),Fox_retail_Manie,123,drift,1190.389224928504,2299.090325828428,425.83422492850445,1389.7378833185585
HOW-profile(HoW-cond),Fox_retail_Manie,123,spike,231.2384091885434,208.41340918854337,155.9884091885434,198.9409879123989
HOW-profile(HoW-cond),Fox_retail_Manie,123,drift,8075.550167979638,8740.476741409053,8126.825167979638,7603.786188271716
HOW-profile(HoW-cond),Fox_retail_Manie,123,spike,213.85785148807392,211.8378514880739,211.8378514880739,202.36543021192944
HOW-profile(HoW-cond),Fox_retail_Manie,123,spike,89.27525732580789,100.34025732580787,100.34025732580787,90.8678360496634
HOW-profile(HoW-cond),Hog_education_Bruno,123,drift,12581.694028159582,13081.786474626831,13075.738028159583,12588.626730555094
HOW-profile(HoW-cond),Hog_education_Bruno,123,spike,215.44652421456883,211.65452421456882,211.65452421456882,208.71904954747515
HOW-profile(HoW-cond),Hog_education_Bruno,123,drift,23406.67398013627,25776.9485249835,25776.540480136275,25072.43460488102
HOW-profile(HoW-cond),Hog_education_Bruno,123,drift,17417.23776478174,17400.563674408088,17176.663764781744,16836.952538326103
HOW-profile(HoW-cond),Hog_education_Bruno,123,spike,163.05698953102316,236.77448953102316,236.77448953102316,230.90354019683582
HOW-profile(HoW-cond),Hog_education_Bruno,123,schedule,617.2674478457445,373.42809160992897,-150.1665521542554,0.0
HOW-profile(HoW-cond),Hog_education_Caridad,123,spike,1061.8411712455413,924.6811712455416,778.7431712455415,847.13744058264
HOW-profile(HoW-cond),Hog_education_Caridad,123,drift,86699.43060486652,75602.86203809276,75349.66560486652,69089.18866240903
HOW-profile(HoW-cond),Hog_education_Caridad,123,spike,1367.9883498139122,1090.794349813912,965.4713498139122,974.4787538195596
HOW-profile(HoW-cond),Hog_education_Caridad,123,spike,2640.9671517583097,2196.34915175831,2196.34915175831,2157.5772864268592
HOW-profile(HoW-cond),Hog_education_Caridad,123,drift,37859.99826159823,9529.716315756672,-54313.80273840178,0.0
HOW-profile(HoW-cond),Hog_education_Caridad,123,drift,64772.616015767635,57042.040791458465,51460.78701576762,51458.89218372955
HOW-profile(HoW-cond),Hog_education_Luvenia,123,drift,22772.992478968856,25651.946978968856,25651.946978968856,23818.067292808882
HOW-profile(HoW-cond),Hog_education_Luvenia,123,spike,868.1026954124659,1080.196195412466,1080.196195412466,1029.2550930191335
HOW-profile(HoW-cond),Hog_education_Luvenia,123,spike,520.929680394113,697.4781803941127,697.4781803941127,659.2723535991132
HOW-profile(HoW-cond),Hog_education_Luvenia,123,drift,37481.45701234491,40268.562012344904,40268.562012344904,38129.03571182494
HOW-profile(HoW-cond),Hog_education_Luvenia,123,drift,12725.579189530934,18228.457189530935,18228.457189530935,15783.284274650972
HOW-profile(HoW-cond),Hog_education_Luvenia,123,spike,339.2407858229117,490.60178582291195,490.60178582291195,465.13123462624566
HOW-profile(HoW-cond),Hog_office_Almeda,123,spike,149.76549446840025,187.34649446840018,187.34649446840018,176.713309735844
HOW-profile(HoW-cond),Hog_office_Almeda,123,drift,7747.404307710045,9964.066848595576,9952.969807710046,9028.346592130632
HOW-profile(HoW-cond),Hog_office_Almeda,123,spike,144.3627536775786,166.85175367757859,166.85175367757859,152.67417403417036
HOW-profile(HoW-cond),Hog_office_Almeda,123,spike,235.10052064671245,234.61652064671242,234.61652064671242,231.07212573586037
HOW-profile(HoW-cond),Hog_office_Almeda,123,schedule,35.04166236582216,1971.4227105022646,1937.0336623658222,1546.0953212000177
HOW-profile(HoW-cond),Hog_office_Almeda,123,schedule,1105.6362889126906,825.3181712724172,274.7542889126906,570.121737691069
HOW-profile(HoW-cond),Hog_office_Cortney,123,drift,11851.782840649385,12181.065572828666,12038.128840649382,11428.145598574474
HOW-profile(HoW-cond),Hog_office_Cortney,123,drift,447.3166719625189,650.1187169332898,427.06317196251916,302.6171903544319
HOW-profile(HoW-cond),Hog_office_Cortney,123,spike,291.56911042175403,291.93011042175397,288.68211042175403,284.6904952846944
HOW-profile(HoW-cond),Hog_office_Cortney,123,drift,422.59858870276895,910.3958439521247,457.90308870276937,620.8112384697431
HOW-profile(HoW-cond),Hog_office_Cortney,123,spike,172.28947104522612,166.25247104522612,166.25247104522612,163.8392659995396
HOW-profile(HoW-cond),Hog_office_Cortney,123,schedule,677.7136591565569,347.2743555564725,-2740.1308408434425,0.0
HOW-profile(HoW-cond),Hog_office_Denita,123,spike,245.92402961742445,257.7480296174245,255.0800296174245,251.2927061202131
HOW-profile(HoW-cond),Hog_office_Denita,123,drift,8123.860824342048,8335.662785611461,8270.785574342048,7767.594317856857
HOW-profile(HoW-cond),Hog_office_Denita,123,spike,580.2976542057552,555.6156542057552,548.1436542057551,544.8567817104029
HOW-profile(HoW-cond),Hog_office_Denita,123,drift,9708.280586801246,5204.038354677848,4440.572836801243,4635.969886923243
HOW-profile(HoW-cond),Hog_office_Denita,123,drift,3217.0946225694506,2902.3770309135416,2838.6993725694506,2592.5215030473937
HOW-profile(HoW-cond),Hog_office_Denita,123,spike,291.68184374277547,307.6368437427755,307.6368437427755,305.485069243705
HOW-profile(HoW-cond),Hog_office_Garrett,123,spike,673.1114520180763,649.7694520180763,644.2394520180763,622.0016242534085
HOW-profile(HoW-cond),Hog_office_Garrett,123,drift,14814.728588802252,5159.440645470067,-1874.7956611977474,3160.157046413986
HOW-profile(HoW-cond),Hog_office_Garrett,123,drift,11676.335503672775,11143.864874455487,10817.661253672773,8811.367342223391
HOW-profile(HoW-cond),Hog_office_Garrett,123,drift,45843.26798361361,44995.193466587516,44302.4669836136,40663.41233529934
HOW-profile(HoW-cond),Hog_office_Garrett,123,spike,1278.5484206971587,1375.8304206971588,1375.8304206971588,1348.062592932491
HOW-profile(HoW-cond),Hog_office_Garrett,123,spike,475.55877321060376,459.5337732106037,426.7907732106038,431.7659454459359
HOW-profile(HoW-cond),Hog_office_Lavon,123,drift,3647.447867555114,93834.96842013736,93762.1811175551,76633.25958074137
HOW-profile(HoW-cond),Hog_office_Lavon,123,schedule,5611.8492374739135,5742.945737473914,5741.564737473913,0.0
HOW-profile(HoW-cond),Hog_office_Lavon,123,drift,1318.2853101519481,76848.45956015194,76848.45956015194,65380.65366722128
HOW-profile(HoW-cond),Hog_office_Lavon,123,drift,26866.145659749058,24755.86574532812,24667.390159749055,3731.5549416219073
HOW-profile(HoW-cond),Hog_office_Lavon,123,spike,4654.6576227406695,6065.013622740668,6065.013622740668,5666.8259181250205
HOW-profile(HoW-cond),Hog_office_Lavon,123,spike,1229.43435372088,1363.2033537208802,1342.2113537208802,1124.2907309514915
HOW-profile(HoW-cond),Hog_office_Merilyn,123,spike,61.160964077988055,62.49296407798804,62.49296407798804,51.3398756113244
HOW-profile(HoW-cond),Hog_office_Merilyn,123,drift,3060.2811490141294,848.0391159931575,29.71014901412923,0.0
HOW-profile(HoW-cond),Hog_office_Merilyn,123,spike,71.7595462617489,66.22954626174888,60.23354626174888,58.79415395063978
HOW-profile(HoW-cond),Hog_office_Merilyn,123,spike,68.11640458468179,48.885024280827956,41.36040458468179,30.29654350305522
HOW-profile(HoW-cond),Hog_office_Merilyn,123,spike,80.44931454341953,64.54931454341954,54.02631454341954,53.396226076755894
HOW-profile(HoW-cond),Hog_office_Merilyn,123,spike,63.095004222696325,54.763004222696324,47.33550422269632,47.327611911587226
HOW-profile(HoW-cond),Hog_office_Miriam,123,spike,115.16704691100475,119.59954691100474,118.29304691100474,114.85002815687172
HOW-profile(HoW-cond),Hog_office_Miriam,123,drift,785.8626873676269,582.3074916159644,523.4281873676268,439.82192899197366
HOW-profile(HoW-cond),Hog_office_Miriam,123,schedule,18.70976328340205,106.25150000000002,-853.9217367165978,0.0
HOW-profile(HoW-cond),Hog_office_Miriam,123,drift,1705.9470745484928,1378.4125089547902,1344.634074548493,1178.9327212812032
HOW-profile(HoW-cond),Hog_office_Miriam,123,schedule,65.11344880485477,122.54159077936187,45.368448804854765,37.05025320496742
HOW-profile(HoW-cond),Hog_office_Miriam,123,spike,42.39610680408916,45.496106804089166,45.496106804089166,43.121347427022656
HOW-profile(HoW-cond),Hog_office_Napoleon,123,drift,3407.3434580976264,6305.191262099938,6283.265958097626,5010.588378200964
HOW-profile(HoW-cond),Hog_office_Napoleon,123,drift,1240.808483746051,520.2218787595829,-721.626016253949,0.0
HOW-profile(HoW-cond),Hog_office_Napoleon,123,spike,194.63034878104787,206.8303487810479,206.8303487810479,200.83681691114523
HOW-profile(HoW-cond),Hog_office_Napoleon,123,drift,7546.108563231916,5290.716798386268,4678.4340632319145,4139.958679364958
HOW-profile(HoW-cond),Hog_office_Napoleon,123,spike,128.62317666616923,156.01017666616923,156.01017666616923,150.01664479626658
HOW-profile(HoW-cond),Hog_office_Napoleon,123,spike,647.4298835368563,735.8948835368565,735.8948835368565,711.9207560572459
HOW-profile(HoW-cond),Hog_office_Shawna,123,spike,544.4260027035006,541.2275027035006,541.2275027035006,534.1162369524494
HOW-profile(HoW-cond),Hog_office_Shawna,123,spike,395.22330845833704,456.49430845833706,456.49430845833706,435.16051120518347
HOW-profile(HoW-cond),Hog_office_Shawna,123,schedule,375.54039039351596,2007.2311714602597,1930.424890393516,1495.220037384574
HOW-profile(HoW-cond),Hog_office_Shawna,123,schedule,1812.6001358797075,2747.219636224422,-1219.3178641202917,1211.186233997365
HOW-profile(HoW-cond),Hog_office_Shawna,123,schedule,1820.996961677357,3358.9281155210083,3197.690961677357,2676.246603420094
HOW-profile(HoW-cond),Hog_office_Shawna,123,schedule,1809.3893103200414,2921.4536198204323,2803.9113103200416,1726.7609736438321
HOW-profile(HoW-cond),Hog_office_Shawnna,123,drift,57077.844915445494,56511.20841544549,56501.778415445486,51867.20823487878
HOW-profile(HoW-cond),Hog_office_Shawnna,123,drift,53649.65084621638,33670.034599935905,26684.108346216373,27632.83436519918
HOW-profile(HoW-cond),Hog_office_Shawnna,123,schedule,5029.798718629714,4114.291274903771,566.3302186297137,1327.8911665637443
HOW-profile(HoW-cond),Hog_office_Shawnna,123,schedule,5522.78968090047,3283.9746366626814,-5956.064819099531,1426.3745644359967
HOW-profile(HoW-cond),Hog_office_Shawnna,123,spike,2337.3119415464976,1957.7884415464978,1864.6159415464977,1880.3884385370525
HOW-profile(HoW-cond),Hog_office_Shawnna,123,spike,1754.7718106880961,1627.942810688096,1524.549810688096,1569.892808431012
HOW-profile(HoW-cond),Hog_office_Sherrie,123,schedule,2.3142792858528196,89.90900000000005,-112.72422071414714,0.0
HOW-profile(HoW-cond),Hog_office_Sherrie,123,schedule,95.35744604300885,288.59125683440703,210.9094460430088,133.25182851118672
HOW-profile(HoW-cond),Hog_office_Sherrie,123,spike,211.3706949657204,204.36519496572038,196.73669496572037,197.8927187855862
HOW-profile(HoW-cond),Hog_office_Sherrie,123,spike,163.03533651629357,162.57583651629358,160.5993365162936,154.48524129112585
HOW-profile(HoW-cond),Hog_office_Sherrie,123,spike,78.75970548336898,79.79170548336897,79.79170548336897,74.93734834826833
HOW-profile(HoW-cond),Hog_office_Sherrie,123,drift,4448.7034678193995,4956.9804678194,4956.9804678194,4452.127325768934
HOW-profile(HoW-cond),Hog_office_Shon,123,spike,461.2450935166311,393.91509351663103,375.35709351663104,374.3565989459843
HOW-profile(HoW-cond),Hog_office_Shon,123,drift,761.6384899476828,1459.9793472003219,1150.770489947683,896.694703565695
HOW-profile(HoW-cond),Hog_office_Shon,123,schedule,174.51074739469794,1338.033047373453,1175.838247394698,774.7484037388261
HOW-profile(HoW-cond),Hog_office_Shon,123,spike,303.0572338394775,298.2352338394775,294.00273383947746,290.4118360112188
HOW-profile(HoW-cond),Hog_office_Shon,123,spike,256.2830427324343,225.4970427324342,215.0820427324342,205.93854816178745
HOW-profile(HoW-cond),Hog_office_Shon,123,drift,5893.412325967968,6671.147744359271,6615.9988259679685,6013.98232678554
HOW-profile(HoW-cond),Hog_office_Sydney,123,spike,278.96918908688116,270.73318908688117,260.4776890868812,258.6165930174177
HOW-profile(HoW-cond),Hog_office_Sydney,123,spike,270.126265038092,287.09751503809196,287.09751503809196,266.9031882556528
HOW-profile(HoW-cond),Hog_office_Sydney,123,drift,17403.392146232713,14959.49913492287,14671.772646232715,13796.305912254376
HOW-profile(HoW-cond),Hog_office_Sydney,123,spike,129.43057796468915,138.38257796468912,138.38257796468912,134.3437126082013
HOW-profile(HoW-cond),Hog_office_Sydney,123,spike,237.61408920532858,207.0870892053286,198.9820892053286,190.93162777937732
HOW-profile(HoW-cond),Hog_office_Sydney,123,drift,17368.879460316846,15196.805404068822,14950.500210316848,14324.410487067453
HOW-profile(HoW-cond),Hog_office_Valda,123,spike,132.0073555071441,130.1743555071441,130.1743555071441,128.6155315125591
HOW-profile(HoW-cond),Hog_office_Valda,123,drift,2035.555266562899,1290.5452498243112,1058.727266562899,879.0157152538717
HOW-profile(HoW-cond),Hog_office_Valda,123,spike,113.48555066936598,118.96455066936599,118.96455066936599,115.846902680196
HOW-profile(HoW-cond),Hog_office_Valda,123,spike,83.28508469340171,79.93958469340173,77.10208469340174,76.82193670423173
HOW-profile(HoW-cond),Hog_office_Valda,123,schedule,113.66255122026587,30.780077860788175,-225.27444877973412,0.0
HOW-profile(HoW-cond),Hog_office_Valda,123,spike,111.04979550643846,144.04679550643846,144.04679550643846,139.37032352268346
HOW-profile(HoW-cond),Lamb_education_Armando,123,drift,1382.4976844901717,3208.0063456376533,2116.127484490172,2075.929272734717
HOW-profile(HoW-cond),Lamb_education_Armando,123,schedule,11.283248806262867,2318.3395093721465,2309.933248806263,1700.842924152363
HOW-profile(HoW-cond),Lamb_education_Armando,123,drift,1622.771775139732,3358.4291850455757,3249.421775139732,2638.0165022891615
HOW-profile(HoW-cond),Lamb_education_Armando,123,spike,236.8574171616894,236.25741716168938,236.25741716168938,231.96924643099644
HOW-profile(HoW-cond),Lamb_education_Armando,123,spike,578.6431374661657,573.9431374661657,573.9431374661657,552.502283812701
HOW-profile(HoW-cond),Lamb_education_Armando,123,schedule,102.30411353312368,1759.45,1340.954013533124,1039.037317243586
HOW-profile(HoW-cond),Lamb_education_Eula,123,spike,14.970820239444043,14.520820239444042,14.520820239444042,14.343378691967093
HOW-profile(HoW-cond),Lamb_education_Eula,123,drift,201.48787959516318,134.88137531006976,1.027679595163164,79.51961249726159
HOW-profile(HoW-cond),Lamb_education_Eula,123,spike,15.346985618486395,15.541885618486393,15.541885618486393,15.009560976055546
HOW-profile(HoW-cond),Lamb_education_Eula,123,spike,16.404258467178053,20.004258467178055,20.004258467178055,19.29449227727026
HOW-profile(HoW-cond),Lamb_education_Eula,123,spike,27.277168026824217,27.877168026824215,27.877168026824215,27.16740183691642
HOW-profile(HoW-cond),Lamb_education_Eula,123,spike,6.01634712673869,6.06634712673869,6.06634712673869,5.888905579261741
HOW-profile(HoW-cond),Lamb_education_Lazaro,123,drift,1018.5965862014712,2607.500017046123,-3059.4102137985287,203.87681492336833
HOW-profile(HoW-cond),Lamb_education_Lazaro,123,spike,676.4958462135635,698.4958462135633,698.4958462135633,659.9762436154422
HOW-profile(HoW-cond),Lamb_education_Lazaro,123,spike,141.49733594162015,148.29733594162013,148.29733594162013,132.8894949023717
HOW-profile(HoW-cond),Lamb_education_Lazaro,123,spike,129.92503730801988,136.2250373080199,136.2250373080199,128.5211167883957
HOW-profile(HoW-cond),Lamb_education_Lazaro,123,spike,302.02559845077417,307.9255984507742,307.9255984507742,300.22167793115
HOW-profile(HoW-cond),Lamb_education_Lazaro,123,spike,463.6770954773831,640.077095477383,640.077095477383,601.5574928792619
HOW-profile(HoW-cond),Lamb_education_Lucas,123,drift,89.34172921874708,159.5465348301829,-261.8142707812529,85.95797626054245
HOW-profile(HoW-cond),Lamb_education_Lucas,123,spike,56.54812635776497,58.27462635776497,58.27462635776497,57.252563044297744
HOW-profile(HoW-cond),Lamb_education_Lucas,123,drift,362.88219666910686,684.2126861118423,666.5851966691068,618.8006340499397
HOW-profile(HoW-cond),Lamb_education_Lucas,123,spike,64.74101218745942,64.18901218745941,63.91451218745941,63.507636645147926
HOW-profile(HoW-cond),Lamb_education_Lucas,123,drift,56.64813363877833,277.3191023596604,251.91313363877836,220.08355680549562
HOW-profile(HoW-cond),Lamb_education_Lucas,123,spike,59.82621680586585,59.83721680586585,59.83721680586585,59.49652903471011
HOW-profile(HoW-cond),Lamb_education_Mae,123,schedule,5.25419288600467,1164.4202725819778,1147.412392886005,801.3748664441398
HOW-profile(HoW-cond),Lamb_education_Mae,123,spike,570.6439473122435,684.6439473122434,684.6439473122434,659.4324607748936
HOW-profile(HoW-cond),Lamb_education_Mae,123,spike,146.70256740553745,135.58216740553746,135.58216740553746,130.5398700980675
HOW-profile(HoW-cond),Lamb_education_Mae,123,drift,2722.9026658176017,4874.611765817603,4874.611765817603,4027.5058181626473
HOW-profile(HoW-cond),Lamb_education_Mae,123,drift,2149.3865127621666,2468.847791843984,-66.09708723783308,1016.6661672926323
HOW-profile(HoW-cond),Lamb_education_Mae,123,drift,3791.6686049023856,1400.2671321484277,-1173.2731950976147,432.14604911419326
HOW-profile(HoW-cond),Lamb_education_Williams,123,drift,3351.4967712564903,3622.223512310315,3562.54757125649,3096.996531778545
HOW-profile(HoW-cond),Lamb_education_Williams,123,schedule,62.114995414181195,706.2149954141812,685.8649954141812,391.0788070951192
HOW-profile(HoW-cond),Lamb_education_Williams,123,schedule,24.841654031099587,14.177417724442956,-3017.7083459689006,0.0
HOW-profile(HoW-cond),Lamb_education_Williams,123,spike,492.9089012731447,504.80890127314467,504.80890127314467,498.24356401649754
HOW-profile(HoW-cond),Lamb_education_Williams,123,schedule,155.02713346289235,300.26415140238464,76.12733346289232,142.69605724285364
HOW-profile(HoW-cond),Lamb_education_Williams,123,spike,254.59421878904828,253.24421878904832,253.24421878904832,251.05577303683262
HOW-profile(HoW-cond),Lamb_office_Caitlin,123,schedule,24.372337078956225,0.0,-7349.727662921044,0.0
HOW-profile(HoW-cond),Lamb_office_Caitlin,123,drift,420.7180980826854,1871.1246132353174,-686.7819019173145,597.8040685407295
HOW-profile(HoW-cond),Lamb_office_Caitlin,123,spike,147.7786728012403,138.17867280124028,134.3286728012403,111.65116145343637
HOW-profile(HoW-cond),Lamb_office_Caitlin,123,drift,1503.9490490242747,76.92987350132967,-8572.700950975726,0.0
HOW-profile(HoW-cond),Lamb_office_Caitlin,123,spike,137.70284069829003,126.55284069829003,122.05284069829003,91.1828255678848
HOW-profile(HoW-cond),Lamb_office_Caitlin,123,spike,100.27027750694405,0.0,-25.629722493055937,0.0
HOW-profile(HoW-cond),Lamb_office_Velma,123,drift,1975.9909665477498,5627.056012311232,5625.1409665477495,4598.604803134833
HOW-profile(HoW-cond),Lamb_office_Velma,123,schedule,1083.9689514614422,2965.2911096853813,2801.2189514614424,1642.9966978871546
HOW-profile(HoW-cond),Lamb_office_Velma,123,drift,3072.3249169228893,2220.6653228203973,950.6749169228895,1045.2925123330847
HOW-profile(HoW-cond),Lamb_office_Velma,123,spike,522.5582661031699,521.75826610317,521.75826610317,503.3930659393057
HOW-profile(HoW-cond),Lamb_office_Velma,123,drift,2041.0632201693522,3938.3499623033576,3900.013220169352,3203.7419557487874
HOW-profile(HoW-cond),Lamb_office_Velma,123,schedule,1117.230507604571,1890.9542324093395,442.630407604571,715.581421922027
HOW-profile(HoW-cond),Rat_retail_Jeffrey,123,drift,1312.0518182804365,1479.3208534576856,989.0368182804365,725.2652532996437
HOW-profile(HoW-cond),Rat_retail_Jeffrey,123,spike,189.2789668781123,248.52896687811233,248.52896687811233,236.7468481256429
HOW-profile(HoW-cond),Rat_retail_Jeffrey,123,drift,8910.868716443787,10758.164937776379,10699.953716443788,9815.595437578826
HOW-profile(HoW-cond),Rat_retail_Jeffrey,123,drift,2354.9892115068847,6336.975749556259,6164.589211506884,5205.892349319196
HOW-profile(HoW-cond),Rat_retail_Jeffrey,123,schedule,754.4704514248123,709.5461644007535,314.8704514248123,332.5183643217325
HOW-profile(HoW-cond),Rat_retail_Jeffrey,123,spike,220.22596944664465,215.64596944664464,211.41596944664462,207.79122361166503
HOW-profile(HoW-cond),Robin_education_Zenia,123,spike,308.7363109287601,492.32001092876015,492.32001092876015,468.684974246378
HOW-profile(HoW-cond),Robin_education_Zenia,123,spike,282.9906895879925,469.29068958799246,469.29068958799246,445.6556529056103
HOW-profile(HoW-cond),Robin_education_Zenia,123,drift,32092.55620374616,51085.872103746166,51085.872103746166,48627.828288778415
HOW-profile(HoW-cond),Robin_education_Zenia,123,spike,520.8681222245829,839.7416222245829,839.7416222245829,800.3498944206126
HOW-profile(HoW-cond),Robin_education_Zenia,123,spike,259.25005965055885,570.7895596505589,570.7895596505589,531.3978318465886
HOW-profile(HoW-cond),Robin_education_Zenia,123,spike,124.56619969956976,186.66619969956975,186.66619969956975,178.78785413877569
HOW-profile(HoW-cond),Robin_office_Dina,123,drift,2389.350675325917,3597.1435542378695,3596.9765253259175,3194.947445064717
HOW-profile(HoW-cond),Robin_office_Dina,123,schedule,25.588260406798945,883.1931302136419,834.182710406799,561.43624287512
HOW-profile(HoW-cond),Robin_office_Dina,123,spike,58.82737179677821,57.1314217967782,56.3814217967782,52.1039704321138
HOW-profile(HoW-cond),Robin_office_Dina,123,spike,85.39978210973145,86.89978210973143,86.78918210973143,78.52069650195743
HOW-profile(HoW-cond),Robin_office_Dina,123,schedule,110.4701280502336,312.5611211967401,51.58087805023359,0.0
HOW-profile(HoW-cond),Robin_office_Dina,123,drift,3727.8637343263326,4115.3370196598225,4075.3379843263324,3793.580132321301
HOW-profile(HoW-cond),Robin_office_Sammie,123,drift,1709.4996051226371,1858.0083149820157,1842.3678551226371,1135.8212167508325
HOW-profile(HoW-cond),Robin_office_Sammie,123,schedule,35.86979335507271,98.16625,-867.3001566449273,0.0
HOW-profile(HoW-cond),Robin_office_Sammie,123,drift,3936.623120105494,5487.314050819212,5264.877570105495,3609.6275954181356
HOW-profile(HoW-cond),Robin_office_Sammie,123,spike,169.7559671692543,143.65596716925427,143.65596716925427,137.6377413506611
HOW-profile(HoW-cond),Robin_office_Sammie,123,drift,6285.232032606697,4204.335033309503,3536.707782606698,2759.9608368471368
HOW-profile(HoW-cond),Robin_office_Sammie,123,drift,16501.921443584568,15850.248282322127,15790.67144358457,14261.436666213523
HOW-profile(HoW-cond),Shrew_office_Doris,123,drift,6968.328491368936,6113.494437146324,5485.978491368936,4652.795618316082
HOW-profile(HoW-cond),Shrew_office_Doris,123,drift,12689.24547433938,17739.306663884585,17734.845474339378,16156.882943485156
HOW-profile(HoW-cond),Shrew_office_Doris,123,spike,489.8042756364784,526.2042756364784,526.2042756364784,510.9886629403301
HOW-profile(HoW-cond),Shrew_office_Doris,123,spike,502.0957380958641,510.2457380958641,510.2457380958641,500.10199629843186
HOW-profile(HoW-cond),Shrew_office_Doris,123,drift,16033.330631029643,17041.837679031425,17032.880631029642,16189.763368047117
HOW-profile(HoW-cond),Shrew_office_Doris,123,spike,1030.993344485124,1075.193344485124,1075.193344485124,1049.8339899915434
HOW-profile(HoW-cond),Shrew_office_Ila,123,drift,19012.203627218725,24159.20362721873,24159.20362721873,22941.244845336947
HOW-profile(HoW-cond),Shrew_office_Ila,123,drift,24511.26528205332,22881.665282053316,22881.665282053316,21866.699630485164
HOW-profile(HoW-cond),Shrew_office_Ila,123,spike,203.38148492878386,240.48148492878386,240.48148492878386,232.0234378323826
HOW-profile(HoW-cond),Shrew_office_Ila,123,drift,6346.046537907148,10671.24653790715,10671.24653790715,9453.287756025366
HOW-profile(HoW-cond),Shrew_office_Ila,123,spike,377.5391016183669,386.78910161836694,386.78910161836694,382.5600780701663
HOW-profile(HoW-cond),Shrew_office_Ila,123,drift,6025.171995574045,8995.321995574044,8995.321995574044,8284.846039476337
HOW-profile(HoW-cond),Shrew_office_Kenneth,123,drift,1033.57387405263,6.103396920281794,-1427.47612594737,0.0
HOW-profile(HoW-cond),Shrew_office_Kenneth,123,schedule,1012.3292031076444,7.11160974578411,-1844.9207968923556,0.0
HOW-profile(HoW-cond),Shrew_office_Kenneth,123,spike,46.44256132485441,54.142561324854405,54.142561324854405,42.9637438338066
HOW-profile(HoW-cond),Shrew_office_Kenneth,123,spike,106.23505239129784,107.38505239129785,107.38505239129785,103.6587798942819
HOW-profile(HoW-cond),Shrew_office_Kenneth,123,drift,2416.6968060991635,4085.8468060991636,4085.8468060991636,3370.4024866721043
HOW-profile(HoW-cond),Shrew_office_Kenneth,123,drift,1010.8050229793257,315.92497114152417,35.30502297932564,0.0
HOW-profile(HoW-cond),Shrew_office_Nora,123,schedule,3290.884173359972,3932.7153484020246,3518.284173359972,3083.1252190823925
HOW-profile(HoW-cond),Shrew_office_Nora,123,spike,376.26680608690043,397.5168060869004,397.5168060869004,389.6502308154223
HOW-profile(HoW-cond),Shrew_office_Nora,123,drift,7614.144366066744,5003.5803640954,4015.6443660667437,4059.5913315180314
HOW-profile(HoW-cond),Shrew_office_Nora,123,schedule,1094.4520359605751,1129.2760346287018,858.652035960575,846.0793248554912
HOW-profile(HoW-cond),Shrew_office_Nora,123,schedule,1416.5460083676978,1403.2851633654068,148.9960083676977,931.2906470767224
HOW-profile(HoW-cond),Shrew_office_Nora,123,spike,601.9704233252105,568.6704233252104,563.4704233252104,549.0039851465152
HOW-profile(HoW-cond),Shrew_office_Sherill,123,spike,578.3385967541096,555.8385967541095,529.3385967541095,535.8764226629527
HOW-profile(HoW-cond),Shrew_office_Sherill,123,spike,345.8744050438456,345.8744050438456,345.8744050438456,339.22034701346
HOW-profile(HoW-cond),Shrew_office_Sherill,123,spike,1180.8534319507842,1168.8534319507842,1168.8534319507842,1142.2371998292417
HOW-profile(HoW-cond),Shrew_office_Sherill,123,schedule,49.0780568847848,151.0,-1560.021943115215,0.0
HOW-profile(HoW-cond),Shrew_office_Sherill,123,spike,700.922035523425,806.172035523425,806.172035523425,792.8639194626538
HOW-profile(HoW-cond),Shrew_office_Sherill,123,spike,576.2785294570245,588.0285294570244,588.0285294570244,574.7204133962532
HOW-profile(HoW-cond),Wolf_office_Darleen,123,spike,65.8937859304471,74.89378593044711,74.89378593044711,71.34495498090813
HOW-profile(HoW-cond),Wolf_office_Darleen,123,spike,83.28902311738497,97.28902311738497,97.28902311738497,95.51460764261547
HOW-profile(HoW-cond),Wolf_office_Darleen,123,spike,182.46892341773957,182.46892341773955,182.46892341773955,180.69450794297006
HOW-profile(HoW-cond),Wolf_office_Darleen,123,schedule,7.9152393080438666,203.63841310268128,-358.58476069195615,0.0
HOW-profile(HoW-cond),Wolf_office_Darleen,123,spike,124.79621838562952,125.79621838562952,125.79621838562952,122.24738743609053
HOW-profile(HoW-cond),Wolf_office_Darleen,123,spike,368.81726115371623,358.81726115371623,356.81726115371623,349.9451837798688
HOW-profile(HoW-cond),Wolf_retail_Harriett,123,spike,457.4247901449033,554.8454151449033,554.8454151449033,528.229183023361
HOW-profile(HoW-cond),Wolf_retail_Harriett,123,drift,4144.361343854632,5570.035969251054,5558.264629111041,4547.972655783826
HOW-profile(HoW-cond),Wolf_retail_Harriett,123,drift,3947.0433792888175,4774.340475513154,4286.953395314458,3496.761333679119
HOW-profile(HoW-cond),Wolf_retail_Harriett,123,spike,73.33517475350126,66.11517475350126,66.11517475350126,60.791928329192785
HOW-profile(HoW-cond),Wolf_retail_Harriett,123,drift,6837.275189996621,7221.119982350795,7183.459997688927,6071.298754700163
HOW-profile(HoW-cond),Wolf_retail_Harriett,123,drift,3496.533831189122,4726.08157755186,4286.379513881429,3576.260349901229
HOW-profile(HoW-cond),Wolf_retail_Marcella,123,schedule,49.06125647800477,188.7342940419351,-10.496243521995224,93.46592720156113
HOW-profile(HoW-cond),Wolf_retail_Marcella,123,schedule,31.847535902768044,409.5928251026182,283.74253590276805,287.1049248792802
HOW-profile(HoW-cond),Wolf_retail_Marcella,123,spike,58.32890246484679,55.90265246484678,55.55265246484679,53.63435801626645
HOW-profile(HoW-cond),Wolf_retail_Marcella,123,spike,44.71607311517462,53.43107311517462,53.43107311517462,51.72985227873937
HOW-profile(HoW-cond),Wolf_retail_Marcella,123,spike,24.2748552787643,26.2498552787643,25.6323552787643,23.981560830183966
HOW-profile(HoW-cond),Wolf_retail_Marcella,123,schedule,32.58258539118555,393.019105913006,287.45508539118555,270.531205689668
HOW-profile(HoW-cond),Wolf_retail_Toshia,123,schedule,341.2018665329207,1206.08718411677,874.4143665329207,632.0637780288394
HOW-profile(HoW-cond),Wolf_retail_Toshia,123,schedule,125.23269292396866,501.8509621162205,127.19144292396868,157.43691846346212
HOW-profile(HoW-cond),Wolf_retail_Toshia,123,drift,713.0171653200337,2469.3815207801417,969.1321653200334,1895.358114692211
HOW-profile(HoW-cond),Wolf_retail_Toshia,123,schedule,23.824743830417095,1244.3203312768057,405.9047438304174,440.6875627537029
HOW-profile(HoW-cond),Wolf_retail_Toshia,123,schedule,5.202148174522566,1650.3891432116347,1514.7421481745225,1305.9750995588763
HOW-profile(HoW-cond),Wolf_retail_Toshia,123,spike,288.7450087384966,274.1587587384966,274.1587587384966,269.3752303544305
TOWT(HoW-cond),Fox_education_Henrietta,123,spike,62.3151367831081,79.30413952535551,79.30413952535551,73.25186408558126
TOWT(HoW-cond),Fox_education_Henrietta,123,spike,22.5339787810166,31.419097048696887,31.419097048696887,27.384246755514056
TOWT(HoW-cond),Fox_education_Henrietta,123,drift,2129.2422516931865,1983.9996898071465,1968.9161166932533,1548.235858143401
TOWT(HoW-cond),Fox_education_Henrietta,123,schedule,25.668084549878433,197.47993756609736,192.0262172849262,52.2253270115155
TOWT(HoW-cond),Fox_education_Henrietta,123,spike,93.27225626739843,82.25017302023161,77.10507294460864,74.18047243386596
TOWT(HoW-cond),Fox_education_Henrietta,123,spike,40.3376104370127,70.07934791086552,70.07934791086552,64.02707247109127
TOWT(HoW-cond),Fox_retail_Manie,123,schedule,188.23368316345193,93.50457777659588,-648.3473445166943,0.0
TOWT(HoW-cond),Fox_retail_Manie,123,drift,1190.389224928504,2547.8176154625544,760.1709556051736,1410.0213387260833
TOWT(HoW-cond),Fox_retail_Manie,123,spike,231.2384091885434,192.64385035405672,135.26663872092922,180.79180580471848
TOWT(HoW-cond),Fox_retail_Manie,123,drift,8075.550167979638,7793.9793374466035,7057.305575445874,6371.7339915260145
TOWT(HoW-cond),Fox_retail_Manie,123,spike,213.85785148807392,204.9858206102072,201.73458863907462,193.13377606086897
TOWT(HoW-cond),Fox_retail_Manie,123,spike,89.27525732580789,109.71669822603502,109.71669822603502,97.86465367669678
TOWT(HoW-cond),Hog_education_Bruno,123,drift,12581.694028159582,12686.031994626544,12639.571358534791,11827.92828665746
TOWT(HoW-cond),Hog_education_Bruno,123,spike,215.44652421456883,213.28139845313436,213.28139845313436,208.1736382866517
TOWT(HoW-cond),Hog_education_Bruno,123,drift,23406.67398013627,29274.81703762323,29274.81703762323,28048.954597667394
TOWT(HoW-cond),Hog_education_Bruno,123,drift,17417.23776478174,17743.81787476557,17582.31287599404,16763.1279228009
TOWT(HoW-cond),Hog_education_Bruno,123,spike,163.05698953102316,222.4566096853048,222.4566096853048,212.24108935233951
TOWT(HoW-cond),Hog_education_Bruno,123,schedule,617.2674478457445,276.89954719370184,-780.1487732298579,0.0
TOWT(HoW-cond),Hog_education_Caridad,123,spike,1061.8411712455413,1039.512786748137,1003.7966941651034,807.7877448674992
TOWT(HoW-cond),Hog_education_Caridad,123,drift,86699.43060486652,69327.30305600143,69327.30305600143,49862.399538027865
TOWT(HoW-cond),Hog_education_Caridad,123,spike,1367.9883498139122,1723.7324287833708,1723.7324287833708,1376.1448659624143
TOWT(HoW-cond),Hog_education_Caridad,123,spike,2640.9671517583097,2370.3691843068095,2370.3691843068095,2254.5066633664906
TOWT(HoW-cond),Hog_education_Caridad,123,drift,37859.99826159823,14914.499153027162,-40237.597381312386,0.0
TOWT(HoW-cond),Hog_education_Caridad,123,drift,64772.616015767635,89270.0410416042,82314.8481119138,72585.83802619828
TOWT(HoW-cond),Hog_education_Luvenia,123,drift,22772.992478968856,25443.919839532675,25443.919839532675,23710.965447169197
TOWT(HoW-cond),Hog_education_Luvenia,123,spike,868.1026954124659,1096.0021205721405,1096.0021205721405,1047.8644985620438
TOWT(HoW-cond),Hog_education_Luvenia,123,spike,520.929680394113,700.4269509348412,700.4269509348412,664.3237344272687
TOWT(HoW-cond),Hog_education_Luvenia,123,drift,37481.45701234491,40160.72045439195,40160.72045439195,38138.94032996789
TOWT(HoW-cond),Hog_education_Luvenia,123,drift,12725.579189530934,18460.898242802858,18460.898242802858,16150.292386318219
TOWT(HoW-cond),Hog_education_Luvenia,123,spike,339.2407858229117,485.2135633335803,485.2135633335803,461.144752328532
TOWT(HoW-cond),Hog_office_Almeda,123,spike,149.76549446840025,176.31212944717637,176.31212944717637,163.34691678321133
TOWT(HoW-cond),Hog_office_Almeda,123,drift,7747.404307710045,9550.269980226218,9524.445291690976,8409.331265797293
TOWT(HoW-cond),Hog_office_Almeda,123,spike,144.3627536775786,161.66463424369567,159.14714018685612,144.37768402507558
TOWT(HoW-cond),Hog_office_Almeda,123,spike,235.10052064671245,231.164203631777,231.164203631777,226.842466077122
TOWT(HoW-cond),Hog_office_Almeda,123,schedule,35.04166236582216,1684.2316922945163,1623.9251270342857,1165.623185735914
TOWT(HoW-cond),Hog_office_Almeda,123,schedule,1105.6362889126906,591.3948461278536,-74.68455608736038,280.2297421926921
TOWT(HoW-cond),Hog_office_Cortney,123,drift,11851.782840649385,12006.70590609355,11819.258050237297,11221.71904424136
TOWT(HoW-cond),Hog_office_Cortney,123,drift,447.3166719625189,711.2376924791353,287.64550943973325,348.93606393197035
TOWT(HoW-cond),Hog_office_Cortney,123,spike,291.56911042175403,281.0456157727277,271.37160259913543,273.4976651779951
TOWT(HoW-cond),Hog_office_Cortney,123,drift,422.59858870276895,876.2112943323018,354.8344759473768,574.2932705429978
TOWT(HoW-cond),Hog_office_Cortney,123,spike,172.28947104522612,165.4509511754466,165.4509511754466,162.93496764386904
TOWT(HoW-cond),Hog_office_Cortney,123,schedule,677.7136591565569,137.2170173266419,-3172.5202864537623,0.0
TOWT(HoW-cond),Hog_office_Denita,123,spike,245.92402961742445,254.0000607367659,245.35754937556354,246.70422544032667
TOWT(HoW-cond),Hog_office_Denita,123,drift,8123.860824342048,8058.821797420059,7991.150544962583,7416.788291333405
TOWT(HoW-cond),Hog_office_Denita,123,spike,580.2976542057552,554.2303009913148,546.7915998344995,542.0705754972495
TOWT(HoW-cond),Hog_office_Denita,123,drift,9708.280586801246,4938.915088222646,4264.580598379423,4296.881582135992
TOWT(HoW-cond),Hog_office_Denita,123,drift,3217.0946225694506,3058.0678792750264,2987.880851143287,2707.8677850459426
TOWT(HoW-cond),Hog_office_Denita,123,spike,291.68184374277547,304.3854511202504,304.3854511202504,301.95350602143736
TOWT(HoW-cond),Hog_office_Garrett,123,spike,673.1114520180763,650.3565671378204,634.3748845129668,587.5075202298552
TOWT(HoW-cond),Hog_office_Garrett,123,drift,14814.728588802252,7760.161248338067,2260.3793250787617,3235.0298709645713
TOWT(HoW-cond),Hog_office_Garrett,123,drift,11676.335503672775,8408.54411549683,5157.0833642142425,3129.2241752277523
TOWT(HoW-cond),Hog_office_Garrett,123,drift,45843.26798361361,50830.43687890192,50393.91940562516,41025.985561259346
TOWT(HoW-cond),Hog_office_Garrett,123,spike,1278.5484206971587,1463.7648411873056,1463.7648411873056,1400.9157942793404
TOWT(HoW-cond),Hog_office_Garrett,123,spike,475.55877321060376,450.70099853283205,398.8524231422059,387.85195162486684
TOWT(HoW-cond),Hog_office_Lavon,123,drift,3647.447867555114,65801.45653529534,63437.943384069615,52479.46448131419
TOWT(HoW-cond),Hog_office_Lavon,123,schedule,5611.8492374739135,7642.404420973018,5123.264355023784,1721.5190636480647
TOWT(HoW-cond),Hog_office_Lavon,123,drift,1318.2853101519481,51579.02311147691,51579.02311147691,42697.69507548948
TOWT(HoW-cond),Hog_office_Lavon,123,drift,26866.145659749058,42923.086874620916,42164.691881849925,26640.652141977298
TOWT(HoW-cond),Hog_office_Lavon,123,spike,4654.6576227406695,5343.486354610399,5343.486354610399,5035.106908916391
TOWT(HoW-cond),Hog_office_Lavon,123,spike,1229.43435372088,1592.0805438022605,1592.0805438022605,1407.0528763858558
TOWT(HoW-cond),Hog_office_Merilyn,123,spike,61.160964077988055,75.37797175097731,75.37797175097731,68.23601404086551
TOWT(HoW-cond),Hog_office_Merilyn,123,drift,3060.2811490141294,2704.789934332516,2599.814745918923,1962.0263324808896
TOWT(HoW-cond),Hog_office_Merilyn,123,spike,71.7595462617489,70.44587734538257,69.01942176768384,65.68457220530804
TOWT(HoW-cond),Hog_office_Merilyn,123,spike,68.11640458468179,49.70998542027188,44.257600467407116,37.806722570085554
TOWT(HoW-cond),Hog_office_Merilyn,123,spike,80.44931454341953,67.39984595213144,60.750256881495574,60.257888242019646
TOWT(HoW-cond),Hog_office_Merilyn,123,spike,63.095004222696325,64.30587078097527,64.30587078097527,59.54456564090074
TOWT(HoW-cond),Hog_office_Miriam,123,spike,115.16704691100475,121.04507292582974,120.58273033574882,115.97561776154704
TOWT(HoW-cond),Hog_office_Miriam,123,drift,785.8626873676269,643.4080652284567,594.8217809266366,491.32441029997574
TOWT(HoW-cond),Hog_office_Miriam,123,schedule,18.70976328340205,138.1676740977295,-631.7819414676035,0.0
TOWT(HoW-cond),Hog_office_Miriam,123,drift,1705.9470745484928,1438.5998168918468,1415.0392691237712,1225.6826999919733
TOWT(HoW-cond),Hog_office_Miriam,123,schedule,65.11344880485477,97.0185835300426,40.115368267760644,5.76839057295399
TOWT(HoW-cond),Hog_office_Miriam,123,spike,42.39610680408916,47.416556221709406,47.416556221709406,44.881828639568056
TOWT(HoW-cond),Hog_office_Napoleon,123,drift,3407.3434580976264,6509.572205446628,6499.688459170784,5076.83374510275
TOWT(HoW-cond),Hog_office_Napoleon,123,drift,1240.808483746051,447.51625204537265,-726.4756363127017,0.0
TOWT(HoW-cond),Hog_office_Napoleon,123,spike,194.63034878104787,206.04948209526563,206.04948209526563,199.41643366774767
TOWT(HoW-cond),Hog_office_Napoleon,123,drift,7546.108563231916,5277.9182915417705,4693.726112384504,4004.3729934583234
TOWT(HoW-cond),Hog_office_Napoleon,123,spike,128.62317666616923,156.77602031813183,156.77602031813183,150.14297189061386
TOWT(HoW-cond),Hog_office_Napoleon,123,spike,647.4298835368563,722.6045989418853,722.6045989418853,696.0724052318135
TOWT(HoW-cond),Hog_office_Shawna,123,spike,544.4260027035006,532.6757030296263,532.6757030296263,523.8483400222873
TOWT(HoW-cond),Hog_office_Shawna,123,spike,395.22330845833704,461.52191336448766,461.52191336448766,435.0398243424705
TOWT(HoW-cond),Hog_office_Shawna,123,schedule,375.54039039351596,1754.3255296556104,1691.8226899338854,1118.7553931271996
TOWT(HoW-cond),Hog_office_Shawna,123,schedule,1812.6001358797075,1864.6846583278536,-2388.8263455001875,0.0
TOWT(HoW-cond),Hog_office_Shawna,123,schedule,1820.996961677357,2845.622127177973,2665.212634380784,1998.1952784734253
TOWT(HoW-cond),Hog_office_Shawna,123,schedule,1809.3893103200414,2474.9276220741413,2112.0678658297975,991.9306368411828
TOWT(HoW-cond),Hog_office_Shawnna,123,drift,57077.844915445494,56780.53977032945,56693.869606260974,52323.12009541626
TOWT(HoW-cond),Hog_office_Shawnna,123,drift,53649.65084621638,43016.13059075151,38947.91421316584,37221.48501336437
TOWT(HoW-cond),Hog_office_Shawnna,123,schedule,5029.798718629714,4189.627668153007,145.99235622262776,1515.1758632050942
TOWT(HoW-cond),Hog_office_Shawnna,123,schedule,5522.78968090047,4434.2615236367,-2027.5181214511426,2651.293653671425
TOWT(HoW-cond),Hog_office_Shawnna,123,spike,2337.3119415464976,2094.8121840223093,2039.7045615823963,2020.5218561070894
TOWT(HoW-cond),Hog_office_Shawnna,123,spike,1754.7718106880961,1686.5736991716235,1634.349928448035,1630.8559532352087
TOWT(HoW-cond),Hog_office_Sherrie,123,schedule,2.3142792858528196,0.48646976829283517,-461.06317707666767,0.0
TOWT(HoW-cond),Hog_office_Sherrie,123,schedule,95.35744604300885,174.02112854214738,72.40954577578773,0.0
TOWT(HoW-cond),Hog_office_Sherrie,123,spike,211.3706949657204,225.43272805368605,225.43272805368605,217.23758792557015
TOWT(HoW-cond),Hog_office_Sherrie,123,spike,163.03533651629357,155.41946627507733,152.22454668460145,145.17554111493246
TOWT(HoW-cond),Hog_office_Sherrie,123,spike,78.75970548336898,79.85321399427832,79.85321399427832,73.7068588981914
TOWT(HoW-cond),Hog_office_Sherrie,123,drift,4448.7034678193995,6100.3524213524925,6100.3524213524925,5461.131491359452
TOWT(HoW-cond),Hog_office_Shon,123,spike,461.2450935166311,372.4000552926395,349.8137360364086,348.77498339021287
TOWT(HoW-cond),Hog_office_Shon,123,drift,761.6384899476828,1189.3798515622755,683.2805745344966,508.9777807723897
TOWT(HoW-cond),Hog_office_Shon,123,schedule,174.51074739469794,892.2665609434903,212.89029772487095,211.8644901536045
TOWT(HoW-cond),Hog_office_Shon,123,spike,303.0572338394775,295.6787732632022,288.80077954658816,286.22874450223156
TOWT(HoW-cond),Hog_office_Shon,123,spike,256.2830427324343,204.67806738585847,187.66636377966762,181.05299548343189
TOWT(HoW-cond),Hog_office_Shon,123,drift,5893.412325967968,6296.07047571049,6261.999032200469,5502.2680597889575
TOWT(HoW-cond),Hog_office_Sydney,123,spike,278.96918908688116,270.71886673652705,261.8233917290813,257.7493299969654
TOWT(HoW-cond),Hog_office_Sydney,123,spike,270.126265038092,301.6860935012588,301.6860935012588,280.07019893532276
TOWT(HoW-cond),Hog_office_Sydney,123,drift,17403.392146232713,15824.82265707446,15586.776750227053,14579.747130076541
TOWT(HoW-cond),Hog_office_Sydney,123,spike,129.43057796468915,141.1666418212915,141.1666418212915,136.8434629081043
TOWT(HoW-cond),Hog_office_Sydney,123,spike,237.61408920532858,219.83545563565193,216.71560206182565,202.54273998290307
TOWT(HoW-cond),Hog_office_Sydney,123,drift,17368.879460316846,15484.109914175135,15316.632377900278,14550.303268926697
TOWT(HoW-cond),Hog_office_Valda,123,spike,132.0073555071441,130.13175392315682,130.13175392315682,128.54519773471318
TOWT(HoW-cond),Hog_office_Valda,123,drift,2035.555266562899,1885.3058549652378,1687.110619622692,1466.4550212161175
TOWT(HoW-cond),Hog_office_Valda,123,spike,113.48555066936598,118.69773224516,118.69773224516,115.52461986827272
TOWT(HoW-cond),Hog_office_Valda,123,spike,83.28508469340171,83.3997908972693,83.3997908972693,80.22667852038202
TOWT(HoW-cond),Hog_office_Valda,123,schedule,113.66255122026587,197.77842417868948,167.87033412243548,7.391681565452927
TOWT(HoW-cond),Hog_office_Valda,123,spike,111.04979550643846,129.31654382185744,129.31654382185744,124.55687525652652
TOWT(HoW-cond),Lamb_education_Armando,123,drift,1382.4976844901717,4377.548092748448,3532.4513003904185,2998.131450945122
TOWT(HoW-cond),Lamb_education_Armando,123,schedule,11.283248806262867,2127.9798689888657,1909.0954919680107,1375.5707916415972
TOWT(HoW-cond),Lamb_education_Armando,123,drift,1622.771775139732,3558.6452096359562,3463.1311250769477,2680.8346193974767
TOWT(HoW-cond),Lamb_education_Armando,123,spike,236.8574171616894,232.2957361692343,232.2957361692343,227.07067313210047
TOWT(HoW-cond),Lamb_education_Armando,123,spike,578.6431374661657,586.7464218308328,586.7464218308328,560.6211066451638
TOWT(HoW-cond),Lamb_education_Armando,123,schedule,102.30411353312368,2216.7187536763663,1690.3187606935862,1338.9081634378865
TOWT(HoW-cond),Lamb_education_Eula,123,spike,14.970820239444043,14.597093749693789,14.597093749693789,14.404900858558038
TOWT(HoW-cond),Lamb_education_Eula,123,drift,201.48787959516318,145.35762451049004,36.17066145403763,85.39344247613576
TOWT(HoW-cond),Lamb_education_Eula,123,spike,15.346985618486395,15.57870774078816,15.57870774078816,15.002129067380906
TOWT(HoW-cond),Lamb_education_Eula,123,spike,16.404258467178053,21.987472123014342,21.987472123014342,21.21870055847134
TOWT(HoW-cond),Lamb_education_Eula,123,spike,27.277168026824217,27.48621682379219,27.48621682379219,26.71744525924919
TOWT(HoW-cond),Lamb_education_Eula,123,spike,6.01634712673869,5.996085532587833,5.996085532587833,5.803892641452082
TOWT(HoW-cond),Lamb_education_Lazaro,123,drift,1018.5965862014712,3494.0186769930815,-1350.4245943117871,1135.4276970965125
TOWT(HoW-cond),Lamb_education_Lazaro,123,spike,676.4958462135635,704.0789225801086,704.0789225801086,666.2809902099713
TOWT(HoW-cond),Lamb_education_Lazaro,123,spike,141.49733594162015,144.138060816726,144.138060816726,129.01888786867107
TOWT(HoW-cond),Lamb_education_Lazaro,123,spike,129.92503730801988,134.9081747416779,134.9081747416779,127.34858826765043
TOWT(HoW-cond),Lamb_education_Lazaro,123,spike,302.02559845077417,312.96093058503664,312.96093058503664,305.40134411100917
TOWT(HoW-cond),Lamb_education_Lazaro,123,spike,463.6770954773831,704.161509050634,704.161509050634,666.3635766804966
TOWT(HoW-cond),Lamb_education_Lucas,123,drift,89.34172921874708,207.20672040641762,-237.50348696107443,94.54111560654714
TOWT(HoW-cond),Lamb_education_Lucas,123,spike,56.54812635776497,55.6943865375469,54.3873787587362,54.12958647088203
TOWT(HoW-cond),Lamb_education_Lucas,123,drift,362.88219666910686,520.1287288926923,446.89391596417715,419.98152462614075
TOWT(HoW-cond),Lamb_education_Lucas,123,spike,64.74101218745942,64.13501541433185,63.68371146474488,63.0918153698886
TOWT(HoW-cond),Lamb_education_Lucas,123,drift,56.64813363877833,251.8750428677027,148.0985032389719,164.2462391344701
TOWT(HoW-cond),Lamb_education_Lucas,123,spike,59.82621680586585,60.121749703381745,60.121749703381745,59.600149681160126
TOWT(HoW-cond),Lamb_education_Mae,123,schedule,5.25419288600467,762.2376285005432,446.5263750636643,185.5508768325642
TOWT(HoW-cond),Lamb_education_Mae,123,spike,570.6439473122435,646.6192868455003,646.1555827719253,606.5715957574462
TOWT(HoW-cond),Lamb_education_Mae,123,spike,146.70256740553745,129.01841683314822,129.01841683314822,121.0088786155374
TOWT(HoW-cond),Lamb_education_Mae,123,drift,2722.9026658176017,3568.128240057879,3327.160867824079,2222.525819499261
TOWT(HoW-cond),Lamb_education_Mae,123,drift,2149.3865127621666,2994.6778731870895,518.5152361112887,687.9308665151734
TOWT(HoW-cond),Lamb_education_Mae,123,drift,3791.6686049023856,730.3119590155512,-2936.129760047821,0.0
TOWT(HoW-cond),Lamb_education_Williams,123,drift,3351.4967712564903,3655.874114033588,3586.4635244586407,2894.8668070757208
TOWT(HoW-cond),Lamb_education_Williams,123,schedule,62.114995414181195,905.5818072154416,851.0299775095311,448.9774230407213
TOWT(HoW-cond),Lamb_education_Williams,123,schedule,24.841654031099587,0.0,-2993.7766798508574,0.0
TOWT(HoW-cond),Lamb_education_Williams,123,spike,492.9089012731447,499.74719186269033,499.74719186269033,490.234600525717
TOWT(HoW-cond),Lamb_education_Williams,123,schedule,155.02713346289235,560.9874239900248,351.6960517845011,332.68523190266467
TOWT(HoW-cond),Lamb_education_Williams,123,spike,254.59421878904828,249.2051593711594,249.2051593711594,246.0342955921683
TOWT(HoW-cond),Lamb_office_Caitlin,123,schedule,24.372337078956225,3.2317997693328726,-9320.847088212886,0.0
TOWT(HoW-cond),Lamb_office_Caitlin,123,drift,420.7180980826854,1254.026835763907,-1846.471673756751,0.0
TOWT(HoW-cond),Lamb_office_Caitlin,123,spike,147.7786728012403,143.87492486375623,139.11210925361797,110.42585398702911
TOWT(HoW-cond),Lamb_office_Caitlin,123,drift,1503.9490490242747,9.844209307481686,-9812.64906158196,0.0
TOWT(HoW-cond),Lamb_office_Caitlin,123,spike,137.70284069829003,104.8249437995687,94.7169662731924,60.22618263059922
TOWT(HoW-cond),Lamb_office_Caitlin,123,spike,100.27027750694405,0.0,-71.17640062134637,0.0
TOWT(HoW-cond),Lamb_office_Velma,123,drift,1975.9909665477498,4283.925095710511,4093.5831745048804,3032.137601128946
TOWT(HoW-cond),Lamb_office_Velma,123,schedule,1083.9689514614422,3983.5879895919343,3888.2354210407548,2374.146925129921
TOWT(HoW-cond),Lamb_office_Velma,123,drift,3072.3249169228893,2051.0098228958364,718.0565681105893,620.3955433740466
TOWT(HoW-cond),Lamb_office_Velma,123,spike,522.5582661031699,556.1222673126179,556.1222673126179,533.7689191950899
TOWT(HoW-cond),Lamb_office_Velma,123,drift,2041.0632201693522,3447.4246359129083,3372.5916999169726,2553.2907112117896
TOWT(HoW-cond),Lamb_office_Velma,123,schedule,1117.230507604571,1893.3188659731395,1.4075023878142474,462.70458645134977
TOWT(HoW-cond),Rat_retail_Jeffrey,123,drift,1312.0518182804365,2977.9078294465353,2753.663162570999,1948.1831993611454
TOWT(HoW-cond),Rat_retail_Jeffrey,123,spike,189.2789668781123,208.64974437811054,208.64974437811054,192.56029703302633
TOWT(HoW-cond),Rat_retail_Jeffrey,123,drift,8910.868716443787,11587.244084182752,11460.14738113209,10300.088296576014
TOWT(HoW-cond),Rat_retail_Jeffrey,123,drift,2354.9892115068847,3540.7711770826436,3241.467611320555,1996.1842319545588
TOWT(HoW-cond),Rat_retail_Jeffrey,123,schedule,754.4704514248123,1378.04889762233,1306.71917464849,863.1865825796351
TOWT(HoW-cond),Rat_retail_Jeffrey,123,spike,220.22596944664465,253.23793194525302,253.23793194525302,242.51163371519687
TOWT(HoW-cond),Robin_education_Zenia,123,spike,308.7363109287601,525.9099435550827,525.9099435550827,500.7468109869826
TOWT(HoW-cond),Robin_education_Zenia,123,spike,282.9906895879925,473.9376918181091,473.9376918181091,448.774559250009
TOWT(HoW-cond),Robin_education_Zenia,123,drift,32092.55620374616,53718.43257110078,53718.43257110078,51101.46678401837
TOWT(HoW-cond),Robin_education_Zenia,123,spike,520.8681222245829,845.2251153852649,845.2251153852649,803.286561105098
TOWT(HoW-cond),Robin_education_Zenia,123,spike,259.25005965055885,637.551497053942,637.551497053942,595.6129427737751
TOWT(HoW-cond),Robin_education_Zenia,123,spike,124.56619969956976,180.1661287368504,180.1661287368504,171.77841788081705
TOWT(HoW-cond),Robin_office_Dina,123,drift,2389.350675325917,3377.0753804171327,3368.9036971293535,2960.9230831529526
TOWT(HoW-cond),Robin_office_Dina,123,schedule,25.588260406798945,809.4311134028362,597.9245239546902,476.50927559149227
TOWT(HoW-cond),Robin_office_Dina,123,spike,58.82737179677821,48.95878911456986,44.14269645587766,43.75688539876761
TOWT(HoW-cond),Robin_office_Dina,123,spike,85.39978210973145,80.7156192488184,79.29169727906151,72.04577972248131
TOWT(HoW-cond),Robin_office_Dina,123,schedule,110.4701280502336,336.73654964307116,-281.68789318969215,0.0
TOWT(HoW-cond),Robin_office_Dina,123,drift,3727.8637343263326,3924.4973115670327,3902.7768722193896,3591.575473755689
TOWT(HoW-cond),Robin_office_Sammie,123,drift,1709.4996051226371,1356.5123713713883,1315.474939011718,642.399196087947
TOWT(HoW-cond),Robin_office_Sammie,123,schedule,35.86979335507271,128.48511321284022,-722.2465841425709,0.0
TOWT(HoW-cond),Robin_office_Sammie,123,drift,3936.623120105494,4949.935135582467,4415.788570039578,3093.24087984552
TOWT(HoW-cond),Robin_office_Sammie,123,spike,169.7559671692543,142.45916771387925,142.45916771387925,136.50822458651723
TOWT(HoW-cond),Robin_office_Sammie,123,drift,6285.232032606697,4131.001388267855,3518.3748179967774,2702.7750377009725
TOWT(HoW-cond),Robin_office_Sammie,123,drift,16501.921443584568,14648.476105499583,14542.259853299634,13077.427119876013
TOWT(HoW-cond),Shrew_office_Doris,123,drift,6968.328491368936,6410.28859223391,5953.786145431859,4628.8216535310585
TOWT(HoW-cond),Shrew_office_Doris,123,drift,12689.24547433938,18162.55819282844,18162.340707391493,16232.635675900352
TOWT(HoW-cond),Shrew_office_Doris,123,spike,489.8042756364784,520.999956123264,520.999956123264,502.4430088451093
TOWT(HoW-cond),Shrew_office_Doris,123,spike,502.0957380958641,512.056754192254,512.056754192254,499.6854560068175
TOWT(HoW-cond),Shrew_office_Doris,123,drift,16033.330631029643,16188.237671493862,16142.424760105216,15149.048623917199
TOWT(HoW-cond),Shrew_office_Doris,123,spike,1030.993344485124,1094.2840646762738,1094.2840646762738,1063.3558192126827
TOWT(HoW-cond),Shrew_office_Ila,123,drift,19012.203627218725,22466.072556869116,22457.96246937337,21510.633667910475
TOWT(HoW-cond),Shrew_office_Ila,123,drift,24511.26528205332,19898.760184427898,19858.58609756916,19102.561110295697
TOWT(HoW-cond),Shrew_office_Ila,123,spike,203.38148492878386,212.02896145978914,212.02896145978914,205.39396917535413
TOWT(HoW-cond),Shrew_office_Ila,123,drift,6346.046537907148,8420.251030962394,8420.251030962394,7464.812142003753
TOWT(HoW-cond),Shrew_office_Ila,123,spike,377.5391016183669,375.93495479183355,375.93495479183355,372.617458649616
TOWT(HoW-cond),Shrew_office_Ila,123,drift,6025.171995574045,6898.701668345144,6892.027133290378,6341.362316452603
TOWT(HoW-cond),Shrew_office_Kenneth,123,drift,1033.57387405263,138.83204185602403,-1465.9113128373422,0.0
TOWT(HoW-cond),Shrew_office_Kenneth,123,schedule,1012.3292031076444,52.30562469568551,-1900.361631714581,0.0
TOWT(HoW-cond),Shrew_office_Kenneth,123,spike,46.44256132485441,40.930380361706284,36.461650029628494,30.190330014833997
TOWT(HoW-cond),Shrew_office_Kenneth,123,spike,106.23505239129784,96.30130072594393,96.30130072594393,92.72128394365316
TOWT(HoW-cond),Shrew_office_Kenneth,123,drift,2416.6968060991635,3194.5186556229,2899.993747476894,2507.1554334230736
TOWT(HoW-cond),Shrew_office_Kenneth,123,drift,1010.8050229793257,103.01441206218091,-614.3151650676754,0.0
TOWT(HoW-cond),Shrew_office_Nora,123,schedule,3290.884173359972,4817.445186433062,4629.588039584087,3906.552265297799
TOWT(HoW-cond),Shrew_office_Nora,123,spike,376.26680608690043,402.8930955394243,402.8930955394243,394.4589018252089
TOWT(HoW-cond),Shrew_office_Nora,123,drift,7614.144366066744,5883.673844026278,5406.473743474879,4871.57059832043
TOWT(HoW-cond),Shrew_office_Nora,123,schedule,1094.4520359605751,992.1744240725163,794.4104607092024,688.5434503607619
TOWT(HoW-cond),Shrew_office_Nora,123,schedule,1416.5460083676978,1628.7171977232924,475.1020584983345,1122.6655748703683
TOWT(HoW-cond),Shrew_office_Nora,123,spike,601.9704233252105,593.4327554395843,593.4327554395843,572.3472711540458
TOWT(HoW-cond),Shrew_office_Sherill,123,spike,578.3385967541096,564.6700743908006,545.1111730786602,540.9239406149147
TOWT(HoW-cond),Shrew_office_Sherill,123,spike,345.8744050438456,366.4637980657737,366.4637980657737,358.5484201404784
TOWT(HoW-cond),Shrew_office_Sherill,123,spike,1180.8534319507842,1182.1114948168843,1182.1114948168843,1150.4499831157032
TOWT(HoW-cond),Shrew_office_Sherill,123,schedule,49.0780568847848,357.44151623361273,-892.8407988367655,0.0
TOWT(HoW-cond),Shrew_office_Sherill,123,spike,700.922035523425,837.6492680402725,837.6492680402725,821.818512189682
TOWT(HoW-cond),Shrew_office_Sherill,123,spike,576.2785294570245,605.8689891951241,605.8689891951241,590.0382333445335
TOWT(HoW-cond),Wolf_office_Darleen,123,spike,65.8937859304471,85.13643253225142,85.13643253225142,80.94488075188235
TOWT(HoW-cond),Wolf_office_Darleen,123,spike,83.28902311738497,101.02059423889315,101.02059423889315,98.92481834870863
TOWT(HoW-cond),Wolf_office_Darleen,123,spike,182.46892341773957,181.12167293235603,181.12167293235603,179.0258970421715
TOWT(HoW-cond),Wolf_office_Darleen,123,schedule,7.9152393080438666,314.3669696480571,-378.1062834196904,62.87386282591339
TOWT(HoW-cond),Wolf_office_Darleen,123,spike,124.79621838562952,126.25481737430502,126.25481737430502,122.06326559393595
TOWT(HoW-cond),Wolf_office_Darleen,123,spike,368.81726115371623,357.66919296815854,352.0188374993697,347.1903135172359
TOWT(HoW-cond),Wolf_retail_Harriett,123,spike,457.4247901449033,530.8649118940311,530.8649118940311,503.110805777145
TOWT(HoW-cond),Wolf_retail_Harriett,123,drift,4144.361343854632,5111.722277066134,5082.821890668694,4045.9646021777066
TOWT(HoW-cond),Wolf_retail_Harriett,123,drift,3947.0433792888175,4671.572130800779,4149.443829407618,3339.375037190245
TOWT(HoW-cond),Wolf_retail_Harriett,123,spike,73.33517475350126,64.86173573756732,64.86173573756732,59.31091451419009
TOWT(HoW-cond),Wolf_retail_Harriett,123,drift,6837.275189996621,7038.945128518553,7021.856835633951,5839.967744269073
TOWT(HoW-cond),Wolf_retail_Harriett,123,drift,3496.533831189122,4776.312916534583,4355.020959999877,3577.335532285102
TOWT(HoW-cond),Wolf_retail_Marcella,123,schedule,49.06125647800477,168.44103572031796,-45.568854949454376,87.3563296430982
TOWT(HoW-cond),Wolf_retail_Marcella,123,schedule,31.847535902768044,342.20310903930823,196.4501511289318,237.95134408288283
TOWT(HoW-cond),Wolf_retail_Marcella,123,spike,58.32890246484679,55.798873379274866,55.16601033827153,53.86828513934106
TOWT(HoW-cond),Wolf_retail_Marcella,123,spike,44.71607311517462,52.04355782641289,52.04355782641289,50.59561664646254
TOWT(HoW-cond),Wolf_retail_Marcella,123,spike,24.2748552787643,26.371066248520478,25.867450471952644,24.440478008586673
TOWT(HoW-cond),Wolf_retail_Marcella,123,schedule,32.58258539118555,324.56877169083293,201.26064604902083,220.31700673440753
TOWT(HoW-cond),Wolf_retail_Toshia,123,schedule,341.2018665329207,1681.7018164213807,1152.19615166705,680.644900965027
TOWT(HoW-cond),Wolf_retail_Toshia,123,schedule,125.23269292396866,961.5141959337866,722.3807795363722,360.88004665997437
TOWT(HoW-cond),Wolf_retail_Toshia,123,drift,713.0171653200337,2299.223667110391,712.5591402894233,1298.1667516540374
TOWT(HoW-cond),Wolf_retail_Toshia,123,schedule,23.824743830417095,1790.3734809149114,358.0316499476037,388.89379927601635
TOWT(HoW-cond),Wolf_retail_Toshia,123,schedule,5.202148174522566,1755.1077593259402,1702.5615614587307,1154.473610052128
TOWT(HoW-cond),Wolf_retail_Toshia,123,spike,288.7450087384966,249.25552350067073,249.25552350067073,240.91338253853445
PatchTST-SSL(HoW-cond),Fox_education_Henrietta,124,schedule,85.04709359623436,682.8787094329899,-321.1645355969371,0.0
PatchTST-SSL(HoW-cond),Fox_education_Henrietta,124,spike,97.15577474308097,48.90062314093967,22.493932436325178,32.21795485917777
PatchTST-SSL(HoW-cond),Fox_education_Henrietta,124,spike,45.41249189691273,0.0,-54.14967951242902,0.0
PatchTST-SSL(HoW-cond),Fox_education_Henrietta,124,schedule,268.37177566030937,499.3087211930911,-88.01275955480992,0.0
PatchTST-SSL(HoW-cond),Fox_education_Henrietta,124,drift,575.5847397365883,2041.816736336843,1940.701540390838,1140.9526491217007
PatchTST-SSL(HoW-cond),Fox_education_Henrietta,124,spike,35.908724592296714,36.416572141089034,36.416572141089034,32.24590507064856
PatchTST-SSL(HoW-cond),Fox_retail_Manie,124,spike,324.6783795867634,437.1950438033319,437.1950438033319,410.81990937262634
PatchTST-SSL(HoW-cond),Fox_retail_Manie,124,schedule,581.773262595697,1154.4585052504399,-1574.1828896502113,0.0
PatchTST-SSL(HoW-cond),Fox_retail_Manie,124,spike,539.06630964589,690.6970682968004,690.6970682968004,646.7385109122911
PatchTST-SSL(HoW-cond),Fox_retail_Manie,124,drift,1881.9458686566609,1458.165457053949,-371.22101306304853,0.0
PatchTST-SSL(HoW-cond),Fox_retail_Manie,124,spike,139.86828953034328,113.5803184314217,96.12870936479878,87.20518400071614
PatchTST-SSL(HoW-cond),Fox_retail_Manie,124,schedule,158.97909786805428,742.5485696409521,148.76102546248518,0.0
PatchTST-SSL(HoW-cond),Hog_education_Bruno,124,drift,45585.03545374949,47247.811910044526,47049.35455714444,43894.597008540375
PatchTST-SSL(HoW-cond),Hog_education_Bruno,124,drift,9775.74237044861,11699.311845699018,11066.697867782837,8955.772380831986
PatchTST-SSL(HoW-cond),Hog_education_Bruno,124,drift,6683.47563614458,5355.664410043643,4947.239524499589,3831.4758184508482
PatchTST-SSL(HoW-cond),Hog_education_Bruno,124,spike,233.77583318343918,173.31445803479,118.08563140195183,109.80660005175687
PatchTST-SSL(HoW-cond),Hog_education_Bruno,124,drift,8399.7371323853,9309.21495425433,8285.335787084527,6565.6754893872985
PatchTST-SSL(HoW-cond),Hog_education_Bruno,124,spike,227.8089407964058,350.4874912495343,350.4874912495343,299.6812048631078
PatchTST-SSL(HoW-cond),Hog_education_Caridad,124,drift,23200.135052990874,9278.934012576712,-42007.41821854893,0.0
PatchTST-SSL(HoW-cond),Hog_education_Caridad,124,schedule,660.1873401259896,3120.838997047831,-115666.81209886823,0.0
PatchTST-SSL(HoW-cond),Hog_education_Caridad,124,drift,25480.28390904489,17494.677186770397,-54903.21474676928,0.0
PatchTST-SSL(HoW-cond),Hog_education_Caridad,124,spike,1256.3625704523993,414.09089804034676,414.09089804034676,157.3450297760781
PatchTST-SSL(HoW-cond),Hog_education_Caridad,124,schedule,3341.141974311659,9253.883508395404,-37692.17506197181,0.0
PatchTST-SSL(HoW-cond),Hog_education_Caridad,124,spike,2334.51140858897,1791.5973400532348,1240.3961713814656,764.6138669961601
PatchTST-SSL(HoW-cond),Hog_education_Luvenia,124,spike,844.7934597654494,795.9294430687471,743.6729215732928,652.0741204162357
PatchTST-SSL(HoW-cond),Hog_education_Luvenia,124,drift,47761.7934347142,52545.225295384385,52463.66297554203,47021.180905527945
PatchTST-SSL(HoW-cond),Hog_education_Luvenia,124,spike,1087.3359227316205,1223.9757491446646,1223.9757491446646,1137.6625555531577
PatchTST-SSL(HoW-cond),Hog_education_Luvenia,124,spike,949.2327867924485,886.9872961506468,860.2657370066044,800.67410255914
PatchTST-SSL(HoW-cond),Hog_education_Luvenia,124,schedule,189.018206141238,5003.134884619805,-3467.1696074399033,0.0
PatchTST-SSL(HoW-cond),Hog_education_Luvenia,124,drift,8310.713921828867,5440.347951306957,1900.600616678466,606.8091101825739
PatchTST-SSL(HoW-cond),Hog_office_Almeda,124,drift,5097.313810036816,5680.426463303975,5432.149420665018,4450.3442629857145
PatchTST-SSL(HoW-cond),Hog_office_Almeda,124,drift,1321.6980341212209,462.3291829620512,-2338.007001451302,0.0
PatchTST-SSL(HoW-cond),Hog_office_Almeda,124,drift,16331.593257285644,14543.439013687354,13482.976587969875,12434.726670284621
PatchTST-SSL(HoW-cond),Hog_office_Almeda,124,drift,2655.7449469112235,2424.2807619700693,2092.3372281837965,1545.6506188855979
PatchTST-SSL(HoW-cond),Hog_office_Almeda,124,spike,298.81744207292024,375.23815032700253,375.23815032700253,345.9504788908535
PatchTST-SSL(HoW-cond),Hog_office_Almeda,124,schedule,641.9764547881342,2595.8331510651096,2122.7530105652663,1541.4769793637438
PatchTST-SSL(HoW-cond),Hog_office_Cortney,124,schedule,149.65974226068255,2014.9240168828496,-331.5867845985125,0.0
PatchTST-SSL(HoW-cond),Hog_office_Cortney,124,spike,289.3528284280709,253.33843093265543,253.33843093265543,210.72123280176115
PatchTST-SSL(HoW-cond),Hog_office_Cortney,124,drift,2626.0831573929,3735.7026283588993,1757.9343757596384,667.2643629345116
PatchTST-SSL(HoW-cond),Hog_office_Cortney,124,schedule,147.1910427406763,2320.8131376679853,133.04088254170836,0.0
PatchTST-SSL(HoW-cond),Hog_office_Cortney,124,drift,1643.1245456414822,3856.5588775845076,-3427.867132429468,0.0
PatchTST-SSL(HoW-cond),Hog_office_Cortney,124,spike,907.742768172702,922.8345756115716,922.7727921269588,837.600179349783
PatchTST-SSL(HoW-cond),Hog_office_Denita,124,spike,120.63677152457318,152.84169570492853,152.84169570492853,143.5519214295117
PatchTST-SSL(HoW-cond),Hog_office_Denita,124,spike,301.98127655657805,268.3755209037896,268.3755209037896,259.08574662837276
PatchTST-SSL(HoW-cond),Hog_office_Denita,124,spike,536.5985857785988,539.7239447024024,526.1126543382195,502.56484760073505
PatchTST-SSL(HoW-cond),Hog_office_Denita,124,spike,175.30595947717708,114.65311916271996,53.11583065189306,96.07357061188631
PatchTST-SSL(HoW-cond),Hog_office_Denita,124,spike,240.3568960927622,201.93404853650873,198.53063161281653,174.06472571025824
PatchTST-SSL(HoW-cond),Hog_office_Denita,124,spike,582.8525776012355,695.8343118338021,688.3410978069343,649.3854404567179
PatchTST-SSL(HoW-cond),Hog_office_Garrett,124,spike,1140.6605739873564,1262.1771353717895,1218.0053692538593,990.8276287040154
PatchTST-SSL(HoW-cond),Hog_office_Garrett,124,spike,762.3619037161155,712.5548009118679,712.5548009118679,658.2848995783131
PatchTST-SSL(HoW-cond),Hog_office_Garrett,124,schedule,1339.2874015233983,2361.8871034220488,-10032.347551269724,0.0
PatchTST-SSL(HoW-cond),Hog_office_Garrett,124,spike,505.60780546124977,545.9589013782299,545.9589013782299,491.68900004467514
PatchTST-SSL(HoW-cond),Hog_office_Garrett,124,schedule,1150.2193187770629,1537.5235799134882,-26991.147387533085,0.0
PatchTST-SSL(HoW-cond),Hog_office_Garrett,124,schedule,7.08397110488238,2838.729546020396,-11046.914487872291,0.0
PatchTST-SSL(HoW-cond),Hog_office_Lavon,124,drift,9326.875716003058,6951.092957635763,-44124.1622747979,0.0
PatchTST-SSL(HoW-cond),Hog_office_Lavon,124,spike,1616.917509386898,1651.47865854366,1491.708052638047,956.3531444938423
PatchTST-SSL(HoW-cond),Hog_office_Lavon,124,drift,36693.68126916174,10593.06117867376,-68464.3700663099,0.0
PatchTST-SSL(HoW-cond),Hog_office_Lavon,124,drift,12675.462724434226,26308.738847152003,10886.966987472768,1284.220341358563
PatchTST-SSL(HoW-cond),Hog_office_Lavon,124,drift,12078.532404611364,67305.26924760545,61101.20284141846,38109.99765751311
PatchTST-SSL(HoW-cond),Hog_office_Lavon,124,spike,5238.913275087185,5336.3197823254195,5336.3197823254195,4467.412889763147
PatchTST-SSL(HoW-cond),Hog_office_Merilyn,124,drift,370.9129921402993,115.85525565034027,-1266.8760458006705,0.0
PatchTST-SSL(HoW-cond),Hog_office_Merilyn,124,schedule,20.41504004606816,18.03122125450121,-1404.5077340896323,0.0
PatchTST-SSL(HoW-cond),Hog_office_Merilyn,124,drift,163.1635930706925,100.79088490135823,-503.80118697696423,0.0
PatchTST-SSL(HoW-cond),Hog_office_Merilyn,124,spike,83.42743796841972,78.99956265943112,76.13611952878335,66.51952308360778
PatchTST-SSL(HoW-cond),Hog_office_Merilyn,124,drift,1806.3149767193665,2937.217280382465,2794.7193078091905,1639.2931644968378
PatchTST-SSL(HoW-cond),Hog_office_Merilyn,124,spike,31.280591583924434,67.85044461811029,67.85044461811029,55.37040504228695
PatchTST-SSL(HoW-cond),Hog_office_Miriam,124,drift,314.80709582495695,229.07839385129745,-470.6533932538782,0.0
PatchTST-SSL(HoW-cond),Hog_office_Miriam,124,schedule,38.11091692338832,131.83352528550247,-464.22139977896734,0.0
PatchTST-SSL(HoW-cond),Hog_office_Miriam,124,drift,2335.6281212079707,2297.0186432486626,2240.759866969046,1793.8006157883592
PatchTST-SSL(HoW-cond),Hog_office_Miriam,124,schedule,157.1352706070843,213.7256910522109,-2.0023374118502844,0.0
PatchTST-SSL(HoW-cond),Hog_office_Miriam,124,spike,129.69070214399207,123.32412946216287,120.64747905594241,114.00527710178689
PatchTST-SSL(HoW-cond),Hog_office_Miriam,124,spike,42.64576901143444,23.608994816001832,11.980427569244533,16.619855545719844
PatchTST-SSL(HoW-cond),Hog_office_Napoleon,124,schedule,6.2183212177599065,764.4341314706219,-607.8275360328481,0.0
PatchTST-SSL(HoW-cond),Hog_office_Napoleon,124,spike,579.7176160460504,451.30126788853886,380.7389245038851,388.1469515583317
PatchTST-SSL(HoW-cond),Hog_office_Napoleon,124,spike,222.56328568115947,247.25942228293573,247.25942228293573,234.6285590168943
PatchTST-SSL(HoW-cond),Hog_office_Napoleon,124,schedule,1729.7672150380722,2842.139907748657,853.4897488787476,113.87344228370694
PatchTST-SSL(HoW-cond),Hog_office_Napoleon,124,drift,5203.145165853249,5859.9555849871,5714.767765653198,4344.251993062127
PatchTST-SSL(HoW-cond),Hog_office_Napoleon,124,spike,198.00313990398612,198.62917528041532,198.62917528041532,173.36744874833246
PatchTST-SSL(HoW-cond),Hog_office_Shawna,124,spike,781.6706310996688,733.0212306861481,664.718282535321,689.4558628089038
PatchTST-SSL(HoW-cond),Hog_office_Shawna,124,schedule,1543.902386247828,2948.251331360915,2575.317732567399,857.1136732531891
PatchTST-SSL(HoW-cond),Hog_office_Shawna,124,spike,732.4365589759394,714.3618336080877,712.0085113977798,670.7964657308435
PatchTST-SSL(HoW-cond),Hog_office_Shawna,124,drift,3907.324712986373,4455.467424531462,2455.141851916547,1318.7609373698724
PatchTST-SSL(HoW-cond),Hog_office_Shawna,124,drift,14157.682625094601,17046.96993915492,15252.416782838556,11296.341379358671
PatchTST-SSL(HoW-cond),Hog_office_Shawna,124,spike,622.9690282253007,566.1797339917975,518.137826367738,479.048998237309
PatchTST-SSL(HoW-cond),Hog_office_Shawnna,124,schedule,3374.3531476362073,5611.048330984129,-5963.434493499552,0.0
PatchTST-SSL(HoW-cond),Hog_office_Shawnna,124,drift,42370.330757008145,30485.703976718778,29848.139786553562,20602.64520725445
PatchTST-SSL(HoW-cond),Hog_office_Shawnna,124,drift,7368.0963669449375,3795.7573325891726,-2785.4377080829945,0.0
PatchTST-SSL(HoW-cond),Hog_office_Shawnna,124,drift,90866.11881589316,62241.47566011377,52638.698464042114,47965.946326443074
PatchTST-SSL(HoW-cond),Hog_office_Shawnna,124,spike,1092.0280815559258,1075.650195017913,1074.807272380838,984.1403915969469
PatchTST-SSL(HoW-cond),Hog_office_Shawnna,124,spike,1307.6445955412782,1539.992607164091,1539.992607164091,1448.482803743125
PatchTST-SSL(HoW-cond),Hog_office_Sherrie,124,spike,163.92484033096008,161.3774481660032,160.91625080376107,145.85332489140282
PatchTST-SSL(HoW-cond),Hog_office_Sherrie,124,spike,382.62071569885165,354.578156845753,339.22679913162995,315.7678486592521
PatchTST-SSL(HoW-cond),Hog_office_Sherrie,124,spike,163.5002340779823,157.04600851704393,148.69459333579184,133.75982360514337
PatchTST-SSL(HoW-cond),Hog_office_Sherrie,124,drift,1867.470267251767,2238.8503033129855,977.1364242213181,562.2449896561454
PatchTST-SSL(HoW-cond),Hog_office_Sherrie,124,drift,689.4963211207596,1236.3543156982146,-252.64292892784684,0.0
PatchTST-SSL(HoW-cond),Hog_office_Sherrie,124,drift,1618.4411002925663,2106.4607329253713,812.2992404252517,616.1448985637358
PatchTST-SSL(HoW-cond),Hog_office_Shon,124,drift,16059.386072724168,18971.246979333388,18888.11695987131,16597.57672396575
PatchTST-SSL(HoW-cond),Hog_office_Shon,124,spike,536.1976165963657,657.9688851328474,657.9688851328474,625.0012426971858
PatchTST-SSL(HoW-cond),Hog_office_Shon,124,spike,293.58433811264706,257.7980830565314,242.39883900629323,233.07235122978523
PatchTST-SSL(HoW-cond),Hog_office_Shon,124,drift,5955.601327272814,2785.560680797997,1582.64183933087,1400.9196985002095
PatchTST-SSL(HoW-cond),Hog_office_Shon,124,drift,707.2217123860731,1280.8206818088404,-682.7188479335393,93.98555412502242
PatchTST-SSL(HoW-cond),Hog_office_Shon,124,drift,3236.9113060826535,3308.253492916454,3217.1135145890107,2319.2242198466056
PatchTST-SSL(HoW-cond),Hog_office_Sydney,124,schedule,705.9328559110647,234.3738276833052,-1903.1822956462722,0.0
PatchTST-SSL(HoW-cond),Hog_office_Sydney,124,spike,202.44764198515634,205.84082018872735,205.84082018872735,191.7643390467315
PatchTST-SSL(HoW-cond),Hog_office_Sydney,124,spike,94.92475947572255,37.505696048906096,-22.076118275030623,16.390974335912325
PatchTST-SSL(HoW-cond),Hog_office_Sydney,124,drift,3196.1619947441577,2169.1787528216882,341.4519192222035,817.836563190087
PatchTST-SSL(HoW-cond),Hog_office_Sydney,124,spike,134.10317036838066,105.82048315028814,105.82048315028814,98.78224257929021
PatchTST-SSL(HoW-cond),Hog_office_Sydney,124,schedule,1326.2000634953645,571.6502852540581,-1356.0470913952752,0.0
PatchTST-SSL(HoW-cond),Hog_office_Valda,124,spike,185.29676336546265,135.59054276012876,107.10162628814145,118.30258610399255
PatchTST-SSL(HoW-cond),Hog_office_Valda,124,schedule,162.75010388026908,1219.4903651676927,566.5054408902283,113.06113917497578
PatchTST-SSL(HoW-cond),Hog_office_Valda,124,drift,1050.4479678495575,1114.3028010577766,268.47421915493334,7.87357506505964
PatchTST-SSL(HoW-cond),Hog_office_Valda,124,drift,1579.4828371874055,1529.6332720586179,684.8792506947138,284.9003928168113
PatchTST-SSL(HoW-cond),Hog_office_Valda,124,drift,210.78209659420787,59.479493363053685,-1549.832217067719,0.0
PatchTST-SSL(HoW-cond),Hog_office_Valda,124,spike,46.42109759670519,57.41231526851345,57.41231526851345,51.64966304980138
PatchTST-SSL(HoW-cond),Lamb_education_Armando,124,spike,235.3689587498103,253.59923551139963,253.59923551139963,240.6592698737104
PatchTST-SSL(HoW-cond),Lamb_education_Armando,124,spike,266.7013071449647,327.97342999163226,327.97342999163226,315.03346435394303
PatchTST-SSL(HoW-cond),Lamb_education_Armando,124,spike,313.3148879906633,279.0418380442326,243.81905482741584,253.1619067688541
PatchTST-SSL(HoW-cond),Lamb_education_Armando,124,drift,3908.176873385592,5965.367392516842,4347.90911681897,2549.2164641668837
PatchTST-SSL(HoW-cond),Lamb_education_Armando,124,spike,438.7677395746609,416.1534040219147,416.1534040219147,403.21343838422547
PatchTST-SSL(HoW-cond),Lamb_education_Armando,124,spike,273.0229384806201,278.6287100995242,278.6287100995242,265.688744461835
PatchTST-SSL(HoW-cond),Lamb_education_Eula,124,drift,112.10852965056321,179.45463534101424,117.47274458737861,53.5149929614535
PatchTST-SSL(HoW-cond),Lamb_education_Eula,124,drift,102.29077136447805,222.37713152278377,135.6407534801424,68.45090194776506
PatchTST-SSL(HoW-cond),Lamb_education_Eula,124,drift,109.24967369718505,189.39536065885022,138.49682288513054,77.44901187701844
PatchTST-SSL(HoW-cond),Lamb_education_Eula,124,spike,8.806322340597648,8.575045376756817,8.575045376756817,7.991991476851443
PatchTST-SSL(HoW-cond),Lamb_education_Eula,124,schedule,24.829181915334505,43.9220536164097,-15.21349333680121,0.0
PatchTST-SSL(HoW-cond),Lamb_education_Eula,124,drift,138.39909095063456,154.67282977861237,78.53481251261462,28.73318739905163
PatchTST-SSL(HoW-cond),Lamb_education_Lazaro,124,spike,404.57577640816953,190.2765942821431,48.36810694885084,127.38070120476775
PatchTST-SSL(HoW-cond),Lamb_education_Lazaro,124,spike,347.38993299989835,320.1456887597833,299.6277907566214,269.828974297883
PatchTST-SSL(HoW-cond),Lamb_education_Lazaro,124,spike,185.43279818733498,165.09948766555686,147.5317470385936,127.36195181913166
PatchTST-SSL(HoW-cond),Lamb_education_Lazaro,124,drift,1800.22821321745,3585.4998071490663,1818.4141719706731,264.596652663648
PatchTST-SSL(HoW-cond),Lamb_education_Lazaro,124,spike,175.4824471788012,104.52274248649486,30.68260661423612,79.36438525554473
PatchTST-SSL(HoW-cond),Lamb_education_Lazaro,124,drift,998.6636333565048,4893.716671624286,3873.783722302518,1572.813517138868
PatchTST-SSL(HoW-cond),Lamb_education_Lucas,124,spike,67.2705149697321,69.26710325576732,69.26710325576732,65.06909177952252
PatchTST-SSL(HoW-cond),Lamb_education_Lucas,124,drift,279.43056457961706,636.9958165938302,95.41029419478235,133.23443944445387
PatchTST-SSL(HoW-cond),Lamb_education_Lucas,124,drift,106.58158020200854,293.1495655305274,-248.82244475150034,0.0
PatchTST-SSL(HoW-cond),Lamb_education_Lucas,124,spike,112.3246566537823,136.54314086916918,136.54314086916918,128.14711791667958
PatchTST-SSL(HoW-cond),Lamb_education_Lucas,124,drift,142.8636242781803,461.84175966904724,-208.1487942201697,0.0
PatchTST-SSL(HoW-cond),Lamb_education_Lucas,124,drift,120.076411988293,277.1705082087482,-47.00758691731267,0.0
PatchTST-SSL(HoW-cond),Lamb_education_Mae,124,spike,559.6120497702999,496.62489700168067,398.2441579808416,431.01079187980787
PatchTST-SSL(HoW-cond),Lamb_education_Mae,124,spike,374.07063693443916,378.93457691147,378.93457691147,365.81175588709544
PatchTST-SSL(HoW-cond),Lamb_education_Mae,124,drift,9713.853431034633,11616.347301382579,10733.069753503623,8466.870255532685
PatchTST-SSL(HoW-cond),Lamb_education_Mae,124,schedule,436.7788957651129,516.3655635312016,-2706.6612291425413,0.0
PatchTST-SSL(HoW-cond),Lamb_education_Mae,124,spike,913.0360806824114,1100.1845423988073,1100.1845423988073,1034.5704372769344
PatchTST-SSL(HoW-cond),Lamb_education_Mae,124,spike,533.3089177422272,287.95457239188937,194.8630376181333,222.34046727001657
PatchTST-SSL(HoW-cond),Lamb_education_Williams,124,drift,2254.71361014577,3402.226548110909,1810.8263394059168,1242.9336835289446
PatchTST-SSL(HoW-cond),Lamb_education_Williams,124,schedule,167.49647288672838,102.82169272162002,-1612.6434886453185,0.0
PatchTST-SSL(HoW-cond),Lamb_education_Williams,124,spike,301.0388779167403,247.43968055373062,206.85968076757393,191.20809553857532
PatchTST-SSL(HoW-cond),Lamb_education_Williams,124,spike,121.79125345325055,96.6378300268849,77.22782035954738,74.14519602082277
PatchTST-SSL(HoW-cond),Lamb_education_Williams,124,schedule,185.6626891849035,1014.3969960224572,-3342.9500878555077,0.0
PatchTST-SSL(HoW-cond),Lamb_education_Williams,124,spike,358.78784765197656,181.59126648575017,49.72957352015287,136.6059984736259
PatchTST-SSL(HoW-cond),Lamb_office_Caitlin,124,spike,146.02063838652072,0.0,-314.39096445356535,0.0
PatchTST-SSL(HoW-cond),Lamb_office_Caitlin,124,drift,794.5412126531814,81.19455670712591,-10884.323946225566,0.0
PatchTST-SSL(HoW-cond),Lamb_office_Caitlin,124,spike,172.94184812799463,164.37969088732777,157.5904758436953,130.95437091157322
PatchTST-SSL(HoW-cond),Lamb_office_Caitlin,124,spike,114.4825158257064,23.43379634365872,-17.29892621067408,0.0
PatchTST-SSL(HoW-cond),Lamb_office_Caitlin,124,drift,825.5763640564028,223.48861565179357,-9954.32109287591,0.0
PatchTST-SSL(HoW-cond),Lamb_office_Caitlin,124,drift,423.11632054752926,1474.4229043980743,-4967.278126588978,0.0
PatchTST-SSL(HoW-cond),Lamb_office_Velma,124,spike,441.3428516432133,649.8556954544579,649.8556954544579,586.0298688024883
PatchTST-SSL(HoW-cond),Lamb_office_Velma,124,spike,434.807136929555,347.1856186578883,306.40707082382437,296.12495733631266
PatchTST-SSL(HoW-cond),Lamb_office_Velma,124,schedule,264.62097731589085,1050.5676926534866,420.6239712818134,131.47578886512463
PatchTST-SSL(HoW-cond),Lamb_office_Velma,124,spike,423.1878199042235,434.177150272291,434.177150272291,370.3513236203214
PatchTST-SSL(HoW-cond),Lamb_office_Velma,124,spike,557.9323523020983,706.7060366881838,706.7060366881838,655.645375366608
PatchTST-SSL(HoW-cond),Lamb_office_Velma,124,schedule,70.6239454143992,832.3801616106584,-1708.2881710015627,0.0
PatchTST-SSL(HoW-cond),Rat_retail_Jeffrey,124,drift,1894.6298642885504,953.8801620858644,-3551.5637596071624,0.0
PatchTST-SSL(HoW-cond),Rat_retail_Jeffrey,124,schedule,1233.4733862035846,1193.1047594825732,-2803.9077434638493,0.0
PatchTST-SSL(HoW-cond),Rat_retail_Jeffrey,124,spike,141.82856022609417,135.52822221669376,132.19096772382807,110.34849079324572
PatchTST-SSL(HoW-cond),Rat_retail_Jeffrey,124,spike,122.05126722103282,157.08232673013916,157.08232673013916,144.49246101841513
PatchTST-SSL(HoW-cond),Rat_retail_Jeffrey,124,drift,5934.08946597922,4383.410417742293,3550.655458553067,1966.1562010912803
PatchTST-SSL(HoW-cond),Rat_retail_Jeffrey,124,spike,75.03092725864182,14.507669740977896,-53.54959631766538,0.0
PatchTST-SSL(HoW-cond),Robin_education_Zenia,124,drift,39975.06812067103,56685.84246497978,56685.84246497978,54187.43547813645
PatchTST-SSL(HoW-cond),Robin_education_Zenia,124,spike,478.96331934207205,873.5704163543764,873.5704163543764,826.2521022096164
PatchTST-SSL(HoW-cond),Robin_education_Zenia,124,spike,213.82678522318224,415.71159087369585,415.71159087369585,377.85693955788787
PatchTST-SSL(HoW-cond),Robin_education_Zenia,124,spike,451.5156173223503,836.923838824353,836.923838824353,789.6055246795929
PatchTST-SSL(HoW-cond),Robin_education_Zenia,124,drift,55159.77368010481,73222.46232833815,73222.46232833815,70269.79952570512
PatchTST-SSL(HoW-cond),Robin_education_Zenia,124,spike,319.07377537566447,560.5162390335234,560.5162390335234,532.1252505466674
PatchTST-SSL(HoW-cond),Robin_office_Dina,124,drift,5248.729313204103,4440.340129444844,4244.028333594612,3623.3285222740133
PatchTST-SSL(HoW-cond),Robin_office_Dina,124,drift,2372.7995535481996,2644.082756819915,2331.592727288166,1581.9676674978352
PatchTST-SSL(HoW-cond),Robin_office_Dina,124,spike,113.17178425413817,145.00522060673077,145.00522060673077,134.7925755170954
PatchTST-SSL(HoW-cond),Robin_office_Dina,124,spike,103.85123793855118,143.66147663100108,143.66147663100108,126.64040148160878
PatchTST-SSL(HoW-cond),Robin_office_Dina,124,spike,152.2184125679827,138.73692448246902,125.45386822752872,125.12006436295518
PatchTST-SSL(HoW-cond),Robin_office_Dina,124,spike,192.7158847968807,151.41099195446793,144.17939488720936,134.38991680507561
PatchTST-SSL(HoW-cond),Robin_office_Sammie,124,drift,2979.6266498770647,3246.4885009217846,2433.8276725049736,1555.8804280673642
PatchTST-SSL(HoW-cond),Robin_office_Sammie,124,spike,324.3497571837656,294.92686465154645,288.3740764925309,273.7942637408662
PatchTST-SSL(HoW-cond),Robin_office_Sammie,124,drift,4010.8388784456756,2572.4493316161956,2469.3830737462035,1558.0844879035435
PatchTST-SSL(HoW-cond),Robin_office_Sammie,124,spike,398.85428192056133,357.4133375253115,356.75377111619827,329.2365363110711
PatchTST-SSL(HoW-cond),Robin_office_Sammie,124,spike,79.7331718275391,77.38387122576664,77.38387122576664,70.33967092220655
PatchTST-SSL(HoW-cond),Robin_office_Sammie,124,spike,245.05695107701519,225.303917980041,225.303917980041,218.25971767648093
PatchTST-SSL(HoW-cond),Shrew_office_Doris,124,drift,7572.206200451032,7978.9129055964795,4954.248216556696,3915.6688408489235
PatchTST-SSL(HoW-cond),Shrew_office_Doris,124,spike,347.68336924645484,383.0692221945476,383.0692221945476,370.04600403830545
PatchTST-SSL(HoW-cond),Shrew_office_Doris,124,spike,552.3972861989043,467.33519232743186,377.95589080243434,402.21910154622105
PatchTST-SSL(HoW-cond),Shrew_office_Doris,124,spike,175.27273580776856,253.01972146509922,253.01972146509922,226.9732851526149
PatchTST-SSL(HoW-cond),Shrew_office_Doris,124,drift,1259.7007641984019,2096.4182897091873,398.4244005180749,533.6321109601272
PatchTST-SSL(HoW-cond),Shrew_office_Doris,124,drift,3574.4543677011866,2707.220836132293,2199.6084747023633,1144.4346573832327
PatchTST-SSL(HoW-cond),Shrew_office_Ila,124,drift,15069.627038744915,16942.342835227686,16924.916249694288,14926.474366115184
PatchTST-SSL(HoW-cond),Shrew_office_Ila,124,drift,10283.435832930953,11001.252121831756,10369.95908659692,9237.367211358316
PatchTST-SSL(HoW-cond),Shrew_office_Ila,124,spike,155.26510348529843,139.9734944630131,114.52370106538183,118.97486457642455
PatchTST-SSL(HoW-cond),Shrew_office_Ila,124,drift,2861.668889784182,2328.4106005434123,-220.47439229983547,60.55857279184784
PatchTST-SSL(HoW-cond),Shrew_office_Ila,124,drift,15457.307775017456,17262.94970200557,16959.55909556425,14491.13055697588
PatchTST-SSL(HoW-cond),Shrew_office_Ila,124,spike,160.2436871752297,135.03920889628986,98.97699863971303,114.0405790097013
PatchTST-SSL(HoW-cond),Shrew_office_Kenneth,124,spike,99.5805209276823,71.61010504984527,71.61010504984527,66.80466787076175
PatchTST-SSL(HoW-cond),Shrew_office_Kenneth,124,drift,5004.013194423458,2676.259023287449,1624.2876478487824,1407.6236080093995
PatchTST-SSL(HoW-cond),Shrew_office_Kenneth,124,drift,3386.4578934774263,4404.378499429439,4218.607360587815,2905.0820995553804
PatchTST-SSL(HoW-cond),Shrew_office_Kenneth,124,schedule,624.7919714417208,151.38054748509467,-1183.1491115406452,0.0
PatchTST-SSL(HoW-cond),Shrew_office_Kenneth,124,spike,157.14316452050156,172.97457018438632,172.62122841628104,148.94738428896872
PatchTST-SSL(HoW-cond),Shrew_office_Kenneth,124,spike,90.97810993694345,39.01428236207829,8.237754854685864,24.597970824827726
PatchTST-SSL(HoW-cond),Shrew_office_Nora,124,spike,535.3313704862776,356.85368654395904,283.8901290765932,310.4999957845365
PatchTST-SSL(HoW-cond),Shrew_office_Nora,124,spike,485.0079610688855,426.7091123307175,393.7110105148781,380.355421571295
PatchTST-SSL(HoW-cond),Shrew_office_Nora,124,spike,571.1736982997313,494.11600971198584,494.11600971198584,478.664779458845
PatchTST-SSL(HoW-cond),Shrew_office_Nora,124,spike,552.9763488267555,543.6760920368944,535.5039076191237,497.32240127747184
PatchTST-SSL(HoW-cond),Shrew_office_Nora,124,spike,561.2467565478511,454.847139166039,398.5020465366076,408.4934484066165
PatchTST-SSL(HoW-cond),Shrew_office_Nora,124,schedule,920.1056377770979,1151.2165674192975,286.5237762399207,38.7279891931571
PatchTST-SSL(HoW-cond),Shrew_office_Sherill,124,spike,555.3048472694255,523.4688762841824,508.16927549567595,470.4582714208014
PatchTST-SSL(HoW-cond),Shrew_office_Sherill,124,drift,2663.7315123518097,3097.7813842382193,-887.2982304523612,0.0
PatchTST-SSL(HoW-cond),Shrew_office_Sherill,124,spike,2071.2057542393763,2130.860350344082,2130.860350344082,1998.333838185629
PatchTST-SSL(HoW-cond),Shrew_office_Sherill,124,drift,32256.17046765065,24633.07163893579,20319.883025852618,17635.67179696949
PatchTST-SSL(HoW-cond),Shrew_office_Sherill,124,spike,1302.61703386148,1222.683887121612,1199.237288654388,1116.6626773948499
PatchTST-SSL(HoW-cond),Shrew_office_Sherill,124,schedule,1821.382975167228,359.33740921685467,-17644.29563375362,0.0
PatchTST-SSL(HoW-cond),Wolf_office_Darleen,124,drift,1390.1157146341059,325.94741938494394,-2347.433769858064,0.0
PatchTST-SSL(HoW-cond),Wolf_office_Darleen,124,drift,397.33894205403715,851.3007322487772,377.4143882502707,58.66423496096388
PatchTST-SSL(HoW-cond),Wolf_office_Darleen,124,spike,61.49308986519393,55.774961059607946,46.750493333773676,44.76612081949943
PatchTST-SSL(HoW-cond),Wolf_office_Darleen,124,drift,1191.1858442698244,1474.5727884552753,9.276678621693861,21.405876760950832
PatchTST-SSL(HoW-cond),Wolf_office_Darleen,124,spike,224.10831275648945,240.64636395710727,240.64636395710727,218.62868347689025
PatchTST-SSL(HoW-cond),Wolf_office_Darleen,124,spike,269.3189836371401,240.3258424246738,212.77277620115683,212.8037418244025
PatchTST-SSL(HoW-cond),Wolf_retail_Harriett,124,drift,699.6025349802051,2716.999514041978,2045.1243694015752,1272.1682433504745
PatchTST-SSL(HoW-cond),Wolf_retail_Harriett,124,spike,232.50153552626406,154.8120680030339,120.29669183696144,124.71141653029423
PatchTST-SSL(HoW-cond),Wolf_retail_Harriett,124,spike,252.38866515641712,171.69185509924048,139.8067519906992,149.11636649468574
PatchTST-SSL(HoW-cond),Wolf_retail_Harriett,124,schedule,145.733724454765,586.4413563438477,250.9733773763173,44.62962983453406
PatchTST-SSL(HoW-cond),Wolf_retail_Harriett,124,schedule,162.05045998031096,947.5379876691491,120.63749637963285,44.51844348695954
PatchTST-SSL(HoW-cond),Wolf_retail_Harriett,124,schedule,119.94805690324156,1097.0561917500077,950.4808441939338,374.640556404256
PatchTST-SSL(HoW-cond),Wolf_retail_Marcella,124,spike,25.60743844796349,19.422711591686884,12.842339449985026,14.974288350081967
PatchTST-SSL(HoW-cond),Wolf_retail_Marcella,124,drift,786.9366060904479,693.952292895511,562.5537381842973,453.73743784884556
PatchTST-SSL(HoW-cond),Wolf_retail_Marcella,124,drift,59.85411486576385,72.5327929346059,-22.283843217977605,0.0
PatchTST-SSL(HoW-cond),Wolf_retail_Marcella,124,spike,34.67535205814959,38.83299977371402,38.83299977371402,36.608788152911565
PatchTST-SSL(HoW-cond),Wolf_retail_Marcella,124,spike,57.00228686930619,59.50335077299627,59.50335077299627,53.942821720990125
PatchTST-SSL(HoW-cond),Wolf_retail_Marcella,124,spike,23.510959528295764,18.310616425080198,14.250831223849278,13.86219318347528
PatchTST-SSL(HoW-cond),Wolf_retail_Toshia,124,spike,276.4263988335657,322.17736591016893,322.17736591016893,307.56020907927683
PatchTST-SSL(HoW-cond),Wolf_retail_Toshia,124,spike,374.05781544063984,197.11536003205595,55.536171399021484,138.64673270848755
PatchTST-SSL(HoW-cond),Wolf_retail_Toshia,124,spike,249.00184443313907,222.6939164609875,211.69256805905343,178.8424459683112
PatchTST-SSL(HoW-cond),Wolf_retail_Toshia,124,spike,452.5884349261682,368.20942116153145,330.60827037661755,324.35795066885515
PatchTST-SSL(HoW-cond),Wolf_retail_Toshia,124,drift,6422.930264539212,4355.2803468694465,1257.7430122538942,847.1627074553421
PatchTST-SSL(HoW-cond),Wolf_retail_Toshia,124,schedule,340.61040539831106,510.951820781387,-1716.9586980993718,0.0
HOW-profile(HoW-cond),Fox_education_Henrietta,124,schedule,85.04709359623436,690.7176010635585,483.20209359623436,363.6573407540458
HOW-profile(HoW-cond),Fox_education_Henrietta,124,spike,97.15577474308097,77.62577474308098,71.62577474308098,70.81201931996614
HOW-profile(HoW-cond),Fox_education_Henrietta,124,spike,45.41249189691273,10.212225170957904,-10.787508103087273,1.6950308920643433
HOW-profile(HoW-cond),Fox_education_Henrietta,124,schedule,268.37177566030937,253.74204599101552,124.81177566030938,8.446850758880998
HOW-profile(HoW-cond),Fox_education_Henrietta,124,drift,575.5847397365883,2340.561382256592,2338.3647397365885,1972.61858940839
HOW-profile(HoW-cond),Fox_education_Henrietta,124,spike,35.908724592296714,37.02372459229671,37.02372459229671,35.320285736517995
HOW-profile(HoW-cond),Fox_retail_Manie,124,spike,324.6783795867634,276.2183795867635,256.02837958676344,261.7125330805229
HOW-profile(HoW-cond),Fox_retail_Manie,124,schedule,581.773262595697,2163.8821240251114,574.6982625956973,1235.5079476257133
HOW-profile(HoW-cond),Fox_retail_Manie,124,spike,539.06630964589,499.78630964589,476.61630964588994,475.60989880215567
HOW-profile(HoW-cond),Fox_retail_Manie,124,drift,1881.9458686566609,2866.6710788529163,1397.4008686566613,2054.343674503443
HOW-profile(HoW-cond),Fox_retail_Manie,124,spike,139.86828953034328,79.4096450938186,24.668289530343273,64.903798587578
HOW-profile(HoW-cond),Fox_retail_Manie,124,schedule,158.97909786805428,829.2960151269283,426.16909786805445,365.1089269272292
HOW-profile(HoW-cond),Hog_education_Bruno,124,drift,45585.03545374949,45656.053200772156,45647.64645374949,44788.33564296227
HOW-profile(HoW-cond),Hog_education_Bruno,124,drift,9775.74237044861,10577.278464655132,10500.49737044861,9867.327735537956
HOW-profile(HoW-cond),Hog_education_Bruno,124,drift,6683.47563614458,6136.53423128278,6067.65413614458,5742.117159551016
HOW-profile(HoW-cond),Hog_education_Bruno,124,spike,233.77583318343918,227.0198331834392,226.1618331834392,210.58578852794903
HOW-profile(HoW-cond),Hog_education_Bruno,124,drift,8399.7371323853,9222.718496262447,8407.9941323853,8512.767767145271
HOW-profile(HoW-cond),Hog_education_Bruno,124,spike,227.8089407964058,236.56194079640574,234.82994079640577,223.41470507201362
HOW-profile(HoW-cond),Hog_education_Caridad,124,drift,23200.135052990874,10711.457507065978,7923.490052990872,3938.9394995847615
HOW-profile(HoW-cond),Hog_education_Caridad,124,schedule,660.1873401259896,45.66599999999994,-64074.11865987402,0.0
HOW-profile(HoW-cond),Hog_education_Caridad,124,drift,25480.28390904489,11204.441069127603,6571.510409044893,368.41225715765904
HOW-profile(HoW-cond),Hog_education_Caridad,124,spike,1256.3625704523993,793.618570452399,793.618570452399,737.1809203900556
HOW-profile(HoW-cond),Hog_education_Caridad,124,schedule,3341.141974311659,284.673,-17114.50902568834,0.0
HOW-profile(HoW-cond),Hog_education_Caridad,124,spike,2334.51140858897,2616.7494085889703,2616.7494085889703,2390.9988083395965
HOW-profile(HoW-cond),Hog_education_Luvenia,124,spike,844.7934597654494,665.2834597654495,625.3404597654494,606.2309127651214
HOW-profile(HoW-cond),Hog_education_Luvenia,124,drift,47761.7934347142,53275.217934714194,53275.217934714194,51007.60012990159
HOW-profile(HoW-cond),Hog_education_Luvenia,124,spike,1087.3359227316205,1149.3364227316204,1149.3364227316204,1113.9048945314235
HOW-profile(HoW-cond),Hog_education_Luvenia,124,spike,949.2327867924485,960.9217867924488,960.9217867924488,925.4902585922518
HOW-profile(HoW-cond),Hog_education_Luvenia,124,schedule,189.018206141238,1532.9095687137465,-2514.176793858759,0.0
HOW-profile(HoW-cond),Hog_education_Luvenia,124,drift,8310.713921828867,7499.237155545589,7008.844921828866,5515.071576334565
HOW-profile(HoW-cond),Hog_office_Almeda,124,drift,5097.313810036816,5707.51767050584,5706.029810036815,5103.762158722672
HOW-profile(HoW-cond),Hog_office_Almeda,124,drift,1321.6980341212209,809.5939942980243,-495.8159658787794,119.58769511726075
HOW-profile(HoW-cond),Hog_office_Almeda,124,drift,16331.593257285644,16080.680778708336,14930.514257285642,15045.671329937191
HOW-profile(HoW-cond),Hog_office_Almeda,124,drift,2655.7449469112235,3142.6909469112234,3142.6909469112234,2711.437009923246
HOW-profile(HoW-cond),Hog_office_Almeda,124,spike,298.81744207292024,378.77944207292023,378.77944207292023,364.40431083998766
HOW-profile(HoW-cond),Hog_office_Almeda,124,schedule,641.9764547881342,2401.7759642044575,2239.878454788134,1884.2712398188849
HOW-profile(HoW-cond),Hog_office_Cortney,124,schedule,149.65974226068255,374.1229347067719,120.46674226068278,66.048919977291
HOW-profile(HoW-cond),Hog_office_Cortney,124,spike,289.3528284280709,254.14982842807086,252.37582842807086,249.01526151591284
HOW-profile(HoW-cond),Hog_office_Cortney,124,drift,2626.0831573929,2634.877147109057,2445.7911573929005,2265.1883294336803
HOW-profile(HoW-cond),Hog_office_Cortney,124,schedule,147.1910427406763,482.3572688630792,296.4115427406763,112.66845118770209
HOW-profile(HoW-cond),Hog_office_Cortney,124,drift,1643.1245456414822,1652.5389053188987,-1277.8744543585176,913.1612699681446
HOW-profile(HoW-cond),Hog_office_Cortney,124,spike,907.742768172702,890.3357681727018,883.8007681727019,880.0666343483858
HOW-profile(HoW-cond),Hog_office_Denita,124,spike,120.63677152457318,132.8267715245732,132.8267715245732,130.32735946040413
HOW-profile(HoW-cond),Hog_office_Denita,124,spike,301.98127655657805,292.4707765565781,292.4707765565781,289.971364492409
HOW-profile(HoW-cond),Hog_office_Denita,124,spike,536.5985857785988,525.3175857785989,520.1445857785989,515.3199375219226
HOW-profile(HoW-cond),Hog_office_Denita,124,spike,175.30595947717708,169.87695947717708,168.63895947717708,164.87813534883895
HOW-profile(HoW-cond),Hog_office_Denita,124,spike,240.3568960927622,237.18489609276224,237.18489609276224,229.68665990025505
HOW-profile(HoW-cond),Hog_office_Denita,124,spike,582.8525776012355,632.7925776012354,628.4895776012354,620.2955172803901
HOW-profile(HoW-cond),Hog_office_Garrett,124,spike,1140.6605739873564,1146.0660739873563,1143.9955739873562,1068.867171398385
HOW-profile(HoW-cond),Hog_office_Garrett,124,spike,762.3619037161155,755.2614037161156,755.2614037161156,739.8216231983214
HOW-profile(HoW-cond),Hog_office_Garrett,124,schedule,1339.2874015233983,1148.00000200336,-1508.0818484766019,0.0
HOW-profile(HoW-cond),Hog_office_Garrett,124,spike,505.60780546124977,538.5153054612499,538.5153054612499,523.0755249434557
HOW-profile(HoW-cond),Hog_office_Garrett,124,schedule,1150.2193187770629,1346.1268074319921,-9446.432931222937,0.0
HOW-profile(HoW-cond),Hog_office_Garrett,124,schedule,7.08397110488238,510.5330000000003,-1918.3722788951168,0.0
HOW-profile(HoW-cond),Hog_office_Lavon,124,drift,9326.875716003058,13403.090942459155,13129.488966003059,0.0
HOW-profile(HoW-cond),Hog_office_Lavon,124,spike,1616.917509386898,3096.837509386898,3096.837509386898,2689.4896806186653
HOW-profile(HoW-cond),Hog_office_Lavon,124,drift,36693.68126916174,37012.920519161744,37012.920519161744,10127.963820458368
HOW-profile(HoW-cond),Hog_office_Lavon,124,drift,12675.462724434226,49002.581507921685,48980.15622443422,34338.0596722653
HOW-profile(HoW-cond),Hog_office_Lavon,124,drift,12078.532404611364,105738.04465461137,105738.04465461137,88629.43584634559
HOW-profile(HoW-cond),Hog_office_Lavon,124,spike,5238.913275087185,6421.540275087185,6421.540275087185,5912.355489126894
HOW-profile(HoW-cond),Hog_office_Merilyn,124,drift,370.9129921402993,17.807451965072367,-1376.2395078597008,0.0
HOW-profile(HoW-cond),Hog_office_Merilyn,124,schedule,20.41504004606816,2.7610266678479043,-1368.5774599539318,0.0
HOW-profile(HoW-cond),Hog_office_Merilyn,124,drift,163.1635930706925,6.174490820433338,-480.3019069293075,0.0
HOW-profile(HoW-cond),Hog_office_Merilyn,124,spike,83.42743796841972,61.99643796841973,51.87743796841973,51.42668858908655
HOW-profile(HoW-cond),Hog_office_Merilyn,124,drift,1806.3149767193665,2851.783706973954,2729.116976719367,1752.5297715233041
HOW-profile(HoW-cond),Hog_office_Merilyn,124,spike,31.280591583924434,49.75959158392442,49.75959158392442,39.189842204591244
HOW-profile(HoW-cond),Hog_office_Miriam,124,drift,314.80709582495695,196.0922408362027,-242.45590417504303,5.008987189226502
HOW-profile(HoW-cond),Hog_office_Miriam,124,schedule,38.11091692338832,161.13621895323797,-22.678083076611614,0.0
HOW-profile(HoW-cond),Hog_office_Miriam,124,drift,2335.6281212079707,2366.1179778571864,2332.943621207971,2120.4395088825027
HOW-profile(HoW-cond),Hog_office_Miriam,124,schedule,157.1352706070843,133.71577870079386,5.379270607084322,24.525348045378877
HOW-profile(HoW-cond),Hog_office_Miriam,124,spike,129.69070214399207,121.22470214399208,118.13270214399208,116.67510086668312
HOW-profile(HoW-cond),Hog_office_Miriam,124,spike,42.64576901143444,27.692769011434436,20.294769011434436,24.28056805345272
HOW-profile(HoW-cond),Hog_office_Napoleon,124,schedule,6.2183212177599065,381.056,-180.21117878224015,0.0
HOW-profile(HoW-cond),Hog_office_Napoleon,124,spike,579.7176160460504,565.9786160460504,561.3616160460504,534.3333947330989
HOW-profile(HoW-cond),Hog_office_Napoleon,124,spike,222.56328568115947,237.90428568115948,237.90428568115948,231.57524141856916
HOW-profile(HoW-cond),Hog_office_Napoleon,124,schedule,1729.7672150380722,1872.1619359832016,1215.7307150380725,505.0883752636921
HOW-profile(HoW-cond),Hog_office_Napoleon,124,drift,5203.145165853249,6987.2683704546025,6975.556665853248,6227.783058943764
HOW-profile(HoW-cond),Hog_office_Napoleon,124,spike,198.00313990398612,199.06213990398612,198.72113990398614,186.4040513788055
HOW-profile(HoW-cond),Hog_office_Shawna,124,spike,781.6706310996688,772.7976310996687,762.3686310996687,758.9072110272606
HOW-profile(HoW-cond),Hog_office_Shawna,124,schedule,1543.902386247828,2579.679386247828,2576.821386247828,1912.9392227722406
HOW-profile(HoW-cond),Hog_office_Shawna,124,spike,732.4365589759394,740.7180589759394,740.7180589759394,726.8276389035312
HOW-profile(HoW-cond),Hog_office_Shawna,124,drift,3907.324712986373,7105.669783053812,7041.625712986373,6105.559537840431
HOW-profile(HoW-cond),Hog_office_Shawna,124,drift,14157.682625094601,16782.765389583248,16738.4166250946,14949.229940025383
HOW-profile(HoW-cond),Hog_office_Shawna,124,spike,622.9690282253007,614.8120282253005,614.0090282253007,587.0311880804844
HOW-profile(HoW-cond),Hog_office_Shawnna,124,schedule,3374.3531476362073,6706.0795094429595,2940.0561476362063,2078.4962208487977
HOW-profile(HoW-cond),Hog_office_Shawnna,124,drift,42370.330757008145,34676.56829536577,33963.68525700815,30048.985006771603
HOW-profile(HoW-cond),Hog_office_Shawnna,124,drift,7368.0963669449375,3649.6160207079256,2012.2648669449368,1078.736415933391
HOW-profile(HoW-cond),Hog_office_Shawnna,124,drift,90866.11881589316,70848.75845525805,63827.631815893146,64164.47148284426
HOW-profile(HoW-cond),Hog_office_Shawnna,124,spike,1092.0280815559258,1106.3425815559258,1106.3425815559258,1063.494588143017
HOW-profile(HoW-cond),Hog_office_Shawnna,124,spike,1307.6445955412782,1266.7445955412784,1216.9215955412785,1223.8966021283695
HOW-profile(HoW-cond),Hog_office_Sherrie,124,spike,163.92484033096008,182.77284033096004,182.77284033096004,179.59811531068496
HOW-profile(HoW-cond),Hog_office_Sherrie,124,spike,382.62071569885165,382.2337156988517,382.2337156988517,374.296903148164
HOW-profile(HoW-cond),Hog_office_Sherrie,124,spike,163.5002340779823,160.0752340779823,159.4242340779823,155.31314654756966
HOW-profile(HoW-cond),Hog_office_Sherrie,124,drift,1867.470267251767,1936.739247575764,1904.8422672517668,1593.868945386055
HOW-profile(HoW-cond),Hog_office_Sherrie,124,drift,689.4963211207596,752.770517459704,636.6693211207596,447.9969155132961
HOW-profile(HoW-cond),Hog_office_Sherrie,124,drift,1618.4411002925663,1794.2660459524775,1765.0061002925663,1489.4924440060695
HOW-profile(HoW-cond),Hog_office_Shon,124,drift,16059.386072724168,19371.663397204164,19332.54957272417,18338.18704340322
HOW-profile(HoW-cond),Hog_office_Shon,124,spike,536.1976165963657,625.2936165963657,625.2936165963657,610.9397783491304
HOW-profile(HoW-cond),Hog_office_Shon,124,spike,293.58433811264706,271.402338112647,261.219338112647,260.6369594272205
HOW-profile(HoW-cond),Hog_office_Shon,124,drift,5955.601327272814,3293.772554181322,2680.3718272728133,2690.911347797438
HOW-profile(HoW-cond),Hog_office_Shon,124,drift,707.2217123860731,1080.6482345772504,-113.11428761392676,563.9100576767785
HOW-profile(HoW-cond),Hog_office_Shon,124,drift,3236.9113060826535,3685.054651340991,3664.924306082653,3254.4395039239307
HOW-profile(HoW-cond),Hog_office_Sydney,124,schedule,705.9328559110647,649.0610087193046,-746.7501440889353,83.83870338623194
HOW-profile(HoW-cond),Hog_office_Sydney,124,spike,202.44764198515634,185.51164198515633,168.77264198515633,177.66133218886367
HOW-profile(HoW-cond),Hog_office_Sydney,124,spike,94.92475947572255,65.89675947572255,41.80875947572255,54.12129478128354
HOW-profile(HoW-cond),Hog_office_Sydney,124,drift,3196.1619947441577,1737.430475960658,553.1642447441579,983.8007355165612
HOW-profile(HoW-cond),Hog_office_Sydney,124,spike,134.10317036838066,116.48617036838063,116.48617036838063,112.5610154702343
HOW-profile(HoW-cond),Hog_office_Sydney,124,schedule,1326.2000634953645,511.2174855868074,-1277.1426865046355,0.0
HOW-profile(HoW-cond),Hog_office_Valda,124,spike,185.29676336546265,184.01176336546266,182.42976336546266,179.11526386283626
HOW-profile(HoW-cond),Hog_office_Valda,124,schedule,162.75010388026908,790.448389176385,747.580103880269,477.0724210082947
HOW-profile(HoW-cond),Hog_office_Valda,124,drift,1050.4479678495575,787.9640016729115,759.3094678495577,474.5880335048212
HOW-profile(HoW-cond),Hog_office_Valda,124,drift,1579.4828371874055,1195.8631979244517,1147.4448371874055,843.3152337353501
HOW-profile(HoW-cond),Hog_office_Valda,124,drift,210.78209659420787,25.99407732115019,-854.1519034057922,0.0
HOW-profile(HoW-cond),Hog_office_Valda,124,spike,46.42109759670519,52.42009759670518,52.42009759670518,50.78793109582971
HOW-profile(HoW-cond),Lamb_education_Armando,124,spike,235.3689587498103,250.96895874981033,250.96895874981033,247.37576741340212
HOW-profile(HoW-cond),Lamb_education_Armando,124,spike,266.7013071449647,299.1013071449647,299.1013071449647,295.5081158085565
HOW-profile(HoW-cond),Lamb_education_Armando,124,spike,313.3148879906633,238.7148879906633,165.8148879906633,231.52850531784685
HOW-profile(HoW-cond),Lamb_education_Armando,124,drift,3908.176873385592,6040.512868066464,5450.076873385591,5091.910355254693
HOW-profile(HoW-cond),Lamb_education_Armando,124,spike,438.7677395746609,440.7677395746609,440.7677395746609,437.17454823825267
HOW-profile(HoW-cond),Lamb_education_Armando,124,spike,273.0229384806201,274.5229384806201,274.5229384806201,270.9297471442119
HOW-profile(HoW-cond),Lamb_education_Eula,124,drift,112.10852965056321,171.07014101384692,168.9034296505632,132.7427667588259
HOW-profile(HoW-cond),Lamb_education_Eula,124,drift,102.29077136447805,275.82183847961414,265.8805713644781,228.97726994569956
HOW-profile(HoW-cond),Lamb_education_Eula,124,drift,109.24967369718505,197.36822800433765,196.94457369718504,163.2994508887634
HOW-profile(HoW-cond),Lamb_education_Eula,124,spike,8.806322340597648,8.906322340597649,8.906322340597649,8.7288807931207
HOW-profile(HoW-cond),Lamb_education_Eula,124,schedule,24.829181915334505,26.6583574940514,13.174081915334508,9.62396893626428
HOW-profile(HoW-cond),Lamb_education_Eula,124,drift,138.39909095063456,169.16514681070532,162.34399095063455,130.8377725556843
HOW-profile(HoW-cond),Lamb_education_Lazaro,124,spike,404.57577640816953,204.64563172591508,71.64877640816957,150.92402028361886
HOW-profile(HoW-cond),Lamb_education_Lazaro,124,spike,347.38993299989835,293.09373299989835,263.52833299989834,250.11644384606137
HOW-profile(HoW-cond),Lamb_education_Lazaro,124,spike,185.43279818733498,150.41179818733497,129.85129818733498,118.17883132195723
HOW-profile(HoW-cond),Lamb_education_Lazaro,124,drift,1800.22821321745,2737.6866707609206,1275.27821321745,0.0
HOW-profile(HoW-cond),Lamb_education_Lazaro,124,spike,175.4824471788012,104.32194717880122,27.161447178801225,82.83330260188274
HOW-profile(HoW-cond),Lamb_education_Lazaro,124,drift,998.6636333565048,4315.763633356504,4315.763633356504,1479.2625492032635
HOW-profile(HoW-cond),Lamb_education_Lucas,124,spike,67.2705149697321,66.1755149697321,65.7905149697321,65.46160847704985
HOW-profile(HoW-cond),Lamb_education_Lucas,124,drift,279.43056457961706,666.0687596779064,638.4135645796171,580.3999805560354
HOW-profile(HoW-cond),Lamb_education_Lucas,124,drift,106.58158020200854,147.3210838995003,114.68758020200856,78.78606060200346
HOW-profile(HoW-cond),Lamb_education_Lucas,124,spike,112.3246566537823,123.37765665378228,120.27065665378228,121.94984366841777
HOW-profile(HoW-cond),Lamb_education_Lucas,124,drift,142.8636242781803,338.3237732713344,-31.748875721819672,252.65499414946336
HOW-profile(HoW-cond),Lamb_education_Lucas,124,drift,120.076411988293,228.0429621097568,216.782411988293,176.64169463663416
HOW-profile(HoW-cond),Lamb_education_Mae,124,spike,559.6120497702999,566.3416497702998,566.3416497702998,540.9083612986037
HOW-profile(HoW-cond),Lamb_education_Mae,124,spike,374.07063693443916,376.8706369344391,376.8706369344391,371.7839792400999
HOW-profile(HoW-cond),Lamb_education_Mae,124,drift,9713.853431034633,13996.469831034632,13996.469831034632,12775.67198439322
HOW-profile(HoW-cond),Lamb_education_Mae,124,schedule,436.7788957651129,408.0589092262527,-2096.0629042348874,0.0
HOW-profile(HoW-cond),Lamb_education_Mae,124,spike,913.0360806824114,1137.9360806824113,1137.9360806824113,1112.5027922107151
HOW-profile(HoW-cond),Lamb_education_Mae,124,spike,533.3089177422272,543.2089177422271,543.2089177422271,517.775629270531
HOW-profile(HoW-cond),Lamb_education_Williams,124,drift,2254.71361014577,3379.7033242370767,3376.1636101457702,2970.8779988501856
HOW-profile(HoW-cond),Lamb_education_Williams,124,schedule,167.49647288672838,138.47397415429134,-1300.6535271132716,0.0
HOW-profile(HoW-cond),Lamb_education_Williams,124,spike,301.0388779167403,247.9388779167403,234.3388779167403,237.29238506812334
HOW-profile(HoW-cond),Lamb_education_Williams,124,spike,121.79125345325055,121.99125345325056,121.99125345325056,117.73265631380379
HOW-profile(HoW-cond),Lamb_education_Williams,124,schedule,185.6626891849035,165.4253704493076,-3572.5321108150965,0.0
HOW-profile(HoW-cond),Lamb_education_Williams,124,spike,358.78784765197656,366.8878476519766,366.8878476519766,358.37065337308303
HOW-profile(HoW-cond),Lamb_office_Caitlin,124,spike,146.02063838652072,167.3206383865207,167.3206383865207,144.84470903944046
HOW-profile(HoW-cond),Lamb_office_Caitlin,124,drift,794.5412126531814,0.0,-9266.908787346818,0.0
HOW-profile(HoW-cond),Lamb_office_Caitlin,124,spike,172.94184812799463,164.74184812799464,156.64184812799465,155.75147638916255
HOW-profile(HoW-cond),Lamb_office_Caitlin,124,spike,114.4825158257064,90.78251582570641,83.28251582570641,72.80177234804222
HOW-profile(HoW-cond),Lamb_office_Caitlin,124,drift,825.5763640564028,93.58436097766173,-8054.223635943597,0.0
HOW-profile(HoW-cond),Lamb_office_Caitlin,124,drift,423.11632054752926,3567.6514009824446,-1538.533679452471,2380.922331456608
HOW-profile(HoW-cond),Lamb_office_Velma,124,spike,441.3428516432133,598.1428516432134,598.1428516432134,566.6469769660549
HOW-profile(HoW-cond),Lamb_office_Velma,124,spike,434.807136929555,571.907136929555,571.907136929555,546.7104371878282
HOW-profile(HoW-cond),Lamb_office_Velma,124,schedule,264.62097731589085,1244.6604078179853,1140.970977315891,791.1198124669035
HOW-profile(HoW-cond),Lamb_office_Velma,124,spike,423.1878199042235,391.28781990422345,391.28781990422345,359.791945227065
HOW-profile(HoW-cond),Lamb_office_Velma,124,spike,557.9323523020983,621.8323523020981,621.8323523020981,596.6356525603713
HOW-profile(HoW-cond),Lamb_office_Velma,124,schedule,70.6239454143992,1153.4503550460445,748.9443454143993,246.3691643438808
HOW-profile(HoW-cond),Rat_retail_Jeffrey,124,drift,1894.6298642885504,2719.448503659314,2318.90986428855,1720.097708269136
HOW-profile(HoW-cond),Rat_retail_Jeffrey,124,schedule,1233.4733862035846,2070.4394688206166,1860.4033862035847,1270.9588325084742
HOW-profile(HoW-cond),Rat_retail_Jeffrey,124,spike,141.82856022609417,241.70856022609416,241.70856022609416,233.380636931176
HOW-profile(HoW-cond),Rat_retail_Jeffrey,124,spike,122.05126722103282,200.46126722103278,200.46126722103278,196.2973055735737
HOW-profile(HoW-cond),Rat_retail_Jeffrey,124,drift,5934.08946597922,7355.602875164801,7345.33446597922,6556.1222388526585
HOW-profile(HoW-cond),Rat_retail_Jeffrey,124,spike,75.03092725864182,78.90092725864181,78.90092725864181,70.57300396372366
HOW-profile(HoW-cond),Robin_education_Zenia,124,drift,39975.06812067103,58715.691570671035,58715.691570671035,56763.834548424595
HOW-profile(HoW-cond),Robin_education_Zenia,124,spike,478.96331934207205,875.4133193420721,875.4133193420721,838.4463302843743
HOW-profile(HoW-cond),Robin_education_Zenia,124,spike,213.82678522318224,398.40608522318223,398.40608522318223,368.832493977024
HOW-profile(HoW-cond),Robin_education_Zenia,124,spike,451.5156173223503,827.4391173223503,827.4391173223503,790.4721282646525
HOW-profile(HoW-cond),Robin_education_Zenia,124,drift,55159.77368010481,76470.73038010481,76470.73038010481,74163.99026290447
HOW-profile(HoW-cond),Robin_education_Zenia,124,spike,319.07377537566447,611.6737753756645,611.6737753756645,589.4935819410458
HOW-profile(HoW-cond),Robin_office_Dina,124,drift,5248.729313204103,5118.128189085532,5098.8074632041025,4695.852794399888
HOW-profile(HoW-cond),Robin_office_Dina,124,drift,2372.7995535481996,3458.0827372428407,3391.6231535482,2909.1247241515043
HOW-profile(HoW-cond),Robin_office_Dina,124,spike,113.17178425413817,134.17178425413817,134.17178425413817,128.89334182056763
HOW-profile(HoW-cond),Robin_office_Dina,124,spike,103.85123793855118,152.8512379385512,152.8512379385512,144.05383388260032
HOW-profile(HoW-cond),Robin_office_Dina,124,spike,152.2184125679827,188.77601256798272,188.77601256798272,181.738089323222
HOW-profile(HoW-cond),Robin_office_Dina,124,spike,192.7158847968807,171.75668479688068,166.14188479688067,162.95928074092978
HOW-profile(HoW-cond),Robin_office_Sammie,124,drift,2979.6266498770647,4438.372667489613,4187.704999877064,3146.5982018574227
HOW-profile(HoW-cond),Robin_office_Sammie,124,spike,324.3497571837656,283.02830718376555,273.27830718376555,266.88112636336314
HOW-profile(HoW-cond),Robin_office_Sammie,124,drift,4010.8388784456756,3135.1918288164366,3070.0970284456757,2360.127149437122
HOW-profile(HoW-cond),Robin_office_Sammie,124,spike,398.85428192056133,416.35428192056133,416.35428192056133,394.8247074933582
HOW-profile(HoW-cond),Robin_office_Sammie,124,spike,79.7331718275391,98.33317182753909,98.33317182753909,92.9507782207383
HOW-profile(HoW-cond),Robin_office_Sammie,124,spike,245.05695107701519,222.9069510770152,222.9069510770152,217.5245574702144
HOW-profile(HoW-cond),Shrew_office_Doris,124,drift,7572.206200451032,10991.106200451031,10991.106200451031,9404.068999817198
HOW-profile(HoW-cond),Shrew_office_Doris,124,spike,347.68336924645484,361.93336924645484,361.93336924645484,356.84671155211566
HOW-profile(HoW-cond),Shrew_office_Doris,124,spike,552.3972861989043,634.1972861989043,634.1972861989043,608.7639977272082
HOW-profile(HoW-cond),Shrew_office_Doris,124,spike,175.27273580776856,239.9727358077686,239.9727358077686,229.79942041909018
HOW-profile(HoW-cond),Shrew_office_Doris,124,drift,1259.7007641984019,2679.104334021514,2668.050764198402,2068.7054107008094
HOW-profile(HoW-cond),Shrew_office_Doris,124,drift,3574.4543677011866,2278.278663028214,1693.554367701186,1667.879739707509
HOW-profile(HoW-cond),Shrew_office_Ila,124,drift,15069.627038744915,20160.777038744913,20160.777038744913,19479.401496433427
HOW-profile(HoW-cond),Shrew_office_Ila,124,drift,10283.435832930953,12783.885832930953,12783.885832930953,12187.682233408403
HOW-profile(HoW-cond),Shrew_office_Ila,124,spike,155.26510348529843,181.46510348529844,181.46510348529844,174.36744158622045
HOW-profile(HoW-cond),Shrew_office_Ila,124,drift,2861.668889784182,2725.959300016293,2212.4688897841816,1959.4118149158705
HOW-profile(HoW-cond),Shrew_office_Ila,124,drift,15457.307775017456,19488.357775017455,19488.357775017455,18551.46640433916
HOW-profile(HoW-cond),Shrew_office_Ila,124,spike,160.2436871752297,184.7436871752297,184.7436871752297,177.6460252761517
HOW-profile(HoW-cond),Shrew_office_Kenneth,124,spike,99.5805209276823,89.0305209276823,89.0305209276823,85.24510124817405
HOW-profile(HoW-cond),Shrew_office_Kenneth,124,drift,5004.013194423458,3695.589764025327,3594.2131944234584,2696.2389686351494
HOW-profile(HoW-cond),Shrew_office_Kenneth,124,drift,3386.4578934774263,6136.657893477426,6136.657893477426,4955.606953470852
HOW-profile(HoW-cond),Shrew_office_Kenneth,124,schedule,624.7919714417208,54.982739859104086,-698.1080285582793,0.0
HOW-profile(HoW-cond),Shrew_office_Kenneth,124,spike,157.14316452050156,159.64316452050153,159.04316452050153,140.71606612296029
HOW-profile(HoW-cond),Shrew_office_Kenneth,124,spike,90.97810993694345,48.07810993694346,34.178109936943464,36.721850898418715
HOW-profile(HoW-cond),Shrew_office_Nora,124,spike,535.3313704862776,510.1813704862777,501.1813704862777,498.64766990027607
HOW-profile(HoW-cond),Shrew_office_Nora,124,spike,485.0079610688855,487.65796106888547,487.65796106888547,476.12426048288387
HOW-profile(HoW-cond),Shrew_office_Nora,124,spike,571.1736982997313,575.1736982997313,575.1736982997313,571.3291314377308
HOW-profile(HoW-cond),Shrew_office_Nora,124,spike,552.9763488267555,551.8763488267555,551.8763488267555,540.3426482407539
HOW-profile(HoW-cond),Shrew_office_Nora,124,spike,561.2467565478511,564.2467565478511,564.2467565478511,552.7130559618495
HOW-profile(HoW-cond),Shrew_office_Nora,124,schedule,920.1056377770979,1382.7159957169197,1361.6056377770979,1105.9071816528813
HOW-profile(HoW-cond),Shrew_office_Sherill,124,spike,555.3048472694255,558.8048472694255,549.8048472694255,546.0882030335775
HOW-profile(HoW-cond),Shrew_office_Sherill,124,drift,2663.7315123518097,3351.278136357508,3309.6315123518098,2588.279482206626
HOW-profile(HoW-cond),Shrew_office_Sherill,124,spike,2071.2057542393763,2028.2057542393763,2021.7057542393763,1996.4141436497562
HOW-profile(HoW-cond),Shrew_office_Sherill,124,drift,32256.17046765065,28911.472655623198,28634.670467650656,27232.87561649126
HOW-profile(HoW-cond),Shrew_office_Sherill,124,spike,1302.61703386148,1198.1170338614797,1142.1170338614797,1172.6837453897838
HOW-profile(HoW-cond),Shrew_office_Sherill,124,schedule,1821.382975167228,756.9754386346876,-12229.717024832771,0.0
HOW-profile(HoW-cond),Wolf_office_Darleen,124,drift,1390.1157146341059,418.50537721933557,-802.8842853658941,0.0
HOW-profile(HoW-cond),Wolf_office_Darleen,124,drift,397.33894205403715,877.0183753035176,867.8389420540371,621.5025469367107
HOW-profile(HoW-cond),Wolf_office_Darleen,124,spike,61.49308986519393,58.99308986519393,57.99308986519393,55.44425891565494
HOW-profile(HoW-cond),Wolf_office_Darleen,124,drift,1191.1858442698244,2099.805496336181,1713.6858442698247,1631.359810997035
HOW-profile(HoW-cond),Wolf_office_Darleen,124,spike,224.10831275648945,236.10831275648945,236.10831275648945,229.0106508574115
HOW-profile(HoW-cond),Wolf_office_Darleen,124,spike,269.3189836371401,241.31705634926055,212.3189836371401,232.44497897541308
HOW-profile(HoW-cond),Wolf_retail_Harriett,124,drift,699.6025349802051,3536.3340603162637,3493.871926005846,2545.074599491035
HOW-profile(HoW-cond),Wolf_retail_Harriett,124,spike,232.50153552626406,166.46466052626405,145.79466052626404,145.8134217590718
HOW-profile(HoW-cond),Wolf_retail_Harriett,124,spike,252.38866515641712,231.04741515641712,228.9886651564171,215.5589860810229
HOW-profile(HoW-cond),Wolf_retail_Harriett,124,schedule,145.733724454765,750.02726381837,704.851724454765,378.30496600890916
HOW-profile(HoW-cond),Wolf_retail_Harriett,124,schedule,162.05045998031096,1424.7627722636748,1117.2295785700546,805.2256092479068
HOW-profile(HoW-cond),Wolf_retail_Harriett,124,schedule,119.94805690324156,1382.7479946447042,1370.3095312622158,887.1182642320898
HOW-profile(HoW-cond),Wolf_retail_Marcella,124,spike,25.60743844796349,23.102438447963493,22.734938447963494,20.23084273796153
HOW-profile(HoW-cond),Wolf_retail_Marcella,124,drift,786.9366060904479,913.4748779421614,861.2816060904478,758.4087096020554
HOW-profile(HoW-cond),Wolf_retail_Marcella,124,drift,59.85411486576385,137.16594159450338,119.87786486576384,51.01807029444453
HOW-profile(HoW-cond),Wolf_retail_Marcella,124,spike,34.67535205814959,40.87035205814959,40.87035205814959,39.434554203148615
HOW-profile(HoW-cond),Wolf_retail_Marcella,124,spike,57.00228686930619,54.248536869306186,53.919786869306186,50.65904223180373
HOW-profile(HoW-cond),Wolf_retail_Marcella,124,spike,23.510959528295764,23.300959528295763,23.300959528295763,20.4293638182938
HOW-profile(HoW-cond),Wolf_retail_Toshia,124,spike,276.4263988335657,398.9463988335657,398.9463988335657,394.17839658490385
HOW-profile(HoW-cond),Wolf_retail_Toshia,124,spike,374.05781544063984,318.71281544063993,299.2240654406399,299.6408064459925
HOW-profile(HoW-cond),Wolf_retail_Toshia,124,spike,249.00184443313907,259.8455944331391,259.8455944331391,245.54158768715354
HOW-profile(HoW-cond),Wolf_retail_Toshia,124,spike,452.5884349261682,367.4409349261682,327.8834349261682,353.1369281801826
HOW-profile(HoW-cond),Wolf_retail_Toshia,124,drift,6422.930264539212,5801.0103323441635,5037.792764539212,4656.689792665317
HOW-profile(HoW-cond),Wolf_retail_Toshia,124,schedule,340.61040539831106,1477.0743617928767,1005.2654053983111,1019.3461459213382
TOWT(HoW-cond),Fox_education_Henrietta,124,schedule,85.04709359623436,1530.363202146348,1524.0321600287643,1181.0161989056899
TOWT(HoW-cond),Fox_education_Henrietta,124,spike,97.15577474308097,116.86902014337093,116.86902014337093,109.59095757585722
TOWT(HoW-cond),Fox_education_Henrietta,124,spike,45.41249189691273,25.300812365507745,19.536803452355976,16.20323415611561
TOWT(HoW-cond),Fox_education_Henrietta,124,schedule,268.37177566030937,254.1689990692841,98.0190229874442,0.0
TOWT(HoW-cond),Fox_education_Henrietta,124,drift,575.5847397365883,2268.2457158685093,2263.0449934789217,1875.2303372227689
TOWT(HoW-cond),Fox_education_Henrietta,124,spike,35.908724592296714,43.24789160272215,43.24789160272215,41.428375960843724
TOWT(HoW-cond),Fox_retail_Manie,124,spike,324.6783795867634,286.6997360130302,271.53277810900977,269.3637050375361
TOWT(HoW-cond),Fox_retail_Manie,124,schedule,581.773262595697,1506.216809656052,-568.2365652972107,396.71082722442793
TOWT(HoW-cond),Fox_retail_Manie,124,spike,539.06630964589,505.2502572769239,477.4024241216114,476.356872317767
TOWT(HoW-cond),Fox_retail_Manie,124,drift,1881.9458686566609,2239.9162440323676,405.3515362654512,1269.0985094046964
TOWT(HoW-cond),Fox_retail_Manie,124,spike,139.86828953034328,73.61670794360585,6.635598163436185,56.28067696811172
TOWT(HoW-cond),Fox_retail_Manie,124,schedule,158.97909786805428,794.7856403255458,413.5551382791122,240.03264910973382
TOWT(HoW-cond),Hog_education_Bruno,124,drift,45585.03545374949,44898.75270298026,44867.76092759161,43077.43305382267
TOWT(HoW-cond),Hog_education_Bruno,124,drift,9775.74237044861,10316.911174548815,10247.701008487134,8826.740552510786
TOWT(HoW-cond),Hog_education_Bruno,124,drift,6683.47563614458,6724.712807008393,6706.95071316895,5896.840239209488
TOWT(HoW-cond),Hog_education_Bruno,124,spike,233.77583318343918,276.01598965340185,276.01598965340185,241.52129932844747
TOWT(HoW-cond),Hog_education_Bruno,124,drift,8399.7371323853,9598.285273390546,8903.933885257386,8108.114651352516
TOWT(HoW-cond),Hog_education_Bruno,124,spike,227.8089407964058,233.22217748053242,229.6470535462247,205.62642522056893
TOWT(HoW-cond),Hog_education_Caridad,124,drift,23200.135052990874,38540.42448692528,38540.42448692528,21501.814831840173
TOWT(HoW-cond),Hog_education_Caridad,124,schedule,660.1873401259896,858.0885993125908,-51758.60671381919,0.0
TOWT(HoW-cond),Hog_education_Caridad,124,drift,25480.28390904489,50399.795403452095,50345.45888168056,23138.01995531593
TOWT(HoW-cond),Hog_education_Caridad,124,spike,1256.3625704523993,543.0007560142469,543.0007560142469,401.012342221871
TOWT(HoW-cond),Hog_education_Caridad,124,schedule,3341.141974311659,5476.607564288841,-5302.0505902064915,0.0
TOWT(HoW-cond),Hog_education_Caridad,124,spike,2334.51140858897,3429.940792391708,3429.940792391708,2861.987137222204
TOWT(HoW-cond),Hog_education_Luvenia,124,spike,844.7934597654494,640.779623515326,600.1528380487739,581.6957712250985
TOWT(HoW-cond),Hog_education_Luvenia,124,drift,47761.7934347142,53326.31716137701,53326.31716137701,51057.497233432274
TOWT(HoW-cond),Hog_education_Luvenia,124,spike,1087.3359227316205,1151.8113963667734,1151.8113963667734,1116.361084992637
TOWT(HoW-cond),Hog_education_Luvenia,124,spike,949.2327867924485,976.7100064131591,976.7100064131591,941.2596950390226
TOWT(HoW-cond),Hog_education_Luvenia,124,schedule,189.018206141238,1869.509041760939,-1809.620341272304,0.0
TOWT(HoW-cond),Hog_education_Luvenia,124,drift,8310.713921828867,8259.188722272014,7893.02849386325,6273.97128532037
TOWT(HoW-cond),Hog_office_Almeda,124,drift,5097.313810036816,5416.877209124705,5400.733970882273,4695.8748774373835
TOWT(HoW-cond),Hog_office_Almeda,124,drift,1321.6980341212209,392.01157277201327,-1346.3628169840774,0.0
TOWT(HoW-cond),Hog_office_Almeda,124,drift,16331.593257285644,15053.575019205282,13773.588378307251,13817.571022027018
TOWT(HoW-cond),Hog_office_Almeda,124,drift,2655.7449469112235,2387.9026242950868,2378.6892166958596,1872.900958804143
TOWT(HoW-cond),Hog_office_Almeda,124,spike,298.81744207292024,396.00762646790224,396.00762646790224,378.8409042848708
TOWT(HoW-cond),Hog_office_Almeda,124,schedule,641.9764547881342,2134.9819832501735,1985.585553568003,1516.9799846610413
TOWT(HoW-cond),Hog_office_Cortney,124,schedule,149.65974226068255,396.00858911913326,-92.69671272342669,55.95318713308109
TOWT(HoW-cond),Hog_office_Cortney,124,spike,289.3528284280709,250.02404166866398,243.0349481061688,244.3564516355631
TOWT(HoW-cond),Hog_office_Cortney,124,drift,2626.0831573929,2480.0390552019408,2256.5793904809234,2071.972572818678
TOWT(HoW-cond),Hog_office_Cortney,124,schedule,147.1910427406763,486.2960373103115,103.58689844453322,78.22955492704887
TOWT(HoW-cond),Hog_office_Cortney,124,drift,1643.1245456414822,1355.744513933321,-1890.520376065556,539.6115491667958
TOWT(HoW-cond),Hog_office_Cortney,124,spike,907.742768172702,885.6955976762745,878.3905650910756,874.3604176100728
TOWT(HoW-cond),Hog_office_Denita,124,spike,120.63677152457318,130.33750886588433,130.33750886588433,127.41147666206982
TOWT(HoW-cond),Hog_office_Denita,124,spike,301.98127655657805,292.31783980898723,292.31783980898723,289.3918076051727
TOWT(HoW-cond),Hog_office_Denita,124,spike,536.5985857785988,525.615988437321,520.2303541601227,513.9118596220629
TOWT(HoW-cond),Hog_office_Denita,124,spike,175.30595947717708,168.7337191277859,166.77695141602996,162.88165472015686
TOWT(HoW-cond),Hog_office_Denita,124,spike,240.3568960927622,242.9036134264566,242.9036134264566,234.12551681501304
TOWT(HoW-cond),Hog_office_Denita,124,spike,582.8525776012355,619.6473409037778,614.5638813134743,605.0171798847052
TOWT(HoW-cond),Hog_office_Garrett,124,spike,1140.6605739873564,1297.0997233562532,1297.0997233562532,1142.6806433415115
TOWT(HoW-cond),Hog_office_Garrett,124,spike,762.3619037161155,775.5965173167059,775.5965173167059,744.7127013137575
TOWT(HoW-cond),Hog_office_Garrett,124,schedule,1339.2874015233983,1290.4860459427432,-3945.2680950100093,0.0
TOWT(HoW-cond),Hog_office_Garrett,124,spike,505.60780546124977,535.0682646174208,535.0682646174208,504.18444861447244
TOWT(HoW-cond),Hog_office_Garrett,124,schedule,1150.2193187770629,4709.441891222234,-4375.448130302239,0.0
TOWT(HoW-cond),Hog_office_Garrett,124,schedule,7.08397110488238,463.9359514624199,-8497.89503367351,0.0
TOWT(HoW-cond),Hog_office_Lavon,124,drift,9326.875716003058,28083.184751478744,27948.15391137101,15673.948713807693
TOWT(HoW-cond),Hog_office_Lavon,124,spike,1616.917509386898,2921.107820649514,2921.107820649514,2662.5820698647003
TOWT(HoW-cond),Hog_office_Lavon,124,drift,36693.68126916174,50657.356651935275,47942.38555322374,33594.65710013758
TOWT(HoW-cond),Hog_office_Lavon,124,drift,12675.462724434226,32288.15412810536,14696.512788742664,22981.227099852073
TOWT(HoW-cond),Hog_office_Lavon,124,drift,12078.532404611364,71920.32512306361,71920.32512306361,61062.24359010144
TOWT(HoW-cond),Hog_office_Lavon,124,spike,5238.913275087185,6056.429268650281,6056.429268650281,5733.272080169264
TOWT(HoW-cond),Hog_office_Merilyn,124,drift,370.9129921402993,193.55110314656577,-179.53381207078863,0.0
TOWT(HoW-cond),Hog_office_Merilyn,124,schedule,20.41504004606816,188.51328715786423,-259.7544537073936,0.0
TOWT(HoW-cond),Hog_office_Merilyn,124,drift,163.1635930706925,14.004931705519638,-257.3740596612714,0.0
TOWT(HoW-cond),Hog_office_Merilyn,124,spike,83.42743796841972,74.81185677817723,70.55070851143594,69.3962286556279
TOWT(HoW-cond),Hog_office_Merilyn,124,drift,1806.3149767193665,3045.1462002808435,2967.6708596954645,2481.920875535713
TOWT(HoW-cond),Hog_office_Merilyn,124,spike,31.280591583924434,31.249883304600992,30.572116657359707,25.83425518205166
TOWT(HoW-cond),Hog_office_Miriam,124,drift,314.80709582495695,271.93302003707356,-46.12698333745597,72.89557434483484
TOWT(HoW-cond),Hog_office_Miriam,124,schedule,38.11091692338832,188.14088850314198,72.51909268239459,17.53736362408023
TOWT(HoW-cond),Hog_office_Miriam,124,drift,2335.6281212079707,2359.0943373159416,2324.759169599537,2103.189049997349
TOWT(HoW-cond),Hog_office_Miriam,124,schedule,157.1352706070843,139.1963935985619,28.25074832928026,25.460710345854068
TOWT(HoW-cond),Hog_office_Miriam,124,spike,129.69070214399207,119.13078611276859,115.66412714012111,114.39179931057242
TOWT(HoW-cond),Hog_office_Miriam,124,spike,42.64576901143444,29.153519375528695,22.76168791074119,25.599279273881574
TOWT(HoW-cond),Hog_office_Napoleon,124,schedule,6.2183212177599065,429.8516482892979,-209.30309248367274,0.0
TOWT(HoW-cond),Hog_office_Napoleon,124,spike,579.7176160460504,566.4041006402057,562.997761143167,531.1490271945213
TOWT(HoW-cond),Hog_office_Napoleon,124,spike,222.56328568115947,234.05058132275906,234.05058132275906,226.99956663362218
TOWT(HoW-cond),Hog_office_Napoleon,124,schedule,1729.7672150380722,1806.5851278907692,1180.716147750696,283.56595503720564
TOWT(HoW-cond),Hog_office_Napoleon,124,drift,5203.145165853249,7111.11297721207,7104.078590299647,6264.991214515646
TOWT(HoW-cond),Hog_office_Napoleon,124,spike,198.00313990398612,208.17400164377776,208.17400164377776,194.07197226550403
TOWT(HoW-cond),Hog_office_Shawna,124,spike,781.6706310996688,769.1660183890606,757.369061188713,752.3997242089481
TOWT(HoW-cond),Hog_office_Shawna,124,schedule,1543.902386247828,2287.125344143119,2210.369866854023,1482.3432234977179
TOWT(HoW-cond),Hog_office_Shawna,124,spike,732.4365589759394,726.1137612126314,726.1137612126314,709.3474670325189
TOWT(HoW-cond),Hog_office_Shawna,124,drift,3907.324712986373,6758.744119056149,6706.08806939866,5551.570938088048
TOWT(HoW-cond),Hog_office_Shawna,124,drift,14157.682625094601,15735.93135718899,15576.798454888152,13522.780525414139
TOWT(HoW-cond),Hog_office_Shawna,124,spike,622.9690282253007,598.2333076367313,591.8386615529728,564.7007192765062
TOWT(HoW-cond),Hog_office_Shawnna,124,schedule,3374.3531476362073,5321.437666726281,2403.7645517488995,1028.741513882599
TOWT(HoW-cond),Hog_office_Shawnna,124,drift,42370.330757008145,34909.04286983143,34119.183321819684,30616.346716987748
TOWT(HoW-cond),Hog_office_Shawnna,124,drift,7368.0963669449375,5067.907104218875,4247.098001785719,2683.0759081946076
TOWT(HoW-cond),Hog_office_Shawnna,124,drift,90866.11881589316,80557.97904296358,76092.3008904316,74357.41793330049
TOWT(HoW-cond),Hog_office_Shawnna,124,spike,1092.0280815559258,1142.9320897793878,1142.9320897793878,1103.1849031789834
TOWT(HoW-cond),Hog_office_Shawnna,124,spike,1307.6445955412782,1330.6291428592083,1330.6291428592083,1290.8819562588037
TOWT(HoW-cond),Hog_office_Sherrie,124,spike,163.92484033096008,165.79325967263085,162.53843168127167,161.33742523026743
TOWT(HoW-cond),Hog_office_Sherrie,124,spike,382.62071569885165,404.5455446649081,404.5455446649081,393.40595855899954
TOWT(HoW-cond),Hog_office_Sherrie,124,spike,163.5002340779823,161.75160087888045,161.75160087888045,155.06784921533531
TOWT(HoW-cond),Hog_office_Sherrie,124,drift,1867.470267251767,1965.1300959031041,1957.4263367301548,1483.899976127854
TOWT(HoW-cond),Hog_office_Sherrie,124,drift,689.4963211207596,765.4426187819006,481.9267190968876,337.68251231501154
TOWT(HoW-cond),Hog_office_Sherrie,124,drift,1618.4411002925663,2159.4506739874396,2106.445296615001,1731.6905675205505
TOWT(HoW-cond),Hog_office_Shon,124,drift,16059.386072724168,17530.14722753728,17470.51296122158,16386.203631015207
TOWT(HoW-cond),Hog_office_Shon,124,spike,536.1976165963657,613.6713756177467,613.6713756177467,597.7832701104957
TOWT(HoW-cond),Hog_office_Shon,124,spike,293.58433811264706,252.16067307050326,233.4747633031796,240.24459394006502
TOWT(HoW-cond),Hog_office_Shon,124,drift,5955.601327272814,2601.456269414854,1515.8438217538505,1934.1558381103114
TOWT(HoW-cond),Hog_office_Shon,124,drift,707.2217123860731,673.7683271736123,-1056.2412563166663,101.79652891257581
TOWT(HoW-cond),Hog_office_Shon,124,drift,3236.9113060826535,3110.6513647198694,3067.171060382403,2634.008199502339
TOWT(HoW-cond),Hog_office_Sydney,124,schedule,705.9328559110647,566.6465687270127,-759.8938566206104,0.0
TOWT(HoW-cond),Hog_office_Sydney,124,spike,202.44764198515634,192.74109005066157,180.72423614834966,184.3139787815985
TOWT(HoW-cond),Hog_office_Sydney,124,spike,94.92475947572255,72.12444723719948,52.319397805562915,59.48378033360487
TOWT(HoW-cond),Hog_office_Sydney,124,drift,3196.1619947441577,1884.3107184983567,862.7415583591364,1075.3080366683016
TOWT(HoW-cond),Hog_office_Sydney,124,spike,134.10317036838066,113.76388820576891,113.76388820576891,109.55033257123738
TOWT(HoW-cond),Hog_office_Sydney,124,schedule,1326.2000634953645,626.4716592377292,-834.6208837824777,19.719647865188108
TOWT(HoW-cond),Hog_office_Valda,124,spike,185.29676336546265,196.82577489486667,196.82577489486667,191.8424110511548
TOWT(HoW-cond),Hog_office_Valda,124,schedule,162.75010388026908,1003.6529837428562,991.7732402223521,684.7176977452975
TOWT(HoW-cond),Hog_office_Valda,124,drift,1050.4479678495575,1177.3722602514176,1170.774684807797,858.4369742538589
TOWT(HoW-cond),Hog_office_Valda,124,drift,1579.4828371874055,1737.534449647226,1729.4286317499923,1378.7322528999725
TOWT(HoW-cond),Hog_office_Valda,124,drift,210.78209659420787,211.15444756736414,-425.8656726781345,0.0
TOWT(HoW-cond),Hog_office_Valda,124,spike,46.42109759670519,51.52963554908091,51.52963554908091,49.86851426784362
TOWT(HoW-cond),Lamb_education_Armando,124,spike,235.3689587498103,268.3444884051085,268.3444884051085,263.14801907715554
TOWT(HoW-cond),Lamb_education_Armando,124,spike,266.7013071449647,308.13310773156155,308.13310773156155,302.9366384036086
TOWT(HoW-cond),Lamb_education_Armando,124,spike,313.3148879906633,252.09227326116337,195.34500258750353,241.69933460525746
TOWT(HoW-cond),Lamb_education_Armando,124,drift,3908.176873385592,6189.209980527833,5643.449430196671,4817.342077948255
TOWT(HoW-cond),Lamb_education_Armando,124,spike,438.7677395746609,440.7951665174594,440.7951665174594,435.5986971895064
TOWT(HoW-cond),Lamb_education_Armando,124,spike,273.0229384806201,274.158082442589,274.158082442589,268.961613114636
TOWT(HoW-cond),Lamb_education_Eula,124,drift,112.10852965056321,182.36820561505994,182.1646386909568,147.17488346494162
TOWT(HoW-cond),Lamb_education_Eula,124,drift,102.29077136447805,320.06473083020114,316.9847483176348,277.05067042450094
TOWT(HoW-cond),Lamb_education_Eula,124,drift,109.24967369718505,217.58212445284113,217.21421488771406,186.29917143051372
TOWT(HoW-cond),Lamb_education_Eula,124,spike,8.806322340597648,8.772341715646592,8.772341715646592,8.609409668655303
TOWT(HoW-cond),Lamb_education_Eula,124,schedule,24.829181915334505,30.663106115085625,21.10728217611232,15.021629603921923
TOWT(HoW-cond),Lamb_education_Eula,124,drift,138.39909095063456,199.39012615726145,196.59205119087233,164.19680400714313
TOWT(HoW-cond),Lamb_education_Lazaro,124,spike,404.57577640816953,236.33915026157325,132.36464720711496,186.99690316051425
TOWT(HoW-cond),Lamb_education_Lazaro,124,spike,347.38993299989835,290.81004618392427,261.5764419611693,251.33624850307706
TOWT(HoW-cond),Lamb_education_Lazaro,124,spike,185.43279818733498,151.46504057704328,131.5902660340088,121.85969231640789
TOWT(HoW-cond),Lamb_education_Lazaro,124,drift,1800.22821321745,3552.572271154705,2503.4109357820967,947.30162421879
TOWT(HoW-cond),Lamb_education_Lazaro,124,spike,175.4824471788012,121.85102504012521,63.640057399042796,102.11412619970162
TOWT(HoW-cond),Lamb_education_Lazaro,124,drift,998.6636333565048,5672.177627103478,5672.177627103478,3066.906980167563
TOWT(HoW-cond),Lamb_education_Lucas,124,spike,67.2705149697321,65.96471439512239,64.83175832388713,65.04134194868604
TOWT(HoW-cond),Lamb_education_Lucas,124,drift,279.43056457961706,591.0061745931459,446.0775742458521,480.2014810207845
TOWT(HoW-cond),Lamb_education_Lucas,124,drift,106.58158020200854,230.49993282328785,198.8731133050611,141.85617796539873
TOWT(HoW-cond),Lamb_education_Lucas,124,spike,112.3246566537823,132.1559922128733,131.9805337215463,130.3092473200006
TOWT(HoW-cond),Lamb_education_Lucas,124,drift,142.8636242781803,378.9842592389776,63.25680717373581,268.17956566661616
TOWT(HoW-cond),Lamb_education_Lucas,124,drift,120.076411988293,290.1535163894181,268.67009889039196,223.67070024600122
TOWT(HoW-cond),Lamb_education_Mae,124,spike,559.6120497702999,493.2153121214611,480.36226952067625,456.99732433686415
TOWT(HoW-cond),Lamb_education_Mae,124,spike,374.07063693443916,368.69164159293746,368.69164159293746,361.4480440360181
TOWT(HoW-cond),Lamb_education_Mae,124,drift,9713.853431034633,12831.845669012126,12795.968997334207,11093.382255351471
TOWT(HoW-cond),Lamb_education_Mae,124,schedule,436.7788957651129,794.814568981157,-1323.5066700341895,0.0
TOWT(HoW-cond),Lamb_education_Mae,124,spike,913.0360806824114,1073.3084564639614,1073.3084564639614,1037.0904686793644
TOWT(HoW-cond),Lamb_education_Mae,124,spike,533.3089177422272,491.05941420924006,481.3411556797702,454.8414264246431
TOWT(HoW-cond),Lamb_education_Williams,124,drift,2254.71361014577,3638.9429175510004,3638.9429175510004,3056.345465509265
TOWT(HoW-cond),Lamb_education_Williams,124,schedule,167.49647288672838,0.410055213262748,-1450.2886089309195,0.0
TOWT(HoW-cond),Lamb_education_Williams,124,spike,301.0388779167403,233.54508833389872,208.7855407940105,218.37327968697852
TOWT(HoW-cond),Lamb_education_Williams,124,spike,121.79125345325055,117.42215359886217,114.47519463344734,111.35343014009409
TOWT(HoW-cond),Lamb_education_Williams,124,schedule,185.6626891849035,259.41632898112204,-2840.9187529910473,0.0
TOWT(HoW-cond),Lamb_education_Williams,124,spike,358.78784765197656,337.06532167257467,332.6220330453559,324.92787475503854
TOWT(HoW-cond),Lamb_office_Caitlin,124,spike,146.02063838652072,136.64734299873982,134.42138504258065,85.78824826843741
TOWT(HoW-cond),Lamb_office_Caitlin,124,drift,794.5412126531814,0.0,-10974.960252340941,0.0
TOWT(HoW-cond),Lamb_office_Caitlin,124,spike,172.94184812799463,154.8573523120125,138.44002262205407,134.51371441989153
TOWT(HoW-cond),Lamb_office_Caitlin,124,spike,114.4825158257064,50.947981619087855,15.103257752754978,10.260705834845936
TOWT(HoW-cond),Lamb_office_Caitlin,124,drift,825.5763640564028,244.35971460233873,-7718.359861105544,0.0
TOWT(HoW-cond),Lamb_office_Caitlin,124,drift,423.11632054752926,2941.154408931818,-2333.730541616952,255.7942071718512
TOWT(HoW-cond),Lamb_office_Velma,124,spike,441.3428516432133,667.9383338267974,667.9383338267974,628.454203001907
TOWT(HoW-cond),Lamb_office_Velma,124,spike,434.807136929555,503.85942415960005,503.85942415960005,472.2721194996878
TOWT(HoW-cond),Lamb_office_Velma,124,schedule,264.62097731589085,1715.038594053646,1680.154446409827,1146.4671101752251
TOWT(HoW-cond),Lamb_office_Velma,124,spike,423.1878199042235,388.1041573475451,388.1041573475451,348.62002652265477
TOWT(HoW-cond),Lamb_office_Velma,124,spike,557.9323523020983,648.2162358311472,648.2162358311472,616.6289311712349
TOWT(HoW-cond),Lamb_office_Velma,124,schedule,70.6239454143992,872.2359425480287,-68.08045221655397,0.0
TOWT(HoW-cond),Rat_retail_Jeffrey,124,drift,1894.6298642885504,4107.026998995772,3962.6239029046005,2661.2077179204725
TOWT(HoW-cond),Rat_retail_Jeffrey,124,schedule,1233.4733862035846,1723.6590370709787,1129.6084052652384,567.003612210739
TOWT(HoW-cond),Rat_retail_Jeffrey,124,spike,141.82856022609417,181.31965670449782,181.31965670449782,169.271162695537
TOWT(HoW-cond),Rat_retail_Jeffrey,124,spike,122.05126722103282,162.23149347084163,162.23149347084163,156.2072464663612
TOWT(HoW-cond),Rat_retail_Jeffrey,124,drift,5934.08946597922,5673.199142377321,5616.562967799393,4516.543717517081
TOWT(HoW-cond),Rat_retail_Jeffrey,124,spike,75.03092725864182,93.03773419758303,93.03773419758303,80.9892401886222
TOWT(HoW-cond),Robin_education_Zenia,124,drift,39975.06812067103,61050.9624522648,61050.9624522648,59172.05329530097
TOWT(HoW-cond),Robin_education_Zenia,124,spike,478.96331934207205,948.1239366037482,948.1239366037482,912.5385359036756
TOWT(HoW-cond),Robin_education_Zenia,124,spike,213.82678522318224,420.56008862056024,420.56008862056024,392.0917680605021
TOWT(HoW-cond),Robin_education_Zenia,124,spike,451.5156173223503,858.3497471015659,858.3497471015659,822.7643464014932
TOWT(HoW-cond),Robin_education_Zenia,124,drift,55159.77368010481,79783.39970388409,79783.39970388409,77562.87070019955
TOWT(HoW-cond),Robin_education_Zenia,124,spike,319.07377537566447,650.5110125991669,650.5110125991669,629.1597721791233
TOWT(HoW-cond),Robin_office_Dina,124,drift,5248.729313204103,4782.671444367917,4730.736986843893,4320.685885916957
TOWT(HoW-cond),Robin_office_Dina,124,drift,2372.7995535481996,3110.643098375158,3040.183227480561,2510.061872388911
TOWT(HoW-cond),Robin_office_Dina,124,spike,113.17178425413817,141.70723914861486,141.70723914861486,135.93241966797788
TOWT(HoW-cond),Robin_office_Dina,124,spike,103.85123793855118,161.99460855533692,161.99460855533692,152.36990942094195
TOWT(HoW-cond),Robin_office_Dina,124,spike,152.2184125679827,183.35523521795238,183.35523521795238,175.6554759104364
TOWT(HoW-cond),Robin_office_Dina,124,spike,192.7158847968807,161.03852160427215,152.8705406464374,151.41382246987718
TOWT(HoW-cond),Robin_office_Sammie,124,drift,2979.6266498770647,3307.1689664769797,2699.0947140023504,2052.7552579062076
TOWT(HoW-cond),Robin_office_Sammie,124,spike,324.3497571837656,264.658863272968,245.9114463952735,248.97869191583337
TOWT(HoW-cond),Robin_office_Sammie,124,drift,4010.8388784456756,2650.8371751661684,2462.866745069522,1898.1889500237053
TOWT(HoW-cond),Robin_office_Sammie,124,spike,398.85428192056133,404.4711644478281,404.028865395161,383.56426930498185
TOWT(HoW-cond),Robin_office_Sammie,124,spike,79.7331718275391,97.79790863556396,97.79790863556396,92.5711848498524
TOWT(HoW-cond),Robin_office_Sammie,124,spike,245.05695107701519,215.89842780574224,215.89842780574224,210.6717040200307
TOWT(HoW-cond),Shrew_office_Doris,124,drift,7572.206200451032,10197.165157645302,10176.920520480468,8362.997030944454
TOWT(HoW-cond),Shrew_office_Doris,124,spike,347.68336924645484,372.2062325751476,372.2062325751476,366.3274885793116
TOWT(HoW-cond),Shrew_office_Doris,124,spike,552.3972861989043,652.4672377604934,652.4672377604934,623.0735177813132
TOWT(HoW-cond),Shrew_office_Doris,124,spike,175.27273580776856,245.09619918967178,245.09619918967178,233.3387111979997
TOWT(HoW-cond),Shrew_office_Doris,124,drift,1259.7007641984019,2730.5344565577743,2720.736953603728,2025.0851770574482
TOWT(HoW-cond),Shrew_office_Doris,124,drift,3574.4543677011866,2308.7337916613833,1843.1541537975006,1603.2845121610571
TOWT(HoW-cond),Shrew_office_Ila,124,drift,15069.627038744915,16732.457810967422,16723.86317325373,16015.979810343038
TOWT(HoW-cond),Shrew_office_Ila,124,drift,10283.435832930953,11997.61088290186,11997.61088290186,11370.692632355524
TOWT(HoW-cond),Shrew_office_Ila,124,spike,155.26510348529843,175.71613426854253,175.71613426854253,168.25282176203854
TOWT(HoW-cond),Shrew_office_Ila,124,drift,2861.668889784182,2751.0171225325425,2292.644179847854,1944.9793718301103
TOWT(HoW-cond),Shrew_office_Ila,124,drift,15457.307775017456,17968.09929458513,17964.993250208456,16982.9420437266
TOWT(HoW-cond),Shrew_office_Ila,124,spike,160.2436871752297,164.5991093355493,164.5991093355493,157.1357968290453
TOWT(HoW-cond),Shrew_office_Kenneth,124,spike,99.5805209276823,93.16204095377232,93.16204095377232,90.03380283751179
TOWT(HoW-cond),Shrew_office_Kenneth,124,drift,5004.013194423458,2718.35260272245,1938.786890066884,1892.497740029668
TOWT(HoW-cond),Shrew_office_Kenneth,124,drift,3386.4578934774263,3973.700346861154,3936.972665040698,2997.690054587866
TOWT(HoW-cond),Shrew_office_Kenneth,124,schedule,624.7919714417208,77.11196670728634,-848.6103693906317,0.0
TOWT(HoW-cond),Shrew_office_Kenneth,124,spike,157.14316452050156,127.76478919926858,116.92749281365792,112.1235986179659
TOWT(HoW-cond),Shrew_office_Kenneth,124,spike,90.97810993694345,51.01814727997194,36.35616282181389,41.63343293119033
TOWT(HoW-cond),Shrew_office_Nora,124,spike,535.3313704862776,530.5970515413535,529.4395401771781,517.9580055734269
TOWT(HoW-cond),Shrew_office_Nora,124,spike,485.0079610688855,508.4349302101381,508.4349302101381,495.79588424221157
TOWT(HoW-cond),Shrew_office_Nora,124,spike,571.1736982997313,579.4845915791018,579.4845915791018,575.2715762564596
TOWT(HoW-cond),Shrew_office_Nora,124,spike,552.9763488267555,565.219566354161,565.219566354161,552.5805203862344
TOWT(HoW-cond),Shrew_office_Nora,124,spike,561.2467565478511,578.882643699235,578.882643699235,566.2435977313085
TOWT(HoW-cond),Shrew_office_Nora,124,schedule,920.1056377770979,1662.8699815931914,1655.8041802547311,1359.5328783629548
TOWT(HoW-cond),Shrew_office_Sherill,124,spike,555.3048472694255,564.7155821967513,561.2888916670288,548.9849991406517
TOWT(HoW-cond),Shrew_office_Sherill,124,drift,2663.7315123518097,4755.942658915904,4755.942658915904,3812.107675549931
TOWT(HoW-cond),Shrew_office_Sherill,124,spike,2071.2057542393763,2030.9844613413097,2023.7870892086949,1991.6580037010608
TOWT(HoW-cond),Shrew_office_Sherill,124,drift,32256.17046765065,31318.082704615997,31204.698330715844,29241.645741210858
TOWT(HoW-cond),Shrew_office_Sherill,124,spike,1302.61703386148,1156.7389400669463,1093.3152447023126,1125.277773954747
TOWT(HoW-cond),Shrew_office_Sherill,124,schedule,1821.382975167228,1410.4979953962168,-10626.755131417585,0.0
TOWT(HoW-cond),Wolf_office_Darleen,124,drift,1390.1157146341059,415.8771726168783,-672.9811312508233,0.0
TOWT(HoW-cond),Wolf_office_Darleen,124,drift,397.33894205403715,1164.863570923778,1111.1897454834489,874.636176496173
TOWT(HoW-cond),Wolf_office_Darleen,124,spike,61.49308986519393,56.95897389661264,51.73586398315965,52.928037862895906
TOWT(HoW-cond),Wolf_office_Darleen,124,drift,1191.1858442698244,2504.464986452378,2097.822491874439,1972.3814300017689
TOWT(HoW-cond),Wolf_office_Darleen,124,spike,224.10831275648945,243.51434745147856,243.51434745147856,235.45247538404507
TOWT(HoW-cond),Wolf_office_Darleen,124,spike,269.3189836371401,242.39506434151698,217.01857089822877,232.31772425722514
TOWT(HoW-cond),Wolf_retail_Harriett,124,drift,699.6025349802051,3029.7059925795484,2946.78700987547,1993.8191261057502
TOWT(HoW-cond),Wolf_retail_Harriett,124,spike,232.50153552626406,161.64136691641187,142.46159446213204,140.06039053154106
TOWT(HoW-cond),Wolf_retail_Harriett,124,spike,252.38866515641712,232.04006651782976,228.65448847321682,215.85433422917666
TOWT(HoW-cond),Wolf_retail_Harriett,124,schedule,145.733724454765,731.9875188184266,681.6492226895007,343.5299438907522
TOWT(HoW-cond),Wolf_retail_Harriett,124,schedule,162.05045998031096,1143.0476854360857,807.8720548501037,495.6183938899618
TOWT(HoW-cond),Wolf_retail_Harriett,124,schedule,119.94805690324156,1388.3157249689566,1362.3529081583238,870.3722917320575
TOWT(HoW-cond),Wolf_retail_Marcella,124,spike,25.60743844796349,20.109982021914984,17.44936119763551,17.66143375581455
TOWT(HoW-cond),Wolf_retail_Marcella,124,drift,786.9366060904479,860.9228566172552,804.5024563729287,728.7012502478317
TOWT(HoW-cond),Wolf_retail_Marcella,124,drift,59.85411486576385,118.36478628212653,91.49206079049043,44.90833829911351
TOWT(HoW-cond),Wolf_retail_Marcella,124,spike,34.67535205814959,40.54174296583043,40.54174296583043,39.317468832780214
TOWT(HoW-cond),Wolf_retail_Marcella,124,spike,57.00228686930619,52.280173179467255,51.308661238803765,49.219487846841716
TOWT(HoW-cond),Wolf_retail_Marcella,124,spike,23.510959528295764,21.827780358309916,21.055501632363807,19.37923209220948
TOWT(HoW-cond),Wolf_retail_Toshia,124,spike,276.4263988335657,365.81237130337956,365.81237130337956,357.3878522418781
TOWT(HoW-cond),Wolf_retail_Toshia,124,spike,374.05781544063984,259.44188837085466,211.84464811637403,225.74381212484863
TOWT(HoW-cond),Wolf_retail_Toshia,124,spike,249.00184443313907,260.80673084096094,260.80673084096094,235.53317365645643
TOWT(HoW-cond),Wolf_retail_Toshia,124,spike,452.5884349261682,387.92959463553575,364.5386757553415,362.65603745103124
TOWT(HoW-cond),Wolf_retail_Toshia,124,drift,6422.930264539212,6913.150288566585,6425.228739176871,4891.265713806224
TOWT(HoW-cond),Wolf_retail_Toshia,124,schedule,340.61040539831106,1628.0601455850597,971.3861126039159,819.3063156809153
PatchTST-SSL(HoW-cond),Fox_education_Henrietta,125,drift,598.5985581659684,600.215546107925,212.61759468719578,93.66989822699958
PatchTST-SSL(HoW-cond),Fox_education_Henrietta,125,drift,2400.088564324584,2787.7690073317526,2560.4699859964776,1774.677711569902
PatchTST-SSL(HoW-cond),Fox_education_Henrietta,125,drift,540.2119040686758,773.2249199927635,-208.48227560952512,0.0
PatchTST-SSL(HoW-cond),Fox_education_Henrietta,125,spike,36.0945882773962,70.6774116129542,70.6774116129542,53.79255668359002
PatchTST-SSL(HoW-cond),Fox_education_Henrietta,125,spike,81.58184989895344,68.21312044907283,68.21312044907283,47.10705178736761
PatchTST-SSL(HoW-cond),Fox_education_Henrietta,125,spike,38.41518311375407,0.28948460985413355,-9.296011021411056,0.0
PatchTST-SSL(HoW-cond),Fox_retail_Manie,125,schedule,284.449580378533,741.6638453550335,-1579.0779470590146,0.0
PatchTST-SSL(HoW-cond),Fox_retail_Manie,125,spike,111.01398628845477,91.06810817455191,91.06810817455191,82.21583792016513
PatchTST-SSL(HoW-cond),Fox_retail_Manie,125,spike,379.413394761061,391.24179625721115,384.6898984197139,346.98044498527724
PatchTST-SSL(HoW-cond),Fox_retail_Manie,125,drift,7865.936876474687,6849.409415594735,6078.1944387925705,4724.8645545419095
PatchTST-SSL(HoW-cond),Fox_retail_Manie,125,spike,108.99385831212118,128.92910092078577,128.92910092078577,120.07683066639899
PatchTST-SSL(HoW-cond),Fox_retail_Manie,125,schedule,405.93068316393874,1247.8572750924195,-1253.3311830907205,0.0
PatchTST-SSL(HoW-cond),Hog_education_Bruno,125,spike,312.75642837070376,337.9182655496488,335.53583493593317,271.87526106608755
PatchTST-SSL(HoW-cond),Hog_education_Bruno,125,drift,10749.250750571227,11762.726342324524,10860.660051537227,7958.649284071396
PatchTST-SSL(HoW-cond),Hog_education_Bruno,125,drift,19829.771289727974,21991.75113654691,21970.177420446056,19772.706185899253
PatchTST-SSL(HoW-cond),Hog_education_Bruno,125,schedule,16.76775248648599,1308.2789253456126,396.3975153938695,40.253239261236786
PatchTST-SSL(HoW-cond),Hog_education_Bruno,125,spike,315.77954937997606,332.7650720824622,332.7650720824622,319.55647118574996
PatchTST-SSL(HoW-cond),Hog_education_Bruno,125,spike,255.52678180948936,264.40324324430856,263.5724470614257,224.77744055417182
PatchTST-SSL(HoW-cond),Hog_education_Caridad,125,drift,24796.305619986917,26741.872993180536,-69068.49855389216,0.0
PatchTST-SSL(HoW-cond),Hog_education_Caridad,125,schedule,26454.571203329004,11263.496878930273,-97494.97870195797,0.0
PatchTST-SSL(HoW-cond),Hog_education_Caridad,125,drift,25166.5028841908,10311.058185404188,-35049.90149895642,0.0
PatchTST-SSL(HoW-cond),Hog_education_Caridad,125,spike,1405.568272198052,2188.176024693369,2188.176024693369,1399.101044963827
PatchTST-SSL(HoW-cond),Hog_education_Caridad,125,schedule,1785.4406558020355,1956.1716191999237,-141728.89640384895,0.0
PatchTST-SSL(HoW-cond),Hog_education_Caridad,125,spike,5528.517773563717,3298.27953804869,2764.0598235357033,2246.1795650759673
PatchTST-SSL(HoW-cond),Hog_education_Luvenia,125,drift,22117.776017834374,23642.112015472176,22572.28874904666,19478.444133608595
PatchTST-SSL(HoW-cond),Hog_education_Luvenia,125,schedule,1307.3753470860104,1819.4340908261236,-223.01067930823928,0.0
PatchTST-SSL(HoW-cond),Hog_education_Luvenia,125,spike,817.921750837455,1253.923514771355,1253.923514771355,1109.3517133177586
PatchTST-SSL(HoW-cond),Hog_education_Luvenia,125,spike,344.3924846400242,281.2063386412098,281.2063386412098,252.29197835049052
PatchTST-SSL(HoW-cond),Hog_education_Luvenia,125,drift,32161.386777319243,36286.24939056055,35950.28202467551,30040.747567765182
PatchTST-SSL(HoW-cond),Hog_education_Luvenia,125,spike,552.7556680826458,406.83060434206425,376.8380357460766,291.17316317918704
PatchTST-SSL(HoW-cond),Hog_office_Almeda,125,schedule,1044.874169314801,3043.8824221456407,2398.462465238369,1324.2454453681794
PatchTST-SSL(HoW-cond),Hog_office_Almeda,125,spike,230.51329091093888,231.46331328861257,231.46331328861257,223.5020309887169
PatchTST-SSL(HoW-cond),Hog_office_Almeda,125,schedule,551.9775902909631,2269.1816308107536,1459.349231112988,1122.7569796257794
PatchTST-SSL(HoW-cond),Hog_office_Almeda,125,schedule,75.69179760304814,68.67030889911082,-1788.2090683074834,0.0
PatchTST-SSL(HoW-cond),Hog_office_Almeda,125,drift,2236.5204910795974,3155.2755117454117,1832.0670513266828,1244.5677597704546
PatchTST-SSL(HoW-cond),Hog_office_Almeda,125,spike,197.6429583723955,171.61283225096057,170.4656216800104,139.76770305137796
PatchTST-SSL(HoW-cond),Hog_office_Cortney,125,schedule,8.479006557511866,2138.1109471533773,986.4452822588014,135.4588211359826
PatchTST-SSL(HoW-cond),Hog_office_Cortney,125,spike,679.9732451130769,557.4066449828914,479.45992318790707,494.82376604484784
PatchTST-SSL(HoW-cond),Hog_office_Cortney,125,schedule,432.95555441297813,644.1546614024766,-4369.694621237856,0.0
PatchTST-SSL(HoW-cond),Hog_office_Cortney,125,spike,204.3800659532417,191.32137312398297,191.32137312398297,170.46041347796844
PatchTST-SSL(HoW-cond),Hog_office_Cortney,125,drift,1825.5476711500949,3302.207486205327,1479.5584591681043,798.8923286835834
PatchTST-SSL(HoW-cond),Hog_office_Cortney,125,drift,3889.8111400101625,4915.043880773289,3127.0668162474676,1410.4026602428485
PatchTST-SSL(HoW-cond),Hog_office_Denita,125,drift,6315.1397327904415,6136.786987665689,5196.415283591604,3881.5828902610933
PatchTST-SSL(HoW-cond),Hog_office_Denita,125,spike,372.7701261554439,418.39322869824593,418.39322869824593,380.80649374150266
PatchTST-SSL(HoW-cond),Hog_office_Denita,125,spike,283.0466927443895,293.4923766547695,293.4923766547695,265.30232543721206
PatchTST-SSL(HoW-cond),Hog_office_Denita,125,spike,270.5505183689115,282.31502557579967,282.31502557579967,263.52165809742803
PatchTST-SSL(HoW-cond),Hog_office_Denita,125,spike,380.94907226615607,308.69364041628904,267.72093490957354,280.5035891987316
PatchTST-SSL(HoW-cond),Hog_office_Denita,125,spike,697.2933614574519,674.0430598670068,667.6423874510617,627.0596411710777
PatchTST-SSL(HoW-cond),Hog_office_Garrett,125,spike,497.01771566821037,292.3685276075717,292.3685276075717,233.3407122887563
PatchTST-SSL(HoW-cond),Hog_office_Garrett,125,spike,476.25508259218657,359.3659732003086,359.3659732003086,300.3381578814932
PatchTST-SSL(HoW-cond),Hog_office_Garrett,125,spike,2096.455504810596,1166.9288581134613,645.1751639356394,930.8175968381996
PatchTST-SSL(HoW-cond),Hog_office_Garrett,125,drift,12773.126389135547,4991.777106039864,-2416.1753347927624,0.0
PatchTST-SSL(HoW-cond),Hog_office_Garrett,125,drift,51342.3436347032,34650.1815417931,29297.699363463355,19066.83829762583
PatchTST-SSL(HoW-cond),Hog_office_Garrett,125,spike,1091.7914091283226,1315.708138410151,1315.708138410151,1256.6803230913356
PatchTST-SSL(HoW-cond),Hog_office_Lavon,125,spike,3053.2715828107503,3500.0743482922417,3485.2149989532295,2619.437565466212
PatchTST-SSL(HoW-cond),Hog_office_Lavon,125,drift,2211.8689172691506,1853.1140451733754,-47438.70695675582,0.0
PatchTST-SSL(HoW-cond),Hog_office_Lavon,125,spike,1460.8104946844185,1451.1285279074727,1451.1285279074727,1275.0011713422668
PatchTST-SSL(HoW-cond),Hog_office_Lavon,125,spike,2068.408927771738,3796.6375736048567,3796.6375736048567,2916.000790778827
PatchTST-SSL(HoW-cond),Hog_office_Lavon,125,drift,3815.901282654052,3111.1189548874895,-66255.50208377856,0.0
PatchTST-SSL(HoW-cond),Hog_office_Lavon,125,drift,15595.540216521305,7255.322238292487,-46141.08097521997,0.0
PatchTST-SSL(HoW-cond),Hog_office_Merilyn,125,spike,67.22808295567438,72.37238889459678,72.37238889459678,52.733967522697
PatchTST-SSL(HoW-cond),Hog_office_Merilyn,125,spike,30.613660170820815,43.4083481524232,43.4083481524232,39.480663878043245
PatchTST-SSL(HoW-cond),Hog_office_Merilyn,125,schedule,26.92700700815443,134.86728617798084,-913.7123537934166,0.0
PatchTST-SSL(HoW-cond),Hog_office_Merilyn,125,spike,23.39544674447538,13.525401359529132,13.525401359529132,9.597717085149176
PatchTST-SSL(HoW-cond),Hog_office_Merilyn,125,spike,33.06410441968688,29.5068956635954,27.969370443619766,17.723842840455532
PatchTST-SSL(HoW-cond),Hog_office_Merilyn,125,spike,42.739964659491385,53.709689216957834,53.709689216957834,49.78200494257788
PatchTST-SSL(HoW-cond),Hog_office_Miriam,125,schedule,274.8299047126119,383.316530903819,77.49092918958654,0.0
PatchTST-SSL(HoW-cond),Hog_office_Miriam,125,drift,740.5649660234842,696.0447261280464,526.6917184900105,343.1126087319959
PatchTST-SSL(HoW-cond),Hog_office_Miriam,125,spike,60.118896519511196,66.25385591007705,65.52835198479642,61.352020946243016
PatchTST-SSL(HoW-cond),Hog_office_Miriam,125,drift,3228.040308046265,2682.586147827332,2555.8417996534063,2094.365952167248
PatchTST-SSL(HoW-cond),Hog_office_Miriam,125,drift,574.7881678564999,551.473440741524,70.52105026188502,0.0
PatchTST-SSL(HoW-cond),Hog_office_Miriam,125,spike,74.05538466666819,69.64434223400396,69.64434223400396,67.19342475208694
PatchTST-SSL(HoW-cond),Hog_office_Napoleon,125,schedule,1825.4205643773823,2715.519734717567,1723.16800746271,671.6136020236434
PatchTST-SSL(HoW-cond),Hog_office_Napoleon,125,spike,856.9261365765834,835.3341929214432,831.0987118630431,774.5036532579336
PatchTST-SSL(HoW-cond),Hog_office_Napoleon,125,spike,342.60770424165764,430.2119007403023,414.5970527050276,369.3813610767927
PatchTST-SSL(HoW-cond),Hog_office_Napoleon,125,schedule,783.2068546541666,1838.8931721044537,1414.5610029910479,670.9468105650687
PatchTST-SSL(HoW-cond),Hog_office_Napoleon,125,spike,241.54001691691545,242.55357587583632,242.55357587583632,218.22136001043248
PatchTST-SSL(HoW-cond),Hog_office_Napoleon,125,schedule,3.3832195119656636,2665.5466469310604,501.10115410797334,329.6539238522905
PatchTST-SSL(HoW-cond),Hog_office_Shawna,125,drift,4581.01767824491,6251.91169625389,4925.299573183884,3065.5956110936054
PatchTST-SSL(HoW-cond),Hog_office_Shawna,125,spike,332.47888321134457,215.61921698012443,86.2676494003974,171.3648269084538
PatchTST-SSL(HoW-cond),Hog_office_Shawna,125,schedule,3204.8763529117205,5361.199902178658,3544.5085481017813,1643.831136158326
PatchTST-SSL(HoW-cond),Hog_office_Shawna,125,spike,659.6621460362825,795.8041076152576,795.8041076152576,773.6769125794224
PatchTST-SSL(HoW-cond),Hog_office_Shawna,125,spike,995.2031409847842,874.2516079571676,792.2615309368202,807.8700228496617
PatchTST-SSL(HoW-cond),Hog_office_Shawna,125,spike,291.51041674021275,144.91419844410794,56.938686901607966,100.65980837243731
PatchTST-SSL(HoW-cond),Hog_office_Shawnna,125,spike,579.7146900218349,591.2102999011526,591.2102999011526,501.3390551036713
PatchTST-SSL(HoW-cond),Hog_office_Shawnna,125,schedule,860.903122068736,4306.356880516107,1102.4091018347528,0.0
PatchTST-SSL(HoW-cond),Hog_office_Shawnna,125,spike,1263.975074420967,1152.8014122957143,1039.6096195360487,1017.9945450994924
PatchTST-SSL(HoW-cond),Hog_office_Shawnna,125,schedule,1759.7279450535848,1782.0851458656866,-5233.2280936149145,0.0
PatchTST-SSL(HoW-cond),Hog_office_Shawnna,125,spike,840.1210646996985,769.6396265813182,721.2172715615743,589.8971369863557
PatchTST-SSL(HoW-cond),Hog_office_Shawnna,125,schedule,397.874705104555,2923.5167743698485,-11255.149580189991,0.0
PatchTST-SSL(HoW-cond),Hog_office_Sherrie,125,spike,107.88363979132309,93.78309412414107,93.78309412414107,86.03643143240252
PatchTST-SSL(HoW-cond),Hog_office_Sherrie,125,spike,320.0357796466335,419.3080984111465,419.3080984111465,388.3214476441923
PatchTST-SSL(HoW-cond),Hog_office_Sherrie,125,drift,1176.5719930238233,1731.713780226529,1215.42934014931,802.1142572179032
PatchTST-SSL(HoW-cond),Hog_office_Sherrie,125,schedule,13.457790522136015,84.88474028696828,-1524.771191940296,0.0
PatchTST-SSL(HoW-cond),Hog_office_Sherrie,125,spike,212.24493076145416,243.24555920501948,238.20538940165687,204.51224574632676
PatchTST-SSL(HoW-cond),Hog_office_Sherrie,125,schedule,31.128764828247803,1231.2250926344952,-511.41709628948627,0.0
PatchTST-SSL(HoW-cond),Hog_office_Shon,125,spike,97.26023092668142,105.20497779144635,105.20497779144635,87.65232487130226
PatchTST-SSL(HoW-cond),Hog_office_Shon,125,drift,12101.633138171115,12836.772709406185,12278.367223050967,10098.558853863706
PatchTST-SSL(HoW-cond),Hog_office_Shon,125,drift,9491.396401500355,9501.027028655584,8736.127397329748,7605.340513280022
PatchTST-SSL(HoW-cond),Hog_office_Shon,125,drift,13558.17408813101,12958.895904226145,12711.725542971195,10852.577553808853
PatchTST-SSL(HoW-cond),Hog_office_Shon,125,drift,3049.0686924011943,3803.759034363803,3432.7702012091736,2329.3361890716988
PatchTST-SSL(HoW-cond),Hog_office_Shon,125,spike,287.1406084253411,273.69237837090645,273.69237837090645,264.9160519108344
PatchTST-SSL(HoW-cond),Hog_office_Sydney,125,spike,191.4336743613265,163.9117386010309,138.59965286748948,129.3478905916131
PatchTST-SSL(HoW-cond),Hog_office_Sydney,125,drift,2925.8063625232526,2869.264850128694,2467.6977514509013,2039.7324979026669
PatchTST-SSL(HoW-cond),Hog_office_Sydney,125,drift,32395.681663496915,27675.94839001432,27192.842952952487,25519.16427422665
PatchTST-SSL(HoW-cond),Hog_office_Sydney,125,spike,384.23774745484377,281.51104101111116,268.70539517520956,246.94719300169336
PatchTST-SSL(HoW-cond),Hog_office_Sydney,125,spike,121.62422362076859,112.79119086601305,103.94082180653916,98.96565166224593
PatchTST-SSL(HoW-cond),Hog_office_Sydney,125,spike,189.96004928123833,190.79791418601863,183.26625087825715,176.97237498225152
PatchTST-SSL(HoW-cond),Hog_office_Valda,125,drift,1760.9761103458088,2910.6758724339015,2161.9806441147794,1133.8735636220817
PatchTST-SSL(HoW-cond),Hog_office_Valda,125,drift,2132.6749139695894,2288.109342192948,1919.1758057261522,1194.6925367702897
PatchTST-SSL(HoW-cond),Hog_office_Valda,125,spike,58.171822816359274,53.36163767422153,47.15841289606438,41.97187928440217
PatchTST-SSL(HoW-cond),Hog_office_Valda,125,drift,280.5367410103387,330.6516709453821,-947.4474338725825,0.0
PatchTST-SSL(HoW-cond),Hog_office_Valda,125,spike,65.18675585885163,81.75223241416998,81.75223241416998,64.66759482944094
PatchTST-SSL(HoW-cond),Hog_office_Valda,125,spike,72.81999331760733,76.08522324335333,71.24097190947339,59.00058565862429
PatchTST-SSL(HoW-cond),Lamb_education_Armando,125,drift,904.6723238745834,4160.5849077060075,2004.8782315167023,1041.6088927044102
PatchTST-SSL(HoW-cond),Lamb_education_Armando,125,spike,520.6153725558952,337.28756289375576,238.28087337044957,285.3046293103958
PatchTST-SSL(HoW-cond),Lamb_education_Armando,125,drift,3860.576313779388,4683.89391300294,1043.3391480070577,1253.0202965011836
PatchTST-SSL(HoW-cond),Lamb_education_Armando,125,spike,275.5897765531901,249.0712088887257,212.2828797412936,210.08400870120573
PatchTST-SSL(HoW-cond),Lamb_education_Armando,125,spike,430.0272865574996,427.0467392551161,427.0467392551161,414.05100585927613
PatchTST-SSL(HoW-cond),Lamb_education_Armando,125,spike,432.3378584456088,373.4160116741403,314.61250208896814,347.42454488246034
PatchTST-SSL(HoW-cond),Lamb_education_Eula,125,spike,7.2204594944024,7.161510348136819,7.161510348136819,6.609327089608365
PatchTST-SSL(HoW-cond),Lamb_education_Eula,125,spike,12.352700755739706,7.232353498742695,4.832502549923146,5.575803723157332
PatchTST-SSL(HoW-cond),Lamb_education_Eula,125,drift,107.43897173360656,278.1537866320742,243.44495829408598,158.88220278992802
PatchTST-SSL(HoW-cond),Lamb_education_Eula,125,spike,11.847483646017526,11.018005305706373,10.654588790397701,9.36145553012101
PatchTST-SSL(HoW-cond),Lamb_education_Eula,125,spike,6.94078038385251,6.93688143906348,6.93688143906348,6.384698180535026
PatchTST-SSL(HoW-cond),Lamb_education_Eula,125,spike,6.7498187085270915,12.028261534919503,12.028261534919503,10.923895017862595
PatchTST-SSL(HoW-cond),Lamb_education_Lazaro,125,drift,679.5843723798425,114.15964624817663,-4574.874840880011,0.0
PatchTST-SSL(HoW-cond),Lamb_education_Lazaro,125,spike,199.02676030251615,201.1117878752267,201.1117878752267,153.51610656059927
PatchTST-SSL(HoW-cond),Lamb_education_Lazaro,125,drift,608.1370570542234,2448.48442850337,1953.8890883964066,1020.6139890645472
PatchTST-SSL(HoW-cond),Lamb_education_Lazaro,125,schedule,1340.0668601331145,1042.937615130601,-3548.3331488005438,0.0
PatchTST-SSL(HoW-cond),Lamb_education_Lazaro,125,schedule,295.31902645981654,663.1185027812883,-2213.7478598548705,0.0
PatchTST-SSL(HoW-cond),Lamb_education_Lazaro,125,spike,438.5333684411504,346.7600865877805,287.21886405021064,311.06332560180994
PatchTST-SSL(HoW-cond),Lamb_education_Lucas,125,drift,44.430473400545154,290.58823852558737,-240.578709772183,0.0
PatchTST-SSL(HoW-cond),Lamb_education_Lucas,125,spike,40.98769218688992,28.036783021014323,24.494641941275688,21.715041228402377
PatchTST-SSL(HoW-cond),Lamb_education_Lucas,125,spike,124.75394431378707,112.64336683827733,111.1646904071242,104.21437778146141
PatchTST-SSL(HoW-cond),Lamb_education_Lucas,125,drift,463.29103167116466,896.6858800072717,497.4100163004597,340.3726022574207
PatchTST-SSL(HoW-cond),Lamb_education_Lucas,125,drift,97.49477022361795,414.40808049805,28.585914482207038,9.816605770885587
PatchTST-SSL(HoW-cond),Lamb_education_Lucas,125,drift,117.22433174609765,314.6931597691822,-472.20530626639584,0.0
PatchTST-SSL(HoW-cond),Lamb_education_Mae,125,drift,1443.3927288465475,745.402779572707,-1585.6090474320938,0.0
PatchTST-SSL(HoW-cond),Lamb_education_Mae,125,spike,439.88992240202737,480.24372611787686,480.24372611787686,426.87083545844644
PatchTST-SSL(HoW-cond),Lamb_education_Mae,125,spike,413.9739990629172,392.34460321524574,392.34460321524574,379.00138055038815
PatchTST-SSL(HoW-cond),Lamb_education_Mae,125,schedule,6.69251278102152,1698.4938740797606,1164.2700117494378,737.7818422100125
PatchTST-SSL(HoW-cond),Lamb_education_Mae,125,drift,2506.240240079557,6219.495874588962,4254.761419030522,3017.1224350231346
PatchTST-SSL(HoW-cond),Lamb_education_Mae,125,spike,841.557992119025,783.0025523117538,782.8900939857747,716.2864389874658
PatchTST-SSL(HoW-cond),Lamb_education_Williams,125,drift,431.8890048490721,2224.655953565818,599.033634567866,315.73594769223223
PatchTST-SSL(HoW-cond),Lamb_education_Williams,125,drift,2030.5082810536642,3453.1742228856738,1126.610423507006,726.1456430662656
PatchTST-SSL(HoW-cond),Lamb_education_Williams,125,spike,205.64093225785726,168.24773380570633,125.38492937757566,145.5224956405446
PatchTST-SSL(HoW-cond),Lamb_education_Williams,125,spike,233.39598361089998,249.7284947502227,245.47693901672747,215.6406375024801
PatchTST-SSL(HoW-cond),Lamb_education_Williams,125,schedule,460.5784731650495,391.1211912305497,-3308.8608324040442,0.0
PatchTST-SSL(HoW-cond),Lamb_education_Williams,125,drift,631.9116321838826,223.7804415287985,-3213.910567384153,0.0
PatchTST-SSL(HoW-cond),Lamb_office_Caitlin,125,spike,180.6922829058492,28.617374344750765,-149.49177437028015,0.0
PatchTST-SSL(HoW-cond),Lamb_office_Caitlin,125,spike,122.1565021221314,137.54245648630368,137.54245648630368,120.60160000817345
PatchTST-SSL(HoW-cond),Lamb_office_Caitlin,125,schedule,13.431040709532962,68.61961793531495,-4335.032081159945,0.0
PatchTST-SSL(HoW-cond),Lamb_office_Caitlin,125,spike,84.41559833196992,30.77846929888517,-18.54436929097914,0.0
PatchTST-SSL(HoW-cond),Lamb_office_Caitlin,125,drift,173.78614754734792,59.71213320878442,-8336.476632872722,0.0
PatchTST-SSL(HoW-cond),Lamb_office_Caitlin,125,drift,911.4017366571402,23.349575714146468,-9181.621310749266,0.0
PatchTST-SSL(HoW-cond),Lamb_office_Velma,125,drift,11531.344202363198,15125.76289961184,14680.54344757527,11807.40936554662
PatchTST-SSL(HoW-cond),Lamb_office_Velma,125,drift,1694.136946978436,3098.9951674570234,1656.234074061511,987.3156457791561
PatchTST-SSL(HoW-cond),Lamb_office_Velma,125,drift,25866.605814655755,25787.810080905612,25591.407871897696,22167.788043743552
PatchTST-SSL(HoW-cond),Lamb_office_Velma,125,schedule,901.9816008525459,1467.6793165546742,375.1458059294932,562.6738072641597
PatchTST-SSL(HoW-cond),Lamb_office_Velma,125,spike,486.13591267083405,411.7748030336795,384.7020731362799,361.4967191842065
PatchTST-SSL(HoW-cond),Lamb_office_Velma,125,schedule,322.72392264067025,1519.7383571216656,-3282.138570246354,0.0
PatchTST-SSL(HoW-cond),Rat_retail_Jeffrey,125,drift,3683.3403690303307,1470.0432670174494,-3586.781372426739,0.0
PatchTST-SSL(HoW-cond),Rat_retail_Jeffrey,125,schedule,981.962425425242,1845.3146942276617,-1180.2035374372304,0.0
PatchTST-SSL(HoW-cond),Rat_retail_Jeffrey,125,spike,71.14463859529044,75.56768660240573,70.59391275272534,51.768719886176655
PatchTST-SSL(HoW-cond),Rat_retail_Jeffrey,125,spike,236.10275981052712,287.6585272930713,279.2204566869638,228.16111050249862
PatchTST-SSL(HoW-cond),Rat_retail_Jeffrey,125,spike,160.34177061970212,188.67092284646023,188.67092284646023,164.87195613023115
PatchTST-SSL(HoW-cond),Rat_retail_Jeffrey,125,spike,139.4611817724224,99.68745236846395,99.68745236846395,87.78796901034941
PatchTST-SSL(HoW-cond),Robin_education_Zenia,125,schedule,1221.8326744633548,11309.616225284222,11305.895806328168,9129.848450818523
PatchTST-SSL(HoW-cond),Robin_education_Zenia,125,drift,2100.1254110666678,8630.320152000015,8630.320152000015,7419.338055074627
PatchTST-SSL(HoW-cond),Robin_education_Zenia,125,spike,391.44900124433565,580.6212419159386,580.6212419159386,550.346689492804
PatchTST-SSL(HoW-cond),Robin_education_Zenia,125,spike,202.65121879629663,257.5478550386908,257.5478550386908,247.45633756431255
PatchTST-SSL(HoW-cond),Robin_education_Zenia,125,spike,651.8508931335659,898.5356132945324,898.5356132945324,848.0780259226412
PatchTST-SSL(HoW-cond),Robin_education_Zenia,125,drift,7018.39135260816,18023.39715449035,18023.39715449035,15843.629380024651
PatchTST-SSL(HoW-cond),Robin_office_Dina,125,spike,39.1022694351812,31.909597411001748,23.472429893705247,25.237689173084785
PatchTST-SSL(HoW-cond),Robin_office_Dina,125,spike,75.51796794738951,105.9665440632525,105.9665440632525,95.95868170637705
PatchTST-SSL(HoW-cond),Robin_office_Dina,125,drift,2637.2662061178125,2766.477743334508,2676.6726655234606,2206.037451349483
PatchTST-SSL(HoW-cond),Robin_office_Dina,125,drift,1099.758793489123,1282.2999773304532,784.8177559872579,481.6709887804176
PatchTST-SSL(HoW-cond),Robin_office_Dina,125,spike,34.19400504871101,26.038889722416226,20.40593859190155,19.366981484499263
PatchTST-SSL(HoW-cond),Robin_office_Dina,125,spike,94.67854658591658,92.87403552513217,91.4681785534204,86.2021272872152
PatchTST-SSL(HoW-cond),Robin_office_Sammie,125,drift,841.9997581450713,133.55401435968932,-1653.085759941335,0.0
PatchTST-SSL(HoW-cond),Robin_office_Sammie,125,drift,9581.709311236431,8975.236065950467,8557.999788720745,6889.197092717027
PatchTST-SSL(HoW-cond),Robin_office_Sammie,125,schedule,1922.5757180762594,1170.4795526016783,-552.4169741880759,0.0
PatchTST-SSL(HoW-cond),Robin_office_Sammie,125,drift,13932.256565202417,10243.44826526764,9484.001771731164,8331.245873136986
PatchTST-SSL(HoW-cond),Robin_office_Sammie,125,drift,3807.589248566563,3819.794769583683,3728.139665620989,2950.6118640697496
PatchTST-SSL(HoW-cond),Robin_office_Sammie,125,drift,8953.762898788209,7244.924019150275,7040.38742543205,5854.2313703279815
PatchTST-SSL(HoW-cond),Shrew_office_Doris,125,spike,438.4235387510678,297.1072939580696,268.10553266773275,243.08581868062583
PatchTST-SSL(HoW-cond),Shrew_office_Doris,125,drift,16799.09479739034,14139.973896263149,13655.533875447602,10898.685379616523
PatchTST-SSL(HoW-cond),Shrew_office_Doris,125,drift,8622.393010842425,6980.569424006404,5695.77343223879,4711.667462353767
PatchTST-SSL(HoW-cond),Shrew_office_Doris,125,spike,524.0467404579867,503.8007866163603,496.6877064961617,463.2846801582775
PatchTST-SSL(HoW-cond),Shrew_office_Doris,125,spike,613.3828341873266,509.55762431292146,449.51240782763887,455.5361490354777
PatchTST-SSL(HoW-cond),Shrew_office_Doris,125,spike,817.4530199935923,826.0194150047562,826.0194150047562,758.4925709079515
PatchTST-SSL(HoW-cond),Shrew_office_Ila,125,drift,8092.2630891555,7019.382552464315,6864.613353340366,5546.232351384937
PatchTST-SSL(HoW-cond),Shrew_office_Ila,125,drift,12037.258840181286,12290.269542864258,11461.380040260869,10571.594308271651
PatchTST-SSL(HoW-cond),Shrew_office_Ila,125,spike,363.82611180846686,461.36934166994854,461.36934166994854,410.21829302135905
PatchTST-SSL(HoW-cond),Shrew_office_Ila,125,drift,12957.90945118457,9538.629508291559,8089.0390000805055,7083.379173159263
PatchTST-SSL(HoW-cond),Shrew_office_Ila,125,schedule,421.3858559237735,2475.217637500702,380.9478353678316,511.0173693948648
PatchTST-SSL(HoW-cond),Shrew_office_Ila,125,schedule,965.7284850764911,3232.7302511381026,1758.4334759552935,1268.5299830322654
PatchTST-SSL(HoW-cond),Shrew_office_Kenneth,125,spike,37.49559363344386,9.680795782492085,9.680795782492085,4.854158120193725
PatchTST-SSL(HoW-cond),Shrew_office_Kenneth,125,spike,107.92377169233482,111.7406369782298,109.44808909388273,102.08736165363308
PatchTST-SSL(HoW-cond),Shrew_office_Kenneth,125,spike,176.82601251107485,176.46970458165143,176.46970458165143,157.163153932458
PatchTST-SSL(HoW-cond),Shrew_office_Kenneth,125,drift,1280.2181063696082,1049.899531733649,620.4283325121457,239.0244044675245
PatchTST-SSL(HoW-cond),Shrew_office_Kenneth,125,spike,32.97755570930851,45.61211430303931,45.61211430303931,40.78547664074095
PatchTST-SSL(HoW-cond),Shrew_office_Kenneth,125,drift,2128.875852557867,465.66004064514595,-1068.8094422799127,0.0
PatchTST-SSL(HoW-cond),Shrew_office_Nora,125,spike,533.0891825585595,371.8151209548074,328.9021107754587,310.9934435112458
PatchTST-SSL(HoW-cond),Shrew_office_Nora,125,schedule,2981.023794672533,751.1487735683188,-3482.703667980156,0.0
PatchTST-SSL(HoW-cond),Shrew_office_Nora,125,spike,512.4936999745446,243.35453653830922,54.173838149212685,167.3274397338572
PatchTST-SSL(HoW-cond),Shrew_office_Nora,125,drift,8720.76403198205,8321.627620908703,7249.822963940276,6132.047232940485
PatchTST-SSL(HoW-cond),Shrew_office_Nora,125,drift,5538.294768080046,5198.810854114234,3082.4269774606537,1914.4402721619072
PatchTST-SSL(HoW-cond),Shrew_office_Nora,125,spike,584.0091646070908,384.59952963505805,294.187771158622,308.57243283060603
PatchTST-SSL(HoW-cond),Shrew_office_Sherill,125,drift,6154.903042607274,5454.574777503825,-1542.5599109356658,0.0
PatchTST-SSL(HoW-cond),Shrew_office_Sherill,125,drift,15584.728581219393,10052.152828941784,2213.9848920979525,1778.8675368872446
PatchTST-SSL(HoW-cond),Shrew_office_Sherill,125,spike,1659.3641878329586,1532.2845974852403,1512.5238844321605,1426.216837330695
PatchTST-SSL(HoW-cond),Shrew_office_Sherill,125,drift,12838.608090591768,12465.863430916026,2825.367797223948,4828.98469978876
PatchTST-SSL(HoW-cond),Shrew_office_Sherill,125,spike,742.7763700713136,747.1165476343492,646.7984047295723,641.0487874798039
PatchTST-SSL(HoW-cond),Shrew_office_Sherill,125,spike,1192.8569303110821,671.4798411092943,423.7406650983882,591.9290209933853
PatchTST-SSL(HoW-cond),Wolf_office_Darleen,125,spike,99.16450495826523,100.46499810401218,100.46499810401218,89.4684389459651
PatchTST-SSL(HoW-cond),Wolf_office_Darleen,125,spike,246.32410982455139,130.3958812437794,79.32163998533417,102.9044833486617
PatchTST-SSL(HoW-cond),Wolf_office_Darleen,125,drift,603.1866924908074,426.26793574577096,-422.6465151019501,0.0
PatchTST-SSL(HoW-cond),Wolf_office_Darleen,125,drift,4447.357799361156,4255.07337118358,3551.1505269903555,2671.5688524248008
PatchTST-SSL(HoW-cond),Wolf_office_Darleen,125,spike,83.50141860992213,69.11006349227429,69.11006349227429,63.611783913250754
PatchTST-SSL(HoW-cond),Wolf_office_Darleen,125,drift,653.5756699963993,296.16036556444357,-851.0045100201418,0.0
PatchTST-SSL(HoW-cond),Wolf_retail_Harriett,125,drift,407.38698679316815,803.3773445158039,-635.6691411399695,0.0
PatchTST-SSL(HoW-cond),Wolf_retail_Harriett,125,spike,113.73908092832042,98.13091381486447,98.13091381486447,75.37701854021545
PatchTST-SSL(HoW-cond),Wolf_retail_Harriett,125,spike,241.54507678752975,259.6105426343663,259.6105426343663,236.85664735971727
PatchTST-SSL(HoW-cond),Wolf_retail_Harriett,125,drift,2813.4429861476005,3052.4221268714055,2812.1580738313814,1960.2351536882522
PatchTST-SSL(HoW-cond),Wolf_retail_Harriett,125,spike,188.35812793738017,182.01985367831404,182.01985367831404,174.4352219200977
PatchTST-SSL(HoW-cond),Wolf_retail_Harriett,125,spike,68.3812415627187,101.07334202260564,101.07334202260564,85.90407850617297
PatchTST-SSL(HoW-cond),Wolf_retail_Marcella,125,schedule,54.16335719103934,178.51575509544276,14.453788839360413,49.84964228819911
PatchTST-SSL(HoW-cond),Wolf_retail_Marcella,125,drift,849.5865120107323,582.0710354018022,316.1788299369499,350.4720323487636
PatchTST-SSL(HoW-cond),Wolf_retail_Marcella,125,schedule,52.692329457659355,201.33959813762192,19.070565607680418,21.207040207480787
PatchTST-SSL(HoW-cond),Wolf_retail_Marcella,125,spike,74.93968467220296,103.27022636329502,103.27022636329502,97.90913832965987
PatchTST-SSL(HoW-cond),Wolf_retail_Marcella,125,drift,127.71859867087753,30.85457097332011,-291.24081199388286,0.0
PatchTST-SSL(HoW-cond),Wolf_retail_Marcella,125,schedule,39.65172435042676,77.12876704860116,-87.00301354623062,0.0
PatchTST-SSL(HoW-cond),Wolf_retail_Toshia,125,spike,436.4490351587483,542.1825099275211,542.1825099275211,494.78431337793586
PatchTST-SSL(HoW-cond),Wolf_retail_Toshia,125,spike,447.8777360003793,306.7306659092784,239.080733151981,227.73367165996964
PatchTST-SSL(HoW-cond),Wolf_retail_Toshia,125,drift,3069.4324441058966,2771.073611747463,238.61739179401195,116.77460497068887
PatchTST-SSL(HoW-cond),Wolf_retail_Toshia,125,drift,939.2136099106452,1482.0945626780408,-2780.5307127914184,0.0
PatchTST-SSL(HoW-cond),Wolf_retail_Toshia,125,drift,842.5686690004807,2036.109271537221,-538.014145214084,0.0
PatchTST-SSL(HoW-cond),Wolf_retail_Toshia,125,drift,5010.699309011548,3645.7948783389184,-423.019356229873,233.12472676878042
HOW-profile(HoW-cond),Fox_education_Henrietta,125,drift,598.5985581659684,486.4321850278542,463.5785581659685,241.74029105714126
HOW-profile(HoW-cond),Fox_education_Henrietta,125,drift,2400.088564324584,3458.3266796980993,3457.533564324584,2968.9428917566734
HOW-profile(HoW-cond),Fox_education_Henrietta,125,drift,540.2119040686758,424.3856467820035,157.24190406867592,0.0
HOW-profile(HoW-cond),Fox_education_Henrietta,125,spike,36.0945882773962,49.20458827739619,49.20458827739619,41.04819181170576
HOW-profile(HoW-cond),Fox_education_Henrietta,125,spike,81.58184989895344,76.12184989895343,76.12184989895343,65.92635431684039
HOW-profile(HoW-cond),Fox_education_Henrietta,125,spike,38.41518311375407,13.43364930722651,0.03518311375407279,3.238153725113472
HOW-profile(HoW-cond),Fox_retail_Manie,125,schedule,284.449580378533,1424.48123583994,-4.625419621466676,824.019039177944
HOW-profile(HoW-cond),Fox_retail_Manie,125,spike,111.01398628845477,127.21398628845475,127.21398628845475,123.04410992274644
HOW-profile(HoW-cond),Fox_retail_Manie,125,spike,379.413394761061,608.3333947610611,608.3333947610611,587.4840129325196
HOW-profile(HoW-cond),Fox_retail_Manie,125,drift,7865.936876474687,8097.440703712158,6974.206876474687,7096.670375942165
HOW-profile(HoW-cond),Fox_retail_Manie,125,spike,108.99385831212118,163.66385831212116,163.66385831212116,159.49398194641287
HOW-profile(HoW-cond),Fox_retail_Manie,125,schedule,405.93068316393874,1314.1707788196745,-359.709316836061,513.55451660368
HOW-profile(HoW-cond),Hog_education_Bruno,125,spike,312.75642837070376,334.8734283707038,334.8734283707038,319.7657592826039
HOW-profile(HoW-cond),Hog_education_Bruno,125,drift,10749.250750571227,9948.844446493502,9907.537750571226,9078.642707018947
HOW-profile(HoW-cond),Hog_education_Bruno,125,drift,19829.771289727974,21648.026289727975,21648.026289727975,21140.40860836782
HOW-profile(HoW-cond),Hog_education_Bruno,125,schedule,16.76775248648599,536.3753426846844,317.276752486486,246.30809619316636
HOW-profile(HoW-cond),Hog_education_Bruno,125,spike,315.77954937997606,314.94854937997604,314.94854937997604,311.9270155623561
HOW-profile(HoW-cond),Hog_education_Bruno,125,spike,255.52678180948936,276.31678180948927,276.31678180948927,267.2521803566293
HOW-profile(HoW-cond),Hog_education_Caridad,125,drift,24796.305619986917,21213.88178102848,-4025.340380013089,15428.300758275956
HOW-profile(HoW-cond),Hog_education_Caridad,125,schedule,26454.571203329004,119.80168614012268,-45181.118796671,0.0
HOW-profile(HoW-cond),Hog_education_Caridad,125,drift,25166.5028841908,19546.793796619757,18420.695884190798,16332.582117312799
HOW-profile(HoW-cond),Hog_education_Caridad,125,spike,1405.568272198052,1194.4832721980522,1094.7382721980523,1114.127980215378
HOW-profile(HoW-cond),Hog_education_Caridad,125,schedule,1785.4406558020355,8512.224999999999,-66429.36834419797,2726.6439772474732
HOW-profile(HoW-cond),Hog_education_Caridad,125,spike,5528.517773563717,5404.781773563717,5376.714273563717,5297.641384253486
HOW-profile(HoW-cond),Hog_education_Luvenia,125,drift,22117.776017834374,23249.590017834376,23249.590017834376,21477.758091996147
HOW-profile(HoW-cond),Hog_education_Luvenia,125,schedule,1307.3753470860104,923.0438019811745,-290.14565291398907,37.127839062060616
HOW-profile(HoW-cond),Hog_education_Luvenia,125,spike,817.921750837455,1168.8287508374547,1168.8287508374547,1107.3068089680717
HOW-profile(HoW-cond),Hog_education_Luvenia,125,spike,344.3924846400242,305.27448464002407,305.27448464002407,292.9700962661475
HOW-profile(HoW-cond),Hog_education_Luvenia,125,drift,32161.386777319243,37545.329777319246,37545.329777319246,34887.58188856191
HOW-profile(HoW-cond),Hog_education_Luvenia,125,spike,552.7556680826458,447.6776680826458,442.2656680826459,398.4601145871395
HOW-profile(HoW-cond),Hog_office_Almeda,125,schedule,1044.874169314801,2874.3518758502732,2654.8206693148013,2090.8125881634587
HOW-profile(HoW-cond),Hog_office_Almeda,125,spike,230.51329091093888,205.66129091093887,205.66129091093887,202.0337942086851
HOW-profile(HoW-cond),Hog_office_Almeda,125,schedule,551.9775902909631,2071.2060902909634,1848.9085902909628,1548.8465651664203
HOW-profile(HoW-cond),Hog_office_Almeda,125,schedule,75.69179760304814,68.43042128535782,-1321.7717023969522,0.0
HOW-profile(HoW-cond),Hog_office_Almeda,125,drift,2236.5204910795974,3101.238503566231,2988.1409910795974,2230.6392950253257
HOW-profile(HoW-cond),Hog_office_Almeda,125,spike,197.6429583723955,210.66695837239553,210.66695837239553,196.15697156338044
HOW-profile(HoW-cond),Hog_office_Cortney,125,schedule,8.479006557511866,530.0575000000003,408.01750655751215,304.79190664706397
HOW-profile(HoW-cond),Hog_office_Cortney,125,spike,679.9732451130769,677.3962451130769,671.659245113077,670.3566953207977
HOW-profile(HoW-cond),Hog_office_Cortney,125,schedule,432.95555441297813,232.67581421632184,-2684.4579455870216,0.0
HOW-profile(HoW-cond),Hog_office_Cortney,125,spike,204.3800659532417,199.90206595324176,199.90206595324176,197.55554935581534
HOW-profile(HoW-cond),Hog_office_Cortney,125,drift,1825.5476711500949,2045.9919297015117,1967.931171150095,1764.4099380103412
HOW-profile(HoW-cond),Hog_office_Cortney,125,drift,3889.8111400101625,3491.536018488662,3400.128140010163,3097.3212301210237
HOW-profile(HoW-cond),Hog_office_Denita,125,drift,6315.1397327904415,6077.99621957584,5991.000232790442,5432.67679971167
HOW-profile(HoW-cond),Hog_office_Denita,125,spike,372.7701261554439,403.8141261554439,403.8141261554439,393.05880249104104
HOW-profile(HoW-cond),Hog_office_Denita,125,spike,283.0466927443895,295.1406927443894,295.1406927443894,287.07419999608726
HOW-profile(HoW-cond),Hog_office_Denita,125,spike,270.5505183689115,262.15751836891155,258.40701836891157,256.77985653671016
HOW-profile(HoW-cond),Hog_office_Denita,125,spike,380.94907226615607,354.2340722661561,341.10507226615607,346.16757951785394
HOW-profile(HoW-cond),Hog_office_Denita,125,spike,697.2933614574519,678.5573614574519,677.7603614574518,665.1132068769483
HOW-profile(HoW-cond),Hog_office_Garrett,125,spike,497.01771566821037,453.7552156682103,453.7552156682103,439.4126153856484
HOW-profile(HoW-cond),Hog_office_Garrett,125,spike,476.25508259218657,453.9420825921866,453.9420825921866,439.59948230962465
HOW-profile(HoW-cond),Hog_office_Garrett,125,spike,2096.455504810596,1810.2840048105954,1689.5490048105953,1752.9136036803477
HOW-profile(HoW-cond),Hog_office_Garrett,125,drift,12773.126389135547,12799.550820188222,12388.126139135547,11078.43878628079
HOW-profile(HoW-cond),Hog_office_Garrett,125,drift,51342.3436347032,50957.21968706585,50652.7203847032,47170.7732124695
HOW-profile(HoW-cond),Hog_office_Garrett,125,spike,1091.7914091283226,1221.5024091283226,1221.5024091283226,1207.1598088457606
HOW-profile(HoW-cond),Hog_office_Lavon,125,spike,3053.2715828107503,3020.7995828107496,3013.42158281075,2676.511226920787
HOW-profile(HoW-cond),Hog_office_Lavon,125,drift,2211.8689172691506,2331.454667269151,2331.454667269151,0.0
HOW-profile(HoW-cond),Hog_office_Lavon,125,spike,1460.8104946844185,1730.3754946844185,1730.3754946844185,1661.517823506426
HOW-profile(HoW-cond),Hog_office_Lavon,125,spike,2068.408927771738,3956.900927771738,3956.900927771738,3612.6125718817757
HOW-profile(HoW-cond),Hog_office_Lavon,125,drift,3815.901282654052,2555.234637626447,2403.0795326540524,0.0
HOW-profile(HoW-cond),Hog_office_Lavon,125,drift,15595.540216521305,13877.140134076748,13789.934466521308,656.4672679021951
HOW-profile(HoW-cond),Hog_office_Merilyn,125,spike,67.22808295567438,87.87808295567439,87.6720829556744,70.46515242993645
HOW-profile(HoW-cond),Hog_office_Merilyn,125,spike,30.613660170820815,33.773660170820804,33.773660170820804,30.291074065673218
HOW-profile(HoW-cond),Hog_office_Merilyn,125,schedule,26.92700700815443,44.62099999999999,-818.6354929918456,0.0
HOW-profile(HoW-cond),Hog_office_Merilyn,125,spike,23.39544674447538,8.93444674447538,8.93444674447538,5.451860639327793
HOW-profile(HoW-cond),Hog_office_Merilyn,125,spike,33.06410441968688,18.63610441968689,11.18010441968688,8.188346104244129
HOW-profile(HoW-cond),Hog_office_Merilyn,125,spike,42.739964659491385,45.658964659491396,45.658964659491396,42.176378554343806
HOW-profile(HoW-cond),Hog_office_Miriam,125,schedule,274.8299047126119,340.261468444207,186.84890471261184,97.29430631497019
HOW-profile(HoW-cond),Hog_office_Miriam,125,drift,740.5649660234842,683.4738512731972,632.3189660234842,501.24847967626954
HOW-profile(HoW-cond),Hog_office_Miriam,125,spike,60.118896519511196,66.6318965195112,66.6318965195112,64.10098858066499
HOW-profile(HoW-cond),Hog_office_Miriam,125,drift,3228.040308046265,2945.4205901137843,2907.495308046266,2641.7116374522384
HOW-profile(HoW-cond),Hog_office_Miriam,125,drift,574.7881678564999,423.75784323600544,164.08466785649983,120.04889057445939
HOW-profile(HoW-cond),Hog_office_Miriam,125,spike,74.05538466666819,70.65138466666818,70.65138466666818,69.38593069724507
HOW-profile(HoW-cond),Hog_office_Napoleon,125,schedule,1825.4205643773823,1990.4008600855564,1830.2470643773818,893.7340223971198
HOW-profile(HoW-cond),Hog_office_Napoleon,125,spike,856.9261365765834,1011.4221365765834,1011.4221365765834,978.7832425977609
HOW-profile(HoW-cond),Hog_office_Napoleon,125,spike,342.60770424165764,352.81370424165766,348.1447042416577,320.17481026283514
HOW-profile(HoW-cond),Hog_office_Napoleon,125,schedule,783.2068546541666,1186.2484023769093,1124.1053546541661,559.581637983517
HOW-profile(HoW-cond),Hog_office_Napoleon,125,spike,241.54001691691545,244.03001691691549,244.03001691691549,230.97445932538648
HOW-profile(HoW-cond),Hog_office_Napoleon,125,schedule,3.3832195119656636,1677.6617398373214,1003.9532195119654,424.32821105053677
HOW-profile(HoW-cond),Hog_office_Shawna,125,drift,4581.01767824491,5632.424363813151,5600.63567824491,4606.719949791698
HOW-profile(HoW-cond),Hog_office_Shawna,125,spike,332.47888321134457,330.3998832113445,323.4913832113445,316.15398857215763
HOW-profile(HoW-cond),Hog_office_Shawna,125,schedule,3204.8763529117205,4738.58679544213,4672.610352911721,3541.9316457504347
HOW-profile(HoW-cond),Hog_office_Shawna,125,spike,659.6621460362825,701.0271460362827,701.0271460362827,693.9041987166893
HOW-profile(HoW-cond),Hog_office_Shawna,125,spike,995.2031409847842,1025.5661409847844,1025.5661409847844,1004.1972990260041
HOW-profile(HoW-cond),Hog_office_Shawna,125,spike,291.51041674021275,299.7044167402129,299.7044167402129,285.458522101026
HOW-profile(HoW-cond),Hog_office_Shawnna,125,spike,579.7146900218349,597.994190021835,597.994190021835,556.6491265160561
HOW-profile(HoW-cond),Hog_office_Shawnna,125,schedule,860.903122068736,4528.862906603776,4293.937622068735,2544.2998583263843
HOW-profile(HoW-cond),Hog_office_Shawnna,125,spike,1263.975074420967,1130.2855744209671,1025.7895744209673,1068.2679791622986
HOW-profile(HoW-cond),Hog_office_Shawnna,125,schedule,1759.7279450535848,1505.1058292733364,-2620.1595549464146,0.0
HOW-profile(HoW-cond),Hog_office_Shawnna,125,spike,840.1210646996985,772.9905646996986,762.2215646996985,690.3004376881406
HOW-profile(HoW-cond),Hog_office_Shawnna,125,schedule,397.874705104555,410.4941456027063,-6774.838794895445,0.0
HOW-profile(HoW-cond),Hog_office_Sherrie,125,spike,107.88363979132309,114.17863979132309,114.17863979132309,112.55224014074062
HOW-profile(HoW-cond),Hog_office_Sherrie,125,spike,320.0357796466335,350.4867796466335,349.7817796466335,343.98118104430364
HOW-profile(HoW-cond),Hog_office_Sherrie,125,drift,1176.5719930238233,1467.995617458057,1458.7299930238235,1272.8276593881608
HOW-profile(HoW-cond),Hog_office_Sherrie,125,schedule,13.457790522136015,39.28649999999999,-451.6307094778639,0.0
HOW-profile(HoW-cond),Hog_office_Sherrie,125,spike,212.24493076145416,210.50693076145416,210.35543076145416,202.3749325085418
HOW-profile(HoW-cond),Hog_office_Sherrie,125,schedule,31.128764828247803,663.8141897424435,485.8757648282478,312.51186521663027
HOW-profile(HoW-cond),Hog_office_Shon,125,spike,97.26023092668142,101.34223092668144,101.34223092668144,93.12018108842452
HOW-profile(HoW-cond),Hog_office_Shon,125,drift,12101.633138171115,13142.62588899796,13115.354138171115,11859.98611422988
HOW-profile(HoW-cond),Hog_office_Shon,125,drift,9491.396401500355,9704.950041015854,9630.636401500356,8816.968658484107
HOW-profile(HoW-cond),Hog_office_Shon,125,drift,13558.17408813101,15215.871588131013,15211.657088131013,14229.225607540182
HOW-profile(HoW-cond),Hog_office_Shon,125,drift,3049.0686924011943,3685.990304676037,3684.697192401194,2995.3381182624557
HOW-profile(HoW-cond),Hog_office_Shon,125,spike,287.1406084253411,284.74660842534115,284.74660842534115,280.6355835062127
HOW-profile(HoW-cond),Hog_office_Sydney,125,spike,191.4336743613265,152.63851394110776,139.0896743613265,132.63789418133095
HOW-profile(HoW-cond),Hog_office_Sydney,125,drift,2925.8063625232526,2644.2907443242834,2543.348612523252,2164.27587008964
HOW-profile(HoW-cond),Hog_office_Sydney,125,drift,32395.681663496915,29570.943699273797,29439.260163496914,28322.905026263725
HOW-profile(HoW-cond),Hog_office_Sydney,125,spike,384.23774745484377,343.99874745484385,331.45624745484383,323.99812769506707
HOW-profile(HoW-cond),Hog_office_Sydney,125,spike,121.62422362076859,123.55522362076854,121.79322362076854,115.55497571685783
HOW-profile(HoW-cond),Hog_office_Sydney,125,spike,189.96004928123833,195.15404928123837,191.5220492812384,187.15380137732765
HOW-profile(HoW-cond),Hog_office_Valda,125,drift,1760.9761103458088,2897.8280929636912,2868.4361103458086,2432.5124765220376
HOW-profile(HoW-cond),Hog_office_Valda,125,drift,2132.6749139695894,2384.950495118495,2384.945413969589,2098.6024234620927
HOW-profile(HoW-cond),Hog_office_Valda,125,spike,58.171822816359274,52.98782281635927,47.85432281635927,50.005030403271746
HOW-profile(HoW-cond),Hog_office_Valda,125,drift,280.5367410103387,264.70402426764565,145.5727410103388,49.94297052534387
HOW-profile(HoW-cond),Hog_office_Valda,125,spike,65.18675585885163,69.35925585885161,69.35925585885161,64.88506723922032
HOW-profile(HoW-cond),Hog_office_Valda,125,spike,72.81999331760733,71.59199331760732,69.26099331760732,67.11780469797603
HOW-profile(HoW-cond),Lamb_education_Armando,125,drift,904.6723238745834,3667.5678897316993,3507.5223238745834,2812.299630892804
HOW-profile(HoW-cond),Lamb_education_Armando,125,spike,520.6153725558952,471.89417255589524,454.1037725558952,457.639701575247
HOW-profile(HoW-cond),Lamb_education_Armando,125,drift,3860.576313779388,4325.153359813966,898.2243137793885,3384.358275091181
HOW-profile(HoW-cond),Lamb_education_Armando,125,spike,275.5897765531901,317.7897765531901,317.7897765531901,307.0989233177039
HOW-profile(HoW-cond),Lamb_education_Armando,125,spike,430.0272865574996,426.5272865574996,426.5272865574996,422.9636688123376
HOW-profile(HoW-cond),Lamb_education_Armando,125,spike,432.3378584456088,444.23785844560877,444.23785844560877,437.1106229552846
HOW-profile(HoW-cond),Lamb_education_Eula,125,spike,7.2204594944024,6.970459494402399,6.970459494402399,6.79301794692545
HOW-profile(HoW-cond),Lamb_education_Eula,125,spike,12.352700755739706,11.902700755739708,11.552700755739707,11.370376113308861
HOW-profile(HoW-cond),Lamb_education_Eula,125,drift,107.43897173360656,299.70002355692117,293.93387173360657,261.37264930190014
HOW-profile(HoW-cond),Lamb_education_Eula,125,spike,11.847483646017526,11.097483646017524,10.997483646017525,10.565159003586677
HOW-profile(HoW-cond),Lamb_education_Eula,125,spike,6.94078038385251,6.640780383852511,6.640780383852511,6.463338836375562
HOW-profile(HoW-cond),Lamb_education_Eula,125,spike,6.7498187085270915,10.74981870852709,10.74981870852709,10.394935613573193
HOW-profile(HoW-cond),Lamb_education_Lazaro,125,drift,679.5843723798425,108.75369870318409,-4652.962627620158,0.0
HOW-profile(HoW-cond),Lamb_education_Lazaro,125,spike,199.02676030251615,222.42676030251613,222.42676030251613,188.8311606468804
HOW-profile(HoW-cond),Lamb_education_Lazaro,125,drift,608.1370570542234,1897.2370570542234,1897.2370570542234,889.3690673851513
HOW-profile(HoW-cond),Lamb_education_Lazaro,125,schedule,1340.0668601331145,266.83375266888527,-3461.4138398668856,0.0
HOW-profile(HoW-cond),Lamb_education_Lazaro,125,schedule,295.31902645981654,395.05,-2529.922073540183,0.0
HOW-profile(HoW-cond),Lamb_education_Lazaro,125,spike,438.5333684411504,348.80256844115047,287.5871684411504,323.6058686994237
HOW-profile(HoW-cond),Lamb_education_Lucas,125,drift,44.430473400545154,260.11862616815506,231.0374734005452,201.9887752147065
HOW-profile(HoW-cond),Lamb_education_Lucas,125,spike,40.98769218688992,39.848192186889925,39.79569218688992,38.81015913414977
HOW-profile(HoW-cond),Lamb_education_Lucas,125,spike,124.75394431378707,126.66094431378706,126.14794431378706,125.27690024346686
HOW-profile(HoW-cond),Lamb_education_Lucas,125,drift,463.29103167116466,875.8205988908046,854.9315316711645,784.4736902496711
HOW-profile(HoW-cond),Lamb_education_Lucas,125,drift,97.49477022361795,257.31322402144053,233.27877022361795,190.87910864607073
HOW-profile(HoW-cond),Lamb_education_Lucas,125,drift,117.22433174609765,193.78131187200012,-415.5556682539023,119.0429320747091
HOW-profile(HoW-cond),Lamb_education_Mae,125,drift,1443.3927288465475,870.7025722723506,-1434.3572711534525,262.0780644264147
HOW-profile(HoW-cond),Lamb_education_Mae,125,spike,439.88992240202737,462.08992240202736,462.08992240202736,441.80243880716284
HOW-profile(HoW-cond),Lamb_education_Mae,125,spike,413.9739990629172,391.67399906291723,391.67399906291723,386.6021281642011
HOW-profile(HoW-cond),Lamb_education_Mae,125,schedule,6.69251278102152,1452.3023350374697,1330.3925127810217,1087.1276303299082
HOW-profile(HoW-cond),Lamb_education_Mae,125,drift,2506.240240079557,6610.707549357081,6610.556640079558,5393.458533665209
HOW-profile(HoW-cond),Lamb_education_Mae,125,spike,841.557992119025,829.537592119025,825.2375921190251,804.1782376254444
HOW-profile(HoW-cond),Lamb_education_Williams,125,drift,431.8890048490721,2090.039004849072,2090.039004849072,1742.2535717942515
HOW-profile(HoW-cond),Lamb_education_Williams,125,drift,2030.5082810536642,3235.772907722013,3234.458281053664,2738.9365747865545
HOW-profile(HoW-cond),Lamb_education_Williams,125,spike,205.64093225785726,216.89093225785726,216.89093225785726,212.7506294833951
HOW-profile(HoW-cond),Lamb_education_Williams,125,spike,233.39598361089998,240.04598361089998,240.04598361089998,233.83552944920675
HOW-profile(HoW-cond),Lamb_education_Williams,125,schedule,460.5784731650495,300.1922104937481,-3296.221526834951,2.090410732473231
HOW-profile(HoW-cond),Lamb_education_Williams,125,drift,631.9116321838826,281.8157262206388,-2908.5331678161174,0.0
HOW-profile(HoW-cond),Lamb_office_Caitlin,125,spike,180.6922829058492,11.640115564067372,-183.60771709415076,0.0
HOW-profile(HoW-cond),Lamb_office_Caitlin,125,spike,122.1565021221314,139.85650212213142,139.85650212213142,131.1027191132686
HOW-profile(HoW-cond),Lamb_office_Caitlin,125,schedule,13.431040709532962,0.0,-3265.768959290467,0.0
HOW-profile(HoW-cond),Lamb_office_Caitlin,125,spike,84.41559833196992,0.0,-100.18440166803008,0.0
HOW-profile(HoW-cond),Lamb_office_Caitlin,125,drift,173.78614754734792,0.0,-7438.013852452652,0.0
HOW-profile(HoW-cond),Lamb_office_Caitlin,125,drift,911.4017366571402,4.829389791646247,-6539.89826334286,0.0
HOW-profile(HoW-cond),Lamb_office_Velma,125,drift,11531.344202363198,16852.8442023632,16852.8442023632,15131.30630874184
HOW-profile(HoW-cond),Lamb_office_Velma,125,drift,1694.136946978436,3529.605692292823,3381.9869469784367,2434.0815781701385
HOW-profile(HoW-cond),Lamb_office_Velma,125,drift,25866.605814655755,26989.372843006226,26987.00581465576,25111.331504510195
HOW-profile(HoW-cond),Lamb_office_Velma,125,schedule,901.9816008525459,1328.2903096163172,1298.831600852546,858.7799749923097
HOW-profile(HoW-cond),Lamb_office_Velma,125,spike,486.13591267083405,581.685912670834,581.685912670834,555.6020051917225
HOW-profile(HoW-cond),Lamb_office_Velma,125,schedule,322.72392264067025,1987.8314384433615,330.69732264067056,735.8038794460078
HOW-profile(HoW-cond),Rat_retail_Jeffrey,125,drift,3683.3403690303307,3978.35589115317,3718.670369030331,2725.4766127279267
HOW-profile(HoW-cond),Rat_retail_Jeffrey,125,schedule,981.962425425242,2581.7438705461027,2332.787425425242,1850.897624798044
HOW-profile(HoW-cond),Rat_retail_Jeffrey,125,spike,71.14463859529044,71.00463859529044,69.81963859529044,62.3040880506707
HOW-profile(HoW-cond),Rat_retail_Jeffrey,125,spike,236.10275981052712,224.27275981052713,221.03275981052712,202.5213834489778
HOW-profile(HoW-cond),Rat_retail_Jeffrey,125,spike,160.34177061970212,144.7217706197021,132.09177061970212,136.02122007508237
HOW-profile(HoW-cond),Rat_retail_Jeffrey,125,spike,139.4611817724224,136.07118177242242,136.07118177242242,131.72090650011256
HOW-profile(HoW-cond),Robin_education_Zenia,125,schedule,1221.8326744633548,12269.742424463355,12269.742424463355,10408.04132319138
HOW-profile(HoW-cond),Robin_education_Zenia,125,drift,2100.1254110666678,9642.776911066669,9642.776911066669,8608.498521471127
HOW-profile(HoW-cond),Robin_education_Zenia,125,spike,391.44900124433565,562.4468012443356,562.4468012443356,536.589841504447
HOW-profile(HoW-cond),Robin_education_Zenia,125,spike,202.65121879629663,249.60121879629662,249.60121879629662,240.98223221633378
HOW-profile(HoW-cond),Robin_education_Zenia,125,spike,651.8508931335659,888.900893133566,888.900893133566,845.8059602337518
HOW-profile(HoW-cond),Robin_education_Zenia,125,drift,7018.39135260816,19654.049102608158,19654.049102608158,17792.348001336184
HOW-profile(HoW-cond),Robin_office_Dina,125,spike,39.1022694351812,30.8810694351812,21.437669435181203,27.468040416644573
HOW-profile(HoW-cond),Robin_office_Dina,125,spike,75.51796794738951,86.7679679473895,86.7679679473895,81.64842441958456
HOW-profile(HoW-cond),Robin_office_Dina,125,drift,2637.2662061178125,3487.5550556460166,3487.1190561178128,3200.86061808894
HOW-profile(HoW-cond),Robin_office_Dina,125,drift,1099.758793489123,1868.1166684089976,1863.330893489123,1458.5531861846023
HOW-profile(HoW-cond),Robin_office_Dina,125,spike,34.19400504871101,35.694005048711006,35.694005048711006,32.28097603017438
HOW-profile(HoW-cond),Robin_office_Dina,125,spike,94.67854658591658,92.01184658591656,90.51184658591656,88.59881756737992
HOW-profile(HoW-cond),Robin_office_Sammie,125,drift,841.9997581450713,345.91482140209536,-897.3920918549286,0.0
HOW-profile(HoW-cond),Robin_office_Sammie,125,drift,9581.709311236431,11025.704765247036,10897.575361236431,9269.03344522524
HOW-profile(HoW-cond),Robin_office_Sammie,125,schedule,1922.5757180762594,1233.4565860327823,697.1459180762594,0.0
HOW-profile(HoW-cond),Robin_office_Sammie,125,drift,13932.256565202417,10861.392460247731,10658.613165202418,9251.110416894417
HOW-profile(HoW-cond),Robin_office_Sammie,125,drift,3807.589248566563,4351.760406659015,4350.134198566563,3619.8140233165996
HOW-profile(HoW-cond),Robin_office_Sammie,125,drift,8953.762898788209,7619.832039201073,7564.69734878821,6448.7178258532085
HOW-profile(HoW-cond),Shrew_office_Doris,125,spike,438.4235387510678,306.26041490965076,207.4235387510678,283.84363274506285
HOW-profile(HoW-cond),Shrew_office_Doris,125,drift,16799.09479739034,17674.93014493685,17660.844797390342,16329.923215061575
HOW-profile(HoW-cond),Shrew_office_Doris,125,drift,8622.393010842425,8847.42746290577,8816.843010842425,7905.922611993079
HOW-profile(HoW-cond),Shrew_office_Doris,125,spike,524.0467404579867,578.2467404579868,578.2467404579868,561.4341538345459
HOW-profile(HoW-cond),Shrew_office_Doris,125,spike,613.3828341873266,624.8828341873266,624.8828341873266,602.4660520227387
HOW-profile(HoW-cond),Shrew_office_Doris,125,spike,817.4530199935923,805.1030199935923,794.4530199935923,777.0820422878573
HOW-profile(HoW-cond),Shrew_office_Ila,125,drift,8092.2630891555,8634.0130891555,8634.0130891555,8071.8782667485275
HOW-profile(HoW-cond),Shrew_office_Ila,125,drift,12037.258840181286,12732.208840181285,12732.208840181285,12076.384880706484
HOW-profile(HoW-cond),Shrew_office_Ila,125,spike,363.82611180846686,413.5261118084669,413.5261118084669,394.0075415860026
HOW-profile(HoW-cond),Shrew_office_Ila,125,drift,12957.90945118457,11241.690675333255,10844.959451184572,10304.799304654967
HOW-profile(HoW-cond),Shrew_office_Ila,125,schedule,421.3858559237735,3241.705079035355,3204.1358559237733,2492.1919824927254
HOW-profile(HoW-cond),Shrew_office_Ila,125,schedule,965.7284850764911,3825.978485076491,3825.978485076491,3076.465388533861
HOW-profile(HoW-cond),Shrew_office_Kenneth,125,spike,37.49559363344386,23.795593633443854,23.795593633443854,19.90666638457405
HOW-profile(HoW-cond),Shrew_office_Kenneth,125,spike,107.92377169233482,125.52377169233483,125.52377169233483,117.74591719459522
HOW-profile(HoW-cond),Shrew_office_Kenneth,125,spike,176.82601251107485,208.92601251107487,208.92601251107487,193.37030351559565
HOW-profile(HoW-cond),Shrew_office_Kenneth,125,drift,1280.2181063696082,1634.5501645359864,1633.9681063696082,981.2103867258593
HOW-profile(HoW-cond),Shrew_office_Kenneth,125,spike,32.97755570930851,49.67755570930852,49.67755570930852,45.788628460438716
HOW-profile(HoW-cond),Shrew_office_Kenneth,125,drift,2128.875852557867,598.906025735257,-2.6741474421332896,0.0
HOW-profile(HoW-cond),Shrew_office_Nora,125,spike,533.0891825585595,491.28918255855956,481.9891825585595,475.6743263805881
HOW-profile(HoW-cond),Shrew_office_Nora,125,schedule,2981.023794672533,2708.608471868813,1920.2237946725327,1959.0953753261833
HOW-profile(HoW-cond),Shrew_office_Nora,125,spike,512.4936999745446,433.69369997454464,410.3936999745447,414.17512975208035
HOW-profile(HoW-cond),Shrew_office_Nora,125,drift,8720.76403198205,8897.97134469091,8772.114031982048,8335.836522283938
HOW-profile(HoW-cond),Shrew_office_Nora,125,drift,5538.294768080046,6021.88447068765,5786.194768080046,5178.6822370771915
HOW-profile(HoW-cond),Shrew_office_Nora,125,spike,584.0091646070908,635.4591646070909,635.4591646070909,615.9405943846266
HOW-profile(HoW-cond),Shrew_office_Sherill,125,drift,6154.903042607274,4143.408834388991,3465.903042607274,2738.0717783715527
HOW-profile(HoW-cond),Shrew_office_Sherill,125,drift,15584.728581219393,12247.877956390817,10066.328581219394,10217.946653254518
HOW-profile(HoW-cond),Shrew_office_Sherill,125,spike,1659.3641878329586,1633.7641878329587,1633.7641878329587,1607.7394275363395
HOW-profile(HoW-cond),Shrew_office_Sherill,125,drift,12838.608090591768,13286.011974463967,12623.10809059177,11412.229233107382
HOW-profile(HoW-cond),Shrew_office_Sherill,125,spike,742.7763700713136,799.7763700713136,789.2763700713136,773.7516097746944
HOW-profile(HoW-cond),Shrew_office_Sherill,125,spike,1192.8569303110821,1198.6069303110821,1198.6069303110821,1179.0883600886177
HOW-profile(HoW-cond),Wolf_office_Darleen,125,spike,99.16450495826523,100.16450495826525,100.16450495826525,96.61567400872627
HOW-profile(HoW-cond),Wolf_office_Darleen,125,spike,246.32410982455139,226.32410982455144,223.82410982455144,217.45203245070397
HOW-profile(HoW-cond),Wolf_office_Darleen,125,drift,603.1866924908074,1047.8795735216868,607.1866924908073,834.9497165493477
HOW-profile(HoW-cond),Wolf_office_Darleen,125,drift,4447.357799361156,5197.568206018405,4821.357799361156,4686.536549284791
HOW-profile(HoW-cond),Wolf_office_Darleen,125,spike,83.50141860992213,83.50141860992213,83.50141860992213,81.72700313515263
HOW-profile(HoW-cond),Wolf_office_Darleen,125,drift,653.5756699963993,604.7863377683767,298.0756699963992,391.85648079603766
HOW-profile(HoW-cond),Wolf_retail_Harriett,125,drift,407.38698679316815,936.9740776454689,204.17927845983462,332.5194461652417
HOW-profile(HoW-cond),Wolf_retail_Harriett,125,spike,113.73908092832042,103.86908092832041,100.85408092832041,88.75771514131473
HOW-profile(HoW-cond),Wolf_retail_Harriett,125,spike,241.54507678752975,217.43007678752974,205.94382678752973,202.31871100052405
HOW-profile(HoW-cond),Wolf_retail_Harriett,125,drift,2813.4429861476005,3712.395186185518,3676.538523006575,2987.049628409245
HOW-profile(HoW-cond),Wolf_retail_Harriett,125,spike,188.35812793738017,193.01312793738018,193.01312793738018,187.97600600837828
HOW-profile(HoW-cond),Wolf_retail_Harriett,125,spike,68.3812415627187,120.85499156271868,120.85499156271868,110.7807477047149
HOW-profile(HoW-cond),Wolf_retail_Marcella,125,schedule,54.16335719103934,256.93407930123664,241.16210719103935,164.48703306574612
HOW-profile(HoW-cond),Wolf_retail_Marcella,125,drift,849.5865120107323,769.202492081386,633.6940120107324,602.7978088575031
HOW-profile(HoW-cond),Wolf_retail_Marcella,125,schedule,52.692329457659355,274.4917300154551,268.44482945765935,145.0658652857684
HOW-profile(HoW-cond),Wolf_retail_Marcella,125,spike,74.93968467220296,115.13218467220297,115.13218467220297,111.28022441239087
HOW-profile(HoW-cond),Wolf_retail_Marcella,125,drift,127.71859867087753,24.561303995894004,-82.9864013291225,0.0
HOW-profile(HoW-cond),Wolf_retail_Marcella,125,schedule,39.65172435042676,133.63411256795348,106.12297435042677,22.69765708536488
HOW-profile(HoW-cond),Wolf_retail_Toshia,125,spike,436.4490351587483,420.8790351587483,420.8790351587483,405.53588635035084
HOW-profile(HoW-cond),Wolf_retail_Toshia,125,spike,447.8777360003793,430.07773600037933,411.48523600037936,404.5058213197169
HOW-profile(HoW-cond),Wolf_retail_Toshia,125,drift,3069.4324441058966,3330.8431204589597,2812.229944105897,2471.6267871887026
HOW-profile(HoW-cond),Wolf_retail_Toshia,125,drift,939.2136099106452,2413.028309065282,1723.8536099106454,1431.0667853278453
HOW-profile(HoW-cond),Wolf_retail_Toshia,125,drift,842.5686690004807,2196.5462773347026,1923.953669000481,1337.3299440644455
HOW-profile(HoW-cond),Wolf_retail_Toshia,125,drift,5010.699309011548,5967.753784135019,4703.440559011548,4863.047069930402
TOWT(HoW-cond),Fox_education_Henrietta,125,drift,598.5985581659684,945.9143225710046,944.2624144919998,723.0481412595311
TOWT(HoW-cond),Fox_education_Henrietta,125,drift,2400.088564324584,4727.121980381805,4727.121980381805,4281.389617758858
TOWT(HoW-cond),Fox_education_Henrietta,125,drift,540.2119040686758,653.1606314943236,443.12794797122683,118.28179634678725
TOWT(HoW-cond),Fox_education_Henrietta,125,spike,36.0945882773962,59.82661300557044,59.82661300557044,52.39774029518799
TOWT(HoW-cond),Fox_education_Henrietta,125,spike,81.58184989895344,92.13184248673257,92.13184248673257,82.8457515987545
TOWT(HoW-cond),Fox_education_Henrietta,125,spike,38.41518311375407,37.40492746787069,35.36021324851511,28.11883657989263
TOWT(HoW-cond),Fox_retail_Manie,125,schedule,284.449580378533,1039.2233413368403,-662.5650207696197,261.02868710519886
TOWT(HoW-cond),Fox_retail_Manie,125,spike,111.01398628845477,124.51920048647457,124.51920048647457,119.11507094319929
TOWT(HoW-cond),Fox_retail_Manie,125,spike,379.413394761061,579.820805854132,579.820805854132,552.8001581377556
TOWT(HoW-cond),Fox_retail_Manie,125,drift,7865.936876474687,8419.399874214243,7387.834329116984,7122.408783828174
TOWT(HoW-cond),Fox_retail_Manie,125,spike,108.99385831212118,160.21933332454103,160.21933332454103,154.81520378126575
TOWT(HoW-cond),Fox_retail_Manie,125,schedule,405.93068316393874,1474.8772521671856,13.90872186247152,437.28437985833034
TOWT(HoW-cond),Hog_education_Bruno,125,spike,312.75642837070376,343.6246621943409,343.6246621943409,314.9679359154524
TOWT(HoW-cond),Hog_education_Bruno,125,drift,10749.250750571227,9075.355953719169,9008.292984899772,7424.728520055191
TOWT(HoW-cond),Hog_education_Bruno,125,drift,19829.771289727974,22215.20810424354,22215.20810424354,21252.342101272887
TOWT(HoW-cond),Hog_education_Bruno,125,schedule,16.76775248648599,436.1170375145026,139.91495569739695,0.0
TOWT(HoW-cond),Hog_education_Bruno,125,spike,315.77954937997606,326.2724193042276,326.2724193042276,320.5410740484499
TOWT(HoW-cond),Hog_education_Bruno,125,spike,255.52678180948936,342.8729994410819,342.8729994410819,325.6789636737488
TOWT(HoW-cond),Hog_education_Caridad,125,drift,24796.305619986917,29140.750932790095,727.5209843484918,6990.388875411001
TOWT(HoW-cond),Hog_education_Caridad,125,schedule,26454.571203329004,4657.769802466106,-33219.87335228184,0.0
TOWT(HoW-cond),Hog_education_Caridad,125,drift,25166.5028841908,30153.98745440579,30083.497306571655,17848.23075586185
TOWT(HoW-cond),Hog_education_Caridad,125,spike,1405.568272198052,1609.4391950285212,1609.4391950285212,1301.7952775649228
TOWT(HoW-cond),Hog_education_Caridad,125,schedule,1785.4406558020355,885.9909602539321,-100514.34823675241,0.0
TOWT(HoW-cond),Hog_education_Caridad,125,spike,5528.517773563717,6761.474846060311,6761.474846060311,6351.2829561088465
TOWT(HoW-cond),Hog_education_Luvenia,125,drift,22117.776017834374,23140.49258105895,23140.49258105895,21449.556144475006
TOWT(HoW-cond),Hog_education_Luvenia,125,schedule,1307.3753470860104,1014.7179838683137,-111.33694233770149,169.24976557634238
TOWT(HoW-cond),Hog_education_Luvenia,125,spike,817.921750837455,1114.8425658929289,1114.8425658929289,1056.1294951782086
TOWT(HoW-cond),Hog_education_Luvenia,125,spike,344.3924846400242,308.9886029252792,308.9886029252792,297.2459887823352
TOWT(HoW-cond),Hog_education_Luvenia,125,drift,32161.386777319243,37316.16350818278,37316.16350818278,34779.75885330686
TOWT(HoW-cond),Hog_education_Luvenia,125,spike,552.7556680826458,449.52036356110483,443.32729922877655,402.54990698932863
TOWT(HoW-cond),Hog_office_Almeda,125,schedule,1044.874169314801,2616.316845368703,2401.2487497530465,1618.4837933495437
TOWT(HoW-cond),Hog_office_Almeda,125,spike,230.51329091093888,204.34905035473588,204.34905035473588,199.72945289168422
TOWT(HoW-cond),Hog_office_Almeda,125,schedule,551.9775902909631,1857.0479102307086,1652.110718550143,1191.825875551269
TOWT(HoW-cond),Hog_office_Almeda,125,schedule,75.69179760304814,22.071252330145043,-1681.5662239567523,0.0
TOWT(HoW-cond),Hog_office_Almeda,125,drift,2236.5204910795974,1952.5998922922308,1696.009758126916,843.8965011598316
TOWT(HoW-cond),Hog_office_Almeda,125,spike,197.6429583723955,202.4215094957205,202.4215094957205,183.94311964351385
TOWT(HoW-cond),Hog_office_Cortney,125,schedule,8.479006557511866,519.5060452633024,231.47457834833597,281.9446755369705
TOWT(HoW-cond),Hog_office_Cortney,125,spike,679.9732451130769,672.6037973750376,664.6832700266607,665.1800045710897
TOWT(HoW-cond),Hog_office_Cortney,125,schedule,432.95555441297813,84.49866584316769,-3009.991194388246,0.0
TOWT(HoW-cond),Hog_office_Cortney,125,spike,204.3800659532417,198.99330487001745,198.99330487001745,196.5187072687015
TOWT(HoW-cond),Hog_office_Cortney,125,drift,1825.5476711500949,1933.8242271887264,1854.7881407875573,1636.8725150308114
TOWT(HoW-cond),Hog_office_Cortney,125,drift,3889.8111400101625,3402.6036138028726,3257.009753421352,2986.8712167817916
TOWT(HoW-cond),Hog_office_Denita,125,drift,6315.1397327904415,6064.0095579252675,5975.072773260183,5316.797445672661
TOWT(HoW-cond),Hog_office_Denita,125,spike,372.7701261554439,411.8114477112289,411.8114477112289,399.35791250701874
TOWT(HoW-cond),Hog_office_Denita,125,spike,283.0466927443895,300.3171496099469,300.3171496099469,290.9769982067893
TOWT(HoW-cond),Hog_office_Denita,125,spike,270.5505183689115,261.752393764596,252.78148462007493,255.5256261624909
TOWT(HoW-cond),Hog_office_Denita,125,spike,380.94907226615607,350.19709006890287,334.41272907257064,340.85693866574525
TOWT(HoW-cond),Hog_office_Denita,125,spike,697.2933614574519,674.7482696590104,674.0903015775348,659.1813506537477
TOWT(HoW-cond),Hog_office_Garrett,125,spike,497.01771566821037,453.8793180140593,453.8793180140593,423.63815758062486
TOWT(HoW-cond),Hog_office_Garrett,125,spike,476.25508259218657,455.42893778386315,455.42893778386315,425.1877773504287
TOWT(HoW-cond),Hog_office_Garrett,125,spike,2096.455504810596,1809.0252104934941,1714.0009663662922,1688.0605687597563
TOWT(HoW-cond),Hog_office_Garrett,125,drift,12773.126389135547,17001.08670745997,16741.076433581853,13372.147455447834
TOWT(HoW-cond),Hog_office_Garrett,125,drift,51342.3436347032,39251.47683498592,38317.85615085775,31267.810480559223
TOWT(HoW-cond),Hog_office_Garrett,125,spike,1091.7914091283226,1196.6572971612266,1196.6572971612266,1166.416136727792
TOWT(HoW-cond),Hog_office_Lavon,125,spike,3053.2715828107503,2262.836148509516,1906.8890628396287,1957.0400903944924
TOWT(HoW-cond),Hog_office_Lavon,125,drift,2211.8689172691506,13441.89871878472,13105.168741777064,4634.972245072038
TOWT(HoW-cond),Hog_office_Lavon,125,spike,1460.8104946844185,1576.0487346341267,1576.0487346341267,1514.889523011122
TOWT(HoW-cond),Hog_office_Lavon,125,spike,2068.408927771738,3523.744177642669,3523.744177642669,3217.9481195276453
TOWT(HoW-cond),Hog_office_Lavon,125,drift,3815.901282654052,8641.151226402675,2050.8555991311728,0.0
TOWT(HoW-cond),Hog_office_Lavon,125,drift,15595.540216521305,21500.401013338058,21030.752776312092,9757.83238172115
TOWT(HoW-cond),Hog_office_Merilyn,125,spike,67.22808295567438,111.52456300719592,111.52456300719592,101.17450135080314
TOWT(HoW-cond),Hog_office_Merilyn,125,spike,30.613660170820815,35.66168731289747,35.66168731289747,33.591674981618915
TOWT(HoW-cond),Hog_office_Merilyn,125,schedule,26.92700700815443,185.9037629749784,-136.23827586037504,0.0
TOWT(HoW-cond),Hog_office_Merilyn,125,spike,23.39544674447538,18.975948114414788,18.975948114414788,16.90593578313623
TOWT(HoW-cond),Hog_office_Merilyn,125,spike,33.06410441968688,22.732965245964298,19.05595569674934,16.522928252128622
TOWT(HoW-cond),Hog_office_Merilyn,125,spike,42.739964659491385,45.20961912827421,45.20961912827421,43.13960679699566
TOWT(HoW-cond),Hog_office_Miriam,125,schedule,274.8299047126119,293.9292117587531,182.85286530911284,53.07390075753358
TOWT(HoW-cond),Hog_office_Miriam,125,drift,740.5649660234842,712.913889015739,667.1226004170222,532.2724057648243
TOWT(HoW-cond),Hog_office_Miriam,125,spike,60.118896519511196,67.47204490021227,67.47204490021227,64.96313541061623
TOWT(HoW-cond),Hog_office_Miriam,125,drift,3228.040308046265,3202.6393080084104,3179.601144309874,2901.570169256886
TOWT(HoW-cond),Hog_office_Miriam,125,drift,574.7881678564999,432.5965699669696,227.06828731817052,131.52743121544512
TOWT(HoW-cond),Hog_office_Miriam,125,spike,74.05538466666819,70.8193319961566,70.8193319961566,69.56487725135858
TOWT(HoW-cond),Hog_office_Napoleon,125,schedule,1825.4205643773823,1981.7584917692693,1820.1376846274416,792.1112509681889
TOWT(HoW-cond),Hog_office_Napoleon,125,spike,856.9261365765834,1016.7278450135868,1016.7278450135868,981.3216771326023
TOWT(HoW-cond),Hog_office_Napoleon,125,spike,342.60770424165764,343.87998215850536,337.32748981084956,308.47381427752083
TOWT(HoW-cond),Hog_office_Napoleon,125,schedule,783.2068546541666,1211.1757702928785,1146.8002327433985,531.3773469779753
TOWT(HoW-cond),Hog_office_Napoleon,125,spike,241.54001691691545,238.60870351110873,238.60870351110873,224.4462363587149
TOWT(HoW-cond),Hog_office_Napoleon,125,schedule,3.3832195119656636,1748.2574079232882,1074.2450915120069,388.6605612934818
TOWT(HoW-cond),Hog_office_Shawna,125,drift,4581.01767824491,5085.765392093157,4903.203958082111,3845.742377760277
TOWT(HoW-cond),Hog_office_Shawna,125,spike,332.47888321134457,326.3162384239865,310.99243579203676,309.093696558252
TOWT(HoW-cond),Hog_office_Shawna,125,schedule,3204.8763529117205,4199.728429122108,4004.3852751982085,2753.034912400414
TOWT(HoW-cond),Hog_office_Shawna,125,spike,659.6621460362825,708.3321802190195,708.3321802190195,699.7209092861523
TOWT(HoW-cond),Hog_office_Shawna,125,spike,995.2031409847842,1017.5022570603714,1017.5022570603714,991.6684442617698
TOWT(HoW-cond),Hog_office_Shawna,125,spike,291.51041674021275,292.81131198094863,292.81131198094863,275.5887701152142
TOWT(HoW-cond),Hog_office_Shawnna,125,spike,579.7146900218349,658.5995000258187,658.5995000258187,619.531087102396
TOWT(HoW-cond),Hog_office_Shawnna,125,schedule,860.903122068736,2873.6546924965237,2263.191522655012,998.370872172238
TOWT(HoW-cond),Hog_office_Shawnna,125,spike,1263.975074420967,1157.341214727443,1064.4193177324223,1098.738595342309
TOWT(HoW-cond),Hog_office_Shawnna,125,schedule,1759.7279450535848,1617.4767999846845,-1279.6657688648563,0.0
TOWT(HoW-cond),Hog_office_Shawnna,125,spike,840.1210646996985,815.1025785492262,815.1025785492262,736.965752702381
TOWT(HoW-cond),Hog_office_Shawnna,125,schedule,397.874705104555,1239.9794816437934,-3584.8865784197706,0.0
TOWT(HoW-cond),Hog_office_Sherrie,125,spike,107.88363979132309,117.46319552922398,117.46319552922398,115.20450263801007
TOWT(HoW-cond),Hog_office_Sherrie,125,spike,320.0357796466335,361.41931988735075,361.41931988735075,352.3845483224951
TOWT(HoW-cond),Hog_office_Sherrie,125,drift,1176.5719930238233,1624.226239734387,1624.226239734387,1353.1830927887172
TOWT(HoW-cond),Hog_office_Sherrie,125,schedule,13.457790522136015,235.24888251721694,-12.160219321483137,18.414364960681098
TOWT(HoW-cond),Hog_office_Sherrie,125,spike,212.24493076145416,208.43757616083363,205.3370059319999,197.14411170476404
TOWT(HoW-cond),Hog_office_Sherrie,125,schedule,31.128764828247803,535.1661242334881,229.95928712188953,47.288459731282444
TOWT(HoW-cond),Hog_office_Shon,125,spike,97.26023092668142,90.6508482870615,84.19132316149093,80.43436250266689
TOWT(HoW-cond),Hog_office_Shon,125,drift,12101.633138171115,12263.486789892333,12175.0622902368,10669.715007526771
TOWT(HoW-cond),Hog_office_Shon,125,drift,9491.396401500355,8774.000885201802,8592.431053424254,7670.620420487182
TOWT(HoW-cond),Hog_office_Shon,125,drift,13558.17408813101,13882.154870062792,13873.4195862856,12656.176575935437
TOWT(HoW-cond),Hog_office_Shon,125,drift,3049.0686924011943,3080.0037893808408,3055.475602727014,2221.818983491692
TOWT(HoW-cond),Hog_office_Shon,125,spike,287.1406084253411,278.3694370303376,278.3694370303376,273.2611941381403
TOWT(HoW-cond),Hog_office_Sydney,125,spike,191.4336743613265,165.8582960014588,155.47339182975065,145.95430334437793
TOWT(HoW-cond),Hog_office_Sydney,125,drift,2925.8063625232526,3005.2631932260383,2928.109068325173,2527.567369456098
TOWT(HoW-cond),Hog_office_Sydney,125,drift,32395.681663496915,28756.012423156953,28332.673509593253,27514.003281355108
TOWT(HoW-cond),Hog_office_Sydney,125,spike,384.23774745484377,344.1273464525379,331.53461780973964,324.22335379545706
TOWT(HoW-cond),Hog_office_Sydney,125,spike,121.62422362076859,129.59189801349567,129.59189801349567,121.63030095066333
TOWT(HoW-cond),Hog_office_Sydney,125,spike,189.96004928123833,195.90175721243878,192.529706345718,187.94016014960644
TOWT(HoW-cond),Hog_office_Valda,125,drift,1760.9761103458088,2968.730735487577,2955.474118766464,2496.2973484721065
TOWT(HoW-cond),Hog_office_Valda,125,drift,2132.6749139695894,2576.0869033431536,2576.0869033431536,2285.3586651797873
TOWT(HoW-cond),Hog_office_Valda,125,spike,58.171822816359274,56.004593469920096,54.215575271242244,52.97617432238503
TOWT(HoW-cond),Hog_office_Valda,125,drift,280.5367410103387,192.37046546521552,-103.0087494436866,0.0
TOWT(HoW-cond),Hog_office_Valda,125,spike,65.18675585885163,73.0091917659161,73.0091917659161,68.4665630446135
TOWT(HoW-cond),Hog_office_Valda,125,spike,72.81999331760733,78.36939711297103,77.8341437451104,73.82676839166842
TOWT(HoW-cond),Lamb_education_Armando,125,drift,904.6723238745834,4322.763566708803,4103.376347495915,3093.9530955235196
TOWT(HoW-cond),Lamb_education_Armando,125,spike,520.6153725558952,483.4105048496413,468.6011857955276,462.9303303298866
TOWT(HoW-cond),Lamb_education_Armando,125,drift,3860.576313779388,4816.701694905471,2168.727165432697,3465.0101766016596
TOWT(HoW-cond),Lamb_education_Armando,125,spike,275.5897765531901,328.8465459651226,328.8465459651226,313.4864150753065
TOWT(HoW-cond),Lamb_education_Armando,125,spike,430.0272865574996,424.32017516440055,424.32017516440055,419.2001315344619
TOWT(HoW-cond),Lamb_education_Armando,125,spike,432.3378584456088,455.02097364599587,455.02097364599587,444.7808863861185
TOWT(HoW-cond),Lamb_education_Eula,125,spike,7.2204594944024,6.948782499218525,6.948782499218525,6.765633374921016
TOWT(HoW-cond),Lamb_education_Eula,125,spike,12.352700755739706,11.940555379752801,11.666643564722467,11.391108006860277
TOWT(HoW-cond),Lamb_education_Eula,125,drift,107.43897173360656,352.8279855959101,347.7056832964517,313.26777474764833
TOWT(HoW-cond),Lamb_education_Eula,125,spike,11.847483646017526,11.279098044616582,11.050828313545933,10.729650671724057
TOWT(HoW-cond),Lamb_education_Eula,125,spike,6.94078038385251,6.864459710872895,6.864459710872895,6.681310586575386
TOWT(HoW-cond),Lamb_education_Eula,125,spike,6.7498187085270915,12.287114439302464,12.287114439302464,11.920816190707447
TOWT(HoW-cond),Lamb_education_Lazaro,125,drift,679.5843723798425,92.77034377444018,-3776.269316841529,0.0
TOWT(HoW-cond),Lamb_education_Lazaro,125,spike,199.02676030251615,234.38740895435598,234.38740895435598,201.60316485968744
TOWT(HoW-cond),Lamb_education_Lazaro,125,drift,608.1370570542234,2463.738229410379,2463.738229410379,1480.210906570323
TOWT(HoW-cond),Lamb_education_Lazaro,125,schedule,1340.0668601331145,484.7156031952567,-2544.8328341172137,0.0
TOWT(HoW-cond),Lamb_education_Lazaro,125,schedule,295.31902645981654,766.5528107913021,-1575.4103596784253,0.0
TOWT(HoW-cond),Lamb_education_Lazaro,125,spike,438.5333684411504,364.3284249427932,317.6211018783778,339.7402418717918
TOWT(HoW-cond),Lamb_education_Lucas,125,drift,44.430473400545154,245.07415013897037,142.13038822715603,162.28825519501405
TOWT(HoW-cond),Lamb_education_Lucas,125,spike,40.98769218688992,38.65361081860941,38.15721016361873,37.17529126603876
TOWT(HoW-cond),Lamb_education_Lucas,125,spike,124.75394431378707,122.84512287406747,121.24081329335218,120.8740301373066
TOWT(HoW-cond),Lamb_education_Lucas,125,drift,463.29103167116466,705.8117723640597,651.8237144161508,575.7196517378427
TOWT(HoW-cond),Lamb_education_Lucas,125,drift,97.49477022361795,345.4855331717107,291.4815294615091,250.87308180718918
TOWT(HoW-cond),Lamb_education_Lucas,125,drift,117.22433174609765,213.61613119550287,-324.27210773474627,107.17712341041617
TOWT(HoW-cond),Lamb_education_Mae,125,drift,1443.3927288465475,1062.4678462047489,-956.2280572226455,161.0356656942297
TOWT(HoW-cond),Lamb_education_Mae,125,spike,439.88992240202737,434.5844165236271,434.5844165236271,404.5366771732765
TOWT(HoW-cond),Lamb_education_Mae,125,spike,413.9739990629172,358.26333207351996,358.26333207351996,350.7513972359323
TOWT(HoW-cond),Lamb_education_Mae,125,schedule,6.69251278102152,1376.9938503686235,1228.4351686417765,836.134542062312
TOWT(HoW-cond),Lamb_education_Mae,125,drift,2506.240240079557,4620.018102355906,4278.481940162128,2817.153741334868
TOWT(HoW-cond),Lamb_education_Mae,125,spike,841.557992119025,870.8986738506823,870.8986738506823,833.338999662744
TOWT(HoW-cond),Lamb_education_Williams,125,drift,431.8890048490721,1970.4786648487673,1943.3051581412626,1451.4431019472813
TOWT(HoW-cond),Lamb_education_Williams,125,drift,2030.5082810536642,3538.3721019850286,3533.7294064945318,2796.8927264114773
TOWT(HoW-cond),Lamb_education_Williams,125,spike,205.64093225785726,228.44578329870194,228.44578329870194,222.26678850225568
TOWT(HoW-cond),Lamb_education_Williams,125,spike,233.39598361089998,224.60458410424417,218.96158606699106,215.33609190957478
TOWT(HoW-cond),Lamb_education_Williams,125,schedule,460.5784731650495,53.240113892099835,-3282.5953025322115,0.0
TOWT(HoW-cond),Lamb_education_Williams,125,drift,631.9116321838826,313.0876851135615,-2337.11490935277,0.0
TOWT(HoW-cond),Lamb_office_Caitlin,125,spike,180.6922829058492,8.500036655824289,-199.31670305508,0.0
TOWT(HoW-cond),Lamb_office_Caitlin,125,spike,122.1565021221314,131.0425787559275,131.0425787559275,120.58777863262563
TOWT(HoW-cond),Lamb_office_Caitlin,125,schedule,13.431040709532962,0.0,-3694.4609008435064,0.0
TOWT(HoW-cond),Lamb_office_Caitlin,125,spike,84.41559833196992,0.0,-110.49209367331467,0.0
TOWT(HoW-cond),Lamb_office_Caitlin,125,drift,173.78614754734792,0.0,-8563.96336229131,0.0
TOWT(HoW-cond),Lamb_office_Caitlin,125,drift,911.4017366571402,0.0,-9068.447831475909,0.0
TOWT(HoW-cond),Lamb_office_Velma,125,drift,11531.344202363198,14921.662925866283,14921.662925866283,12910.781261413289
TOWT(HoW-cond),Lamb_office_Velma,125,drift,1694.136946978436,4357.952565972933,4236.670264832243,3078.3005976846634
TOWT(HoW-cond),Lamb_office_Velma,125,drift,25866.605814655755,26872.88294592368,26865.65812754134,24679.193857429505
TOWT(HoW-cond),Lamb_office_Velma,125,schedule,901.9816008525459,1001.5985429150264,809.0555868745294,453.17627079148235
TOWT(HoW-cond),Lamb_office_Velma,125,spike,486.13591267083405,608.0546907656372,608.0546907656372,577.5867867587737
TOWT(HoW-cond),Lamb_office_Velma,125,schedule,322.72392264067025,2013.489826915246,-107.35729598554008,551.0304345857953
TOWT(HoW-cond),Rat_retail_Jeffrey,125,drift,3683.3403690303307,5892.1767872955525,5820.33555295078,4305.85459379251
TOWT(HoW-cond),Rat_retail_Jeffrey,125,schedule,981.962425425242,1964.3046402955,1617.1014849711855,1038.9500274187249
TOWT(HoW-cond),Rat_retail_Jeffrey,125,spike,71.14463859529044,104.99737506074102,104.99737506074102,93.98124871696989
TOWT(HoW-cond),Rat_retail_Jeffrey,125,spike,236.10275981052712,289.5690213308167,289.5690213308167,262.0287054713889
TOWT(HoW-cond),Rat_retail_Jeffrey,125,spike,160.34177061970212,148.34100909917984,138.12193951162362,137.3248827554087
TOWT(HoW-cond),Rat_retail_Jeffrey,125,spike,139.4611817724224,138.61070144164597,138.61070144164597,133.1026382697604
TOWT(HoW-cond),Robin_education_Zenia,125,schedule,1221.8326744633548,14722.71611858252,14722.71611858252,12780.921847962507
TOWT(HoW-cond),Robin_education_Zenia,125,drift,2100.1254110666678,10523.987136871263,10523.987136871263,9445.212542082367
TOWT(HoW-cond),Robin_education_Zenia,125,spike,391.44900124433565,593.6555077633277,593.6555077633277,566.6861428936053
TOWT(HoW-cond),Robin_education_Zenia,125,spike,202.65121879629663,249.54870131220665,249.54870131220665,240.55891302229918
TOWT(HoW-cond),Robin_education_Zenia,125,spike,651.8508931335659,926.4251823740146,926.4251823740146,881.4762409244772
TOWT(HoW-cond),Robin_education_Zenia,125,drift,7018.39135260816,20497.915087402802,20497.915087402802,18556.120816782786
TOWT(HoW-cond),Robin_office_Dina,125,spike,39.1022694351812,28.113416023614356,15.436691022967388,24.4170577498319
TOWT(HoW-cond),Robin_office_Dina,125,spike,75.51796794738951,93.99003801130911,93.99003801130911,88.44550060063543
TOWT(HoW-cond),Robin_office_Dina,125,drift,2637.2662061178125,3307.840412479584,3289.397577796027,2997.3463174818576
TOWT(HoW-cond),Robin_office_Dina,125,drift,1099.758793489123,1526.8962793979867,1424.676345519031,1083.333286544092
TOWT(HoW-cond),Robin_office_Dina,125,spike,34.19400504871101,32.05450287212878,30.106991039989794,28.358144598346325
TOWT(HoW-cond),Robin_office_Dina,125,spike,94.67854658591658,90.16753119607834,86.09499616174045,86.47117292229589
TOWT(HoW-cond),Robin_office_Sammie,125,drift,841.9997581450713,97.37522921711705,-1887.8323267544326,0.0
TOWT(HoW-cond),Robin_office_Sammie,125,drift,9581.709311236431,9690.40039022791,9385.45293693539,8005.748983189746
TOWT(HoW-cond),Robin_office_Sammie,125,schedule,1922.5757180762594,977.601699709565,180.405424230162,0.0
TOWT(HoW-cond),Robin_office_Sammie,125,drift,13932.256565202417,10872.99811651672,10671.319739725099,9328.734326731736
TOWT(HoW-cond),Robin_office_Sammie,125,drift,3807.589248566563,3883.6271403427413,3880.594751447672,3181.6890540768395
TOWT(HoW-cond),Robin_office_Sammie,125,drift,8953.762898788209,7527.784941426715,7473.934723637573,6404.684003401272
TOWT(HoW-cond),Shrew_office_Doris,125,spike,438.4235387510678,306.2057538030708,224.13333235624648,280.28415915719756
TOWT(HoW-cond),Shrew_office_Doris,125,drift,16799.09479739034,18241.54134529423,18127.65429526534,16686.245666541836
TOWT(HoW-cond),Shrew_office_Doris,125,drift,8622.393010842425,8643.515791284986,8616.947139059685,7554.80881615831
TOWT(HoW-cond),Shrew_office_Doris,125,spike,524.0467404579867,586.9658876796119,586.9658876796119,567.5246916952069
TOWT(HoW-cond),Shrew_office_Doris,125,spike,613.3828341873266,626.9264545274948,626.9264545274948,601.0048598816215
TOWT(HoW-cond),Shrew_office_Doris,125,spike,817.4530199935923,801.198404787461,791.189220226114,768.7964114801194
TOWT(HoW-cond),Shrew_office_Ila,125,drift,8092.2630891555,7731.862266090757,7713.119557836561,7189.700033151319
TOWT(HoW-cond),Shrew_office_Ila,125,drift,12037.258840181286,12630.749924138681,12630.749924138681,11998.227319042671
TOWT(HoW-cond),Shrew_office_Ila,125,spike,363.82611180846686,375.4293948637113,375.4293948637113,356.604317331092
TOWT(HoW-cond),Shrew_office_Ila,125,drift,12957.90945118457,11477.254804513692,11204.027053167856,10573.651082947963
TOWT(HoW-cond),Shrew_office_Ila,125,schedule,421.3858559237735,1188.1358310975886,933.0483618475795,465.2528538450057
TOWT(HoW-cond),Shrew_office_Ila,125,schedule,965.7284850764911,2536.859402130691,2486.5110269015363,1813.976424878108
TOWT(HoW-cond),Shrew_office_Kenneth,125,spike,37.49559363344386,18.004996977126748,18.004996977126748,14.501390684784587
TOWT(HoW-cond),Shrew_office_Kenneth,125,spike,107.92377169233482,97.18944834618051,80.62331691748722,90.18223576149619
TOWT(HoW-cond),Shrew_office_Kenneth,125,spike,176.82601251107485,196.46758340844036,196.46758340844036,182.4531582390717
TOWT(HoW-cond),Shrew_office_Kenneth,125,drift,1280.2181063696082,160.0774814991932,-567.6938487870082,0.0
TOWT(HoW-cond),Shrew_office_Kenneth,125,spike,32.97755570930851,32.15827581555132,32.15827581555132,28.654669523209158
TOWT(HoW-cond),Shrew_office_Kenneth,125,drift,2128.875852557867,597.8970076313755,83.19568667635309,9.29115051789256
TOWT(HoW-cond),Shrew_office_Nora,125,spike,533.0891825585595,505.1859702296673,500.54568964335226,488.2245583187543
TOWT(HoW-cond),Shrew_office_Nora,125,schedule,2981.023794672533,2836.6649619186774,2300.6367647877787,2022.5171901948534
TOWT(HoW-cond),Shrew_office_Nora,125,spike,512.4936999745446,472.1399891749991,461.5687517313162,450.9382242863578
TOWT(HoW-cond),Shrew_office_Nora,125,drift,8720.76403198205,9541.849988839564,9510.108671312886,8931.239160046696
TOWT(HoW-cond),Shrew_office_Nora,125,drift,5538.294768080046,7052.606589211797,6896.275198438401,6136.690346022495
TOWT(HoW-cond),Shrew_office_Nora,125,spike,584.0091646070908,657.2997530056318,657.2997530056318,636.0979881169906
TOWT(HoW-cond),Shrew_office_Sherill,125,drift,6154.903042607274,5976.274265436876,5570.418748392619,4260.084700350653
TOWT(HoW-cond),Shrew_office_Sherill,125,drift,15584.728581219393,15052.936766874007,13438.185114679283,12573.996283971685
TOWT(HoW-cond),Shrew_office_Sherill,125,spike,1659.3641878329586,1636.5175412617727,1635.4969681896398,1604.7362530194353
TOWT(HoW-cond),Shrew_office_Sherill,125,drift,12838.608090591768,15917.721121110926,15645.564592700048,13629.46836766263
TOWT(HoW-cond),Shrew_office_Sherill,125,spike,742.7763700713136,822.1953128735047,818.0267923217577,790.4140246311672
TOWT(HoW-cond),Shrew_office_Sherill,125,spike,1192.8569303110821,1190.4926349024418,1190.4926349024418,1166.6566687206887
TOWT(HoW-cond),Wolf_office_Darleen,125,spike,99.16450495826523,106.44284976196496,106.44284976196496,102.23275355829318
TOWT(HoW-cond),Wolf_office_Darleen,125,spike,246.32410982455139,180.27633563990685,156.47918977941782,169.7510951307274
TOWT(HoW-cond),Wolf_office_Darleen,125,drift,603.1866924908074,1040.4957140270487,678.6135079816968,787.8899418067422
TOWT(HoW-cond),Wolf_office_Darleen,125,drift,4447.357799361156,5228.078641875776,4863.108350480049,4621.82478854704
TOWT(HoW-cond),Wolf_office_Darleen,125,spike,83.50141860992213,84.07076041412438,84.07076041412438,81.96571231228849
TOWT(HoW-cond),Wolf_office_Darleen,125,drift,653.5756699963993,580.4815227881575,264.5000576678586,327.8757505678509
TOWT(HoW-cond),Wolf_retail_Harriett,125,drift,407.38698679316815,947.2062451993995,241.28988170646926,298.1817585325899
TOWT(HoW-cond),Wolf_retail_Harriett,125,spike,113.73908092832042,99.85934378084274,95.17950903894886,83.63373161417249
TOWT(HoW-cond),Wolf_retail_Harriett,125,spike,241.54507678752975,215.00336037327833,201.06143258691654,198.7777482066081
TOWT(HoW-cond),Wolf_retail_Harriett,125,drift,2813.4429861476005,3396.891298054241,3321.838271204145,2618.0619140540693
TOWT(HoW-cond),Wolf_retail_Harriett,125,spike,188.35812793738017,191.9773189406067,191.9773189406067,186.56878155171663
TOWT(HoW-cond),Wolf_retail_Harriett,125,spike,68.3812415627187,117.97421700620023,117.97421700620023,107.15714222842007
TOWT(HoW-cond),Wolf_retail_Marcella,125,schedule,54.16335719103934,216.97006033124944,173.74236745780834,132.32436673175414
TOWT(HoW-cond),Wolf_retail_Marcella,125,drift,849.5865120107323,733.6737349840096,594.8776930796625,581.3114865049181
TOWT(HoW-cond),Wolf_retail_Marcella,125,schedule,52.692329457659355,222.2678935108662,193.02736014139077,103.7639224715728
TOWT(HoW-cond),Wolf_retail_Marcella,125,spike,74.93968467220296,114.53884665763853,114.53884665763853,111.01194275765955
TOWT(HoW-cond),Wolf_retail_Marcella,125,drift,127.71859867087753,26.16548580164728,-121.90570295183517,0.0
TOWT(HoW-cond),Wolf_retail_Marcella,125,schedule,39.65172435042676,105.9560926222434,57.24575029795084,4.381260302849071
TOWT(HoW-cond),Wolf_retail_Toshia,125,spike,436.4490351587483,477.86810068414513,477.86810068414513,452.82012293416886
TOWT(HoW-cond),Wolf_retail_Toshia,125,spike,447.8777360003793,411.9945147672787,391.3818249469169,370.2478851839849
TOWT(HoW-cond),Wolf_retail_Toshia,125,drift,3069.4324441058966,4060.513467392608,3538.506275253684,2657.826713393937
TOWT(HoW-cond),Wolf_retail_Toshia,125,drift,939.2136099106452,3309.2308152032792,2201.8105623862302,1706.1602392047976
TOWT(HoW-cond),Wolf_retail_Toshia,125,drift,842.5686690004807,2868.2554107348415,2060.1604838721887,1465.5686567361702
TOWT(HoW-cond),Wolf_retail_Toshia,125,drift,5010.699309011548,6450.476299504961,5155.727350974572,4647.02190150667
