model,building_id,seed,type,severity,severity_name,duration_h,true_kwh,detected,delay_h,range_cov
PatchTST-SSL(HoW-cond),B01,123,spike,3,obvious,3,497.34291070952565,False,,0.0
PatchTST-SSL(HoW-cond),B01,123,spike,1,subtle,2,179.84578347030796,True,1.0,0.5
PatchTST-SSL(HoW-cond),B01,123,drift,3,obvious,216,8875.245420283012,True,11.0,0.5787037037037037
PatchTST-SSL(HoW-cond),B01,123,schedule,3,obvious,72,27.87125320317635,False,,0.0
PatchTST-SSL(HoW-cond),B01,123,spike,3,obvious,4,744.4145646655678,True,0.0,1.0
PatchTST-SSL(HoW-cond),B01,123,spike,2,moderate,3,321.93822595040797,True,1.0,0.6666666666666666
PatchTST-SSL(global-MAD),B01,123,spike,3,obvious,3,497.34291070952565,False,,0.0
PatchTST-SSL(global-MAD),B01,123,spike,1,subtle,2,179.84578347030796,True,1.0,0.5
PatchTST-SSL(global-MAD),B01,123,drift,3,obvious,216,8875.245420283012,True,120.0,0.2546296296296296
PatchTST-SSL(global-MAD),B01,123,schedule,3,obvious,72,27.87125320317635,False,,0.0
PatchTST-SSL(global-MAD),B01,123,spike,3,obvious,4,744.4145646655678,True,2.0,0.5
PatchTST-SSL(global-MAD),B01,123,spike,2,moderate,3,321.93822595040797,True,2.0,0.3333333333333333
HOW-profile(HoW-cond),B01,123,spike,3,obvious,3,497.34291070952565,False,,0.0
HOW-profile(HoW-cond),B01,123,spike,1,subtle,2,179.84578347030796,True,1.0,0.5
HOW-profile(HoW-cond),B01,123,drift,3,obvious,216,8875.245420283012,True,44.0,0.5694444444444444
HOW-profile(HoW-cond),B01,123,schedule,3,obvious,72,27.87125320317635,False,,0.0
HOW-profile(HoW-cond),B01,123,spike,3,obvious,4,744.4145646655678,True,1.0,0.75
HOW-profile(HoW-cond),B01,123,spike,2,moderate,3,321.93822595040797,True,1.0,0.6666666666666666
HOW-profile(global-MAD),B01,123,spike,3,obvious,3,497.34291070952565,False,,0.0
HOW-profile(global-MAD),B01,123,spike,1,subtle,2,179.84578347030796,True,1.0,0.5
HOW-profile(global-MAD),B01,123,drift,3,obvious,216,8875.245420283012,True,44.0,0.6296296296296297
HOW-profile(global-MAD),B01,123,schedule,3,obvious,72,27.87125320317635,False,,0.0
HOW-profile(global-MAD),B01,123,spike,3,obvious,4,744.4145646655678,True,1.0,0.75
HOW-profile(global-MAD),B01,123,spike,2,moderate,3,321.93822595040797,True,1.0,0.6666666666666666
PatchTST-SSL(HoD-cond),B01,123,spike,3,obvious,3,497.34291070952565,False,,0.0
PatchTST-SSL(HoD-cond),B01,123,spike,1,subtle,2,179.84578347030796,True,1.0,0.5
PatchTST-SSL(HoD-cond),B01,123,drift,3,obvious,216,8875.245420283012,True,34.0,0.3148148148148148
PatchTST-SSL(HoD-cond),B01,123,schedule,3,obvious,72,27.87125320317635,True,47.0,0.0138888888888888
PatchTST-SSL(HoD-cond),B01,123,spike,3,obvious,4,744.4145646655678,True,2.0,0.5
PatchTST-SSL(HoD-cond),B01,123,spike,2,moderate,3,321.93822595040797,True,1.0,0.6666666666666666
HOW-profile(HoD-cond),B01,123,spike,3,obvious,3,497.34291070952565,False,,0.0
HOW-profile(HoD-cond),B01,123,spike,1,subtle,2,179.84578347030796,True,1.0,0.5
HOW-profile(HoD-cond),B01,123,drift,3,obvious,216,8875.245420283012,True,67.0,0.5370370370370371
HOW-profile(HoD-cond),B01,123,schedule,3,obvious,72,27.87125320317635,False,,0.0
HOW-profile(HoD-cond),B01,123,spike,3,obvious,4,744.4145646655678,True,1.0,0.75
HOW-profile(HoD-cond),B01,123,spike,2,moderate,3,321.93822595040797,True,1.0,0.6666666666666666
TOWT(HoW-cond),B01,123,spike,3,obvious,3,497.34291070952565,False,,0.0
TOWT(HoW-cond),B01,123,spike,1,subtle,2,179.84578347030796,True,1.0,0.5
TOWT(HoW-cond),B01,123,drift,3,obvious,216,8875.245420283012,True,13.0,0.9120370370370372
TOWT(HoW-cond),B01,123,schedule,3,obvious,72,27.87125320317635,False,,0.0
TOWT(HoW-cond),B01,123,spike,3,obvious,4,744.4145646655678,True,1.0,0.75
TOWT(HoW-cond),B01,123,spike,2,moderate,3,321.93822595040797,True,1.0,0.6666666666666666
IsolationForest(t),B01,123,spike,3,obvious,3,497.34291070952565,False,,0.0
IsolationForest(t),B01,123,spike,1,subtle,2,179.84578347030796,True,1.0,0.5
IsolationForest(t),B01,123,drift,3,obvious,216,8875.245420283012,True,25.0,0.1574074074074074
IsolationForest(t),B01,123,schedule,3,obvious,72,27.87125320317635,False,,0.0
IsolationForest(t),B01,123,spike,3,obvious,4,744.4145646655678,True,1.0,0.75
IsolationForest(t),B01,123,spike,2,moderate,3,321.93822595040797,True,1.0,0.6666666666666666
OC-SVM(t),B01,123,spike,3,obvious,3,497.34291070952565,False,,0.0
OC-SVM(t),B01,123,spike,1,subtle,2,179.84578347030796,True,1.0,0.5
OC-SVM(t),B01,123,drift,3,obvious,216,8875.245420283012,True,118.0,0.3148148148148148
OC-SVM(t),B01,123,schedule,3,obvious,72,27.87125320317635,True,38.0,0.0972222222222222
OC-SVM(t),B01,123,spike,3,obvious,4,744.4145646655678,True,1.0,0.75
OC-SVM(t),B01,123,spike,2,moderate,3,321.93822595040797,True,1.0,0.6666666666666666
Autoencoder(t),B01,123,spike,3,obvious,3,497.34291070952565,False,,0.0
Autoencoder(t),B01,123,spike,1,subtle,2,179.84578347030796,True,1.0,0.5
Autoencoder(t),B01,123,drift,3,obvious,216,8875.245420283012,True,9.0,0.4398148148148148
Autoencoder(t),B01,123,schedule,3,obvious,72,27.87125320317635,True,0.0,0.0833333333333333
Autoencoder(t),B01,123,spike,3,obvious,4,744.4145646655678,True,0.0,1.0
Autoencoder(t),B01,123,spike,2,moderate,3,321.93822595040797,True,1.0,0.6666666666666666
LSTM-AE(t),B01,123,spike,3,obvious,3,497.34291070952565,False,,0.0
LSTM-AE(t),B01,123,spike,1,subtle,2,179.84578347030796,False,,0.0
LSTM-AE(t),B01,123,drift,3,obvious,216,8875.245420283012,False,,0.0
LSTM-AE(t),B01,123,schedule,3,obvious,72,27.87125320317635,False,,0.0
LSTM-AE(t),B01,123,spike,3,obvious,4,744.4145646655678,True,0.0,1.0
LSTM-AE(t),B01,123,spike,2,moderate,3,321.93822595040797,True,0.0,1.0
PatchTST-SSL(HoW-cond),B02,123,schedule,3,obvious,96,26.883074651183573,False,,0.0
PatchTST-SSL(HoW-cond),B02,123,drift,1,subtle,192,1810.5205995816657,True,141.0,0.0416666666666666
PatchTST-SSL(HoW-cond),B02,123,spike,3,obvious,2,432.14324114681534,True,1.0,0.5
PatchTST-SSL(HoW-cond),B02,123,drift,3,obvious,240,12167.0147936699,True,5.0,0.8333333333333334
PatchTST-SSL(HoW-cond),B02,123,spike,3,obvious,2,399.66208646331296,True,1.0,0.5
PatchTST-SSL(HoW-cond),B02,123,spike,1,subtle,2,166.83949344909263,False,,0.0
PatchTST-SSL(global-MAD),B02,123,schedule,3,obvious,96,26.883074651183573,False,,0.0
PatchTST-SSL(global-MAD),B02,123,drift,1,subtle,192,1810.5205995816657,False,,0.0
PatchTST-SSL(global-MAD),B02,123,spike,3,obvious,2,432.14324114681534,False,,0.0
PatchTST-SSL(global-MAD),B02,123,drift,3,obvious,240,12167.0147936699,True,60.0,0.4875
PatchTST-SSL(global-MAD),B02,123,spike,3,obvious,2,399.66208646331296,True,1.0,0.5
PatchTST-SSL(global-MAD),B02,123,spike,1,subtle,2,166.83949344909263,False,,0.0
HOW-profile(HoW-cond),B02,123,schedule,3,obvious,96,26.883074651183573,True,9.0,0.125
HOW-profile(HoW-cond),B02,123,drift,1,subtle,192,1810.5205995816657,True,141.0,0.0260416666666666
HOW-profile(HoW-cond),B02,123,spike,3,obvious,2,432.14324114681534,True,1.0,0.5
HOW-profile(HoW-cond),B02,123,drift,3,obvious,240,12167.0147936699,True,15.0,0.8125
HOW-profile(HoW-cond),B02,123,spike,3,obvious,2,399.66208646331296,True,1.0,0.5
HOW-profile(HoW-cond),B02,123,spike,1,subtle,2,166.83949344909263,False,,0.0
HOW-profile(global-MAD),B02,123,schedule,3,obvious,96,26.883074651183573,False,,0.0
HOW-profile(global-MAD),B02,123,drift,1,subtle,192,1810.5205995816657,False,,0.0
HOW-profile(global-MAD),B02,123,spike,3,obvious,2,432.14324114681534,True,1.0,0.5
HOW-profile(global-MAD),B02,123,drift,3,obvious,240,12167.0147936699,True,27.0,0.8291666666666667
HOW-profile(global-MAD),B02,123,spike,3,obvious,2,399.66208646331296,True,1.0,0.5
HOW-profile(global-MAD),B02,123,spike,1,subtle,2,166.83949344909263,False,,0.0
PatchTST-SSL(HoD-cond),B02,123,schedule,3,obvious,96,26.883074651183573,False,,0.0
PatchTST-SSL(HoD-cond),B02,123,drift,1,subtle,192,1810.5205995816657,True,143.0,0.0208333333333333
PatchTST-SSL(HoD-cond),B02,123,spike,3,obvious,2,432.14324114681534,True,1.0,0.5
PatchTST-SSL(HoD-cond),B02,123,drift,3,obvious,240,12167.0147936699,True,25.0,0.5583333333333333
PatchTST-SSL(HoD-cond),B02,123,spike,3,obvious,2,399.66208646331296,True,1.0,0.5
PatchTST-SSL(HoD-cond),B02,123,spike,1,subtle,2,166.83949344909263,False,,0.0
HOW-profile(HoD-cond),B02,123,schedule,3,obvious,96,26.883074651183573,True,21.0,0.0729166666666666
HOW-profile(HoD-cond),B02,123,drift,1,subtle,192,1810.5205995816657,True,141.0,0.015625
HOW-profile(HoD-cond),B02,123,spike,3,obvious,2,432.14324114681534,True,1.0,0.5
HOW-profile(HoD-cond),B02,123,drift,3,obvious,240,12167.0147936699,True,9.0,0.8208333333333333
HOW-profile(HoD-cond),B02,123,spike,3,obvious,2,399.66208646331296,True,1.0,0.5
HOW-profile(HoD-cond),B02,123,spike,1,subtle,2,166.83949344909263,False,,0.0
TOWT(HoW-cond),B02,123,schedule,3,obvious,96,26.883074651183573,True,27.0,0.0208333333333333
TOWT(HoW-cond),B02,123,drift,1,subtle,192,1810.5205995816657,False,,0.0
TOWT(HoW-cond),B02,123,spike,3,obvious,2,432.14324114681534,False,,0.0
TOWT(HoW-cond),B02,123,drift,3,obvious,240,12167.0147936699,True,9.0,0.9208333333333332
TOWT(HoW-cond),B02,123,spike,3,obvious,2,399.66208646331296,True,1.0,0.5
TOWT(HoW-cond),B02,123,spike,1,subtle,2,166.83949344909263,False,,0.0
IsolationForest(t),B02,123,schedule,3,obvious,96,26.883074651183573,True,20.0,0.03125
IsolationForest(t),B02,123,drift,1,subtle,192,1810.5205995816657,True,138.0,0.0364583333333333
IsolationForest(t),B02,123,spike,3,obvious,2,432.14324114681534,False,,0.0
IsolationForest(t),B02,123,drift,3,obvious,240,12167.0147936699,True,37.0,0.1333333333333333
IsolationForest(t),B02,123,spike,3,obvious,2,399.66208646331296,True,1.0,0.5
IsolationForest(t),B02,123,spike,1,subtle,2,166.83949344909263,False,,0.0
OC-SVM(t),B02,123,schedule,3,obvious,96,26.883074651183573,True,19.0,0.0208333333333333
OC-SVM(t),B02,123,drift,1,subtle,192,1810.5205995816657,False,,0.0
OC-SVM(t),B02,123,spike,3,obvious,2,432.14324114681534,True,1.0,0.5
OC-SVM(t),B02,123,drift,3,obvious,240,12167.0147936699,True,40.0,0.6
OC-SVM(t),B02,123,spike,3,obvious,2,399.66208646331296,True,1.0,0.5
OC-SVM(t),B02,123,spike,1,subtle,2,166.83949344909263,False,,0.0
Autoencoder(t),B02,123,schedule,3,obvious,96,26.883074651183573,True,2.0,0.1666666666666666
Autoencoder(t),B02,123,drift,1,subtle,192,1810.5205995816657,True,142.0,0.0833333333333333
Autoencoder(t),B02,123,spike,3,obvious,2,432.14324114681534,True,1.0,0.5
Autoencoder(t),B02,123,drift,3,obvious,240,12167.0147936699,True,4.0,0.7041666666666667
Autoencoder(t),B02,123,spike,3,obvious,2,399.66208646331296,True,1.0,0.5
Autoencoder(t),B02,123,spike,1,subtle,2,166.83949344909263,False,,0.0
LSTM-AE(t),B02,123,schedule,3,obvious,96,26.883074651183573,False,,0.0
LSTM-AE(t),B02,123,drift,1,subtle,192,1810.5205995816657,False,,0.0
LSTM-AE(t),B02,123,spike,3,obvious,2,432.14324114681534,False,,0.0
LSTM-AE(t),B02,123,drift,3,obvious,240,12167.0147936699,True,139.0,0.4208333333333333
LSTM-AE(t),B02,123,spike,3,obvious,2,399.66208646331296,True,0.0,1.0
LSTM-AE(t),B02,123,spike,1,subtle,2,166.83949344909263,False,,0.0
PatchTST-SSL(HoW-cond),B03,123,drift,2,moderate,168,3224.6239174767293,True,10.0,0.4166666666666667
PatchTST-SSL(HoW-cond),B03,123,spike,2,moderate,1,286.27152795795706,True,0.0,1.0
PatchTST-SSL(HoW-cond),B03,123,drift,2,moderate,240,5956.429130147908,True,65.0,0.2458333333333333
PatchTST-SSL(HoW-cond),B03,123,drift,2,moderate,192,4376.668827627771,True,56.0,0.328125
PatchTST-SSL(HoW-cond),B03,123,spike,2,moderate,2,216.6596732411529,True,1.0,0.5
PatchTST-SSL(HoW-cond),B03,123,schedule,3,obvious,216,1394.274641398432,True,19.0,0.3194444444444444
PatchTST-SSL(global-MAD),B03,123,drift,2,moderate,168,3224.6239174767293,False,,0.0
PatchTST-SSL(global-MAD),B03,123,spike,2,moderate,1,286.27152795795706,True,0.0,1.0
PatchTST-SSL(global-MAD),B03,123,drift,2,moderate,240,5956.429130147908,False,,0.0
PatchTST-SSL(global-MAD),B03,123,drift,2,moderate,192,4376.668827627771,False,,0.0
PatchTST-SSL(global-MAD),B03,123,spike,2,moderate,2,216.6596732411529,True,1.0,0.5
PatchTST-SSL(global-MAD),B03,123,schedule,3,obvious,216,1394.274641398432,False,,0.0
HOW-profile(HoW-cond),B03,123,drift,2,moderate,168,3224.6239174767293,True,9.0,0.2857142857142857
HOW-profile(HoW-cond),B03,123,spike,2,moderate,1,286.27152795795706,True,0.0,1.0
HOW-profile(HoW-cond),B03,123,drift,2,moderate,240,5956.429130147908,True,66.0,0.0583333333333333
HOW-profile(HoW-cond),B03,123,drift,2,moderate,192,4376.668827627771,True,63.0,0.2083333333333333
HOW-profile(HoW-cond),B03,123,spike,2,moderate,2,216.6596732411529,True,1.0,0.5
HOW-profile(HoW-cond),B03,123,schedule,3,obvious,216,1394.274641398432,True,20.0,0.0925925925925925
HOW-profile(global-MAD),B03,123,drift,2,moderate,168,3224.6239174767293,True,58.0,0.2559523809523809
HOW-profile(global-MAD),B03,123,spike,2,moderate,1,286.27152795795706,True,0.0,1.0
HOW-profile(global-MAD),B03,123,drift,2,moderate,240,5956.429130147908,True,212.0,0.0291666666666666
HOW-profile(global-MAD),B03,123,drift,2,moderate,192,4376.668827627771,True,107.0,0.2604166666666667
HOW-profile(global-MAD),B03,123,spike,2,moderate,2,216.6596732411529,True,1.0,0.5
HOW-profile(global-MAD),B03,123,schedule,3,obvious,216,1394.274641398432,True,21.0,0.0185185185185185
PatchTST-SSL(HoD-cond),B03,123,drift,2,moderate,168,3224.6239174767293,True,10.0,0.0714285714285714
PatchTST-SSL(HoD-cond),B03,123,spike,2,moderate,1,286.27152795795706,True,0.0,1.0
PatchTST-SSL(HoD-cond),B03,123,drift,2,moderate,240,5956.429130147908,True,207.0,0.0291666666666666
PatchTST-SSL(HoD-cond),B03,123,drift,2,moderate,192,4376.668827627771,True,105.0,0.1510416666666666
PatchTST-SSL(HoD-cond),B03,123,spike,2,moderate,2,216.6596732411529,True,1.0,0.5
PatchTST-SSL(HoD-cond),B03,123,schedule,3,obvious,216,1394.274641398432,True,21.0,0.0555555555555555
HOW-profile(HoD-cond),B03,123,drift,2,moderate,168,3224.6239174767293,True,33.0,0.3095238095238095
HOW-profile(HoD-cond),B03,123,spike,2,moderate,1,286.27152795795706,True,0.0,1.0
HOW-profile(HoD-cond),B03,123,drift,2,moderate,240,5956.429130147908,True,213.0,0.0375
HOW-profile(HoD-cond),B03,123,drift,2,moderate,192,4376.668827627771,True,105.0,0.25
HOW-profile(HoD-cond),B03,123,spike,2,moderate,2,216.6596732411529,True,1.0,0.5
HOW-profile(HoD-cond),B03,123,schedule,3,obvious,216,1394.274641398432,True,20.0,0.0648148148148148
TOWT(HoW-cond),B03,123,drift,2,moderate,168,3224.6239174767293,True,29.0,0.6964285714285714
TOWT(HoW-cond),B03,123,spike,2,moderate,1,286.27152795795706,True,0.0,1.0
TOWT(HoW-cond),B03,123,drift,2,moderate,240,5956.429130147908,False,,0.0
TOWT(HoW-cond),B03,123,drift,2,moderate,192,4376.668827627771,True,165.0,0.1197916666666666
TOWT(HoW-cond),B03,123,spike,2,moderate,2,216.6596732411529,True,1.0,0.5
TOWT(HoW-cond),B03,123,schedule,3,obvious,216,1394.274641398432,True,19.0,0.0648148148148148
IsolationForest(t),B03,123,drift,2,moderate,168,3224.6239174767293,True,49.0,0.1071428571428571
IsolationForest(t),B03,123,spike,2,moderate,1,286.27152795795706,True,0.0,1.0
IsolationForest(t),B03,123,drift,2,moderate,240,5956.429130147908,True,81.0,0.0166666666666666
IsolationForest(t),B03,123,drift,2,moderate,192,4376.668827627771,True,26.0,0.203125
IsolationForest(t),B03,123,spike,2,moderate,2,216.6596732411529,True,1.0,0.5
IsolationForest(t),B03,123,schedule,3,obvious,216,1394.274641398432,False,,0.0
OC-SVM(t),B03,123,drift,2,moderate,168,3224.6239174767293,True,144.0,0.0059523809523809
OC-SVM(t),B03,123,spike,2,moderate,1,286.27152795795706,True,0.0,1.0
OC-SVM(t),B03,123,drift,2,moderate,240,5956.429130147908,True,81.0,0.0875
OC-SVM(t),B03,123,drift,2,moderate,192,4376.668827627771,True,26.0,0.0677083333333333
OC-SVM(t),B03,123,spike,2,moderate,2,216.6596732411529,True,1.0,0.5
OC-SVM(t),B03,123,schedule,3,obvious,216,1394.274641398432,True,130.0,0.0231481481481481
Autoencoder(t),B03,123,drift,2,moderate,168,3224.6239174767293,True,7.0,0.238095238095238
Autoencoder(t),B03,123,spike,2,moderate,1,286.27152795795706,True,0.0,1.0
Autoencoder(t),B03,123,drift,2,moderate,240,5956.429130147908,True,47.0,0.3083333333333333
Autoencoder(t),B03,123,drift,2,moderate,192,4376.668827627771,True,0.0,0.3177083333333333
Autoencoder(t),B03,123,spike,2,moderate,2,216.6596732411529,True,0.0,1.0
Autoencoder(t),B03,123,schedule,3,obvious,216,1394.274641398432,True,16.0,0.2731481481481481
LSTM-AE(t),B03,123,drift,2,moderate,168,3224.6239174767293,False,,0.0
LSTM-AE(t),B03,123,spike,2,moderate,1,286.27152795795706,False,,0.0
LSTM-AE(t),B03,123,drift,2,moderate,240,5956.429130147908,False,,0.0
LSTM-AE(t),B03,123,drift,2,moderate,192,4376.668827627771,False,,0.0
LSTM-AE(t),B03,123,spike,2,moderate,2,216.6596732411529,False,,0.0
LSTM-AE(t),B03,123,schedule,3,obvious,216,1394.274641398432,False,,0.0
PatchTST-SSL(HoW-cond),B04,123,spike,1,subtle,2,158.8795183370243,True,1.0,0.5
PatchTST-SSL(HoW-cond),B04,123,drift,3,obvious,168,4074.555632602709,True,3.0,0.494047619047619
PatchTST-SSL(HoW-cond),B04,123,schedule,1,subtle,144,13.35839995436785,True,13.0,0.1597222222222222
PatchTST-SSL(HoW-cond),B04,123,spike,1,subtle,3,204.68723194651483,True,1.0,0.6666666666666666
PatchTST-SSL(HoW-cond),B04,123,drift,1,subtle,264,1772.042166519933,True,16.0,0.2462121212121212
PatchTST-SSL(HoW-cond),B04,123,drift,3,obvious,144,3009.073486722807,True,1.0,0.4791666666666667
PatchTST-SSL(global-MAD),B04,123,spike,1,subtle,2,158.8795183370243,False,,0.0
PatchTST-SSL(global-MAD),B04,123,drift,3,obvious,168,4074.555632602709,True,104.0,0.0654761904761904
PatchTST-SSL(global-MAD),B04,123,schedule,1,subtle,144,13.35839995436785,False,,0.0
PatchTST-SSL(global-MAD),B04,123,spike,1,subtle,3,204.68723194651483,True,2.0,0.3333333333333333
PatchTST-SSL(global-MAD),B04,123,drift,1,subtle,264,1772.042166519933,False,,0.0
PatchTST-SSL(global-MAD),B04,123,drift,3,obvious,144,3009.073486722807,True,81.0,0.0625
HOW-profile(HoW-cond),B04,123,spike,1,subtle,2,158.8795183370243,True,1.0,0.5
HOW-profile(HoW-cond),B04,123,drift,3,obvious,168,4074.555632602709,True,72.0,0.2321428571428571
HOW-profile(HoW-cond),B04,123,schedule,1,subtle,144,13.35839995436785,False,,0.0
HOW-profile(HoW-cond),B04,123,spike,1,subtle,3,204.68723194651483,True,1.0,0.6666666666666666
HOW-profile(HoW-cond),B04,123,drift,1,subtle,264,1772.042166519933,True,89.0,0.0378787878787878
HOW-profile(HoW-cond),B04,123,drift,3,obvious,144,3009.073486722807,True,29.0,0.2222222222222222
HOW-profile(global-MAD),B04,123,spike,1,subtle,2,158.8795183370243,True,1.0,0.5
HOW-profile(global-MAD),B04,123,drift,3,obvious,168,4074.555632602709,True,49.0,0.3333333333333333
HOW-profile(global-MAD),B04,123,schedule,1,subtle,144,13.35839995436785,False,,0.0
HOW-profile(global-MAD),B04,123,spike,1,subtle,3,204.68723194651483,True,2.0,0.3333333333333333
HOW-profile(global-MAD),B04,123,drift,1,subtle,264,1772.042166519933,True,89.0,0.0037878787878787
HOW-profile(global-MAD),B04,123,drift,3,obvious,144,3009.073486722807,True,48.0,0.2361111111111111
PatchTST-SSL(HoD-cond),B04,123,spike,1,subtle,2,158.8795183370243,False,,0.0
PatchTST-SSL(HoD-cond),B04,123,drift,3,obvious,168,4074.555632602709,True,47.0,0.1904761904761904
PatchTST-SSL(HoD-cond),B04,123,schedule,1,subtle,144,13.35839995436785,True,85.0,0.0138888888888888
PatchTST-SSL(HoD-cond),B04,123,spike,1,subtle,3,204.68723194651483,True,2.0,0.3333333333333333
PatchTST-SSL(HoD-cond),B04,123,drift,1,subtle,264,1772.042166519933,True,65.0,0.034090909090909
PatchTST-SSL(HoD-cond),B04,123,drift,3,obvious,144,3009.073486722807,True,69.0,0.1736111111111111
HOW-profile(HoD-cond),B04,123,spike,1,subtle,2,158.8795183370243,True,1.0,0.5
HOW-profile(HoD-cond),B04,123,drift,3,obvious,168,4074.555632602709,True,55.0,0.2678571428571428
HOW-profile(HoD-cond),B04,123,schedule,1,subtle,144,13.35839995436785,False,,0.0
HOW-profile(HoD-cond),B04,123,spike,1,subtle,3,204.68723194651483,True,1.0,0.6666666666666666
HOW-profile(HoD-cond),B04,123,drift,1,subtle,264,1772.042166519933,True,89.0,0.0227272727272727
HOW-profile(HoD-cond),B04,123,drift,3,obvious,144,3009.073486722807,True,51.0,0.2083333333333333
TOWT(HoW-cond),B04,123,spike,1,subtle,2,158.8795183370243,True,1.0,0.5
TOWT(HoW-cond),B04,123,drift,3,obvious,168,4074.555632602709,True,138.0,0.125
TOWT(HoW-cond),B04,123,schedule,1,subtle,144,13.35839995436785,False,,0.0
TOWT(HoW-cond),B04,123,spike,1,subtle,3,204.68723194651483,True,2.0,0.3333333333333333
TOWT(HoW-cond),B04,123,drift,1,subtle,264,1772.042166519933,True,122.0,0.0946969696969697
TOWT(HoW-cond),B04,123,drift,3,obvious,144,3009.073486722807,True,55.0,0.4930555555555556
IsolationForest(t),B04,123,spike,1,subtle,2,158.8795183370243,True,1.0,0.5
IsolationForest(t),B04,123,drift,3,obvious,168,4074.555632602709,True,54.0,0.3333333333333333
IsolationForest(t),B04,123,schedule,1,subtle,144,13.35839995436785,False,,0.0
IsolationForest(t),B04,123,spike,1,subtle,3,204.68723194651483,True,2.0,0.3333333333333333
IsolationForest(t),B04,123,drift,1,subtle,264,1772.042166519933,True,243.0,0.0075757575757575
IsolationForest(t),B04,123,drift,3,obvious,144,3009.073486722807,True,54.0,0.2430555555555555
OC-SVM(t),B04,123,spike,1,subtle,2,158.8795183370243,True,1.0,0.5
OC-SVM(t),B04,123,drift,3,obvious,168,4074.555632602709,True,56.0,0.1726190476190476
OC-SVM(t),B04,123,schedule,1,subtle,144,13.35839995436785,False,,0.0
OC-SVM(t),B04,123,spike,1,subtle,3,204.68723194651483,True,1.0,0.6666666666666666
OC-SVM(t),B04,123,drift,1,subtle,264,1772.042166519933,False,,0.0
OC-SVM(t),B04,123,drift,3,obvious,144,3009.073486722807,True,57.0,0.0555555555555555
Autoencoder(t),B04,123,spike,1,subtle,2,158.8795183370243,True,1.0,0.5
Autoencoder(t),B04,123,drift,3,obvious,168,4074.555632602709,True,0.0,0.4285714285714285
Autoencoder(t),B04,123,schedule,1,subtle,144,13.35839995436785,True,0.0,0.1736111111111111
Autoencoder(t),B04,123,spike,1,subtle,3,204.68723194651483,True,2.0,0.3333333333333333
Autoencoder(t),B04,123,drift,1,subtle,264,1772.042166519933,True,4.0,0.1818181818181818
Autoencoder(t),B04,123,drift,3,obvious,144,3009.073486722807,True,14.0,0.3055555555555556
LSTM-AE(t),B04,123,spike,1,subtle,2,158.8795183370243,False,,0.0
LSTM-AE(t),B04,123,drift,3,obvious,168,4074.555632602709,True,138.0,0.1785714285714285
LSTM-AE(t),B04,123,schedule,1,subtle,144,13.35839995436785,False,,0.0
LSTM-AE(t),B04,123,spike,1,subtle,3,204.68723194651483,False,,0.0
LSTM-AE(t),B04,123,drift,1,subtle,264,1772.042166519933,False,,0.0
LSTM-AE(t),B04,123,drift,3,obvious,144,3009.073486722807,False,,0.0
PatchTST-SSL(HoW-cond),B05,123,drift,3,obvious,144,2601.8855494330915,True,77.0,0.1041666666666666
PatchTST-SSL(HoW-cond),B05,123,spike,2,moderate,4,467.1332321268848,True,1.0,0.75
PatchTST-SSL(HoW-cond),B05,123,spike,1,subtle,3,280.3165646176297,True,2.0,0.3333333333333333
PatchTST-SSL(HoW-cond),B05,123,drift,3,obvious,168,4256.229223689245,True,102.0,0.2023809523809523
PatchTST-SSL(HoW-cond),B05,123,drift,1,subtle,192,1426.4049895869352,True,151.0,0.0260416666666666
PatchTST-SSL(HoW-cond),B05,123,spike,1,subtle,2,182.54826944803577,True,1.0,0.5
PatchTST-SSL(global-MAD),B05,123,drift,3,obvious,144,2601.8855494330915,False,,0.0
PatchTST-SSL(global-MAD),B05,123,spike,2,moderate,4,467.1332321268848,True,2.0,0.5
PatchTST-SSL(global-MAD),B05,123,spike,1,subtle,3,280.3165646176297,True,2.0,0.3333333333333333
PatchTST-SSL(global-MAD),B05,123,drift,3,obvious,168,4256.229223689245,True,136.0,0.0357142857142857
PatchTST-SSL(global-MAD),B05,123,drift,1,subtle,192,1426.4049895869352,False,,0.0
PatchTST-SSL(global-MAD),B05,123,spike,1,subtle,2,182.54826944803577,True,1.0,0.5
HOW-profile(HoW-cond),B05,123,drift,3,obvious,144,2601.8855494330915,True,133.0,0.0138888888888888
HOW-profile(HoW-cond),B05,123,spike,2,moderate,4,467.1332321268848,True,1.0,0.75
HOW-profile(HoW-cond),B05,123,spike,1,subtle,3,280.3165646176297,True,1.0,0.6666666666666666
HOW-profile(HoW-cond),B05,123,drift,3,obvious,168,4256.229223689245,True,130.0,0.0059523809523809
HOW-profile(HoW-cond),B05,123,drift,1,subtle,192,1426.4049895869352,False,,0.0
HOW-profile(HoW-cond),B05,123,spike,1,subtle,2,182.54826944803577,True,1.0,0.5
HOW-profile(global-MAD),B05,123,drift,3,obvious,144,2601.8855494330915,False,,0.0
HOW-profile(global-MAD),B05,123,spike,2,moderate,4,467.1332321268848,True,1.0,0.75
HOW-profile(global-MAD),B05,123,spike,1,subtle,3,280.3165646176297,True,1.0,0.6666666666666666
HOW-profile(global-MAD),B05,123,drift,3,obvious,168,4256.229223689245,False,,0.0
HOW-profile(global-MAD),B05,123,drift,1,subtle,192,1426.4049895869352,False,,0.0
HOW-profile(global-MAD),B05,123,spike,1,subtle,2,182.54826944803577,True,1.0,0.5
PatchTST-SSL(HoD-cond),B05,123,drift,3,obvious,144,2601.8855494330915,True,77.0,0.0763888888888889
PatchTST-SSL(HoD-cond),B05,123,spike,2,moderate,4,467.1332321268848,True,3.0,0.25
PatchTST-SSL(HoD-cond),B05,123,spike,1,subtle,3,280.3165646176297,True,2.0,0.3333333333333333
PatchTST-SSL(HoD-cond),B05,123,drift,3,obvious,168,4256.229223689245,True,102.0,0.0892857142857142
PatchTST-SSL(HoD-cond),B05,123,drift,1,subtle,192,1426.4049895869352,True,171.0,0.0104166666666666
PatchTST-SSL(HoD-cond),B05,123,spike,1,subtle,2,182.54826944803577,True,1.0,0.5
HOW-profile(HoD-cond),B05,123,drift,3,obvious,144,2601.8855494330915,False,,0.0
HOW-profile(HoD-cond),B05,123,spike,2,moderate,4,467.1332321268848,True,1.0,0.75
HOW-profile(HoD-cond),B05,123,spike,1,subtle,3,280.3165646176297,True,1.0,0.6666666666666666
HOW-profile(HoD-cond),B05,123,drift,3,obvious,168,4256.229223689245,False,,0.0
HOW-profile(HoD-cond),B05,123,drift,1,subtle,192,1426.4049895869352,False,,0.0
HOW-profile(HoD-cond),B05,123,spike,1,subtle,2,182.54826944803577,True,1.0,0.5
TOWT(HoW-cond),B05,123,drift,3,obvious,144,2601.8855494330915,False,,0.0
TOWT(HoW-cond),B05,123,spike,2,moderate,4,467.1332321268848,True,1.0,0.75
TOWT(HoW-cond),B05,123,spike,1,subtle,3,280.3165646176297,True,2.0,0.3333333333333333
TOWT(HoW-cond),B05,123,drift,3,obvious,168,4256.229223689245,True,100.0,0.2083333333333333
TOWT(HoW-cond),B05,123,drift,1,subtle,192,1426.4049895869352,False,,0.0
TOWT(HoW-cond),B05,123,spike,1,subtle,2,182.54826944803577,True,1.0,0.5
IsolationForest(t),B05,123,drift,3,obvious,144,2601.8855494330915,True,109.0,0.0416666666666666
IsolationForest(t),B05,123,spike,2,moderate,4,467.1332321268848,True,1.0,0.75
IsolationForest(t),B05,123,spike,1,subtle,3,280.3165646176297,True,2.0,0.3333333333333333
IsolationForest(t),B05,123,drift,3,obvious,168,4256.229223689245,True,112.0,0.1547619047619047
IsolationForest(t),B05,123,drift,1,subtle,192,1426.4049895869352,True,134.0,0.015625
IsolationForest(t),B05,123,spike,1,subtle,2,182.54826944803577,True,1.0,0.5
OC-SVM(t),B05,123,drift,3,obvious,144,2601.8855494330915,True,88.0,0.0277777777777777
OC-SVM(t),B05,123,spike,2,moderate,4,467.1332321268848,True,2.0,0.5
OC-SVM(t),B05,123,spike,1,subtle,3,280.3165646176297,True,2.0,0.3333333333333333
OC-SVM(t),B05,123,drift,3,obvious,168,4256.229223689245,True,113.0,0.0892857142857142
OC-SVM(t),B05,123,drift,1,subtle,192,1426.4049895869352,True,134.0,0.0104166666666666
OC-SVM(t),B05,123,spike,1,subtle,2,182.54826944803577,True,1.0,0.5
Autoencoder(t),B05,123,drift,3,obvious,144,2601.8855494330915,True,12.0,0.2152777777777778
Autoencoder(t),B05,123,spike,2,moderate,4,467.1332321268848,True,2.0,0.5
Autoencoder(t),B05,123,spike,1,subtle,3,280.3165646176297,True,1.0,0.6666666666666666
Autoencoder(t),B05,123,drift,3,obvious,168,4256.229223689245,True,105.0,0.1011904761904761
Autoencoder(t),B05,123,drift,1,subtle,192,1426.4049895869352,True,3.0,0.171875
Autoencoder(t),B05,123,spike,1,subtle,2,182.54826944803577,True,1.0,0.5
LSTM-AE(t),B05,123,drift,3,obvious,144,2601.8855494330915,False,,0.0
LSTM-AE(t),B05,123,spike,2,moderate,4,467.1332321268848,False,,0.0
LSTM-AE(t),B05,123,spike,1,subtle,3,280.3165646176297,False,,0.0
LSTM-AE(t),B05,123,drift,3,obvious,168,4256.229223689245,False,,0.0
LSTM-AE(t),B05,123,drift,1,subtle,192,1426.4049895869352,False,,0.0
LSTM-AE(t),B05,123,spike,1,subtle,2,182.54826944803577,False,,0.0
PatchTST-SSL(HoW-cond),B06,123,spike,1,subtle,3,253.2653878492382,True,1.0,0.6666666666666666
PatchTST-SSL(HoW-cond),B06,123,drift,2,moderate,264,6362.789555449681,True,14.0,0.5340909090909091
PatchTST-SSL(HoW-cond),B06,123,spike,1,subtle,4,244.12892255933087,True,2.0,0.5
PatchTST-SSL(HoW-cond),B06,123,spike,3,obvious,1,397.573718542429,True,0.0,1.0
PatchTST-SSL(HoW-cond),B06,123,drift,3,obvious,240,8440.999598231956,True,56.0,0.3625
PatchTST-SSL(HoW-cond),B06,123,schedule,3,obvious,72,62.38821596990842,False,,0.0
PatchTST-SSL(global-MAD),B06,123,spike,1,subtle,3,253.2653878492382,True,2.0,0.3333333333333333
PatchTST-SSL(global-MAD),B06,123,drift,2,moderate,264,6362.789555449681,True,122.0,0.0378787878787878
PatchTST-SSL(global-MAD),B06,123,spike,1,subtle,4,244.12892255933087,True,3.0,0.25
PatchTST-SSL(global-MAD),B06,123,spike,3,obvious,1,397.573718542429,True,0.0,1.0
PatchTST-SSL(global-MAD),B06,123,drift,3,obvious,240,8440.999598231956,True,154.0,0.025
PatchTST-SSL(global-MAD),B06,123,schedule,3,obvious,72,62.38821596990842,False,,0.0
HOW-profile(HoW-cond),B06,123,spike,1,subtle,3,253.2653878492382,True,2.0,0.3333333333333333
HOW-profile(HoW-cond),B06,123,drift,2,moderate,264,6362.789555449681,True,62.0,0.3560606060606061
HOW-profile(HoW-cond),B06,123,spike,1,subtle,4,244.12892255933087,True,2.0,0.5
HOW-profile(HoW-cond),B06,123,spike,3,obvious,1,397.573718542429,True,0.0,1.0
HOW-profile(HoW-cond),B06,123,drift,3,obvious,240,8440.999598231956,True,70.0,0.3583333333333333
HOW-profile(HoW-cond),B06,123,schedule,3,obvious,72,62.38821596990842,False,,0.0
HOW-profile(global-MAD),B06,123,spike,1,subtle,3,253.2653878492382,True,2.0,0.3333333333333333
HOW-profile(global-MAD),B06,123,drift,2,moderate,264,6362.789555449681,True,66.0,0.4128787878787879
HOW-profile(global-MAD),B06,123,spike,1,subtle,4,244.12892255933087,True,2.0,0.5
HOW-profile(global-MAD),B06,123,spike,3,obvious,1,397.573718542429,True,0.0,1.0
HOW-profile(global-MAD),B06,123,drift,3,obvious,240,8440.999598231956,True,101.0,0.4
HOW-profile(global-MAD),B06,123,schedule,3,obvious,72,62.38821596990842,False,,0.0
PatchTST-SSL(HoD-cond),B06,123,spike,1,subtle,3,253.2653878492382,True,2.0,0.3333333333333333
PatchTST-SSL(HoD-cond),B06,123,drift,2,moderate,264,6362.789555449681,True,14.0,0.1893939393939394
PatchTST-SSL(HoD-cond),B06,123,spike,1,subtle,4,244.12892255933087,False,,0.0
PatchTST-SSL(HoD-cond),B06,123,spike,3,obvious,1,397.573718542429,True,0.0,1.0
PatchTST-SSL(HoD-cond),B06,123,drift,3,obvious,240,8440.999598231956,True,45.0,0.2
PatchTST-SSL(HoD-cond),B06,123,schedule,3,obvious,72,62.38821596990842,False,,0.0
HOW-profile(HoD-cond),B06,123,spike,1,subtle,3,253.2653878492382,True,2.0,0.3333333333333333
HOW-profile(HoD-cond),B06,123,drift,2,moderate,264,6362.789555449681,True,71.0,0.3371212121212121
HOW-profile(HoD-cond),B06,123,spike,1,subtle,4,244.12892255933087,True,2.0,0.5
HOW-profile(HoD-cond),B06,123,spike,3,obvious,1,397.573718542429,True,0.0,1.0
HOW-profile(HoD-cond),B06,123,drift,3,obvious,240,8440.999598231956,True,103.0,0.3958333333333333
HOW-profile(HoD-cond),B06,123,schedule,3,obvious,72,62.38821596990842,False,,0.0
TOWT(HoW-cond),B06,123,spike,1,subtle,3,253.2653878492382,False,,0.0
TOWT(HoW-cond),B06,123,drift,2,moderate,264,6362.789555449681,True,62.0,0.7196969696969697
TOWT(HoW-cond),B06,123,spike,1,subtle,4,244.12892255933087,True,1.0,0.75
TOWT(HoW-cond),B06,123,spike,3,obvious,1,397.573718542429,True,0.0,1.0
TOWT(HoW-cond),B06,123,drift,3,obvious,240,8440.999598231956,True,198.0,0.1708333333333333
TOWT(HoW-cond),B06,123,schedule,3,obvious,72,62.38821596990842,False,,0.0
IsolationForest(t),B06,123,spike,1,subtle,3,253.2653878492382,True,2.0,0.3333333333333333
IsolationForest(t),B06,123,drift,2,moderate,264,6362.789555449681,True,97.0,0.1477272727272727
IsolationForest(t),B06,123,spike,1,subtle,4,244.12892255933087,True,2.0,0.5
IsolationForest(t),B06,123,spike,3,obvious,1,397.573718542429,True,0.0,1.0
IsolationForest(t),B06,123,drift,3,obvious,240,8440.999598231956,True,34.0,0.0708333333333333
IsolationForest(t),B06,123,schedule,3,obvious,72,62.38821596990842,False,,0.0
OC-SVM(t),B06,123,spike,1,subtle,3,253.2653878492382,True,1.0,0.6666666666666666
OC-SVM(t),B06,123,drift,2,moderate,264,6362.789555449681,True,99.0,0.0833333333333333
OC-SVM(t),B06,123,spike,1,subtle,4,244.12892255933087,True,3.0,0.25
OC-SVM(t),B06,123,spike,3,obvious,1,397.573718542429,True,0.0,1.0
OC-SVM(t),B06,123,drift,3,obvious,240,8440.999598231956,True,19.0,0.3083333333333333
OC-SVM(t),B06,123,schedule,3,obvious,72,62.38821596990842,False,,0.0
Autoencoder(t),B06,123,spike,1,subtle,3,253.2653878492382,True,1.0,0.6666666666666666
Autoencoder(t),B06,123,drift,2,moderate,264,6362.789555449681,True,0.0,0.4166666666666667
Autoencoder(t),B06,123,spike,1,subtle,4,244.12892255933087,True,2.0,0.5
Autoencoder(t),B06,123,spike,3,obvious,1,397.573718542429,True,0.0,1.0
Autoencoder(t),B06,123,drift,3,obvious,240,8440.999598231956,True,6.0,0.4791666666666667
Autoencoder(t),B06,123,schedule,3,obvious,72,62.38821596990842,True,67.0,0.0138888888888888
LSTM-AE(t),B06,123,spike,1,subtle,3,253.2653878492382,False,,0.0
LSTM-AE(t),B06,123,drift,2,moderate,264,6362.789555449681,False,,0.0
LSTM-AE(t),B06,123,spike,1,subtle,4,244.12892255933087,False,,0.0
LSTM-AE(t),B06,123,spike,3,obvious,1,397.573718542429,True,0.0,1.0
LSTM-AE(t),B06,123,drift,3,obvious,240,8440.999598231956,True,210.0,0.125
LSTM-AE(t),B06,123,schedule,3,obvious,72,62.38821596990842,False,,0.0
PatchTST-SSL(HoW-cond),B07,123,schedule,2,moderate,72,743.9941371910626,True,0.0,0.3194444444444444
PatchTST-SSL(HoW-cond),B07,123,schedule,1,subtle,192,812.5997996121457,True,8.0,0.1822916666666666
PatchTST-SSL(HoW-cond),B07,123,schedule,1,subtle,192,526.2194678200767,True,54.0,0.0416666666666666
PatchTST-SSL(HoW-cond),B07,123,schedule,2,moderate,216,2003.992679702065,True,0.0,0.3333333333333333
PatchTST-SSL(HoW-cond),B07,123,drift,3,obvious,312,24919.681437286697,True,22.0,0.5961538461538461
PatchTST-SSL(HoW-cond),B07,123,spike,1,subtle,3,381.0044160672961,True,1.0,0.6666666666666666
PatchTST-SSL(global-MAD),B07,123,schedule,2,moderate,72,743.9941371910626,False,,0.0
PatchTST-SSL(global-MAD),B07,123,schedule,1,subtle,192,812.5997996121457,False,,0.0
PatchTST-SSL(global-MAD),B07,123,schedule,1,subtle,192,526.2194678200767,True,142.0,0.0052083333333333
PatchTST-SSL(global-MAD),B07,123,schedule,2,moderate,216,2003.992679702065,True,66.0,0.0046296296296296
PatchTST-SSL(global-MAD),B07,123,drift,3,obvious,312,24919.681437286697,True,115.0,0.0512820512820512
PatchTST-SSL(global-MAD),B07,123,spike,1,subtle,3,381.0044160672961,True,2.0,0.3333333333333333
HOW-profile(HoW-cond),B07,123,schedule,2,moderate,72,743.9941371910626,True,0.0,0.2222222222222222
HOW-profile(HoW-cond),B07,123,schedule,1,subtle,192,812.5997996121457,True,10.0,0.015625
HOW-profile(HoW-cond),B07,123,schedule,1,subtle,192,526.2194678200767,False,,0.0
HOW-profile(HoW-cond),B07,123,schedule,2,moderate,216,2003.992679702065,True,1.0,0.2314814814814814
HOW-profile(HoW-cond),B07,123,drift,3,obvious,312,24919.681437286697,True,23.0,0.7692307692307693
HOW-profile(HoW-cond),B07,123,spike,1,subtle,3,381.0044160672961,True,1.0,0.6666666666666666
HOW-profile(global-MAD),B07,123,schedule,2,moderate,72,743.9941371910626,True,0.0,0.2638888888888889
HOW-profile(global-MAD),B07,123,schedule,1,subtle,192,812.5997996121457,False,,0.0
HOW-profile(global-MAD),B07,123,schedule,1,subtle,192,526.2194678200767,False,,0.0
HOW-profile(global-MAD),B07,123,schedule,2,moderate,216,2003.992679702065,True,0.0,0.2222222222222222
HOW-profile(global-MAD),B07,123,drift,3,obvious,312,24919.681437286697,True,28.0,0.8237179487179487
HOW-profile(global-MAD),B07,123,spike,1,subtle,3,381.0044160672961,True,1.0,0.6666666666666666
PatchTST-SSL(HoD-cond),B07,123,schedule,2,moderate,72,743.9941371910626,True,22.0,0.0416666666666666
PatchTST-SSL(HoD-cond),B07,123,schedule,1,subtle,192,812.5997996121457,False,,0.0
PatchTST-SSL(HoD-cond),B07,123,schedule,1,subtle,192,526.2194678200767,True,76.0,0.0104166666666666
PatchTST-SSL(HoD-cond),B07,123,schedule,2,moderate,216,2003.992679702065,True,0.0,0.0601851851851851
PatchTST-SSL(HoD-cond),B07,123,drift,3,obvious,312,24919.681437286697,True,71.0,0.2884615384615384
PatchTST-SSL(HoD-cond),B07,123,spike,1,subtle,3,381.0044160672961,True,1.0,0.6666666666666666
HOW-profile(HoD-cond),B07,123,schedule,2,moderate,72,743.9941371910626,True,0.0,0.3055555555555556
HOW-profile(HoD-cond),B07,123,schedule,1,subtle,192,812.5997996121457,True,105.0,0.0104166666666666
HOW-profile(HoD-cond),B07,123,schedule,1,subtle,192,526.2194678200767,False,,0.0
HOW-profile(HoD-cond),B07,123,schedule,2,moderate,216,2003.992679702065,True,0.0,0.2361111111111111
HOW-profile(HoD-cond),B07,123,drift,3,obvious,312,24919.681437286697,True,27.0,0.7884615384615384
HOW-profile(HoD-cond),B07,123,spike,1,subtle,3,381.0044160672961,True,1.0,0.6666666666666666
TOWT(HoW-cond),B07,123,schedule,2,moderate,72,743.9941371910626,True,0.0,0.1527777777777778
TOWT(HoW-cond),B07,123,schedule,1,subtle,192,812.5997996121457,False,,0.0
TOWT(HoW-cond),B07,123,schedule,1,subtle,192,526.2194678200767,True,4.0,0.0104166666666666
TOWT(HoW-cond),B07,123,schedule,2,moderate,216,2003.992679702065,True,6.0,0.25
TOWT(HoW-cond),B07,123,drift,3,obvious,312,24919.681437286697,True,21.0,0.903846153846154
TOWT(HoW-cond),B07,123,spike,1,subtle,3,381.0044160672961,True,1.0,0.6666666666666666
IsolationForest(t),B07,123,schedule,2,moderate,72,743.9941371910626,False,,0.0
IsolationForest(t),B07,123,schedule,1,subtle,192,812.5997996121457,False,,0.0
IsolationForest(t),B07,123,schedule,1,subtle,192,526.2194678200767,True,160.0,0.0104166666666666
IsolationForest(t),B07,123,schedule,2,moderate,216,2003.992679702065,True,66.0,0.0138888888888888
IsolationForest(t),B07,123,drift,3,obvious,312,24919.681437286697,True,18.0,0.2275641025641025
IsolationForest(t),B07,123,spike,1,subtle,3,381.0044160672961,True,2.0,0.3333333333333333
OC-SVM(t),B07,123,schedule,2,moderate,72,743.9941371910626,False,,0.0
OC-SVM(t),B07,123,schedule,1,subtle,192,812.5997996121457,False,,0.0
OC-SVM(t),B07,123,schedule,1,subtle,192,526.2194678200767,False,,0.0
OC-SVM(t),B07,123,schedule,2,moderate,216,2003.992679702065,True,210.0,0.0046296296296296
OC-SVM(t),B07,123,drift,3,obvious,312,24919.681437286697,True,67.0,0.2916666666666667
OC-SVM(t),B07,123,spike,1,subtle,3,381.0044160672961,True,2.0,0.3333333333333333
Autoencoder(t),B07,123,schedule,2,moderate,72,743.9941371910626,True,11.0,0.2222222222222222
Autoencoder(t),B07,123,schedule,1,subtle,192,812.5997996121457,True,16.0,0.1875
Autoencoder(t),B07,123,schedule,1,subtle,192,526.2194678200767,True,11.0,0.2760416666666667
Autoencoder(t),B07,123,schedule,2,moderate,216,2003.992679702065,True,7.0,0.2037037037037037
Autoencoder(t),B07,123,drift,3,obvious,312,24919.681437286697,True,0.0,0.5032051282051282
Autoencoder(t),B07,123,spike,1,subtle,3,381.0044160672961,True,2.0,0.3333333333333333
LSTM-AE(t),B07,123,schedule,2,moderate,72,743.9941371910626,False,,0.0
LSTM-AE(t),B07,123,schedule,1,subtle,192,812.5997996121457,False,,0.0
LSTM-AE(t),B07,123,schedule,1,subtle,192,526.2194678200767,False,,0.0
LSTM-AE(t),B07,123,schedule,2,moderate,216,2003.992679702065,False,,0.0
LSTM-AE(t),B07,123,drift,3,obvious,312,24919.681437286697,True,211.0,0.3237179487179487
LSTM-AE(t),B07,123,spike,1,subtle,3,381.0044160672961,False,,0.0
PatchTST-SSL(HoW-cond),B08,123,drift,1,subtle,120,652.287322822943,True,1.0,0.2416666666666666
PatchTST-SSL(HoW-cond),B08,123,spike,1,subtle,1,111.27193266264538,True,0.0,1.0
PatchTST-SSL(HoW-cond),B08,123,schedule,3,obvious,192,196.9969524235512,False,,0.0
PatchTST-SSL(HoW-cond),B08,123,spike,2,moderate,3,259.0382557519654,True,1.0,0.6666666666666666
PatchTST-SSL(HoW-cond),B08,123,drift,3,obvious,264,14020.490168839036,True,6.0,0.7007575757575758
PatchTST-SSL(HoW-cond),B08,123,spike,3,obvious,1,307.2361662062342,True,0.0,1.0
PatchTST-SSL(global-MAD),B08,123,drift,1,subtle,120,652.287322822943,True,59.0,0.0166666666666666
PatchTST-SSL(global-MAD),B08,123,spike,1,subtle,1,111.27193266264538,True,0.0,1.0
PatchTST-SSL(global-MAD),B08,123,schedule,3,obvious,192,196.9969524235512,False,,0.0
PatchTST-SSL(global-MAD),B08,123,spike,2,moderate,3,259.0382557519654,True,1.0,0.6666666666666666
PatchTST-SSL(global-MAD),B08,123,drift,3,obvious,264,14020.490168839036,True,20.0,0.5909090909090909
PatchTST-SSL(global-MAD),B08,123,spike,3,obvious,1,307.2361662062342,True,0.0,1.0
HOW-profile(HoW-cond),B08,123,drift,1,subtle,120,652.287322822943,True,77.0,0.0416666666666666
HOW-profile(HoW-cond),B08,123,spike,1,subtle,1,111.27193266264538,True,0.0,1.0
HOW-profile(HoW-cond),B08,123,schedule,3,obvious,192,196.9969524235512,False,,0.0
HOW-profile(HoW-cond),B08,123,spike,2,moderate,3,259.0382557519654,True,1.0,0.6666666666666666
HOW-profile(HoW-cond),B08,123,drift,3,obvious,264,14020.490168839036,True,31.0,0.803030303030303
HOW-profile(HoW-cond),B08,123,spike,3,obvious,1,307.2361662062342,True,0.0,1.0
HOW-profile(global-MAD),B08,123,drift,1,subtle,120,652.287322822943,True,96.0,0.0166666666666666
HOW-profile(global-MAD),B08,123,spike,1,subtle,1,111.27193266264538,True,0.0,1.0
HOW-profile(global-MAD),B08,123,schedule,3,obvious,192,196.9969524235512,False,,0.0
HOW-profile(global-MAD),B08,123,spike,2,moderate,3,259.0382557519654,True,1.0,0.6666666666666666
HOW-profile(global-MAD),B08,123,drift,3,obvious,264,14020.490168839036,True,28.0,0.7992424242424242
HOW-profile(global-MAD),B08,123,spike,3,obvious,1,307.2361662062342,True,0.0,1.0
PatchTST-SSL(HoD-cond),B08,123,drift,1,subtle,120,652.287322822943,True,21.0,0.0083333333333333
PatchTST-SSL(HoD-cond),B08,123,spike,1,subtle,1,111.27193266264538,True,0.0,1.0
PatchTST-SSL(HoD-cond),B08,123,schedule,3,obvious,192,196.9969524235512,False,,0.0
PatchTST-SSL(HoD-cond),B08,123,spike,2,moderate,3,259.0382557519654,True,1.0,0.6666666666666666
PatchTST-SSL(HoD-cond),B08,123,drift,3,obvious,264,14020.490168839036,True,28.0,0.6136363636363636
PatchTST-SSL(HoD-cond),B08,123,spike,3,obvious,1,307.2361662062342,True,0.0,1.0
HOW-profile(HoD-cond),B08,123,drift,1,subtle,120,652.287322822943,False,,0.0
HOW-profile(HoD-cond),B08,123,spike,1,subtle,1,111.27193266264538,True,0.0,1.0
HOW-profile(HoD-cond),B08,123,schedule,3,obvious,192,196.9969524235512,False,,0.0
HOW-profile(HoD-cond),B08,123,spike,2,moderate,3,259.0382557519654,True,1.0,0.6666666666666666
HOW-profile(HoD-cond),B08,123,drift,3,obvious,264,14020.490168839036,True,36.0,0.7992424242424242
HOW-profile(HoD-cond),B08,123,spike,3,obvious,1,307.2361662062342,True,0.0,1.0
TOWT(HoW-cond),B08,123,drift,1,subtle,120,652.287322822943,True,89.0,0.1416666666666666
TOWT(HoW-cond),B08,123,spike,1,subtle,1,111.27193266264538,True,0.0,1.0
TOWT(HoW-cond),B08,123,schedule,3,obvious,192,196.9969524235512,False,,0.0
TOWT(HoW-cond),B08,123,spike,2,moderate,3,259.0382557519654,True,1.0,0.6666666666666666
TOWT(HoW-cond),B08,123,drift,3,obvious,264,14020.490168839036,True,37.0,0.8522727272727273
TOWT(HoW-cond),B08,123,spike,3,obvious,1,307.2361662062342,True,0.0,1.0
IsolationForest(t),B08,123,drift,1,subtle,120,652.287322822943,True,64.0,0.025
IsolationForest(t),B08,123,spike,1,subtle,1,111.27193266264538,True,0.0,1.0
IsolationForest(t),B08,123,schedule,3,obvious,192,196.9969524235512,False,,0.0
IsolationForest(t),B08,123,spike,2,moderate,3,259.0382557519654,True,2.0,0.3333333333333333
IsolationForest(t),B08,123,drift,3,obvious,264,14020.490168839036,True,1.0,0.2272727272727272
IsolationForest(t),B08,123,spike,3,obvious,1,307.2361662062342,True,0.0,1.0
OC-SVM(t),B08,123,drift,1,subtle,120,652.287322822943,True,41.0,0.0166666666666666
OC-SVM(t),B08,123,spike,1,subtle,1,111.27193266264538,True,0.0,1.0
OC-SVM(t),B08,123,schedule,3,obvious,192,196.9969524235512,False,,0.0
OC-SVM(t),B08,123,spike,2,moderate,3,259.0382557519654,True,2.0,0.3333333333333333
OC-SVM(t),B08,123,drift,3,obvious,264,14020.490168839036,True,24.0,0.5795454545454546
OC-SVM(t),B08,123,spike,3,obvious,1,307.2361662062342,True,0.0,1.0
Autoencoder(t),B08,123,drift,1,subtle,120,652.287322822943,True,6.0,0.3083333333333333
Autoencoder(t),B08,123,spike,1,subtle,1,111.27193266264538,True,0.0,1.0
Autoencoder(t),B08,123,schedule,3,obvious,192,196.9969524235512,True,0.0,0.1979166666666666
Autoencoder(t),B08,123,spike,2,moderate,3,259.0382557519654,True,2.0,0.3333333333333333
Autoencoder(t),B08,123,drift,3,obvious,264,14020.490168839036,True,1.0,0.678030303030303
Autoencoder(t),B08,123,spike,3,obvious,1,307.2361662062342,True,0.0,1.0
LSTM-AE(t),B08,123,drift,1,subtle,120,652.287322822943,False,,0.0
LSTM-AE(t),B08,123,spike,1,subtle,1,111.27193266264538,False,,0.0
LSTM-AE(t),B08,123,schedule,3,obvious,192,196.9969524235512,False,,0.0
LSTM-AE(t),B08,123,spike,2,moderate,3,259.0382557519654,False,,0.0
LSTM-AE(t),B08,123,drift,3,obvious,264,14020.490168839036,True,97.0,0.6325757575757576
LSTM-AE(t),B08,123,spike,3,obvious,1,307.2361662062342,True,0.0,1.0
PatchTST-SSL(HoW-cond),B01,124,schedule,3,obvious,192,21.925218673578208,True,67.0,0.03125
PatchTST-SSL(HoW-cond),B01,124,spike,3,obvious,4,775.4092873316299,True,1.0,0.75
PatchTST-SSL(HoW-cond),B01,124,spike,1,subtle,5,362.4413275572821,True,0.0,1.0
PatchTST-SSL(HoW-cond),B01,124,schedule,3,obvious,144,639.6930181522698,True,55.0,0.0138888888888888
PatchTST-SSL(HoW-cond),B01,124,drift,1,subtle,216,2388.155200369367,True,54.0,0.2916666666666667
PatchTST-SSL(HoW-cond),B01,124,spike,2,moderate,1,286.5908755164706,True,0.0,1.0
PatchTST-SSL(global-MAD),B01,124,schedule,3,obvious,192,21.925218673578208,True,32.0,0.0625
PatchTST-SSL(global-MAD),B01,124,spike,3,obvious,4,775.4092873316299,True,1.0,0.75
PatchTST-SSL(global-MAD),B01,124,spike,1,subtle,5,362.4413275572821,True,3.0,0.4
PatchTST-SSL(global-MAD),B01,124,schedule,3,obvious,144,639.6930181522698,True,68.0,0.0486111111111111
PatchTST-SSL(global-MAD),B01,124,drift,1,subtle,216,2388.155200369367,True,49.0,0.074074074074074
PatchTST-SSL(global-MAD),B01,124,spike,2,moderate,1,286.5908755164706,True,0.0,1.0
HOW-profile(HoW-cond),B01,124,schedule,3,obvious,192,21.925218673578208,True,18.0,0.0104166666666666
HOW-profile(HoW-cond),B01,124,spike,3,obvious,4,775.4092873316299,True,1.0,0.75
HOW-profile(HoW-cond),B01,124,spike,1,subtle,5,362.4413275572821,True,2.0,0.6
HOW-profile(HoW-cond),B01,124,schedule,3,obvious,144,639.6930181522698,False,,0.0
HOW-profile(HoW-cond),B01,124,drift,1,subtle,216,2388.155200369367,True,81.0,0.0555555555555555
HOW-profile(HoW-cond),B01,124,spike,2,moderate,1,286.5908755164706,True,0.0,1.0
HOW-profile(global-MAD),B01,124,schedule,3,obvious,192,21.925218673578208,False,,0.0
HOW-profile(global-MAD),B01,124,spike,3,obvious,4,775.4092873316299,True,1.0,0.75
HOW-profile(global-MAD),B01,124,spike,1,subtle,5,362.4413275572821,True,2.0,0.6
HOW-profile(global-MAD),B01,124,schedule,3,obvious,144,639.6930181522698,False,,0.0
HOW-profile(global-MAD),B01,124,drift,1,subtle,216,2388.155200369367,True,81.0,0.1111111111111111
HOW-profile(global-MAD),B01,124,spike,2,moderate,1,286.5908755164706,True,0.0,1.0
PatchTST-SSL(HoD-cond),B01,124,schedule,3,obvious,192,21.925218673578208,False,,0.0
PatchTST-SSL(HoD-cond),B01,124,spike,3,obvious,4,775.4092873316299,True,2.0,0.5
PatchTST-SSL(HoD-cond),B01,124,spike,1,subtle,5,362.4413275572821,False,,0.0
PatchTST-SSL(HoD-cond),B01,124,schedule,3,obvious,144,639.6930181522698,False,,0.0
PatchTST-SSL(HoD-cond),B01,124,drift,1,subtle,216,2388.155200369367,True,127.0,0.0555555555555555
PatchTST-SSL(HoD-cond),B01,124,spike,2,moderate,1,286.5908755164706,True,0.0,1.0
HOW-profile(HoD-cond),B01,124,schedule,3,obvious,192,21.925218673578208,False,,0.0
HOW-profile(HoD-cond),B01,124,spike,3,obvious,4,775.4092873316299,True,1.0,0.75
HOW-profile(HoD-cond),B01,124,spike,1,subtle,5,362.4413275572821,True,2.0,0.6
HOW-profile(HoD-cond),B01,124,schedule,3,obvious,144,639.6930181522698,False,,0.0
HOW-profile(HoD-cond),B01,124,drift,1,subtle,216,2388.155200369367,True,159.0,0.0231481481481481
HOW-profile(HoD-cond),B01,124,spike,2,moderate,1,286.5908755164706,True,0.0,1.0
TOWT(HoW-cond),B01,124,schedule,3,obvious,192,21.925218673578208,False,,0.0
TOWT(HoW-cond),B01,124,spike,3,obvious,4,775.4092873316299,True,1.0,0.75
TOWT(HoW-cond),B01,124,spike,1,subtle,5,362.4413275572821,True,1.0,0.8
TOWT(HoW-cond),B01,124,schedule,3,obvious,144,639.6930181522698,False,,0.0
TOWT(HoW-cond),B01,124,drift,1,subtle,216,2388.155200369367,True,70.0,0.4305555555555556
TOWT(HoW-cond),B01,124,spike,2,moderate,1,286.5908755164706,True,0.0,1.0
IsolationForest(t),B01,124,schedule,3,obvious,192,21.925218673578208,True,8.0,0.0729166666666666
IsolationForest(t),B01,124,spike,3,obvious,4,775.4092873316299,True,1.0,0.75
IsolationForest(t),B01,124,spike,1,subtle,5,362.4413275572821,True,2.0,0.6
IsolationForest(t),B01,124,schedule,3,obvious,144,639.6930181522698,False,,0.0
IsolationForest(t),B01,124,drift,1,subtle,216,2388.155200369367,True,139.0,0.037037037037037
IsolationForest(t),B01,124,spike,2,moderate,1,286.5908755164706,True,0.0,1.0
OC-SVM(t),B01,124,schedule,3,obvious,192,21.925218673578208,True,32.0,0.0260416666666666
OC-SVM(t),B01,124,spike,3,obvious,4,775.4092873316299,True,1.0,0.75
OC-SVM(t),B01,124,spike,1,subtle,5,362.4413275572821,True,3.0,0.4
OC-SVM(t),B01,124,schedule,3,obvious,144,639.6930181522698,True,91.0,0.0625
OC-SVM(t),B01,124,drift,1,subtle,216,2388.155200369367,True,139.0,0.0231481481481481
OC-SVM(t),B01,124,spike,2,moderate,1,286.5908755164706,True,0.0,1.0
Autoencoder(t),B01,124,schedule,3,obvious,192,21.925218673578208,True,5.0,0.1145833333333333
Autoencoder(t),B01,124,spike,3,obvious,4,775.4092873316299,True,1.0,0.75
Autoencoder(t),B01,124,spike,1,subtle,5,362.4413275572821,True,1.0,0.8
Autoencoder(t),B01,124,schedule,3,obvious,144,639.6930181522698,True,5.0,0.125
Autoencoder(t),B01,124,drift,1,subtle,216,2388.155200369367,True,52.0,0.2268518518518518
Autoencoder(t),B01,124,spike,2,moderate,1,286.5908755164706,True,0.0,1.0
LSTM-AE(t),B01,124,schedule,3,obvious,192,21.925218673578208,False,,0.0
LSTM-AE(t),B01,124,spike,3,obvious,4,775.4092873316299,True,0.0,1.0
LSTM-AE(t),B01,124,spike,1,subtle,5,362.4413275572821,False,,0.0
LSTM-AE(t),B01,124,schedule,3,obvious,144,639.6930181522698,False,,0.0
LSTM-AE(t),B01,124,drift,1,subtle,216,2388.155200369367,False,,0.0
LSTM-AE(t),B01,124,spike,2,moderate,1,286.5908755164706,True,0.0,1.0
PatchTST-SSL(HoW-cond),B02,124,spike,3,obvious,3,606.7658386739647,True,1.0,0.6666666666666666
PatchTST-SSL(HoW-cond),B02,124,schedule,3,obvious,192,169.20725762602433,True,47.0,0.0260416666666666
PatchTST-SSL(HoW-cond),B02,124,spike,3,obvious,5,1007.4185472080702,True,1.0,0.8
PatchTST-SSL(HoW-cond),B02,124,drift,2,moderate,168,2849.899962032257,True,48.0,0.4642857142857143
PatchTST-SSL(HoW-cond),B02,124,spike,1,subtle,3,261.3888245616696,True,1.0,0.6666666666666666
PatchTST-SSL(HoW-cond),B02,124,schedule,3,obvious,96,47.391507215665584,True,21.0,0.0208333333333333
PatchTST-SSL(global-MAD),B02,124,spike,3,obvious,3,606.7658386739647,True,1.0,0.6666666666666666
PatchTST-SSL(global-MAD),B02,124,schedule,3,obvious,192,169.20725762602433,True,60.0,0.0885416666666666
PatchTST-SSL(global-MAD),B02,124,spike,3,obvious,5,1007.4185472080702,True,1.0,0.8
PatchTST-SSL(global-MAD),B02,124,drift,2,moderate,168,2849.899962032257,True,52.0,0.3333333333333333
PatchTST-SSL(global-MAD),B02,124,spike,1,subtle,3,261.3888245616696,True,1.0,0.6666666666666666
PatchTST-SSL(global-MAD),B02,124,schedule,3,obvious,96,47.391507215665584,False,,0.0
HOW-profile(HoW-cond),B02,124,spike,3,obvious,3,606.7658386739647,True,1.0,0.6666666666666666
HOW-profile(HoW-cond),B02,124,schedule,3,obvious,192,169.20725762602433,True,20.0,0.0885416666666666
HOW-profile(HoW-cond),B02,124,spike,3,obvious,5,1007.4185472080702,True,1.0,0.8
HOW-profile(HoW-cond),B02,124,drift,2,moderate,168,2849.899962032257,True,1.0,0.5297619047619048
HOW-profile(HoW-cond),B02,124,spike,1,subtle,3,261.3888245616696,True,1.0,0.6666666666666666
HOW-profile(HoW-cond),B02,124,schedule,3,obvious,96,47.391507215665584,True,8.0,0.1145833333333333
HOW-profile(global-MAD),B02,124,spike,3,obvious,3,606.7658386739647,True,1.0,0.6666666666666666
HOW-profile(global-MAD),B02,124,schedule,3,obvious,192,169.20725762602433,False,,0.0
HOW-profile(global-MAD),B02,124,spike,3,obvious,5,1007.4185472080702,True,1.0,0.8
HOW-profile(global-MAD),B02,124,drift,2,moderate,168,2849.899962032257,True,47.0,0.5238095238095238
HOW-profile(global-MAD),B02,124,spike,1,subtle,3,261.3888245616696,True,1.0,0.6666666666666666
HOW-profile(global-MAD),B02,124,schedule,3,obvious,96,47.391507215665584,True,23.0,0.03125
PatchTST-SSL(HoD-cond),B02,124,spike,3,obvious,3,606.7658386739647,True,1.0,0.6666666666666666
PatchTST-SSL(HoD-cond),B02,124,schedule,3,obvious,192,169.20725762602433,True,69.0,0.0052083333333333
PatchTST-SSL(HoD-cond),B02,124,spike,3,obvious,5,1007.4185472080702,True,1.0,0.8
PatchTST-SSL(HoD-cond),B02,124,drift,2,moderate,168,2849.899962032257,True,60.0,0.3095238095238095
PatchTST-SSL(HoD-cond),B02,124,spike,1,subtle,3,261.3888245616696,True,1.0,0.6666666666666666
PatchTST-SSL(HoD-cond),B02,124,schedule,3,obvious,96,47.391507215665584,False,,0.0
HOW-profile(HoD-cond),B02,124,spike,3,obvious,3,606.7658386739647,True,1.0,0.6666666666666666
HOW-profile(HoD-cond),B02,124,schedule,3,obvious,192,169.20725762602433,True,21.0,0.0520833333333333
HOW-profile(HoD-cond),B02,124,spike,3,obvious,5,1007.4185472080702,True,1.0,0.8
HOW-profile(HoD-cond),B02,124,drift,2,moderate,168,2849.899962032257,True,12.0,0.6071428571428571
HOW-profile(HoD-cond),B02,124,spike,1,subtle,3,261.3888245616696,True,1.0,0.6666666666666666
HOW-profile(HoD-cond),B02,124,schedule,3,obvious,96,47.391507215665584,True,10.0,0.1041666666666666
TOWT(HoW-cond),B02,124,spike,3,obvious,3,606.7658386739647,True,1.0,0.6666666666666666
TOWT(HoW-cond),B02,124,schedule,3,obvious,192,169.20725762602433,True,21.0,0.0260416666666666
TOWT(HoW-cond),B02,124,spike,3,obvious,5,1007.4185472080702,True,0.0,1.0
TOWT(HoW-cond),B02,124,drift,2,moderate,168,2849.899962032257,True,35.0,0.6904761904761905
TOWT(HoW-cond),B02,124,spike,1,subtle,3,261.3888245616696,True,1.0,0.6666666666666666
TOWT(HoW-cond),B02,124,schedule,3,obvious,96,47.391507215665584,False,,0.0
IsolationForest(t),B02,124,spike,3,obvious,3,606.7658386739647,True,1.0,0.6666666666666666
IsolationForest(t),B02,124,schedule,3,obvious,192,169.20725762602433,True,2.0,0.0833333333333333
IsolationForest(t),B02,124,spike,3,obvious,5,1007.4185472080702,True,2.0,0.6
IsolationForest(t),B02,124,drift,2,moderate,168,2849.899962032257,True,20.0,0.2142857142857142
IsolationForest(t),B02,124,spike,1,subtle,3,261.3888245616696,True,1.0,0.6666666666666666
IsolationForest(t),B02,124,schedule,3,obvious,96,47.391507215665584,True,65.0,0.0208333333333333
OC-SVM(t),B02,124,spike,3,obvious,3,606.7658386739647,True,1.0,0.6666666666666666
OC-SVM(t),B02,124,schedule,3,obvious,192,169.20725762602433,True,66.0,0.0625
OC-SVM(t),B02,124,spike,3,obvious,5,1007.4185472080702,True,2.0,0.6
OC-SVM(t),B02,124,drift,2,moderate,168,2849.899962032257,True,10.0,0.2619047619047619
OC-SVM(t),B02,124,spike,1,subtle,3,261.3888245616696,True,1.0,0.6666666666666666
OC-SVM(t),B02,124,schedule,3,obvious,96,47.391507215665584,True,43.0,0.03125
Autoencoder(t),B02,124,spike,3,obvious,3,606.7658386739647,True,1.0,0.6666666666666666
Autoencoder(t),B02,124,schedule,3,obvious,192,169.20725762602433,True,7.0,0.1458333333333333
Autoencoder(t),B02,124,spike,3,obvious,5,1007.4185472080702,True,2.0,0.6
Autoencoder(t),B02,124,drift,2,moderate,168,2849.899962032257,True,3.0,0.4404761904761904
Autoencoder(t),B02,124,spike,1,subtle,3,261.3888245616696,True,1.0,0.6666666666666666
Autoencoder(t),B02,124,schedule,3,obvious,96,47.391507215665584,True,1.0,0.1458333333333333
LSTM-AE(t),B02,124,spike,3,obvious,3,606.7658386739647,True,0.0,1.0
LSTM-AE(t),B02,124,schedule,3,obvious,192,169.20725762602433,False,,0.0
LSTM-AE(t),B02,124,spike,3,obvious,5,1007.4185472080702,True,0.0,1.0
LSTM-AE(t),B02,124,drift,2,moderate,168,2849.899962032257,False,,0.0
LSTM-AE(t),B02,124,spike,1,subtle,3,261.3888245616696,False,,0.0
LSTM-AE(t),B02,124,schedule,3,obvious,96,47.391507215665584,False,,0.0
PatchTST-SSL(HoW-cond),B03,124,drift,3,obvious,264,11683.211757827754,True,4.0,0.5454545454545454
PatchTST-SSL(HoW-cond),B03,124,drift,1,subtle,216,2469.738921535743,True,156.0,0.0185185185185185
PatchTST-SSL(HoW-cond),B03,124,drift,2,moderate,120,1660.0238397456235,True,41.0,0.3333333333333333
PatchTST-SSL(HoW-cond),B03,124,spike,1,subtle,5,310.62633852666323,True,4.0,0.2
PatchTST-SSL(HoW-cond),B03,124,drift,1,subtle,216,2048.1966233683206,True,101.0,0.1064814814814814
PatchTST-SSL(HoW-cond),B03,124,spike,1,subtle,4,302.697914491864,False,,0.0
PatchTST-SSL(global-MAD),B03,124,drift,3,obvious,264,11683.211757827754,True,0.0,0.2424242424242424
PatchTST-SSL(global-MAD),B03,124,drift,1,subtle,216,2469.738921535743,False,,0.0
PatchTST-SSL(global-MAD),B03,124,drift,2,moderate,120,1660.0238397456235,True,28.0,0.1666666666666666
PatchTST-SSL(global-MAD),B03,124,spike,1,subtle,5,310.62633852666323,True,3.0,0.4
PatchTST-SSL(global-MAD),B03,124,drift,1,subtle,216,2048.1966233683206,True,85.0,0.0462962962962962
PatchTST-SSL(global-MAD),B03,124,spike,1,subtle,4,302.697914491864,False,,0.0
HOW-profile(HoW-cond),B03,124,drift,3,obvious,264,11683.211757827754,True,8.0,0.6553030303030303
HOW-profile(HoW-cond),B03,124,drift,1,subtle,216,2469.738921535743,False,,0.0
HOW-profile(HoW-cond),B03,124,drift,2,moderate,120,1660.0238397456235,True,41.0,0.175
HOW-profile(HoW-cond),B03,124,spike,1,subtle,5,310.62633852666323,True,3.0,0.4
HOW-profile(HoW-cond),B03,124,drift,1,subtle,216,2048.1966233683206,True,173.0,0.0138888888888888
HOW-profile(HoW-cond),B03,124,spike,1,subtle,4,302.697914491864,False,,0.0
HOW-profile(global-MAD),B03,124,drift,3,obvious,264,11683.211757827754,True,8.0,0.6818181818181818
HOW-profile(global-MAD),B03,124,drift,1,subtle,216,2469.738921535743,False,,0.0
HOW-profile(global-MAD),B03,124,drift,2,moderate,120,1660.0238397456235,True,64.0,0.1833333333333333
HOW-profile(global-MAD),B03,124,spike,1,subtle,5,310.62633852666323,True,3.0,0.4
HOW-profile(global-MAD),B03,124,drift,1,subtle,216,2048.1966233683206,True,195.0,0.0092592592592592
HOW-profile(global-MAD),B03,124,spike,1,subtle,4,302.697914491864,False,,0.0
PatchTST-SSL(HoD-cond),B03,124,drift,3,obvious,264,11683.211757827754,True,11.0,0.375
PatchTST-SSL(HoD-cond),B03,124,drift,1,subtle,216,2469.738921535743,False,,0.0
PatchTST-SSL(HoD-cond),B03,124,drift,2,moderate,120,1660.0238397456235,True,21.0,0.15
PatchTST-SSL(HoD-cond),B03,124,spike,1,subtle,5,310.62633852666323,True,3.0,0.4
PatchTST-SSL(HoD-cond),B03,124,drift,1,subtle,216,2048.1966233683206,True,149.0,0.0277777777777777
PatchTST-SSL(HoD-cond),B03,124,spike,1,subtle,4,302.697914491864,False,,0.0
HOW-profile(HoD-cond),B03,124,drift,3,obvious,264,11683.211757827754,True,8.0,0.6666666666666666
HOW-profile(HoD-cond),B03,124,drift,1,subtle,216,2469.738921535743,False,,0.0
HOW-profile(HoD-cond),B03,124,drift,2,moderate,120,1660.0238397456235,True,71.0,0.125
HOW-profile(HoD-cond),B03,124,spike,1,subtle,5,310.62633852666323,True,3.0,0.4
HOW-profile(HoD-cond),B03,124,drift,1,subtle,216,2048.1966233683206,True,194.0,0.0092592592592592
HOW-profile(HoD-cond),B03,124,spike,1,subtle,4,302.697914491864,False,,0.0
TOWT(HoW-cond),B03,124,drift,3,obvious,264,11683.211757827754,True,11.0,0.7878787878787878
TOWT(HoW-cond),B03,124,drift,1,subtle,216,2469.738921535743,False,,0.0
TOWT(HoW-cond),B03,124,drift,2,moderate,120,1660.0238397456235,True,84.0,0.2
TOWT(HoW-cond),B03,124,spike,1,subtle,5,310.62633852666323,False,,0.0
TOWT(HoW-cond),B03,124,drift,1,subtle,216,2048.1966233683206,False,,0.0
TOWT(HoW-cond),B03,124,spike,1,subtle,4,302.697914491864,False,,0.0
IsolationForest(t),B03,124,drift,3,obvious,264,11683.211757827754,True,1.0,0.2272727272727272
IsolationForest(t),B03,124,drift,1,subtle,216,2469.738921535743,False,,0.0
IsolationForest(t),B03,124,drift,2,moderate,120,1660.0238397456235,True,36.0,0.15
IsolationForest(t),B03,124,spike,1,subtle,5,310.62633852666323,True,2.0,0.6
IsolationForest(t),B03,124,drift,1,subtle,216,2048.1966233683206,True,19.0,0.0648148148148148
IsolationForest(t),B03,124,spike,1,subtle,4,302.697914491864,False,,0.0
OC-SVM(t),B03,124,drift,3,obvious,264,11683.211757827754,True,161.0,0.2234848484848484
OC-SVM(t),B03,124,drift,1,subtle,216,2469.738921535743,True,146.0,0.0046296296296296
OC-SVM(t),B03,124,drift,2,moderate,120,1660.0238397456235,True,101.0,0.0416666666666666
OC-SVM(t),B03,124,spike,1,subtle,5,310.62633852666323,True,2.0,0.6
OC-SVM(t),B03,124,drift,1,subtle,216,2048.1966233683206,True,19.0,0.037037037037037
OC-SVM(t),B03,124,spike,1,subtle,4,302.697914491864,False,,0.0
Autoencoder(t),B03,124,drift,3,obvious,264,11683.211757827754,True,1.0,0.4772727272727273
Autoencoder(t),B03,124,drift,1,subtle,216,2469.738921535743,True,19.0,0.1018518518518518
Autoencoder(t),B03,124,drift,2,moderate,120,1660.0238397456235,True,0.0,0.15
Autoencoder(t),B03,124,spike,1,subtle,5,310.62633852666323,True,0.0,0.8
Autoencoder(t),B03,124,drift,1,subtle,216,2048.1966233683206,True,0.0,0.162037037037037
Autoencoder(t),B03,124,spike,1,subtle,4,302.697914491864,False,,0.0
LSTM-AE(t),B03,124,drift,3,obvious,264,11683.211757827754,False,,0.0
LSTM-AE(t),B03,124,drift,1,subtle,216,2469.738921535743,False,,0.0
LSTM-AE(t),B03,124,drift,2,moderate,120,1660.0238397456235,False,,0.0
LSTM-AE(t),B03,124,spike,1,subtle,5,310.62633852666323,False,,0.0
LSTM-AE(t),B03,124,drift,1,subtle,216,2048.1966233683206,False,,0.0
LSTM-AE(t),B03,124,spike,1,subtle,4,302.697914491864,False,,0.0
PatchTST-SSL(HoW-cond),B04,124,drift,2,moderate,120,1090.3213584888465,True,6.0,0.3583333333333333
PatchTST-SSL(HoW-cond),B04,124,schedule,2,moderate,168,167.21458005041202,True,14.0,0.0952380952380952
PatchTST-SSL(HoW-cond),B04,124,drift,1,subtle,192,1188.959610689912,True,11.0,0.2708333333333333
PatchTST-SSL(HoW-cond),B04,124,spike,1,subtle,1,187.98506354391947,False,,0.0
PatchTST-SSL(HoW-cond),B04,124,schedule,3,obvious,96,205.0033495689354,True,7.0,0.125
PatchTST-SSL(HoW-cond),B04,124,spike,1,subtle,4,349.30464008457153,True,1.0,0.75
PatchTST-SSL(global-MAD),B04,124,drift,2,moderate,120,1090.3213584888465,True,63.0,0.0833333333333333
PatchTST-SSL(global-MAD),B04,124,schedule,2,moderate,168,167.21458005041202,True,1.0,0.0892857142857142
PatchTST-SSL(global-MAD),B04,124,drift,1,subtle,192,1188.959610689912,True,19.0,0.0677083333333333
PatchTST-SSL(global-MAD),B04,124,spike,1,subtle,1,187.98506354391947,False,,0.0
PatchTST-SSL(global-MAD),B04,124,schedule,3,obvious,96,205.0033495689354,True,39.0,0.0625
PatchTST-SSL(global-MAD),B04,124,spike,1,subtle,4,349.30464008457153,True,2.0,0.5
HOW-profile(HoW-cond),B04,124,drift,2,moderate,120,1090.3213584888465,True,78.0,0.0416666666666666
HOW-profile(HoW-cond),B04,124,schedule,2,moderate,168,167.21458005041202,False,,0.0
HOW-profile(HoW-cond),B04,124,drift,1,subtle,192,1188.959610689912,True,106.0,0.0260416666666666
HOW-profile(HoW-cond),B04,124,spike,1,subtle,1,187.98506354391947,False,,0.0
HOW-profile(HoW-cond),B04,124,schedule,3,obvious,96,205.0033495689354,False,,0.0
HOW-profile(HoW-cond),B04,124,spike,1,subtle,4,349.30464008457153,True,2.0,0.5
HOW-profile(global-MAD),B04,124,drift,2,moderate,120,1090.3213584888465,True,76.0,0.075
HOW-profile(global-MAD),B04,124,schedule,2,moderate,168,167.21458005041202,False,,0.0
HOW-profile(global-MAD),B04,124,drift,1,subtle,192,1188.959610689912,True,135.0,0.0104166666666666
HOW-profile(global-MAD),B04,124,spike,1,subtle,1,187.98506354391947,False,,0.0
HOW-profile(global-MAD),B04,124,schedule,3,obvious,96,205.0033495689354,False,,0.0
HOW-profile(global-MAD),B04,124,spike,1,subtle,4,349.30464008457153,True,1.0,0.75
PatchTST-SSL(HoD-cond),B04,124,drift,2,moderate,120,1090.3213584888465,True,76.0,0.0666666666666666
PatchTST-SSL(HoD-cond),B04,124,schedule,2,moderate,168,167.21458005041202,False,,0.0
PatchTST-SSL(HoD-cond),B04,124,drift,1,subtle,192,1188.959610689912,True,14.0,0.015625
PatchTST-SSL(HoD-cond),B04,124,spike,1,subtle,1,187.98506354391947,False,,0.0
PatchTST-SSL(HoD-cond),B04,124,schedule,3,obvious,96,205.0033495689354,True,53.0,0.0104166666666666
PatchTST-SSL(HoD-cond),B04,124,spike,1,subtle,4,349.30464008457153,True,2.0,0.5
HOW-profile(HoD-cond),B04,124,drift,2,moderate,120,1090.3213584888465,True,76.0,0.0333333333333333
HOW-profile(HoD-cond),B04,124,schedule,2,moderate,168,167.21458005041202,False,,0.0
HOW-profile(HoD-cond),B04,124,drift,1,subtle,192,1188.959610689912,True,135.0,0.0052083333333333
HOW-profile(HoD-cond),B04,124,spike,1,subtle,1,187.98506354391947,False,,0.0
HOW-profile(HoD-cond),B04,124,schedule,3,obvious,96,205.0033495689354,False,,0.0
HOW-profile(HoD-cond),B04,124,spike,1,subtle,4,349.30464008457153,True,1.0,0.75
TOWT(HoW-cond),B04,124,drift,2,moderate,120,1090.3213584888465,True,70.0,0.2583333333333333
TOWT(HoW-cond),B04,124,schedule,2,moderate,168,167.21458005041202,False,,0.0
TOWT(HoW-cond),B04,124,drift,1,subtle,192,1188.959610689912,True,22.0,0.1770833333333333
TOWT(HoW-cond),B04,124,spike,1,subtle,1,187.98506354391947,False,,0.0
TOWT(HoW-cond),B04,124,schedule,3,obvious,96,205.0033495689354,True,5.0,0.0833333333333333
TOWT(HoW-cond),B04,124,spike,1,subtle,4,349.30464008457153,True,1.0,0.75
IsolationForest(t),B04,124,drift,2,moderate,120,1090.3213584888465,True,6.0,0.15
IsolationForest(t),B04,124,schedule,2,moderate,168,167.21458005041202,False,,0.0
IsolationForest(t),B04,124,drift,1,subtle,192,1188.959610689912,True,17.0,0.109375
IsolationForest(t),B04,124,spike,1,subtle,1,187.98506354391947,False,,0.0
IsolationForest(t),B04,124,schedule,3,obvious,96,205.0033495689354,True,37.0,0.0416666666666666
IsolationForest(t),B04,124,spike,1,subtle,4,349.30464008457153,True,2.0,0.5
OC-SVM(t),B04,124,drift,2,moderate,120,1090.3213584888465,True,1.0,0.0583333333333333
OC-SVM(t),B04,124,schedule,2,moderate,168,167.21458005041202,False,,0.0
OC-SVM(t),B04,124,drift,1,subtle,192,1188.959610689912,True,164.0,0.0052083333333333
OC-SVM(t),B04,124,spike,1,subtle,1,187.98506354391947,False,,0.0
OC-SVM(t),B04,124,schedule,3,obvious,96,205.0033495689354,False,,0.0
OC-SVM(t),B04,124,spike,1,subtle,4,349.30464008457153,True,0.0,0.75
Autoencoder(t),B04,124,drift,2,moderate,120,1090.3213584888465,True,1.0,0.2666666666666666
Autoencoder(t),B04,124,schedule,2,moderate,168,167.21458005041202,True,6.0,0.1904761904761904
Autoencoder(t),B04,124,drift,1,subtle,192,1188.959610689912,True,0.0,0.2135416666666666
Autoencoder(t),B04,124,spike,1,subtle,1,187.98506354391947,False,,0.0
Autoencoder(t),B04,124,schedule,3,obvious,96,205.0033495689354,True,1.0,0.21875
Autoencoder(t),B04,124,spike,1,subtle,4,349.30464008457153,True,2.0,0.5
LSTM-AE(t),B04,124,drift,2,moderate,120,1090.3213584888465,False,,0.0
LSTM-AE(t),B04,124,schedule,2,moderate,168,167.21458005041202,True,30.0,0.2857142857142857
LSTM-AE(t),B04,124,drift,1,subtle,192,1188.959610689912,False,,0.0
LSTM-AE(t),B04,124,spike,1,subtle,1,187.98506354391947,False,,0.0
LSTM-AE(t),B04,124,schedule,3,obvious,96,205.0033495689354,True,0.0,0.5
LSTM-AE(t),B04,124,spike,1,subtle,4,349.30464008457153,False,,0.0
PatchTST-SSL(HoW-cond),B05,124,spike,1,subtle,5,454.5903398587936,True,1.0,0.8
PatchTST-SSL(HoW-cond),B05,124,drift,3,obvious,192,5456.277725852955,True,19.0,0.5416666666666666
PatchTST-SSL(HoW-cond),B05,124,spike,3,obvious,3,585.1044429161168,True,1.0,0.6666666666666666
PatchTST-SSL(HoW-cond),B05,124,spike,3,obvious,3,510.790004544892,True,1.0,0.6666666666666666
PatchTST-SSL(HoW-cond),B05,124,drift,1,subtle,168,945.1440411196066,False,,0.0
PatchTST-SSL(HoW-cond),B05,124,drift,3,obvious,288,12094.936074382287,True,26.0,0.5486111111111112
PatchTST-SSL(global-MAD),B05,124,spike,1,subtle,5,454.5903398587936,True,2.0,0.6
PatchTST-SSL(global-MAD),B05,124,drift,3,obvious,192,5456.277725852955,True,28.0,0.140625
PatchTST-SSL(global-MAD),B05,124,spike,3,obvious,3,585.1044429161168,True,1.0,0.6666666666666666
PatchTST-SSL(global-MAD),B05,124,spike,3,obvious,3,510.790004544892,True,1.0,0.6666666666666666
PatchTST-SSL(global-MAD),B05,124,drift,1,subtle,168,945.1440411196066,False,,0.0
PatchTST-SSL(global-MAD),B05,124,drift,3,obvious,288,12094.936074382287,True,84.0,0.1423611111111111
HOW-profile(HoW-cond),B05,124,spike,1,subtle,5,454.5903398587936,True,1.0,0.8
HOW-profile(HoW-cond),B05,124,drift,3,obvious,192,5456.277725852955,True,49.0,0.4479166666666667
HOW-profile(HoW-cond),B05,124,spike,3,obvious,3,585.1044429161168,True,1.0,0.6666666666666666
HOW-profile(HoW-cond),B05,124,spike,3,obvious,3,510.790004544892,True,1.0,0.6666666666666666
HOW-profile(HoW-cond),B05,124,drift,1,subtle,168,945.1440411196066,False,,0.0
HOW-profile(HoW-cond),B05,124,drift,3,obvious,288,12094.936074382287,True,34.0,0.6423611111111112
HOW-profile(global-MAD),B05,124,spike,1,subtle,5,454.5903398587936,True,1.0,0.8
HOW-profile(global-MAD),B05,124,drift,3,obvious,192,5456.277725852955,True,49.0,0.546875
HOW-profile(global-MAD),B05,124,spike,3,obvious,3,585.1044429161168,True,1.0,0.6666666666666666
HOW-profile(global-MAD),B05,124,spike,3,obvious,3,510.790004544892,True,1.0,0.6666666666666666
HOW-profile(global-MAD),B05,124,drift,1,subtle,168,945.1440411196066,False,,0.0
HOW-profile(global-MAD),B05,124,drift,3,obvious,288,12094.936074382287,True,51.0,0.6805555555555556
PatchTST-SSL(HoD-cond),B05,124,spike,1,subtle,5,454.5903398587936,True,2.0,0.6
PatchTST-SSL(HoD-cond),B05,124,drift,3,obvious,192,5456.277725852955,True,19.0,0.2395833333333333
PatchTST-SSL(HoD-cond),B05,124,spike,3,obvious,3,585.1044429161168,True,1.0,0.6666666666666666
PatchTST-SSL(HoD-cond),B05,124,spike,3,obvious,3,510.790004544892,True,1.0,0.6666666666666666
PatchTST-SSL(HoD-cond),B05,124,drift,1,subtle,168,945.1440411196066,False,,0.0
PatchTST-SSL(HoD-cond),B05,124,drift,3,obvious,288,12094.936074382287,True,51.0,0.3020833333333333
HOW-profile(HoD-cond),B05,124,spike,1,subtle,5,454.5903398587936,True,1.0,0.8
HOW-profile(HoD-cond),B05,124,drift,3,obvious,192,5456.277725852955,True,49.0,0.4791666666666667
HOW-profile(HoD-cond),B05,124,spike,3,obvious,3,585.1044429161168,True,1.0,0.6666666666666666
HOW-profile(HoD-cond),B05,124,spike,3,obvious,3,510.790004544892,True,1.0,0.6666666666666666
HOW-profile(HoD-cond),B05,124,drift,1,subtle,168,945.1440411196066,False,,0.0
HOW-profile(HoD-cond),B05,124,drift,3,obvious,288,12094.936074382287,True,50.0,0.65625
TOWT(HoW-cond),B05,124,spike,1,subtle,5,454.5903398587936,True,2.0,0.6
TOWT(HoW-cond),B05,124,drift,3,obvious,192,5456.277725852955,True,17.0,0.84375
TOWT(HoW-cond),B05,124,spike,3,obvious,3,585.1044429161168,True,2.0,0.3333333333333333
TOWT(HoW-cond),B05,124,spike,3,obvious,3,510.790004544892,True,1.0,0.6666666666666666
TOWT(HoW-cond),B05,124,drift,1,subtle,168,945.1440411196066,False,,0.0
TOWT(HoW-cond),B05,124,drift,3,obvious,288,12094.936074382287,True,34.0,0.8368055555555556
IsolationForest(t),B05,124,spike,1,subtle,5,454.5903398587936,True,1.0,0.8
IsolationForest(t),B05,124,drift,3,obvious,192,5456.277725852955,True,26.0,0.234375
IsolationForest(t),B05,124,spike,3,obvious,3,585.1044429161168,True,1.0,0.6666666666666666
IsolationForest(t),B05,124,spike,3,obvious,3,510.790004544892,True,1.0,0.6666666666666666
IsolationForest(t),B05,124,drift,1,subtle,168,945.1440411196066,False,,0.0
IsolationForest(t),B05,124,drift,3,obvious,288,12094.936074382287,True,13.0,0.2256944444444444
OC-SVM(t),B05,124,spike,1,subtle,5,454.5903398587936,True,2.0,0.6
OC-SVM(t),B05,124,drift,3,obvious,192,5456.277725852955,True,53.0,0.0677083333333333
OC-SVM(t),B05,124,spike,3,obvious,3,585.1044429161168,True,1.0,0.6666666666666666
OC-SVM(t),B05,124,spike,3,obvious,3,510.790004544892,True,1.0,0.6666666666666666
OC-SVM(t),B05,124,drift,1,subtle,168,945.1440411196066,True,94.0,0.0357142857142857
OC-SVM(t),B05,124,drift,3,obvious,288,12094.936074382287,True,13.0,0.3784722222222222
Autoencoder(t),B05,124,spike,1,subtle,5,454.5903398587936,True,1.0,0.8
Autoencoder(t),B05,124,drift,3,obvious,192,5456.277725852955,True,3.0,0.484375
Autoencoder(t),B05,124,spike,3,obvious,3,585.1044429161168,True,1.0,0.6666666666666666
Autoencoder(t),B05,124,spike,3,obvious,3,510.790004544892,True,1.0,0.6666666666666666
Autoencoder(t),B05,124,drift,1,subtle,168,945.1440411196066,True,21.0,0.0595238095238095
Autoencoder(t),B05,124,drift,3,obvious,288,12094.936074382287,True,12.0,0.5833333333333334
LSTM-AE(t),B05,124,spike,1,subtle,5,454.5903398587936,False,,0.0
LSTM-AE(t),B05,124,drift,3,obvious,192,5456.277725852955,True,0.0,0.1979166666666666
LSTM-AE(t),B05,124,spike,3,obvious,3,585.1044429161168,True,0.0,1.0
LSTM-AE(t),B05,124,spike,3,obvious,3,510.790004544892,True,0.0,1.0
LSTM-AE(t),B05,124,drift,1,subtle,168,945.1440411196066,False,,0.0
LSTM-AE(t),B05,124,drift,3,obvious,288,12094.936074382287,True,238.0,0.1736111111111111
PatchTST-SSL(HoW-cond),B06,124,drift,3,obvious,120,1906.9102687668849,True,4.0,0.4833333333333333
PatchTST-SSL(HoW-cond),B06,124,spike,3,obvious,1,389.5093697636655,True,0.0,1.0
PatchTST-SSL(HoW-cond),B06,124,spike,2,moderate,4,505.32411108009626,False,,0.0
PatchTST-SSL(HoW-cond),B06,124,schedule,3,obvious,144,98.10268180975994,True,18.0,0.1041666666666666
PatchTST-SSL(HoW-cond),B06,124,schedule,3,obvious,120,408.26684375563,True,1.0,0.2666666666666666
PatchTST-SSL(HoW-cond),B06,124,spike,2,moderate,2,238.45281495561665,True,1.0,0.5
PatchTST-SSL(global-MAD),B06,124,drift,3,obvious,120,1906.9102687668849,True,60.0,0.1166666666666666
PatchTST-SSL(global-MAD),B06,124,spike,3,obvious,1,389.5093697636655,True,0.0,1.0
PatchTST-SSL(global-MAD),B06,124,spike,2,moderate,4,505.32411108009626,False,,0.0
PatchTST-SSL(global-MAD),B06,124,schedule,3,obvious,144,98.10268180975994,True,2.0,0.0694444444444444
PatchTST-SSL(global-MAD),B06,124,schedule,3,obvious,120,408.26684375563,True,9.0,0.0916666666666666
PatchTST-SSL(global-MAD),B06,124,spike,2,moderate,2,238.45281495561665,True,1.0,0.5
HOW-profile(HoW-cond),B06,124,drift,3,obvious,120,1906.9102687668849,True,26.0,0.225
HOW-profile(HoW-cond),B06,124,spike,3,obvious,1,389.5093697636655,True,0.0,1.0
HOW-profile(HoW-cond),B06,124,spike,2,moderate,4,505.32411108009626,False,,0.0
HOW-profile(HoW-cond),B06,124,schedule,3,obvious,144,98.10268180975994,False,,0.0
HOW-profile(HoW-cond),B06,124,schedule,3,obvious,120,408.26684375563,True,29.0,0.0333333333333333
HOW-profile(HoW-cond),B06,124,spike,2,moderate,2,238.45281495561665,True,1.0,0.5
HOW-profile(global-MAD),B06,124,drift,3,obvious,120,1906.9102687668849,True,75.0,0.2416666666666666
HOW-profile(global-MAD),B06,124,spike,3,obvious,1,389.5093697636655,True,0.0,1.0
HOW-profile(global-MAD),B06,124,spike,2,moderate,4,505.32411108009626,False,,0.0
HOW-profile(global-MAD),B06,124,schedule,3,obvious,144,98.10268180975994,False,,0.0
HOW-profile(global-MAD),B06,124,schedule,3,obvious,120,408.26684375563,False,,0.0
HOW-profile(global-MAD),B06,124,spike,2,moderate,2,238.45281495561665,True,1.0,0.5
PatchTST-SSL(HoD-cond),B06,124,drift,3,obvious,120,1906.9102687668849,True,28.0,0.175
PatchTST-SSL(HoD-cond),B06,124,spike,3,obvious,1,389.5093697636655,True,0.0,1.0
PatchTST-SSL(HoD-cond),B06,124,spike,2,moderate,4,505.32411108009626,False,,0.0
PatchTST-SSL(HoD-cond),B06,124,schedule,3,obvious,144,98.10268180975994,True,41.0,0.0208333333333333
PatchTST-SSL(HoD-cond),B06,124,schedule,3,obvious,120,408.26684375563,True,22.0,0.0333333333333333
PatchTST-SSL(HoD-cond),B06,124,spike,2,moderate,2,238.45281495561665,True,1.0,0.5
HOW-profile(HoD-cond),B06,124,drift,3,obvious,120,1906.9102687668849,True,59.0,0.225
HOW-profile(HoD-cond),B06,124,spike,3,obvious,1,389.5093697636655,True,0.0,1.0
HOW-profile(HoD-cond),B06,124,spike,2,moderate,4,505.32411108009626,False,,0.0
HOW-profile(HoD-cond),B06,124,schedule,3,obvious,144,98.10268180975994,False,,0.0
HOW-profile(HoD-cond),B06,124,schedule,3,obvious,120,408.26684375563,True,45.0,0.0083333333333333
HOW-profile(HoD-cond),B06,124,spike,2,moderate,2,238.45281495561665,True,1.0,0.5
TOWT(HoW-cond),B06,124,drift,3,obvious,120,1906.9102687668849,True,16.0,0.6583333333333333
TOWT(HoW-cond),B06,124,spike,3,obvious,1,389.5093697636655,True,0.0,1.0
TOWT(HoW-cond),B06,124,spike,2,moderate,4,505.32411108009626,False,,0.0
TOWT(HoW-cond),B06,124,schedule,3,obvious,144,98.10268180975994,False,,0.0
TOWT(HoW-cond),B06,124,schedule,3,obvious,120,408.26684375563,True,1.0,0.1916666666666666
TOWT(HoW-cond),B06,124,spike,2,moderate,2,238.45281495561665,True,1.0,0.5
IsolationForest(t),B06,124,drift,3,obvious,120,1906.9102687668849,True,5.0,0.2166666666666666
IsolationForest(t),B06,124,spike,3,obvious,1,389.5093697636655,False,,0.0
IsolationForest(t),B06,124,spike,2,moderate,4,505.32411108009626,False,,0.0
IsolationForest(t),B06,124,schedule,3,obvious,144,98.10268180975994,True,2.0,0.0694444444444444
IsolationForest(t),B06,124,schedule,3,obvious,120,408.26684375563,False,,0.0
IsolationForest(t),B06,124,spike,2,moderate,2,238.45281495561665,True,1.0,0.5
OC-SVM(t),B06,124,drift,3,obvious,120,1906.9102687668849,True,60.0,0.2
OC-SVM(t),B06,124,spike,3,obvious,1,389.5093697636655,True,0.0,1.0
OC-SVM(t),B06,124,spike,2,moderate,4,505.32411108009626,False,,0.0
OC-SVM(t),B06,124,schedule,3,obvious,144,98.10268180975994,True,2.0,0.0347222222222222
OC-SVM(t),B06,124,schedule,3,obvious,120,408.26684375563,False,,0.0
OC-SVM(t),B06,124,spike,2,moderate,2,238.45281495561665,True,1.0,0.5
Autoencoder(t),B06,124,drift,3,obvious,120,1906.9102687668849,True,25.0,0.4
Autoencoder(t),B06,124,spike,3,obvious,1,389.5093697636655,True,0.0,1.0
Autoencoder(t),B06,124,spike,2,moderate,4,505.32411108009626,False,,0.0
Autoencoder(t),B06,124,schedule,3,obvious,144,98.10268180975994,True,1.0,0.1388888888888889
Autoencoder(t),B06,124,schedule,3,obvious,120,408.26684375563,True,2.0,0.2083333333333333
Autoencoder(t),B06,124,spike,2,moderate,2,238.45281495561665,True,1.0,0.5
LSTM-AE(t),B06,124,drift,3,obvious,120,1906.9102687668849,False,,0.0
LSTM-AE(t),B06,124,spike,3,obvious,1,389.5093697636655,True,0.0,1.0
LSTM-AE(t),B06,124,spike,2,moderate,4,505.32411108009626,False,,0.0
LSTM-AE(t),B06,124,schedule,3,obvious,144,98.10268180975994,True,82.0,0.3333333333333333
LSTM-AE(t),B06,124,schedule,3,obvious,120,408.26684375563,True,0.0,0.15
LSTM-AE(t),B06,124,spike,2,moderate,2,238.45281495561665,False,,0.0
PatchTST-SSL(HoW-cond),B07,124,drift,3,obvious,144,5521.62966449269,True,27.0,0.4236111111111111
PatchTST-SSL(HoW-cond),B07,124,schedule,2,moderate,168,264.2459487237174,True,2.0,0.0119047619047619
PatchTST-SSL(HoW-cond),B07,124,schedule,3,obvious,144,2774.9778411420543,True,5.0,0.4236111111111111
PatchTST-SSL(HoW-cond),B07,124,schedule,2,moderate,120,1388.626721148482,True,0.0,0.4
PatchTST-SSL(HoW-cond),B07,124,drift,1,subtle,288,3352.945640171478,True,16.0,0.0625
PatchTST-SSL(HoW-cond),B07,124,spike,3,obvious,4,1186.1819066727417,True,1.0,0.75
PatchTST-SSL(global-MAD),B07,124,drift,3,obvious,144,5521.62966449269,True,64.0,0.0833333333333333
PatchTST-SSL(global-MAD),B07,124,schedule,2,moderate,168,264.2459487237174,True,34.0,0.0238095238095238
PatchTST-SSL(global-MAD),B07,124,schedule,3,obvious,144,2774.9778411420543,True,0.0,0.0208333333333333
PatchTST-SSL(global-MAD),B07,124,schedule,2,moderate,120,1388.626721148482,True,60.0,0.025
PatchTST-SSL(global-MAD),B07,124,drift,1,subtle,288,3352.945640171478,True,54.0,0.0069444444444444
PatchTST-SSL(global-MAD),B07,124,spike,3,obvious,4,1186.1819066727417,True,2.0,0.5
HOW-profile(HoW-cond),B07,124,drift,3,obvious,144,5521.62966449269,True,28.0,0.4583333333333333
HOW-profile(HoW-cond),B07,124,schedule,2,moderate,168,264.2459487237174,True,22.0,0.0119047619047619
HOW-profile(HoW-cond),B07,124,schedule,3,obvious,144,2774.9778411420543,True,5.0,0.3611111111111111
HOW-profile(HoW-cond),B07,124,schedule,2,moderate,120,1388.626721148482,True,0.0,0.325
HOW-profile(HoW-cond),B07,124,drift,1,subtle,288,3352.945640171478,False,,0.0
HOW-profile(HoW-cond),B07,124,spike,3,obvious,4,1186.1819066727417,True,1.0,0.75
HOW-profile(global-MAD),B07,124,drift,3,obvious,144,5521.62966449269,True,31.0,0.4652777777777778
HOW-profile(global-MAD),B07,124,schedule,2,moderate,168,264.2459487237174,False,,0.0
HOW-profile(global-MAD),B07,124,schedule,3,obvious,144,2774.9778411420543,True,5.0,0.3680555555555556
HOW-profile(global-MAD),B07,124,schedule,2,moderate,120,1388.626721148482,True,0.0,0.3583333333333333
HOW-profile(global-MAD),B07,124,drift,1,subtle,288,3352.945640171478,False,,0.0
HOW-profile(global-MAD),B07,124,spike,3,obvious,4,1186.1819066727417,True,1.0,0.75
PatchTST-SSL(HoD-cond),B07,124,drift,3,obvious,144,5521.62966449269,True,53.0,0.1388888888888889
PatchTST-SSL(HoD-cond),B07,124,schedule,2,moderate,168,264.2459487237174,True,146.0,0.0059523809523809
PatchTST-SSL(HoD-cond),B07,124,schedule,3,obvious,144,2774.9778411420543,True,6.0,0.2569444444444444
PatchTST-SSL(HoD-cond),B07,124,schedule,2,moderate,120,1388.626721148482,True,0.0,0.125
PatchTST-SSL(HoD-cond),B07,124,drift,1,subtle,288,3352.945640171478,True,258.0,0.0069444444444444
PatchTST-SSL(HoD-cond),B07,124,spike,3,obvious,4,1186.1819066727417,True,1.0,0.75
HOW-profile(HoD-cond),B07,124,drift,3,obvious,144,5521.62966449269,True,29.0,0.4444444444444444
HOW-profile(HoD-cond),B07,124,schedule,2,moderate,168,264.2459487237174,False,,0.0
HOW-profile(HoD-cond),B07,124,schedule,3,obvious,144,2774.9778411420543,True,5.0,0.3819444444444444
HOW-profile(HoD-cond),B07,124,schedule,2,moderate,120,1388.626721148482,True,0.0,0.3583333333333333
HOW-profile(HoD-cond),B07,124,drift,1,subtle,288,3352.945640171478,False,,0.0
HOW-profile(HoD-cond),B07,124,spike,3,obvious,4,1186.1819066727417,True,1.0,0.75
TOWT(HoW-cond),B07,124,drift,3,obvious,144,5521.62966449269,True,86.0,0.4027777777777778
TOWT(HoW-cond),B07,124,schedule,2,moderate,168,264.2459487237174,False,,0.0
TOWT(HoW-cond),B07,124,schedule,3,obvious,144,2774.9778411420543,True,5.0,0.4722222222222222
TOWT(HoW-cond),B07,124,schedule,2,moderate,120,1388.626721148482,True,0.0,0.3833333333333333
TOWT(HoW-cond),B07,124,drift,1,subtle,288,3352.945640171478,True,0.0,0.0486111111111111
TOWT(HoW-cond),B07,124,spike,3,obvious,4,1186.1819066727417,True,1.0,0.75
IsolationForest(t),B07,124,drift,3,obvious,144,5521.62966449269,True,22.0,0.2083333333333333
IsolationForest(t),B07,124,schedule,2,moderate,168,264.2459487237174,True,1.0,0.0178571428571428
IsolationForest(t),B07,124,schedule,3,obvious,144,2774.9778411420543,True,25.0,0.0208333333333333
IsolationForest(t),B07,124,schedule,2,moderate,120,1388.626721148482,False,,0.0
IsolationForest(t),B07,124,drift,1,subtle,288,3352.945640171478,True,247.0,0.0069444444444444
IsolationForest(t),B07,124,spike,3,obvious,4,1186.1819066727417,True,1.0,0.75
OC-SVM(t),B07,124,drift,3,obvious,144,5521.62966449269,True,22.0,0.0833333333333333
OC-SVM(t),B07,124,schedule,2,moderate,168,264.2459487237174,False,,0.0
OC-SVM(t),B07,124,schedule,3,obvious,144,2774.9778411420543,False,,0.0
OC-SVM(t),B07,124,schedule,2,moderate,120,1388.626721148482,False,,0.0
OC-SVM(t),B07,124,drift,1,subtle,288,3352.945640171478,True,174.0,0.0034722222222222
OC-SVM(t),B07,124,spike,3,obvious,4,1186.1819066727417,True,1.0,0.75
Autoencoder(t),B07,124,drift,3,obvious,144,5521.62966449269,True,11.0,0.2430555555555555
Autoencoder(t),B07,124,schedule,2,moderate,168,264.2459487237174,True,9.0,0.2023809523809523
Autoencoder(t),B07,124,schedule,3,obvious,144,2774.9778411420543,True,4.0,0.1388888888888889
Autoencoder(t),B07,124,schedule,2,moderate,120,1388.626721148482,True,2.0,0.2333333333333333
Autoencoder(t),B07,124,drift,1,subtle,288,3352.945640171478,True,3.0,0.2048611111111111
Autoencoder(t),B07,124,spike,3,obvious,4,1186.1819066727417,True,1.0,0.75
LSTM-AE(t),B07,124,drift,3,obvious,144,5521.62966449269,True,0.0,0.1527777777777778
LSTM-AE(t),B07,124,schedule,2,moderate,168,264.2459487237174,False,,0.0
LSTM-AE(t),B07,124,schedule,3,obvious,144,2774.9778411420543,False,,0.0
LSTM-AE(t),B07,124,schedule,2,moderate,120,1388.626721148482,False,,0.0
LSTM-AE(t),B07,124,drift,1,subtle,288,3352.945640171478,False,,0.0
LSTM-AE(t),B07,124,spike,3,obvious,4,1186.1819066727417,True,0.0,1.0
PatchTST-SSL(HoW-cond),B08,124,spike,1,subtle,1,127.06988789947708,True,0.0,1.0
PatchTST-SSL(HoW-cond),B08,124,spike,3,obvious,1,318.0848299804591,True,0.0,1.0
PatchTST-SSL(HoW-cond),B08,124,spike,3,obvious,4,565.2134194258954,True,1.0,0.75
PatchTST-SSL(HoW-cond),B08,124,spike,2,moderate,2,184.65438304885024,True,1.0,0.5
PatchTST-SSL(HoW-cond),B08,124,spike,2,moderate,3,253.17424742382352,True,1.0,0.6666666666666666
PatchTST-SSL(HoW-cond),B08,124,spike,3,obvious,5,613.9339669134295,True,1.0,0.8
PatchTST-SSL(global-MAD),B08,124,spike,1,subtle,1,127.06988789947708,True,0.0,1.0
PatchTST-SSL(global-MAD),B08,124,spike,3,obvious,1,318.0848299804591,True,0.0,1.0
PatchTST-SSL(global-MAD),B08,124,spike,3,obvious,4,565.2134194258954,True,1.0,0.75
PatchTST-SSL(global-MAD),B08,124,spike,2,moderate,2,184.65438304885024,True,0.0,1.0
PatchTST-SSL(global-MAD),B08,124,spike,2,moderate,3,253.17424742382352,True,1.0,0.6666666666666666
PatchTST-SSL(global-MAD),B08,124,spike,3,obvious,5,613.9339669134295,True,2.0,0.6
HOW-profile(HoW-cond),B08,124,spike,1,subtle,1,127.06988789947708,True,0.0,1.0
HOW-profile(HoW-cond),B08,124,spike,3,obvious,1,318.0848299804591,True,0.0,1.0
HOW-profile(HoW-cond),B08,124,spike,3,obvious,4,565.2134194258954,True,1.0,0.75
HOW-profile(HoW-cond),B08,124,spike,2,moderate,2,184.65438304885024,True,1.0,0.5
HOW-profile(HoW-cond),B08,124,spike,2,moderate,3,253.17424742382352,True,1.0,0.6666666666666666
HOW-profile(HoW-cond),B08,124,spike,3,obvious,5,613.9339669134295,True,1.0,0.8
HOW-profile(global-MAD),B08,124,spike,1,subtle,1,127.06988789947708,True,0.0,1.0
HOW-profile(global-MAD),B08,124,spike,3,obvious,1,318.0848299804591,True,0.0,1.0
HOW-profile(global-MAD),B08,124,spike,3,obvious,4,565.2134194258954,True,1.0,0.75
HOW-profile(global-MAD),B08,124,spike,2,moderate,2,184.65438304885024,True,1.0,0.5
HOW-profile(global-MAD),B08,124,spike,2,moderate,3,253.17424742382352,True,1.0,0.6666666666666666
HOW-profile(global-MAD),B08,124,spike,3,obvious,5,613.9339669134295,True,1.0,0.8
PatchTST-SSL(HoD-cond),B08,124,spike,1,subtle,1,127.06988789947708,True,0.0,1.0
PatchTST-SSL(HoD-cond),B08,124,spike,3,obvious,1,318.0848299804591,True,0.0,1.0
PatchTST-SSL(HoD-cond),B08,124,spike,3,obvious,4,565.2134194258954,True,1.0,0.75
PatchTST-SSL(HoD-cond),B08,124,spike,2,moderate,2,184.65438304885024,True,1.0,0.5
PatchTST-SSL(HoD-cond),B08,124,spike,2,moderate,3,253.17424742382352,True,1.0,0.6666666666666666
PatchTST-SSL(HoD-cond),B08,124,spike,3,obvious,5,613.9339669134295,True,1.0,0.8
HOW-profile(HoD-cond),B08,124,spike,1,subtle,1,127.06988789947708,True,0.0,1.0
HOW-profile(HoD-cond),B08,124,spike,3,obvious,1,318.0848299804591,True,0.0,1.0
HOW-profile(HoD-cond),B08,124,spike,3,obvious,4,565.2134194258954,True,1.0,0.75
HOW-profile(HoD-cond),B08,124,spike,2,moderate,2,184.65438304885024,True,1.0,0.5
HOW-profile(HoD-cond),B08,124,spike,2,moderate,3,253.17424742382352,True,1.0,0.6666666666666666
HOW-profile(HoD-cond),B08,124,spike,3,obvious,5,613.9339669134295,True,1.0,0.8
TOWT(HoW-cond),B08,124,spike,1,subtle,1,127.06988789947708,True,0.0,1.0
TOWT(HoW-cond),B08,124,spike,3,obvious,1,318.0848299804591,True,0.0,1.0
TOWT(HoW-cond),B08,124,spike,3,obvious,4,565.2134194258954,True,1.0,0.75
TOWT(HoW-cond),B08,124,spike,2,moderate,2,184.65438304885024,True,0.0,1.0
TOWT(HoW-cond),B08,124,spike,2,moderate,3,253.17424742382352,True,1.0,0.6666666666666666
TOWT(HoW-cond),B08,124,spike,3,obvious,5,613.9339669134295,True,1.0,0.8
IsolationForest(t),B08,124,spike,1,subtle,1,127.06988789947708,True,0.0,1.0
IsolationForest(t),B08,124,spike,3,obvious,1,318.0848299804591,True,0.0,1.0
IsolationForest(t),B08,124,spike,3,obvious,4,565.2134194258954,True,1.0,0.75
IsolationForest(t),B08,124,spike,2,moderate,2,184.65438304885024,True,1.0,0.5
IsolationForest(t),B08,124,spike,2,moderate,3,253.17424742382352,True,2.0,0.3333333333333333
IsolationForest(t),B08,124,spike,3,obvious,5,613.9339669134295,True,2.0,0.6
OC-SVM(t),B08,124,spike,1,subtle,1,127.06988789947708,True,0.0,1.0
OC-SVM(t),B08,124,spike,3,obvious,1,318.0848299804591,True,0.0,1.0
OC-SVM(t),B08,124,spike,3,obvious,4,565.2134194258954,True,1.0,0.75
OC-SVM(t),B08,124,spike,2,moderate,2,184.65438304885024,True,1.0,0.5
OC-SVM(t),B08,124,spike,2,moderate,3,253.17424742382352,True,2.0,0.3333333333333333
OC-SVM(t),B08,124,spike,3,obvious,5,613.9339669134295,True,2.0,0.6
Autoencoder(t),B08,124,spike,1,subtle,1,127.06988789947708,True,0.0,1.0
Autoencoder(t),B08,124,spike,3,obvious,1,318.0848299804591,True,0.0,1.0
Autoencoder(t),B08,124,spike,3,obvious,4,565.2134194258954,True,1.0,0.75
Autoencoder(t),B08,124,spike,2,moderate,2,184.65438304885024,True,1.0,0.5
Autoencoder(t),B08,124,spike,2,moderate,3,253.17424742382352,True,1.0,0.6666666666666666
Autoencoder(t),B08,124,spike,3,obvious,5,613.9339669134295,True,2.0,0.6
LSTM-AE(t),B08,124,spike,1,subtle,1,127.06988789947708,False,,0.0
LSTM-AE(t),B08,124,spike,3,obvious,1,318.0848299804591,True,0.0,1.0
LSTM-AE(t),B08,124,spike,3,obvious,4,565.2134194258954,True,0.0,1.0
LSTM-AE(t),B08,124,spike,2,moderate,2,184.65438304885024,True,0.0,1.0
LSTM-AE(t),B08,124,spike,2,moderate,3,253.17424742382352,False,,0.0
LSTM-AE(t),B08,124,spike,3,obvious,5,613.9339669134295,False,,0.0
PatchTST-SSL(HoW-cond),B01,125,drift,3,obvious,120,2495.1172689372597,True,18.0,0.3166666666666666
PatchTST-SSL(HoW-cond),B01,125,drift,3,obvious,240,9825.84758825694,True,12.0,0.5375
PatchTST-SSL(HoW-cond),B01,125,drift,1,subtle,288,2186.792018468256,True,16.0,0.2083333333333333
PatchTST-SSL(HoW-cond),B01,125,spike,1,subtle,4,288.074270898628,False,,0.0
PatchTST-SSL(HoW-cond),B01,125,spike,2,moderate,5,651.112342592364,False,,0.0
PatchTST-SSL(HoW-cond),B01,125,spike,1,subtle,5,306.59515442823897,True,0.0,1.0
PatchTST-SSL(global-MAD),B01,125,drift,3,obvious,120,2495.1172689372597,True,51.0,0.025
PatchTST-SSL(global-MAD),B01,125,drift,3,obvious,240,9825.84758825694,True,48.0,0.0375
PatchTST-SSL(global-MAD),B01,125,drift,1,subtle,288,2186.792018468256,True,222.0,0.0034722222222222
PatchTST-SSL(global-MAD),B01,125,spike,1,subtle,4,288.074270898628,False,,0.0
PatchTST-SSL(global-MAD),B01,125,spike,2,moderate,5,651.112342592364,False,,0.0
PatchTST-SSL(global-MAD),B01,125,spike,1,subtle,5,306.59515442823897,False,,0.0
HOW-profile(HoW-cond),B01,125,drift,3,obvious,120,2495.1172689372597,True,40.0,0.1916666666666666
HOW-profile(HoW-cond),B01,125,drift,3,obvious,240,9825.84758825694,True,41.0,0.3333333333333333
HOW-profile(HoW-cond),B01,125,drift,1,subtle,288,2186.792018468256,False,,0.0
HOW-profile(HoW-cond),B01,125,spike,1,subtle,4,288.074270898628,False,,0.0
HOW-profile(HoW-cond),B01,125,spike,2,moderate,5,651.112342592364,False,,0.0
HOW-profile(HoW-cond),B01,125,spike,1,subtle,5,306.59515442823897,True,2.0,0.6
HOW-profile(global-MAD),B01,125,drift,3,obvious,120,2495.1172689372597,True,64.0,0.2416666666666666
HOW-profile(global-MAD),B01,125,drift,3,obvious,240,9825.84758825694,True,63.0,0.3166666666666666
HOW-profile(global-MAD),B01,125,drift,1,subtle,288,2186.792018468256,True,235.0,0.0069444444444444
HOW-profile(global-MAD),B01,125,spike,1,subtle,4,288.074270898628,False,,0.0
HOW-profile(global-MAD),B01,125,spike,2,moderate,5,651.112342592364,False,,0.0
HOW-profile(global-MAD),B01,125,spike,1,subtle,5,306.59515442823897,True,2.0,0.6
PatchTST-SSL(HoD-cond),B01,125,drift,3,obvious,120,2495.1172689372597,True,16.0,0.1916666666666666
PatchTST-SSL(HoD-cond),B01,125,drift,3,obvious,240,9825.84758825694,True,12.0,0.3
PatchTST-SSL(HoD-cond),B01,125,drift,1,subtle,288,2186.792018468256,True,88.0,0.0868055555555555
PatchTST-SSL(HoD-cond),B01,125,spike,1,subtle,4,288.074270898628,False,,0.0
PatchTST-SSL(HoD-cond),B01,125,spike,2,moderate,5,651.112342592364,False,,0.0
PatchTST-SSL(HoD-cond),B01,125,spike,1,subtle,5,306.59515442823897,False,,0.0
HOW-profile(HoD-cond),B01,125,drift,3,obvious,120,2495.1172689372597,True,65.0,0.2166666666666666
HOW-profile(HoD-cond),B01,125,drift,3,obvious,240,9825.84758825694,True,68.0,0.4083333333333333
HOW-profile(HoD-cond),B01,125,drift,1,subtle,288,2186.792018468256,False,,0.0
HOW-profile(HoD-cond),B01,125,spike,1,subtle,4,288.074270898628,False,,0.0
HOW-profile(HoD-cond),B01,125,spike,2,moderate,5,651.112342592364,False,,0.0
HOW-profile(HoD-cond),B01,125,spike,1,subtle,5,306.59515442823897,True,2.0,0.6
TOWT(HoW-cond),B01,125,drift,3,obvious,120,2495.1172689372597,True,41.0,0.5083333333333333
TOWT(HoW-cond),B01,125,drift,3,obvious,240,9825.84758825694,True,12.0,0.8583333333333333
TOWT(HoW-cond),B01,125,drift,1,subtle,288,2186.792018468256,True,88.0,0.0173611111111111
TOWT(HoW-cond),B01,125,spike,1,subtle,4,288.074270898628,False,,0.0
TOWT(HoW-cond),B01,125,spike,2,moderate,5,651.112342592364,False,,0.0
TOWT(HoW-cond),B01,125,spike,1,subtle,5,306.59515442823897,True,1.0,0.8
IsolationForest(t),B01,125,drift,3,obvious,120,2495.1172689372597,True,31.0,0.475
IsolationForest(t),B01,125,drift,3,obvious,240,9825.84758825694,True,13.0,0.5416666666666666
IsolationForest(t),B01,125,drift,1,subtle,288,2186.792018468256,True,58.0,0.09375
IsolationForest(t),B01,125,spike,1,subtle,4,288.074270898628,False,,0.0
IsolationForest(t),B01,125,spike,2,moderate,5,651.112342592364,False,,0.0
IsolationForest(t),B01,125,spike,1,subtle,5,306.59515442823897,True,0.0,1.0
OC-SVM(t),B01,125,drift,3,obvious,120,2495.1172689372597,True,51.0,0.2
OC-SVM(t),B01,125,drift,3,obvious,240,9825.84758825694,True,25.0,0.5541666666666667
OC-SVM(t),B01,125,drift,1,subtle,288,2186.792018468256,True,222.0,0.0069444444444444
OC-SVM(t),B01,125,spike,1,subtle,4,288.074270898628,False,,0.0
OC-SVM(t),B01,125,spike,2,moderate,5,651.112342592364,False,,0.0
OC-SVM(t),B01,125,spike,1,subtle,5,306.59515442823897,True,0.0,0.6
Autoencoder(t),B01,125,drift,3,obvious,120,2495.1172689372597,True,17.0,0.2833333333333333
Autoencoder(t),B01,125,drift,3,obvious,240,9825.84758825694,True,16.0,0.6208333333333333
Autoencoder(t),B01,125,drift,1,subtle,288,2186.792018468256,True,3.0,0.2222222222222222
Autoencoder(t),B01,125,spike,1,subtle,4,288.074270898628,False,,0.0
Autoencoder(t),B01,125,spike,2,moderate,5,651.112342592364,False,,0.0
Autoencoder(t),B01,125,spike,1,subtle,5,306.59515442823897,True,2.0,0.4
LSTM-AE(t),B01,125,drift,3,obvious,120,2495.1172689372597,False,,0.0
LSTM-AE(t),B01,125,drift,3,obvious,240,9825.84758825694,True,127.0,0.4708333333333333
LSTM-AE(t),B01,125,drift,1,subtle,288,2186.792018468256,False,,0.0
LSTM-AE(t),B01,125,spike,1,subtle,4,288.074270898628,False,,0.0
LSTM-AE(t),B01,125,spike,2,moderate,5,651.112342592364,False,,0.0
LSTM-AE(t),B01,125,spike,1,subtle,5,306.59515442823897,True,0.0,1.0
PatchTST-SSL(HoW-cond),B02,125,schedule,3,obvious,144,73.88684149926895,True,44.0,0.0208333333333333
PatchTST-SSL(HoW-cond),B02,125,spike,1,subtle,1,207.4652909768323,True,0.0,1.0
PatchTST-SSL(HoW-cond),B02,125,spike,2,moderate,5,709.0557953669074,True,1.0,0.8
PatchTST-SSL(HoW-cond),B02,125,drift,3,obvious,240,11963.684189700083,True,162.0,0.0291666666666666
PatchTST-SSL(HoW-cond),B02,125,spike,1,subtle,1,203.69003298968556,True,0.0,1.0
PatchTST-SSL(HoW-cond),B02,125,schedule,3,obvious,192,526.0755733974328,False,,0.0
PatchTST-SSL(global-MAD),B02,125,schedule,3,obvious,144,73.88684149926895,False,,0.0
PatchTST-SSL(global-MAD),B02,125,spike,1,subtle,1,207.4652909768323,True,0.0,1.0
PatchTST-SSL(global-MAD),B02,125,spike,2,moderate,5,709.0557953669074,True,1.0,0.8
PatchTST-SSL(global-MAD),B02,125,drift,3,obvious,240,11963.684189700083,False,,0.0
PatchTST-SSL(global-MAD),B02,125,spike,1,subtle,1,203.69003298968556,True,0.0,1.0
PatchTST-SSL(global-MAD),B02,125,schedule,3,obvious,192,526.0755733974328,False,,0.0
HOW-profile(HoW-cond),B02,125,schedule,3,obvious,144,73.88684149926895,True,13.0,0.1041666666666666
HOW-profile(HoW-cond),B02,125,spike,1,subtle,1,207.4652909768323,True,0.0,1.0
HOW-profile(HoW-cond),B02,125,spike,2,moderate,5,709.0557953669074,True,1.0,0.8
HOW-profile(HoW-cond),B02,125,drift,3,obvious,240,11963.684189700083,True,211.0,0.0041666666666666
HOW-profile(HoW-cond),B02,125,spike,1,subtle,1,203.69003298968556,True,0.0,1.0
HOW-profile(HoW-cond),B02,125,schedule,3,obvious,192,526.0755733974328,False,,0.0
HOW-profile(global-MAD),B02,125,schedule,3,obvious,144,73.88684149926895,True,1.0,0.0138888888888888
HOW-profile(global-MAD),B02,125,spike,1,subtle,1,207.4652909768323,True,0.0,1.0
HOW-profile(global-MAD),B02,125,spike,2,moderate,5,709.0557953669074,True,1.0,0.8
HOW-profile(global-MAD),B02,125,drift,3,obvious,240,11963.684189700083,False,,0.0
HOW-profile(global-MAD),B02,125,spike,1,subtle,1,203.69003298968556,True,0.0,1.0
HOW-profile(global-MAD),B02,125,schedule,3,obvious,192,526.0755733974328,False,,0.0
PatchTST-SSL(HoD-cond),B02,125,schedule,3,obvious,144,73.88684149926895,False,,0.0
PatchTST-SSL(HoD-cond),B02,125,spike,1,subtle,1,207.4652909768323,True,0.0,1.0
PatchTST-SSL(HoD-cond),B02,125,spike,2,moderate,5,709.0557953669074,True,2.0,0.6
PatchTST-SSL(HoD-cond),B02,125,drift,3,obvious,240,11963.684189700083,True,165.0,0.0416666666666666
PatchTST-SSL(HoD-cond),B02,125,spike,1,subtle,1,203.69003298968556,True,0.0,1.0
PatchTST-SSL(HoD-cond),B02,125,schedule,3,obvious,192,526.0755733974328,False,,0.0
HOW-profile(HoD-cond),B02,125,schedule,3,obvious,144,73.88684149926895,True,18.0,0.0833333333333333
HOW-profile(HoD-cond),B02,125,spike,1,subtle,1,207.4652909768323,True,0.0,1.0
HOW-profile(HoD-cond),B02,125,spike,2,moderate,5,709.0557953669074,True,1.0,0.8
HOW-profile(HoD-cond),B02,125,drift,3,obvious,240,11963.684189700083,False,,0.0
HOW-profile(HoD-cond),B02,125,spike,1,subtle,1,203.69003298968556,True,0.0,1.0
HOW-profile(HoD-cond),B02,125,schedule,3,obvious,192,526.0755733974328,False,,0.0
TOWT(HoW-cond),B02,125,schedule,3,obvious,144,73.88684149926895,True,7.0,0.0277777777777777
TOWT(HoW-cond),B02,125,spike,1,subtle,1,207.4652909768323,True,0.0,1.0
TOWT(HoW-cond),B02,125,spike,2,moderate,5,709.0557953669074,True,1.0,0.8
TOWT(HoW-cond),B02,125,drift,3,obvious,240,11963.684189700083,False,,0.0
TOWT(HoW-cond),B02,125,spike,1,subtle,1,203.69003298968556,True,0.0,1.0
TOWT(HoW-cond),B02,125,schedule,3,obvious,192,526.0755733974328,False,,0.0
IsolationForest(t),B02,125,schedule,3,obvious,144,73.88684149926895,True,17.0,0.1527777777777778
IsolationForest(t),B02,125,spike,1,subtle,1,207.4652909768323,True,0.0,1.0
IsolationForest(t),B02,125,spike,2,moderate,5,709.0557953669074,True,1.0,0.8
IsolationForest(t),B02,125,drift,3,obvious,240,11963.684189700083,False,,0.0
IsolationForest(t),B02,125,spike,1,subtle,1,203.69003298968556,True,0.0,1.0
IsolationForest(t),B02,125,schedule,3,obvious,192,526.0755733974328,False,,0.0
OC-SVM(t),B02,125,schedule,3,obvious,144,73.88684149926895,True,18.0,0.0833333333333333
OC-SVM(t),B02,125,spike,1,subtle,1,207.4652909768323,True,0.0,1.0
OC-SVM(t),B02,125,spike,2,moderate,5,709.0557953669074,True,1.0,0.8
OC-SVM(t),B02,125,drift,3,obvious,240,11963.684189700083,True,160.0,0.1
OC-SVM(t),B02,125,spike,1,subtle,1,203.69003298968556,True,0.0,1.0
OC-SVM(t),B02,125,schedule,3,obvious,192,526.0755733974328,False,,0.0
Autoencoder(t),B02,125,schedule,3,obvious,144,73.88684149926895,True,4.0,0.1527777777777778
Autoencoder(t),B02,125,spike,1,subtle,1,207.4652909768323,True,0.0,1.0
Autoencoder(t),B02,125,spike,2,moderate,5,709.0557953669074,True,1.0,0.8
Autoencoder(t),B02,125,drift,3,obvious,240,11963.684189700083,True,160.0,0.15
Autoencoder(t),B02,125,spike,1,subtle,1,203.69003298968556,True,0.0,1.0
Autoencoder(t),B02,125,schedule,3,obvious,192,526.0755733974328,False,,0.0
LSTM-AE(t),B02,125,schedule,3,obvious,144,73.88684149926895,True,43.0,0.3333333333333333
LSTM-AE(t),B02,125,spike,1,subtle,1,207.4652909768323,False,,0.0
LSTM-AE(t),B02,125,spike,2,moderate,5,709.0557953669074,True,0.0,1.0
LSTM-AE(t),B02,125,drift,3,obvious,240,11963.684189700083,False,,0.0
LSTM-AE(t),B02,125,spike,1,subtle,1,203.69003298968556,True,0.0,1.0
LSTM-AE(t),B02,125,schedule,3,obvious,192,526.0755733974328,False,,0.0
PatchTST-SSL(HoW-cond),B03,125,spike,1,subtle,5,415.5706895470089,True,0.0,1.0
PatchTST-SSL(HoW-cond),B03,125,drift,1,subtle,288,2754.5674705008073,True,7.0,0.2881944444444444
PatchTST-SSL(HoW-cond),B03,125,drift,3,obvious,168,5004.269505975828,True,3.0,0.5238095238095238
PatchTST-SSL(HoW-cond),B03,125,schedule,3,obvious,96,498.997802600966,True,4.0,0.1666666666666666
PatchTST-SSL(HoW-cond),B03,125,spike,3,obvious,1,419.58761891582185,True,0.0,1.0
PatchTST-SSL(HoW-cond),B03,125,spike,2,moderate,3,339.5276044923797,True,1.0,0.6666666666666666
PatchTST-SSL(global-MAD),B03,125,spike,1,subtle,5,415.5706895470089,True,2.0,0.6
PatchTST-SSL(global-MAD),B03,125,drift,1,subtle,288,2754.5674705008073,False,,0.0
PatchTST-SSL(global-MAD),B03,125,drift,3,obvious,168,5004.269505975828,True,154.0,0.0178571428571428
PatchTST-SSL(global-MAD),B03,125,schedule,3,obvious,96,498.997802600966,False,,0.0
PatchTST-SSL(global-MAD),B03,125,spike,3,obvious,1,419.58761891582185,True,0.0,1.0
PatchTST-SSL(global-MAD),B03,125,spike,2,moderate,3,339.5276044923797,True,2.0,0.3333333333333333
HOW-profile(HoW-cond),B03,125,spike,1,subtle,5,415.5706895470089,True,1.0,0.8
HOW-profile(HoW-cond),B03,125,drift,1,subtle,288,2754.5674705008073,True,14.0,0.15625
HOW-profile(HoW-cond),B03,125,drift,3,obvious,168,5004.269505975828,True,23.0,0.4047619047619047
HOW-profile(HoW-cond),B03,125,schedule,3,obvious,96,498.997802600966,True,8.0,0.0104166666666666
HOW-profile(HoW-cond),B03,125,spike,3,obvious,1,419.58761891582185,True,0.0,1.0
HOW-profile(HoW-cond),B03,125,spike,2,moderate,3,339.5276044923797,True,1.0,0.6666666666666666
HOW-profile(global-MAD),B03,125,spike,1,subtle,5,415.5706895470089,True,1.0,0.8
HOW-profile(global-MAD),B03,125,drift,1,subtle,288,2754.5674705008073,True,58.0,0.0520833333333333
HOW-profile(global-MAD),B03,125,drift,3,obvious,168,5004.269505975828,True,45.0,0.5
HOW-profile(global-MAD),B03,125,schedule,3,obvious,96,498.997802600966,False,,0.0
HOW-profile(global-MAD),B03,125,spike,3,obvious,1,419.58761891582185,True,0.0,1.0
HOW-profile(global-MAD),B03,125,spike,2,moderate,3,339.5276044923797,True,1.0,0.6666666666666666
PatchTST-SSL(HoD-cond),B03,125,spike,1,subtle,5,415.5706895470089,True,1.0,0.8
PatchTST-SSL(HoD-cond),B03,125,drift,1,subtle,288,2754.5674705008073,True,104.0,0.0416666666666666
PatchTST-SSL(HoD-cond),B03,125,drift,3,obvious,168,5004.269505975828,True,45.0,0.1964285714285714
PatchTST-SSL(HoD-cond),B03,125,schedule,3,obvious,96,498.997802600966,False,,0.0
PatchTST-SSL(HoD-cond),B03,125,spike,3,obvious,1,419.58761891582185,True,0.0,1.0
PatchTST-SSL(HoD-cond),B03,125,spike,2,moderate,3,339.5276044923797,True,1.0,0.6666666666666666
HOW-profile(HoD-cond),B03,125,spike,1,subtle,5,415.5706895470089,True,1.0,0.8
HOW-profile(HoD-cond),B03,125,drift,1,subtle,288,2754.5674705008073,True,10.0,0.1805555555555555
HOW-profile(HoD-cond),B03,125,drift,3,obvious,168,5004.269505975828,True,48.0,0.4285714285714285
HOW-profile(HoD-cond),B03,125,schedule,3,obvious,96,498.997802600966,False,,0.0
HOW-profile(HoD-cond),B03,125,spike,3,obvious,1,419.58761891582185,True,0.0,1.0
HOW-profile(HoD-cond),B03,125,spike,2,moderate,3,339.5276044923797,True,1.0,0.6666666666666666
TOWT(HoW-cond),B03,125,spike,1,subtle,5,415.5706895470089,True,1.0,0.8
TOWT(HoW-cond),B03,125,drift,1,subtle,288,2754.5674705008073,True,180.0,0.0138888888888888
TOWT(HoW-cond),B03,125,drift,3,obvious,168,5004.269505975828,True,8.0,0.8095238095238095
TOWT(HoW-cond),B03,125,schedule,3,obvious,96,498.997802600966,False,,0.0
TOWT(HoW-cond),B03,125,spike,3,obvious,1,419.58761891582185,True,0.0,1.0
TOWT(HoW-cond),B03,125,spike,2,moderate,3,339.5276044923797,True,1.0,0.6666666666666666
IsolationForest(t),B03,125,spike,1,subtle,5,415.5706895470089,True,2.0,0.6
IsolationForest(t),B03,125,drift,1,subtle,288,2754.5674705008073,True,46.0,0.0173611111111111
IsolationForest(t),B03,125,drift,3,obvious,168,5004.269505975828,True,40.0,0.4821428571428571
IsolationForest(t),B03,125,schedule,3,obvious,96,498.997802600966,True,19.0,0.0625
IsolationForest(t),B03,125,spike,3,obvious,1,419.58761891582185,True,0.0,1.0
IsolationForest(t),B03,125,spike,2,moderate,3,339.5276044923797,True,1.0,0.6666666666666666
OC-SVM(t),B03,125,spike,1,subtle,5,415.5706895470089,True,2.0,0.6
OC-SVM(t),B03,125,drift,1,subtle,288,2754.5674705008073,False,,0.0
OC-SVM(t),B03,125,drift,3,obvious,168,5004.269505975828,True,41.0,0.1547619047619047
OC-SVM(t),B03,125,schedule,3,obvious,96,498.997802600966,True,41.0,0.125
OC-SVM(t),B03,125,spike,3,obvious,1,419.58761891582185,True,0.0,1.0
OC-SVM(t),B03,125,spike,2,moderate,3,339.5276044923797,True,1.0,0.6666666666666666
Autoencoder(t),B03,125,spike,1,subtle,5,415.5706895470089,True,3.0,0.4
Autoencoder(t),B03,125,drift,1,subtle,288,2754.5674705008073,True,11.0,0.1041666666666666
Autoencoder(t),B03,125,drift,3,obvious,168,5004.269505975828,True,4.0,0.3273809523809524
Autoencoder(t),B03,125,schedule,3,obvious,96,498.997802600966,True,10.0,0.09375
Autoencoder(t),B03,125,spike,3,obvious,1,419.58761891582185,True,0.0,1.0
Autoencoder(t),B03,125,spike,2,moderate,3,339.5276044923797,True,2.0,0.3333333333333333
LSTM-AE(t),B03,125,spike,1,subtle,5,415.5706895470089,False,,0.0
LSTM-AE(t),B03,125,drift,1,subtle,288,2754.5674705008073,False,,0.0
LSTM-AE(t),B03,125,drift,3,obvious,168,5004.269505975828,False,,0.0
LSTM-AE(t),B03,125,schedule,3,obvious,96,498.997802600966,False,,0.0
LSTM-AE(t),B03,125,spike,3,obvious,1,419.58761891582185,False,,0.0
LSTM-AE(t),B03,125,spike,2,moderate,3,339.5276044923797,False,,0.0
PatchTST-SSL(HoW-cond),B04,125,drift,1,subtle,216,1165.3355278896693,True,45.0,0.2592592592592592
PatchTST-SSL(HoW-cond),B04,125,schedule,1,subtle,120,65.16197088798393,True,2.0,0.1916666666666666
PatchTST-SSL(HoW-cond),B04,125,schedule,3,obvious,168,1238.2560558069283,True,9.0,0.4285714285714285
PatchTST-SSL(HoW-cond),B04,125,drift,2,moderate,120,1173.9547048962156,True,23.0,0.3333333333333333
PatchTST-SSL(HoW-cond),B04,125,spike,1,subtle,3,210.31018209124437,True,1.0,0.6666666666666666
PatchTST-SSL(HoW-cond),B04,125,spike,3,obvious,4,827.2124539597141,True,1.0,0.75
PatchTST-SSL(global-MAD),B04,125,drift,1,subtle,216,1165.3355278896693,True,27.0,0.0092592592592592
PatchTST-SSL(global-MAD),B04,125,schedule,1,subtle,120,65.16197088798393,False,,0.0
PatchTST-SSL(global-MAD),B04,125,schedule,3,obvious,168,1238.2560558069283,False,,0.0
PatchTST-SSL(global-MAD),B04,125,drift,2,moderate,120,1173.9547048962156,False,,0.0
PatchTST-SSL(global-MAD),B04,125,spike,1,subtle,3,210.31018209124437,True,2.0,0.3333333333333333
PatchTST-SSL(global-MAD),B04,125,spike,3,obvious,4,827.2124539597141,True,1.0,0.75
HOW-profile(HoW-cond),B04,125,drift,1,subtle,216,1165.3355278896693,True,191.0,0.0046296296296296
HOW-profile(HoW-cond),B04,125,schedule,1,subtle,120,65.16197088798393,False,,0.0
HOW-profile(HoW-cond),B04,125,schedule,3,obvious,168,1238.2560558069283,True,12.0,0.1071428571428571
HOW-profile(HoW-cond),B04,125,drift,2,moderate,120,1173.9547048962156,True,26.0,0.0166666666666666
HOW-profile(HoW-cond),B04,125,spike,1,subtle,3,210.31018209124437,True,1.0,0.6666666666666666
HOW-profile(HoW-cond),B04,125,spike,3,obvious,4,827.2124539597141,True,1.0,0.75
HOW-profile(global-MAD),B04,125,drift,1,subtle,216,1165.3355278896693,False,,0.0
HOW-profile(global-MAD),B04,125,schedule,1,subtle,120,65.16197088798393,False,,0.0
HOW-profile(global-MAD),B04,125,schedule,3,obvious,168,1238.2560558069283,True,12.0,0.0297619047619047
HOW-profile(global-MAD),B04,125,drift,2,moderate,120,1173.9547048962156,True,99.0,0.0083333333333333
HOW-profile(global-MAD),B04,125,spike,1,subtle,3,210.31018209124437,True,1.0,0.6666666666666666
HOW-profile(global-MAD),B04,125,spike,3,obvious,4,827.2124539597141,True,1.0,0.75
PatchTST-SSL(HoD-cond),B04,125,drift,1,subtle,216,1165.3355278896693,True,112.0,0.0324074074074074
PatchTST-SSL(HoD-cond),B04,125,schedule,1,subtle,120,65.16197088798393,True,92.0,0.0166666666666666
PatchTST-SSL(HoD-cond),B04,125,schedule,3,obvious,168,1238.2560558069283,True,13.0,0.119047619047619
PatchTST-SSL(HoD-cond),B04,125,drift,2,moderate,120,1173.9547048962156,True,26.0,0.0416666666666666
PatchTST-SSL(HoD-cond),B04,125,spike,1,subtle,3,210.31018209124437,True,1.0,0.6666666666666666
PatchTST-SSL(HoD-cond),B04,125,spike,3,obvious,4,827.2124539597141,True,2.0,0.5
HOW-profile(HoD-cond),B04,125,drift,1,subtle,216,1165.3355278896693,False,,0.0
HOW-profile(HoD-cond),B04,125,schedule,1,subtle,120,65.16197088798393,True,47.0,0.0083333333333333
HOW-profile(HoD-cond),B04,125,schedule,3,obvious,168,1238.2560558069283,True,12.0,0.0833333333333333
HOW-profile(HoD-cond),B04,125,drift,2,moderate,120,1173.9547048962156,False,,0.0
HOW-profile(HoD-cond),B04,125,spike,1,subtle,3,210.31018209124437,True,1.0,0.6666666666666666
HOW-profile(HoD-cond),B04,125,spike,3,obvious,4,827.2124539597141,True,1.0,0.75
TOWT(HoW-cond),B04,125,drift,1,subtle,216,1165.3355278896693,True,74.0,0.0277777777777777
TOWT(HoW-cond),B04,125,schedule,1,subtle,120,65.16197088798393,False,,0.0
TOWT(HoW-cond),B04,125,schedule,3,obvious,168,1238.2560558069283,True,9.0,0.0714285714285714
TOWT(HoW-cond),B04,125,drift,2,moderate,120,1173.9547048962156,True,20.0,0.3166666666666666
TOWT(HoW-cond),B04,125,spike,1,subtle,3,210.31018209124437,True,1.0,0.6666666666666666
TOWT(HoW-cond),B04,125,spike,3,obvious,4,827.2124539597141,True,1.0,0.75
IsolationForest(t),B04,125,drift,1,subtle,216,1165.3355278896693,True,147.0,0.0046296296296296
IsolationForest(t),B04,125,schedule,1,subtle,120,65.16197088798393,True,10.0,0.0666666666666666
IsolationForest(t),B04,125,schedule,3,obvious,168,1238.2560558069283,True,6.0,0.0297619047619047
IsolationForest(t),B04,125,drift,2,moderate,120,1173.9547048962156,True,10.0,0.3166666666666666
IsolationForest(t),B04,125,spike,1,subtle,3,210.31018209124437,True,1.0,0.6666666666666666
IsolationForest(t),B04,125,spike,3,obvious,4,827.2124539597141,True,1.0,0.75
OC-SVM(t),B04,125,drift,1,subtle,216,1165.3355278896693,True,147.0,0.0046296296296296
OC-SVM(t),B04,125,schedule,1,subtle,120,65.16197088798393,False,,0.0
OC-SVM(t),B04,125,schedule,3,obvious,168,1238.2560558069283,True,145.0,0.0297619047619047
OC-SVM(t),B04,125,drift,2,moderate,120,1173.9547048962156,True,36.0,0.0416666666666666
OC-SVM(t),B04,125,spike,1,subtle,3,210.31018209124437,True,2.0,0.3333333333333333
OC-SVM(t),B04,125,spike,3,obvious,4,827.2124539597141,True,1.0,0.75
Autoencoder(t),B04,125,drift,1,subtle,216,1165.3355278896693,True,8.0,0.1296296296296296
Autoencoder(t),B04,125,schedule,1,subtle,120,65.16197088798393,True,2.0,0.1916666666666666
Autoencoder(t),B04,125,schedule,3,obvious,168,1238.2560558069283,True,1.0,0.1369047619047619
Autoencoder(t),B04,125,drift,2,moderate,120,1173.9547048962156,True,8.0,0.175
Autoencoder(t),B04,125,spike,1,subtle,3,210.31018209124437,True,1.0,0.6666666666666666
Autoencoder(t),B04,125,spike,3,obvious,4,827.2124539597141,True,1.0,0.75
LSTM-AE(t),B04,125,drift,1,subtle,216,1165.3355278896693,False,,0.0
LSTM-AE(t),B04,125,schedule,1,subtle,120,65.16197088798393,False,,0.0
LSTM-AE(t),B04,125,schedule,3,obvious,168,1238.2560558069283,False,,0.0
LSTM-AE(t),B04,125,drift,2,moderate,120,1173.9547048962156,False,,0.0
LSTM-AE(t),B04,125,spike,1,subtle,3,210.31018209124437,False,,0.0
LSTM-AE(t),B04,125,spike,3,obvious,4,827.2124539597141,True,0.0,1.0
PatchTST-SSL(HoW-cond),B05,125,drift,3,obvious,144,2527.0250213952904,True,33.0,0.3541666666666667
PatchTST-SSL(HoW-cond),B05,125,schedule,3,obvious,72,112.62052665646829,True,15.0,0.1388888888888889
PatchTST-SSL(HoW-cond),B05,125,spike,1,subtle,5,440.1304512872661,True,2.0,0.6
PatchTST-SSL(HoW-cond),B05,125,spike,1,subtle,1,185.3204411416608,True,0.0,1.0
PatchTST-SSL(HoW-cond),B05,125,drift,2,moderate,216,3649.119636380795,True,32.0,0.3981481481481481
PatchTST-SSL(HoW-cond),B05,125,spike,1,subtle,4,297.4423915193778,True,1.0,0.75
PatchTST-SSL(global-MAD),B05,125,drift,3,obvious,144,2527.0250213952904,True,65.0,0.0138888888888888
PatchTST-SSL(global-MAD),B05,125,schedule,3,obvious,72,112.62052665646829,False,,0.0
PatchTST-SSL(global-MAD),B05,125,spike,1,subtle,5,440.1304512872661,True,3.0,0.4
PatchTST-SSL(global-MAD),B05,125,spike,1,subtle,1,185.3204411416608,True,0.0,1.0
PatchTST-SSL(global-MAD),B05,125,drift,2,moderate,216,3649.119636380795,True,87.0,0.0092592592592592
PatchTST-SSL(global-MAD),B05,125,spike,1,subtle,4,297.4423915193778,True,3.0,0.25
HOW-profile(HoW-cond),B05,125,drift,3,obvious,144,2527.0250213952904,True,54.0,0.1388888888888889
HOW-profile(HoW-cond),B05,125,schedule,3,obvious,72,112.62052665646829,True,23.0,0.0416666666666666
HOW-profile(HoW-cond),B05,125,spike,1,subtle,5,440.1304512872661,True,2.0,0.6
HOW-profile(HoW-cond),B05,125,spike,1,subtle,1,185.3204411416608,True,0.0,1.0
HOW-profile(HoW-cond),B05,125,drift,2,moderate,216,3649.119636380795,True,37.0,0.1666666666666666
HOW-profile(HoW-cond),B05,125,spike,1,subtle,4,297.4423915193778,True,2.0,0.5
HOW-profile(global-MAD),B05,125,drift,3,obvious,144,2527.0250213952904,True,57.0,0.2083333333333333
HOW-profile(global-MAD),B05,125,schedule,3,obvious,72,112.62052665646829,True,47.0,0.0138888888888888
HOW-profile(global-MAD),B05,125,spike,1,subtle,5,440.1304512872661,True,2.0,0.6
HOW-profile(global-MAD),B05,125,spike,1,subtle,1,185.3204411416608,True,0.0,1.0
HOW-profile(global-MAD),B05,125,drift,2,moderate,216,3649.119636380795,True,100.0,0.1574074074074074
HOW-profile(global-MAD),B05,125,spike,1,subtle,4,297.4423915193778,True,1.0,0.75
PatchTST-SSL(HoD-cond),B05,125,drift,3,obvious,144,2527.0250213952904,True,54.0,0.1597222222222222
PatchTST-SSL(HoD-cond),B05,125,schedule,3,obvious,72,112.62052665646829,False,,0.0
PatchTST-SSL(HoD-cond),B05,125,spike,1,subtle,5,440.1304512872661,True,2.0,0.6
PatchTST-SSL(HoD-cond),B05,125,spike,1,subtle,1,185.3204411416608,True,0.0,1.0
PatchTST-SSL(HoD-cond),B05,125,drift,2,moderate,216,3649.119636380795,True,77.0,0.1296296296296296
PatchTST-SSL(HoD-cond),B05,125,spike,1,subtle,4,297.4423915193778,True,1.0,0.75
HOW-profile(HoD-cond),B05,125,drift,3,obvious,144,2527.0250213952904,True,78.0,0.0972222222222222
HOW-profile(HoD-cond),B05,125,schedule,3,obvious,72,112.62052665646829,True,47.0,0.0138888888888888
HOW-profile(HoD-cond),B05,125,spike,1,subtle,5,440.1304512872661,True,2.0,0.6
HOW-profile(HoD-cond),B05,125,spike,1,subtle,1,185.3204411416608,True,0.0,1.0
HOW-profile(HoD-cond),B05,125,drift,2,moderate,216,3649.119636380795,True,100.0,0.1157407407407407
HOW-profile(HoD-cond),B05,125,spike,1,subtle,4,297.4423915193778,True,1.0,0.75
TOWT(HoW-cond),B05,125,drift,3,obvious,144,2527.0250213952904,True,37.0,0.4513888888888889
TOWT(HoW-cond),B05,125,schedule,3,obvious,72,112.62052665646829,True,13.0,0.0694444444444444
TOWT(HoW-cond),B05,125,spike,1,subtle,5,440.1304512872661,True,1.0,0.8
TOWT(HoW-cond),B05,125,spike,1,subtle,1,185.3204411416608,True,0.0,1.0
TOWT(HoW-cond),B05,125,drift,2,moderate,216,3649.119636380795,True,37.0,0.2592592592592592
TOWT(HoW-cond),B05,125,spike,1,subtle,4,297.4423915193778,True,1.0,0.75
IsolationForest(t),B05,125,drift,3,obvious,144,2527.0250213952904,True,14.0,0.4097222222222222
IsolationForest(t),B05,125,schedule,3,obvious,72,112.62052665646829,True,1.0,0.0555555555555555
IsolationForest(t),B05,125,spike,1,subtle,5,440.1304512872661,True,2.0,0.6
IsolationForest(t),B05,125,spike,1,subtle,1,185.3204411416608,True,0.0,1.0
IsolationForest(t),B05,125,drift,2,moderate,216,3649.119636380795,True,35.0,0.3611111111111111
IsolationForest(t),B05,125,spike,1,subtle,4,297.4423915193778,True,1.0,0.75
OC-SVM(t),B05,125,drift,3,obvious,144,2527.0250213952904,True,89.0,0.0416666666666666
OC-SVM(t),B05,125,schedule,3,obvious,72,112.62052665646829,False,,0.0
OC-SVM(t),B05,125,spike,1,subtle,5,440.1304512872661,True,3.0,0.4
OC-SVM(t),B05,125,spike,1,subtle,1,185.3204411416608,True,0.0,1.0
OC-SVM(t),B05,125,drift,2,moderate,216,3649.119636380795,True,39.0,0.0509259259259259
OC-SVM(t),B05,125,spike,1,subtle,4,297.4423915193778,True,2.0,0.5
Autoencoder(t),B05,125,drift,3,obvious,144,2527.0250213952904,True,8.0,0.3263888888888889
Autoencoder(t),B05,125,schedule,3,obvious,72,112.62052665646829,True,8.0,0.1111111111111111
Autoencoder(t),B05,125,spike,1,subtle,5,440.1304512872661,True,3.0,0.4
Autoencoder(t),B05,125,spike,1,subtle,1,185.3204411416608,True,0.0,1.0
Autoencoder(t),B05,125,drift,2,moderate,216,3649.119636380795,True,9.0,0.324074074074074
Autoencoder(t),B05,125,spike,1,subtle,4,297.4423915193778,True,2.0,0.5
LSTM-AE(t),B05,125,drift,3,obvious,144,2527.0250213952904,True,0.0,0.1805555555555555
LSTM-AE(t),B05,125,schedule,3,obvious,72,112.62052665646829,False,,0.0
LSTM-AE(t),B05,125,spike,1,subtle,5,440.1304512872661,False,,0.0
LSTM-AE(t),B05,125,spike,1,subtle,1,185.3204411416608,False,,0.0
LSTM-AE(t),B05,125,drift,2,moderate,216,3649.119636380795,False,,0.0
LSTM-AE(t),B05,125,spike,1,subtle,4,297.4423915193778,True,0.0,1.0
PatchTST-SSL(HoW-cond),B06,125,schedule,3,obvious,216,1278.3662686695257,True,4.0,0.3611111111111111
PatchTST-SSL(HoW-cond),B06,125,spike,3,obvious,1,389.81634744498047,True,0.0,1.0
PatchTST-SSL(HoW-cond),B06,125,schedule,3,obvious,144,206.58803807525297,True,6.0,0.0277777777777777
PatchTST-SSL(HoW-cond),B06,125,drift,1,subtle,240,1821.9149822496252,True,10.0,0.2916666666666667
PatchTST-SSL(HoW-cond),B06,125,spike,1,subtle,4,334.22999527048717,True,1.0,0.75
PatchTST-SSL(HoW-cond),B06,125,schedule,3,obvious,96,321.36687505240633,True,33.0,0.0208333333333333
PatchTST-SSL(global-MAD),B06,125,schedule,3,obvious,216,1278.3662686695257,True,139.0,0.0046296296296296
PatchTST-SSL(global-MAD),B06,125,spike,3,obvious,1,389.81634744498047,True,0.0,1.0
PatchTST-SSL(global-MAD),B06,125,schedule,3,obvious,144,206.58803807525297,True,111.0,0.0138888888888888
PatchTST-SSL(global-MAD),B06,125,drift,1,subtle,240,1821.9149822496252,True,20.0,0.0166666666666666
PatchTST-SSL(global-MAD),B06,125,spike,1,subtle,4,334.22999527048717,True,2.0,0.5
PatchTST-SSL(global-MAD),B06,125,schedule,3,obvious,96,321.36687505240633,False,,0.0
HOW-profile(HoW-cond),B06,125,schedule,3,obvious,216,1278.3662686695257,True,6.0,0.0833333333333333
HOW-profile(HoW-cond),B06,125,spike,3,obvious,1,389.81634744498047,True,0.0,1.0
HOW-profile(HoW-cond),B06,125,schedule,3,obvious,144,206.58803807525297,False,,0.0
HOW-profile(HoW-cond),B06,125,drift,1,subtle,240,1821.9149822496252,True,32.0,0.025
HOW-profile(HoW-cond),B06,125,spike,1,subtle,4,334.22999527048717,True,2.0,0.5
HOW-profile(HoW-cond),B06,125,schedule,3,obvious,96,321.36687505240633,False,,0.0
HOW-profile(global-MAD),B06,125,schedule,3,obvious,216,1278.3662686695257,True,6.0,0.0833333333333333
HOW-profile(global-MAD),B06,125,spike,3,obvious,1,389.81634744498047,True,0.0,1.0
HOW-profile(global-MAD),B06,125,schedule,3,obvious,144,206.58803807525297,False,,0.0
HOW-profile(global-MAD),B06,125,drift,1,subtle,240,1821.9149822496252,False,,0.0
HOW-profile(global-MAD),B06,125,spike,1,subtle,4,334.22999527048717,True,1.0,0.75
HOW-profile(global-MAD),B06,125,schedule,3,obvious,96,321.36687505240633,False,,0.0
PatchTST-SSL(HoD-cond),B06,125,schedule,3,obvious,216,1278.3662686695257,True,4.0,0.1342592592592592
PatchTST-SSL(HoD-cond),B06,125,spike,3,obvious,1,389.81634744498047,True,0.0,1.0
PatchTST-SSL(HoD-cond),B06,125,schedule,3,obvious,144,206.58803807525297,True,1.0,0.0138888888888888
PatchTST-SSL(HoD-cond),B06,125,drift,1,subtle,240,1821.9149822496252,True,81.0,0.0666666666666666
PatchTST-SSL(HoD-cond),B06,125,spike,1,subtle,4,334.22999527048717,True,1.0,0.75
PatchTST-SSL(HoD-cond),B06,125,schedule,3,obvious,96,321.36687505240633,True,33.0,0.0625
HOW-profile(HoD-cond),B06,125,schedule,3,obvious,216,1278.3662686695257,True,6.0,0.037037037037037
HOW-profile(HoD-cond),B06,125,spike,3,obvious,1,389.81634744498047,True,0.0,1.0
HOW-profile(HoD-cond),B06,125,schedule,3,obvious,144,206.58803807525297,False,,0.0
HOW-profile(HoD-cond),B06,125,drift,1,subtle,240,1821.9149822496252,True,65.0,0.0041666666666666
HOW-profile(HoD-cond),B06,125,spike,1,subtle,4,334.22999527048717,True,1.0,0.75
HOW-profile(HoD-cond),B06,125,schedule,3,obvious,96,321.36687505240633,False,,0.0
TOWT(HoW-cond),B06,125,schedule,3,obvious,216,1278.3662686695257,True,4.0,0.2731481481481481
TOWT(HoW-cond),B06,125,spike,3,obvious,1,389.81634744498047,True,0.0,1.0
TOWT(HoW-cond),B06,125,schedule,3,obvious,144,206.58803807525297,False,,0.0
TOWT(HoW-cond),B06,125,drift,1,subtle,240,1821.9149822496252,True,17.0,0.2125
TOWT(HoW-cond),B06,125,spike,1,subtle,4,334.22999527048717,True,1.0,0.75
TOWT(HoW-cond),B06,125,schedule,3,obvious,96,321.36687505240633,True,56.0,0.0104166666666666
IsolationForest(t),B06,125,schedule,3,obvious,216,1278.3662686695257,True,8.0,0.0231481481481481
IsolationForest(t),B06,125,spike,3,obvious,1,389.81634744498047,True,0.0,1.0
IsolationForest(t),B06,125,schedule,3,obvious,144,206.58803807525297,True,63.0,0.0208333333333333
IsolationForest(t),B06,125,drift,1,subtle,240,1821.9149822496252,True,16.0,0.275
IsolationForest(t),B06,125,spike,1,subtle,4,334.22999527048717,True,2.0,0.5
IsolationForest(t),B06,125,schedule,3,obvious,96,321.36687505240633,False,,0.0
OC-SVM(t),B06,125,schedule,3,obvious,216,1278.3662686695257,True,22.0,0.0648148148148148
OC-SVM(t),B06,125,spike,3,obvious,1,389.81634744498047,True,0.0,1.0
OC-SVM(t),B06,125,schedule,3,obvious,144,206.58803807525297,True,16.0,0.0972222222222222
OC-SVM(t),B06,125,drift,1,subtle,240,1821.9149822496252,True,20.0,0.1
OC-SVM(t),B06,125,spike,1,subtle,4,334.22999527048717,True,2.0,0.5
OC-SVM(t),B06,125,schedule,3,obvious,96,321.36687505240633,True,70.0,0.09375
Autoencoder(t),B06,125,schedule,3,obvious,216,1278.3662686695257,True,7.0,0.1944444444444444
Autoencoder(t),B06,125,spike,3,obvious,1,389.81634744498047,True,0.0,1.0
Autoencoder(t),B06,125,schedule,3,obvious,144,206.58803807525297,True,53.0,0.125
Autoencoder(t),B06,125,drift,1,subtle,240,1821.9149822496252,True,3.0,0.2875
Autoencoder(t),B06,125,spike,1,subtle,4,334.22999527048717,True,2.0,0.5
Autoencoder(t),B06,125,schedule,3,obvious,96,321.36687505240633,True,15.0,0.0416666666666666
LSTM-AE(t),B06,125,schedule,3,obvious,216,1278.3662686695257,False,,0.0
LSTM-AE(t),B06,125,spike,3,obvious,1,389.81634744498047,True,0.0,1.0
LSTM-AE(t),B06,125,schedule,3,obvious,144,206.58803807525297,False,,0.0
LSTM-AE(t),B06,125,drift,1,subtle,240,1821.9149822496252,False,,0.0
LSTM-AE(t),B06,125,spike,1,subtle,4,334.22999527048717,False,,0.0
LSTM-AE(t),B06,125,schedule,3,obvious,96,321.36687505240633,False,,0.0
PatchTST-SSL(HoW-cond),B07,125,spike,3,obvious,3,888.5468313873996,True,1.0,0.6666666666666666
PatchTST-SSL(HoW-cond),B07,125,schedule,3,obvious,144,2044.2706512349991,True,13.0,0.4375
PatchTST-SSL(HoW-cond),B07,125,spike,1,subtle,1,267.0711845012388,True,0.0,1.0
PatchTST-SSL(HoW-cond),B07,125,drift,3,obvious,120,3817.966441208307,True,33.0,0.2916666666666667
PatchTST-SSL(HoW-cond),B07,125,drift,3,obvious,168,7971.764883260736,True,13.0,0.5833333333333334
PatchTST-SSL(HoW-cond),B07,125,drift,3,obvious,240,13399.840714675976,True,5.0,0.3333333333333333
PatchTST-SSL(global-MAD),B07,125,spike,3,obvious,3,888.5468313873996,True,1.0,0.6666666666666666
PatchTST-SSL(global-MAD),B07,125,schedule,3,obvious,144,2044.2706512349991,False,,0.0
PatchTST-SSL(global-MAD),B07,125,spike,1,subtle,1,267.0711845012388,True,0.0,1.0
PatchTST-SSL(global-MAD),B07,125,drift,3,obvious,120,3817.966441208307,True,117.0,0.0083333333333333
PatchTST-SSL(global-MAD),B07,125,drift,3,obvious,168,7971.764883260736,True,80.0,0.0238095238095238
PatchTST-SSL(global-MAD),B07,125,drift,3,obvious,240,13399.840714675976,False,,0.0
HOW-profile(HoW-cond),B07,125,spike,3,obvious,3,888.5468313873996,True,1.0,0.6666666666666666
HOW-profile(HoW-cond),B07,125,schedule,3,obvious,144,2044.2706512349991,True,15.0,0.3333333333333333
HOW-profile(HoW-cond),B07,125,spike,1,subtle,1,267.0711845012388,True,0.0,1.0
HOW-profile(HoW-cond),B07,125,drift,3,obvious,120,3817.966441208307,True,57.0,0.2333333333333333
HOW-profile(HoW-cond),B07,125,drift,3,obvious,168,7971.764883260736,True,16.0,0.6190476190476191
HOW-profile(HoW-cond),B07,125,drift,3,obvious,240,13399.840714675976,True,99.0,0.1166666666666666
HOW-profile(global-MAD),B07,125,spike,3,obvious,3,888.5468313873996,True,1.0,0.6666666666666666
HOW-profile(global-MAD),B07,125,schedule,3,obvious,144,2044.2706512349991,True,15.0,0.3680555555555556
HOW-profile(global-MAD),B07,125,spike,1,subtle,1,267.0711845012388,True,0.0,1.0
HOW-profile(global-MAD),B07,125,drift,3,obvious,120,3817.966441208307,True,54.0,0.3
HOW-profile(global-MAD),B07,125,drift,3,obvious,168,7971.764883260736,True,16.0,0.7023809523809523
HOW-profile(global-MAD),B07,125,drift,3,obvious,240,13399.840714675976,False,,0.0
PatchTST-SSL(HoD-cond),B07,125,spike,3,obvious,3,888.5468313873996,True,1.0,0.6666666666666666
PatchTST-SSL(HoD-cond),B07,125,schedule,3,obvious,144,2044.2706512349991,True,15.0,0.1944444444444444
PatchTST-SSL(HoD-cond),B07,125,spike,1,subtle,1,267.0711845012388,True,0.0,1.0
PatchTST-SSL(HoD-cond),B07,125,drift,3,obvious,120,3817.966441208307,True,56.0,0.0916666666666666
PatchTST-SSL(HoD-cond),B07,125,drift,3,obvious,168,7971.764883260736,True,15.0,0.2261904761904762
PatchTST-SSL(HoD-cond),B07,125,drift,3,obvious,240,13399.840714675976,True,74.0,0.1083333333333333
HOW-profile(HoD-cond),B07,125,spike,3,obvious,3,888.5468313873996,True,1.0,0.6666666666666666
HOW-profile(HoD-cond),B07,125,schedule,3,obvious,144,2044.2706512349991,True,15.0,0.3472222222222222
HOW-profile(HoD-cond),B07,125,spike,1,subtle,1,267.0711845012388,True,0.0,1.0
HOW-profile(HoD-cond),B07,125,drift,3,obvious,120,3817.966441208307,True,56.0,0.2333333333333333
HOW-profile(HoD-cond),B07,125,drift,3,obvious,168,7971.764883260736,True,14.0,0.6428571428571429
HOW-profile(HoD-cond),B07,125,drift,3,obvious,240,13399.840714675976,True,77.0,0.0708333333333333
TOWT(HoW-cond),B07,125,spike,3,obvious,3,888.5468313873996,True,1.0,0.6666666666666666
TOWT(HoW-cond),B07,125,schedule,3,obvious,144,2044.2706512349991,True,14.0,0.3958333333333333
TOWT(HoW-cond),B07,125,spike,1,subtle,1,267.0711845012388,True,0.0,1.0
TOWT(HoW-cond),B07,125,drift,3,obvious,120,3817.966441208307,True,34.0,0.6916666666666667
TOWT(HoW-cond),B07,125,drift,3,obvious,168,7971.764883260736,True,13.0,0.7797619047619048
TOWT(HoW-cond),B07,125,drift,3,obvious,240,13399.840714675976,True,56.0,0.1625
IsolationForest(t),B07,125,spike,3,obvious,3,888.5468313873996,True,1.0,0.6666666666666666
IsolationForest(t),B07,125,schedule,3,obvious,144,2044.2706512349991,False,,0.0
IsolationForest(t),B07,125,spike,1,subtle,1,267.0711845012388,True,0.0,1.0
IsolationForest(t),B07,125,drift,3,obvious,120,3817.966441208307,True,74.0,0.0166666666666666
IsolationForest(t),B07,125,drift,3,obvious,168,7971.764883260736,True,80.0,0.0714285714285714
IsolationForest(t),B07,125,drift,3,obvious,240,13399.840714675976,True,117.0,0.0125
OC-SVM(t),B07,125,spike,3,obvious,3,888.5468313873996,True,1.0,0.6666666666666666
OC-SVM(t),B07,125,schedule,3,obvious,144,2044.2706512349991,False,,0.0
OC-SVM(t),B07,125,spike,1,subtle,1,267.0711845012388,True,0.0,1.0
OC-SVM(t),B07,125,drift,3,obvious,120,3817.966441208307,True,98.0,0.0166666666666666
OC-SVM(t),B07,125,drift,3,obvious,168,7971.764883260736,True,128.0,0.0357142857142857
OC-SVM(t),B07,125,drift,3,obvious,240,13399.840714675976,True,93.0,0.2
Autoencoder(t),B07,125,spike,3,obvious,3,888.5468313873996,True,1.0,0.6666666666666666
Autoencoder(t),B07,125,schedule,3,obvious,144,2044.2706512349991,True,2.0,0.0902777777777777
Autoencoder(t),B07,125,spike,1,subtle,1,267.0711845012388,True,0.0,1.0
Autoencoder(t),B07,125,drift,3,obvious,120,3817.966441208307,True,0.0,0.0833333333333333
Autoencoder(t),B07,125,drift,3,obvious,168,7971.764883260736,True,0.0,0.1964285714285714
Autoencoder(t),B07,125,drift,3,obvious,240,13399.840714675976,True,13.0,0.2416666666666666
LSTM-AE(t),B07,125,spike,3,obvious,3,888.5468313873996,True,0.0,1.0
LSTM-AE(t),B07,125,schedule,3,obvious,144,2044.2706512349991,False,,0.0
LSTM-AE(t),B07,125,spike,1,subtle,1,267.0711845012388,False,,0.0
LSTM-AE(t),B07,125,drift,3,obvious,120,3817.966441208307,False,,0.0
LSTM-AE(t),B07,125,drift,3,obvious,168,7971.764883260736,False,,0.0
LSTM-AE(t),B07,125,drift,3,obvious,240,13399.840714675976,False,,0.0
PatchTST-SSL(HoW-cond),B08,125,drift,3,obvious,192,7775.297017927125,True,5.0,0.6145833333333334
PatchTST-SSL(HoW-cond),B08,125,spike,2,moderate,4,392.6485891840828,False,,0.0
PatchTST-SSL(HoW-cond),B08,125,spike,2,moderate,3,298.1405342899203,True,1.0,0.6666666666666666
PatchTST-SSL(HoW-cond),B08,125,spike,3,obvious,2,284.9779847870032,True,1.0,0.5
PatchTST-SSL(HoW-cond),B08,125,spike,3,obvious,3,401.26368848000806,True,1.0,0.6666666666666666
PatchTST-SSL(HoW-cond),B08,125,spike,3,obvious,5,734.4774578570307,True,0.0,1.0
PatchTST-SSL(global-MAD),B08,125,drift,3,obvious,192,7775.297017927125,True,18.0,0.2552083333333333
PatchTST-SSL(global-MAD),B08,125,spike,2,moderate,4,392.6485891840828,False,,0.0
PatchTST-SSL(global-MAD),B08,125,spike,2,moderate,3,298.1405342899203,True,1.0,0.6666666666666666
PatchTST-SSL(global-MAD),B08,125,spike,3,obvious,2,284.9779847870032,True,1.0,0.5
PatchTST-SSL(global-MAD),B08,125,spike,3,obvious,3,401.26368848000806,True,1.0,0.6666666666666666
PatchTST-SSL(global-MAD),B08,125,spike,3,obvious,5,734.4774578570307,True,2.0,0.6
HOW-profile(HoW-cond),B08,125,drift,3,obvious,192,7775.297017927125,True,36.0,0.59375
HOW-profile(HoW-cond),B08,125,spike,2,moderate,4,392.6485891840828,False,,0.0
HOW-profile(HoW-cond),B08,125,spike,2,moderate,3,298.1405342899203,True,1.0,0.6666666666666666
HOW-profile(HoW-cond),B08,125,spike,3,obvious,2,284.9779847870032,True,1.0,0.5
HOW-profile(HoW-cond),B08,125,spike,3,obvious,3,401.26368848000806,True,1.0,0.6666666666666666
HOW-profile(HoW-cond),B08,125,spike,3,obvious,5,734.4774578570307,True,1.0,0.8
HOW-profile(global-MAD),B08,125,drift,3,obvious,192,7775.297017927125,True,52.0,0.6197916666666666
HOW-profile(global-MAD),B08,125,spike,2,moderate,4,392.6485891840828,False,,0.0
HOW-profile(global-MAD),B08,125,spike,2,moderate,3,298.1405342899203,True,1.0,0.6666666666666666
HOW-profile(global-MAD),B08,125,spike,3,obvious,2,284.9779847870032,True,1.0,0.5
HOW-profile(global-MAD),B08,125,spike,3,obvious,3,401.26368848000806,True,1.0,0.6666666666666666
HOW-profile(global-MAD),B08,125,spike,3,obvious,5,734.4774578570307,True,1.0,0.8
PatchTST-SSL(HoD-cond),B08,125,drift,3,obvious,192,7775.297017927125,True,26.0,0.328125
PatchTST-SSL(HoD-cond),B08,125,spike,2,moderate,4,392.6485891840828,False,,0.0
PatchTST-SSL(HoD-cond),B08,125,spike,2,moderate,3,298.1405342899203,True,1.0,0.6666666666666666
PatchTST-SSL(HoD-cond),B08,125,spike,3,obvious,2,284.9779847870032,True,1.0,0.5
PatchTST-SSL(HoD-cond),B08,125,spike,3,obvious,3,401.26368848000806,True,1.0,0.6666666666666666
PatchTST-SSL(HoD-cond),B08,125,spike,3,obvious,5,734.4774578570307,True,0.0,1.0
HOW-profile(HoD-cond),B08,125,drift,3,obvious,192,7775.297017927125,True,54.0,0.609375
HOW-profile(HoD-cond),B08,125,spike,2,moderate,4,392.6485891840828,False,,0.0
HOW-profile(HoD-cond),B08,125,spike,2,moderate,3,298.1405342899203,True,1.0,0.6666666666666666
HOW-profile(HoD-cond),B08,125,spike,3,obvious,2,284.9779847870032,True,1.0,0.5
HOW-profile(HoD-cond),B08,125,spike,3,obvious,3,401.26368848000806,True,1.0,0.6666666666666666
HOW-profile(HoD-cond),B08,125,spike,3,obvious,5,734.4774578570307,True,1.0,0.8
TOWT(HoW-cond),B08,125,drift,3,obvious,192,7775.297017927125,True,15.0,0.8645833333333334
TOWT(HoW-cond),B08,125,spike,2,moderate,4,392.6485891840828,False,,0.0
TOWT(HoW-cond),B08,125,spike,2,moderate,3,298.1405342899203,True,1.0,0.6666666666666666
TOWT(HoW-cond),B08,125,spike,3,obvious,2,284.9779847870032,True,1.0,0.5
TOWT(HoW-cond),B08,125,spike,3,obvious,3,401.26368848000806,True,1.0,0.6666666666666666
TOWT(HoW-cond),B08,125,spike,3,obvious,5,734.4774578570307,True,1.0,0.8
IsolationForest(t),B08,125,drift,3,obvious,192,7775.297017927125,True,94.0,0.0364583333333333
IsolationForest(t),B08,125,spike,2,moderate,4,392.6485891840828,False,,0.0
IsolationForest(t),B08,125,spike,2,moderate,3,298.1405342899203,True,1.0,0.6666666666666666
IsolationForest(t),B08,125,spike,3,obvious,2,284.9779847870032,True,1.0,0.5
IsolationForest(t),B08,125,spike,3,obvious,3,401.26368848000806,True,1.0,0.6666666666666666
IsolationForest(t),B08,125,spike,3,obvious,5,734.4774578570307,True,2.0,0.6
OC-SVM(t),B08,125,drift,3,obvious,192,7775.297017927125,True,23.0,0.3854166666666667
OC-SVM(t),B08,125,spike,2,moderate,4,392.6485891840828,False,,0.0
OC-SVM(t),B08,125,spike,2,moderate,3,298.1405342899203,True,1.0,0.6666666666666666
OC-SVM(t),B08,125,spike,3,obvious,2,284.9779847870032,True,1.0,0.5
OC-SVM(t),B08,125,spike,3,obvious,3,401.26368848000806,True,1.0,0.6666666666666666
OC-SVM(t),B08,125,spike,3,obvious,5,734.4774578570307,True,2.0,0.6
Autoencoder(t),B08,125,drift,3,obvious,192,7775.297017927125,True,15.0,0.4375
Autoencoder(t),B08,125,spike,2,moderate,4,392.6485891840828,False,,0.0
Autoencoder(t),B08,125,spike,2,moderate,3,298.1405342899203,True,1.0,0.6666666666666666
Autoencoder(t),B08,125,spike,3,obvious,2,284.9779847870032,True,1.0,0.5
Autoencoder(t),B08,125,spike,3,obvious,3,401.26368848000806,True,1.0,0.6666666666666666
Autoencoder(t),B08,125,spike,3,obvious,5,734.4774578570307,True,2.0,0.6
LSTM-AE(t),B08,125,drift,3,obvious,192,7775.297017927125,False,,0.0
LSTM-AE(t),B08,125,spike,2,moderate,4,392.6485891840828,False,,0.0
LSTM-AE(t),B08,125,spike,2,moderate,3,298.1405342899203,False,,0.0
LSTM-AE(t),B08,125,spike,3,obvious,2,284.9779847870032,True,0.0,1.0
LSTM-AE(t),B08,125,spike,3,obvious,3,401.26368848000806,True,0.0,1.0
LSTM-AE(t),B08,125,spike,3,obvious,5,734.4774578570307,True,0.0,1.0
