n_events,tp_events,precision,recall,f1,detection_delay_h,detection_rate,false_alarm_rate,model,building_id,seed,train_seed
6,4,0.29411764705882354,0.6666666666666666,0.40816326530612246,44.5,0.6666666666666666,0.025843881856540084,PatchTST-SSL(HoW-cond),Fox_education_Henrietta,123,7
6,4,0.21052631578947367,0.6666666666666666,0.32,48.75,0.6666666666666666,0.026371308016877638,HOW-profile(HoW-cond),Fox_education_Henrietta,123,7
6,3,0.3829787234042553,0.5,0.43373493975903615,52.333333333333336,0.5,0.0776173285198556,PatchTST-SSL(HoW-cond),Fox_retail_Manie,123,7
6,5,0.3492063492063492,0.8333333333333334,0.49217002237136465,41.0,0.8333333333333334,0.10288808664259928,HOW-profile(HoW-cond),Fox_retail_Manie,123,7
6,6,0.7272727272727273,1.0,0.8421052631578948,60.5,1.0,0.011619462599854757,PatchTST-SSL(HoW-cond),Hog_education_Bruno,123,7
6,6,0.4857142857142857,1.0,0.6538461538461539,32.0,1.0,0.026143790849673203,HOW-profile(HoW-cond),Hog_education_Bruno,123,7
6,6,0.7741935483870968,1.0,0.8727272727272727,40.5,1.0,0.019206939281288724,PatchTST-SSL(HoW-cond),Hog_education_Caridad,123,7
6,6,0.8333333333333334,1.0,0.9090909090909091,43.166666666666664,1.0,0.009913258983890954,HOW-profile(HoW-cond),Hog_education_Caridad,123,7
6,4,0.26666666666666666,0.6666666666666666,0.3809523809523809,32.75,0.6666666666666666,0.008912655971479501,PatchTST-SSL(HoW-cond),Hog_education_Josh,123,7
6,3,0.15789473684210525,0.5,0.23999999999999996,36.333333333333336,0.5,0.015448603683897801,HOW-profile(HoW-cond),Hog_education_Josh,123,7
6,4,0.9259259259259259,0.6666666666666666,0.7751937984496123,31.25,0.6666666666666666,0.0012406947890818859,PatchTST-SSL(HoW-cond),Hog_education_Luvenia,123,7
6,4,0.6857142857142857,0.6666666666666666,0.676056338028169,32.25,0.6666666666666666,0.01054590570719603,HOW-profile(HoW-cond),Hog_education_Luvenia,123,7
6,6,0.8103448275862069,1.0,0.8952380952380952,15.166666666666666,1.0,0.008287292817679558,PatchTST-SSL(HoW-cond),Hog_office_Almeda,123,7
6,6,0.6805555555555556,1.0,0.8099173553719008,13.666666666666666,1.0,0.022790055248618785,HOW-profile(HoW-cond),Hog_office_Almeda,123,7
6,5,0.6981132075471698,0.8333333333333334,0.759753593429158,8.6,0.8333333333333334,0.014492753623188406,PatchTST-SSL(HoW-cond),Hog_office_Cortney,123,7
6,5,0.6888888888888889,0.8333333333333334,0.7542579075425792,13.8,0.8333333333333334,0.013862633900441084,HOW-profile(HoW-cond),Hog_office_Cortney,123,7
6,5,0.6538461538461539,0.8333333333333334,0.7327586206896552,45.6,0.8333333333333334,0.010362694300518135,PatchTST-SSL(HoW-cond),Hog_office_Denita,123,7
6,6,0.5185185185185185,1.0,0.6829268292682926,56.333333333333336,1.0,0.012305699481865285,HOW-profile(HoW-cond),Hog_office_Denita,123,7
6,6,0.55,1.0,0.7096774193548387,50.333333333333336,1.0,0.04288631722260041,PatchTST-SSL(HoW-cond),Hog_office_Garrett,123,7
6,6,0.6086956521739131,1.0,0.7567567567567568,21.0,1.0,0.027910142954390742,HOW-profile(HoW-cond),Hog_office_Garrett,123,7
6,6,0.5454545454545454,1.0,0.7058823529411764,43.166666666666664,1.0,0.016059957173447537,PatchTST-SSL(HoW-cond),Hog_office_Lavon,123,7
6,6,0.4375,1.0,0.6086956521739131,35.666666666666664,1.0,0.021948608137044967,HOW-profile(HoW-cond),Hog_office_Lavon,123,7
6,3,0.9411764705882353,0.5,0.6530612244897959,12.666666666666666,0.5,0.0006195786864931846,PatchTST-SSL(HoW-cond),Hog_office_Merilyn,123,7
6,3,0.7777777777777778,0.5,0.6086956521739131,15.0,0.5,0.0012391573729863693,HOW-profile(HoW-cond),Hog_office_Merilyn,123,7
6,5,0.7,0.8333333333333334,0.7608695652173915,23.6,0.8333333333333334,0.00880503144654088,PatchTST-SSL(HoW-cond),Hog_office_Miriam,123,7
6,5,0.5,0.8333333333333334,0.625,14.6,0.8333333333333334,0.011949685534591196,HOW-profile(HoW-cond),Hog_office_Miriam,123,7
6,6,0.9411764705882353,1.0,0.9696969696969697,54.166666666666664,1.0,0.0014316392269148174,PatchTST-SSL(HoW-cond),Hog_office_Napoleon,123,7
6,6,0.9487179487179487,1.0,0.9736842105263158,48.833333333333336,1.0,0.0014316392269148174,HOW-profile(HoW-cond),Hog_office_Napoleon,123,7
6,4,0.6,0.6666666666666666,0.631578947368421,3.75,0.6666666666666666,0.01232394366197183,PatchTST-SSL(HoW-cond),Hog_office_Shawna,123,7
6,5,0.74,0.8333333333333334,0.7838983050847459,3.8,0.8333333333333334,0.01056338028169014,HOW-profile(HoW-cond),Hog_office_Shawna,123,7
6,6,0.5294117647058824,1.0,0.6923076923076924,4.0,1.0,0.014285714285714285,PatchTST-SSL(HoW-cond),Hog_office_Shawnna,123,7
6,6,0.38596491228070173,1.0,0.5569620253164557,3.8333333333333335,1.0,0.02976190476190476,HOW-profile(HoW-cond),Hog_office_Shawnna,123,7
6,6,0.8928571428571429,1.0,0.9433962264150945,38.5,1.0,0.003198976327575176,PatchTST-SSL(HoW-cond),Hog_office_Sherrie,123,7
6,6,0.8529411764705882,1.0,0.9206349206349206,36.666666666666664,1.0,0.003838771593090211,HOW-profile(HoW-cond),Hog_office_Sherrie,123,7
6,6,0.972972972972973,1.0,0.9863013698630138,39.333333333333336,1.0,0.0006802721088435374,PatchTST-SSL(HoW-cond),Hog_office_Shon,123,7
6,6,0.926829268292683,1.0,0.9620253164556963,25.5,1.0,0.0027210884353741495,HOW-profile(HoW-cond),Hog_office_Shon,123,7
6,5,0.6842105263157895,0.8333333333333334,0.7514450867052023,28.6,0.8333333333333334,0.012313674659753726,PatchTST-SSL(HoW-cond),Hog_office_Sydney,123,7
6,5,0.5142857142857142,0.8333333333333334,0.6360424028268551,41.4,0.8333333333333334,0.014906027219701879,HOW-profile(HoW-cond),Hog_office_Sydney,123,7
6,6,0.25,1.0,0.4,9.0,1.0,0.013915547024952015,PatchTST-SSL(HoW-cond),Hog_office_Valda,123,7
6,6,0.5,1.0,0.6666666666666666,1.0,1.0,0.009117082533589251,HOW-profile(HoW-cond),Hog_office_Valda,123,7
6,5,0.76,0.8333333333333334,0.7949790794979081,11.4,0.8333333333333334,0.006112469437652812,PatchTST-SSL(HoW-cond),Lamb_education_Armando,123,7
6,5,0.4222222222222222,0.8333333333333334,0.56047197640118,10.0,0.8333333333333334,0.04706601466992665,HOW-profile(HoW-cond),Lamb_education_Armando,123,7
6,6,0.125,1.0,0.2222222222222222,0.3333333333333333,1.0,0.0384967919340055,PatchTST-SSL(HoW-cond),Lamb_education_Eula,123,7
6,6,0.08064516129032258,1.0,0.1492537313432836,0.16666666666666666,1.0,0.08020164986251145,HOW-profile(HoW-cond),Lamb_education_Eula,123,7
6,4,0.3157894736842105,0.6666666666666666,0.42857142857142855,35.0,0.6666666666666666,0.03602484472049689,PatchTST-SSL(HoW-cond),Lamb_education_Lazaro,123,7
6,3,0.35,0.5,0.4117647058823529,37.666666666666664,0.5,0.040372670807453416,HOW-profile(HoW-cond),Lamb_education_Lazaro,123,7
6,6,0.3409090909090909,1.0,0.5084745762711864,9.666666666666666,1.0,0.01909039865244245,PatchTST-SSL(HoW-cond),Lamb_education_Lucas,123,7
6,6,0.4084507042253521,1.0,0.5800000000000001,19.666666666666668,1.0,0.030320044918585063,HOW-profile(HoW-cond),Lamb_education_Lucas,123,7
6,5,0.5319148936170213,0.8333333333333334,0.6493506493506493,60.0,0.8333333333333334,0.0357653791130186,PatchTST-SSL(HoW-cond),Lamb_education_Mae,123,7
6,6,0.4528301886792453,1.0,0.6233766233766235,42.333333333333336,1.0,0.0407725321888412,HOW-profile(HoW-cond),Lamb_education_Mae,123,7
6,6,0.25925925925925924,1.0,0.4117647058823529,19.333333333333332,1.0,0.02914572864321608,PatchTST-SSL(HoW-cond),Lamb_education_Williams,123,7
6,6,0.41025641025641024,1.0,0.5818181818181819,6.0,1.0,0.03869346733668342,HOW-profile(HoW-cond),Lamb_education_Williams,123,7
6,5,0.40625,0.8333333333333334,0.5462184873949579,17.8,0.8333333333333334,0.028216704288939052,PatchTST-SSL(HoW-cond),Lamb_office_Caitlin,123,7
6,4,0.375,0.6666666666666666,0.4800000000000001,1.5,0.6666666666666666,0.06433408577878104,HOW-profile(HoW-cond),Lamb_office_Caitlin,123,7
6,5,0.7727272727272727,0.8333333333333334,0.8018867924528302,21.6,0.8333333333333334,0.015460295151089248,PatchTST-SSL(HoW-cond),Lamb_office_Velma,123,7
6,5,0.7727272727272727,0.8333333333333334,0.8018867924528302,15.2,0.8333333333333334,0.022487702037947997,HOW-profile(HoW-cond),Lamb_office_Velma,123,7
6,3,0.6727272727272727,0.5,0.5736434108527131,48.666666666666664,0.5,0.040863531225905934,PatchTST-SSL(HoW-cond),Rat_retail_Jeffrey,123,7
6,3,0.6515151515151515,0.5,0.5657894736842106,45.0,0.5,0.07478797224363917,HOW-profile(HoW-cond),Rat_retail_Jeffrey,123,7
6,5,0.6842105263157895,0.8333333333333334,0.7514450867052023,64.4,0.8333333333333334,0.021512838306731435,PatchTST-SSL(HoW-cond),Robin_education_Zenia,123,7
6,4,0.6024096385542169,0.6666666666666666,0.6329113924050633,40.75,0.6666666666666666,0.040249826509368494,HOW-profile(HoW-cond),Robin_education_Zenia,123,7
6,4,0.875,0.6666666666666666,0.7567567567567567,20.25,0.6666666666666666,0.004294478527607362,PatchTST-SSL(HoW-cond),Robin_office_Dina,123,7
6,4,0.6833333333333333,0.6666666666666666,0.6748971193415637,20.0,0.6666666666666666,0.015337423312883436,HOW-profile(HoW-cond),Robin_office_Dina,123,7
6,5,0.5833333333333334,0.8333333333333334,0.6862745098039216,74.4,0.8333333333333334,0.0035842293906810036,PatchTST-SSL(HoW-cond),Robin_office_Sammie,123,7
6,5,0.43243243243243246,0.8333333333333334,0.5693950177935942,59.2,0.8333333333333334,0.01935483870967742,HOW-profile(HoW-cond),Robin_office_Sammie,123,7
6,4,0.8461538461538461,0.6666666666666666,0.7457627118644068,16.25,0.6666666666666666,0.004076086956521739,PatchTST-SSL(HoW-cond),Shrew_office_Doris,123,7
6,5,0.5833333333333334,0.8333333333333334,0.6862745098039216,26.0,0.8333333333333334,0.018342391304347828,HOW-profile(HoW-cond),Shrew_office_Doris,123,7
6,5,0.926829268292683,0.8333333333333334,0.8775981524249423,19.8,0.8333333333333334,0.0027548209366391185,PatchTST-SSL(HoW-cond),Shrew_office_Ila,123,7
6,4,0.9354838709677419,0.6666666666666666,0.7785234899328858,42.25,0.6666666666666666,0.0018365472910927456,HOW-profile(HoW-cond),Shrew_office_Ila,123,7
6,6,0.94,1.0,0.9690721649484536,26.666666666666668,1.0,0.002117148906139732,PatchTST-SSL(HoW-cond),Shrew_office_Kenneth,123,7
6,6,0.8983050847457628,1.0,0.9464285714285715,13.666666666666666,1.0,0.014820042342978124,HOW-profile(HoW-cond),Shrew_office_Kenneth,123,7
6,6,0.5416666666666666,1.0,0.7027027027027027,8.5,1.0,0.008758371973209686,PatchTST-SSL(HoW-cond),Shrew_office_Nora,123,7
6,6,0.34375,1.0,0.5116279069767442,0.6666666666666666,1.0,0.027820710973724884,HOW-profile(HoW-cond),Shrew_office_Nora,123,7
6,5,0.6666666666666666,0.8333333333333334,0.7407407407407408,10.0,0.8333333333333334,0.005858230814294083,PatchTST-SSL(HoW-cond),Shrew_office_Sherill,123,7
6,5,0.5428571428571428,0.8333333333333334,0.657439446366782,7.2,0.8333333333333334,0.014059753954305799,HOW-profile(HoW-cond),Shrew_office_Sherill,123,7
6,6,0.8709677419354839,1.0,0.9310344827586207,57.5,1.0,0.01936619718309859,PatchTST-SSL(HoW-cond),Wolf_office_Darleen,123,7
6,6,0.8260869565217391,1.0,0.9047619047619047,64.33333333333333,1.0,0.02112676056338028,HOW-profile(HoW-cond),Wolf_office_Darleen,123,7
6,5,0.5384615384615384,0.8333333333333334,0.6542056074766356,45.0,0.8333333333333334,0.01676727028839705,PatchTST-SSL(HoW-cond),Wolf_retail_Harriett,123,7
6,4,0.3620689655172414,0.6666666666666666,0.4692737430167597,15.25,0.6666666666666666,0.03286384976525822,HOW-profile(HoW-cond),Wolf_retail_Harriett,123,7
6,6,0.7368421052631579,1.0,0.8484848484848484,10.166666666666666,1.0,0.016882386043894203,PatchTST-SSL(HoW-cond),Wolf_retail_Marcella,123,7
6,6,0.48936170212765956,1.0,0.6571428571428571,6.666666666666667,1.0,0.04164321890827237,HOW-profile(HoW-cond),Wolf_retail_Marcella,123,7
6,4,0.11764705882352941,0.6666666666666666,0.2,1.25,0.6666666666666666,0.0328125,PatchTST-SSL(HoW-cond),Wolf_retail_Toshia,123,7
6,5,0.1724137931034483,0.8333333333333334,0.28571428571428575,1.8,0.8333333333333334,0.04583333333333333,HOW-profile(HoW-cond),Wolf_retail_Toshia,123,7
6,5,0.8571428571428571,0.8333333333333334,0.8450704225352113,47.6,0.8333333333333334,0.004895960832313341,PatchTST-SSL(HoW-cond),Fox_education_Henrietta,124,7
6,5,0.7894736842105263,0.8333333333333334,0.8108108108108109,29.4,0.8333333333333334,0.01040391676866585,HOW-profile(HoW-cond),Fox_education_Henrietta,124,7
6,6,0.40476190476190477,1.0,0.576271186440678,12.833333333333334,1.0,0.07692307692307693,PatchTST-SSL(HoW-cond),Fox_retail_Manie,124,7
6,6,0.4166666666666667,1.0,0.5882352941176471,4.666666666666667,1.0,0.10179294389820706,HOW-profile(HoW-cond),Fox_retail_Manie,124,7
6,3,0.9090909090909091,0.5,0.6451612903225806,85.33333333333333,0.5,0.0007293946024799417,PatchTST-SSL(HoW-cond),Hog_education_Bruno,124,7
6,3,0.9333333333333333,0.5,0.6511627906976745,50.666666666666664,0.5,0.0007293946024799417,HOW-profile(HoW-cond),Hog_education_Bruno,124,7
6,3,0.6,0.5,0.5454545454545454,52.0,0.5,0.03343653250773994,PatchTST-SSL(HoW-cond),Hog_education_Caridad,124,7
6,3,0.5714285714285714,0.5,0.5333333333333333,59.0,0.5,0.021052631578947368,HOW-profile(HoW-cond),Hog_education_Caridad,124,7
6,4,0.6666666666666666,0.6666666666666666,0.6666666666666666,10.25,0.6666666666666666,0.009253903990746095,PatchTST-SSL(HoW-cond),Hog_education_Josh,124,7
6,5,0.5609756097560976,0.8333333333333334,0.6705539358600583,10.4,0.8333333333333334,0.017929438982070563,HOW-profile(HoW-cond),Hog_education_Josh,124,7
6,3,0.7037037037037037,0.5,0.5846153846153846,56.0,0.5,0.009375,PatchTST-SSL(HoW-cond),Hog_education_Luvenia,124,7
6,3,0.6111111111111112,0.5,0.55,28.0,0.5,0.02734375,HOW-profile(HoW-cond),Hog_education_Luvenia,124,7
6,6,0.5185185185185185,1.0,0.6829268292682926,18.833333333333332,1.0,0.022031823745410038,PatchTST-SSL(HoW-cond),Hog_office_Almeda,124,7
6,6,0.37037037037037035,1.0,0.5405405405405406,14.833333333333334,1.0,0.04039167686658507,HOW-profile(HoW-cond),Hog_office_Almeda,124,7
6,6,0.21428571428571427,1.0,0.35294117647058826,7.5,1.0,0.015041242115477924,PatchTST-SSL(HoW-cond),Hog_office_Cortney,124,7
6,6,0.175,1.0,0.2978723404255319,1.1666666666666667,1.0,0.024260067928190198,HOW-profile(HoW-cond),Hog_office_Cortney,124,7
6,4,0.6363636363636364,0.6666666666666666,0.6511627906976744,53.5,0.6666666666666666,0.008142116950407105,PatchTST-SSL(HoW-cond),Hog_office_Denita,124,7
6,4,0.7307692307692307,0.6666666666666666,0.6972477064220183,53.25,0.6666666666666666,0.010362694300518135,HOW-profile(HoW-cond),Hog_office_Denita,124,7
6,6,0.7777777777777778,1.0,0.8750000000000001,27.333333333333332,1.0,0.006550218340611353,PatchTST-SSL(HoW-cond),Hog_office_Garrett,124,7
6,6,0.7058823529411765,1.0,0.8275862068965517,14.833333333333334,1.0,0.042212518195050945,HOW-profile(HoW-cond),Hog_office_Garrett,124,7
6,4,0.5,0.6666666666666666,0.5714285714285715,39.0,0.6666666666666666,0.01792573623559539,PatchTST-SSL(HoW-cond),Hog_office_Lavon,124,7
6,4,0.38461538461538464,0.6666666666666666,0.4878048780487804,2.0,0.6666666666666666,0.09282970550576185,HOW-profile(HoW-cond),Hog_office_Lavon,124,7
6,4,0.5,0.6666666666666666,0.5714285714285715,65.75,0.6666666666666666,0.0045480386583285955,PatchTST-SSL(HoW-cond),Hog_office_Merilyn,124,7
6,4,0.8,0.6666666666666666,0.7272727272727272,66.75,0.6666666666666666,0.0005685048322910744,HOW-profile(HoW-cond),Hog_office_Merilyn,124,7
6,4,0.875,0.6666666666666666,0.7567567567567567,53.5,0.6666666666666666,0.00363901018922853,PatchTST-SSL(HoW-cond),Hog_office_Miriam,124,7
6,4,0.875,0.6666666666666666,0.7567567567567567,41.0,0.6666666666666666,0.002183406113537118,HOW-profile(HoW-cond),Hog_office_Miriam,124,7
6,6,0.9024390243902439,1.0,0.9487179487179488,13.0,1.0,0.002280501710376283,PatchTST-SSL(HoW-cond),Hog_office_Napoleon,124,7
6,5,0.8636363636363636,0.8333333333333334,0.8482142857142857,11.0,0.8333333333333334,0.0034207525655644243,HOW-profile(HoW-cond),Hog_office_Napoleon,124,7
6,6,0.9818181818181818,1.0,0.9908256880733944,64.16666666666667,1.0,0.002307692307692308,PatchTST-SSL(HoW-cond),Hog_office_Shawna,124,7
6,5,1.0,0.8333333333333334,0.9090909090909091,33.6,0.8333333333333334,0.0,HOW-profile(HoW-cond),Hog_office_Shawna,124,7
6,5,0.6666666666666666,0.8333333333333334,0.7407407407407408,24.4,0.8333333333333334,0.020377358490566037,PatchTST-SSL(HoW-cond),Hog_office_Shawnna,124,7
6,6,0.631578947368421,1.0,0.7741935483870968,31.333333333333332,1.0,0.027169811320754716,HOW-profile(HoW-cond),Hog_office_Shawnna,124,7
6,2,0.6410256410256411,0.3333333333333333,0.43859649122807015,27.5,0.3333333333333333,0.016220600162206,PatchTST-SSL(HoW-cond),Hog_office_Sherrie,124,7
6,3,0.6585365853658537,0.5,0.5684210526315789,65.33333333333333,0.5,0.030008110300081103,HOW-profile(HoW-cond),Hog_office_Sherrie,124,7
6,5,0.7307692307692307,0.8333333333333334,0.7786885245901639,74.0,0.8333333333333334,0.009767092411720512,PatchTST-SSL(HoW-cond),Hog_office_Shon,124,7
6,4,0.6341463414634146,0.6666666666666666,0.6499999999999999,45.0,0.6666666666666666,0.018031555221637866,HOW-profile(HoW-cond),Hog_office_Shon,124,7
6,5,0.45614035087719296,0.8333333333333334,0.5895691609977324,4.8,0.8333333333333334,0.02476290832455216,PatchTST-SSL(HoW-cond),Hog_office_Sydney,124,7
6,5,0.3137254901960784,0.8333333333333334,0.4558404558404559,4.6,0.8333333333333334,0.0273972602739726,HOW-profile(HoW-cond),Hog_office_Sydney,124,7
6,6,0.9148936170212766,1.0,0.9555555555555556,16.666666666666668,1.0,0.0028530670470756064,PatchTST-SSL(HoW-cond),Hog_office_Valda,124,7
6,6,0.9433962264150944,1.0,0.970873786407767,16.0,1.0,0.0028530670470756064,HOW-profile(HoW-cond),Hog_office_Valda,124,7
6,3,0.75,0.5,0.6,83.66666666666667,0.5,0.010332103321033211,PatchTST-SSL(HoW-cond),Lamb_education_Armando,124,7
6,4,0.7857142857142857,0.6666666666666666,0.721311475409836,35.0,0.6666666666666666,0.01992619926199262,HOW-profile(HoW-cond),Lamb_education_Armando,124,7
6,6,0.3541666666666667,1.0,0.5230769230769231,26.666666666666668,1.0,0.05513955071477195,PatchTST-SSL(HoW-cond),Lamb_education_Eula,124,7
6,6,0.5432098765432098,1.0,0.704,10.0,1.0,0.06603131381892444,HOW-profile(HoW-cond),Lamb_education_Eula,124,7
6,3,0.17647058823529413,0.5,0.2608695652173913,44.333333333333336,0.5,0.031677018633540374,PatchTST-SSL(HoW-cond),Lamb_education_Lazaro,124,7
6,2,0.06451612903225806,0.3333333333333333,0.1081081081081081,1.0,0.3333333333333333,0.0391304347826087,HOW-profile(HoW-cond),Lamb_education_Lazaro,124,7
6,6,0.5625,1.0,0.72,41.0,1.0,0.014084507042253521,PatchTST-SSL(HoW-cond),Lamb_education_Lucas,124,7
6,6,0.6233766233766234,1.0,0.768,15.166666666666666,1.0,0.02240717029449424,HOW-profile(HoW-cond),Lamb_education_Lucas,124,7
6,6,0.46153846153846156,1.0,0.631578947368421,22.0,1.0,0.026111111111111113,PatchTST-SSL(HoW-cond),Lamb_education_Mae,124,7
6,6,0.3333333333333333,1.0,0.5,33.666666666666664,1.0,0.03,HOW-profile(HoW-cond),Lamb_education_Mae,124,7
6,6,0.8529411764705882,1.0,0.9206349206349206,64.66666666666667,1.0,0.008064516129032258,PatchTST-SSL(HoW-cond),Lamb_education_Williams,124,7
6,6,0.796875,1.0,0.8869565217391304,45.166666666666664,1.0,0.025201612903225805,HOW-profile(HoW-cond),Lamb_education_Williams,124,7
6,5,0.4642857142857143,0.8333333333333334,0.5963302752293578,17.2,0.8333333333333334,0.024746906636670417,PatchTST-SSL(HoW-cond),Lamb_office_Caitlin,124,7
6,4,0.5625,0.6666666666666666,0.6101694915254238,26.25,0.6666666666666666,0.04499437570303712,HOW-profile(HoW-cond),Lamb_office_Caitlin,124,7
6,5,0.6129032258064516,0.8333333333333334,0.7063197026022304,7.2,0.8333333333333334,0.02357920193470375,PatchTST-SSL(HoW-cond),Lamb_office_Velma,124,7
6,6,0.6046511627906976,1.0,0.7536231884057971,4.166666666666667,1.0,0.032648125755743655,HOW-profile(HoW-cond),Lamb_office_Velma,124,7
6,6,0.22580645161290322,1.0,0.3684210526315789,11.833333333333334,1.0,0.07503908285565399,PatchTST-SSL(HoW-cond),Rat_retail_Jeffrey,124,7
6,6,0.25806451612903225,1.0,0.41025641025641024,7.166666666666667,1.0,0.10422094841063054,HOW-profile(HoW-cond),Rat_retail_Jeffrey,124,7
6,5,0.9347826086956522,0.8333333333333334,0.8811475409836066,98.4,0.8333333333333334,0.004132231404958678,PatchTST-SSL(HoW-cond),Robin_education_Zenia,124,7
6,4,0.7777777777777778,0.6666666666666666,0.717948717948718,81.0,0.6666666666666666,0.01487603305785124,HOW-profile(HoW-cond),Robin_education_Zenia,124,7
6,6,0.918918918918919,1.0,0.9577464788732395,12.0,1.0,0.0017605633802816902,PatchTST-SSL(HoW-cond),Robin_office_Dina,124,7
6,6,0.72,1.0,0.8372093023255813,3.8333333333333335,1.0,0.008215962441314555,HOW-profile(HoW-cond),Robin_office_Dina,124,7
6,5,0.8541666666666666,0.8333333333333334,0.8436213991769548,29.6,0.8333333333333334,0.005734767025089606,PatchTST-SSL(HoW-cond),Robin_office_Sammie,124,7
6,5,0.7625,0.8333333333333334,0.7963446475195822,25.2,0.8333333333333334,0.01863799283154122,HOW-profile(HoW-cond),Robin_office_Sammie,124,7
6,6,0.9245283018867925,1.0,0.9607843137254902,31.166666666666668,1.0,0.0026917900403768506,PatchTST-SSL(HoW-cond),Shrew_office_Doris,124,7
6,5,0.9375,0.8333333333333334,0.8823529411764706,47.6,0.8333333333333334,0.0033647375504710633,HOW-profile(HoW-cond),Shrew_office_Doris,124,7
6,6,0.48148148148148145,1.0,0.65,54.166666666666664,1.0,0.016149068322981366,PatchTST-SSL(HoW-cond),Shrew_office_Ila,124,7
6,6,0.3170731707317073,1.0,0.48148148148148145,58.333333333333336,1.0,0.02298136645962733,HOW-profile(HoW-cond),Shrew_office_Ila,124,7
6,6,0.6666666666666666,1.0,0.8,12.0,1.0,0.010005558643690939,PatchTST-SSL(HoW-cond),Shrew_office_Kenneth,124,7
6,6,0.5625,1.0,0.72,19.166666666666668,1.0,0.023902167871039465,HOW-profile(HoW-cond),Shrew_office_Kenneth,124,7
6,6,0.8636363636363636,1.0,0.9268292682926829,24.5,1.0,0.005118362124120281,PatchTST-SSL(HoW-cond),Shrew_office_Nora,124,7
6,6,0.803030303030303,1.0,0.8907563025210083,5.666666666666667,1.0,0.011516314779270634,HOW-profile(HoW-cond),Shrew_office_Nora,124,7
6,5,0.6086956521739131,0.8333333333333334,0.7035175879396984,17.2,0.8333333333333334,0.008452192287374538,PatchTST-SSL(HoW-cond),Shrew_office_Sherill,124,7
6,5,0.5576923076923077,0.8333333333333334,0.6682027649769585,10.4,0.8333333333333334,0.02324352879027998,HOW-profile(HoW-cond),Shrew_office_Sherill,124,7
6,6,0.8529411764705882,1.0,0.9206349206349206,43.166666666666664,1.0,0.015105740181268883,PatchTST-SSL(HoW-cond),Wolf_office_Darleen,124,7
6,6,0.7843137254901961,1.0,0.8791208791208792,31.166666666666668,1.0,0.021148036253776436,HOW-profile(HoW-cond),Wolf_office_Darleen,124,7
6,4,0.4838709677419355,0.6666666666666666,0.5607476635514019,36.0,0.6666666666666666,0.015411973918197985,PatchTST-SSL(HoW-cond),Wolf_retail_Harriett,124,7
6,5,0.3333333333333333,0.8333333333333334,0.47619047619047616,20.6,0.8333333333333334,0.033787788974510964,HOW-profile(HoW-cond),Wolf_retail_Harriett,124,7
6,6,0.6428571428571429,1.0,0.782608695652174,21.666666666666668,1.0,0.010876954452753228,PatchTST-SSL(HoW-cond),Wolf_retail_Marcella,124,7
6,6,0.575,1.0,0.7301587301587301,19.333333333333332,1.0,0.01971447994561523,HOW-profile(HoW-cond),Wolf_retail_Marcella,124,7
6,5,0.24242424242424243,0.8333333333333334,0.375586854460094,34.0,0.8333333333333334,0.0276056338028169,PatchTST-SSL(HoW-cond),Wolf_retail_Toshia,124,7
6,5,0.16666666666666666,0.8333333333333334,0.2777777777777778,46.8,0.8333333333333334,0.038873239436619716,HOW-profile(HoW-cond),Wolf_retail_Toshia,124,7
6,3,0.6842105263157895,0.5,0.5777777777777778,16.333333333333332,0.5,0.016297262059973925,PatchTST-SSL(HoW-cond),Fox_education_Henrietta,125,7
6,3,0.631578947368421,0.5,0.5581395348837209,18.0,0.5,0.011734028683181226,HOW-profile(HoW-cond),Fox_education_Henrietta,125,7
6,5,0.2727272727272727,0.8333333333333334,0.4109589041095891,46.6,0.8333333333333334,0.07997520148791072,PatchTST-SSL(HoW-cond),Fox_retail_Manie,125,7
6,5,0.3333333333333333,0.8333333333333334,0.47619047619047616,34.0,0.8333333333333334,0.10043397396156231,HOW-profile(HoW-cond),Fox_retail_Manie,125,7
6,5,0.725,0.8333333333333334,0.7754010695187166,11.2,0.8333333333333334,0.01651376146788991,PatchTST-SSL(HoW-cond),Hog_education_Bruno,125,7
6,5,0.64,0.8333333333333334,0.7239819004524887,4.2,0.8333333333333334,0.026299694189602447,HOW-profile(HoW-cond),Hog_education_Bruno,125,7
6,5,0.8333333333333334,0.8333333333333334,0.8333333333333334,5.8,0.8333333333333334,0.013614703880190605,PatchTST-SSL(HoW-cond),Hog_education_Caridad,125,7
6,5,0.7692307692307693,0.8333333333333334,0.8,45.6,0.8333333333333334,0.0068073519400953025,HOW-profile(HoW-cond),Hog_education_Caridad,125,7
6,5,0.71875,0.8333333333333334,0.7718120805369127,17.8,0.8333333333333334,0.007411630558722919,PatchTST-SSL(HoW-cond),Hog_education_Josh,125,7
6,5,0.5945945945945946,0.8333333333333334,0.694006309148265,15.6,0.8333333333333334,0.013683010262257697,HOW-profile(HoW-cond),Hog_education_Josh,125,7
6,5,0.3333333333333333,0.8333333333333334,0.47619047619047616,16.6,0.8333333333333334,0.017632241813602016,PatchTST-SSL(HoW-cond),Hog_education_Luvenia,125,7
6,6,0.5517241379310345,1.0,0.7111111111111111,41.5,1.0,0.018261964735516372,HOW-profile(HoW-cond),Hog_education_Luvenia,125,7
6,5,0.9069767441860465,0.8333333333333334,0.8685968819599109,17.6,0.8333333333333334,0.013166556945358789,PatchTST-SSL(HoW-cond),Hog_office_Almeda,125,7
6,5,0.7068965517241379,0.8333333333333334,0.7649253731343283,17.2,0.8333333333333334,0.025016458196181698,HOW-profile(HoW-cond),Hog_office_Almeda,125,7
6,6,0.41379310344827586,1.0,0.5853658536585366,18.666666666666668,1.0,0.01737835153922542,PatchTST-SSL(HoW-cond),Hog_office_Cortney,125,7
6,6,0.2631578947368421,1.0,0.4166666666666667,21.833333333333332,1.0,0.02035749751737835,HOW-profile(HoW-cond),Hog_office_Cortney,125,7
6,4,0.7631578947368421,0.6666666666666666,0.7116564417177914,20.75,0.6666666666666666,0.006107717934480844,PatchTST-SSL(HoW-cond),Hog_office_Denita,125,7
6,4,0.7352941176470589,0.6666666666666666,0.6993006993006994,14.75,0.6666666666666666,0.006107717934480844,HOW-profile(HoW-cond),Hog_office_Denita,125,7
6,6,0.38461538461538464,1.0,0.5555555555555556,49.833333333333336,1.0,0.05009052504526252,PatchTST-SSL(HoW-cond),Hog_office_Garrett,125,7
6,6,0.4166666666666667,1.0,0.5882352941176471,24.5,1.0,0.04284852142426071,HOW-profile(HoW-cond),Hog_office_Garrett,125,7
6,3,0.375,0.5,0.42857142857142855,0.3333333333333333,0.5,0.015197568389057751,PatchTST-SSL(HoW-cond),Hog_office_Lavon,125,7
6,3,0.15,0.5,0.23076923076923075,0.3333333333333333,0.5,0.07092198581560284,HOW-profile(HoW-cond),Hog_office_Lavon,125,7
6,5,0.6923076923076923,0.8333333333333334,0.7563025210084034,83.8,0.8333333333333334,0.005809731299927378,PatchTST-SSL(HoW-cond),Hog_office_Merilyn,125,7
6,5,0.9230769230769231,0.8333333333333334,0.8759124087591241,82.6,0.8333333333333334,0.0007262164124909223,HOW-profile(HoW-cond),Hog_office_Merilyn,125,7
6,5,0.3333333333333333,0.8333333333333334,0.47619047619047616,4.0,0.8333333333333334,0.008101851851851851,PatchTST-SSL(HoW-cond),Hog_office_Miriam,125,7
6,4,0.4166666666666667,0.6666666666666666,0.5128205128205129,2.0,0.6666666666666666,0.004629629629629629,HOW-profile(HoW-cond),Hog_office_Miriam,125,7
6,6,0.5161290322580645,1.0,0.6808510638297872,13.166666666666666,1.0,0.010127931769722815,PatchTST-SSL(HoW-cond),Hog_office_Napoleon,125,7
6,6,0.25,1.0,0.4,12.166666666666666,1.0,0.0314498933901919,HOW-profile(HoW-cond),Hog_office_Napoleon,125,7
6,4,0.43243243243243246,0.6666666666666666,0.5245901639344263,2.5,0.6666666666666666,0.022185246810870772,PatchTST-SSL(HoW-cond),Hog_office_Shawna,125,7
6,5,0.27450980392156865,0.8333333333333334,0.41297935103244837,21.6,0.8333333333333334,0.036605657237936774,HOW-profile(HoW-cond),Hog_office_Shawna,125,7
6,5,0.5142857142857142,0.8333333333333334,0.6360424028268551,5.2,0.8333333333333334,0.012895662368112544,PatchTST-SSL(HoW-cond),Hog_office_Shawnna,125,7
6,5,0.42857142857142855,0.8333333333333334,0.5660377358490566,4.6,0.8333333333333334,0.031652989449003514,HOW-profile(HoW-cond),Hog_office_Shawnna,125,7
6,4,0.9545454545454546,0.6666666666666666,0.7850467289719627,31.0,0.6666666666666666,0.002386634844868735,PatchTST-SSL(HoW-cond),Hog_office_Sherrie,125,7
6,4,0.9827586206896551,0.6666666666666666,0.794425087108014,31.25,0.6666666666666666,0.0007955449482895784,HOW-profile(HoW-cond),Hog_office_Sherrie,125,7
6,5,0.6756756756756757,0.8333333333333334,0.746268656716418,24.4,0.8333333333333334,0.010285714285714285,PatchTST-SSL(HoW-cond),Hog_office_Shon,125,7
6,5,0.5384615384615384,0.8333333333333334,0.6542056074766356,23.6,0.8333333333333334,0.015428571428571429,HOW-profile(HoW-cond),Hog_office_Shon,125,7
6,5,0.75,0.8333333333333334,0.7894736842105262,25.0,0.8333333333333334,0.00974025974025974,PatchTST-SSL(HoW-cond),Hog_office_Sydney,125,7
6,5,0.75,0.8333333333333334,0.7894736842105262,38.4,0.8333333333333334,0.008441558441558441,HOW-profile(HoW-cond),Hog_office_Sydney,125,7
6,2,0.7142857142857143,0.3333333333333333,0.4545454545454545,11.0,0.3333333333333333,0.005277044854881266,PatchTST-SSL(HoW-cond),Hog_office_Valda,125,7
6,3,0.7307692307692307,0.5,0.5937499999999999,7.333333333333333,0.5,0.008575197889182058,HOW-profile(HoW-cond),Hog_office_Valda,125,7
6,5,0.7272727272727273,0.8333333333333334,0.7766990291262137,9.0,0.8333333333333334,0.005402485143165856,PatchTST-SSL(HoW-cond),Lamb_education_Armando,125,7
6,6,0.7692307692307693,1.0,0.8695652173913044,18.333333333333332,1.0,0.010804970286331712,HOW-profile(HoW-cond),Lamb_education_Armando,125,7
6,5,0.3333333333333333,0.8333333333333334,0.47619047619047616,32.4,0.8333333333333334,0.03253012048192771,PatchTST-SSL(HoW-cond),Lamb_education_Eula,125,7
6,5,0.34782608695652173,0.8333333333333334,0.49079754601227,3.4,0.8333333333333334,0.06626506024096386,HOW-profile(HoW-cond),Lamb_education_Eula,125,7
6,3,0.23076923076923078,0.5,0.3157894736842105,55.333333333333336,0.5,0.0363232023721275,PatchTST-SSL(HoW-cond),Lamb_education_Lazaro,125,7
6,2,0.14285714285714285,0.3333333333333333,0.2,1.0,0.3333333333333333,0.04373610081541883,HOW-profile(HoW-cond),Lamb_education_Lazaro,125,7
6,6,0.29545454545454547,1.0,0.456140350877193,29.833333333333332,1.0,0.020524515393386546,PatchTST-SSL(HoW-cond),Lamb_education_Lucas,125,7
6,6,0.45454545454545453,1.0,0.625,4.666666666666667,1.0,0.033637400228050174,HOW-profile(HoW-cond),Lamb_education_Lucas,125,7
6,5,0.7142857142857143,0.8333333333333334,0.7692307692307692,34.8,0.8333333333333334,0.007147498375568551,PatchTST-SSL(HoW-cond),Lamb_education_Mae,125,7
6,5,0.5454545454545454,0.8333333333333334,0.6593406593406592,35.0,0.8333333333333334,0.023391812865497075,HOW-profile(HoW-cond),Lamb_education_Mae,125,7
6,6,0.43333333333333335,1.0,0.6046511627906976,9.166666666666666,1.0,0.019220501868659905,PatchTST-SSL(HoW-cond),Lamb_education_Williams,125,7
6,6,0.5,1.0,0.6666666666666666,3.1666666666666665,1.0,0.02402562733582488,HOW-profile(HoW-cond),Lamb_education_Williams,125,7
6,5,0.5517241379310345,0.8333333333333334,0.6639004149377594,32.2,0.8333333333333334,0.028867505551443375,PatchTST-SSL(HoW-cond),Lamb_office_Caitlin,125,7
6,4,0.5909090909090909,0.6666666666666666,0.6265060240963856,34.0,0.6666666666666666,0.07475943745373798,HOW-profile(HoW-cond),Lamb_office_Caitlin,125,7
6,5,0.5714285714285714,0.8333333333333334,0.6779661016949152,13.8,0.8333333333333334,0.017807456872565387,PatchTST-SSL(HoW-cond),Lamb_office_Velma,125,7
6,5,0.5526315789473685,0.8333333333333334,0.6645569620253164,10.2,0.8333333333333334,0.027824151363383415,HOW-profile(HoW-cond),Lamb_office_Velma,125,7
6,6,0.2903225806451613,1.0,0.45000000000000007,3.8333333333333335,1.0,0.06346749226006192,PatchTST-SSL(HoW-cond),Rat_retail_Jeffrey,125,7
6,6,0.36363636363636365,1.0,0.5333333333333333,1.8333333333333333,1.0,0.09752321981424149,HOW-profile(HoW-cond),Rat_retail_Jeffrey,125,7
6,6,0.45454545454545453,1.0,0.625,3.3333333333333335,1.0,0.03109452736318408,PatchTST-SSL(HoW-cond),Robin_education_Zenia,125,7
6,6,0.3953488372093023,1.0,0.5666666666666667,2.3333333333333335,1.0,0.055970149253731345,HOW-profile(HoW-cond),Robin_education_Zenia,125,7
6,6,0.7407407407407407,1.0,0.851063829787234,31.5,1.0,0.006032171581769437,PatchTST-SSL(HoW-cond),Robin_office_Dina,125,7
6,6,0.7,1.0,0.8235294117647058,15.0,1.0,0.00871313672922252,HOW-profile(HoW-cond),Robin_office_Dina,125,7
6,3,0.825,0.5,0.6226415094339622,49.0,0.5,0.005818181818181818,PatchTST-SSL(HoW-cond),Robin_office_Sammie,125,7
6,4,0.75,0.6666666666666666,0.7058823529411765,40.75,0.6666666666666666,0.016,HOW-profile(HoW-cond),Robin_office_Sammie,125,7
6,4,0.918918918918919,0.6666666666666666,0.7727272727272727,6.25,0.6666666666666666,0.0018552875695732839,PatchTST-SSL(HoW-cond),Shrew_office_Doris,125,7
6,3,0.5806451612903226,0.5,0.537313432835821,5.666666666666667,0.5,0.01422387136672851,HOW-profile(HoW-cond),Shrew_office_Doris,125,7
6,5,0.6071428571428571,0.8333333333333334,0.7024793388429752,16.4,0.8333333333333334,0.006933333333333333,PatchTST-SSL(HoW-cond),Shrew_office_Ila,125,7
6,5,0.7058823529411765,0.8333333333333334,0.7643312101910827,10.0,0.8333333333333334,0.007466666666666667,HOW-profile(HoW-cond),Shrew_office_Ila,125,7
6,4,0.8604651162790697,0.6666666666666666,0.7512690355329947,25.0,0.6666666666666666,0.005191434133679429,PatchTST-SSL(HoW-cond),Shrew_office_Kenneth,125,7
6,5,0.7,0.8333333333333334,0.7608695652173915,12.6,0.8333333333333334,0.02336145360155743,HOW-profile(HoW-cond),Shrew_office_Kenneth,125,7
6,4,0.78125,0.6666666666666666,0.7194244604316546,3.0,0.6666666666666666,0.004703115814226925,PatchTST-SSL(HoW-cond),Shrew_office_Nora,125,7
6,4,0.515625,0.6666666666666666,0.5814977973568283,4.25,0.6666666666666666,0.02292768959435626,HOW-profile(HoW-cond),Shrew_office_Nora,125,7
6,6,0.7894736842105263,1.0,0.8823529411764706,11.833333333333334,1.0,0.0062006764374295375,PatchTST-SSL(HoW-cond),Shrew_office_Sherill,125,7
6,6,0.5094339622641509,1.0,0.6749999999999999,10.666666666666666,1.0,0.021984216459977453,HOW-profile(HoW-cond),Shrew_office_Sherill,125,7
6,5,0.45454545454545453,0.8333333333333334,0.5882352941176471,44.4,0.8333333333333334,0.03076923076923077,PatchTST-SSL(HoW-cond),Wolf_office_Darleen,125,7
6,5,0.37142857142857144,0.8333333333333334,0.5138339920948616,25.2,0.8333333333333334,0.045584045584045586,HOW-profile(HoW-cond),Wolf_office_Darleen,125,7
6,6,0.5517241379310345,1.0,0.7111111111111111,38.333333333333336,1.0,0.01291638341264446,PatchTST-SSL(HoW-cond),Wolf_retail_Harriett,125,7
6,6,0.5606060606060606,1.0,0.7184466019417475,7.666666666666667,1.0,0.026512576478585997,HOW-profile(HoW-cond),Wolf_retail_Harriett,125,7
6,3,0.4,0.5,0.4444444444444445,49.666666666666664,0.5,0.00674432863274065,PatchTST-SSL(HoW-cond),Wolf_retail_Marcella,125,7
6,4,0.38095238095238093,0.6666666666666666,0.4848484848484849,38.25,0.6666666666666666,0.010423053341508276,HOW-profile(HoW-cond),Wolf_retail_Marcella,125,7
6,6,0.34782608695652173,1.0,0.5161290322580645,19.333333333333332,1.0,0.01992966002344666,PatchTST-SSL(HoW-cond),Wolf_retail_Toshia,125,7
6,6,0.6060606060606061,1.0,0.7547169811320755,21.166666666666668,1.0,0.03634232121922626,HOW-profile(HoW-cond),Wolf_retail_Toshia,125,7
6,4,0.2631578947368421,0.6666666666666666,0.3773584905660377,48.5,0.6666666666666666,0.0290084388185654,PatchTST-SSL(HoW-cond),Fox_education_Henrietta,123,1
6,4,0.21052631578947367,0.6666666666666666,0.32,48.75,0.6666666666666666,0.026371308016877638,HOW-profile(HoW-cond),Fox_education_Henrietta,123,1
6,4,0.42857142857142855,0.6666666666666666,0.5217391304347826,51.0,0.6666666666666666,0.06859205776173286,PatchTST-SSL(HoW-cond),Fox_retail_Manie,123,1
6,5,0.3492063492063492,0.8333333333333334,0.49217002237136465,41.0,0.8333333333333334,0.10288808664259928,HOW-profile(HoW-cond),Fox_retail_Manie,123,1
6,6,0.7407407407407407,1.0,0.851063829787234,42.0,1.0,0.013071895424836602,PatchTST-SSL(HoW-cond),Hog_education_Bruno,123,1
6,6,0.4857142857142857,1.0,0.6538461538461539,32.0,1.0,0.026143790849673203,HOW-profile(HoW-cond),Hog_education_Bruno,123,1
6,5,0.8333333333333334,0.8333333333333334,0.8333333333333334,29.6,0.8333333333333334,0.011152416356877323,PatchTST-SSL(HoW-cond),Hog_education_Caridad,123,1
6,6,0.8333333333333334,1.0,0.9090909090909091,43.166666666666664,1.0,0.009913258983890954,HOW-profile(HoW-cond),Hog_education_Caridad,123,1
6,5,0.25925925925925924,0.8333333333333334,0.39548022598870053,46.8,0.8333333333333334,0.017825311942959002,PatchTST-SSL(HoW-cond),Hog_education_Josh,123,1
6,3,0.15789473684210525,0.5,0.23999999999999996,36.333333333333336,0.5,0.015448603683897801,HOW-profile(HoW-cond),Hog_education_Josh,123,1
6,4,0.71875,0.6666666666666666,0.6917293233082707,32.25,0.6666666666666666,0.00620347394540943,PatchTST-SSL(HoW-cond),Hog_education_Luvenia,123,1
6,4,0.6857142857142857,0.6666666666666666,0.676056338028169,32.25,0.6666666666666666,0.01054590570719603,HOW-profile(HoW-cond),Hog_education_Luvenia,123,1
6,6,0.8103448275862069,1.0,0.8952380952380952,15.166666666666666,1.0,0.008977900552486187,PatchTST-SSL(HoW-cond),Hog_office_Almeda,123,1
6,6,0.6805555555555556,1.0,0.8099173553719008,13.666666666666666,1.0,0.022790055248618785,HOW-profile(HoW-cond),Hog_office_Almeda,123,1
6,5,0.6610169491525424,0.8333333333333334,0.7372400756143668,4.0,0.8333333333333334,0.02142407057340895,PatchTST-SSL(HoW-cond),Hog_office_Cortney,123,1
6,5,0.6888888888888889,0.8333333333333334,0.7542579075425792,13.8,0.8333333333333334,0.013862633900441084,HOW-profile(HoW-cond),Hog_office_Cortney,123,1
6,6,0.5652173913043478,1.0,0.7222222222222222,31.666666666666668,1.0,0.018134715025906734,PatchTST-SSL(HoW-cond),Hog_office_Denita,123,1
6,6,0.5185185185185185,1.0,0.6829268292682926,56.333333333333336,1.0,0.012305699481865285,HOW-profile(HoW-cond),Hog_office_Denita,123,1
6,5,0.6511627906976745,0.8333333333333334,0.731070496083551,22.8,0.8333333333333334,0.023825731790333562,PatchTST-SSL(HoW-cond),Hog_office_Garrett,123,1
6,6,0.6086956521739131,1.0,0.7567567567567568,21.0,1.0,0.027910142954390742,HOW-profile(HoW-cond),Hog_office_Garrett,123,1
6,6,0.5,1.0,0.6666666666666666,30.0,1.0,0.01873661670235546,PatchTST-SSL(HoW-cond),Hog_office_Lavon,123,1
6,6,0.4375,1.0,0.6086956521739131,35.666666666666664,1.0,0.021948608137044967,HOW-profile(HoW-cond),Hog_office_Lavon,123,1
6,3,0.9230769230769231,0.5,0.6486486486486487,4.333333333333333,0.5,0.0006195786864931846,PatchTST-SSL(HoW-cond),Hog_office_Merilyn,123,1
6,3,0.7777777777777778,0.5,0.6086956521739131,15.0,0.5,0.0012391573729863693,HOW-profile(HoW-cond),Hog_office_Merilyn,123,1
6,5,0.59375,0.8333333333333334,0.6934306569343065,18.8,0.8333333333333334,0.011949685534591196,PatchTST-SSL(HoW-cond),Hog_office_Miriam,123,1
6,5,0.5,0.8333333333333334,0.625,14.6,0.8333333333333334,0.011949685534591196,HOW-profile(HoW-cond),Hog_office_Miriam,123,1
6,5,0.9705882352941176,0.8333333333333334,0.8967391304347826,48.4,0.8333333333333334,0.0007158196134574087,PatchTST-SSL(HoW-cond),Hog_office_Napoleon,123,1
6,6,0.9487179487179487,1.0,0.9736842105263158,48.833333333333336,1.0,0.0014316392269148174,HOW-profile(HoW-cond),Hog_office_Napoleon,123,1
6,4,0.8333333333333334,0.6666666666666666,0.7407407407407408,4.5,0.6666666666666666,0.00528169014084507,PatchTST-SSL(HoW-cond),Hog_office_Shawna,123,1
6,5,0.74,0.8333333333333334,0.7838983050847459,3.8,0.8333333333333334,0.01056338028169014,HOW-profile(HoW-cond),Hog_office_Shawna,123,1
6,6,0.5714285714285714,1.0,0.7272727272727273,3.8333333333333335,1.0,0.0125,PatchTST-SSL(HoW-cond),Hog_office_Shawnna,123,1
6,6,0.38596491228070173,1.0,0.5569620253164557,3.8333333333333335,1.0,0.02976190476190476,HOW-profile(HoW-cond),Hog_office_Shawnna,123,1
6,6,0.8157894736842105,1.0,0.898550724637681,36.166666666666664,1.0,0.005118362124120281,PatchTST-SSL(HoW-cond),Hog_office_Sherrie,123,1
6,6,0.8529411764705882,1.0,0.9206349206349206,36.666666666666664,1.0,0.003838771593090211,HOW-profile(HoW-cond),Hog_office_Sherrie,123,1
6,6,0.925,1.0,0.961038961038961,30.5,1.0,0.003401360544217687,PatchTST-SSL(HoW-cond),Hog_office_Shon,123,1
6,6,0.926829268292683,1.0,0.9620253164556963,25.5,1.0,0.0027210884353741495,HOW-profile(HoW-cond),Hog_office_Shon,123,1
6,6,0.5357142857142857,1.0,0.6976744186046512,29.833333333333332,1.0,0.023979261179520414,PatchTST-SSL(HoW-cond),Hog_office_Sydney,123,1
6,5,0.5142857142857142,0.8333333333333334,0.6360424028268551,41.4,0.8333333333333334,0.014906027219701879,HOW-profile(HoW-cond),Hog_office_Sydney,123,1
6,6,0.25806451612903225,1.0,0.41025641025641024,0.8333333333333334,1.0,0.018234165067178502,PatchTST-SSL(HoW-cond),Hog_office_Valda,123,1
6,6,0.5,1.0,0.6666666666666666,1.0,1.0,0.009117082533589251,HOW-profile(HoW-cond),Hog_office_Valda,123,1
6,5,0.6521739130434783,0.8333333333333334,0.7317073170731708,19.4,0.8333333333333334,0.012224938875305624,PatchTST-SSL(HoW-cond),Lamb_education_Armando,123,1
6,5,0.4222222222222222,0.8333333333333334,0.56047197640118,10.0,0.8333333333333334,0.04706601466992665,HOW-profile(HoW-cond),Lamb_education_Armando,123,1
6,6,0.13953488372093023,1.0,0.24489795918367346,0.16666666666666666,1.0,0.034372135655362054,PatchTST-SSL(HoW-cond),Lamb_education_Eula,123,1
6,6,0.08064516129032258,1.0,0.1492537313432836,0.16666666666666666,1.0,0.08020164986251145,HOW-profile(HoW-cond),Lamb_education_Eula,123,1
6,4,0.2,0.6666666666666666,0.30769230769230765,40.75,0.6666666666666666,0.02360248447204969,PatchTST-SSL(HoW-cond),Lamb_education_Lazaro,123,1
6,3,0.35,0.5,0.4117647058823529,37.666666666666664,0.5,0.040372670807453416,HOW-profile(HoW-cond),Lamb_education_Lazaro,123,1
6,6,0.37254901960784315,1.0,0.5428571428571428,22.0,1.0,0.02695115103874228,PatchTST-SSL(HoW-cond),Lamb_education_Lucas,123,1
6,6,0.4084507042253521,1.0,0.5800000000000001,19.666666666666668,1.0,0.030320044918585063,HOW-profile(HoW-cond),Lamb_education_Lucas,123,1
6,5,0.5689655172413793,0.8333333333333334,0.6762295081967213,21.6,0.8333333333333334,0.04005722460658083,PatchTST-SSL(HoW-cond),Lamb_education_Mae,123,1
6,6,0.4528301886792453,1.0,0.6233766233766235,42.333333333333336,1.0,0.0407725321888412,HOW-profile(HoW-cond),Lamb_education_Mae,123,1
6,6,0.21052631578947367,1.0,0.34782608695652173,19.333333333333332,1.0,0.03819095477386935,PatchTST-SSL(HoW-cond),Lamb_education_Williams,123,1
6,6,0.41025641025641024,1.0,0.5818181818181819,6.0,1.0,0.03869346733668342,HOW-profile(HoW-cond),Lamb_education_Williams,123,1
6,4,0.4444444444444444,0.6666666666666666,0.5333333333333333,17.0,0.6666666666666666,0.019187358916478554,PatchTST-SSL(HoW-cond),Lamb_office_Caitlin,123,1
6,4,0.375,0.6666666666666666,0.4800000000000001,1.5,0.6666666666666666,0.06433408577878104,HOW-profile(HoW-cond),Lamb_office_Caitlin,123,1
6,5,0.7407407407407407,0.8333333333333334,0.7843137254901961,40.8,0.8333333333333334,0.019676739283204497,PatchTST-SSL(HoW-cond),Lamb_office_Velma,123,1
6,5,0.7727272727272727,0.8333333333333334,0.8018867924528302,15.2,0.8333333333333334,0.022487702037947997,HOW-profile(HoW-cond),Lamb_office_Velma,123,1
6,3,0.711864406779661,0.5,0.5874125874125875,31.666666666666668,0.5,0.026985350809560524,PatchTST-SSL(HoW-cond),Rat_retail_Jeffrey,123,1
6,3,0.6515151515151515,0.5,0.5657894736842106,45.0,0.5,0.07478797224363917,HOW-profile(HoW-cond),Rat_retail_Jeffrey,123,1
6,5,0.6666666666666666,0.8333333333333334,0.7407407407407408,59.6,0.8333333333333334,0.027758501040943788,PatchTST-SSL(HoW-cond),Robin_education_Zenia,123,1
6,4,0.6024096385542169,0.6666666666666666,0.6329113924050633,40.75,0.6666666666666666,0.040249826509368494,HOW-profile(HoW-cond),Robin_education_Zenia,123,1
6,4,0.8125,0.6666666666666666,0.7323943661971831,19.25,0.6666666666666666,0.005521472392638037,PatchTST-SSL(HoW-cond),Robin_office_Dina,123,1
6,4,0.6833333333333333,0.6666666666666666,0.6748971193415637,20.0,0.6666666666666666,0.015337423312883436,HOW-profile(HoW-cond),Robin_office_Dina,123,1
6,4,0.5294117647058824,0.6666666666666666,0.5901639344262295,65.25,0.6666666666666666,0.005734767025089606,PatchTST-SSL(HoW-cond),Robin_office_Sammie,123,1
6,5,0.43243243243243246,0.8333333333333334,0.5693950177935942,59.2,0.8333333333333334,0.01935483870967742,HOW-profile(HoW-cond),Robin_office_Sammie,123,1
6,4,0.8611111111111112,0.6666666666666666,0.7515151515151516,23.0,0.6666666666666666,0.008152173913043478,PatchTST-SSL(HoW-cond),Shrew_office_Doris,123,1
6,5,0.5833333333333334,0.8333333333333334,0.6862745098039216,26.0,0.8333333333333334,0.018342391304347828,HOW-profile(HoW-cond),Shrew_office_Doris,123,1
6,5,0.8947368421052632,0.8333333333333334,0.8629441624365481,40.2,0.8333333333333334,0.009182736455463728,PatchTST-SSL(HoW-cond),Shrew_office_Ila,123,1
6,4,0.9354838709677419,0.6666666666666666,0.7785234899328858,42.25,0.6666666666666666,0.0018365472910927456,HOW-profile(HoW-cond),Shrew_office_Ila,123,1
6,6,0.8507462686567164,1.0,0.9193548387096774,29.0,1.0,0.012702893436838392,PatchTST-SSL(HoW-cond),Shrew_office_Kenneth,123,1
6,6,0.8983050847457628,1.0,0.9464285714285715,13.666666666666666,1.0,0.014820042342978124,HOW-profile(HoW-cond),Shrew_office_Kenneth,123,1
6,6,0.4772727272727273,1.0,0.6461538461538462,1.3333333333333333,1.0,0.017001545595054096,PatchTST-SSL(HoW-cond),Shrew_office_Nora,123,1
6,6,0.34375,1.0,0.5116279069767442,0.6666666666666666,1.0,0.027820710973724884,HOW-profile(HoW-cond),Shrew_office_Nora,123,1
6,4,0.5384615384615384,0.6666666666666666,0.5957446808510638,16.0,0.6666666666666666,0.011716461628588167,PatchTST-SSL(HoW-cond),Shrew_office_Sherill,123,1
6,5,0.5428571428571428,0.8333333333333334,0.657439446366782,7.2,0.8333333333333334,0.014059753954305799,HOW-profile(HoW-cond),Shrew_office_Sherill,123,1
6,5,0.9,0.8333333333333334,0.8653846153846153,46.2,0.8333333333333334,0.01584507042253521,PatchTST-SSL(HoW-cond),Wolf_office_Darleen,123,1
6,6,0.8260869565217391,1.0,0.9047619047619047,64.33333333333333,1.0,0.02112676056338028,HOW-profile(HoW-cond),Wolf_office_Darleen,123,1
6,5,0.6,0.8333333333333334,0.6976744186046512,46.4,0.8333333333333334,0.014755197853789403,PatchTST-SSL(HoW-cond),Wolf_retail_Harriett,123,1
6,4,0.3620689655172414,0.6666666666666666,0.4692737430167597,15.25,0.6666666666666666,0.03286384976525822,HOW-profile(HoW-cond),Wolf_retail_Harriett,123,1
6,6,0.6666666666666666,1.0,0.8,10.166666666666666,1.0,0.023072594259988744,PatchTST-SSL(HoW-cond),Wolf_retail_Marcella,123,1
6,6,0.48936170212765956,1.0,0.6571428571428571,6.666666666666667,1.0,0.04164321890827237,HOW-profile(HoW-cond),Wolf_retail_Marcella,123,1
6,5,0.25,0.8333333333333334,0.3846153846153846,1.6,0.8333333333333334,0.017708333333333333,PatchTST-SSL(HoW-cond),Wolf_retail_Toshia,123,1
6,5,0.1724137931034483,0.8333333333333334,0.28571428571428575,1.8,0.8333333333333334,0.04583333333333333,HOW-profile(HoW-cond),Wolf_retail_Toshia,123,1
6,5,0.7058823529411765,0.8333333333333334,0.7643312101910827,29.8,0.8333333333333334,0.006119951040391677,PatchTST-SSL(HoW-cond),Fox_education_Henrietta,124,1
6,5,0.7894736842105263,0.8333333333333334,0.8108108108108109,29.4,0.8333333333333334,0.01040391676866585,HOW-profile(HoW-cond),Fox_education_Henrietta,124,1
6,6,0.3333333333333333,1.0,0.5,19.666666666666668,1.0,0.07576633892423366,PatchTST-SSL(HoW-cond),Fox_retail_Manie,124,1
6,6,0.4166666666666667,1.0,0.5882352941176471,4.666666666666667,1.0,0.10179294389820706,HOW-profile(HoW-cond),Fox_retail_Manie,124,1
6,3,0.75,0.5,0.6,74.0,0.5,0.007293946024799417,PatchTST-SSL(HoW-cond),Hog_education_Bruno,124,1
6,3,0.9333333333333333,0.5,0.6511627906976745,50.666666666666664,0.5,0.0007293946024799417,HOW-profile(HoW-cond),Hog_education_Bruno,124,1
6,3,0.5833333333333334,0.5,0.5384615384615384,52.333333333333336,0.5,0.02414860681114551,PatchTST-SSL(HoW-cond),Hog_education_Caridad,124,1
6,3,0.5714285714285714,0.5,0.5333333333333333,59.0,0.5,0.021052631578947368,HOW-profile(HoW-cond),Hog_education_Caridad,124,1
6,4,0.5227272727272727,0.6666666666666666,0.5859872611464967,9.75,0.6666666666666666,0.021399652978600348,PatchTST-SSL(HoW-cond),Hog_education_Josh,124,1
6,5,0.5609756097560976,0.8333333333333334,0.6705539358600583,10.4,0.8333333333333334,0.017929438982070563,HOW-profile(HoW-cond),Hog_education_Josh,124,1
6,3,0.575,0.5,0.5348837209302325,51.666666666666664,0.5,0.01875,PatchTST-SSL(HoW-cond),Hog_education_Luvenia,124,1
6,3,0.6111111111111112,0.5,0.55,28.0,0.5,0.02734375,HOW-profile(HoW-cond),Hog_education_Luvenia,124,1
6,6,0.5,1.0,0.6666666666666666,14.833333333333334,1.0,0.025703794369645042,PatchTST-SSL(HoW-cond),Hog_office_Almeda,124,1
6,6,0.37037037037037035,1.0,0.5405405405405406,14.833333333333334,1.0,0.04039167686658507,HOW-profile(HoW-cond),Hog_office_Almeda,124,1
6,6,0.15384615384615385,1.0,0.2666666666666667,17.833333333333332,1.0,0.024260067928190198,PatchTST-SSL(HoW-cond),Hog_office_Cortney,124,1
6,6,0.175,1.0,0.2978723404255319,1.1666666666666667,1.0,0.024260067928190198,HOW-profile(HoW-cond),Hog_office_Cortney,124,1
6,4,0.5319148936170213,0.6666666666666666,0.591715976331361,63.5,0.6666666666666666,0.0229459659511473,PatchTST-SSL(HoW-cond),Hog_office_Denita,124,1
6,4,0.7307692307692307,0.6666666666666666,0.6972477064220183,53.25,0.6666666666666666,0.010362694300518135,HOW-profile(HoW-cond),Hog_office_Denita,124,1
6,6,0.7857142857142857,1.0,0.88,26.166666666666668,1.0,0.013100436681222707,PatchTST-SSL(HoW-cond),Hog_office_Garrett,124,1
6,6,0.7058823529411765,1.0,0.8275862068965517,14.833333333333334,1.0,0.042212518195050945,HOW-profile(HoW-cond),Hog_office_Garrett,124,1
6,3,0.15789473684210525,0.5,0.23999999999999996,0.6666666666666666,0.5,0.026888604353393086,PatchTST-SSL(HoW-cond),Hog_office_Lavon,124,1
6,4,0.38461538461538464,0.6666666666666666,0.4878048780487804,2.0,0.6666666666666666,0.09282970550576185,HOW-profile(HoW-cond),Hog_office_Lavon,124,1
6,4,0.5555555555555556,0.6666666666666666,0.606060606060606,65.25,0.6666666666666666,0.0034110289937464467,PatchTST-SSL(HoW-cond),Hog_office_Merilyn,124,1
6,4,0.8,0.6666666666666666,0.7272727272727272,66.75,0.6666666666666666,0.0005685048322910744,HOW-profile(HoW-cond),Hog_office_Merilyn,124,1
6,4,0.8378378378378378,0.6666666666666666,0.7425149700598802,44.0,0.6666666666666666,0.006550218340611353,PatchTST-SSL(HoW-cond),Hog_office_Miriam,124,1
6,4,0.875,0.6666666666666666,0.7567567567567567,41.0,0.6666666666666666,0.002183406113537118,HOW-profile(HoW-cond),Hog_office_Miriam,124,1
6,5,0.9523809523809523,0.8333333333333334,0.888888888888889,13.8,0.8333333333333334,0.0011402508551881414,PatchTST-SSL(HoW-cond),Hog_office_Napoleon,124,1
6,5,0.8636363636363636,0.8333333333333334,0.8482142857142857,11.0,0.8333333333333334,0.0034207525655644243,HOW-profile(HoW-cond),Hog_office_Napoleon,124,1
6,6,1.0,1.0,1.0,72.0,1.0,0.0,PatchTST-SSL(HoW-cond),Hog_office_Shawna,124,1
6,5,1.0,0.8333333333333334,0.9090909090909091,33.6,0.8333333333333334,0.0,HOW-profile(HoW-cond),Hog_office_Shawna,124,1
6,5,0.7222222222222222,0.8333333333333334,0.7738095238095238,24.6,0.8333333333333334,0.015849056603773583,PatchTST-SSL(HoW-cond),Hog_office_Shawnna,124,1
6,6,0.631578947368421,1.0,0.7741935483870968,31.333333333333332,1.0,0.027169811320754716,HOW-profile(HoW-cond),Hog_office_Shawnna,124,1
6,3,0.7021276595744681,0.5,0.584070796460177,23.333333333333332,0.5,0.019464720194647202,PatchTST-SSL(HoW-cond),Hog_office_Sherrie,124,1
6,3,0.6585365853658537,0.5,0.5684210526315789,65.33333333333333,0.5,0.030008110300081103,HOW-profile(HoW-cond),Hog_office_Sherrie,124,1
6,5,0.6923076923076923,0.8333333333333334,0.7563025210084034,87.4,0.8333333333333334,0.012772351615326822,PatchTST-SSL(HoW-cond),Hog_office_Shon,124,1
6,4,0.6341463414634146,0.6666666666666666,0.6499999999999999,45.0,0.6666666666666666,0.018031555221637866,HOW-profile(HoW-cond),Hog_office_Shon,124,1
6,5,0.29577464788732394,0.8333333333333334,0.4365904365904366,4.6,0.8333333333333334,0.04373024236037935,PatchTST-SSL(HoW-cond),Hog_office_Sydney,124,1
6,5,0.3137254901960784,0.8333333333333334,0.4558404558404559,4.6,0.8333333333333334,0.0273972602739726,HOW-profile(HoW-cond),Hog_office_Sydney,124,1
6,6,0.8333333333333334,1.0,0.9090909090909091,8.0,1.0,0.009985734664764621,PatchTST-SSL(HoW-cond),Hog_office_Valda,124,1
6,6,0.9433962264150944,1.0,0.970873786407767,16.0,1.0,0.0028530670470756064,HOW-profile(HoW-cond),Hog_office_Valda,124,1
6,4,0.6451612903225806,0.6666666666666666,0.6557377049180327,95.75,0.6666666666666666,0.016236162361623615,PatchTST-SSL(HoW-cond),Lamb_education_Armando,124,1
6,4,0.7857142857142857,0.6666666666666666,0.721311475409836,35.0,0.6666666666666666,0.01992619926199262,HOW-profile(HoW-cond),Lamb_education_Armando,124,1
6,6,0.48,1.0,0.6486486486486487,26.833333333333332,1.0,0.04833219877467665,PatchTST-SSL(HoW-cond),Lamb_education_Eula,124,1
6,6,0.5432098765432098,1.0,0.704,10.0,1.0,0.06603131381892444,HOW-profile(HoW-cond),Lamb_education_Eula,124,1
6,2,0.14285714285714285,0.3333333333333333,0.2,1.0,0.3333333333333333,0.016770186335403725,PatchTST-SSL(HoW-cond),Lamb_education_Lazaro,124,1
6,2,0.06451612903225806,0.3333333333333333,0.1081081081081081,1.0,0.3333333333333333,0.0391304347826087,HOW-profile(HoW-cond),Lamb_education_Lazaro,124,1
6,6,0.4423076923076923,1.0,0.6133333333333333,38.5,1.0,0.030089628681177975,PatchTST-SSL(HoW-cond),Lamb_education_Lucas,124,1
6,6,0.6233766233766234,1.0,0.768,15.166666666666666,1.0,0.02240717029449424,HOW-profile(HoW-cond),Lamb_education_Lucas,124,1
6,6,0.42857142857142855,1.0,0.6,13.166666666666666,1.0,0.04055555555555555,PatchTST-SSL(HoW-cond),Lamb_education_Mae,124,1
6,6,0.3333333333333333,1.0,0.5,33.666666666666664,1.0,0.03,HOW-profile(HoW-cond),Lamb_education_Mae,124,1
6,6,0.7222222222222222,1.0,0.8387096774193548,40.166666666666664,1.0,0.010080645161290322,PatchTST-SSL(HoW-cond),Lamb_education_Williams,124,1
6,6,0.796875,1.0,0.8869565217391304,45.166666666666664,1.0,0.025201612903225805,HOW-profile(HoW-cond),Lamb_education_Williams,124,1
6,4,0.35,0.6666666666666666,0.4590163934426229,35.5,0.6666666666666666,0.021372328458942633,PatchTST-SSL(HoW-cond),Lamb_office_Caitlin,124,1
6,4,0.5625,0.6666666666666666,0.6101694915254238,26.25,0.6666666666666666,0.04499437570303712,HOW-profile(HoW-cond),Lamb_office_Caitlin,124,1
6,5,0.5897435897435898,0.8333333333333334,0.6906906906906907,26.8,0.8333333333333334,0.028415961305925032,PatchTST-SSL(HoW-cond),Lamb_office_Velma,124,1
6,6,0.6046511627906976,1.0,0.7536231884057971,4.166666666666667,1.0,0.032648125755743655,HOW-profile(HoW-cond),Lamb_office_Velma,124,1
6,6,0.2112676056338028,1.0,0.3488372093023256,7.833333333333333,1.0,0.0760812923397603,PatchTST-SSL(HoW-cond),Rat_retail_Jeffrey,124,1
6,6,0.25806451612903225,1.0,0.41025641025641024,7.166666666666667,1.0,0.10422094841063054,HOW-profile(HoW-cond),Rat_retail_Jeffrey,124,1
6,4,0.8653846153846154,0.6666666666666666,0.7531380753138075,119.25,0.6666666666666666,0.00743801652892562,PatchTST-SSL(HoW-cond),Robin_education_Zenia,124,1
6,4,0.7777777777777778,0.6666666666666666,0.717948717948718,81.0,0.6666666666666666,0.01487603305785124,HOW-profile(HoW-cond),Robin_education_Zenia,124,1
6,6,0.7714285714285715,1.0,0.870967741935484,12.5,1.0,0.006455399061032864,PatchTST-SSL(HoW-cond),Robin_office_Dina,124,1
6,6,0.72,1.0,0.8372093023255813,3.8333333333333335,1.0,0.008215962441314555,HOW-profile(HoW-cond),Robin_office_Dina,124,1
6,4,0.7758620689655172,0.6666666666666666,0.7171314741035856,41.5,0.6666666666666666,0.013620071684587814,PatchTST-SSL(HoW-cond),Robin_office_Sammie,124,1
6,5,0.7625,0.8333333333333334,0.7963446475195822,25.2,0.8333333333333334,0.01863799283154122,HOW-profile(HoW-cond),Robin_office_Sammie,124,1
6,6,0.971830985915493,1.0,0.9857142857142858,36.333333333333336,1.0,0.0013458950201884253,PatchTST-SSL(HoW-cond),Shrew_office_Doris,124,1
6,5,0.9375,0.8333333333333334,0.8823529411764706,47.6,0.8333333333333334,0.0033647375504710633,HOW-profile(HoW-cond),Shrew_office_Doris,124,1
6,6,0.5142857142857142,1.0,0.6792452830188679,39.833333333333336,1.0,0.018012422360248446,PatchTST-SSL(HoW-cond),Shrew_office_Ila,124,1
6,6,0.3170731707317073,1.0,0.48148148148148145,58.333333333333336,1.0,0.02298136645962733,HOW-profile(HoW-cond),Shrew_office_Ila,124,1
6,6,0.76,1.0,0.8636363636363636,6.666666666666667,1.0,0.010005558643690939,PatchTST-SSL(HoW-cond),Shrew_office_Kenneth,124,1
6,6,0.5625,1.0,0.72,19.166666666666668,1.0,0.023902167871039465,HOW-profile(HoW-cond),Shrew_office_Kenneth,124,1
6,6,0.7868852459016393,1.0,0.8807339449541284,24.333333333333332,1.0,0.011516314779270634,PatchTST-SSL(HoW-cond),Shrew_office_Nora,124,1
6,6,0.803030303030303,1.0,0.8907563025210083,5.666666666666667,1.0,0.011516314779270634,HOW-profile(HoW-cond),Shrew_office_Nora,124,1
6,5,0.5,0.8333333333333334,0.625,15.6,0.8333333333333334,0.011093502377179081,PatchTST-SSL(HoW-cond),Shrew_office_Sherill,124,1
6,5,0.5576923076923077,0.8333333333333334,0.6682027649769585,10.4,0.8333333333333334,0.02324352879027998,HOW-profile(HoW-cond),Shrew_office_Sherill,124,1
6,6,0.9117647058823529,1.0,0.9538461538461539,39.833333333333336,1.0,0.015861027190332326,PatchTST-SSL(HoW-cond),Wolf_office_Darleen,124,1
6,6,0.7843137254901961,1.0,0.8791208791208792,31.166666666666668,1.0,0.021148036253776436,HOW-profile(HoW-cond),Wolf_office_Darleen,124,1
6,3,0.5757575757575758,0.5,0.5352112676056339,13.666666666666666,0.5,0.012448132780082987,PatchTST-SSL(HoW-cond),Wolf_retail_Harriett,124,1
6,5,0.3333333333333333,0.8333333333333334,0.47619047619047616,20.6,0.8333333333333334,0.033787788974510964,HOW-profile(HoW-cond),Wolf_retail_Harriett,124,1
6,6,0.6,1.0,0.7499999999999999,28.5,1.0,0.010197144799456152,PatchTST-SSL(HoW-cond),Wolf_retail_Marcella,124,1
6,6,0.575,1.0,0.7301587301587301,19.333333333333332,1.0,0.01971447994561523,HOW-profile(HoW-cond),Wolf_retail_Marcella,124,1
6,5,0.2608695652173913,0.8333333333333334,0.3973509933774834,44.6,0.8333333333333334,0.014647887323943662,PatchTST-SSL(HoW-cond),Wolf_retail_Toshia,124,1
6,5,0.16666666666666666,0.8333333333333334,0.2777777777777778,46.8,0.8333333333333334,0.038873239436619716,HOW-profile(HoW-cond),Wolf_retail_Toshia,124,1
6,3,0.7241379310344828,0.5,0.591549295774648,9.666666666666666,0.5,0.02151238591916558,PatchTST-SSL(HoW-cond),Fox_education_Henrietta,125,1
6,3,0.631578947368421,0.5,0.5581395348837209,18.0,0.5,0.011734028683181226,HOW-profile(HoW-cond),Fox_education_Henrietta,125,1
6,5,0.2962962962962963,0.8333333333333334,0.4371584699453551,54.8,0.8333333333333334,0.07191568505889646,PatchTST-SSL(HoW-cond),Fox_retail_Manie,125,1
6,5,0.3333333333333333,0.8333333333333334,0.47619047619047616,34.0,0.8333333333333334,0.10043397396156231,HOW-profile(HoW-cond),Fox_retail_Manie,125,1
6,5,0.6222222222222222,0.8333333333333334,0.712468193384224,4.6,0.8333333333333334,0.026299694189602447,PatchTST-SSL(HoW-cond),Hog_education_Bruno,125,1
6,5,0.64,0.8333333333333334,0.7239819004524887,4.2,0.8333333333333334,0.026299694189602447,HOW-profile(HoW-cond),Hog_education_Bruno,125,1
6,5,0.8571428571428571,0.8333333333333334,0.8450704225352113,9.6,0.8333333333333334,0.009530292716133424,PatchTST-SSL(HoW-cond),Hog_education_Caridad,125,1
6,5,0.7692307692307693,0.8333333333333334,0.8,45.6,0.8333333333333334,0.0068073519400953025,HOW-profile(HoW-cond),Hog_education_Caridad,125,1
6,6,0.6363636363636364,1.0,0.7777777777777778,14.166666666666666,1.0,0.011972633979475485,PatchTST-SSL(HoW-cond),Hog_education_Josh,125,1
6,5,0.5945945945945946,0.8333333333333334,0.694006309148265,15.6,0.8333333333333334,0.013683010262257697,HOW-profile(HoW-cond),Hog_education_Josh,125,1
6,6,0.46153846153846156,1.0,0.631578947368421,20.333333333333332,1.0,0.01952141057934509,PatchTST-SSL(HoW-cond),Hog_education_Luvenia,125,1
6,6,0.5517241379310345,1.0,0.7111111111111111,41.5,1.0,0.018261964735516372,HOW-profile(HoW-cond),Hog_education_Luvenia,125,1
6,5,0.8,0.8333333333333334,0.816326530612245,35.8,0.8333333333333334,0.017774851876234364,PatchTST-SSL(HoW-cond),Hog_office_Almeda,125,1
6,5,0.7068965517241379,0.8333333333333334,0.7649253731343283,17.2,0.8333333333333334,0.025016458196181698,HOW-profile(HoW-cond),Hog_office_Almeda,125,1
6,6,0.2619047619047619,1.0,0.41509433962264153,13.833333333333334,1.0,0.02135054617676266,PatchTST-SSL(HoW-cond),Hog_office_Cortney,125,1
6,6,0.2631578947368421,1.0,0.4166666666666667,21.833333333333332,1.0,0.02035749751737835,HOW-profile(HoW-cond),Hog_office_Cortney,125,1
6,4,0.5555555555555556,0.6666666666666666,0.606060606060606,10.5,0.6666666666666666,0.017212659633536923,PatchTST-SSL(HoW-cond),Hog_office_Denita,125,1
6,4,0.7352941176470589,0.6666666666666666,0.6993006993006994,14.75,0.6666666666666666,0.006107717934480844,HOW-profile(HoW-cond),Hog_office_Denita,125,1
6,6,0.35135135135135137,1.0,0.52,48.333333333333336,1.0,0.032589016294508145,PatchTST-SSL(HoW-cond),Hog_office_Garrett,125,1
6,6,0.4166666666666667,1.0,0.5882352941176471,24.5,1.0,0.04284852142426071,HOW-profile(HoW-cond),Hog_office_Garrett,125,1
6,3,0.15,0.5,0.23076923076923075,0.3333333333333333,0.5,0.022289766970618033,PatchTST-SSL(HoW-cond),Hog_office_Lavon,125,1
6,3,0.15,0.5,0.23076923076923075,0.3333333333333333,0.5,0.07092198581560284,HOW-profile(HoW-cond),Hog_office_Lavon,125,1
6,5,0.8095238095238095,0.8333333333333334,0.8212560386473431,82.6,0.8333333333333334,0.004357298474945534,PatchTST-SSL(HoW-cond),Hog_office_Merilyn,125,1
6,5,0.9230769230769231,0.8333333333333334,0.8759124087591241,82.6,0.8333333333333334,0.0007262164124909223,HOW-profile(HoW-cond),Hog_office_Merilyn,125,1
6,4,0.16666666666666666,0.6666666666666666,0.26666666666666666,2.0,0.6666666666666666,0.013310185185185185,PatchTST-SSL(HoW-cond),Hog_office_Miriam,125,1
6,4,0.4166666666666667,0.6666666666666666,0.5128205128205129,2.0,0.6666666666666666,0.004629629629629629,HOW-profile(HoW-cond),Hog_office_Miriam,125,1
6,6,0.3783783783783784,1.0,0.5490196078431372,15.166666666666666,1.0,0.014925373134328358,PatchTST-SSL(HoW-cond),Hog_office_Napoleon,125,1
6,6,0.25,1.0,0.4,12.166666666666666,1.0,0.0314498933901919,HOW-profile(HoW-cond),Hog_office_Napoleon,125,1
6,5,0.52,0.8333333333333334,0.6403940886699507,14.8,0.8333333333333334,0.009428729894620078,PatchTST-SSL(HoW-cond),Hog_office_Shawna,125,1
6,5,0.27450980392156865,0.8333333333333334,0.41297935103244837,21.6,0.8333333333333334,0.036605657237936774,HOW-profile(HoW-cond),Hog_office_Shawna,125,1
6,5,0.5238095238095238,0.8333333333333334,0.6432748538011697,5.0,0.8333333333333334,0.015826494724501757,PatchTST-SSL(HoW-cond),Hog_office_Shawnna,125,1
6,5,0.42857142857142855,0.8333333333333334,0.5660377358490566,4.6,0.8333333333333334,0.031652989449003514,HOW-profile(HoW-cond),Hog_office_Shawnna,125,1
6,4,0.9433962264150944,0.6666666666666666,0.7812499999999999,29.25,0.6666666666666666,0.003977724741447892,PatchTST-SSL(HoW-cond),Hog_office_Sherrie,125,1
6,4,0.9827586206896551,0.6666666666666666,0.794425087108014,31.25,0.6666666666666666,0.0007955449482895784,HOW-profile(HoW-cond),Hog_office_Sherrie,125,1
6,5,0.5813953488372093,0.8333333333333334,0.684931506849315,23.8,0.8333333333333334,0.016,PatchTST-SSL(HoW-cond),Hog_office_Shon,125,1
6,5,0.5384615384615384,0.8333333333333334,0.6542056074766356,23.6,0.8333333333333334,0.015428571428571429,HOW-profile(HoW-cond),Hog_office_Shon,125,1
6,5,0.6904761904761905,0.8333333333333334,0.7552083333333335,23.2,0.8333333333333334,0.012337662337662338,PatchTST-SSL(HoW-cond),Hog_office_Sydney,125,1
6,5,0.75,0.8333333333333334,0.7894736842105262,38.4,0.8333333333333334,0.008441558441558441,HOW-profile(HoW-cond),Hog_office_Sydney,125,1
6,2,0.46153846153846156,0.3333333333333333,0.3870967741935484,11.0,0.3333333333333333,0.02836411609498681,PatchTST-SSL(HoW-cond),Hog_office_Valda,125,1
6,3,0.7307692307692307,0.5,0.5937499999999999,7.333333333333333,0.5,0.008575197889182058,HOW-profile(HoW-cond),Hog_office_Valda,125,1
6,5,0.6060606060606061,0.8333333333333334,0.7017543859649124,8.0,0.8333333333333334,0.012965964343598054,PatchTST-SSL(HoW-cond),Lamb_education_Armando,125,1
6,6,0.7692307692307693,1.0,0.8695652173913044,18.333333333333332,1.0,0.010804970286331712,HOW-profile(HoW-cond),Lamb_education_Armando,125,1
6,5,0.35714285714285715,0.8333333333333334,0.5,27.6,0.8333333333333334,0.030120481927710843,PatchTST-SSL(HoW-cond),Lamb_education_Eula,125,1
6,5,0.34782608695652173,0.8333333333333334,0.49079754601227,3.4,0.8333333333333334,0.06626506024096386,HOW-profile(HoW-cond),Lamb_education_Eula,125,1
6,2,0.13333333333333333,0.3333333333333333,0.19047619047619044,1.0,0.3333333333333333,0.02223869532987398,PatchTST-SSL(HoW-cond),Lamb_education_Lazaro,125,1
6,2,0.14285714285714285,0.3333333333333333,0.2,1.0,0.3333333333333333,0.04373610081541883,HOW-profile(HoW-cond),Lamb_education_Lazaro,125,1
6,6,0.2826086956521739,1.0,0.4406779661016949,26.0,1.0,0.029076396807297605,PatchTST-SSL(HoW-cond),Lamb_education_Lucas,125,1
6,6,0.45454545454545453,1.0,0.625,4.666666666666667,1.0,0.033637400228050174,HOW-profile(HoW-cond),Lamb_education_Lucas,125,1
6,5,0.7058823529411765,0.8333333333333334,0.7643312101910827,32.6,0.8333333333333334,0.010396361273554255,PatchTST-SSL(HoW-cond),Lamb_education_Mae,125,1
6,5,0.5454545454545454,0.8333333333333334,0.6593406593406592,35.0,0.8333333333333334,0.023391812865497075,HOW-profile(HoW-cond),Lamb_education_Mae,125,1
6,5,0.35,0.8333333333333334,0.49295774647887325,2.8,0.8333333333333334,0.02562733582487987,PatchTST-SSL(HoW-cond),Lamb_education_Williams,125,1
6,6,0.5,1.0,0.6666666666666666,3.1666666666666665,1.0,0.02402562733582488,HOW-profile(HoW-cond),Lamb_education_Williams,125,1
6,4,0.5,0.6666666666666666,0.5714285714285715,76.0,0.6666666666666666,0.027387120651369355,PatchTST-SSL(HoW-cond),Lamb_office_Caitlin,125,1
6,4,0.5909090909090909,0.6666666666666666,0.6265060240963856,34.0,0.6666666666666666,0.07475943745373798,HOW-profile(HoW-cond),Lamb_office_Caitlin,125,1
6,5,0.59375,0.8333333333333334,0.6934306569343065,14.0,0.8333333333333334,0.013912075681691708,PatchTST-SSL(HoW-cond),Lamb_office_Velma,125,1
6,5,0.5526315789473685,0.8333333333333334,0.6645569620253164,10.2,0.8333333333333334,0.027824151363383415,HOW-profile(HoW-cond),Lamb_office_Velma,125,1
6,6,0.25757575757575757,1.0,0.40963855421686746,3.6666666666666665,1.0,0.06346749226006192,PatchTST-SSL(HoW-cond),Rat_retail_Jeffrey,125,1
6,6,0.36363636363636365,1.0,0.5333333333333333,1.8333333333333333,1.0,0.09752321981424149,HOW-profile(HoW-cond),Rat_retail_Jeffrey,125,1
6,6,0.5362318840579711,1.0,0.6981132075471698,3.0,1.0,0.03731343283582089,PatchTST-SSL(HoW-cond),Robin_education_Zenia,125,1
6,6,0.3953488372093023,1.0,0.5666666666666667,2.3333333333333335,1.0,0.055970149253731345,HOW-profile(HoW-cond),Robin_education_Zenia,125,1
6,6,0.7058823529411765,1.0,0.8275862068965517,44.166666666666664,1.0,0.007372654155495978,PatchTST-SSL(HoW-cond),Robin_office_Dina,125,1
6,6,0.7,1.0,0.8235294117647058,15.0,1.0,0.00871313672922252,HOW-profile(HoW-cond),Robin_office_Dina,125,1
6,4,0.7346938775510204,0.6666666666666666,0.6990291262135923,73.0,0.6666666666666666,0.013818181818181818,PatchTST-SSL(HoW-cond),Robin_office_Sammie,125,1
6,4,0.75,0.6666666666666666,0.7058823529411765,40.75,0.6666666666666666,0.016,HOW-profile(HoW-cond),Robin_office_Sammie,125,1
6,4,0.8285714285714286,0.6666666666666666,0.7388535031847134,15.75,0.6666666666666666,0.006184291898577613,PatchTST-SSL(HoW-cond),Shrew_office_Doris,125,1
6,3,0.5806451612903226,0.5,0.537313432835821,5.666666666666667,0.5,0.01422387136672851,HOW-profile(HoW-cond),Shrew_office_Doris,125,1
6,5,0.5416666666666666,0.8333333333333334,0.6565656565656566,13.4,0.8333333333333334,0.022933333333333333,PatchTST-SSL(HoW-cond),Shrew_office_Ila,125,1
6,5,0.7058823529411765,0.8333333333333334,0.7643312101910827,10.0,0.8333333333333334,0.007466666666666667,HOW-profile(HoW-cond),Shrew_office_Ila,125,1
6,4,0.7037037037037037,0.6666666666666666,0.6846846846846847,20.75,0.6666666666666666,0.01427644386761843,PatchTST-SSL(HoW-cond),Shrew_office_Kenneth,125,1
6,5,0.7,0.8333333333333334,0.7608695652173915,12.6,0.8333333333333334,0.02336145360155743,HOW-profile(HoW-cond),Shrew_office_Kenneth,125,1
6,4,0.75,0.6666666666666666,0.7058823529411765,3.0,0.6666666666666666,0.009994121105232217,PatchTST-SSL(HoW-cond),Shrew_office_Nora,125,1
6,4,0.515625,0.6666666666666666,0.5814977973568283,4.25,0.6666666666666666,0.02292768959435626,HOW-profile(HoW-cond),Shrew_office_Nora,125,1
6,6,0.7317073170731707,1.0,0.8450704225352113,26.666666666666668,1.0,0.010146561443066516,PatchTST-SSL(HoW-cond),Shrew_office_Sherill,125,1
6,6,0.5094339622641509,1.0,0.6749999999999999,10.666666666666666,1.0,0.021984216459977453,HOW-profile(HoW-cond),Shrew_office_Sherill,125,1
6,5,0.47058823529411764,0.8333333333333334,0.6015037593984962,26.2,0.8333333333333334,0.03361823361823362,PatchTST-SSL(HoW-cond),Wolf_office_Darleen,125,1
6,5,0.37142857142857144,0.8333333333333334,0.5138339920948616,25.2,0.8333333333333334,0.045584045584045586,HOW-profile(HoW-cond),Wolf_office_Darleen,125,1
6,6,0.59375,1.0,0.7450980392156863,14.833333333333334,1.0,0.01291638341264446,PatchTST-SSL(HoW-cond),Wolf_retail_Harriett,125,1
6,6,0.5606060606060606,1.0,0.7184466019417475,7.666666666666667,1.0,0.026512576478585997,HOW-profile(HoW-cond),Wolf_retail_Harriett,125,1
6,4,0.5,0.6666666666666666,0.5714285714285715,38.5,0.6666666666666666,0.007357449417535254,PatchTST-SSL(HoW-cond),Wolf_retail_Marcella,125,1
6,4,0.38095238095238093,0.6666666666666666,0.4848484848484849,38.25,0.6666666666666666,0.010423053341508276,HOW-profile(HoW-cond),Wolf_retail_Marcella,125,1
6,5,0.4444444444444444,0.8333333333333334,0.5797101449275363,19.4,0.8333333333333334,0.014654161781946073,PatchTST-SSL(HoW-cond),Wolf_retail_Toshia,125,1
6,6,0.6060606060606061,1.0,0.7547169811320755,21.166666666666668,1.0,0.03634232121922626,HOW-profile(HoW-cond),Wolf_retail_Toshia,125,1
6,4,0.2777777777777778,0.6666666666666666,0.39215686274509803,41.0,0.6666666666666666,0.03217299578059072,PatchTST-SSL(HoW-cond),Fox_education_Henrietta,123,2
6,4,0.21052631578947367,0.6666666666666666,0.32,48.75,0.6666666666666666,0.026371308016877638,HOW-profile(HoW-cond),Fox_education_Henrietta,123,2
6,3,0.37254901960784315,0.5,0.42696629213483145,60.666666666666664,0.5,0.08062575210589651,PatchTST-SSL(HoW-cond),Fox_retail_Manie,123,2
6,5,0.3492063492063492,0.8333333333333334,0.49217002237136465,41.0,0.8333333333333334,0.10288808664259928,HOW-profile(HoW-cond),Fox_retail_Manie,123,2
6,6,0.7307692307692307,1.0,0.8444444444444443,44.666666666666664,1.0,0.014524328249818447,PatchTST-SSL(HoW-cond),Hog_education_Bruno,123,2
6,6,0.4857142857142857,1.0,0.6538461538461539,32.0,1.0,0.026143790849673203,HOW-profile(HoW-cond),Hog_education_Bruno,123,2
6,5,0.8148148148148148,0.8333333333333334,0.8239700374531835,54.8,0.8333333333333334,0.013630731102850062,PatchTST-SSL(HoW-cond),Hog_education_Caridad,123,2
6,6,0.8333333333333334,1.0,0.9090909090909091,43.166666666666664,1.0,0.009913258983890954,HOW-profile(HoW-cond),Hog_education_Caridad,123,2
6,4,0.19047619047619047,0.6666666666666666,0.2962962962962963,27.75,0.6666666666666666,0.0142602495543672,PatchTST-SSL(HoW-cond),Hog_education_Josh,123,2
6,3,0.15789473684210525,0.5,0.23999999999999996,36.333333333333336,0.5,0.015448603683897801,HOW-profile(HoW-cond),Hog_education_Josh,123,2
6,4,0.8484848484848485,0.6666666666666666,0.7466666666666666,31.5,0.6666666666666666,0.0037220843672456576,PatchTST-SSL(HoW-cond),Hog_education_Luvenia,123,2
6,4,0.6857142857142857,0.6666666666666666,0.676056338028169,32.25,0.6666666666666666,0.01054590570719603,HOW-profile(HoW-cond),Hog_education_Luvenia,123,2
6,6,0.7924528301886793,1.0,0.8842105263157896,21.333333333333332,1.0,0.010359116022099447,PatchTST-SSL(HoW-cond),Hog_office_Almeda,123,2
6,6,0.6805555555555556,1.0,0.8099173553719008,13.666666666666666,1.0,0.022790055248618785,HOW-profile(HoW-cond),Hog_office_Almeda,123,2
6,6,0.8222222222222222,1.0,0.9024390243902439,46.0,1.0,0.006931316950220542,PatchTST-SSL(HoW-cond),Hog_office_Cortney,123,2
6,5,0.6888888888888889,0.8333333333333334,0.7542579075425792,13.8,0.8333333333333334,0.013862633900441084,HOW-profile(HoW-cond),Hog_office_Cortney,123,2
6,6,0.6956521739130435,1.0,0.8205128205128205,52.166666666666664,1.0,0.014896373056994818,PatchTST-SSL(HoW-cond),Hog_office_Denita,123,2
6,6,0.5185185185185185,1.0,0.6829268292682926,56.333333333333336,1.0,0.012305699481865285,HOW-profile(HoW-cond),Hog_office_Denita,123,2
6,6,0.5952380952380952,1.0,0.7462686567164178,45.333333333333336,1.0,0.04084411164057182,PatchTST-SSL(HoW-cond),Hog_office_Garrett,123,2
6,6,0.6086956521739131,1.0,0.7567567567567568,21.0,1.0,0.027910142954390742,HOW-profile(HoW-cond),Hog_office_Garrett,123,2
6,6,0.3157894736842105,1.0,0.4799999999999999,42.833333333333336,1.0,0.023019271948608137,PatchTST-SSL(HoW-cond),Hog_office_Lavon,123,2
6,6,0.4375,1.0,0.6086956521739131,35.666666666666664,1.0,0.021948608137044967,HOW-profile(HoW-cond),Hog_office_Lavon,123,2
6,3,0.9,0.5,0.6428571428571429,31.333333333333332,0.5,0.0006195786864931846,PatchTST-SSL(HoW-cond),Hog_office_Merilyn,123,2
6,3,0.7777777777777778,0.5,0.6086956521739131,15.0,0.5,0.0012391573729863693,HOW-profile(HoW-cond),Hog_office_Merilyn,123,2
6,6,0.7142857142857143,1.0,0.8333333333333333,25.0,1.0,0.006918238993710692,PatchTST-SSL(HoW-cond),Hog_office_Miriam,123,2
6,5,0.5,0.8333333333333334,0.625,14.6,0.8333333333333334,0.011949685534591196,HOW-profile(HoW-cond),Hog_office_Miriam,123,2
6,6,1.0,1.0,1.0,62.0,1.0,0.0,PatchTST-SSL(HoW-cond),Hog_office_Napoleon,123,2
6,6,0.9487179487179487,1.0,0.9736842105263158,48.833333333333336,1.0,0.0014316392269148174,HOW-profile(HoW-cond),Hog_office_Napoleon,123,2
6,4,0.59375,0.6666666666666666,0.628099173553719,4.0,0.6666666666666666,0.013497652582159625,PatchTST-SSL(HoW-cond),Hog_office_Shawna,123,2
6,5,0.74,0.8333333333333334,0.7838983050847459,3.8,0.8333333333333334,0.01056338028169014,HOW-profile(HoW-cond),Hog_office_Shawna,123,2
6,6,0.6206896551724138,1.0,0.7659574468085107,3.8333333333333335,1.0,0.011904761904761904,PatchTST-SSL(HoW-cond),Hog_office_Shawnna,123,2
6,6,0.38596491228070173,1.0,0.5569620253164557,3.8333333333333335,1.0,0.02976190476190476,HOW-profile(HoW-cond),Hog_office_Shawnna,123,2
6,6,0.8,1.0,0.888888888888889,40.0,1.0,0.004478566858605247,PatchTST-SSL(HoW-cond),Hog_office_Sherrie,123,2
6,6,0.8529411764705882,1.0,0.9206349206349206,36.666666666666664,1.0,0.003838771593090211,HOW-profile(HoW-cond),Hog_office_Sherrie,123,2
6,6,0.9705882352941176,1.0,0.9850746268656716,33.5,1.0,0.0006802721088435374,PatchTST-SSL(HoW-cond),Hog_office_Shon,123,2
6,6,0.926829268292683,1.0,0.9620253164556963,25.5,1.0,0.0027210884353741495,HOW-profile(HoW-cond),Hog_office_Shon,123,2
6,5,0.6382978723404256,0.8333333333333334,0.7228915662650603,36.4,0.8333333333333334,0.012313674659753726,PatchTST-SSL(HoW-cond),Hog_office_Sydney,123,2
6,5,0.5142857142857142,0.8333333333333334,0.6360424028268551,41.4,0.8333333333333334,0.014906027219701879,HOW-profile(HoW-cond),Hog_office_Sydney,123,2
6,6,0.45,1.0,0.6206896551724138,3.3333333333333335,1.0,0.008637236084452975,PatchTST-SSL(HoW-cond),Hog_office_Valda,123,2
6,6,0.5,1.0,0.6666666666666666,1.0,1.0,0.009117082533589251,HOW-profile(HoW-cond),Hog_office_Valda,123,2
6,5,0.5769230769230769,0.8333333333333334,0.6818181818181818,18.8,0.8333333333333334,0.007946210268948655,PatchTST-SSL(HoW-cond),Lamb_education_Armando,123,2
6,5,0.4222222222222222,0.8333333333333334,0.56047197640118,10.0,0.8333333333333334,0.04706601466992665,HOW-profile(HoW-cond),Lamb_education_Armando,123,2
6,6,0.14634146341463414,1.0,0.2553191489361702,0.16666666666666666,1.0,0.04032997250229148,PatchTST-SSL(HoW-cond),Lamb_education_Eula,123,2
6,6,0.08064516129032258,1.0,0.1492537313432836,0.16666666666666666,1.0,0.08020164986251145,HOW-profile(HoW-cond),Lamb_education_Eula,123,2
6,4,0.5294117647058824,0.6666666666666666,0.5901639344262295,17.25,0.6666666666666666,0.02608695652173913,PatchTST-SSL(HoW-cond),Lamb_education_Lazaro,123,2
6,3,0.35,0.5,0.4117647058823529,37.666666666666664,0.5,0.040372670807453416,HOW-profile(HoW-cond),Lamb_education_Lazaro,123,2
6,6,0.3953488372093023,1.0,0.5666666666666667,11.666666666666666,1.0,0.017405951712521055,PatchTST-SSL(HoW-cond),Lamb_education_Lucas,123,2
6,6,0.4084507042253521,1.0,0.5800000000000001,19.666666666666668,1.0,0.030320044918585063,HOW-profile(HoW-cond),Lamb_education_Lucas,123,2
6,5,0.40540540540540543,0.8333333333333334,0.5454545454545455,48.4,0.8333333333333334,0.03719599427753934,PatchTST-SSL(HoW-cond),Lamb_education_Mae,123,2
6,6,0.4528301886792453,1.0,0.6233766233766235,42.333333333333336,1.0,0.0407725321888412,HOW-profile(HoW-cond),Lamb_education_Mae,123,2
6,6,0.2692307692307692,1.0,0.42424242424242425,19.333333333333332,1.0,0.02814070351758794,PatchTST-SSL(HoW-cond),Lamb_education_Williams,123,2
6,6,0.41025641025641024,1.0,0.5818181818181819,6.0,1.0,0.03869346733668342,HOW-profile(HoW-cond),Lamb_education_Williams,123,2
6,5,0.4782608695652174,0.8333333333333334,0.6077348066298343,18.0,0.8333333333333334,0.03160270880361174,PatchTST-SSL(HoW-cond),Lamb_office_Caitlin,123,2
6,4,0.375,0.6666666666666666,0.4800000000000001,1.5,0.6666666666666666,0.06433408577878104,HOW-profile(HoW-cond),Lamb_office_Caitlin,123,2
6,5,0.68,0.8333333333333334,0.748898678414097,20.8,0.8333333333333334,0.02108222066057625,PatchTST-SSL(HoW-cond),Lamb_office_Velma,123,2
6,5,0.7727272727272727,0.8333333333333334,0.8018867924528302,15.2,0.8333333333333334,0.022487702037947997,HOW-profile(HoW-cond),Lamb_office_Velma,123,2
6,3,0.6964285714285714,0.5,0.582089552238806,55.0,0.5,0.04240555127216654,PatchTST-SSL(HoW-cond),Rat_retail_Jeffrey,123,2
6,3,0.6515151515151515,0.5,0.5657894736842106,45.0,0.5,0.07478797224363917,HOW-profile(HoW-cond),Rat_retail_Jeffrey,123,2
6,4,0.6865671641791045,0.6666666666666666,0.676470588235294,74.0,0.6666666666666666,0.027064538514920196,PatchTST-SSL(HoW-cond),Robin_education_Zenia,123,2
6,4,0.6024096385542169,0.6666666666666666,0.6329113924050633,40.75,0.6666666666666666,0.040249826509368494,HOW-profile(HoW-cond),Robin_education_Zenia,123,2
6,4,0.8,0.6666666666666666,0.7272727272727272,20.25,0.6666666666666666,0.006134969325153374,PatchTST-SSL(HoW-cond),Robin_office_Dina,123,2
6,4,0.6833333333333333,0.6666666666666666,0.6748971193415637,20.0,0.6666666666666666,0.015337423312883436,HOW-profile(HoW-cond),Robin_office_Dina,123,2
6,6,0.6190476190476191,1.0,0.7647058823529412,72.66666666666667,1.0,0.007168458781362007,PatchTST-SSL(HoW-cond),Robin_office_Sammie,123,2
6,5,0.43243243243243246,0.8333333333333334,0.5693950177935942,59.2,0.8333333333333334,0.01935483870967742,HOW-profile(HoW-cond),Robin_office_Sammie,123,2
6,5,0.9130434782608695,0.8333333333333334,0.871369294605809,35.6,0.8333333333333334,0.001358695652173913,PatchTST-SSL(HoW-cond),Shrew_office_Doris,123,2
6,5,0.5833333333333334,0.8333333333333334,0.6862745098039216,26.0,0.8333333333333334,0.018342391304347828,HOW-profile(HoW-cond),Shrew_office_Doris,123,2
6,4,0.8518518518518519,0.6666666666666666,0.7479674796747967,18.5,0.6666666666666666,0.004591368227731864,PatchTST-SSL(HoW-cond),Shrew_office_Ila,123,2
6,4,0.9354838709677419,0.6666666666666666,0.7785234899328858,42.25,0.6666666666666666,0.0018365472910927456,HOW-profile(HoW-cond),Shrew_office_Ila,123,2
6,6,1.0,1.0,1.0,15.333333333333334,1.0,0.0,PatchTST-SSL(HoW-cond),Shrew_office_Kenneth,123,2
6,6,0.8983050847457628,1.0,0.9464285714285715,13.666666666666666,1.0,0.014820042342978124,HOW-profile(HoW-cond),Shrew_office_Kenneth,123,2
6,6,0.6923076923076923,1.0,0.8181818181818181,4.666666666666667,1.0,0.006697578567748583,PatchTST-SSL(HoW-cond),Shrew_office_Nora,123,2
6,6,0.34375,1.0,0.5116279069767442,0.6666666666666666,1.0,0.027820710973724884,HOW-profile(HoW-cond),Shrew_office_Nora,123,2
6,6,0.7142857142857143,1.0,0.8333333333333333,22.333333333333332,1.0,0.0046865846514352666,PatchTST-SSL(HoW-cond),Shrew_office_Sherill,123,2
6,5,0.5428571428571428,0.8333333333333334,0.657439446366782,7.2,0.8333333333333334,0.014059753954305799,HOW-profile(HoW-cond),Shrew_office_Sherill,123,2
6,5,0.90625,0.8333333333333334,0.8682634730538922,37.0,0.8333333333333334,0.016725352112676055,PatchTST-SSL(HoW-cond),Wolf_office_Darleen,123,2
6,6,0.8260869565217391,1.0,0.9047619047619047,64.33333333333333,1.0,0.02112676056338028,HOW-profile(HoW-cond),Wolf_office_Darleen,123,2
6,4,0.3953488372093023,0.6666666666666666,0.49635036496350365,33.5,0.6666666666666666,0.021462105969148222,PatchTST-SSL(HoW-cond),Wolf_retail_Harriett,123,2
6,4,0.3620689655172414,0.6666666666666666,0.4692737430167597,15.25,0.6666666666666666,0.03286384976525822,HOW-profile(HoW-cond),Wolf_retail_Harriett,123,2
6,6,0.59375,1.0,0.7450980392156863,10.0,1.0,0.016882386043894203,PatchTST-SSL(HoW-cond),Wolf_retail_Marcella,123,2
6,6,0.48936170212765956,1.0,0.6571428571428571,6.666666666666667,1.0,0.04164321890827237,HOW-profile(HoW-cond),Wolf_retail_Marcella,123,2
6,6,0.21875,1.0,0.358974358974359,12.833333333333334,1.0,0.0328125,PatchTST-SSL(HoW-cond),Wolf_retail_Toshia,123,2
6,5,0.1724137931034483,0.8333333333333334,0.28571428571428575,1.8,0.8333333333333334,0.04583333333333333,HOW-profile(HoW-cond),Wolf_retail_Toshia,123,2
6,5,0.7333333333333333,0.8333333333333334,0.7801418439716311,29.4,0.8333333333333334,0.006119951040391677,PatchTST-SSL(HoW-cond),Fox_education_Henrietta,124,2
6,5,0.7894736842105263,0.8333333333333334,0.8108108108108109,29.4,0.8333333333333334,0.01040391676866585,HOW-profile(HoW-cond),Fox_education_Henrietta,124,2
6,6,0.32608695652173914,1.0,0.4918032786885246,12.5,1.0,0.08502024291497975,PatchTST-SSL(HoW-cond),Fox_retail_Manie,124,2
6,6,0.4166666666666667,1.0,0.5882352941176471,4.666666666666667,1.0,0.10179294389820706,HOW-profile(HoW-cond),Fox_retail_Manie,124,2
6,3,0.7222222222222222,0.5,0.5909090909090908,62.333333333333336,0.5,0.00437636761487965,PatchTST-SSL(HoW-cond),Hog_education_Bruno,124,2
6,3,0.9333333333333333,0.5,0.6511627906976745,50.666666666666664,0.5,0.0007293946024799417,HOW-profile(HoW-cond),Hog_education_Bruno,124,2
6,3,0.5,0.5,0.5,52.0,0.5,0.027244582043343655,PatchTST-SSL(HoW-cond),Hog_education_Caridad,124,2
6,3,0.5714285714285714,0.5,0.5333333333333333,59.0,0.5,0.021052631578947368,HOW-profile(HoW-cond),Hog_education_Caridad,124,2
6,4,0.575,0.6666666666666666,0.6174496644295301,9.75,0.6666666666666666,0.01735106998264893,PatchTST-SSL(HoW-cond),Hog_education_Josh,124,2
6,5,0.5609756097560976,0.8333333333333334,0.6705539358600583,10.4,0.8333333333333334,0.017929438982070563,HOW-profile(HoW-cond),Hog_education_Josh,124,2
6,3,0.7777777777777778,0.5,0.6086956521739131,54.666666666666664,0.5,0.00859375,PatchTST-SSL(HoW-cond),Hog_education_Luvenia,124,2
6,3,0.6111111111111112,0.5,0.55,28.0,0.5,0.02734375,HOW-profile(HoW-cond),Hog_education_Luvenia,124,2
6,6,0.4473684210526316,1.0,0.6181818181818182,14.833333333333334,1.0,0.027539779681762546,PatchTST-SSL(HoW-cond),Hog_office_Almeda,124,2
6,6,0.37037037037037035,1.0,0.5405405405405406,14.833333333333334,1.0,0.04039167686658507,HOW-profile(HoW-cond),Hog_office_Almeda,124,2
6,5,0.22727272727272727,0.8333333333333334,0.35714285714285715,0.8,0.8333333333333334,0.010189228529839884,PatchTST-SSL(HoW-cond),Hog_office_Cortney,124,2
6,6,0.175,1.0,0.2978723404255319,1.1666666666666667,1.0,0.024260067928190198,HOW-profile(HoW-cond),Hog_office_Cortney,124,2
6,4,0.4,0.6666666666666666,0.5,65.5,0.6666666666666666,0.018504811250925242,PatchTST-SSL(HoW-cond),Hog_office_Denita,124,2
6,4,0.7307692307692307,0.6666666666666666,0.6972477064220183,53.25,0.6666666666666666,0.010362694300518135,HOW-profile(HoW-cond),Hog_office_Denita,124,2
6,6,0.75,1.0,0.8571428571428571,32.0,1.0,0.022561863173216887,PatchTST-SSL(HoW-cond),Hog_office_Garrett,124,2
6,6,0.7058823529411765,1.0,0.8275862068965517,14.833333333333334,1.0,0.042212518195050945,HOW-profile(HoW-cond),Hog_office_Garrett,124,2
6,4,0.35294117647058826,0.6666666666666666,0.46153846153846156,14.5,0.6666666666666666,0.03201024327784891,PatchTST-SSL(HoW-cond),Hog_office_Lavon,124,2
6,4,0.38461538461538464,0.6666666666666666,0.4878048780487804,2.0,0.6666666666666666,0.09282970550576185,HOW-profile(HoW-cond),Hog_office_Lavon,124,2
6,4,0.6666666666666666,0.6666666666666666,0.6666666666666666,65.25,0.6666666666666666,0.0022740193291642978,PatchTST-SSL(HoW-cond),Hog_office_Merilyn,124,2
6,4,0.8,0.6666666666666666,0.7272727272727272,66.75,0.6666666666666666,0.0005685048322910744,HOW-profile(HoW-cond),Hog_office_Merilyn,124,2
6,4,0.8648648648648649,0.6666666666666666,0.7529411764705882,55.75,0.6666666666666666,0.005094614264919942,PatchTST-SSL(HoW-cond),Hog_office_Miriam,124,2
6,4,0.875,0.6666666666666666,0.7567567567567567,41.0,0.6666666666666666,0.002183406113537118,HOW-profile(HoW-cond),Hog_office_Miriam,124,2
6,5,0.9743589743589743,0.8333333333333334,0.8983451536643026,15.4,0.8333333333333334,0.0005701254275940707,PatchTST-SSL(HoW-cond),Hog_office_Napoleon,124,2
6,5,0.8636363636363636,0.8333333333333334,0.8482142857142857,11.0,0.8333333333333334,0.0034207525655644243,HOW-profile(HoW-cond),Hog_office_Napoleon,124,2
6,6,0.98,1.0,0.98989898989899,56.5,1.0,0.0007692307692307692,PatchTST-SSL(HoW-cond),Hog_office_Shawna,124,2
6,5,1.0,0.8333333333333334,0.9090909090909091,33.6,0.8333333333333334,0.0,HOW-profile(HoW-cond),Hog_office_Shawna,124,2
6,5,0.7659574468085106,0.8333333333333334,0.7982261640798227,24.0,0.8333333333333334,0.012830188679245283,PatchTST-SSL(HoW-cond),Hog_office_Shawnna,124,2
6,6,0.631578947368421,1.0,0.7741935483870968,31.333333333333332,1.0,0.027169811320754716,HOW-profile(HoW-cond),Hog_office_Shawnna,124,2
6,3,0.6875,0.5,0.5789473684210527,59.0,0.5,0.0113544201135442,PatchTST-SSL(HoW-cond),Hog_office_Sherrie,124,2
6,3,0.6585365853658537,0.5,0.5684210526315789,65.33333333333333,0.5,0.030008110300081103,HOW-profile(HoW-cond),Hog_office_Sherrie,124,2
6,4,0.75,0.6666666666666666,0.7058823529411765,73.5,0.6666666666666666,0.010518407212622089,PatchTST-SSL(HoW-cond),Hog_office_Shon,124,2
6,4,0.6341463414634146,0.6666666666666666,0.6499999999999999,45.0,0.6666666666666666,0.018031555221637866,HOW-profile(HoW-cond),Hog_office_Shon,124,2
6,5,0.3275862068965517,0.8333333333333334,0.4702970297029703,4.6,0.8333333333333334,0.03371970495258166,PatchTST-SSL(HoW-cond),Hog_office_Sydney,124,2
6,5,0.3137254901960784,0.8333333333333334,0.4558404558404559,4.6,0.8333333333333334,0.0273972602739726,HOW-profile(HoW-cond),Hog_office_Sydney,124,2
6,6,0.8936170212765957,1.0,0.9438202247191011,18.5,1.0,0.004992867332382311,PatchTST-SSL(HoW-cond),Hog_office_Valda,124,2
6,6,0.9433962264150944,1.0,0.970873786407767,16.0,1.0,0.0028530670470756064,HOW-profile(HoW-cond),Hog_office_Valda,124,2
6,3,0.7307692307692307,0.5,0.5937499999999999,63.666666666666664,0.5,0.007380073800738007,PatchTST-SSL(HoW-cond),Lamb_education_Armando,124,2
6,4,0.7857142857142857,0.6666666666666666,0.721311475409836,35.0,0.6666666666666666,0.01992619926199262,HOW-profile(HoW-cond),Lamb_education_Armando,124,2
6,6,0.5111111111111111,1.0,0.676470588235294,57.333333333333336,1.0,0.045609257998638526,PatchTST-SSL(HoW-cond),Lamb_education_Eula,124,2
6,6,0.5432098765432098,1.0,0.704,10.0,1.0,0.06603131381892444,HOW-profile(HoW-cond),Lamb_education_Eula,124,2
6,2,0.1111111111111111,0.3333333333333333,0.16666666666666666,1.0,0.3333333333333333,0.03291925465838509,PatchTST-SSL(HoW-cond),Lamb_education_Lazaro,124,2
6,2,0.06451612903225806,0.3333333333333333,0.1081081081081081,1.0,0.3333333333333333,0.0391304347826087,HOW-profile(HoW-cond),Lamb_education_Lazaro,124,2
6,5,0.5434782608695652,0.8333333333333334,0.6578947368421053,27.6,0.8333333333333334,0.0147247119078105,PatchTST-SSL(HoW-cond),Lamb_education_Lucas,124,2
6,6,0.6233766233766234,1.0,0.768,15.166666666666666,1.0,0.02240717029449424,HOW-profile(HoW-cond),Lamb_education_Lucas,124,2
6,6,0.5526315789473685,1.0,0.711864406779661,31.666666666666668,1.0,0.021666666666666667,PatchTST-SSL(HoW-cond),Lamb_education_Mae,124,2
6,6,0.3333333333333333,1.0,0.5,33.666666666666664,1.0,0.03,HOW-profile(HoW-cond),Lamb_education_Mae,124,2
6,6,0.84375,1.0,0.9152542372881356,43.5,1.0,0.010080645161290322,PatchTST-SSL(HoW-cond),Lamb_education_Williams,124,2
6,6,0.796875,1.0,0.8869565217391304,45.166666666666664,1.0,0.025201612903225805,HOW-profile(HoW-cond),Lamb_education_Williams,124,2
6,3,0.45454545454545453,0.5,0.47619047619047616,13.666666666666666,0.5,0.024184476940382452,PatchTST-SSL(HoW-cond),Lamb_office_Caitlin,124,2
6,4,0.5625,0.6666666666666666,0.6101694915254238,26.25,0.6666666666666666,0.04499437570303712,HOW-profile(HoW-cond),Lamb_office_Caitlin,124,2
6,6,0.6451612903225806,1.0,0.7843137254901961,6.333333333333333,1.0,0.024788391777509067,PatchTST-SSL(HoW-cond),Lamb_office_Velma,124,2
6,6,0.6046511627906976,1.0,0.7536231884057971,4.166666666666667,1.0,0.032648125755743655,HOW-profile(HoW-cond),Lamb_office_Velma,124,2
6,6,0.2711864406779661,1.0,0.4266666666666667,11.833333333333334,1.0,0.07503908285565399,PatchTST-SSL(HoW-cond),Rat_retail_Jeffrey,124,2
6,6,0.25806451612903225,1.0,0.41025641025641024,7.166666666666667,1.0,0.10422094841063054,HOW-profile(HoW-cond),Rat_retail_Jeffrey,124,2
6,5,0.9272727272727272,0.8333333333333334,0.8777969018932873,69.2,0.8333333333333334,0.003305785123966942,PatchTST-SSL(HoW-cond),Robin_education_Zenia,124,2
6,4,0.7777777777777778,0.6666666666666666,0.717948717948718,81.0,0.6666666666666666,0.01487603305785124,HOW-profile(HoW-cond),Robin_education_Zenia,124,2
6,6,0.8611111111111112,1.0,0.9253731343283582,3.5,1.0,0.004107981220657277,PatchTST-SSL(HoW-cond),Robin_office_Dina,124,2
6,6,0.72,1.0,0.8372093023255813,3.8333333333333335,1.0,0.008215962441314555,HOW-profile(HoW-cond),Robin_office_Dina,124,2
6,5,0.7735849056603774,0.8333333333333334,0.8023483365949119,29.6,0.8333333333333334,0.014336917562724014,PatchTST-SSL(HoW-cond),Robin_office_Sammie,124,2
6,5,0.7625,0.8333333333333334,0.7963446475195822,25.2,0.8333333333333334,0.01863799283154122,HOW-profile(HoW-cond),Robin_office_Sammie,124,2
6,6,1.0,1.0,1.0,46.833333333333336,1.0,0.0,PatchTST-SSL(HoW-cond),Shrew_office_Doris,124,2
6,5,0.9375,0.8333333333333334,0.8823529411764706,47.6,0.8333333333333334,0.0033647375504710633,HOW-profile(HoW-cond),Shrew_office_Doris,124,2
6,6,0.48148148148148145,1.0,0.65,62.0,1.0,0.01987577639751553,PatchTST-SSL(HoW-cond),Shrew_office_Ila,124,2
6,6,0.3170731707317073,1.0,0.48148148148148145,58.333333333333336,1.0,0.02298136645962733,HOW-profile(HoW-cond),Shrew_office_Ila,124,2
6,6,0.625,1.0,0.7692307692307693,17.833333333333332,1.0,0.01556420233463035,PatchTST-SSL(HoW-cond),Shrew_office_Kenneth,124,2
6,6,0.5625,1.0,0.72,19.166666666666668,1.0,0.023902167871039465,HOW-profile(HoW-cond),Shrew_office_Kenneth,124,2
6,6,0.8888888888888888,1.0,0.9411764705882353,15.666666666666666,1.0,0.003838771593090211,PatchTST-SSL(HoW-cond),Shrew_office_Nora,124,2
6,6,0.803030303030303,1.0,0.8907563025210083,5.666666666666667,1.0,0.011516314779270634,HOW-profile(HoW-cond),Shrew_office_Nora,124,2
6,5,0.6363636363636364,0.8333333333333334,0.7216494845360825,28.6,0.8333333333333334,0.007395668251452721,PatchTST-SSL(HoW-cond),Shrew_office_Sherill,124,2
6,5,0.5576923076923077,0.8333333333333334,0.6682027649769585,10.4,0.8333333333333334,0.02324352879027998,HOW-profile(HoW-cond),Shrew_office_Sherill,124,2
6,6,0.8461538461538461,1.0,0.9166666666666666,31.0,1.0,0.0188821752265861,PatchTST-SSL(HoW-cond),Wolf_office_Darleen,124,2
6,6,0.7843137254901961,1.0,0.8791208791208792,31.166666666666668,1.0,0.021148036253776436,HOW-profile(HoW-cond),Wolf_office_Darleen,124,2
6,3,0.48717948717948717,0.5,0.49350649350649345,13.666666666666666,0.5,0.016597510373443983,PatchTST-SSL(HoW-cond),Wolf_retail_Harriett,124,2
6,5,0.3333333333333333,0.8333333333333334,0.47619047619047616,20.6,0.8333333333333334,0.033787788974510964,HOW-profile(HoW-cond),Wolf_retail_Harriett,124,2
6,6,0.5714285714285714,1.0,0.7272727272727273,35.333333333333336,1.0,0.018354860639021073,PatchTST-SSL(HoW-cond),Wolf_retail_Marcella,124,2
6,6,0.575,1.0,0.7301587301587301,19.333333333333332,1.0,0.01971447994561523,HOW-profile(HoW-cond),Wolf_retail_Marcella,124,2
6,5,0.3142857142857143,0.8333333333333334,0.4564315352697096,33.8,0.8333333333333334,0.027042253521126762,PatchTST-SSL(HoW-cond),Wolf_retail_Toshia,124,2
6,5,0.16666666666666666,0.8333333333333334,0.2777777777777778,46.8,0.8333333333333334,0.038873239436619716,HOW-profile(HoW-cond),Wolf_retail_Toshia,124,2
6,3,0.8095238095238095,0.5,0.6181818181818182,15.666666666666666,0.5,0.018904823989569754,PatchTST-SSL(HoW-cond),Fox_education_Henrietta,125,2
6,3,0.631578947368421,0.5,0.5581395348837209,18.0,0.5,0.011734028683181226,HOW-profile(HoW-cond),Fox_education_Henrietta,125,2
6,5,0.2972972972972973,0.8333333333333334,0.4382470119521913,51.4,0.8333333333333334,0.08059516429014259,PatchTST-SSL(HoW-cond),Fox_retail_Manie,125,2
6,5,0.3333333333333333,0.8333333333333334,0.47619047619047616,34.0,0.8333333333333334,0.10043397396156231,HOW-profile(HoW-cond),Fox_retail_Manie,125,2
6,5,0.6129032258064516,0.8333333333333334,0.7063197026022304,10.4,0.8333333333333334,0.019571865443425075,PatchTST-SSL(HoW-cond),Hog_education_Bruno,125,2
6,5,0.64,0.8333333333333334,0.7239819004524887,4.2,0.8333333333333334,0.026299694189602447,HOW-profile(HoW-cond),Hog_education_Bruno,125,2
6,4,0.8823529411764706,0.6666666666666666,0.7594936708860759,3.25,0.6666666666666666,0.007488087134104833,PatchTST-SSL(HoW-cond),Hog_education_Caridad,125,2
6,5,0.7692307692307693,0.8333333333333334,0.8,45.6,0.8333333333333334,0.0068073519400953025,HOW-profile(HoW-cond),Hog_education_Caridad,125,2
6,5,0.6486486486486487,0.8333333333333334,0.729483282674772,17.0,0.8333333333333334,0.010832383124287344,PatchTST-SSL(HoW-cond),Hog_education_Josh,125,2
6,5,0.5945945945945946,0.8333333333333334,0.694006309148265,15.6,0.8333333333333334,0.013683010262257697,HOW-profile(HoW-cond),Hog_education_Josh,125,2
6,6,0.39285714285714285,1.0,0.5641025641025641,42.833333333333336,1.0,0.01700251889168766,PatchTST-SSL(HoW-cond),Hog_education_Luvenia,125,2
6,6,0.5517241379310345,1.0,0.7111111111111111,41.5,1.0,0.018261964735516372,HOW-profile(HoW-cond),Hog_education_Luvenia,125,2
6,5,0.7857142857142857,0.8333333333333334,0.8088235294117647,17.2,0.8333333333333334,0.017116524028966424,PatchTST-SSL(HoW-cond),Hog_office_Almeda,125,2
6,5,0.7068965517241379,0.8333333333333334,0.7649253731343283,17.2,0.8333333333333334,0.025016458196181698,HOW-profile(HoW-cond),Hog_office_Almeda,125,2
6,6,0.4782608695652174,1.0,0.6470588235294118,21.666666666666668,1.0,0.007447864945382324,PatchTST-SSL(HoW-cond),Hog_office_Cortney,125,2
6,6,0.2631578947368421,1.0,0.4166666666666667,21.833333333333332,1.0,0.02035749751737835,HOW-profile(HoW-cond),Hog_office_Cortney,125,2
6,4,0.8181818181818182,0.6666666666666666,0.7346938775510203,27.0,0.6666666666666666,0.003331482509716824,PatchTST-SSL(HoW-cond),Hog_office_Denita,125,2
6,4,0.7352941176470589,0.6666666666666666,0.6993006993006994,14.75,0.6666666666666666,0.006107717934480844,HOW-profile(HoW-cond),Hog_office_Denita,125,2
6,6,0.425,1.0,0.5964912280701754,51.5,1.0,0.05914302957151479,PatchTST-SSL(HoW-cond),Hog_office_Garrett,125,2
6,6,0.4166666666666667,1.0,0.5882352941176471,24.5,1.0,0.04284852142426071,HOW-profile(HoW-cond),Hog_office_Garrett,125,2
6,3,0.17647058823529413,0.5,0.2608695652173913,0.3333333333333333,0.5,0.028875379939209727,PatchTST-SSL(HoW-cond),Hog_office_Lavon,125,2
6,3,0.15,0.5,0.23076923076923075,0.3333333333333333,0.5,0.07092198581560284,HOW-profile(HoW-cond),Hog_office_Lavon,125,2
6,5,0.75,0.8333333333333334,0.7894736842105262,83.4,0.8333333333333334,0.0036310820624546117,PatchTST-SSL(HoW-cond),Hog_office_Merilyn,125,2
6,5,0.9230769230769231,0.8333333333333334,0.8759124087591241,82.6,0.8333333333333334,0.0007262164124909223,HOW-profile(HoW-cond),Hog_office_Merilyn,125,2
6,4,0.3125,0.6666666666666666,0.425531914893617,2.0,0.6666666666666666,0.007523148148148148,PatchTST-SSL(HoW-cond),Hog_office_Miriam,125,2
6,4,0.4166666666666667,0.6666666666666666,0.5128205128205129,2.0,0.6666666666666666,0.004629629629629629,HOW-profile(HoW-cond),Hog_office_Miriam,125,2
6,6,0.43333333333333335,1.0,0.6046511627906976,14.833333333333334,1.0,0.015458422174840085,PatchTST-SSL(HoW-cond),Hog_office_Napoleon,125,2
6,6,0.25,1.0,0.4,12.166666666666666,1.0,0.0314498933901919,HOW-profile(HoW-cond),Hog_office_Napoleon,125,2
6,4,0.35,0.6666666666666666,0.4590163934426229,2.25,0.6666666666666666,0.027176927343316695,PatchTST-SSL(HoW-cond),Hog_office_Shawna,125,2
6,5,0.27450980392156865,0.8333333333333334,0.41297935103244837,21.6,0.8333333333333334,0.036605657237936774,HOW-profile(HoW-cond),Hog_office_Shawna,125,2
6,5,0.5526315789473685,0.8333333333333334,0.6645569620253164,5.2,0.8333333333333334,0.012895662368112544,PatchTST-SSL(HoW-cond),Hog_office_Shawnna,125,2
6,5,0.42857142857142855,0.8333333333333334,0.5660377358490566,4.6,0.8333333333333334,0.031652989449003514,HOW-profile(HoW-cond),Hog_office_Shawnna,125,2
6,4,0.95,0.6666666666666666,0.7835051546391752,47.75,0.6666666666666666,0.0015910898965791568,PatchTST-SSL(HoW-cond),Hog_office_Sherrie,125,2
6,4,0.9827586206896551,0.6666666666666666,0.794425087108014,31.25,0.6666666666666666,0.0007955449482895784,HOW-profile(HoW-cond),Hog_office_Sherrie,125,2
6,5,0.7105263157894737,0.8333333333333334,0.7670454545454547,23.4,0.8333333333333334,0.011428571428571429,PatchTST-SSL(HoW-cond),Hog_office_Shon,125,2
6,5,0.5384615384615384,0.8333333333333334,0.6542056074766356,23.6,0.8333333333333334,0.015428571428571429,HOW-profile(HoW-cond),Hog_office_Shon,125,2
6,5,0.7714285714285715,0.8333333333333334,0.8011869436201781,26.2,0.8333333333333334,0.007142857142857143,PatchTST-SSL(HoW-cond),Hog_office_Sydney,125,2
6,5,0.75,0.8333333333333334,0.7894736842105262,38.4,0.8333333333333334,0.008441558441558441,HOW-profile(HoW-cond),Hog_office_Sydney,125,2
6,2,0.5666666666666667,0.3333333333333333,0.4197530864197531,11.0,0.3333333333333333,0.013192612137203167,PatchTST-SSL(HoW-cond),Hog_office_Valda,125,2
6,3,0.7307692307692307,0.5,0.5937499999999999,7.333333333333333,0.5,0.008575197889182058,HOW-profile(HoW-cond),Hog_office_Valda,125,2
6,5,0.76,0.8333333333333334,0.7949790794979081,7.0,0.8333333333333334,0.0037817396002160996,PatchTST-SSL(HoW-cond),Lamb_education_Armando,125,2
6,6,0.7692307692307693,1.0,0.8695652173913044,18.333333333333332,1.0,0.010804970286331712,HOW-profile(HoW-cond),Lamb_education_Armando,125,2
6,4,0.40476190476190477,0.6666666666666666,0.5037037037037037,4.25,0.6666666666666666,0.030120481927710843,PatchTST-SSL(HoW-cond),Lamb_education_Eula,125,2
6,5,0.34782608695652173,0.8333333333333334,0.49079754601227,3.4,0.8333333333333334,0.06626506024096386,HOW-profile(HoW-cond),Lamb_education_Eula,125,2
6,3,0.3076923076923077,0.5,0.380952380952381,59.666666666666664,0.5,0.03558191252779837,PatchTST-SSL(HoW-cond),Lamb_education_Lazaro,125,2
6,2,0.14285714285714285,0.3333333333333333,0.2,1.0,0.3333333333333333,0.04373610081541883,HOW-profile(HoW-cond),Lamb_education_Lazaro,125,2
6,6,0.27906976744186046,1.0,0.43636363636363634,30.166666666666668,1.0,0.021094640820980615,PatchTST-SSL(HoW-cond),Lamb_education_Lucas,125,2
6,6,0.45454545454545453,1.0,0.625,4.666666666666667,1.0,0.033637400228050174,HOW-profile(HoW-cond),Lamb_education_Lucas,125,2
6,4,0.5666666666666667,0.6666666666666666,0.6126126126126126,17.0,0.6666666666666666,0.01299545159194282,PatchTST-SSL(HoW-cond),Lamb_education_Mae,125,2
6,5,0.5454545454545454,0.8333333333333334,0.6593406593406592,35.0,0.8333333333333334,0.023391812865497075,HOW-profile(HoW-cond),Lamb_education_Mae,125,2
6,5,0.4666666666666667,0.8333333333333334,0.5982905982905983,2.8,0.8333333333333334,0.020822210357714897,PatchTST-SSL(HoW-cond),Lamb_education_Williams,125,2
6,6,0.5,1.0,0.6666666666666666,3.1666666666666665,1.0,0.02402562733582488,HOW-profile(HoW-cond),Lamb_education_Williams,125,2
6,4,0.4827586206896552,0.6666666666666666,0.56,52.25,0.6666666666666666,0.03923019985196151,PatchTST-SSL(HoW-cond),Lamb_office_Caitlin,125,2
6,4,0.5909090909090909,0.6666666666666666,0.6265060240963856,34.0,0.6666666666666666,0.07475943745373798,HOW-profile(HoW-cond),Lamb_office_Caitlin,125,2
6,5,0.6,0.8333333333333334,0.6976744186046512,13.8,0.8333333333333334,0.022259321090706732,PatchTST-SSL(HoW-cond),Lamb_office_Velma,125,2
6,5,0.5526315789473685,0.8333333333333334,0.6645569620253164,10.2,0.8333333333333334,0.027824151363383415,HOW-profile(HoW-cond),Lamb_office_Velma,125,2
6,6,0.3103448275862069,1.0,0.4736842105263158,3.8333333333333335,1.0,0.07017543859649122,PatchTST-SSL(HoW-cond),Rat_retail_Jeffrey,125,2
6,6,0.36363636363636365,1.0,0.5333333333333333,1.8333333333333333,1.0,0.09752321981424149,HOW-profile(HoW-cond),Rat_retail_Jeffrey,125,2
6,6,0.4032258064516129,1.0,0.5747126436781609,11.333333333333334,1.0,0.03731343283582089,PatchTST-SSL(HoW-cond),Robin_education_Zenia,125,2
6,6,0.3953488372093023,1.0,0.5666666666666667,2.3333333333333335,1.0,0.055970149253731345,HOW-profile(HoW-cond),Robin_education_Zenia,125,2
6,6,0.717948717948718,1.0,0.835820895522388,29.166666666666668,1.0,0.00871313672922252,PatchTST-SSL(HoW-cond),Robin_office_Dina,125,2
6,6,0.7,1.0,0.8235294117647058,15.0,1.0,0.00871313672922252,HOW-profile(HoW-cond),Robin_office_Dina,125,2
6,3,0.7446808510638298,0.5,0.5982905982905983,18.0,0.5,0.01309090909090909,PatchTST-SSL(HoW-cond),Robin_office_Sammie,125,2
6,4,0.75,0.6666666666666666,0.7058823529411765,40.75,0.6666666666666666,0.016,HOW-profile(HoW-cond),Robin_office_Sammie,125,2
6,4,0.8823529411764706,0.6666666666666666,0.7594936708860759,6.5,0.6666666666666666,0.0024737167594310453,PatchTST-SSL(HoW-cond),Shrew_office_Doris,125,2
6,3,0.5806451612903226,0.5,0.537313432835821,5.666666666666667,0.5,0.01422387136672851,HOW-profile(HoW-cond),Shrew_office_Doris,125,2
6,5,0.7857142857142857,0.8333333333333334,0.8088235294117647,11.2,0.8333333333333334,0.004266666666666667,PatchTST-SSL(HoW-cond),Shrew_office_Ila,125,2
6,5,0.7058823529411765,0.8333333333333334,0.7643312101910827,10.0,0.8333333333333334,0.007466666666666667,HOW-profile(HoW-cond),Shrew_office_Ila,125,2
6,4,0.8636363636363636,0.6666666666666666,0.7524752475247524,16.75,0.6666666666666666,0.005840363400389357,PatchTST-SSL(HoW-cond),Shrew_office_Kenneth,125,2
6,5,0.7,0.8333333333333334,0.7608695652173915,12.6,0.8333333333333334,0.02336145360155743,HOW-profile(HoW-cond),Shrew_office_Kenneth,125,2
6,4,0.8378378378378378,0.6666666666666666,0.7425149700598802,2.5,0.6666666666666666,0.005291005291005291,PatchTST-SSL(HoW-cond),Shrew_office_Nora,125,2
6,4,0.515625,0.6666666666666666,0.5814977973568283,4.25,0.6666666666666666,0.02292768959435626,HOW-profile(HoW-cond),Shrew_office_Nora,125,2
6,6,0.8043478260869565,1.0,0.891566265060241,11.666666666666666,1.0,0.006764374295377677,PatchTST-SSL(HoW-cond),Shrew_office_Sherill,125,2
6,6,0.5094339622641509,1.0,0.6749999999999999,10.666666666666666,1.0,0.021984216459977453,HOW-profile(HoW-cond),Shrew_office_Sherill,125,2
6,5,0.24,0.8333333333333334,0.3726708074534162,28.2,0.8333333333333334,0.037037037037037035,PatchTST-SSL(HoW-cond),Wolf_office_Darleen,125,2
6,5,0.37142857142857144,0.8333333333333334,0.5138339920948616,25.2,0.8333333333333334,0.045584045584045586,HOW-profile(HoW-cond),Wolf_office_Darleen,125,2
6,6,0.4722222222222222,1.0,0.6415094339622641,38.333333333333336,1.0,0.01699524133242692,PatchTST-SSL(HoW-cond),Wolf_retail_Harriett,125,2
6,6,0.5606060606060606,1.0,0.7184466019417475,7.666666666666667,1.0,0.026512576478585997,HOW-profile(HoW-cond),Wolf_retail_Harriett,125,2
6,3,0.4230769230769231,0.5,0.4583333333333333,49.666666666666664,0.5,0.012262415695892091,PatchTST-SSL(HoW-cond),Wolf_retail_Marcella,125,2
6,4,0.38095238095238093,0.6666666666666666,0.4848484848484849,38.25,0.6666666666666666,0.010423053341508276,HOW-profile(HoW-cond),Wolf_retail_Marcella,125,2
6,6,0.3448275862068966,1.0,0.5128205128205129,19.0,1.0,0.029308323563892145,PatchTST-SSL(HoW-cond),Wolf_retail_Toshia,125,2
6,6,0.6060606060606061,1.0,0.7547169811320755,21.166666666666668,1.0,0.03634232121922626,HOW-profile(HoW-cond),Wolf_retail_Toshia,125,2
6,4,0.2727272727272727,0.6666666666666666,0.3870967741935484,40.5,0.6666666666666666,0.03217299578059072,PatchTST-SSL(HoW-cond),Fox_education_Henrietta,123,3
6,4,0.21052631578947367,0.6666666666666666,0.32,48.75,0.6666666666666666,0.026371308016877638,HOW-profile(HoW-cond),Fox_education_Henrietta,123,3
6,4,0.39622641509433965,0.6666666666666666,0.4970414201183432,39.0,0.6666666666666666,0.07942238267148015,PatchTST-SSL(HoW-cond),Fox_retail_Manie,123,3
6,5,0.3492063492063492,0.8333333333333334,0.49217002237136465,41.0,0.8333333333333334,0.10288808664259928,HOW-profile(HoW-cond),Fox_retail_Manie,123,3
6,6,0.7419354838709677,1.0,0.8518518518518519,41.5,1.0,0.012345679012345678,PatchTST-SSL(HoW-cond),Hog_education_Bruno,123,3
6,6,0.4857142857142857,1.0,0.6538461538461539,32.0,1.0,0.026143790849673203,HOW-profile(HoW-cond),Hog_education_Bruno,123,3
6,5,0.7307692307692307,0.8333333333333334,0.7786885245901639,48.0,0.8333333333333334,0.012391573729863693,PatchTST-SSL(HoW-cond),Hog_education_Caridad,123,3
6,6,0.8333333333333334,1.0,0.9090909090909091,43.166666666666664,1.0,0.009913258983890954,HOW-profile(HoW-cond),Hog_education_Caridad,123,3
6,5,0.2727272727272727,0.8333333333333334,0.4109589041095891,47.4,0.8333333333333334,0.013666072489601902,PatchTST-SSL(HoW-cond),Hog_education_Josh,123,3
6,3,0.15789473684210525,0.5,0.23999999999999996,36.333333333333336,0.5,0.015448603683897801,HOW-profile(HoW-cond),Hog_education_Josh,123,3
6,4,0.7096774193548387,0.6666666666666666,0.6875,31.0,0.6666666666666666,0.008684863523573201,PatchTST-SSL(HoW-cond),Hog_education_Luvenia,123,3
6,4,0.6857142857142857,0.6666666666666666,0.676056338028169,32.25,0.6666666666666666,0.01054590570719603,HOW-profile(HoW-cond),Hog_education_Luvenia,123,3
6,6,0.6825396825396826,1.0,0.8113207547169812,15.0,1.0,0.017265193370165747,PatchTST-SSL(HoW-cond),Hog_office_Almeda,123,3
6,6,0.6805555555555556,1.0,0.8099173553719008,13.666666666666666,1.0,0.022790055248618785,HOW-profile(HoW-cond),Hog_office_Almeda,123,3
6,5,0.6666666666666666,0.8333333333333334,0.7407407407407408,12.8,0.8333333333333334,0.013232514177693762,PatchTST-SSL(HoW-cond),Hog_office_Cortney,123,3
6,5,0.6888888888888889,0.8333333333333334,0.7542579075425792,13.8,0.8333333333333334,0.013862633900441084,HOW-profile(HoW-cond),Hog_office_Cortney,123,3
6,6,0.5,1.0,0.6666666666666666,35.5,1.0,0.029792746113989636,PatchTST-SSL(HoW-cond),Hog_office_Denita,123,3
6,6,0.5185185185185185,1.0,0.6829268292682926,56.333333333333336,1.0,0.012305699481865285,HOW-profile(HoW-cond),Hog_office_Denita,123,3
6,6,0.6129032258064516,1.0,0.76,64.5,1.0,0.025867937372362152,PatchTST-SSL(HoW-cond),Hog_office_Garrett,123,3
6,6,0.6086956521739131,1.0,0.7567567567567568,21.0,1.0,0.027910142954390742,HOW-profile(HoW-cond),Hog_office_Garrett,123,3
6,6,0.45454545454545453,1.0,0.625,30.333333333333332,1.0,0.034796573875803,PatchTST-SSL(HoW-cond),Hog_office_Lavon,123,3
6,6,0.4375,1.0,0.6086956521739131,35.666666666666664,1.0,0.021948608137044967,HOW-profile(HoW-cond),Hog_office_Lavon,123,3
6,3,0.9166666666666666,0.5,0.6470588235294118,15.0,0.5,0.0006195786864931846,PatchTST-SSL(HoW-cond),Hog_office_Merilyn,123,3
6,3,0.7777777777777778,0.5,0.6086956521739131,15.0,0.5,0.0012391573729863693,HOW-profile(HoW-cond),Hog_office_Merilyn,123,3
6,6,0.5405405405405406,1.0,0.7017543859649124,25.166666666666668,1.0,0.01761006289308176,PatchTST-SSL(HoW-cond),Hog_office_Miriam,123,3
6,5,0.5,0.8333333333333334,0.625,14.6,0.8333333333333334,0.011949685534591196,HOW-profile(HoW-cond),Hog_office_Miriam,123,3
6,6,0.9666666666666667,1.0,0.983050847457627,56.666666666666664,1.0,0.0007158196134574087,PatchTST-SSL(HoW-cond),Hog_office_Napoleon,123,3
6,6,0.9487179487179487,1.0,0.9736842105263158,48.833333333333336,1.0,0.0014316392269148174,HOW-profile(HoW-cond),Hog_office_Napoleon,123,3
6,4,0.5714285714285714,0.6666666666666666,0.6153846153846153,4.25,0.6666666666666666,0.014671361502347418,PatchTST-SSL(HoW-cond),Hog_office_Shawna,123,3
6,5,0.74,0.8333333333333334,0.7838983050847459,3.8,0.8333333333333334,0.01056338028169014,HOW-profile(HoW-cond),Hog_office_Shawna,123,3
6,6,0.4878048780487805,1.0,0.6557377049180327,3.8333333333333335,1.0,0.023809523809523808,PatchTST-SSL(HoW-cond),Hog_office_Shawnna,123,3
6,6,0.38596491228070173,1.0,0.5569620253164557,3.8333333333333335,1.0,0.02976190476190476,HOW-profile(HoW-cond),Hog_office_Shawnna,123,3
6,6,0.7931034482758621,1.0,0.8846153846153846,36.166666666666664,1.0,0.006397952655150352,PatchTST-SSL(HoW-cond),Hog_office_Sherrie,123,3
6,6,0.8529411764705882,1.0,0.9206349206349206,36.666666666666664,1.0,0.003838771593090211,HOW-profile(HoW-cond),Hog_office_Sherrie,123,3
6,6,0.8888888888888888,1.0,0.9411764705882353,36.0,1.0,0.0027210884353741495,PatchTST-SSL(HoW-cond),Hog_office_Shon,123,3
6,6,0.926829268292683,1.0,0.9620253164556963,25.5,1.0,0.0027210884353741495,HOW-profile(HoW-cond),Hog_office_Shon,123,3
6,6,0.52,1.0,0.6842105263157895,38.666666666666664,1.0,0.020738820479585224,PatchTST-SSL(HoW-cond),Hog_office_Sydney,123,3
6,5,0.5142857142857142,0.8333333333333334,0.6360424028268551,41.4,0.8333333333333334,0.014906027219701879,HOW-profile(HoW-cond),Hog_office_Sydney,123,3
6,6,0.2916666666666667,1.0,0.45161290322580644,7.333333333333333,1.0,0.01583493282149712,PatchTST-SSL(HoW-cond),Hog_office_Valda,123,3
6,6,0.5,1.0,0.6666666666666666,1.0,1.0,0.009117082533589251,HOW-profile(HoW-cond),Hog_office_Valda,123,3
6,5,0.5384615384615384,0.8333333333333334,0.6542056074766356,20.6,0.8333333333333334,0.015281173594132029,PatchTST-SSL(HoW-cond),Lamb_education_Armando,123,3
6,5,0.4222222222222222,0.8333333333333334,0.56047197640118,10.0,0.8333333333333334,0.04706601466992665,HOW-profile(HoW-cond),Lamb_education_Armando,123,3
6,6,0.16216216216216217,1.0,0.27906976744186046,0.16666666666666666,1.0,0.04766269477543538,PatchTST-SSL(HoW-cond),Lamb_education_Eula,123,3
6,6,0.08064516129032258,1.0,0.1492537313432836,0.16666666666666666,1.0,0.08020164986251145,HOW-profile(HoW-cond),Lamb_education_Eula,123,3
6,4,0.4,0.6666666666666666,0.5,8.0,0.6666666666666666,0.031055900621118012,PatchTST-SSL(HoW-cond),Lamb_education_Lazaro,123,3
6,3,0.35,0.5,0.4117647058823529,37.666666666666664,0.5,0.040372670807453416,HOW-profile(HoW-cond),Lamb_education_Lazaro,123,3
6,6,0.4166666666666667,1.0,0.5882352941176471,7.5,1.0,0.022459292532285232,PatchTST-SSL(HoW-cond),Lamb_education_Lucas,123,3
6,6,0.4084507042253521,1.0,0.5800000000000001,19.666666666666668,1.0,0.030320044918585063,HOW-profile(HoW-cond),Lamb_education_Lucas,123,3
6,6,0.5106382978723404,1.0,0.676056338028169,47.5,1.0,0.03934191702432046,PatchTST-SSL(HoW-cond),Lamb_education_Mae,123,3
6,6,0.4528301886792453,1.0,0.6233766233766235,42.333333333333336,1.0,0.0407725321888412,HOW-profile(HoW-cond),Lamb_education_Mae,123,3
6,6,0.4230769230769231,1.0,0.5945945945945945,3.5,1.0,0.020603015075376884,PatchTST-SSL(HoW-cond),Lamb_education_Williams,123,3
6,6,0.41025641025641024,1.0,0.5818181818181819,6.0,1.0,0.03869346733668342,HOW-profile(HoW-cond),Lamb_education_Williams,123,3
6,5,0.3548387096774194,0.8333333333333334,0.497737556561086,18.0,0.8333333333333334,0.05191873589164785,PatchTST-SSL(HoW-cond),Lamb_office_Caitlin,123,3
6,4,0.375,0.6666666666666666,0.4800000000000001,1.5,0.6666666666666666,0.06433408577878104,HOW-profile(HoW-cond),Lamb_office_Caitlin,123,3
6,5,0.7272727272727273,0.8333333333333334,0.7766990291262137,21.2,0.8333333333333334,0.019676739283204497,PatchTST-SSL(HoW-cond),Lamb_office_Velma,123,3
6,5,0.7727272727272727,0.8333333333333334,0.8018867924528302,15.2,0.8333333333333334,0.022487702037947997,HOW-profile(HoW-cond),Lamb_office_Velma,123,3
6,3,0.711864406779661,0.5,0.5874125874125875,47.333333333333336,0.5,0.05474171164225135,PatchTST-SSL(HoW-cond),Rat_retail_Jeffrey,123,3
6,3,0.6515151515151515,0.5,0.5657894736842106,45.0,0.5,0.07478797224363917,HOW-profile(HoW-cond),Rat_retail_Jeffrey,123,3
6,4,0.7,0.6666666666666666,0.6829268292682926,77.75,0.6666666666666666,0.020124913254684247,PatchTST-SSL(HoW-cond),Robin_education_Zenia,123,3
6,4,0.6024096385542169,0.6666666666666666,0.6329113924050633,40.75,0.6666666666666666,0.040249826509368494,HOW-profile(HoW-cond),Robin_education_Zenia,123,3
6,4,0.7391304347826086,0.6666666666666666,0.7010309278350515,20.25,0.6666666666666666,0.009202453987730062,PatchTST-SSL(HoW-cond),Robin_office_Dina,123,3
6,4,0.6833333333333333,0.6666666666666666,0.6748971193415637,20.0,0.6666666666666666,0.015337423312883436,HOW-profile(HoW-cond),Robin_office_Dina,123,3
6,5,0.5238095238095238,0.8333333333333334,0.6432748538011697,65.6,0.8333333333333334,0.01003584229390681,PatchTST-SSL(HoW-cond),Robin_office_Sammie,123,3
6,5,0.43243243243243246,0.8333333333333334,0.5693950177935942,59.2,0.8333333333333334,0.01935483870967742,HOW-profile(HoW-cond),Robin_office_Sammie,123,3
6,5,0.6857142857142857,0.8333333333333334,0.7523510971786835,15.8,0.8333333333333334,0.010869565217391304,PatchTST-SSL(HoW-cond),Shrew_office_Doris,123,3
6,5,0.5833333333333334,0.8333333333333334,0.6862745098039216,26.0,0.8333333333333334,0.018342391304347828,HOW-profile(HoW-cond),Shrew_office_Doris,123,3
6,5,0.9761904761904762,0.8333333333333334,0.8991228070175439,27.2,0.8333333333333334,0.0027548209366391185,PatchTST-SSL(HoW-cond),Shrew_office_Ila,123,3
6,4,0.9354838709677419,0.6666666666666666,0.7785234899328858,42.25,0.6666666666666666,0.0018365472910927456,HOW-profile(HoW-cond),Shrew_office_Ila,123,3
6,6,0.890625,1.0,0.9421487603305785,15.333333333333334,1.0,0.007057163020465773,PatchTST-SSL(HoW-cond),Shrew_office_Kenneth,123,3
6,6,0.8983050847457628,1.0,0.9464285714285715,13.666666666666666,1.0,0.014820042342978124,HOW-profile(HoW-cond),Shrew_office_Kenneth,123,3
6,6,0.42424242424242425,1.0,0.5957446808510638,8.666666666666666,1.0,0.013910355486862442,PatchTST-SSL(HoW-cond),Shrew_office_Nora,123,3
6,6,0.34375,1.0,0.5116279069767442,0.6666666666666666,1.0,0.027820710973724884,HOW-profile(HoW-cond),Shrew_office_Nora,123,3
6,6,0.7857142857142857,1.0,0.88,20.333333333333332,1.0,0.005272407732864675,PatchTST-SSL(HoW-cond),Shrew_office_Sherill,123,3
6,5,0.5428571428571428,0.8333333333333334,0.657439446366782,7.2,0.8333333333333334,0.014059753954305799,HOW-profile(HoW-cond),Shrew_office_Sherill,123,3
6,5,0.9285714285714286,0.8333333333333334,0.8783783783783784,59.8,0.8333333333333334,0.016725352112676055,PatchTST-SSL(HoW-cond),Wolf_office_Darleen,123,3
6,6,0.8260869565217391,1.0,0.9047619047619047,64.33333333333333,1.0,0.02112676056338028,HOW-profile(HoW-cond),Wolf_office_Darleen,123,3
6,5,0.5111111111111111,0.8333333333333334,0.6336088154269972,45.8,0.8333333333333334,0.02012072434607646,PatchTST-SSL(HoW-cond),Wolf_retail_Harriett,123,3
6,4,0.3620689655172414,0.6666666666666666,0.4692737430167597,15.25,0.6666666666666666,0.03286384976525822,HOW-profile(HoW-cond),Wolf_retail_Harriett,123,3
6,6,0.5625,1.0,0.72,10.0,1.0,0.020821609454136185,PatchTST-SSL(HoW-cond),Wolf_retail_Marcella,123,3
6,6,0.48936170212765956,1.0,0.6571428571428571,6.666666666666667,1.0,0.04164321890827237,HOW-profile(HoW-cond),Wolf_retail_Marcella,123,3
6,4,0.13793103448275862,0.6666666666666666,0.2285714285714286,1.25,0.6666666666666666,0.030208333333333334,PatchTST-SSL(HoW-cond),Wolf_retail_Toshia,123,3
6,5,0.1724137931034483,0.8333333333333334,0.28571428571428575,1.8,0.8333333333333334,0.04583333333333333,HOW-profile(HoW-cond),Wolf_retail_Toshia,123,3
6,5,0.6842105263157895,0.8333333333333334,0.7514450867052023,29.4,0.8333333333333334,0.006731946144430845,PatchTST-SSL(HoW-cond),Fox_education_Henrietta,124,3
6,5,0.7894736842105263,0.8333333333333334,0.8108108108108109,29.4,0.8333333333333334,0.01040391676866585,HOW-profile(HoW-cond),Fox_education_Henrietta,124,3
6,6,0.3333333333333333,1.0,0.5,12.666666666666666,1.0,0.07981492192018508,PatchTST-SSL(HoW-cond),Fox_retail_Manie,124,3
6,6,0.4166666666666667,1.0,0.5882352941176471,4.666666666666667,1.0,0.10179294389820706,HOW-profile(HoW-cond),Fox_retail_Manie,124,3
6,3,0.6842105263157895,0.5,0.5777777777777778,60.666666666666664,0.5,0.005835156819839533,PatchTST-SSL(HoW-cond),Hog_education_Bruno,124,3
6,3,0.9333333333333333,0.5,0.6511627906976745,50.666666666666664,0.5,0.0007293946024799417,HOW-profile(HoW-cond),Hog_education_Bruno,124,3
6,2,0.3333333333333333,0.3333333333333333,0.3333333333333333,52.0,0.3333333333333333,0.03343653250773994,PatchTST-SSL(HoW-cond),Hog_education_Caridad,124,3
6,3,0.5714285714285714,0.5,0.5333333333333333,59.0,0.5,0.021052631578947368,HOW-profile(HoW-cond),Hog_education_Caridad,124,3
6,4,0.6052631578947368,0.6666666666666666,0.6344827586206896,9.75,0.6666666666666666,0.013880855986119144,PatchTST-SSL(HoW-cond),Hog_education_Josh,124,3
6,5,0.5609756097560976,0.8333333333333334,0.6705539358600583,10.4,0.8333333333333334,0.017929438982070563,HOW-profile(HoW-cond),Hog_education_Josh,124,3
6,3,0.6176470588235294,0.5,0.5526315789473685,47.0,0.5,0.01875,PatchTST-SSL(HoW-cond),Hog_education_Luvenia,124,3
6,3,0.6111111111111112,0.5,0.55,28.0,0.5,0.02734375,HOW-profile(HoW-cond),Hog_education_Luvenia,124,3
6,6,0.35714285714285715,1.0,0.5263157894736842,14.833333333333334,1.0,0.033659730722154224,PatchTST-SSL(HoW-cond),Hog_office_Almeda,124,3
6,6,0.37037037037037035,1.0,0.5405405405405406,14.833333333333334,1.0,0.04039167686658507,HOW-profile(HoW-cond),Hog_office_Almeda,124,3
6,5,0.13157894736842105,0.8333333333333334,0.22727272727272727,0.8,0.8333333333333334,0.021834061135371178,PatchTST-SSL(HoW-cond),Hog_office_Cortney,124,3
6,6,0.175,1.0,0.2978723404255319,1.1666666666666667,1.0,0.024260067928190198,HOW-profile(HoW-cond),Hog_office_Cortney,124,3
6,4,0.38461538461538464,0.6666666666666666,0.4878048780487804,58.75,0.6666666666666666,0.04293116210214656,PatchTST-SSL(HoW-cond),Hog_office_Denita,124,3
6,4,0.7307692307692307,0.6666666666666666,0.6972477064220183,53.25,0.6666666666666666,0.010362694300518135,HOW-profile(HoW-cond),Hog_office_Denita,124,3
6,6,0.625,1.0,0.7692307692307693,35.166666666666664,1.0,0.03056768558951965,PatchTST-SSL(HoW-cond),Hog_office_Garrett,124,3
6,6,0.7058823529411765,1.0,0.8275862068965517,14.833333333333334,1.0,0.042212518195050945,HOW-profile(HoW-cond),Hog_office_Garrett,124,3
6,4,0.2,0.6666666666666666,0.30769230769230765,14.5,0.6666666666666666,0.056978233034571064,PatchTST-SSL(HoW-cond),Hog_office_Lavon,124,3
6,4,0.38461538461538464,0.6666666666666666,0.4878048780487804,2.0,0.6666666666666666,0.09282970550576185,HOW-profile(HoW-cond),Hog_office_Lavon,124,3
6,4,0.5714285714285714,0.6666666666666666,0.6153846153846153,65.25,0.6666666666666666,0.005685048322910745,PatchTST-SSL(HoW-cond),Hog_office_Merilyn,124,3
6,4,0.8,0.6666666666666666,0.7272727272727272,66.75,0.6666666666666666,0.0005685048322910744,HOW-profile(HoW-cond),Hog_office_Merilyn,124,3
6,4,0.7317073170731707,0.6666666666666666,0.6976744186046511,42.75,0.6666666666666666,0.009461426491994178,PatchTST-SSL(HoW-cond),Hog_office_Miriam,124,3
6,4,0.875,0.6666666666666666,0.7567567567567567,41.0,0.6666666666666666,0.002183406113537118,HOW-profile(HoW-cond),Hog_office_Miriam,124,3
6,5,0.9428571428571428,0.8333333333333334,0.8847184986595175,15.6,0.8333333333333334,0.0011402508551881414,PatchTST-SSL(HoW-cond),Hog_office_Napoleon,124,3
6,5,0.8636363636363636,0.8333333333333334,0.8482142857142857,11.0,0.8333333333333334,0.0034207525655644243,HOW-profile(HoW-cond),Hog_office_Napoleon,124,3
6,6,1.0,1.0,1.0,61.0,1.0,0.0,PatchTST-SSL(HoW-cond),Hog_office_Shawna,124,3
6,5,1.0,0.8333333333333334,0.9090909090909091,33.6,0.8333333333333334,0.0,HOW-profile(HoW-cond),Hog_office_Shawna,124,3
6,5,0.723404255319149,0.8333333333333334,0.774487471526196,24.0,0.8333333333333334,0.014339622641509434,PatchTST-SSL(HoW-cond),Hog_office_Shawnna,124,3
6,6,0.631578947368421,1.0,0.7741935483870968,31.333333333333332,1.0,0.027169811320754716,HOW-profile(HoW-cond),Hog_office_Shawnna,124,3
6,2,0.7441860465116279,0.3333333333333333,0.460431654676259,27.5,0.3333333333333333,0.013787510137875101,PatchTST-SSL(HoW-cond),Hog_office_Sherrie,124,3
6,3,0.6585365853658537,0.5,0.5684210526315789,65.33333333333333,0.5,0.030008110300081103,HOW-profile(HoW-cond),Hog_office_Sherrie,124,3
6,4,0.6875,0.6666666666666666,0.676923076923077,45.0,0.6666666666666666,0.015777610818933134,PatchTST-SSL(HoW-cond),Hog_office_Shon,124,3
6,4,0.6341463414634146,0.6666666666666666,0.6499999999999999,45.0,0.6666666666666666,0.018031555221637866,HOW-profile(HoW-cond),Hog_office_Shon,124,3
6,5,0.23529411764705882,0.8333333333333334,0.3669724770642202,4.8,0.8333333333333334,0.045310853530031614,PatchTST-SSL(HoW-cond),Hog_office_Sydney,124,3
6,5,0.3137254901960784,0.8333333333333334,0.4558404558404559,4.6,0.8333333333333334,0.0273972602739726,HOW-profile(HoW-cond),Hog_office_Sydney,124,3
6,6,0.9148936170212766,1.0,0.9555555555555556,9.666666666666666,1.0,0.0028530670470756064,PatchTST-SSL(HoW-cond),Hog_office_Valda,124,3
6,6,0.9433962264150944,1.0,0.970873786407767,16.0,1.0,0.0028530670470756064,HOW-profile(HoW-cond),Hog_office_Valda,124,3
6,3,0.84,0.5,0.6268656716417911,21.666666666666668,0.5,0.006642066420664207,PatchTST-SSL(HoW-cond),Lamb_education_Armando,124,3
6,4,0.7857142857142857,0.6666666666666666,0.721311475409836,35.0,0.6666666666666666,0.01992619926199262,HOW-profile(HoW-cond),Lamb_education_Armando,124,3
6,6,0.5510204081632653,1.0,0.7105263157894737,39.0,1.0,0.05922396187882913,PatchTST-SSL(HoW-cond),Lamb_education_Eula,124,3
6,6,0.5432098765432098,1.0,0.704,10.0,1.0,0.06603131381892444,HOW-profile(HoW-cond),Lamb_education_Eula,124,3
6,2,0.1111111111111111,0.3333333333333333,0.16666666666666666,1.0,0.3333333333333333,0.03850931677018633,PatchTST-SSL(HoW-cond),Lamb_education_Lazaro,124,3
6,2,0.06451612903225806,0.3333333333333333,0.1081081081081081,1.0,0.3333333333333333,0.0391304347826087,HOW-profile(HoW-cond),Lamb_education_Lazaro,124,3
6,5,0.543859649122807,0.8333333333333334,0.6581740976645436,17.8,0.8333333333333334,0.01856594110115237,PatchTST-SSL(HoW-cond),Lamb_education_Lucas,124,3
6,6,0.6233766233766234,1.0,0.768,15.166666666666666,1.0,0.02240717029449424,HOW-profile(HoW-cond),Lamb_education_Lucas,124,3
6,6,0.4523809523809524,1.0,0.6229508196721312,28.0,1.0,0.02722222222222222,PatchTST-SSL(HoW-cond),Lamb_education_Mae,124,3
6,6,0.3333333333333333,1.0,0.5,33.666666666666664,1.0,0.03,HOW-profile(HoW-cond),Lamb_education_Mae,124,3
6,6,0.8205128205128205,1.0,0.9014084507042254,46.0,1.0,0.008064516129032258,PatchTST-SSL(HoW-cond),Lamb_education_Williams,124,3
6,6,0.796875,1.0,0.8869565217391304,45.166666666666664,1.0,0.025201612903225805,HOW-profile(HoW-cond),Lamb_education_Williams,124,3
6,5,0.48484848484848486,0.8333333333333334,0.6130268199233716,22.0,0.8333333333333334,0.027559055118110236,PatchTST-SSL(HoW-cond),Lamb_office_Caitlin,124,3
6,4,0.5625,0.6666666666666666,0.6101694915254238,26.25,0.6666666666666666,0.04499437570303712,HOW-profile(HoW-cond),Lamb_office_Caitlin,124,3
6,6,0.6153846153846154,1.0,0.761904761904762,6.166666666666667,1.0,0.022370012091898428,PatchTST-SSL(HoW-cond),Lamb_office_Velma,124,3
6,6,0.6046511627906976,1.0,0.7536231884057971,4.166666666666667,1.0,0.032648125755743655,HOW-profile(HoW-cond),Lamb_office_Velma,124,3
6,6,0.25862068965517243,1.0,0.4109589041095891,7.5,1.0,0.0880667014069828,PatchTST-SSL(HoW-cond),Rat_retail_Jeffrey,124,3
6,6,0.25806451612903225,1.0,0.41025641025641024,7.166666666666667,1.0,0.10422094841063054,HOW-profile(HoW-cond),Rat_retail_Jeffrey,124,3
6,4,0.9622641509433962,0.6666666666666666,0.7876447876447876,123.5,0.6666666666666666,0.001652892561983471,PatchTST-SSL(HoW-cond),Robin_education_Zenia,124,3
6,4,0.7777777777777778,0.6666666666666666,0.717948717948718,81.0,0.6666666666666666,0.01487603305785124,HOW-profile(HoW-cond),Robin_education_Zenia,124,3
6,6,0.9024390243902439,1.0,0.9487179487179488,3.3333333333333335,1.0,0.002347417840375587,PatchTST-SSL(HoW-cond),Robin_office_Dina,124,3
6,6,0.72,1.0,0.8372093023255813,3.8333333333333335,1.0,0.008215962441314555,HOW-profile(HoW-cond),Robin_office_Dina,124,3
6,5,0.78,0.8333333333333334,0.8057851239669422,33.8,0.8333333333333334,0.012186379928315413,PatchTST-SSL(HoW-cond),Robin_office_Sammie,124,3
6,5,0.7625,0.8333333333333334,0.7963446475195822,25.2,0.8333333333333334,0.01863799283154122,HOW-profile(HoW-cond),Robin_office_Sammie,124,3
6,6,0.9482758620689655,1.0,0.9734513274336283,31.5,1.0,0.002018842530282638,PatchTST-SSL(HoW-cond),Shrew_office_Doris,124,3
6,5,0.9375,0.8333333333333334,0.8823529411764706,47.6,0.8333333333333334,0.0033647375504710633,HOW-profile(HoW-cond),Shrew_office_Doris,124,3
6,5,0.28205128205128205,0.8333333333333334,0.421455938697318,38.4,0.8333333333333334,0.02608695652173913,PatchTST-SSL(HoW-cond),Shrew_office_Ila,124,3
6,6,0.3170731707317073,1.0,0.48148148148148145,58.333333333333336,1.0,0.02298136645962733,HOW-profile(HoW-cond),Shrew_office_Ila,124,3
6,6,0.6410256410256411,1.0,0.7812500000000001,21.666666666666668,1.0,0.01500833796553641,PatchTST-SSL(HoW-cond),Shrew_office_Kenneth,124,3
6,6,0.5625,1.0,0.72,19.166666666666668,1.0,0.023902167871039465,HOW-profile(HoW-cond),Shrew_office_Kenneth,124,3
6,6,0.8627450980392157,1.0,0.9263157894736842,18.166666666666668,1.0,0.007677543186180422,PatchTST-SSL(HoW-cond),Shrew_office_Nora,124,3
6,6,0.803030303030303,1.0,0.8907563025210083,5.666666666666667,1.0,0.011516314779270634,HOW-profile(HoW-cond),Shrew_office_Nora,124,3
6,5,0.5714285714285714,0.8333333333333334,0.6779661016949152,16.8,0.8333333333333334,0.010565240359218173,PatchTST-SSL(HoW-cond),Shrew_office_Sherill,124,3
6,5,0.5576923076923077,0.8333333333333334,0.6682027649769585,10.4,0.8333333333333334,0.02324352879027998,HOW-profile(HoW-cond),Shrew_office_Sherill,124,3
6,6,0.8421052631578947,1.0,0.9142857142857143,40.166666666666664,1.0,0.0188821752265861,PatchTST-SSL(HoW-cond),Wolf_office_Darleen,124,3
6,6,0.7843137254901961,1.0,0.8791208791208792,31.166666666666668,1.0,0.021148036253776436,HOW-profile(HoW-cond),Wolf_office_Darleen,124,3
6,3,0.53125,0.5,0.5151515151515151,13.666666666666666,0.5,0.013633669235328987,PatchTST-SSL(HoW-cond),Wolf_retail_Harriett,124,3
6,5,0.3333333333333333,0.8333333333333334,0.47619047619047616,20.6,0.8333333333333334,0.033787788974510964,HOW-profile(HoW-cond),Wolf_retail_Harriett,124,3
6,6,0.6129032258064516,1.0,0.76,35.5,1.0,0.009517335146159076,PatchTST-SSL(HoW-cond),Wolf_retail_Marcella,124,3
6,6,0.575,1.0,0.7301587301587301,19.333333333333332,1.0,0.01971447994561523,HOW-profile(HoW-cond),Wolf_retail_Marcella,124,3
6,5,0.2692307692307692,0.8333333333333334,0.4069767441860465,34.0,0.8333333333333334,0.020845070422535212,PatchTST-SSL(HoW-cond),Wolf_retail_Toshia,124,3
6,5,0.16666666666666666,0.8333333333333334,0.2777777777777778,46.8,0.8333333333333334,0.038873239436619716,HOW-profile(HoW-cond),Wolf_retail_Toshia,124,3
6,3,0.76,0.5,0.6031746031746031,16.666666666666668,0.5,0.02151238591916558,PatchTST-SSL(HoW-cond),Fox_education_Henrietta,125,3
6,3,0.631578947368421,0.5,0.5581395348837209,18.0,0.5,0.011734028683181226,HOW-profile(HoW-cond),Fox_education_Henrietta,125,3
6,5,0.2564102564102564,0.8333333333333334,0.392156862745098,41.0,0.8333333333333334,0.08741475511469311,PatchTST-SSL(HoW-cond),Fox_retail_Manie,125,3
6,5,0.3333333333333333,0.8333333333333334,0.47619047619047616,34.0,0.8333333333333334,0.10043397396156231,HOW-profile(HoW-cond),Fox_retail_Manie,125,3
6,5,0.5384615384615384,0.8333333333333334,0.6542056074766356,10.6,0.8333333333333334,0.025688073394495414,PatchTST-SSL(HoW-cond),Hog_education_Bruno,125,3
6,5,0.64,0.8333333333333334,0.7239819004524887,4.2,0.8333333333333334,0.026299694189602447,HOW-profile(HoW-cond),Hog_education_Bruno,125,3
6,4,0.8,0.6666666666666666,0.7272727272727272,2.75,0.6666666666666666,0.008849557522123894,PatchTST-SSL(HoW-cond),Hog_education_Caridad,125,3
6,5,0.7692307692307693,0.8333333333333334,0.8,45.6,0.8333333333333334,0.0068073519400953025,HOW-profile(HoW-cond),Hog_education_Caridad,125,3
6,5,0.6666666666666666,0.8333333333333334,0.7407407407407408,18.4,0.8333333333333334,0.010262257696693273,PatchTST-SSL(HoW-cond),Hog_education_Josh,125,3
6,5,0.5945945945945946,0.8333333333333334,0.694006309148265,15.6,0.8333333333333334,0.013683010262257697,HOW-profile(HoW-cond),Hog_education_Josh,125,3
6,6,0.46875,1.0,0.6382978723404256,20.333333333333332,1.0,0.018891687657430732,PatchTST-SSL(HoW-cond),Hog_education_Luvenia,125,3
6,6,0.5517241379310345,1.0,0.7111111111111111,41.5,1.0,0.018261964735516372,HOW-profile(HoW-cond),Hog_education_Luvenia,125,3
6,5,0.7058823529411765,0.8333333333333334,0.7643312101910827,17.2,0.8333333333333334,0.02040816326530612,PatchTST-SSL(HoW-cond),Hog_office_Almeda,125,3
6,5,0.7068965517241379,0.8333333333333334,0.7649253731343283,17.2,0.8333333333333334,0.025016458196181698,HOW-profile(HoW-cond),Hog_office_Almeda,125,3
6,6,0.2608695652173913,1.0,0.41379310344827586,21.833333333333332,1.0,0.022840119165839126,PatchTST-SSL(HoW-cond),Hog_office_Cortney,125,3
6,6,0.2631578947368421,1.0,0.4166666666666667,21.833333333333332,1.0,0.02035749751737835,HOW-profile(HoW-cond),Hog_office_Cortney,125,3
6,4,0.5185185185185185,0.6666666666666666,0.5833333333333334,10.5,0.6666666666666666,0.019988895058300944,PatchTST-SSL(HoW-cond),Hog_office_Denita,125,3
6,4,0.7352941176470589,0.6666666666666666,0.6993006993006994,14.75,0.6666666666666666,0.006107717934480844,HOW-profile(HoW-cond),Hog_office_Denita,125,3
6,5,0.4857142857142857,0.8333333333333334,0.6137184115523466,33.4,0.8333333333333334,0.04646952323476162,PatchTST-SSL(HoW-cond),Hog_office_Garrett,125,3
6,6,0.4166666666666667,1.0,0.5882352941176471,24.5,1.0,0.04284852142426071,HOW-profile(HoW-cond),Hog_office_Garrett,125,3
6,4,0.21052631578947367,0.6666666666666666,0.32,8.0,0.6666666666666666,0.04609929078014184,PatchTST-SSL(HoW-cond),Hog_office_Lavon,125,3
6,3,0.15,0.5,0.23076923076923075,0.3333333333333333,0.5,0.07092198581560284,HOW-profile(HoW-cond),Hog_office_Lavon,125,3
6,5,0.8,0.8333333333333334,0.816326530612245,82.6,0.8333333333333334,0.007988380537400145,PatchTST-SSL(HoW-cond),Hog_office_Merilyn,125,3
6,5,0.9230769230769231,0.8333333333333334,0.8759124087591241,82.6,0.8333333333333334,0.0007262164124909223,HOW-profile(HoW-cond),Hog_office_Merilyn,125,3
6,4,0.2857142857142857,0.6666666666666666,0.4,2.0,0.6666666666666666,0.012152777777777778,PatchTST-SSL(HoW-cond),Hog_office_Miriam,125,3
6,4,0.4166666666666667,0.6666666666666666,0.5128205128205129,2.0,0.6666666666666666,0.004629629629629629,HOW-profile(HoW-cond),Hog_office_Miriam,125,3
6,6,0.2978723404255319,1.0,0.45901639344262296,11.833333333333334,1.0,0.030383795309168442,PatchTST-SSL(HoW-cond),Hog_office_Napoleon,125,3
6,6,0.25,1.0,0.4,12.166666666666666,1.0,0.0314498933901919,HOW-profile(HoW-cond),Hog_office_Napoleon,125,3
6,5,0.2894736842105263,0.8333333333333334,0.42968750000000006,8.6,0.8333333333333334,0.027731558513588463,PatchTST-SSL(HoW-cond),Hog_office_Shawna,125,3
6,5,0.27450980392156865,0.8333333333333334,0.41297935103244837,21.6,0.8333333333333334,0.036605657237936774,HOW-profile(HoW-cond),Hog_office_Shawna,125,3
6,5,0.5476190476190477,0.8333333333333334,0.6609195402298851,5.2,0.8333333333333334,0.02403282532239156,PatchTST-SSL(HoW-cond),Hog_office_Shawnna,125,3
6,5,0.42857142857142855,0.8333333333333334,0.5660377358490566,4.6,0.8333333333333334,0.031652989449003514,HOW-profile(HoW-cond),Hog_office_Shawnna,125,3
6,4,0.9583333333333334,0.6666666666666666,0.7863247863247863,32.5,0.6666666666666666,0.002386634844868735,PatchTST-SSL(HoW-cond),Hog_office_Sherrie,125,3
6,4,0.9827586206896551,0.6666666666666666,0.794425087108014,31.25,0.6666666666666666,0.0007955449482895784,HOW-profile(HoW-cond),Hog_office_Sherrie,125,3
6,5,0.5116279069767442,0.8333333333333334,0.6340057636887608,16.2,0.8333333333333334,0.018857142857142857,PatchTST-SSL(HoW-cond),Hog_office_Shon,125,3
6,5,0.5384615384615384,0.8333333333333334,0.6542056074766356,23.6,0.8333333333333334,0.015428571428571429,HOW-profile(HoW-cond),Hog_office_Shon,125,3
6,6,0.7297297297297297,1.0,0.8437499999999999,22.0,1.0,0.008441558441558441,PatchTST-SSL(HoW-cond),Hog_office_Sydney,125,3
6,5,0.75,0.8333333333333334,0.7894736842105262,38.4,0.8333333333333334,0.008441558441558441,HOW-profile(HoW-cond),Hog_office_Sydney,125,3
6,3,0.5277777777777778,0.5,0.5135135135135136,8.0,0.5,0.022427440633245383,PatchTST-SSL(HoW-cond),Hog_office_Valda,125,3
6,3,0.7307692307692307,0.5,0.5937499999999999,7.333333333333333,0.5,0.008575197889182058,HOW-profile(HoW-cond),Hog_office_Valda,125,3
6,5,0.7083333333333334,0.8333333333333334,0.7657657657657657,7.0,0.8333333333333334,0.006482982171799027,PatchTST-SSL(HoW-cond),Lamb_education_Armando,125,3
6,6,0.7692307692307693,1.0,0.8695652173913044,18.333333333333332,1.0,0.010804970286331712,HOW-profile(HoW-cond),Lamb_education_Armando,125,3
6,5,0.5135135135135135,0.8333333333333334,0.6354515050167224,8.2,0.8333333333333334,0.03313253012048193,PatchTST-SSL(HoW-cond),Lamb_education_Eula,125,3
6,5,0.34782608695652173,0.8333333333333334,0.49079754601227,3.4,0.8333333333333334,0.06626506024096386,HOW-profile(HoW-cond),Lamb_education_Eula,125,3
6,3,0.2857142857142857,0.5,0.36363636363636365,59.666666666666664,0.5,0.040770941438102296,PatchTST-SSL(HoW-cond),Lamb_education_Lazaro,125,3
6,2,0.14285714285714285,0.3333333333333333,0.2,1.0,0.3333333333333333,0.04373610081541883,HOW-profile(HoW-cond),Lamb_education_Lazaro,125,3
6,5,0.3090909090909091,0.8333333333333334,0.45092838196286467,11.6,0.8333333333333334,0.023375142531356898,PatchTST-SSL(HoW-cond),Lamb_education_Lucas,125,3
6,6,0.45454545454545453,1.0,0.625,4.666666666666667,1.0,0.033637400228050174,HOW-profile(HoW-cond),Lamb_education_Lucas,125,3
6,4,0.6,0.6666666666666666,0.631578947368421,14.0,0.6666666666666666,0.014944769330734242,PatchTST-SSL(HoW-cond),Lamb_education_Mae,125,3
6,5,0.5454545454545454,0.8333333333333334,0.6593406593406592,35.0,0.8333333333333334,0.023391812865497075,HOW-profile(HoW-cond),Lamb_education_Mae,125,3
6,6,0.4827586206896552,1.0,0.6511627906976745,9.0,1.0,0.013347570742124934,PatchTST-SSL(HoW-cond),Lamb_education_Williams,125,3
6,6,0.5,1.0,0.6666666666666666,3.1666666666666665,1.0,0.02402562733582488,HOW-profile(HoW-cond),Lamb_education_Williams,125,3
6,5,0.5,0.8333333333333334,0.625,44.4,0.8333333333333334,0.03774981495188749,PatchTST-SSL(HoW-cond),Lamb_office_Caitlin,125,3
6,4,0.5909090909090909,0.6666666666666666,0.6265060240963856,34.0,0.6666666666666666,0.07475943745373798,HOW-profile(HoW-cond),Lamb_office_Caitlin,125,3
6,5,0.4864864864864865,0.8333333333333334,0.6143344709897611,14.0,0.8333333333333334,0.02448525319977741,PatchTST-SSL(HoW-cond),Lamb_office_Velma,125,3
6,5,0.5526315789473685,0.8333333333333334,0.6645569620253164,10.2,0.8333333333333334,0.027824151363383415,HOW-profile(HoW-cond),Lamb_office_Velma,125,3
6,6,0.2923076923076923,1.0,0.4523809523809524,3.6666666666666665,1.0,0.08771929824561403,PatchTST-SSL(HoW-cond),Rat_retail_Jeffrey,125,3
6,6,0.36363636363636365,1.0,0.5333333333333333,1.8333333333333333,1.0,0.09752321981424149,HOW-profile(HoW-cond),Rat_retail_Jeffrey,125,3
6,6,0.46774193548387094,1.0,0.6373626373626373,18.5,1.0,0.027985074626865673,PatchTST-SSL(HoW-cond),Robin_education_Zenia,125,3
6,6,0.3953488372093023,1.0,0.5666666666666667,2.3333333333333335,1.0,0.055970149253731345,HOW-profile(HoW-cond),Robin_education_Zenia,125,3
6,6,0.717391304347826,1.0,0.8354430379746834,12.833333333333334,1.0,0.010723860589812333,PatchTST-SSL(HoW-cond),Robin_office_Dina,125,3
6,6,0.7,1.0,0.8235294117647058,15.0,1.0,0.00871313672922252,HOW-profile(HoW-cond),Robin_office_Dina,125,3
6,4,0.78,0.6666666666666666,0.7188940092165899,75.75,0.6666666666666666,0.011636363636363636,PatchTST-SSL(HoW-cond),Robin_office_Sammie,125,3
6,4,0.75,0.6666666666666666,0.7058823529411765,40.75,0.6666666666666666,0.016,HOW-profile(HoW-cond),Robin_office_Sammie,125,3
6,4,0.8292682926829268,0.6666666666666666,0.7391304347826086,9.25,0.6666666666666666,0.006802721088435374,PatchTST-SSL(HoW-cond),Shrew_office_Doris,125,3
6,3,0.5806451612903226,0.5,0.537313432835821,5.666666666666667,0.5,0.01422387136672851,HOW-profile(HoW-cond),Shrew_office_Doris,125,3
6,5,0.6585365853658537,0.8333333333333334,0.7356948228882834,11.4,0.8333333333333334,0.014933333333333333,PatchTST-SSL(HoW-cond),Shrew_office_Ila,125,3
6,5,0.7058823529411765,0.8333333333333334,0.7643312101910827,10.0,0.8333333333333334,0.007466666666666667,HOW-profile(HoW-cond),Shrew_office_Ila,125,3
6,4,0.7551020408163265,0.6666666666666666,0.7081339712918658,19.75,0.6666666666666666,0.011031797534068787,PatchTST-SSL(HoW-cond),Shrew_office_Kenneth,125,3
6,5,0.7,0.8333333333333334,0.7608695652173915,12.6,0.8333333333333334,0.02336145360155743,HOW-profile(HoW-cond),Shrew_office_Kenneth,125,3
6,4,0.717948717948718,0.6666666666666666,0.691358024691358,3.0,0.6666666666666666,0.00940623162845385,PatchTST-SSL(HoW-cond),Shrew_office_Nora,125,3
6,4,0.515625,0.6666666666666666,0.5814977973568283,4.25,0.6666666666666666,0.02292768959435626,HOW-profile(HoW-cond),Shrew_office_Nora,125,3
6,6,0.8,1.0,0.888888888888889,11.833333333333334,1.0,0.007891770011273957,PatchTST-SSL(HoW-cond),Shrew_office_Sherill,125,3
6,6,0.5094339622641509,1.0,0.6749999999999999,10.666666666666666,1.0,0.021984216459977453,HOW-profile(HoW-cond),Shrew_office_Sherill,125,3
6,4,0.25,0.6666666666666666,0.36363636363636365,19.0,0.6666666666666666,0.038176638176638175,PatchTST-SSL(HoW-cond),Wolf_office_Darleen,125,3
6,5,0.37142857142857144,0.8333333333333334,0.5138339920948616,25.2,0.8333333333333334,0.045584045584045586,HOW-profile(HoW-cond),Wolf_office_Darleen,125,3
6,6,0.4,1.0,0.5714285714285715,38.333333333333336,1.0,0.016315431679129844,PatchTST-SSL(HoW-cond),Wolf_retail_Harriett,125,3
6,6,0.5606060606060606,1.0,0.7184466019417475,7.666666666666667,1.0,0.026512576478585997,HOW-profile(HoW-cond),Wolf_retail_Harriett,125,3
6,3,0.47058823529411764,0.5,0.48484848484848486,49.666666666666664,0.5,0.005518087063151441,PatchTST-SSL(HoW-cond),Wolf_retail_Marcella,125,3
6,4,0.38095238095238093,0.6666666666666666,0.4848484848484849,38.25,0.6666666666666666,0.010423053341508276,HOW-profile(HoW-cond),Wolf_retail_Marcella,125,3
6,6,0.3333333333333333,1.0,0.5,27.0,1.0,0.022860492379835874,PatchTST-SSL(HoW-cond),Wolf_retail_Toshia,125,3
6,6,0.6060606060606061,1.0,0.7547169811320755,21.166666666666668,1.0,0.03634232121922626,HOW-profile(HoW-cond),Wolf_retail_Toshia,125,3
6,4,0.25,0.6666666666666666,0.36363636363636365,49.0,0.6666666666666666,0.035864978902953586,PatchTST-SSL(HoW-cond),Fox_education_Henrietta,123,4
6,4,0.21052631578947367,0.6666666666666666,0.32,48.75,0.6666666666666666,0.026371308016877638,HOW-profile(HoW-cond),Fox_education_Henrietta,123,4
6,4,0.36363636363636365,0.6666666666666666,0.4705882352941177,39.0,0.6666666666666666,0.08724428399518652,PatchTST-SSL(HoW-cond),Fox_retail_Manie,123,4
6,5,0.3492063492063492,0.8333333333333334,0.49217002237136465,41.0,0.8333333333333334,0.10288808664259928,HOW-profile(HoW-cond),Fox_retail_Manie,123,4
6,6,0.8064516129032258,1.0,0.8928571428571428,39.833333333333336,1.0,0.013798111837327523,PatchTST-SSL(HoW-cond),Hog_education_Bruno,123,4
6,6,0.4857142857142857,1.0,0.6538461538461539,32.0,1.0,0.026143790849673203,HOW-profile(HoW-cond),Hog_education_Bruno,123,4
6,5,0.7777777777777778,0.8333333333333334,0.8045977011494253,47.8,0.8333333333333334,0.01858736059479554,PatchTST-SSL(HoW-cond),Hog_education_Caridad,123,4
6,6,0.8333333333333334,1.0,0.9090909090909091,43.166666666666664,1.0,0.009913258983890954,HOW-profile(HoW-cond),Hog_education_Caridad,123,4
6,5,0.22727272727272727,0.8333333333333334,0.35714285714285715,48.2,0.8333333333333334,0.014854426619132501,PatchTST-SSL(HoW-cond),Hog_education_Josh,123,4
6,3,0.15789473684210525,0.5,0.23999999999999996,36.333333333333336,0.5,0.015448603683897801,HOW-profile(HoW-cond),Hog_education_Josh,123,4
6,4,0.7307692307692307,0.6666666666666666,0.6972477064220183,31.0,0.6666666666666666,0.00620347394540943,PatchTST-SSL(HoW-cond),Hog_education_Luvenia,123,4
6,4,0.6857142857142857,0.6666666666666666,0.676056338028169,32.25,0.6666666666666666,0.01054590570719603,HOW-profile(HoW-cond),Hog_education_Luvenia,123,4
6,6,0.7857142857142857,1.0,0.88,21.833333333333332,1.0,0.011049723756906077,PatchTST-SSL(HoW-cond),Hog_office_Almeda,123,4
6,6,0.6805555555555556,1.0,0.8099173553719008,13.666666666666666,1.0,0.022790055248618785,HOW-profile(HoW-cond),Hog_office_Almeda,123,4
6,5,0.7659574468085106,0.8333333333333334,0.7982261640798227,17.8,0.8333333333333334,0.00945179584120983,PatchTST-SSL(HoW-cond),Hog_office_Cortney,123,4
6,5,0.6888888888888889,0.8333333333333334,0.7542579075425792,13.8,0.8333333333333334,0.013862633900441084,HOW-profile(HoW-cond),Hog_office_Cortney,123,4
6,6,0.6129032258064516,1.0,0.76,51.333333333333336,1.0,0.01683937823834197,PatchTST-SSL(HoW-cond),Hog_office_Denita,123,4
6,6,0.5185185185185185,1.0,0.6829268292682926,56.333333333333336,1.0,0.012305699481865285,HOW-profile(HoW-cond),Hog_office_Denita,123,4
6,6,0.6,1.0,0.7499999999999999,45.666666666666664,1.0,0.04220558202859088,PatchTST-SSL(HoW-cond),Hog_office_Garrett,123,4
6,6,0.6086956521739131,1.0,0.7567567567567568,21.0,1.0,0.027910142954390742,HOW-profile(HoW-cond),Hog_office_Garrett,123,4
6,6,0.32142857142857145,1.0,0.4864864864864865,19.0,1.0,0.02676659528907923,PatchTST-SSL(HoW-cond),Hog_office_Lavon,123,4
6,6,0.4375,1.0,0.6086956521739131,35.666666666666664,1.0,0.021948608137044967,HOW-profile(HoW-cond),Hog_office_Lavon,123,4
6,3,0.9230769230769231,0.5,0.6486486486486487,15.0,0.5,0.0006195786864931846,PatchTST-SSL(HoW-cond),Hog_office_Merilyn,123,4
6,3,0.7777777777777778,0.5,0.6086956521739131,15.0,0.5,0.0012391573729863693,HOW-profile(HoW-cond),Hog_office_Merilyn,123,4
6,6,0.5641025641025641,1.0,0.7213114754098361,25.0,1.0,0.01509433962264151,PatchTST-SSL(HoW-cond),Hog_office_Miriam,123,4
6,5,0.5,0.8333333333333334,0.625,14.6,0.8333333333333334,0.011949685534591196,HOW-profile(HoW-cond),Hog_office_Miriam,123,4
6,6,0.9444444444444444,1.0,0.9714285714285714,53.333333333333336,1.0,0.0014316392269148174,PatchTST-SSL(HoW-cond),Hog_office_Napoleon,123,4
6,6,0.9487179487179487,1.0,0.9736842105263158,48.833333333333336,1.0,0.0014316392269148174,HOW-profile(HoW-cond),Hog_office_Napoleon,123,4
6,4,0.625,0.6666666666666666,0.6451612903225806,4.0,0.6666666666666666,0.013497652582159625,PatchTST-SSL(HoW-cond),Hog_office_Shawna,123,4
6,5,0.74,0.8333333333333334,0.7838983050847459,3.8,0.8333333333333334,0.01056338028169014,HOW-profile(HoW-cond),Hog_office_Shawna,123,4
6,6,0.48717948717948717,1.0,0.6551724137931034,3.8333333333333335,1.0,0.017857142857142856,PatchTST-SSL(HoW-cond),Hog_office_Shawnna,123,4
6,6,0.38596491228070173,1.0,0.5569620253164557,3.8333333333333335,1.0,0.02976190476190476,HOW-profile(HoW-cond),Hog_office_Shawnna,123,4
6,6,0.7777777777777778,1.0,0.8750000000000001,31.833333333333332,1.0,0.005758157389635317,PatchTST-SSL(HoW-cond),Hog_office_Sherrie,123,4
6,6,0.8529411764705882,1.0,0.9206349206349206,36.666666666666664,1.0,0.003838771593090211,HOW-profile(HoW-cond),Hog_office_Sherrie,123,4
6,6,0.9393939393939394,1.0,0.96875,38.5,1.0,0.0020408163265306124,PatchTST-SSL(HoW-cond),Hog_office_Shon,123,4
6,6,0.926829268292683,1.0,0.9620253164556963,25.5,1.0,0.0027210884353741495,HOW-profile(HoW-cond),Hog_office_Shon,123,4
6,6,0.5,1.0,0.6666666666666666,40.666666666666664,1.0,0.015554115359688918,PatchTST-SSL(HoW-cond),Hog_office_Sydney,123,4
6,5,0.5142857142857142,0.8333333333333334,0.6360424028268551,41.4,0.8333333333333334,0.014906027219701879,HOW-profile(HoW-cond),Hog_office_Sydney,123,4
6,6,0.32,1.0,0.48484848484848486,1.0,1.0,0.011036468330134356,PatchTST-SSL(HoW-cond),Hog_office_Valda,123,4
6,6,0.5,1.0,0.6666666666666666,1.0,1.0,0.009117082533589251,HOW-profile(HoW-cond),Hog_office_Valda,123,4
6,4,0.5862068965517241,0.6666666666666666,0.6238532110091743,21.5,0.6666666666666666,0.01650366748166259,PatchTST-SSL(HoW-cond),Lamb_education_Armando,123,4
6,5,0.4222222222222222,0.8333333333333334,0.56047197640118,10.0,0.8333333333333334,0.04706601466992665,HOW-profile(HoW-cond),Lamb_education_Armando,123,4
6,6,0.13636363636363635,1.0,0.24000000000000002,0.16666666666666666,1.0,0.05178735105407883,PatchTST-SSL(HoW-cond),Lamb_education_Eula,123,4
6,6,0.08064516129032258,1.0,0.1492537313432836,0.16666666666666666,1.0,0.08020164986251145,HOW-profile(HoW-cond),Lamb_education_Eula,123,4
6,4,0.5294117647058824,0.6666666666666666,0.5901639344262295,7.75,0.6666666666666666,0.02981366459627329,PatchTST-SSL(HoW-cond),Lamb_education_Lazaro,123,4
6,3,0.35,0.5,0.4117647058823529,37.666666666666664,0.5,0.040372670807453416,HOW-profile(HoW-cond),Lamb_education_Lazaro,123,4
6,6,0.4,1.0,0.5714285714285715,7.5,1.0,0.019651880965749578,PatchTST-SSL(HoW-cond),Lamb_education_Lucas,123,4
6,6,0.4084507042253521,1.0,0.5800000000000001,19.666666666666668,1.0,0.030320044918585063,HOW-profile(HoW-cond),Lamb_education_Lucas,123,4
6,6,0.42105263157894735,1.0,0.5925925925925926,61.666666666666664,1.0,0.0357653791130186,PatchTST-SSL(HoW-cond),Lamb_education_Mae,123,4
6,6,0.4528301886792453,1.0,0.6233766233766235,42.333333333333336,1.0,0.0407725321888412,HOW-profile(HoW-cond),Lamb_education_Mae,123,4
6,6,0.25,1.0,0.4,19.333333333333332,1.0,0.02914572864321608,PatchTST-SSL(HoW-cond),Lamb_education_Williams,123,4
6,6,0.41025641025641024,1.0,0.5818181818181819,6.0,1.0,0.03869346733668342,HOW-profile(HoW-cond),Lamb_education_Williams,123,4
6,5,0.3333333333333333,0.8333333333333334,0.47619047619047616,12.4,0.8333333333333334,0.04288939051918736,PatchTST-SSL(HoW-cond),Lamb_office_Caitlin,123,4
6,4,0.375,0.6666666666666666,0.4800000000000001,1.5,0.6666666666666666,0.06433408577878104,HOW-profile(HoW-cond),Lamb_office_Caitlin,123,4
6,5,0.6774193548387096,0.8333333333333334,0.7473309608540925,21.2,0.8333333333333334,0.018271257905832748,PatchTST-SSL(HoW-cond),Lamb_office_Velma,123,4
6,5,0.7727272727272727,0.8333333333333334,0.8018867924528302,15.2,0.8333333333333334,0.022487702037947997,HOW-profile(HoW-cond),Lamb_office_Velma,123,4
6,3,0.7241379310344828,0.5,0.591549295774648,45.666666666666664,0.5,0.05474171164225135,PatchTST-SSL(HoW-cond),Rat_retail_Jeffrey,123,4
6,3,0.6515151515151515,0.5,0.5657894736842106,45.0,0.5,0.07478797224363917,HOW-profile(HoW-cond),Rat_retail_Jeffrey,123,4
6,4,0.6923076923076923,0.6666666666666666,0.6792452830188679,55.0,0.6666666666666666,0.027064538514920196,PatchTST-SSL(HoW-cond),Robin_education_Zenia,123,4
6,4,0.6024096385542169,0.6666666666666666,0.6329113924050633,40.75,0.6666666666666666,0.040249826509368494,HOW-profile(HoW-cond),Robin_education_Zenia,123,4
6,4,0.7,0.6666666666666666,0.6829268292682926,20.25,0.6666666666666666,0.011656441717791411,PatchTST-SSL(HoW-cond),Robin_office_Dina,123,4
6,4,0.6833333333333333,0.6666666666666666,0.6748971193415637,20.0,0.6666666666666666,0.015337423312883436,HOW-profile(HoW-cond),Robin_office_Dina,123,4
6,4,0.43478260869565216,0.6666666666666666,0.5263157894736841,59.0,0.6666666666666666,0.012186379928315413,PatchTST-SSL(HoW-cond),Robin_office_Sammie,123,4
6,5,0.43243243243243246,0.8333333333333334,0.5693950177935942,59.2,0.8333333333333334,0.01935483870967742,HOW-profile(HoW-cond),Robin_office_Sammie,123,4
6,4,0.78125,0.6666666666666666,0.7194244604316546,13.75,0.6666666666666666,0.004755434782608696,PatchTST-SSL(HoW-cond),Shrew_office_Doris,123,4
6,5,0.5833333333333334,0.8333333333333334,0.6862745098039216,26.0,0.8333333333333334,0.018342391304347828,HOW-profile(HoW-cond),Shrew_office_Doris,123,4
6,4,0.896551724137931,0.6666666666666666,0.7647058823529411,41.25,0.6666666666666666,0.005509641873278237,PatchTST-SSL(HoW-cond),Shrew_office_Ila,123,4
6,4,0.9354838709677419,0.6666666666666666,0.7785234899328858,42.25,0.6666666666666666,0.0018365472910927456,HOW-profile(HoW-cond),Shrew_office_Ila,123,4
6,6,0.9583333333333334,1.0,0.9787234042553191,15.666666666666666,1.0,0.0035285815102328866,PatchTST-SSL(HoW-cond),Shrew_office_Kenneth,123,4
6,6,0.8983050847457628,1.0,0.9464285714285715,13.666666666666666,1.0,0.014820042342978124,HOW-profile(HoW-cond),Shrew_office_Kenneth,123,4
6,6,0.5806451612903226,1.0,0.7346938775510204,6.166666666666667,1.0,0.009788768675940238,PatchTST-SSL(HoW-cond),Shrew_office_Nora,123,4
6,6,0.34375,1.0,0.5116279069767442,0.6666666666666666,1.0,0.027820710973724884,HOW-profile(HoW-cond),Shrew_office_Nora,123,4
6,6,0.6818181818181818,1.0,0.8108108108108109,22.5,1.0,0.0046865846514352666,PatchTST-SSL(HoW-cond),Shrew_office_Sherill,123,4
6,5,0.5428571428571428,0.8333333333333334,0.657439446366782,7.2,0.8333333333333334,0.014059753954305799,HOW-profile(HoW-cond),Shrew_office_Sherill,123,4
6,5,0.8888888888888888,0.8333333333333334,0.8602150537634408,56.2,0.8333333333333334,0.020246478873239437,PatchTST-SSL(HoW-cond),Wolf_office_Darleen,123,4
6,6,0.8260869565217391,1.0,0.9047619047619047,64.33333333333333,1.0,0.02112676056338028,HOW-profile(HoW-cond),Wolf_office_Darleen,123,4
6,5,0.5348837209302325,0.8333333333333334,0.6515580736543909,45.4,0.8333333333333334,0.019450033534540577,PatchTST-SSL(HoW-cond),Wolf_retail_Harriett,123,4
6,4,0.3620689655172414,0.6666666666666666,0.4692737430167597,15.25,0.6666666666666666,0.03286384976525822,HOW-profile(HoW-cond),Wolf_retail_Harriett,123,4
6,6,0.6764705882352942,1.0,0.8070175438596492,10.0,1.0,0.023072594259988744,PatchTST-SSL(HoW-cond),Wolf_retail_Marcella,123,4
6,6,0.48936170212765956,1.0,0.6571428571428571,6.666666666666667,1.0,0.04164321890827237,HOW-profile(HoW-cond),Wolf_retail_Marcella,123,4
6,6,0.24324324324324326,1.0,0.391304347826087,8.333333333333334,1.0,0.034895833333333334,PatchTST-SSL(HoW-cond),Wolf_retail_Toshia,123,4
6,5,0.1724137931034483,0.8333333333333334,0.28571428571428575,1.8,0.8333333333333334,0.04583333333333333,HOW-profile(HoW-cond),Wolf_retail_Toshia,123,4
6,5,0.6666666666666666,0.8333333333333334,0.7407407407407408,29.4,0.8333333333333334,0.008567931456548347,PatchTST-SSL(HoW-cond),Fox_education_Henrietta,124,4
6,5,0.7894736842105263,0.8333333333333334,0.8108108108108109,29.4,0.8333333333333334,0.01040391676866585,HOW-profile(HoW-cond),Fox_education_Henrietta,124,4
6,6,0.32653061224489793,1.0,0.4923076923076923,15.333333333333334,1.0,0.08502024291497975,PatchTST-SSL(HoW-cond),Fox_retail_Manie,124,4
6,6,0.4166666666666667,1.0,0.5882352941176471,4.666666666666667,1.0,0.10179294389820706,HOW-profile(HoW-cond),Fox_retail_Manie,124,4
6,3,0.6875,0.5,0.5789473684210527,61.666666666666664,0.5,0.007293946024799417,PatchTST-SSL(HoW-cond),Hog_education_Bruno,124,4
6,3,0.9333333333333333,0.5,0.6511627906976745,50.666666666666664,0.5,0.0007293946024799417,HOW-profile(HoW-cond),Hog_education_Bruno,124,4
6,3,0.5714285714285714,0.5,0.5333333333333333,47.0,0.5,0.02786377708978328,PatchTST-SSL(HoW-cond),Hog_education_Caridad,124,4
6,3,0.5714285714285714,0.5,0.5333333333333333,59.0,0.5,0.021052631578947368,HOW-profile(HoW-cond),Hog_education_Caridad,124,4
6,5,0.5609756097560976,0.8333333333333334,0.6705539358600583,8.2,0.8333333333333334,0.01735106998264893,PatchTST-SSL(HoW-cond),Hog_education_Josh,124,4
6,5,0.5609756097560976,0.8333333333333334,0.6705539358600583,10.4,0.8333333333333334,0.017929438982070563,HOW-profile(HoW-cond),Hog_education_Josh,124,4
6,3,0.7368421052631579,0.5,0.5957446808510638,55.0,0.5,0.0125,PatchTST-SSL(HoW-cond),Hog_education_Luvenia,124,4
6,3,0.6111111111111112,0.5,0.55,28.0,0.5,0.02734375,HOW-profile(HoW-cond),Hog_education_Luvenia,124,4
6,6,0.4358974358974359,1.0,0.6071428571428571,14.833333333333334,1.0,0.031211750305997554,PatchTST-SSL(HoW-cond),Hog_office_Almeda,124,4
6,6,0.37037037037037035,1.0,0.5405405405405406,14.833333333333334,1.0,0.04039167686658507,HOW-profile(HoW-cond),Hog_office_Almeda,124,4
6,5,0.21739130434782608,0.8333333333333334,0.3448275862068966,0.8,0.8333333333333334,0.011159631246967491,PatchTST-SSL(HoW-cond),Hog_office_Cortney,124,4
6,6,0.175,1.0,0.2978723404255319,1.1666666666666667,1.0,0.024260067928190198,HOW-profile(HoW-cond),Hog_office_Cortney,124,4
6,4,0.48,0.6666666666666666,0.5581395348837209,52.75,0.6666666666666666,0.023686158401184307,PatchTST-SSL(HoW-cond),Hog_office_Denita,124,4
6,4,0.7307692307692307,0.6666666666666666,0.6972477064220183,53.25,0.6666666666666666,0.010362694300518135,HOW-profile(HoW-cond),Hog_office_Denita,124,4
6,6,0.7741935483870968,1.0,0.8727272727272727,31.333333333333332,1.0,0.023289665211062592,PatchTST-SSL(HoW-cond),Hog_office_Garrett,124,4
6,6,0.7058823529411765,1.0,0.8275862068965517,14.833333333333334,1.0,0.042212518195050945,HOW-profile(HoW-cond),Hog_office_Garrett,124,4
6,4,0.2,0.6666666666666666,0.30769230769230765,14.25,0.6666666666666666,0.03777208706786172,PatchTST-SSL(HoW-cond),Hog_office_Lavon,124,4
6,4,0.38461538461538464,0.6666666666666666,0.4878048780487804,2.0,0.6666666666666666,0.09282970550576185,HOW-profile(HoW-cond),Hog_office_Lavon,124,4
6,4,0.5,0.6666666666666666,0.5714285714285715,65.25,0.6666666666666666,0.0034110289937464467,PatchTST-SSL(HoW-cond),Hog_office_Merilyn,124,4
6,4,0.8,0.6666666666666666,0.7272727272727272,66.75,0.6666666666666666,0.0005685048322910744,HOW-profile(HoW-cond),Hog_office_Merilyn,124,4
6,4,0.8529411764705882,0.6666666666666666,0.7483870967741936,42.25,0.6666666666666666,0.005094614264919942,PatchTST-SSL(HoW-cond),Hog_office_Miriam,124,4
6,4,0.875,0.6666666666666666,0.7567567567567567,41.0,0.6666666666666666,0.002183406113537118,HOW-profile(HoW-cond),Hog_office_Miriam,124,4
6,5,0.9444444444444444,0.8333333333333334,0.8854166666666667,15.4,0.8333333333333334,0.0011402508551881414,PatchTST-SSL(HoW-cond),Hog_office_Napoleon,124,4
6,5,0.8636363636363636,0.8333333333333334,0.8482142857142857,11.0,0.8333333333333334,0.0034207525655644243,HOW-profile(HoW-cond),Hog_office_Napoleon,124,4
6,6,1.0,1.0,1.0,66.0,1.0,0.0,PatchTST-SSL(HoW-cond),Hog_office_Shawna,124,4
6,5,1.0,0.8333333333333334,0.9090909090909091,33.6,0.8333333333333334,0.0,HOW-profile(HoW-cond),Hog_office_Shawna,124,4
6,5,0.6818181818181818,0.8333333333333334,0.7499999999999999,24.0,0.8333333333333334,0.015849056603773583,PatchTST-SSL(HoW-cond),Hog_office_Shawnna,124,4
6,6,0.631578947368421,1.0,0.7741935483870968,31.333333333333332,1.0,0.027169811320754716,HOW-profile(HoW-cond),Hog_office_Shawnna,124,4
6,3,0.7115384615384616,0.5,0.5873015873015872,57.0,0.5,0.0186536901865369,PatchTST-SSL(HoW-cond),Hog_office_Sherrie,124,4
6,3,0.6585365853658537,0.5,0.5684210526315789,65.33333333333333,0.5,0.030008110300081103,HOW-profile(HoW-cond),Hog_office_Sherrie,124,4
6,4,0.6666666666666666,0.6666666666666666,0.6666666666666666,57.0,0.6666666666666666,0.011269722013523666,PatchTST-SSL(HoW-cond),Hog_office_Shon,124,4
6,4,0.6341463414634146,0.6666666666666666,0.6499999999999999,45.0,0.6666666666666666,0.018031555221637866,HOW-profile(HoW-cond),Hog_office_Shon,124,4
6,5,0.34375,0.8333333333333334,0.48672566371681414,4.6,0.8333333333333334,0.03898840885142255,PatchTST-SSL(HoW-cond),Hog_office_Sydney,124,4
6,5,0.3137254901960784,0.8333333333333334,0.4558404558404559,4.6,0.8333333333333334,0.0273972602739726,HOW-profile(HoW-cond),Hog_office_Sydney,124,4
6,6,0.8490566037735849,1.0,0.9183673469387755,14.833333333333334,1.0,0.010699001426533523,PatchTST-SSL(HoW-cond),Hog_office_Valda,124,4
6,6,0.9433962264150944,1.0,0.970873786407767,16.0,1.0,0.0028530670470756064,HOW-profile(HoW-cond),Hog_office_Valda,124,4
6,3,0.8888888888888888,0.5,0.64,28.333333333333332,0.5,0.0036900369003690036,PatchTST-SSL(HoW-cond),Lamb_education_Armando,124,4
6,4,0.7857142857142857,0.6666666666666666,0.721311475409836,35.0,0.6666666666666666,0.01992619926199262,HOW-profile(HoW-cond),Lamb_education_Armando,124,4
6,6,0.4583333333333333,1.0,0.6285714285714286,38.833333333333336,1.0,0.05513955071477195,PatchTST-SSL(HoW-cond),Lamb_education_Eula,124,4
6,6,0.5432098765432098,1.0,0.704,10.0,1.0,0.06603131381892444,HOW-profile(HoW-cond),Lamb_education_Eula,124,4
6,2,0.16666666666666666,0.3333333333333333,0.2222222222222222,1.0,0.3333333333333333,0.034161490683229816,PatchTST-SSL(HoW-cond),Lamb_education_Lazaro,124,4
6,2,0.06451612903225806,0.3333333333333333,0.1081081081081081,1.0,0.3333333333333333,0.0391304347826087,HOW-profile(HoW-cond),Lamb_education_Lazaro,124,4
6,6,0.5576923076923077,1.0,0.7160493827160493,37.0,1.0,0.015364916773367477,PatchTST-SSL(HoW-cond),Lamb_education_Lucas,124,4
6,6,0.6233766233766234,1.0,0.768,15.166666666666666,1.0,0.02240717029449424,HOW-profile(HoW-cond),Lamb_education_Lucas,124,4
6,6,0.4,1.0,0.5714285714285715,33.666666666666664,1.0,0.022222222222222223,PatchTST-SSL(HoW-cond),Lamb_education_Mae,124,4
6,6,0.3333333333333333,1.0,0.5,33.666666666666664,1.0,0.03,HOW-profile(HoW-cond),Lamb_education_Mae,124,4
6,6,0.8918918918918919,1.0,0.9428571428571428,45.0,1.0,0.006048387096774193,PatchTST-SSL(HoW-cond),Lamb_education_Williams,124,4
6,6,0.796875,1.0,0.8869565217391304,45.166666666666664,1.0,0.025201612903225805,HOW-profile(HoW-cond),Lamb_education_Williams,124,4
6,4,0.5,0.6666666666666666,0.5714285714285715,23.5,0.6666666666666666,0.024746906636670417,PatchTST-SSL(HoW-cond),Lamb_office_Caitlin,124,4
6,4,0.5625,0.6666666666666666,0.6101694915254238,26.25,0.6666666666666666,0.04499437570303712,HOW-profile(HoW-cond),Lamb_office_Caitlin,124,4
6,6,0.6842105263157895,1.0,0.8125000000000001,6.333333333333333,1.0,0.02418379685610641,PatchTST-SSL(HoW-cond),Lamb_office_Velma,124,4
6,6,0.6046511627906976,1.0,0.7536231884057971,4.166666666666667,1.0,0.032648125755743655,HOW-profile(HoW-cond),Lamb_office_Velma,124,4
6,6,0.23076923076923078,1.0,0.375,11.5,1.0,0.0859822824387702,PatchTST-SSL(HoW-cond),Rat_retail_Jeffrey,124,4
6,6,0.25806451612903225,1.0,0.41025641025641024,7.166666666666667,1.0,0.10422094841063054,HOW-profile(HoW-cond),Rat_retail_Jeffrey,124,4
6,4,0.9104477611940298,0.6666666666666666,0.7697160883280756,86.5,0.6666666666666666,0.0049586776859504135,PatchTST-SSL(HoW-cond),Robin_education_Zenia,124,4
6,4,0.7777777777777778,0.6666666666666666,0.717948717948718,81.0,0.6666666666666666,0.01487603305785124,HOW-profile(HoW-cond),Robin_education_Zenia,124,4
6,6,0.8292682926829268,1.0,0.9066666666666667,5.166666666666667,1.0,0.004694835680751174,PatchTST-SSL(HoW-cond),Robin_office_Dina,124,4
6,6,0.72,1.0,0.8372093023255813,3.8333333333333335,1.0,0.008215962441314555,HOW-profile(HoW-cond),Robin_office_Dina,124,4
6,5,0.6862745098039216,0.8333333333333334,0.7526881720430109,34.6,0.8333333333333334,0.01863799283154122,PatchTST-SSL(HoW-cond),Robin_office_Sammie,124,4
6,5,0.7625,0.8333333333333334,0.7963446475195822,25.2,0.8333333333333334,0.01863799283154122,HOW-profile(HoW-cond),Robin_office_Sammie,124,4
6,6,0.9333333333333333,1.0,0.9655172413793104,36.333333333333336,1.0,0.0033647375504710633,PatchTST-SSL(HoW-cond),Shrew_office_Doris,124,4
6,5,0.9375,0.8333333333333334,0.8823529411764706,47.6,0.8333333333333334,0.0033647375504710633,HOW-profile(HoW-cond),Shrew_office_Doris,124,4
6,5,0.32142857142857145,0.8333333333333334,0.4639175257731959,51.8,0.8333333333333334,0.02236024844720497,PatchTST-SSL(HoW-cond),Shrew_office_Ila,124,4
6,6,0.3170731707317073,1.0,0.48148148148148145,58.333333333333336,1.0,0.02298136645962733,HOW-profile(HoW-cond),Shrew_office_Ila,124,4
6,6,0.5652173913043478,1.0,0.7222222222222222,18.0,1.0,0.016675931072818232,PatchTST-SSL(HoW-cond),Shrew_office_Kenneth,124,4
6,6,0.5625,1.0,0.72,19.166666666666668,1.0,0.023902167871039465,HOW-profile(HoW-cond),Shrew_office_Kenneth,124,4
6,6,0.8793103448275862,1.0,0.9357798165137614,15.333333333333334,1.0,0.007037747920665387,PatchTST-SSL(HoW-cond),Shrew_office_Nora,124,4
6,6,0.803030303030303,1.0,0.8907563025210083,5.666666666666667,1.0,0.011516314779270634,HOW-profile(HoW-cond),Shrew_office_Nora,124,4
6,5,0.65625,0.8333333333333334,0.7342657342657342,10.4,0.8333333333333334,0.008452192287374538,PatchTST-SSL(HoW-cond),Shrew_office_Sherill,124,4
6,5,0.5576923076923077,0.8333333333333334,0.6682027649769585,10.4,0.8333333333333334,0.02324352879027998,HOW-profile(HoW-cond),Shrew_office_Sherill,124,4
6,6,0.8484848484848485,1.0,0.9180327868852458,31.0,1.0,0.021148036253776436,PatchTST-SSL(HoW-cond),Wolf_office_Darleen,124,4
6,6,0.7843137254901961,1.0,0.8791208791208792,31.166666666666668,1.0,0.021148036253776436,HOW-profile(HoW-cond),Wolf_office_Darleen,124,4
6,3,0.4864864864864865,0.5,0.4931506849315069,13.666666666666666,0.5,0.017190278601066984,PatchTST-SSL(HoW-cond),Wolf_retail_Harriett,124,4
6,5,0.3333333333333333,0.8333333333333334,0.47619047619047616,20.6,0.8333333333333334,0.033787788974510964,HOW-profile(HoW-cond),Wolf_retail_Harriett,124,4
6,6,0.5483870967741935,1.0,0.7083333333333333,36.666666666666664,1.0,0.01563562202583277,PatchTST-SSL(HoW-cond),Wolf_retail_Marcella,124,4
6,6,0.575,1.0,0.7301587301587301,19.333333333333332,1.0,0.01971447994561523,HOW-profile(HoW-cond),Wolf_retail_Marcella,124,4
6,6,0.25,1.0,0.4,35.166666666666664,1.0,0.03323943661971831,PatchTST-SSL(HoW-cond),Wolf_retail_Toshia,124,4
6,5,0.16666666666666666,0.8333333333333334,0.2777777777777778,46.8,0.8333333333333334,0.038873239436619716,HOW-profile(HoW-cond),Wolf_retail_Toshia,124,4
6,3,0.8095238095238095,0.5,0.6181818181818182,15.666666666666666,0.5,0.01955671447196871,PatchTST-SSL(HoW-cond),Fox_education_Henrietta,125,4
6,3,0.631578947368421,0.5,0.5581395348837209,18.0,0.5,0.011734028683181226,HOW-profile(HoW-cond),Fox_education_Henrietta,125,4
6,5,0.25,0.8333333333333334,0.3846153846153846,49.8,0.8333333333333334,0.09113453192808431,PatchTST-SSL(HoW-cond),Fox_retail_Manie,125,4
6,5,0.3333333333333333,0.8333333333333334,0.47619047619047616,34.0,0.8333333333333334,0.10043397396156231,HOW-profile(HoW-cond),Fox_retail_Manie,125,4
6,5,0.6216216216216216,0.8333333333333334,0.7120743034055728,10.4,0.8333333333333334,0.024464831804281346,PatchTST-SSL(HoW-cond),Hog_education_Bruno,125,4
6,5,0.64,0.8333333333333334,0.7239819004524887,4.2,0.8333333333333334,0.026299694189602447,HOW-profile(HoW-cond),Hog_education_Bruno,125,4
6,5,0.8,0.8333333333333334,0.816326530612245,33.6,0.8333333333333334,0.011572498298162015,PatchTST-SSL(HoW-cond),Hog_education_Caridad,125,4
6,5,0.7692307692307693,0.8333333333333334,0.8,45.6,0.8333333333333334,0.0068073519400953025,HOW-profile(HoW-cond),Hog_education_Caridad,125,4
6,5,0.6060606060606061,0.8333333333333334,0.7017543859649124,18.0,0.8333333333333334,0.010832383124287344,PatchTST-SSL(HoW-cond),Hog_education_Josh,125,4
6,5,0.5945945945945946,0.8333333333333334,0.694006309148265,15.6,0.8333333333333334,0.013683010262257697,HOW-profile(HoW-cond),Hog_education_Josh,125,4
6,6,0.4827586206896552,1.0,0.6511627906976745,20.333333333333332,1.0,0.015743073047858942,PatchTST-SSL(HoW-cond),Hog_education_Luvenia,125,4
6,6,0.5517241379310345,1.0,0.7111111111111111,41.5,1.0,0.018261964735516372,HOW-profile(HoW-cond),Hog_education_Luvenia,125,4
6,5,0.75,0.8333333333333334,0.7894736842105262,17.2,0.8333333333333334,0.019091507570770244,PatchTST-SSL(HoW-cond),Hog_office_Almeda,125,4
6,5,0.7068965517241379,0.8333333333333334,0.7649253731343283,17.2,0.8333333333333334,0.025016458196181698,HOW-profile(HoW-cond),Hog_office_Almeda,125,4
6,6,0.4,1.0,0.5714285714285715,18.666666666666668,1.0,0.012413108242303872,PatchTST-SSL(HoW-cond),Hog_office_Cortney,125,4
6,6,0.2631578947368421,1.0,0.4166666666666667,21.833333333333332,1.0,0.02035749751737835,HOW-profile(HoW-cond),Hog_office_Cortney,125,4
6,4,0.6190476190476191,0.6666666666666666,0.6419753086419754,10.5,0.6666666666666666,0.01110494169905608,PatchTST-SSL(HoW-cond),Hog_office_Denita,125,4
6,4,0.7352941176470589,0.6666666666666666,0.6993006993006994,14.75,0.6666666666666666,0.006107717934480844,HOW-profile(HoW-cond),Hog_office_Denita,125,4
6,6,0.4,1.0,0.5714285714285715,47.833333333333336,1.0,0.057332528666264336,PatchTST-SSL(HoW-cond),Hog_office_Garrett,125,4
6,6,0.4166666666666667,1.0,0.5882352941176471,24.5,1.0,0.04284852142426071,HOW-profile(HoW-cond),Hog_office_Garrett,125,4
6,4,0.16666666666666666,0.6666666666666666,0.26666666666666666,8.25,0.6666666666666666,0.034447821681864235,PatchTST-SSL(HoW-cond),Hog_office_Lavon,125,4
6,3,0.15,0.5,0.23076923076923075,0.3333333333333333,0.5,0.07092198581560284,HOW-profile(HoW-cond),Hog_office_Lavon,125,4
6,5,0.75,0.8333333333333334,0.7894736842105262,82.6,0.8333333333333334,0.005083514887436456,PatchTST-SSL(HoW-cond),Hog_office_Merilyn,125,4
6,5,0.9230769230769231,0.8333333333333334,0.8759124087591241,82.6,0.8333333333333334,0.0007262164124909223,HOW-profile(HoW-cond),Hog_office_Merilyn,125,4
6,5,0.25925925925925924,0.8333333333333334,0.39548022598870053,18.6,0.8333333333333334,0.01273148148148148,PatchTST-SSL(HoW-cond),Hog_office_Miriam,125,4
6,4,0.4166666666666667,0.6666666666666666,0.5128205128205129,2.0,0.6666666666666666,0.004629629629629629,HOW-profile(HoW-cond),Hog_office_Miriam,125,4
6,6,0.3888888888888889,1.0,0.56,14.5,1.0,0.015458422174840085,PatchTST-SSL(HoW-cond),Hog_office_Napoleon,125,4
6,6,0.25,1.0,0.4,12.166666666666666,1.0,0.0314498933901919,HOW-profile(HoW-cond),Hog_office_Napoleon,125,4
6,4,0.3684210526315789,0.6666666666666666,0.4745762711864407,2.25,0.6666666666666666,0.02329450915141431,PatchTST-SSL(HoW-cond),Hog_office_Shawna,125,4
6,5,0.27450980392156865,0.8333333333333334,0.41297935103244837,21.6,0.8333333333333334,0.036605657237936774,HOW-profile(HoW-cond),Hog_office_Shawna,125,4
6,5,0.5238095238095238,0.8333333333333334,0.6432748538011697,5.2,0.8333333333333334,0.020515826494724502,PatchTST-SSL(HoW-cond),Hog_office_Shawnna,125,4
6,5,0.42857142857142855,0.8333333333333334,0.5660377358490566,4.6,0.8333333333333334,0.031652989449003514,HOW-profile(HoW-cond),Hog_office_Shawnna,125,4
6,4,0.9166666666666666,0.6666666666666666,0.7719298245614035,32.25,0.6666666666666666,0.0031821797931583136,PatchTST-SSL(HoW-cond),Hog_office_Sherrie,125,4
6,4,0.9827586206896551,0.6666666666666666,0.794425087108014,31.25,0.6666666666666666,0.0007955449482895784,HOW-profile(HoW-cond),Hog_office_Sherrie,125,4
6,5,0.6341463414634146,0.8333333333333334,0.7202216066481995,23.4,0.8333333333333334,0.012571428571428572,PatchTST-SSL(HoW-cond),Hog_office_Shon,125,4
6,5,0.5384615384615384,0.8333333333333334,0.6542056074766356,23.6,0.8333333333333334,0.015428571428571429,HOW-profile(HoW-cond),Hog_office_Shon,125,4
6,5,0.7560975609756098,0.8333333333333334,0.792838874680307,24.2,0.8333333333333334,0.00909090909090909,PatchTST-SSL(HoW-cond),Hog_office_Sydney,125,4
6,5,0.75,0.8333333333333334,0.7894736842105262,38.4,0.8333333333333334,0.008441558441558441,HOW-profile(HoW-cond),Hog_office_Sydney,125,4
6,2,0.5185185185185185,0.3333333333333333,0.40579710144927533,17.0,0.3333333333333333,0.018469656992084433,PatchTST-SSL(HoW-cond),Hog_office_Valda,125,4
6,3,0.7307692307692307,0.5,0.5937499999999999,7.333333333333333,0.5,0.008575197889182058,HOW-profile(HoW-cond),Hog_office_Valda,125,4
6,5,0.8823529411764706,0.8333333333333334,0.8571428571428571,15.8,0.8333333333333334,0.0016207455429497568,PatchTST-SSL(HoW-cond),Lamb_education_Armando,125,4
6,6,0.7692307692307693,1.0,0.8695652173913044,18.333333333333332,1.0,0.010804970286331712,HOW-profile(HoW-cond),Lamb_education_Armando,125,4
6,5,0.3829787234042553,0.8333333333333334,0.5247813411078718,21.0,0.8333333333333334,0.03674698795180723,PatchTST-SSL(HoW-cond),Lamb_education_Eula,125,4
6,5,0.34782608695652173,0.8333333333333334,0.49079754601227,3.4,0.8333333333333334,0.06626506024096386,HOW-profile(HoW-cond),Lamb_education_Eula,125,4
6,3,0.2857142857142857,0.5,0.36363636363636365,59.666666666666664,0.5,0.037064492216456635,PatchTST-SSL(HoW-cond),Lamb_education_Lazaro,125,4
6,2,0.14285714285714285,0.3333333333333333,0.2,1.0,0.3333333333333333,0.04373610081541883,HOW-profile(HoW-cond),Lamb_education_Lazaro,125,4
6,5,0.2765957446808511,0.8333333333333334,0.415335463258786,11.8,0.8333333333333334,0.022234891676168756,PatchTST-SSL(HoW-cond),Lamb_education_Lucas,125,4
6,6,0.45454545454545453,1.0,0.625,4.666666666666667,1.0,0.033637400228050174,HOW-profile(HoW-cond),Lamb_education_Lucas,125,4
6,4,0.6451612903225806,0.6666666666666666,0.6557377049180327,19.5,0.6666666666666666,0.014944769330734242,PatchTST-SSL(HoW-cond),Lamb_education_Mae,125,4
6,5,0.5454545454545454,0.8333333333333334,0.6593406593406592,35.0,0.8333333333333334,0.023391812865497075,HOW-profile(HoW-cond),Lamb_education_Mae,125,4
6,6,0.41379310344827586,1.0,0.5853658536585366,9.0,1.0,0.020822210357714897,PatchTST-SSL(HoW-cond),Lamb_education_Williams,125,4
6,6,0.5,1.0,0.6666666666666666,3.1666666666666665,1.0,0.02402562733582488,HOW-profile(HoW-cond),Lamb_education_Williams,125,4
6,4,0.5185185185185185,0.6666666666666666,0.5833333333333334,48.75,0.6666666666666666,0.028127313101406367,PatchTST-SSL(HoW-cond),Lamb_office_Caitlin,125,4
6,4,0.5909090909090909,0.6666666666666666,0.6265060240963856,34.0,0.6666666666666666,0.07475943745373798,HOW-profile(HoW-cond),Lamb_office_Caitlin,125,4
6,5,0.4411764705882353,0.8333333333333334,0.576923076923077,13.8,0.8333333333333334,0.031163049526989426,PatchTST-SSL(HoW-cond),Lamb_office_Velma,125,4
6,5,0.5526315789473685,0.8333333333333334,0.6645569620253164,10.2,0.8333333333333334,0.027824151363383415,HOW-profile(HoW-cond),Lamb_office_Velma,125,4
6,6,0.2537313432835821,1.0,0.40476190476190477,3.8333333333333335,1.0,0.08513931888544891,PatchTST-SSL(HoW-cond),Rat_retail_Jeffrey,125,4
6,6,0.36363636363636365,1.0,0.5333333333333333,1.8333333333333333,1.0,0.09752321981424149,HOW-profile(HoW-cond),Rat_retail_Jeffrey,125,4
6,6,0.42028985507246375,1.0,0.5918367346938774,20.166666666666668,1.0,0.03669154228855721,PatchTST-SSL(HoW-cond),Robin_education_Zenia,125,4
6,6,0.3953488372093023,1.0,0.5666666666666667,2.3333333333333335,1.0,0.055970149253731345,HOW-profile(HoW-cond),Robin_education_Zenia,125,4
6,6,0.6818181818181818,1.0,0.8108108108108109,16.833333333333332,1.0,0.010053619302949061,PatchTST-SSL(HoW-cond),Robin_office_Dina,125,4
6,6,0.7,1.0,0.8235294117647058,15.0,1.0,0.00871313672922252,HOW-profile(HoW-cond),Robin_office_Dina,125,4
6,4,0.7,0.6666666666666666,0.6829268292682926,73.75,0.6666666666666666,0.016727272727272726,PatchTST-SSL(HoW-cond),Robin_office_Sammie,125,4
6,4,0.75,0.6666666666666666,0.7058823529411765,40.75,0.6666666666666666,0.016,HOW-profile(HoW-cond),Robin_office_Sammie,125,4
6,4,0.9230769230769231,0.6666666666666666,0.7741935483870968,5.25,0.6666666666666666,0.0024737167594310453,PatchTST-SSL(HoW-cond),Shrew_office_Doris,125,4
6,3,0.5806451612903226,0.5,0.537313432835821,5.666666666666667,0.5,0.01422387136672851,HOW-profile(HoW-cond),Shrew_office_Doris,125,4
6,5,0.7741935483870968,0.8333333333333334,0.802675585284281,11.0,0.8333333333333334,0.005866666666666667,PatchTST-SSL(HoW-cond),Shrew_office_Ila,125,4
6,5,0.7058823529411765,0.8333333333333334,0.7643312101910827,10.0,0.8333333333333334,0.007466666666666667,HOW-profile(HoW-cond),Shrew_office_Ila,125,4
6,4,0.8222222222222222,0.6666666666666666,0.7363184079601989,15.0,0.6666666666666666,0.00973393900064893,PatchTST-SSL(HoW-cond),Shrew_office_Kenneth,125,4
6,5,0.7,0.8333333333333334,0.7608695652173915,12.6,0.8333333333333334,0.02336145360155743,HOW-profile(HoW-cond),Shrew_office_Kenneth,125,4
6,4,0.7777777777777778,0.6666666666666666,0.717948717948718,2.5,0.6666666666666666,0.007054673721340388,PatchTST-SSL(HoW-cond),Shrew_office_Nora,125,4
6,4,0.515625,0.6666666666666666,0.5814977973568283,4.25,0.6666666666666666,0.02292768959435626,HOW-profile(HoW-cond),Shrew_office_Nora,125,4
6,6,0.7659574468085106,1.0,0.8674698795180723,11.666666666666666,1.0,0.007891770011273957,PatchTST-SSL(HoW-cond),Shrew_office_Sherill,125,4
6,6,0.5094339622641509,1.0,0.6749999999999999,10.666666666666666,1.0,0.021984216459977453,HOW-profile(HoW-cond),Shrew_office_Sherill,125,4
6,5,0.2692307692307692,0.8333333333333334,0.4069767441860465,38.2,0.8333333333333334,0.040455840455840456,PatchTST-SSL(HoW-cond),Wolf_office_Darleen,125,4
6,5,0.37142857142857144,0.8333333333333334,0.5138339920948616,25.2,0.8333333333333334,0.045584045584045586,HOW-profile(HoW-cond),Wolf_office_Darleen,125,4
6,6,0.4117647058823529,1.0,0.5833333333333334,38.333333333333336,1.0,0.01971447994561523,PatchTST-SSL(HoW-cond),Wolf_retail_Harriett,125,4
6,6,0.5606060606060606,1.0,0.7184466019417475,7.666666666666667,1.0,0.026512576478585997,HOW-profile(HoW-cond),Wolf_retail_Harriett,125,4
6,3,0.42857142857142855,0.5,0.4615384615384615,49.666666666666664,0.5,0.0061312078479460455,PatchTST-SSL(HoW-cond),Wolf_retail_Marcella,125,4
6,4,0.38095238095238093,0.6666666666666666,0.4848484848484849,38.25,0.6666666666666666,0.010423053341508276,HOW-profile(HoW-cond),Wolf_retail_Marcella,125,4
6,6,0.3888888888888889,1.0,0.56,17.166666666666668,1.0,0.02813599062133646,PatchTST-SSL(HoW-cond),Wolf_retail_Toshia,125,4
6,6,0.6060606060606061,1.0,0.7547169811320755,21.166666666666668,1.0,0.03634232121922626,HOW-profile(HoW-cond),Wolf_retail_Toshia,125,4
