model,building_id,seed,site,type,severity,true_kwh,clip_kwh,signed_kwh,floor_kwh
PatchTST-SSL(HoW-cond),Fox_education_Henrietta,123,Fox,spike,3,107.28066628343188,106.6977883261564,106.6977883261564,96.8140774639896
PatchTST-SSL(HoW-cond),Fox_education_Henrietta,123,Fox,spike,1,38.79410978520845,44.36573117454368,44.36573117454368,37.77659059976582
PatchTST-SSL(HoW-cond),Fox_education_Henrietta,123,Fox,drift,3,1933.886031900874,2266.5256366815074,2221.313808752785,1554.898454605499
PatchTST-SSL(HoW-cond),Fox_education_Henrietta,123,Fox,schedule,3,4.398242775736969,190.55723565693688,-44.981887707095005,0.0
PatchTST-SSL(HoW-cond),Fox_education_Henrietta,123,Fox,spike,3,160.57591003856936,164.20041767543356,164.20041767543356,151.02213652587784
PatchTST-SSL(HoW-cond),Fox_education_Henrietta,123,Fox,spike,2,69.44453542686097,76.74558783426721,76.74558783426721,66.86187697210042
PatchTST-SSL(HoW-cond),Fox_retail_Manie,123,Fox,schedule,3,227.11597207258032,626.6149365568745,188.2062564318798,0.0
PatchTST-SSL(HoW-cond),Fox_retail_Manie,123,Fox,drift,1,1233.548743144401,2944.8379210265853,2120.771515458847,1590.2827994725742
PatchTST-SSL(HoW-cond),Fox_retail_Manie,123,Fox,spike,3,256.61536206414166,241.13468805375825,218.1874181100792,227.02473887090397
PatchTST-SSL(HoW-cond),Fox_retail_Manie,123,Fox,drift,3,8289.663100225807,9242.079493453157,9012.730354671956,7548.8855915106415
PatchTST-SSL(HoW-cond),Fox_retail_Manie,123,Fox,spike,3,237.32739808430793,224.12755546322092,224.12755546322092,210.01760628036664
PatchTST-SSL(HoW-cond),Fox_retail_Manie,123,Fox,spike,1,99.0726521706526,129.60947123458374,129.60947123458374,115.49952205172946
PatchTST-SSL(HoW-cond),Hog_education_Bruno,123,Hog,drift,2,12811.470511399852,16795.724300553236,16795.724300553236,15785.11277991076
PatchTST-SSL(HoW-cond),Hog_education_Bruno,123,Hog,spike,2,275.8232577143261,287.96937244687933,287.96937244687933,281.9538276811503
PatchTST-SSL(HoW-cond),Hog_education_Bruno,123,Hog,drift,2,23664.966243209576,33251.136352317546,33251.136352317546,31807.40560854258
PatchTST-SSL(HoW-cond),Hog_education_Bruno,123,Hog,drift,2,17388.559118296256,21935.929507850506,21935.929507850506,20780.944912830528
PatchTST-SSL(HoW-cond),Hog_education_Bruno,123,Hog,spike,2,208.75207993954868,307.51814139825035,307.51814139825035,295.4870518667923
PatchTST-SSL(HoW-cond),Hog_education_Bruno,123,Hog,schedule,3,76.45355843684771,3722.202230331962,3412.815035948328,2422.8445609344913
PatchTST-SSL(HoW-cond),Hog_education_Caridad,123,Hog,spike,1,2731.6933904597063,2288.8184900088754,1597.4807936850527,1946.442801342771
PatchTST-SSL(HoW-cond),Hog_education_Caridad,123,Hog,drift,3,99252.01194407106,114662.38765307987,110978.53328651664,85902.82980512708
PatchTST-SSL(HoW-cond),Hog_education_Caridad,123,Hog,spike,1,3519.2878507706814,1911.3469389555623,1222.820988713508,1397.7834059564054
PatchTST-SSL(HoW-cond),Hog_education_Caridad,123,Hog,spike,3,6794.154067709553,6449.183651255552,6449.183651255552,6277.9958069224995
PatchTST-SSL(HoW-cond),Hog_education_Caridad,123,Hog,drift,1,43165.13655367314,43450.811121704995,-14910.314480195426,0.0
PatchTST-SSL(HoW-cond),Hog_education_Caridad,123,Hog,drift,3,73297.95555006973,84779.03412760253,77194.73174193036,60127.984543643
PatchTST-SSL(HoW-cond),Hog_education_Josh,123,Hog,drift,3,7959.513378869462,17419.62019289627,17419.62019289627,13725.817147992368
PatchTST-SSL(HoW-cond),Hog_education_Josh,123,Hog,spike,2,611.0395308891121,882.3917762429489,882.3917762429489,779.7861361067295
PatchTST-SSL(HoW-cond),Hog_education_Josh,123,Hog,spike,1,366.67162677451927,630.6842559991783,630.6842559991783,553.7300258970137
PatchTST-SSL(HoW-cond),Hog_education_Josh,123,Hog,drift,3,13020.370345217949,19980.39004212079,19756.600374668815,15670.953156399572
PatchTST-SSL(HoW-cond),Hog_education_Josh,123,Hog,drift,1,4363.562263827134,11413.012618135948,11213.22450598528,6487.941891597413
PatchTST-SSL(HoW-cond),Hog_education_Josh,123,Hog,spike,1,238.78457205940967,341.2961861512258,341.2961861512258,289.9933660831161
PatchTST-SSL(HoW-cond),Hog_education_Luvenia,123,Hog,spike,1,455.8344024507873,511.9444631533481,474.7874795380121,451.9001556580963
PatchTST-SSL(HoW-cond),Hog_education_Luvenia,123,Hog,drift,2,54929.1258237537,72049.1687949094,72049.1687949094,66765.26973532725
PatchTST-SSL(HoW-cond),Hog_education_Luvenia,123,Hog,spike,1,439.3903268062448,928.386951467082,928.386951467082,848.3278748067464
PatchTST-SSL(HoW-cond),Hog_education_Luvenia,123,Hog,spike,3,715.5647282123108,722.2545707831681,722.2545707831681,702.2398016180841
PatchTST-SSL(HoW-cond),Hog_education_Luvenia,123,Hog,drift,3,72870.03993593014,86045.78119589813,86044.77981244438,81242.23659627799
PatchTST-SSL(HoW-cond),Hog_education_Luvenia,123,Hog,schedule,3,2322.155392898221,1383.378879162251,-200.0589605848804,0.0
PatchTST-SSL(HoW-cond),Hog_office_Almeda,123,Hog,schedule,2,28.67787876675679,1418.6165258190592,1391.5364028248273,905.7003882332322
PatchTST-SSL(HoW-cond),Hog_office_Almeda,123,Hog,schedule,2,70.12106487566511,4481.489852738621,4422.996558977318,2942.7414399811396
PatchTST-SSL(HoW-cond),Hog_office_Almeda,123,Hog,drift,3,15353.001099313558,18677.10925811522,18677.10925811522,16454.472661909967
PatchTST-SSL(HoW-cond),Hog_office_Almeda,123,Hog,drift,1,526.8887717240907,3156.949194477466,3127.8773073075818,2131.1169193058117
PatchTST-SSL(HoW-cond),Hog_office_Almeda,123,Hog,spike,1,139.24990344202638,277.91675746969497,277.91675746969497,256.5452517369522
PatchTST-SSL(HoW-cond),Hog_office_Almeda,123,Hog,spike,1,82.28338102216038,116.28514864593237,116.28514864593237,109.16131340168477
PatchTST-SSL(HoW-cond),Hog_office_Cortney,123,Hog,schedule,3,675.659755778285,2160.165259375144,868.7599437451353,0.0
PatchTST-SSL(HoW-cond),Hog_office_Cortney,123,Hog,spike,2,365.9656243934651,533.5930325549227,533.5930325549227,496.1509562501081
PatchTST-SSL(HoW-cond),Hog_office_Cortney,123,Hog,drift,3,9154.375686841197,16970.022021541714,16937.93350775919,13675.119306718028
PatchTST-SSL(HoW-cond),Hog_office_Cortney,123,Hog,spike,3,863.5552763422403,902.5930953459928,902.5930953459928,840.1896348379685
PatchTST-SSL(HoW-cond),Hog_office_Cortney,123,Hog,drift,3,2657.890143930311,5584.050701830781,5258.942555786109,3786.8310391996793
PatchTST-SSL(HoW-cond),Hog_office_Cortney,123,Hog,spike,3,434.0589581084138,489.97561744204125,489.97561744204125,477.4949253404364
PatchTST-SSL(HoW-cond),Hog_office_Denita,123,Hog,spike,2,148.04479456749272,192.043970505889,192.043970505889,175.53084986416823
PatchTST-SSL(HoW-cond),Hog_office_Denita,123,Hog,schedule,2,80.75676933641031,3604.026537330056,3350.7122456478182,2018.7669557248612
PatchTST-SSL(HoW-cond),Hog_office_Denita,123,Hog,drift,3,2706.766864515737,1702.581183780725,1342.907779698409,513.6364975768288
PatchTST-SSL(HoW-cond),Hog_office_Denita,123,Hog,drift,2,2084.49776224874,3896.435391147349,3550.32416398135,2509.3332572428035
PatchTST-SSL(HoW-cond),Hog_office_Denita,123,Hog,schedule,2,168.49448279533027,2690.707855757,2597.737653120087,1501.7631695531036
PatchTST-SSL(HoW-cond),Hog_office_Denita,123,Hog,spike,3,281.2051967311053,277.7056595094816,270.34293808910206,261.19253886776085
PatchTST-SSL(HoW-cond),Hog_office_Garrett,123,Hog,spike,1,800.6226854998857,948.371227562254,948.371227562254,889.1542481501601
PatchTST-SSL(HoW-cond),Hog_office_Garrett,123,Hog,drift,1,9195.820381574536,12858.229717147166,9793.62179466585,6462.795940641012
PatchTST-SSL(HoW-cond),Hog_office_Garrett,123,Hog,schedule,3,2092.359428346967,1856.9967471626223,-1528.242883535716,0.0
PatchTST-SSL(HoW-cond),Hog_office_Garrett,123,Hog,drift,1,3323.6156797907715,7077.103969621807,4896.575483560555,2813.4814519510373
PatchTST-SSL(HoW-cond),Hog_office_Garrett,123,Hog,drift,3,67734.00437875827,77726.02557183105,75933.20263816809,69909.38428943465
PatchTST-SSL(HoW-cond),Hog_office_Garrett,123,Hog,spike,3,4328.092876349334,4527.687338366364,4527.687338366364,4379.64488983613
PatchTST-SSL(HoW-cond),Hog_office_Lavon,123,Hog,spike,1,2374.623555729702,2659.0567812963563,2659.0567812963563,2278.187429417958
PatchTST-SSL(HoW-cond),Hog_office_Lavon,123,Hog,spike,2,3794.3724276334815,4987.788832531523,4987.788832531523,4606.919480653125
PatchTST-SSL(HoW-cond),Hog_office_Lavon,123,Hog,drift,2,2773.0338335095603,34170.971680577284,7906.395589637698,0.0
PatchTST-SSL(HoW-cond),Hog_office_Lavon,123,Hog,spike,3,4451.899146126511,4765.464099747068,4765.464099747068,4511.5511984948025
PatchTST-SSL(HoW-cond),Hog_office_Lavon,123,Hog,spike,1,4225.881840189359,7233.606378444107,7233.606378444107,6598.824125313443
PatchTST-SSL(HoW-cond),Hog_office_Lavon,123,Hog,spike,3,4991.004728707769,5078.1088253461985,5078.1088253461985,4697.2394734678
PatchTST-SSL(HoW-cond),Hog_office_Merilyn,123,Hog,spike,3,74.71065509872955,66.36528223971541,59.31215764900689,60.96841045768295
PatchTST-SSL(HoW-cond),Hog_office_Merilyn,123,Hog,spike,3,132.05847552916484,140.61437941914787,133.20021325586094,129.82063585508294
PatchTST-SSL(HoW-cond),Hog_office_Merilyn,123,Hog,drift,3,1252.3499195421773,909.0144012683724,819.9824715655247,585.2020943464247
PatchTST-SSL(HoW-cond),Hog_office_Merilyn,123,Hog,schedule,2,354.74336074839505,21.20928343628392,-1234.6262097124115,0.0
PatchTST-SSL(HoW-cond),Hog_office_Merilyn,123,Hog,drift,3,2663.5823665894623,4201.912621642044,4201.912621642044,3748.5753919513168
PatchTST-SSL(HoW-cond),Hog_office_Merilyn,123,Hog,schedule,3,44.434143945171144,457.2602354990944,401.2630224252194,262.97285134592573
PatchTST-SSL(HoW-cond),Hog_office_Miriam,123,Hog,spike,2,39.14258735448324,59.99948161007505,59.99948161007505,56.003913207202274
PatchTST-SSL(HoW-cond),Hog_office_Miriam,123,Hog,drift,1,230.44604934093215,121.28167071564818,-108.31470993269416,0.0
PatchTST-SSL(HoW-cond),Hog_office_Miriam,123,Hog,spike,2,35.66467994768293,41.9856755798247,41.9856755798247,39.98789137838831
PatchTST-SSL(HoW-cond),Hog_office_Miriam,123,Hog,drift,1,965.6784438539436,1917.4650442018128,1858.9308619016372,1294.1563733536595
PatchTST-SSL(HoW-cond),Hog_office_Miriam,123,Hog,spike,1,34.72750862214191,48.41871427273208,48.41871427273208,42.42536166842291
PatchTST-SSL(HoW-cond),Hog_office_Miriam,123,Hog,schedule,2,64.25366120822854,509.8653597330956,362.86644670269,174.23761389178225
PatchTST-SSL(HoW-cond),Hog_office_Napoleon,123,Hog,drift,3,20740.01444147993,24239.81667545862,24192.059043828813,21452.813815072375
PatchTST-SSL(HoW-cond),Hog_office_Napoleon,123,Hog,drift,2,18377.3115541578,21066.70113622965,20967.50210054619,17443.59741772753
PatchTST-SSL(HoW-cond),Hog_office_Napoleon,123,Hog,schedule,3,869.4953581851735,3234.1841284787706,3049.532937734073,1561.9824122470238
PatchTST-SSL(HoW-cond),Hog_office_Napoleon,123,Hog,schedule,3,837.4576324321979,1163.3065311402745,926.7771188702892,48.50538698577634
PatchTST-SSL(HoW-cond),Hog_office_Napoleon,123,Hog,spike,3,585.2791629388853,658.2207399563265,658.2207399563265,611.7706922832224
PatchTST-SSL(HoW-cond),Hog_office_Napoleon,123,Hog,spike,3,439.4070634100892,566.9386046749387,566.9386046749387,532.1010689201106
PatchTST-SSL(HoW-cond),Hog_office_Shawna,123,Hog,schedule,2,1034.6068860201226,2889.096234739595,2487.0399339200385,1133.859340215881
PatchTST-SSL(HoW-cond),Hog_office_Shawna,123,Hog,schedule,3,3263.734547318278,7431.112076947376,7431.112076947376,5090.796217582425
PatchTST-SSL(HoW-cond),Hog_office_Shawna,123,Hog,spike,2,850.4716576235535,1110.713966163284,1110.713966163284,1013.2008053564108
PatchTST-SSL(HoW-cond),Hog_office_Shawna,123,Hog,spike,1,655.9893883147479,806.7642376030486,806.7642376030486,684.8727865944575
PatchTST-SSL(HoW-cond),Hog_office_Shawna,123,Hog,spike,1,316.8977482297006,332.1224159262436,332.1224159262436,258.9875453210889
PatchTST-SSL(HoW-cond),Hog_office_Shawna,123,Hog,drift,2,23154.84143521574,40593.635227583814,40491.71816596214,32987.60868464773
PatchTST-SSL(HoW-cond),Hog_office_Shawnna,123,Hog,spike,2,2371.412146578059,1961.5159963093256,1871.65658724812,1787.3748107604
PatchTST-SSL(HoW-cond),Hog_office_Shawnna,123,Hog,drift,1,4751.4831722333965,6847.0113652363125,5047.269233151221,1831.7452214272496
PatchTST-SSL(HoW-cond),Hog_office_Shawnna,123,Hog,schedule,2,653.0373692162267,6219.212126953865,-3154.312656001327,0.0
PatchTST-SSL(HoW-cond),Hog_office_Shawnna,123,Hog,schedule,3,8044.543420406057,10883.41140365987,10536.253798732689,5868.145259850807
PatchTST-SSL(HoW-cond),Hog_office_Shawnna,123,Hog,spike,3,1558.1165318333533,1595.6457452181885,1595.6457452181885,1525.989270998618
PatchTST-SSL(HoW-cond),Hog_office_Shawnna,123,Hog,spike,1,1317.6350904115675,1106.2807704046716,1077.3946781738673,932.1395848557456
PatchTST-SSL(HoW-cond),Hog_office_Sherrie,123,Hog,drift,1,1502.6883443003735,4670.054575446396,4271.50302237832,3366.697278488312
PatchTST-SSL(HoW-cond),Hog_office_Sherrie,123,Hog,drift,3,2843.888229420063,4287.2615495933005,4139.318609125942,3585.4537743081783
PatchTST-SSL(HoW-cond),Hog_office_Sherrie,123,Hog,spike,3,291.8020352741702,319.18245418915114,319.18245418915114,306.6501724876311
PatchTST-SSL(HoW-cond),Hog_office_Sherrie,123,Hog,spike,2,282.5523283669032,270.1293918782467,270.1293918782467,249.24225570904665
PatchTST-SSL(HoW-cond),Hog_office_Sherrie,123,Hog,drift,2,1240.5414345171785,2420.8747393147005,2341.4815251382215,1819.3252176417384
PatchTST-SSL(HoW-cond),Hog_office_Sherrie,123,Hog,spike,2,135.38450679958814,135.4136165725122,135.4136165725122,131.2361893386722
PatchTST-SSL(HoW-cond),Hog_office_Shon,123,Hog,drift,3,2948.463897397897,4363.246072711727,4363.246072711727,3502.431586622417
PatchTST-SSL(HoW-cond),Hog_office_Shon,123,Hog,spike,2,269.0109492648661,261.2150495884399,254.5364424665534,232.5212333854629
PatchTST-SSL(HoW-cond),Hog_office_Shon,123,Hog,drift,2,1947.8557803483088,4171.944419329717,4171.944419329717,3311.129933240407
PatchTST-SSL(HoW-cond),Hog_office_Shon,123,Hog,drift,3,11247.793831062876,16320.165739708762,16261.253774075209,14770.699664748005
PatchTST-SSL(HoW-cond),Hog_office_Shon,123,Hog,drift,2,7232.998301440217,10531.23473482598,10521.319305426652,8637.442865429499
PatchTST-SSL(HoW-cond),Hog_office_Shon,123,Hog,spike,3,191.61788634989617,192.20609409052983,192.20609409052983,177.85918598904132
PatchTST-SSL(HoW-cond),Hog_office_Sydney,123,Hog,spike,2,153.76692493643085,157.17323170752917,157.17323170752917,146.9781519746106
PatchTST-SSL(HoW-cond),Hog_office_Sydney,123,Hog,schedule,3,727.3023863134501,472.19666070622554,47.178911446604346,105.17379032115724
PatchTST-SSL(HoW-cond),Hog_office_Sydney,123,Hog,spike,2,205.0281347819455,213.95281712154815,213.95281712154815,198.6601975221703
PatchTST-SSL(HoW-cond),Hog_office_Sydney,123,Hog,drift,1,5315.767404450148,3985.050796764596,3355.844716269445,2639.300272019346
PatchTST-SSL(HoW-cond),Hog_office_Sydney,123,Hog,schedule,3,956.7663238616352,2032.1198274018384,1996.0805620245928,1298.0740866317014
PatchTST-SSL(HoW-cond),Hog_office_Sydney,123,Hog,drift,2,6145.092488138226,7558.346139571698,7558.346139571698,6701.959442006539
PatchTST-SSL(HoW-cond),Hog_office_Valda,123,Hog,spike,2,147.18737605936093,148.84243714537175,148.84243714537175,139.9027743268123
PatchTST-SSL(HoW-cond),Hog_office_Valda,123,Hog,spike,2,78.9182213779984,82.05806984426283,82.05806984426283,79.07818223807637
PatchTST-SSL(HoW-cond),Hog_office_Valda,123,Hog,schedule,3,39.10848908515853,1123.2341070911727,1121.3484418588832,837.1648968972713
PatchTST-SSL(HoW-cond),Hog_office_Valda,123,Hog,spike,2,192.79737053892276,226.38282086206976,226.38282086206976,211.48338283113736
PatchTST-SSL(HoW-cond),Hog_office_Valda,123,Hog,spike,1,86.50562247331051,68.5217744731094,59.476186435549906,56.60222404836351
PatchTST-SSL(HoW-cond),Hog_office_Valda,123,Hog,spike,2,115.39396740012796,157.91598153865112,157.91598153865112,148.9763187200917
PatchTST-SSL(HoW-cond),Lamb_education_Armando,123,Lamb,schedule,2,203.1369377152811,1902.5947740516644,1473.0279823278684,1089.723437050444
PatchTST-SSL(HoW-cond),Lamb_education_Armando,123,Lamb,schedule,1,87.28334918811282,4938.388774369797,4112.365767936193,3041.6889880336157
PatchTST-SSL(HoW-cond),Lamb_education_Armando,123,Lamb,spike,3,377.1217865453048,354.40343185128995,354.40343185128995,343.11355217071747
PatchTST-SSL(HoW-cond),Lamb_education_Armando,123,Lamb,drift,3,7857.0451735646675,11667.215093251783,11409.869042192007,8144.772632913162
PatchTST-SSL(HoW-cond),Lamb_education_Armando,123,Lamb,spike,2,386.5975639250358,434.98872278182847,434.98872278182847,401.11908374011097
PatchTST-SSL(HoW-cond),Lamb_education_Armando,123,Lamb,spike,2,413.2307489601432,810.3894875357587,810.3894875357587,765.2299688134686
PatchTST-SSL(HoW-cond),Lamb_education_Eula,123,Lamb,spike,3,26.294354402095188,26.545828008459843,26.545828008459843,24.549742467869528
PatchTST-SSL(HoW-cond),Lamb_education_Eula,123,Lamb,spike,1,5.799574332677247,5.788269611566815,5.788269611566815,5.289248226419236
PatchTST-SSL(HoW-cond),Lamb_education_Eula,123,Lamb,spike,3,34.334959750450494,45.631550639091145,45.631550639091145,43.13644371335325
PatchTST-SSL(HoW-cond),Lamb_education_Eula,123,Lamb,spike,1,7.181574523397411,11.617978983363724,11.617978983363724,10.619936213068566
PatchTST-SSL(HoW-cond),Lamb_education_Eula,123,Lamb,spike,1,6.59423254631242,7.2013671677207025,7.2013671677207025,6.702345782573124
PatchTST-SSL(HoW-cond),Lamb_education_Eula,123,Lamb,spike,3,15.329047213601562,14.44870838306774,14.44870838306774,13.94968699792016
PatchTST-SSL(HoW-cond),Lamb_education_Lazaro,123,Lamb,spike,2,374.4778452001703,682.7426948438098,682.7426948438098,640.840821169958
PatchTST-SSL(HoW-cond),Lamb_education_Lazaro,123,Lamb,drift,1,401.29286658232274,84.3912803344494,-4002.2003060336738,0.0
PatchTST-SSL(HoW-cond),Lamb_education_Lazaro,123,Lamb,spike,2,201.78794729269748,227.44247588597824,227.44247588597824,202.30135168166711
PatchTST-SSL(HoW-cond),Lamb_education_Lazaro,123,Lamb,drift,3,1592.6761325556072,6471.313433942904,6391.54984104249,4862.281484866993
PatchTST-SSL(HoW-cond),Lamb_education_Lazaro,123,Lamb,spike,3,231.0236748129684,232.40366300371488,231.96236748797872,215.64291353417417
PatchTST-SSL(HoW-cond),Lamb_education_Lazaro,123,Lamb,drift,1,241.486619468436,37.994670645707686,-3982.2241205647206,0.0
PatchTST-SSL(HoW-cond),Lamb_education_Lucas,123,Lamb,schedule,3,76.518357105516,739.0714952700415,575.891577467017,476.0745385795271
PatchTST-SSL(HoW-cond),Lamb_education_Lucas,123,Lamb,spike,3,54.16916519743869,53.58843237489944,53.58843237489944,52.02297429936066
PatchTST-SSL(HoW-cond),Lamb_education_Lucas,123,Lamb,schedule,3,5.869035981446744,295.4968171085101,239.31040938591684,182.78383566971817
PatchTST-SSL(HoW-cond),Lamb_education_Lucas,123,Lamb,spike,2,83.64456360822592,111.36907842163592,108.26578650264986,103.54178804394203
PatchTST-SSL(HoW-cond),Lamb_education_Lucas,123,Lamb,spike,1,21.503552764624672,18.229410831933254,18.229410831933254,16.663952756394483
PatchTST-SSL(HoW-cond),Lamb_education_Lucas,123,Lamb,drift,2,225.2261936276376,760.8808400880127,547.7475812225437,497.8838833974983
PatchTST-SSL(HoW-cond),Lamb_education_Mae,123,Lamb,drift,1,2090.9792705675427,5284.69009779883,3855.2100229998377,1529.6578568011596
PatchTST-SSL(HoW-cond),Lamb_education_Mae,123,Lamb,drift,3,3878.37927919772,8980.431977609307,8954.824683146968,6789.996503693999
PatchTST-SSL(HoW-cond),Lamb_education_Mae,123,Lamb,drift,2,3616.564903787888,2120.2130006852676,1566.4491021578365,0.0
PatchTST-SSL(HoW-cond),Lamb_education_Mae,123,Lamb,spike,1,168.00759362156072,257.1976541993253,257.1976541993253,231.12104141461927
PatchTST-SSL(HoW-cond),Lamb_education_Mae,123,Lamb,schedule,3,5.109533279254961,4426.231034761029,3449.139261053127,2548.714914262194
PatchTST-SSL(HoW-cond),Lamb_education_Mae,123,Lamb,spike,2,497.76086737073166,396.9606388569504,387.31929004348905,344.8074132875383
PatchTST-SSL(HoW-cond),Lamb_education_Williams,123,Lamb,spike,3,424.58042233121216,461.9974595430039,461.9974595430039,432.7547165487833
PatchTST-SSL(HoW-cond),Lamb_education_Williams,123,Lamb,spike,1,170.23417353918882,174.74515187199114,174.74515187199114,145.5024088777705
PatchTST-SSL(HoW-cond),Lamb_education_Williams,123,Lamb,schedule,2,51.864066737421766,4990.992457203202,4234.17990324331,3119.4569055730826
PatchTST-SSL(HoW-cond),Lamb_education_Williams,123,Lamb,spike,3,312.0306486506167,317.2082133216156,317.2082133216156,297.7130513254685
PatchTST-SSL(HoW-cond),Lamb_education_Williams,123,Lamb,spike,2,345.7997785693358,282.172385842994,237.5744428732818,252.9296428487734
PatchTST-SSL(HoW-cond),Lamb_education_Williams,123,Lamb,spike,1,169.72626497152717,237.3323136831699,237.3323136831699,208.0895706889493
PatchTST-SSL(HoW-cond),Lamb_office_Caitlin,123,Lamb,drift,2,262.52918539532453,166.57282144311947,-2025.9810103090065,0.0
PatchTST-SSL(HoW-cond),Lamb_office_Caitlin,123,Lamb,spike,3,568.3639822512657,548.4441255801787,536.6470922006016,523.3379733256455
PatchTST-SSL(HoW-cond),Lamb_office_Caitlin,123,Lamb,drift,1,704.4995026024479,4131.693384436963,2308.035885321134,1721.5027680017763
PatchTST-SSL(HoW-cond),Lamb_office_Caitlin,123,Lamb,spike,1,313.85656167965396,298.24571482705926,298.24571482705926,256.4021277361706
PatchTST-SSL(HoW-cond),Lamb_office_Caitlin,123,Lamb,spike,2,568.2456667214833,408.3279829052749,349.67021581157405,366.48439581438623
PatchTST-SSL(HoW-cond),Lamb_office_Caitlin,123,Lamb,spike,2,305.0811978420506,197.48949607246516,157.98239194703928,172.38334381793197
PatchTST-SSL(HoW-cond),Lamb_office_Velma,123,Lamb,spike,2,579.3785831747393,969.0337122831756,969.0337122831756,900.823778935416
PatchTST-SSL(HoW-cond),Lamb_office_Velma,123,Lamb,drift,1,3600.407790458008,12284.737686988105,11858.310213213996,7782.8820860359665
PatchTST-SSL(HoW-cond),Lamb_office_Velma,123,Lamb,schedule,3,529.7124723853377,2770.1372832884695,2438.3836547748033,1542.3584830287955
PatchTST-SSL(HoW-cond),Lamb_office_Velma,123,Lamb,schedule,3,905.7834583344496,6184.274668136652,5718.656846939431,3319.457467530746
PatchTST-SSL(HoW-cond),Lamb_office_Velma,123,Lamb,drift,2,11018.856200311362,18031.6684429456,17664.777365552596,13529.812841993462
PatchTST-SSL(HoW-cond),Lamb_office_Velma,123,Lamb,spike,1,203.3192873608129,278.6445012109655,278.6445012109655,261.59201787402554
PatchTST-SSL(HoW-cond),Rat_retail_Jeffrey,123,Rat,spike,1,297.07819054346146,182.68949247973,151.24855260766617,145.57055263508695
PatchTST-SSL(HoW-cond),Rat_retail_Jeffrey,123,Rat,drift,2,8884.572843683076,9202.499715215989,8953.714619471586,7064.448780164548
PatchTST-SSL(HoW-cond),Rat_retail_Jeffrey,123,Rat,drift,3,16042.159321483588,15438.737102681633,14952.357701338944,13122.515256375906
PatchTST-SSL(HoW-cond),Rat_retail_Jeffrey,123,Rat,drift,3,13433.287503070473,19485.503534846004,18993.63213034406,17347.452599794564
PatchTST-SSL(HoW-cond),Rat_retail_Jeffrey,123,Rat,spike,2,396.18797784816087,424.0620367561769,424.0620367561769,394.36688488046246
PatchTST-SSL(HoW-cond),Rat_retail_Jeffrey,123,Rat,spike,1,149.27212647463435,171.2012342651503,171.2012342651503,156.3536583272931
PatchTST-SSL(HoW-cond),Robin_education_Zenia,123,Robin,drift,3,23393.72141148178,42209.37654112359,42209.37654112359,39905.97995985307
PatchTST-SSL(HoW-cond),Robin_education_Zenia,123,Robin,drift,2,11875.093738761898,29054.13580743763,29054.13580743763,26981.07888429417
PatchTST-SSL(HoW-cond),Robin_education_Zenia,123,Robin,spike,2,222.03735529951837,357.6241641656377,357.6241641656377,328.8317068997563
PatchTST-SSL(HoW-cond),Robin_education_Zenia,123,Robin,drift,1,9160.385486153851,28244.29386058103,28244.29386058103,25480.217963056417
PatchTST-SSL(HoW-cond),Robin_education_Zenia,123,Robin,spike,2,431.4815913558175,850.3291842233032,850.3291842233032,802.3417554468341
PatchTST-SSL(HoW-cond),Robin_education_Zenia,123,Robin,spike,1,167.63958684164422,386.2413462890733,386.2413462890733,357.4488890231919
PatchTST-SSL(HoW-cond),Robin_office_Dina,123,Robin,spike,1,68.4746983087544,62.00059642713191,62.00059642713191,49.757185808476976
PatchTST-SSL(HoW-cond),Robin_office_Dina,123,Robin,spike,2,57.84380788719819,52.73424119720039,52.73424119720039,49.67338854253666
PatchTST-SSL(HoW-cond),Robin_office_Dina,123,Robin,spike,2,105.0430132109654,106.5144281205572,106.08495620699074,94.27101750190226
PatchTST-SSL(HoW-cond),Robin_office_Dina,123,Robin,drift,1,2636.196139427071,3783.5445135913137,3664.543529310364,2828.558485336229
PatchTST-SSL(HoW-cond),Robin_office_Dina,123,Robin,drift,3,5380.373982455583,6123.112806125678,6121.164686914149,5388.508169006382
PatchTST-SSL(HoW-cond),Robin_office_Dina,123,Robin,spike,2,151.9427563095937,149.61557776179706,149.61557776179706,134.3113144884784
PatchTST-SSL(HoW-cond),Robin_office_Sammie,123,Robin,schedule,2,483.8792634429125,2146.841230288141,1385.352738570199,482.1366903109049
PatchTST-SSL(HoW-cond),Robin_office_Sammie,123,Robin,schedule,3,977.3897562849764,2140.9552890546133,1851.6042836988988,238.43581479491513
PatchTST-SSL(HoW-cond),Robin_office_Sammie,123,Robin,drift,1,2755.0334119244794,1942.0326607315744,-101.80160083128568,0.0
PatchTST-SSL(HoW-cond),Robin_office_Sammie,123,Robin,spike,3,364.3601976640928,563.4527791587903,563.4527791587903,523.81695677838
PatchTST-SSL(HoW-cond),Robin_office_Sammie,123,Robin,schedule,3,2314.2865402050898,2173.1142589962046,1807.899441220342,508.4097190189684
PatchTST-SSL(HoW-cond),Robin_office_Sammie,123,Robin,spike,3,474.4082509322585,604.1880910911602,604.1880910911602,554.6433131156473
PatchTST-SSL(HoW-cond),Shrew_office_Doris,123,Shrew,drift,3,44891.62811435338,50071.29960399313,49985.30153918121,45343.36146080868
PatchTST-SSL(HoW-cond),Shrew_office_Doris,123,Shrew,spike,1,237.15238122664744,298.5633148318816,298.5633148318816,268.25601904223765
PatchTST-SSL(HoW-cond),Shrew_office_Doris,123,Shrew,schedule,3,1297.1953433177616,4849.678113843858,3023.480383264938,1576.4901685623115
PatchTST-SSL(HoW-cond),Shrew_office_Doris,123,Shrew,schedule,3,35.91670620662419,2716.7101401406117,1986.4571207082397,1625.6474917134294
PatchTST-SSL(HoW-cond),Shrew_office_Doris,123,Shrew,schedule,3,5.573837452122518,4608.355691245243,3584.7878248111656,2789.917943866606
PatchTST-SSL(HoW-cond),Shrew_office_Doris,123,Shrew,spike,3,454.8096962841917,472.9395219370607,472.9395219370607,442.6322261474168
PatchTST-SSL(HoW-cond),Shrew_office_Ila,123,Shrew,drift,2,12234.707321185711,15273.431782474265,15234.754997058371,12359.629382584772
PatchTST-SSL(HoW-cond),Shrew_office_Ila,123,Shrew,schedule,3,57.235751088076555,4084.1038265252378,2886.6645414838067,1753.0619066136433
PatchTST-SSL(HoW-cond),Shrew_office_Ila,123,Shrew,drift,1,3195.899958049458,8786.577343637884,8287.675170876042,5872.774943748392
PatchTST-SSL(HoW-cond),Shrew_office_Ila,123,Shrew,spike,2,354.27865606545697,363.7957893146822,363.7957893146822,327.3732593160636
PatchTST-SSL(HoW-cond),Shrew_office_Ila,123,Shrew,schedule,3,3.1847764428720353,4394.714856039909,3489.9846285432404,2063.672936128315
PatchTST-SSL(HoW-cond),Shrew_office_Ila,123,Shrew,drift,3,22688.051141610937,26705.53899772597,26672.702940676587,23791.736597836472
PatchTST-SSL(HoW-cond),Shrew_office_Kenneth,123,Shrew,spike,3,131.11670586022714,120.18880124872835,100.77606109899384,112.21834220305288
PatchTST-SSL(HoW-cond),Shrew_office_Kenneth,123,Shrew,spike,2,227.0242444596504,198.0398655691448,185.95041854377817,178.1137179549561
PatchTST-SSL(HoW-cond),Shrew_office_Kenneth,123,Shrew,drift,3,5053.890885911685,6373.486947887181,6371.697288989619,5417.031862406124
PatchTST-SSL(HoW-cond),Shrew_office_Kenneth,123,Shrew,drift,3,5293.377061299316,5246.618509917353,5076.738643559058,4194.51791588819
PatchTST-SSL(HoW-cond),Shrew_office_Kenneth,123,Shrew,drift,2,2846.954348101387,1426.1776381761144,832.264676491645,374.0770441469522
PatchTST-SSL(HoW-cond),Shrew_office_Kenneth,123,Shrew,spike,2,176.17399675860463,177.70585980325723,177.70585980325723,161.7649417119063
PatchTST-SSL(HoW-cond),Shrew_office_Nora,123,Shrew,spike,1,363.7027421884706,629.1150678041671,629.1150678041671,557.1754608198805
PatchTST-SSL(HoW-cond),Shrew_office_Nora,123,Shrew,schedule,3,2229.075651298478,5369.953283758283,4106.912096854806,1341.3352926382354
PatchTST-SSL(HoW-cond),Shrew_office_Nora,123,Shrew,spike,3,1307.205273769706,1714.9888610241985,1714.9888610241985,1595.0895160503874
PatchTST-SSL(HoW-cond),Shrew_office_Nora,123,Shrew,spike,2,1074.4165419552485,1109.665600339623,1109.665600339623,989.7662553658122
PatchTST-SSL(HoW-cond),Shrew_office_Nora,123,Shrew,schedule,3,981.9580003229488,2736.9459421575257,2537.8517042414005,1010.3953745346482
PatchTST-SSL(HoW-cond),Shrew_office_Nora,123,Shrew,spike,1,299.98487883646453,303.5976466441781,303.5976466441781,255.63790865465373
PatchTST-SSL(HoW-cond),Shrew_office_Sherill,123,Shrew,spike,3,1938.3662349644949,1873.82856332771,1847.9208406148405,1739.4828563873143
PatchTST-SSL(HoW-cond),Shrew_office_Sherill,123,Shrew,schedule,3,1063.2674640853456,8309.05999964877,4612.372379384567,2666.540308152151
PatchTST-SSL(HoW-cond),Shrew_office_Sherill,123,Shrew,schedule,2,52.89200787198175,3166.849127286675,-3067.808876013233,0.0
PatchTST-SSL(HoW-cond),Shrew_office_Sherill,123,Shrew,drift,3,20296.48426102668,23327.17689392835,23174.30585052628,17684.65720243173
PatchTST-SSL(HoW-cond),Shrew_office_Sherill,123,Shrew,spike,3,891.9483588151319,1108.7907667560253,1108.7907667560253,1041.6179132858274
PatchTST-SSL(HoW-cond),Shrew_office_Sherill,123,Shrew,spike,1,597.9218152987612,1033.7793462483342,1033.7793462483342,933.0200660430372
PatchTST-SSL(HoW-cond),Wolf_office_Darleen,123,Wolf,drift,2,5118.617371022473,5352.09396507951,4902.32832167189,3230.7268671370084
PatchTST-SSL(HoW-cond),Wolf_office_Darleen,123,Wolf,drift,2,1122.0444420374763,1985.9260205990413,1554.6747672055517,1006.8335138563484
PatchTST-SSL(HoW-cond),Wolf_office_Darleen,123,Wolf,drift,3,4625.169208288764,4805.534428125531,4646.505442005061,3336.8956680114916
PatchTST-SSL(HoW-cond),Wolf_office_Darleen,123,Wolf,spike,2,240.52539583615456,325.616789696007,325.616789696007,298.4197756198211
PatchTST-SSL(HoW-cond),Wolf_office_Darleen,123,Wolf,drift,1,722.2431690015353,1569.3258541988469,811.4704984930271,427.0512629990385
PatchTST-SSL(HoW-cond),Wolf_office_Darleen,123,Wolf,schedule,2,6.372364314854387,1781.2098451723218,881.2111567832058,312.5710850582823
PatchTST-SSL(HoW-cond),Wolf_retail_Harriett,123,Wolf,schedule,2,41.589040571361394,2105.4364552857005,1552.8521352999865,792.1052216962878
PatchTST-SSL(HoW-cond),Wolf_retail_Harriett,123,Wolf,schedule,2,20.026795522465733,1134.1338202389995,457.21016544825346,258.5796645127243
PatchTST-SSL(HoW-cond),Wolf_retail_Harriett,123,Wolf,spike,2,304.5069252343177,485.3115299199247,485.3115299199247,439.70975097584784
PatchTST-SSL(HoW-cond),Wolf_retail_Harriett,123,Wolf,spike,2,204.21169334656463,324.479022351203,324.479022351203,287.9975991959416
PatchTST-SSL(HoW-cond),Wolf_retail_Harriett,123,Wolf,drift,1,1245.6474215603405,2983.784392198398,1961.6615637640305,1232.6760807458477
PatchTST-SSL(HoW-cond),Wolf_retail_Harriett,123,Wolf,drift,3,7344.239049400337,11575.971146303997,11514.065218459353,9168.19721805674
PatchTST-SSL(HoW-cond),Wolf_retail_Marcella,123,Wolf,spike,1,13.916313168209674,27.55631704395757,27.55631704395757,25.171186879300024
PatchTST-SSL(HoW-cond),Wolf_retail_Marcella,123,Wolf,drift,3,1145.6896641735011,1643.2755990711123,1607.674886277945,1328.4384173363162
PatchTST-SSL(HoW-cond),Wolf_retail_Marcella,123,Wolf,drift,2,198.96519574007425,256.1495508590606,169.3241573905635,84.42017900371712
PatchTST-SSL(HoW-cond),Wolf_retail_Marcella,123,Wolf,spike,3,59.22295356417472,53.169179316011174,51.33459179559003,48.398918986696074
PatchTST-SSL(HoW-cond),Wolf_retail_Marcella,123,Wolf,spike,1,14.837894350572272,14.482628945898377,14.482628945898377,13.2900638635696
PatchTST-SSL(HoW-cond),Wolf_retail_Marcella,123,Wolf,spike,2,32.44073899726534,37.68278477460788,37.68278477460788,32.91252444529279
PatchTST-SSL(HoW-cond),Wolf_retail_Toshia,123,Wolf,spike,1,303.6671023696364,298.72599398647077,298.72599398647077,225.93809378469567
PatchTST-SSL(HoW-cond),Wolf_retail_Toshia,123,Wolf,spike,1,332.1122316161035,388.34640622518054,375.4548601131289,315.55850602340547
PatchTST-SSL(HoW-cond),Wolf_retail_Toshia,123,Wolf,schedule,2,83.30849022986973,2745.876305145153,488.93391097909665,125.5118978812493
PatchTST-SSL(HoW-cond),Wolf_retail_Toshia,123,Wolf,spike,2,312.40678412779,279.9115125353289,243.85040678188275,243.51756243444137
PatchTST-SSL(HoW-cond),Wolf_retail_Toshia,123,Wolf,spike,3,471.3347275443462,601.4032375091501,601.4032375091501,565.0092874082626
PatchTST-SSL(HoW-cond),Wolf_retail_Toshia,123,Wolf,schedule,2,6.526262952639762,2864.3470956823676,1326.140760602298,680.7100896291149
HOW-profile(HoW-cond),Fox_education_Henrietta,123,Fox,spike,3,107.28066628343188,117.40066628343187,117.40066628343187,111.19021212173868
HOW-profile(HoW-cond),Fox_education_Henrietta,123,Fox,spike,1,38.79410978520845,43.28410978520846,43.28410978520846,39.14380701074631
HOW-profile(HoW-cond),Fox_education_Henrietta,123,Fox,drift,3,1933.886031900874,1666.3722189118987,1632.0110319008745,1219.219519269987
HOW-profile(HoW-cond),Fox_education_Henrietta,123,Fox,schedule,3,4.398242775736969,32.673005780504994,-175.55675722426304,0.0
HOW-profile(HoW-cond),Fox_education_Henrietta,123,Fox,spike,3,160.57591003856936,154.56091003856935,151.32091003856937,146.28030448964506
HOW-profile(HoW-cond),Fox_education_Henrietta,123,Fox,spike,2,69.44453542686097,81.49453542686098,81.49453542686098,75.28408126516776
HOW-profile(HoW-cond),Fox_retail_Manie,123,Fox,schedule,3,227.11597207258032,249.97171217209916,-284.20402792741953,0.0
HOW-profile(HoW-cond),Fox_retail_Manie,123,Fox,drift,1,1233.548743144401,2329.8711406031484,468.9937431444014,1420.518698093279
HOW-profile(HoW-cond),Fox_retail_Manie,123,Fox,spike,3,256.61536206414166,233.79036206414165,181.3653620641417,224.31794078799717
HOW-profile(HoW-cond),Fox_retail_Manie,123,Fox,drift,3,8289.663100225807,8926.855031280938,8340.938100225809,7790.164478143602
HOW-profile(HoW-cond),Fox_retail_Manie,123,Fox,spike,3,237.32739808430793,235.30739808430792,235.30739808430792,225.83497680816345
HOW-profile(HoW-cond),Fox_retail_Manie,123,Fox,spike,1,99.0726521706526,110.1376521706526,110.1376521706526,100.66523089450811
HOW-profile(HoW-cond),Hog_education_Bruno,123,Hog,drift,2,12811.470511399852,13311.006043094494,13305.514511399855,12817.846299022756
HOW-profile(HoW-cond),Hog_education_Bruno,123,Hog,spike,2,275.8232577143261,272.03125771432616,272.03125771432616,269.0957830472325
HOW-profile(HoW-cond),Hog_education_Bruno,123,Hog,drift,2,23664.966243209576,26035.141721986587,26034.832743209576,25330.627801884104
HOW-profile(HoW-cond),Hog_education_Bruno,123,Hog,drift,2,17388.559118296256,17372.556010652872,17147.985118296256,16808.944874570887
HOW-profile(HoW-cond),Hog_education_Bruno,123,Hog,spike,2,208.75207993954868,282.4695799395487,282.4695799395487,276.59863060536134
HOW-profile(HoW-cond),Hog_education_Bruno,123,Hog,schedule,3,76.45355843684771,191.98325489164927,-690.9804415631521,0.0
HOW-profile(HoW-cond),Hog_education_Caridad,123,Hog,spike,1,2731.6933904597063,2594.533390459706,2448.595390459706,2516.9896597968045
HOW-profile(HoW-cond),Hog_education_Caridad,123,Hog,drift,3,99252.01194407106,88138.7417610684,87902.24694407106,81625.06838538467
HOW-profile(HoW-cond),Hog_education_Caridad,123,Hog,spike,1,3519.2878507706814,3242.0938507706815,3116.7708507706816,3125.778254776329
HOW-profile(HoW-cond),Hog_education_Caridad,123,Hog,spike,3,6794.154067709553,6349.536067709554,6349.536067709554,6310.764202378104
HOW-profile(HoW-cond),Hog_education_Caridad,123,Hog,drift,1,43165.13655367314,11352.481204946918,-49008.66444632686,1116.7087574439029
HOW-profile(HoW-cond),Hog_education_Caridad,123,Hog,drift,3,73297.95555006973,65279.227824018424,59986.126550069734,59696.07921628951
HOW-profile(HoW-cond),Hog_education_Josh,123,Hog,drift,3,7959.513378869462,14291.44537886946,14291.44537886946,11673.643131280129
HOW-profile(HoW-cond),Hog_education_Josh,123,Hog,spike,2,611.0395308891121,802.7370308891122,802.7370308891122,730.0203017894086
HOW-profile(HoW-cond),Hog_education_Josh,123,Hog,spike,1,366.67162677451927,533.1761267745192,533.1761267745192,478.63857994974137
HOW-profile(HoW-cond),Hog_education_Josh,123,Hog,drift,3,13020.370345217949,16746.931776572314,16599.88884521795,13692.829154384755
HOW-profile(HoW-cond),Hog_education_Josh,123,Hog,drift,1,4363.562263827134,6152.038079183734,5798.402763827133,2661.6350823979565
HOW-profile(HoW-cond),Hog_education_Josh,123,Hog,spike,1,238.78457205940967,366.2455720594097,366.2455720594097,329.88720750955787
HOW-profile(HoW-cond),Hog_education_Luvenia,123,Hog,spike,1,455.8344024507873,498.33740245078735,468.4994024507874,464.1555063486964
HOW-profile(HoW-cond),Hog_education_Luvenia,123,Hog,drift,2,54929.1258237537,62825.31632375369,62821.507323753685,59817.309466769686
HOW-profile(HoW-cond),Hog_education_Luvenia,123,Hog,spike,1,439.3903268062448,551.6223268062447,551.6223268062447,506.0464653367901
HOW-profile(HoW-cond),Hog_education_Luvenia,123,Hog,spike,3,715.5647282123108,729.5607282123109,729.5607282123109,718.1667628449472
HOW-profile(HoW-cond),Hog_education_Luvenia,123,Hog,drift,3,72870.03993593014,78232.10136132932,78190.60493593014,75497.54967316204
HOW-profile(HoW-cond),Hog_education_Luvenia,123,Hog,schedule,3,2322.155392898221,765.8771117112583,-1502.4356071017787,0.0
HOW-profile(HoW-cond),Hog_office_Almeda,123,Hog,schedule,2,28.67787876675679,1249.563594275312,1190.8978787667568,982.0065824967194
HOW-profile(HoW-cond),Hog_office_Almeda,123,Hog,schedule,2,70.12106487566511,2658.0941577235553,2415.058064875665,1855.4231223877773
HOW-profile(HoW-cond),Hog_office_Almeda,123,Hog,drift,3,15353.001099313558,15636.282221325631,15634.352099313555,14476.868503618396
HOW-profile(HoW-cond),Hog_office_Almeda,123,Hog,drift,1,526.8887717240907,2172.4324163165693,2163.2457717240904,1637.318392759384
HOW-profile(HoW-cond),Hog_office_Almeda,123,Hog,spike,1,139.24990344202638,198.70790344202635,198.70790344202635,187.55969461791832
HOW-profile(HoW-cond),Hog_office_Almeda,123,Hog,spike,1,82.28338102216038,103.8903810221604,103.8903810221604,100.1743114141244
HOW-profile(HoW-cond),Hog_office_Cortney,123,Hog,schedule,3,675.659755778285,346.1169973036367,-2742.184744221715,0.0
HOW-profile(HoW-cond),Hog_office_Cortney,123,Hog,spike,2,365.9656243934651,368.6246243934651,364.5436243934651,361.5801949586302
HOW-profile(HoW-cond),Hog_office_Cortney,123,Hog,drift,3,9154.375686841197,9878.85999892588,9762.926686841196,9258.95020866041
HOW-profile(HoW-cond),Hog_office_Cortney,123,Hog,spike,3,863.5552763422403,839.6132763422403,834.3672763422403,827.8725606175154
HOW-profile(HoW-cond),Hog_office_Cortney,123,Hog,drift,3,2657.890143930311,2351.095722679911,2292.9786439303116,2012.9631098078364
HOW-profile(HoW-cond),Hog_office_Cortney,123,Hog,spike,3,434.0589581084138,452.3859581084138,452.3859581084138,450.0378149634688
HOW-profile(HoW-cond),Hog_office_Denita,123,Hog,spike,2,148.04479456749272,155.22779456749268,155.22779456749268,150.87811076700774
HOW-profile(HoW-cond),Hog_office_Denita,123,Hog,schedule,2,80.75676933641031,595.9918184464957,360.1210193364102,178.42217359994044
HOW-profile(HoW-cond),Hog_office_Denita,123,Hog,drift,3,2706.766864515737,709.3160944179103,-477.6858854842634,396.1388607829939
HOW-profile(HoW-cond),Hog_office_Denita,123,Hog,drift,2,2084.49776224874,1777.6714949331829,1652.25101224874,1412.2980556924467
HOW-profile(HoW-cond),Hog_office_Denita,123,Hog,schedule,2,168.49448279533027,431.1137824509068,152.15198279533016,117.93654881599036
HOW-profile(HoW-cond),Hog_office_Denita,123,Hog,spike,3,281.2051967311053,284.9156967311053,282.2096967311053,280.56601293062033
HOW-profile(HoW-cond),Hog_office_Garrett,123,Hog,spike,1,800.6226854998857,784.5976854998858,751.8546854998858,754.1238741361944
HOW-profile(HoW-cond),Hog_office_Garrett,123,Hog,drift,1,9195.820381574536,8984.096659668896,8338.469131574533,5692.925032390236
HOW-profile(HoW-cond),Hog_office_Garrett,123,Hog,schedule,3,2092.359428346967,2527.8405065846723,-969.951571653033,1065.0975611274905
HOW-profile(HoW-cond),Hog_office_Garrett,123,Hog,drift,1,3323.6156797907715,2863.110881815861,2008.962929790772,668.9964636300879
HOW-profile(HoW-cond),Hog_office_Garrett,123,Hog,drift,3,67734.00437875827,63618.84772346698,60665.882878758275,59596.30462345973
HOW-profile(HoW-cond),Hog_office_Garrett,123,Hog,spike,3,4328.092876349334,4109.166876349334,4076.2458763493337,4032.982347940106
HOW-profile(HoW-cond),Hog_office_Lavon,123,Hog,spike,1,2374.623555729702,2508.3925557297016,2487.4005557297014,2098.205366465925
HOW-profile(HoW-cond),Hog_office_Lavon,123,Hog,spike,2,3794.3724276334815,4558.948427633481,4558.948427633481,4148.761238369704
HOW-profile(HoW-cond),Hog_office_Lavon,123,Hog,drift,2,2773.0338335095603,989.2809172899812,525.6053335095602,0.0
HOW-profile(HoW-cond),Hog_office_Lavon,123,Hog,spike,3,4451.899146126511,5088.704146126512,5088.704146126512,4815.24601995066
HOW-profile(HoW-cond),Hog_office_Lavon,123,Hog,spike,1,4225.881840189359,5875.121840189359,5875.121840189359,5191.476524749732
HOW-profile(HoW-cond),Hog_office_Lavon,123,Hog,spike,3,4991.004728707769,5779.613728707769,5779.613728707769,5369.426539443993
HOW-profile(HoW-cond),Hog_office_Merilyn,123,Hog,spike,3,74.71065509872955,66.37865509872954,58.95115509872954,59.74381990265395
HOW-profile(HoW-cond),Hog_office_Merilyn,123,Hog,spike,3,132.05847552916484,143.81697552916484,139.76497552916484,130.54730513701364
HOW-profile(HoW-cond),Hog_office_Merilyn,123,Hog,drift,3,1252.3499195421773,542.207932716682,239.2444195421774,144.1178209521463
HOW-profile(HoW-cond),Hog_office_Merilyn,123,Hog,schedule,2,354.74336074839505,0.0,-2074.758139251605,0.0
HOW-profile(HoW-cond),Hog_office_Merilyn,123,Hog,drift,3,2663.5823665894623,3390.6548665894625,3390.6548665894625,2833.3287101191127
HOW-profile(HoW-cond),Hog_office_Merilyn,123,Hog,schedule,3,44.434143945171144,135.86399999999998,-16.941856054828886,0.0
HOW-profile(HoW-cond),Hog_office_Miriam,123,Hog,spike,2,39.14258735448324,42.24258735448324,42.24258735448324,39.94324063509444
HOW-profile(HoW-cond),Hog_office_Miriam,123,Hog,drift,1,230.44604934093215,69.94504913082415,-348.2079506590678,0.0
HOW-profile(HoW-cond),Hog_office_Miriam,123,Hog,spike,2,35.66467994768293,35.680679947682926,35.680679947682926,34.53100658798852
HOW-profile(HoW-cond),Hog_office_Miriam,123,Hog,drift,1,965.6784438539436,805.1048886664557,625.3494438539437,446.40680044180266
HOW-profile(HoW-cond),Hog_office_Miriam,123,Hog,spike,1,34.72750862214191,38.10950862214192,38.10950862214192,34.66048854305871
HOW-profile(HoW-cond),Hog_office_Miriam,123,Hog,schedule,2,64.25366120822854,180.6494667828745,-41.58333879177148,0.0
HOW-profile(HoW-cond),Hog_office_Napoleon,123,Hog,drift,3,20740.01444147993,21200.781518230175,21175.202941479925,19629.714056869267
HOW-profile(HoW-cond),Hog_office_Napoleon,123,Hog,drift,2,18377.3115541578,16380.354167854077,15728.254054157802,14337.966468084896
HOW-profile(HoW-cond),Hog_office_Napoleon,123,Hog,schedule,3,869.4953581851735,1406.396453300643,1125.6438581851737,463.7559764840985
HOW-profile(HoW-cond),Hog_office_Napoleon,123,Hog,schedule,3,837.4576324321979,907.759305945758,-353.5193675678022,279.3323214013949
HOW-profile(HoW-cond),Hog_office_Napoleon,123,Hog,spike,3,585.2791629388853,529.2446629388853,529.2446629388853,503.06020524953686
HOW-profile(HoW-cond),Hog_office_Napoleon,123,Hog,spike,3,439.4070634100892,471.25006341008935,471.25006341008935,451.611720143078
HOW-profile(HoW-cond),Hog_office_Shawna,123,Hog,schedule,2,1034.6068860201226,1181.2726824359506,1072.7998860201224,733.9389924156128
HOW-profile(HoW-cond),Hog_office_Shawna,123,Hog,schedule,3,3263.734547318278,4395.377547318279,4395.377547318279,3798.932627291161
HOW-profile(HoW-cond),Hog_office_Shawna,123,Hog,spike,2,850.4716576235535,814.4596576235537,809.8426576235536,789.6077859557571
HOW-profile(HoW-cond),Hog_office_Shawna,123,Hog,spike,1,655.9893883147479,820.5583883147478,820.5583883147478,789.4935487300022
HOW-profile(HoW-cond),Hog_office_Shawna,123,Hog,spike,1,316.8977482297006,261.9167482297006,227.72674822970063,243.2778444788532
HOW-profile(HoW-cond),Hog_office_Shawna,123,Hog,drift,2,23154.84143521574,28986.163140647302,28921.129435215746,27047.717150559176
HOW-profile(HoW-cond),Hog_office_Shawnna,123,Hog,spike,2,2371.412146578059,1630.2121356120388,1355.7031465780587,1522.1317497040477
HOW-profile(HoW-cond),Hog_office_Shawnna,123,Hog,drift,1,4751.4831722333965,1837.0919918754544,-2206.1598277666044,0.0
HOW-profile(HoW-cond),Hog_office_Shawnna,123,Hog,schedule,2,653.0373692162267,934.1069406027932,-16881.82713078377,0.0
HOW-profile(HoW-cond),Hog_office_Shawnna,123,Hog,schedule,3,8044.543420406057,5831.568269078622,-232.1550795939445,2718.8531549284826
HOW-profile(HoW-cond),Hog_office_Shawnna,123,Hog,spike,3,1558.1165318333533,1563.2045318333537,1562.2545318333534,1519.9723774701572
HOW-profile(HoW-cond),Hog_office_Shawnna,123,Hog,spike,1,1317.6350904115675,926.9420790019644,603.7420904115677,818.8616930939735
HOW-profile(HoW-cond),Hog_office_Sherrie,123,Hog,drift,1,1502.6883443003735,2023.5007047650697,1562.7803443003736,1524.968030635733
HOW-profile(HoW-cond),Hog_office_Sherrie,123,Hog,drift,3,2843.888229420063,3334.781894102458,3333.198229420063,3066.3412234174302
HOW-profile(HoW-cond),Hog_office_Sherrie,123,Hog,spike,3,291.8020352741702,263.5600352741702,259.50453527417017,258.76645186908047
HOW-profile(HoW-cond),Hog_office_Sherrie,123,Hog,spike,2,282.5523283669032,266.82682836690327,265.28132836690327,258.83752269175363
HOW-profile(HoW-cond),Hog_office_Sherrie,123,Hog,drift,2,1240.5414345171785,1353.352745541923,1322.305934517179,1123.2607420976135
HOW-profile(HoW-cond),Hog_office_Sherrie,123,Hog,spike,2,135.38450679958814,134.73150679958815,134.73150679958815,133.13364566455823
HOW-profile(HoW-cond),Hog_office_Shon,123,Hog,drift,3,2948.463897397897,3244.1439284193143,3197.5603973978973,2833.402234319672
HOW-profile(HoW-cond),Hog_office_Shon,123,Hog,spike,2,269.0109492648661,236.91294926486617,228.54394926486617,223.22155946154473
HOW-profile(HoW-cond),Hog_office_Shon,123,Hog,drift,2,1947.8557803483088,2891.6140123636524,2887.686280348309,2480.87231826401
HOW-profile(HoW-cond),Hog_office_Shon,123,Hog,drift,3,11247.793831062876,13370.640412030849,13297.171331062877,12631.30536265149
HOW-profile(HoW-cond),Hog_office_Shon,123,Hog,drift,2,7232.998301440217,7965.224270700578,7785.247801440217,7061.592543681365
HOW-profile(HoW-cond),Hog_office_Shon,123,Hog,spike,3,191.61788634989617,182.93888634989617,177.67088634989614,176.09319144823544
HOW-profile(HoW-cond),Hog_office_Sydney,123,Hog,spike,2,153.76692493643085,149.6424249364308,144.58842493643078,141.9000587481866
HOW-profile(HoW-cond),Hog_office_Sydney,123,Hog,schedule,3,727.3023863134501,479.6396301738304,-700.7031136865498,200.91444739703857
HOW-profile(HoW-cond),Hog_office_Sydney,123,Hog,spike,2,205.0281347819455,185.4801347819455,175.38013478194554,173.8665854995792
HOW-profile(HoW-cond),Hog_office_Sydney,123,Hog,drift,1,5315.767404450148,1994.4629032788105,746.1076544501484,972.4705664305736
HOW-profile(HoW-cond),Hog_office_Sydney,123,Hog,schedule,3,956.7663238616352,697.9147421069181,-527.2144261383648,140.46437655333443
HOW-profile(HoW-cond),Hog_office_Sydney,123,Hog,drift,2,6145.092488138226,5357.419556376299,5244.345738138227,4707.060796563785
HOW-profile(HoW-cond),Hog_office_Valda,123,Hog,spike,2,147.18737605936093,148.34537605936092,147.91137605936092,143.79045153562762
HOW-profile(HoW-cond),Hog_office_Valda,123,Hog,spike,2,78.9182213779984,71.5692213779984,71.5692213779984,70.05091320342065
HOW-profile(HoW-cond),Hog_office_Valda,123,Hog,schedule,3,39.10848908515853,507.8654899583459,476.3464890851585,362.10790519888087
HOW-profile(HoW-cond),Hog_office_Valda,123,Hog,spike,2,192.79737053892276,218.5863705389228,218.5863705389228,210.994829666034
HOW-profile(HoW-cond),Hog_office_Valda,123,Hog,spike,1,86.50562247331051,74.50512247331051,69.83312247331051,68.43188977499946
HOW-profile(HoW-cond),Hog_office_Valda,123,Hog,spike,2,115.39396740012796,110.32196740012796,107.91846740012797,105.76704287639468
HOW-profile(HoW-cond),Lamb_education_Armando,123,Lamb,schedule,2,203.1369377152811,691.5157052825618,336.83003771528115,435.9998769157549
HOW-profile(HoW-cond),Lamb_education_Armando,123,Lamb,schedule,1,87.28334918811282,1759.45,1325.9332491881128,1163.2464004774506
HOW-profile(HoW-cond),Lamb_education_Armando,123,Lamb,spike,3,377.1217865453048,379.6217865453048,379.6217865453048,376.0729555957658
HOW-profile(HoW-cond),Lamb_education_Armando,123,Lamb,drift,3,7857.0451735646675,7057.824897965821,5037.695173564667,5950.589641709657
HOW-profile(HoW-cond),Lamb_education_Armando,123,Lamb,spike,2,386.5975639250358,388.49756392503576,387.44756392503575,377.8510710764188
HOW-profile(HoW-cond),Lamb_education_Armando,123,Lamb,spike,2,413.2307489601432,538.0307489601431,538.0307489601431,523.8354251619871
HOW-profile(HoW-cond),Lamb_education_Eula,123,Lamb,spike,3,26.294354402095188,26.89435440209519,26.89435440209519,26.184588212187393
HOW-profile(HoW-cond),Lamb_education_Eula,123,Lamb,spike,1,5.799574332677247,5.849574332677247,5.849574332677247,5.672132785200298
HOW-profile(HoW-cond),Lamb_education_Eula,123,Lamb,spike,3,34.334959750450494,43.13495975045049,43.13495975045049,42.24775201306574
HOW-profile(HoW-cond),Lamb_education_Eula,123,Lamb,spike,1,7.181574523397411,10.881574523397411,10.881574523397411,10.526691428443511
HOW-profile(HoW-cond),Lamb_education_Eula,123,Lamb,spike,1,6.59423254631242,6.29423254631242,6.29423254631242,6.116790998835471
HOW-profile(HoW-cond),Lamb_education_Eula,123,Lamb,spike,3,15.329047213601562,15.029047213601563,15.029047213601563,14.851605666124614
HOW-profile(HoW-cond),Lamb_education_Lazaro,123,Lamb,spike,2,374.4778452001703,550.8778452001703,550.8778452001703,510.708923418251
HOW-profile(HoW-cond),Lamb_education_Lazaro,123,Lamb,drift,1,401.29286658232274,63.81826164004757,-6998.037733417677,0.0
HOW-profile(HoW-cond),Lamb_education_Lazaro,123,Lamb,spike,2,201.78794729269748,216.53794729269748,216.53794729269748,192.4365942235459
HOW-profile(HoW-cond),Lamb_education_Lazaro,123,Lamb,drift,3,1592.6761325556072,4258.076132555608,4258.076132555608,2715.5895361299063
HOW-profile(HoW-cond),Lamb_education_Lazaro,123,Lamb,spike,3,231.0236748129684,216.7199748129684,202.56627481296843,200.6524061002007
HOW-profile(HoW-cond),Lamb_education_Lazaro,123,Lamb,drift,1,241.486619468436,0.0,-5459.500580531564,0.0
HOW-profile(HoW-cond),Lamb_education_Lucas,123,Lamb,schedule,3,76.518357105516,267.3626569900033,242.984357105516,210.92204956853533
HOW-profile(HoW-cond),Lamb_education_Lucas,123,Lamb,spike,3,54.16916519743869,54.18016519743869,54.18016519743869,53.84420920088233
HOW-profile(HoW-cond),Lamb_education_Lucas,123,Lamb,schedule,3,5.869035981446744,106.36980222999024,95.96203598144676,82.18097047793253
HOW-profile(HoW-cond),Lamb_education_Lucas,123,Lamb,spike,2,83.64456360822592,113.88156360822592,112.76656360822592,112.20178362544414
HOW-profile(HoW-cond),Lamb_education_Lucas,123,Lamb,spike,1,21.503552764624672,21.31305276462467,21.31305276462467,20.97709676806831
HOW-profile(HoW-cond),Lamb_education_Lucas,123,Lamb,drift,2,225.2261936276376,431.3940397325105,423.8451936276376,374.95343231104255
HOW-profile(HoW-cond),Lamb_education_Mae,123,Lamb,drift,1,2090.9792705675427,2431.1052754472994,-124.50432943245733,1115.1987593582437
HOW-profile(HoW-cond),Lamb_education_Mae,123,Lamb,drift,3,3878.37927919772,7085.687479197721,7085.687479197721,6318.075344812438
HOW-profile(HoW-cond),Lamb_education_Mae,123,Lamb,drift,2,3616.564903787888,1289.7101905756745,-1348.3768962121117,412.4391798496373
HOW-profile(HoW-cond),Lamb_education_Mae,123,Lamb,spike,1,168.00759362156072,227.4729936215607,227.4729936215607,218.33475392649785
HOW-profile(HoW-cond),Lamb_education_Mae,123,Lamb,schedule,3,5.109533279254961,3106.9451555195037,3104.648333279255,2448.991897474976
HOW-profile(HoW-cond),Lamb_education_Mae,123,Lamb,spike,2,497.76086737073166,494.56086737073167,489.06086737073167,476.2843879806059
HOW-profile(HoW-cond),Lamb_education_Williams,123,Lamb,spike,3,424.58042233121216,425.2804223312121,425.2804223312121,419.24740971699583
HOW-profile(HoW-cond),Lamb_education_Williams,123,Lamb,spike,1,170.23417353918882,166.8841735391888,164.33417353918878,160.85116092497253
HOW-profile(HoW-cond),Lamb_education_Williams,123,Lamb,schedule,2,51.864066737421766,1805.7290984160677,1776.796866737422,1419.616291106226
HOW-profile(HoW-cond),Lamb_education_Williams,123,Lamb,spike,3,312.0306486506167,310.18064865061666,308.88064865061665,306.15864024113915
HOW-profile(HoW-cond),Lamb_education_Williams,123,Lamb,spike,2,345.7997785693358,209.49977856933577,198.99977856933577,203.46676595511948
HOW-profile(HoW-cond),Lamb_education_Williams,123,Lamb,spike,1,169.72626497152717,175.82626497152714,175.82626497152714,169.79325235731088
HOW-profile(HoW-cond),Lamb_office_Caitlin,123,Lamb,drift,2,262.52918539532453,0.0,-3674.570814604675,0.0
HOW-profile(HoW-cond),Lamb_office_Caitlin,123,Lamb,spike,3,568.3639822512657,541.9639822512657,506.1639822512657,528.2566227086714
HOW-profile(HoW-cond),Lamb_office_Caitlin,123,Lamb,drift,1,704.4995026024479,4148.783994736099,-483.5004973975517,2832.877478647043
HOW-profile(HoW-cond),Lamb_office_Caitlin,123,Lamb,spike,1,313.85656167965396,245.73912019775923,133.55656167965395,222.893520960102
HOW-profile(HoW-cond),Lamb_office_Caitlin,123,Lamb,spike,2,568.2456667214833,267.3025041874716,108.2456667214832,244.45690494981437
HOW-profile(HoW-cond),Lamb_office_Caitlin,123,Lamb,spike,2,305.0811978420506,299.68119784205055,296.68119784205055,285.97383829945625
HOW-profile(HoW-cond),Lamb_office_Velma,123,Lamb,spike,2,579.3785831747393,827.8785831747393,827.8785831747393,800.907467958243
HOW-profile(HoW-cond),Lamb_office_Velma,123,Lamb,drift,1,3600.407790458008,6827.037870684793,6680.057790458009,5046.94426639604
HOW-profile(HoW-cond),Lamb_office_Velma,123,Lamb,schedule,3,529.7124723853377,1186.1194178525477,1154.3624723853377,700.6393439556148
HOW-profile(HoW-cond),Lamb_office_Velma,123,Lamb,schedule,3,905.7834583344496,2191.638027535125,1584.5334583344495,1058.8511884422817
HOW-profile(HoW-cond),Lamb_office_Velma,123,Lamb,drift,2,11018.856200311362,13939.946805443717,13876.856200311362,12159.85320115496
HOW-profile(HoW-cond),Lamb_office_Velma,123,Lamb,spike,1,203.3192873608129,229.76928736081285,229.76928736081285,223.0265085566888
HOW-profile(HoW-cond),Rat_retail_Jeffrey,123,Rat,spike,1,297.07819054346146,255.9681905434615,247.3881905434615,238.15010181765123
HOW-profile(HoW-cond),Rat_retail_Jeffrey,123,Rat,drift,2,8884.572843683076,9939.87949378119,9935.537843683076,8913.55758317452
HOW-profile(HoW-cond),Rat_retail_Jeffrey,123,Rat,drift,3,16042.159321483588,16604.800327156856,16576.37932148359,15492.951590666296
HOW-profile(HoW-cond),Rat_retail_Jeffrey,123,Rat,drift,3,13433.287503070473,20164.738828194448,20141.952503070475,19138.416917587776
HOW-profile(HoW-cond),Rat_retail_Jeffrey,123,Rat,spike,2,396.18797784816087,572.3079778481608,572.3079778481608,558.0535068675126
HOW-profile(HoW-cond),Rat_retail_Jeffrey,123,Rat,spike,1,149.27212647463435,199.83212647463435,199.83212647463435,192.70489098431025
HOW-profile(HoW-cond),Robin_education_Zenia,123,Robin,drift,3,23393.72141148178,40664.80356148178,40664.80356148178,38873.05559635474
HOW-profile(HoW-cond),Robin_education_Zenia,123,Robin,drift,2,11875.093738761898,27955.7099887619,27955.7099887619,26343.136820147567
HOW-profile(HoW-cond),Robin_education_Zenia,123,Robin,spike,2,222.03735529951837,375.18735529951834,375.18735529951834,352.7905057354304
HOW-profile(HoW-cond),Robin_education_Zenia,123,Robin,drift,1,9160.385486153851,26255.105686153853,26255.105686153853,24105.00812800141
HOW-profile(HoW-cond),Robin_education_Zenia,123,Robin,spike,2,431.4815913558175,848.9873913558175,848.9873913558175,811.6593087490043
HOW-profile(HoW-cond),Robin_education_Zenia,123,Robin,spike,1,167.63958684164422,355.0953868416442,355.0953868416442,332.6985372775562
HOW-profile(HoW-cond),Robin_office_Dina,123,Robin,spike,1,68.4746983087544,90.7030983087544,90.7030983087544,83.60543640967643
HOW-profile(HoW-cond),Robin_office_Dina,123,Robin,spike,2,57.84380788719819,47.84380788719819,47.84380788719819,46.069392412428705
HOW-profile(HoW-cond),Robin_office_Dina,123,Robin,spike,2,105.0430132109654,104.5430132109654,104.0430132109654,97.44535131188744
HOW-profile(HoW-cond),Robin_office_Dina,123,Robin,drift,1,2636.196139427071,3124.8700422898883,3022.2103894270713,2571.252414161807
HOW-profile(HoW-cond),Robin_office_Dina,123,Robin,drift,3,5380.373982455583,5941.528332455582,5941.528332455582,5515.668618510904
HOW-profile(HoW-cond),Robin_office_Dina,123,Robin,spike,2,151.9427563095937,154.1927563095937,154.1927563095937,145.32067893574623
HOW-profile(HoW-cond),Robin_office_Sammie,123,Robin,schedule,2,483.8792634429125,1031.0061605738188,502.50231344291257,47.97572895438077
HOW-profile(HoW-cond),Robin_office_Sammie,123,Robin,schedule,3,977.3897562849764,1212.2838139929754,379.5848062849764,88.82046357076047
HOW-profile(HoW-cond),Robin_office_Sammie,123,Robin,drift,1,2755.0334119244794,579.1946776337188,-1638.2134880755202,0.0
HOW-profile(HoW-cond),Robin_office_Sammie,123,Robin,spike,3,364.3601976640928,467.01019766409274,467.01019766409274,443.6047111969633
HOW-profile(HoW-cond),Robin_office_Sammie,123,Robin,schedule,3,2314.2865402050898,1070.173444473086,534.6095902050896,87.14301285364797
HOW-profile(HoW-cond),Robin_office_Sammie,123,Robin,spike,3,474.4082509322585,505.44245093225845,505.44245093225845,476.18559284834663
HOW-profile(HoW-cond),Shrew_office_Doris,123,Shrew,drift,3,44891.62811435338,44937.198093784,44931.22811435338,43216.36996635254
HOW-profile(HoW-cond),Shrew_office_Doris,123,Shrew,spike,1,237.15238122664744,224.75238122664743,213.55238122664744,213.7214316918304
HOW-profile(HoW-cond),Shrew_office_Doris,123,Shrew,schedule,3,1297.1953433177616,1309.7791705416353,757.3953433177614,118.43662078139596
HOW-profile(HoW-cond),Shrew_office_Doris,123,Shrew,schedule,3,35.91670620662419,722.0723877306593,675.116706206624,324.9582044772462
HOW-profile(HoW-cond),Shrew_office_Doris,123,Shrew,schedule,3,5.573837452122518,2241.6738374521224,2241.6738374521224,1579.8168653631003
HOW-profile(HoW-cond),Shrew_office_Doris,123,Shrew,spike,3,454.8096962841917,468.6596962841917,468.6596962841917,457.6287467493746
HOW-profile(HoW-cond),Shrew_office_Ila,123,Shrew,drift,2,12234.707321185711,12476.807321185712,12476.807321185712,11256.009474544302
HOW-profile(HoW-cond),Shrew_office_Ila,123,Shrew,schedule,3,57.235751088076555,794.7708548013782,647.1357510880766,0.0
HOW-profile(HoW-cond),Shrew_office_Ila,123,Shrew,drift,1,3195.899958049458,7070.299958049458,7070.299958049458,5849.502111408048
HOW-profile(HoW-cond),Shrew_office_Ila,123,Shrew,spike,2,354.27865606545697,396.228656065457,396.228656065457,380.9686829824394
HOW-profile(HoW-cond),Shrew_office_Ila,123,Shrew,schedule,3,3.1847764428720353,3233.334776442872,3229.534776442872,2256.6964991297436
HOW-profile(HoW-cond),Shrew_office_Ila,123,Shrew,drift,3,22688.051141610937,24080.95114161094,24080.95114161094,22860.153294969532
HOW-profile(HoW-cond),Shrew_office_Kenneth,123,Shrew,spike,3,131.11670586022714,127.71670586022714,119.71670586022714,118.84462848637968
HOW-profile(HoW-cond),Shrew_office_Kenneth,123,Shrew,spike,2,227.0242444596504,164.4212258956391,135.7242444596504,142.24103246102044
HOW-profile(HoW-cond),Shrew_office_Kenneth,123,Shrew,drift,3,5053.890885911685,6238.140885911685,6238.140885911685,5173.491601049989
HOW-profile(HoW-cond),Shrew_office_Kenneth,123,Shrew,drift,3,5293.377061299316,5147.923441879122,5071.627061299316,3976.809228531257
HOW-profile(HoW-cond),Shrew_office_Kenneth,123,Shrew,drift,2,2846.954348101387,1079.6329688518706,430.3543481013869,0.0
HOW-profile(HoW-cond),Shrew_office_Kenneth,123,Shrew,spike,2,176.17399675860463,194.77399675860465,194.77399675860465,177.02984201090973
HOW-profile(HoW-cond),Shrew_office_Nora,123,Shrew,spike,1,363.7027421884706,349.10274218847064,335.2027421884706,337.21415850751504
HOW-profile(HoW-cond),Shrew_office_Nora,123,Shrew,schedule,3,2229.075651298478,2317.8334222819167,1687.3756512984778,1652.0727361484028
HOW-profile(HoW-cond),Shrew_office_Nora,123,Shrew,spike,3,1307.205273769706,1329.005273769706,1327.005273769706,1309.19096763478
HOW-profile(HoW-cond),Shrew_office_Nora,123,Shrew,spike,2,1074.4165419552485,1061.9665419552484,1061.9665419552484,1042.1522358203224
HOW-profile(HoW-cond),Shrew_office_Nora,123,Shrew,schedule,3,981.9580003229488,1347.7364276650956,1072.358000322949,1062.410419322161
HOW-profile(HoW-cond),Shrew_office_Nora,123,Shrew,spike,1,299.98487883646453,282.3848788364645,258.98487883646453,274.4591563824941
HOW-profile(HoW-cond),Shrew_office_Sherill,123,Shrew,spike,3,1938.3662349644949,1924.6162349644944,1924.6162349644944,1898.5914746678752
HOW-profile(HoW-cond),Shrew_office_Sherill,123,Shrew,schedule,3,1063.2674640853456,2092.788640478903,1736.3674640853455,999.7487080208956
HOW-profile(HoW-cond),Shrew_office_Sherill,123,Shrew,schedule,2,52.89200787198175,100.55,-3366.507992128018,0.0
HOW-profile(HoW-cond),Shrew_office_Sherill,123,Shrew,drift,3,20296.48426102668,21276.881433544822,21268.084261026677,20183.84150108682
HOW-profile(HoW-cond),Shrew_office_Sherill,123,Shrew,spike,3,891.9483588151319,887.9483588151321,885.4483588151321,874.9359786668225
HOW-profile(HoW-cond),Shrew_office_Sherill,123,Shrew,spike,1,597.9218152987612,676.4218152987612,676.4218152987612,656.9032450762968
HOW-profile(HoW-cond),Wolf_office_Darleen,123,Wolf,drift,2,5118.617371022473,3947.9166682452337,3886.117371022473,3209.7598307411245
HOW-profile(HoW-cond),Wolf_office_Darleen,123,Wolf,drift,2,1122.0444420374763,1567.7231180739277,1151.5444420374763,1227.035346918185
HOW-profile(HoW-cond),Wolf_office_Darleen,123,Wolf,drift,3,4625.169208288764,4342.961659204142,4325.669208288764,3831.930002470528
HOW-profile(HoW-cond),Wolf_office_Darleen,123,Wolf,spike,2,240.52539583615456,256.52539583615453,256.52539583615453,247.0618466373839
HOW-profile(HoW-cond),Wolf_office_Darleen,123,Wolf,drift,1,722.2431690015353,1079.895915492705,611.7431690015353,682.4268491443386
HOW-profile(HoW-cond),Wolf_office_Darleen,123,Wolf,schedule,2,6.372364314854387,204.6241214382848,-432.1276356851456,0.0
HOW-profile(HoW-cond),Wolf_retail_Harriett,123,Wolf,schedule,2,41.589040571361394,1067.713152412676,831.7109940970023,350.24599934437936
HOW-profile(HoW-cond),Wolf_retail_Harriett,123,Wolf,schedule,2,20.026795522465733,763.3515858373044,157.3243115481067,285.04015045843994
HOW-profile(HoW-cond),Wolf_retail_Harriett,123,Wolf,spike,2,304.5069252343177,426.28942523431766,426.28942523431766,401.3773713083351
HOW-profile(HoW-cond),Wolf_retail_Harriett,123,Wolf,spike,2,204.21169334656463,256.19919334656464,256.19919334656464,236.2695502057786
HOW-profile(HoW-cond),Wolf_retail_Harriett,123,Wolf,drift,1,1245.6474215603405,2470.512861125024,2001.2873734834177,1513.889990367295
HOW-profile(HoW-cond),Wolf_retail_Harriett,123,Wolf,drift,3,7344.239049400337,10805.26891437931,10786.239289784951,9489.912467087432
HOW-profile(HoW-cond),Wolf_retail_Marcella,123,Wolf,spike,1,13.916313168209674,26.321313168209674,26.321313168209674,24.97127872782255
HOW-profile(HoW-cond),Wolf_retail_Marcella,123,Wolf,drift,3,1145.6896641735011,1610.1162605147892,1603.2534141735011,1431.911714383689
HOW-profile(HoW-cond),Wolf_retail_Marcella,123,Wolf,drift,2,198.96519574007425,192.60136325806135,134.82769574007423,95.39888355018851
HOW-profile(HoW-cond),Wolf_retail_Marcella,123,Wolf,spike,3,59.22295356417472,60.80920356417471,60.80920356417471,58.10913468340046
HOW-profile(HoW-cond),Wolf_retail_Marcella,123,Wolf,spike,1,14.837894350572272,13.635394350572271,13.635394350572271,12.96037713037871
HOW-profile(HoW-cond),Wolf_retail_Marcella,123,Wolf,spike,2,32.44073899726534,33.81823899726534,33.81823899726534,31.118170116491093
HOW-profile(HoW-cond),Wolf_retail_Toshia,123,Wolf,spike,1,303.6671023696364,296.0296023696364,276.56210236963636,276.10143790841266
HOW-profile(HoW-cond),Wolf_retail_Toshia,123,Wolf,spike,1,332.1122316161035,332.0822316161035,328.4622316161035,312.1540671548798
HOW-profile(HoW-cond),Wolf_retail_Toshia,123,Wolf,schedule,2,83.30849022986973,553.9109431789058,-1113.73650977013,0.0
HOW-profile(HoW-cond),Wolf_retail_Toshia,123,Wolf,spike,2,312.40678412779,209.35428412779,100.18428412778998,199.39020189717812
HOW-profile(HoW-cond),Wolf_retail_Toshia,123,Wolf,spike,3,471.3347275443462,479.8697275443461,479.8697275443461,469.9056453137343
HOW-profile(HoW-cond),Wolf_retail_Toshia,123,Wolf,schedule,2,6.526262952639762,668.925,128.62751295263985,71.0800661632885
TOWT(HoW-cond),Fox_education_Henrietta,123,Fox,spike,3,107.28066628343188,124.26966902567932,124.26966902567932,118.21739358590509
TOWT(HoW-cond),Fox_education_Henrietta,123,Fox,spike,1,38.79410978520845,47.67922805288873,47.67922805288873,43.644377759705904
TOWT(HoW-cond),Fox_education_Henrietta,123,Fox,drift,3,1933.886031900874,1793.0917699966396,1773.559896900941,1357.327938332894
TOWT(HoW-cond),Fox_education_Henrietta,123,Fox,schedule,3,4.398242775736969,176.2100957919559,170.75637551078472,30.95548523737401
TOWT(HoW-cond),Fox_education_Henrietta,123,Fox,spike,3,160.57591003856936,149.5538267914025,144.40872671577955,141.48412620503686
TOWT(HoW-cond),Fox_education_Henrietta,123,Fox,spike,2,69.44453542686097,99.18627290071382,99.18627290071382,93.13399746093955
TOWT(HoW-cond),Fox_retail_Manie,123,Fox,schedule,3,227.11597207258032,124.3985672730318,-609.4650556075659,0.0
TOWT(HoW-cond),Fox_retail_Manie,123,Fox,drift,1,1233.548743144401,2580.024608369129,803.3304738210705,1442.228331632658
TOWT(HoW-cond),Fox_retail_Manie,123,Fox,spike,3,256.61536206414166,218.02080322965503,160.64359159652753,206.1687586803168
TOWT(HoW-cond),Fox_retail_Manie,123,Fox,drift,3,8289.663100225807,7980.021676064965,7271.418507692043,6557.776330144376
TOWT(HoW-cond),Fox_retail_Manie,123,Fox,spike,3,237.32739808430793,228.4553672064412,225.20413523530863,216.60332265710295
TOWT(HoW-cond),Fox_retail_Manie,123,Fox,spike,1,99.0726521706526,119.51409307087977,119.51409307087977,107.66204852154152
TOWT(HoW-cond),Hog_education_Bruno,123,Hog,drift,2,12811.470511399852,12915.071384785428,12869.347841775068,12056.967676816344
TOWT(HoW-cond),Hog_education_Bruno,123,Hog,spike,2,275.8232577143261,273.6581319528917,273.6581319528917,268.5503717864091
TOWT(HoW-cond),Hog_education_Bruno,123,Hog,drift,2,23664.966243209576,29533.10930069654,29533.10930069654,28307.246860740703
TOWT(HoW-cond),Hog_education_Bruno,123,Hog,drift,2,17388.559118296256,17715.658496966444,17553.634229508552,16734.968545001775
TOWT(HoW-cond),Hog_education_Bruno,123,Hog,spike,2,208.75207993954868,268.1517000938303,268.1517000938303,257.936179760865
TOWT(HoW-cond),Hog_education_Bruno,123,Hog,schedule,3,76.45355843684771,169.198737399767,-1320.9626626387544,0.0
TOWT(HoW-cond),Hog_education_Caridad,123,Hog,spike,1,2731.6933904597063,2709.3650059623014,2673.648913379268,2477.639964081664
TOWT(HoW-cond),Hog_education_Caridad,123,Hog,drift,3,99252.01194407106,81879.884395206,81879.884395206,62414.98087723243
TOWT(HoW-cond),Hog_education_Caridad,123,Hog,spike,1,3519.2878507706814,3875.03192974014,3875.03192974014,3527.4443669191837
TOWT(HoW-cond),Hog_education_Caridad,123,Hog,spike,3,6794.154067709553,6523.556100258053,6523.556100258053,6407.6935793177345
TOWT(HoW-cond),Hog_education_Caridad,123,Hog,drift,1,43165.13655367314,16751.70568094933,-34932.45908923747,0.0
TOWT(HoW-cond),Hog_education_Caridad,123,Hog,drift,3,73297.95555006973,97507.22807416416,90840.1876462159,80823.02505875824
TOWT(HoW-cond),Hog_education_Josh,123,Hog,drift,3,7959.513378869462,13309.164966860902,13309.164966860902,10688.270005267375
TOWT(HoW-cond),Hog_education_Josh,123,Hog,spike,2,611.0395308891121,723.1524173084744,723.1524173084744,650.349779486432
TOWT(HoW-cond),Hog_education_Josh,123,Hog,spike,1,366.67162677451927,471.454248798393,471.454248798393,416.85227043186126
TOWT(HoW-cond),Hog_education_Josh,123,Hog,drift,3,13020.370345217949,14907.039366279772,14800.380673022872,11849.328577753991
TOWT(HoW-cond),Hog_education_Josh,123,Hog,drift,1,4363.562263827134,3618.859717511208,2323.054259845537,124.33310205317548
TOWT(HoW-cond),Hog_education_Josh,123,Hog,spike,1,238.78457205940967,351.08400296601155,351.08400296601155,314.6826840549904
TOWT(HoW-cond),Hog_education_Luvenia,123,Hog,spike,1,455.8344024507873,496.55494522375426,465.3076695543386,463.40936050198786
TOWT(HoW-cond),Hog_education_Luvenia,123,Hog,drift,2,54929.1258237537,62843.009650639986,62820.18536636916,59926.19819512454
TOWT(HoW-cond),Hog_education_Luvenia,123,Hog,spike,1,439.3903268062448,563.3780665626211,563.3780665626211,519.1839536002659
TOWT(HoW-cond),Hog_education_Luvenia,123,Hog,spike,3,715.5647282123108,728.9987434410907,728.9987434410907,717.9502152005019
TOWT(HoW-cond),Hog_education_Luvenia,123,Hog,drift,3,72870.03993593014,78291.72336265656,78240.00421879519,75640.07658491524
TOWT(HoW-cond),Hog_education_Luvenia,123,Hog,schedule,3,2322.155392898221,813.5289644310751,-1400.2797588722085,18.03493110868112
TOWT(HoW-cond),Hog_office_Almeda,123,Hog,schedule,2,28.67787876675679,1066.126737956498,968.3653012513258,741.2587149912465
TOWT(HoW-cond),Hog_office_Almeda,123,Hog,schedule,2,70.12106487566511,2302.415054760619,2035.209531051482,1327.8109858648645
TOWT(HoW-cond),Hog_office_Almeda,123,Hog,drift,3,15353.001099313558,13708.496052237986,13696.289203727709,12300.734619388562
TOWT(HoW-cond),Hog_office_Almeda,123,Hog,drift,1,526.8887717240907,1957.58728627283,1904.213680866384,1307.851240342327
TOWT(HoW-cond),Hog_office_Almeda,123,Hog,spike,1,139.24990344202638,198.63888782775476,198.63888782775476,185.1027202042026
TOWT(HoW-cond),Hog_office_Almeda,123,Hog,spike,1,82.28338102216038,103.44184822347836,103.44184822347836,98.92979234896096
TOWT(HoW-cond),Hog_office_Cortney,123,Hog,schedule,3,675.659755778285,136.57313491837408,-3174.574189832034,0.0
TOWT(HoW-cond),Hog_office_Cortney,123,Hog,spike,2,365.9656243934651,359.9927060355308,349.90077693291494,352.22284968799505
TOWT(HoW-cond),Hog_office_Cortney,123,Hog,drift,3,9154.375686841197,9351.835581816871,9202.100565453664,8668.088223233726
TOWT(HoW-cond),Hog_office_Cortney,123,Hog,spike,3,863.5552763422403,834.203073260614,828.0131251850886,821.2533126813878
TOWT(HoW-cond),Hog_office_Cortney,123,Hog,drift,3,2657.890143930311,2295.7350886967097,2165.934445414936,1922.7819840149944
TOWT(HoW-cond),Hog_office_Cortney,123,Hog,spike,3,434.0589581084138,445.4032653594053,445.4032653594053,442.81331324356006
TOWT(HoW-cond),Hog_office_Denita,123,Hog,spike,2,148.04479456749272,148.14531682230103,148.14531682230103,142.81112168798808
TOWT(HoW-cond),Hog_office_Denita,123,Hog,schedule,2,80.75676933641031,366.1988541234887,-165.08303688261898,0.0
TOWT(HoW-cond),Hog_office_Denita,123,Hog,drift,3,2706.766864515737,578.696472572889,-611.0504971795255,194.63442290235673
TOWT(HoW-cond),Hog_office_Denita,123,Hog,drift,2,2084.49776224874,1934.246086794721,1766.5075969903612,1486.173695512433
TOWT(HoW-cond),Hog_office_Denita,123,Hog,schedule,2,168.49448279533027,507.43682748398066,225.80030663542155,123.37477781344842
TOWT(HoW-cond),Hog_office_Denita,123,Hog,spike,3,281.2051967311053,281.6193128634885,277.8102221407535,276.28511772917557
TOWT(HoW-cond),Hog_office_Garrett,123,Hog,spike,1,800.6226854998857,775.7649108221141,723.9163354314879,714.2637278253593
TOWT(HoW-cond),Hog_office_Garrett,123,Hog,drift,1,9195.820381574536,6471.484547972503,-602.8343629627684,0.0
TOWT(HoW-cond),Hog_office_Garrett,123,Hog,schedule,3,2092.359428346967,3687.9248636485704,665.2809422925195,735.8680798043415
TOWT(HoW-cond),Hog_office_Garrett,123,Hog,drift,1,3323.6156797907715,1834.3741429944944,-5829.408868845112,0.0
TOWT(HoW-cond),Hog_office_Garrett,123,Hog,drift,3,67734.00437875827,68079.40839597782,65463.79524881617,59961.25224040619
TOWT(HoW-cond),Hog_office_Garrett,123,Hog,spike,3,4328.092876349334,3879.473526734546,3796.815317585538,3725.720569242659
TOWT(HoW-cond),Hog_office_Lavon,123,Hog,spike,1,2374.623555729702,2737.269745811082,2737.269745811082,2539.47539929487
TOWT(HoW-cond),Hog_office_Lavon,123,Hog,spike,2,3794.3724276334815,4262.84431593477,4262.84431593477,4065.049969418558
TOWT(HoW-cond),Hog_office_Lavon,123,Hog,drift,2,2773.0338335095603,19276.175283629964,10062.222105463276,0.0
TOWT(HoW-cond),Hog_office_Lavon,123,Hog,spike,3,4451.899146126511,4841.20916505667,4841.20916505667,4709.346267379195
TOWT(HoW-cond),Hog_office_Lavon,123,Hog,spike,1,4225.881840189359,5475.209009093132,5475.209009093132,5145.5517648994455
TOWT(HoW-cond),Hog_office_Lavon,123,Hog,spike,3,4991.004728707769,5439.946054793551,5439.946054793551,5242.151708277339
TOWT(HoW-cond),Hog_office_Merilyn,123,Hog,spike,3,74.71065509872955,75.9215216570085,75.9215216570085,72.37404244736261
TOWT(HoW-cond),Hog_office_Merilyn,123,Hog,spike,3,132.05847552916484,135.02691373083422,127.7629482312025,127.93195531154248
TOWT(HoW-cond),Hog_office_Merilyn,123,Hog,drift,3,1252.3499195421773,791.3432416988283,700.450855654924,578.4944891200754
TOWT(HoW-cond),Hog_office_Merilyn,123,Hog,schedule,2,354.74336074839505,108.54171111366072,-517.5600629062762,0.0
TOWT(HoW-cond),Hog_office_Merilyn,123,Hog,drift,3,2663.5823665894623,3694.0407416337184,3694.0407416337184,3396.0524880234643
TOWT(HoW-cond),Hog_office_Merilyn,123,Hog,schedule,3,44.434143945171144,176.77181932380736,123.49063602366384,49.06256777655564
TOWT(HoW-cond),Hog_office_Miriam,123,Hog,spike,2,39.14258735448324,44.16303677210349,44.16303677210349,41.75974244317279
TOWT(HoW-cond),Hog_office_Miriam,123,Hog,drift,1,230.44604934093215,89.59349778698605,-213.57417063003248,0.0
TOWT(HoW-cond),Hog_office_Miriam,123,Hog,spike,2,35.66467994768293,35.95661441134332,35.95661441134332,34.75496724687797
TOWT(HoW-cond),Hog_office_Miriam,123,Hog,drift,1,965.6784438539436,1061.7208548977756,967.4843075419396,686.8069395845866
TOWT(HoW-cond),Hog_office_Miriam,123,Hog,spike,1,34.72750862214191,39.3918603332861,39.3918603332861,35.78691883989005
TOWT(HoW-cond),Hog_office_Miriam,123,Hog,schedule,2,64.25366120822854,150.9819173259237,-38.86916241455173,0.0
TOWT(HoW-cond),Hog_office_Napoleon,123,Hog,drift,3,20740.01444147993,21199.22070737851,21161.96135554501,19477.6295414951
TOWT(HoW-cond),Hog_office_Napoleon,123,Hog,drift,2,18377.3115541578,16407.537780260198,15782.498636150687,14169.469264611764
TOWT(HoW-cond),Hog_office_Napoleon,123,Hog,schedule,3,869.4953581851735,1391.7935988163272,1129.0263654587686,358.8388992862808
TOWT(HoW-cond),Hog_office_Napoleon,123,Hog,schedule,3,837.4576324321979,838.6571197260855,-341.0316552702019,150.0206533727212
TOWT(HoW-cond),Hog_office_Napoleon,123,Hog,spike,3,585.2791629388853,538.0563412767694,538.0563412767694,509.3631551787126
TOWT(HoW-cond),Hog_office_Napoleon,123,Hog,spike,3,439.4070634100892,476.3380587969663,476.3380587969663,454.8181692234237
TOWT(HoW-cond),Hog_office_Shawna,123,Hog,schedule,2,1034.6068860201226,1101.7707011186696,877.2093413854332,532.8614678902803
TOWT(HoW-cond),Hog_office_Shawna,123,Hog,schedule,3,3263.734547318278,3975.0380289871887,3973.8606133334542,3216.4923846826696
TOWT(HoW-cond),Hog_office_Shawna,123,Hog,spike,2,850.4716576235535,815.2687406491848,809.6854872955892,783.6626721364964
TOWT(HoW-cond),Hog_office_Shawna,123,Hog,spike,1,655.9893883147479,796.5030155836514,791.6488516121568,756.995429942791
TOWT(HoW-cond),Hog_office_Shawna,123,Hog,spike,1,316.8977482297006,256.0862516305053,220.51885294232517,232.38170024598907
TOWT(HoW-cond),Hog_office_Shawna,123,Hog,drift,2,23154.84143521574,27424.306817346187,27322.95189877727,24959.0334733565
TOWT(HoW-cond),Hog_office_Shawnna,123,Hog,spike,2,2371.412146578059,1761.5356612721134,1598.7082167829444,1666.3847099526586
TOWT(HoW-cond),Hog_office_Shawnna,123,Hog,drift,1,4751.4831722333965,2507.458912393029,-1329.4442392777423,0.0
TOWT(HoW-cond),Hog_office_Shawnna,123,Hog,schedule,2,653.0373692162267,3228.528642031443,-8608.444699677315,0.0
TOWT(HoW-cond),Hog_office_Shawnna,123,Hog,schedule,3,8044.543420406057,8204.728718330247,5761.980003522227,5464.381320329945
TOWT(HoW-cond),Hog_office_Shawnna,123,Hog,spike,3,1558.1165318333533,1570.65823396395,1570.65823396395,1532.5978534361682
TOWT(HoW-cond),Hog_office_Shawnna,123,Hog,spike,1,1317.6350904115675,1024.7966841160735,807.0572626202354,929.6457327966187
TOWT(HoW-cond),Hog_office_Sherrie,123,Hog,drift,1,1502.6883443003735,3280.380788086709,2978.5914064370563,2608.0969741626186
TOWT(HoW-cond),Hog_office_Sherrie,123,Hog,drift,3,2843.888229420063,3142.0772621803812,3065.3248271083426,2780.078285452025
TOWT(HoW-cond),Hog_office_Sherrie,123,Hog,spike,3,291.8020352741702,277.61898076458476,277.61898076458476,271.15471332300694
TOWT(HoW-cond),Hog_office_Sherrie,123,Hog,spike,2,282.5523283669032,288.4510652900833,288.4510652900833,277.677286220787
TOWT(HoW-cond),Hog_office_Sherrie,123,Hog,drift,2,1240.5414345171785,1348.552930588866,1345.4055613475664,1038.268093393132
TOWT(HoW-cond),Hog_office_Sherrie,123,Hog,spike,2,135.38450679958814,136.87283646210332,136.87283646210332,134.71808064824407
TOWT(HoW-cond),Hog_office_Shon,123,Hog,drift,3,2948.463897397897,2854.659347153108,2774.0724240148184,2367.8071776956945
TOWT(HoW-cond),Hog_office_Shon,123,Hog,spike,2,269.0109492648661,235.31868457936753,228.40858873169984,219.0902789307871
TOWT(HoW-cond),Hog_office_Shon,123,Hog,drift,2,1947.8557803483088,2473.8592621061375,2446.2743377964393,1987.007092648724
TOWT(HoW-cond),Hog_office_Shon,123,Hog,drift,3,11247.793831062876,12058.823146628118,11908.45791344942,11182.489241604771
TOWT(HoW-cond),Hog_office_Shon,123,Hog,drift,2,7232.998301440217,6577.566387886442,6238.542267467905,5506.491615080133
TOWT(HoW-cond),Hog_office_Shon,123,Hog,spike,3,191.61788634989617,181.5576037166363,174.46441613098028,173.44340089234606
TOWT(HoW-cond),Hog_office_Sydney,123,Hog,spike,2,153.76692493643085,149.79747569080072,144.4870353520616,141.68961139099216
TOWT(HoW-cond),Hog_office_Sydney,123,Hog,schedule,3,727.3023863134501,489.3463612034898,-641.2044967068692,197.46324641038103
TOWT(HoW-cond),Hog_office_Sydney,123,Hog,spike,2,205.0281347819455,191.1184377793477,184.5584321965883,178.95664132963483
TOWT(HoW-cond),Hog_office_Sydney,123,Hog,drift,1,5315.767404450148,2413.7965427598874,1494.8748029422864,1343.5584551851553
TOWT(HoW-cond),Hog_office_Sydney,123,Hog,schedule,3,956.7663238616352,695.7235050745953,-426.5285948011698,111.95727548837785
TOWT(HoW-cond),Hog_office_Sydney,123,Hog,drift,2,6145.092488138226,3893.474722916818,3718.04592302319,3212.4141217328975
TOWT(HoW-cond),Hog_office_Valda,123,Hog,spike,2,147.18737605936093,129.1196729530051,119.29479116041682,124.44011360097156
TOWT(HoW-cond),Hog_office_Valda,123,Hog,spike,2,78.9182213779984,75.10697842758317,75.10697842758317,73.54712531023866
TOWT(HoW-cond),Hog_office_Valda,123,Hog,schedule,3,39.10848908515853,463.6728111927617,450.1864404101444,313.9269119276885
TOWT(HoW-cond),Hog_office_Valda,123,Hog,spike,2,192.79737053892276,200.87521508823795,200.87521508823795,193.0759495015154
TOWT(HoW-cond),Hog_office_Valda,123,Hog,spike,1,86.50562247331051,92.84313569057429,92.84313569057429,86.60372322119623
TOWT(HoW-cond),Hog_office_Valda,123,Hog,spike,2,115.39396740012796,118.32813892897624,118.32813892897624,113.64857957694272
TOWT(HoW-cond),Lamb_education_Armando,123,Lamb,schedule,2,203.1369377152811,892.6755381582552,657.3560515797978,524.9458380587239
TOWT(HoW-cond),Lamb_education_Armando,123,Lamb,schedule,1,87.28334918811282,2216.7187536763663,1675.2979963485752,1358.6827867774598
TOWT(HoW-cond),Lamb_education_Armando,123,Lamb,spike,3,377.1217865453048,382.0861824891415,382.0861824891415,376.97882554331466
TOWT(HoW-cond),Lamb_education_Armando,123,Lamb,drift,3,7857.0451735646675,7156.059061937236,5463.144149188863,5562.563694839267
TOWT(HoW-cond),Lamb_education_Armando,123,Lamb,spike,2,386.5975639250358,385.1933256346247,379.15525339612407,369.8712547971443
TOWT(HoW-cond),Lamb_education_Armando,123,Lamb,spike,2,413.2307489601432,568.3226959597225,568.3226959597225,547.8932681764152
TOWT(HoW-cond),Lamb_education_Eula,123,Lamb,spike,3,26.294354402095188,26.503403199063165,26.503403199063165,25.70999791490884
TOWT(HoW-cond),Lamb_education_Eula,123,Lamb,spike,1,5.799574332677247,5.779312738526391,5.779312738526391,5.58096141748781
TOWT(HoW-cond),Lamb_education_Eula,123,Lamb,spike,3,34.334959750450494,43.62757738871948,43.62757738871948,42.635820783526576
TOWT(HoW-cond),Lamb_education_Eula,123,Lamb,spike,1,7.181574523397411,10.941967290027502,10.941967290027502,10.54526464795034
TOWT(HoW-cond),Lamb_education_Eula,123,Lamb,spike,1,6.59423254631242,6.403326221517069,6.403326221517069,6.204974900478488
TOWT(HoW-cond),Lamb_education_Eula,123,Lamb,spike,3,15.329047213601562,15.58539692063721,15.58539692063721,15.387045599598627
TOWT(HoW-cond),Lamb_education_Lazaro,123,Lamb,spike,2,374.4778452001703,614.9622587734214,614.9622587734214,575.0573241860244
TOWT(HoW-cond),Lamb_education_Lazaro,123,Lamb,drift,1,401.29286658232274,47.83490671130365,-5826.140193788233,0.0
TOWT(HoW-cond),Lamb_education_Lazaro,123,Lamb,spike,2,201.78794729269748,217.1497912905823,217.1497912905823,193.20683053814415
TOWT(HoW-cond),Lamb_education_Lazaro,123,Lamb,drift,3,1592.6761325556072,5338.796490947146,5338.796490947146,3806.447002791104
TOWT(HoW-cond),Lamb_education_Lazaro,123,Lamb,spike,3,231.0236748129684,219.10606337871988,207.0663532480713,203.1440895437611
TOWT(HoW-cond),Lamb_education_Lazaro,123,Lamb,drift,1,241.486619468436,0.0,-4630.446805794587,0.0
TOWT(HoW-cond),Lamb_education_Lucas,123,Lamb,schedule,3,76.518357105516,223.6186333071618,150.93464942885902,129.50505360637828
TOWT(HoW-cond),Lamb_education_Lucas,123,Lamb,spike,3,54.16916519743869,54.464698094954585,54.464698094954585,53.904498215783256
TOWT(HoW-cond),Lamb_education_Lucas,123,Lamb,schedule,3,5.869035981446744,90.5095964183013,53.103372786811995,50.175205117965504
TOWT(HoW-cond),Lamb_education_Lucas,123,Lamb,spike,2,83.64456360822592,106.38331732084464,104.78109283402968,103.58231792498798
TOWT(HoW-cond),Lamb_education_Lucas,123,Lamb,spike,1,21.503552764624672,20.387984342764582,20.387984342764582,19.827784463593257
TOWT(HoW-cond),Lamb_education_Lucas,123,Lamb,drift,2,225.2261936276376,372.2498763928173,326.8135355293936,278.1362966920338
TOWT(HoW-cond),Lamb_education_Mae,123,Lamb,drift,1,2090.9792705675427,2955.5300820251214,460.1079939166645,678.276419576735
TOWT(HoW-cond),Lamb_education_Mae,123,Lamb,drift,3,3878.37927919772,5492.158098062353,5404.118363522281,4163.760128300794
TOWT(HoW-cond),Lamb_education_Mae,123,Lamb,drift,2,3616.564903787888,652.9555641455407,-3111.2334611623182,0.0
TOWT(HoW-cond),Lamb_education_Mae,123,Lamb,spike,1,168.00759362156072,191.99057634156915,191.99057634156915,176.1763147967887
TOWT(HoW-cond),Lamb_education_Mae,123,Lamb,schedule,3,5.109533279254961,2594.561515226541,2305.2418892257087,1455.9346840023477
TOWT(HoW-cond),Lamb_education_Mae,123,Lamb,spike,2,497.76086737073166,474.6649804696413,466.0236434822814,443.0364573800804
TOWT(HoW-cond),Lamb_education_Williams,123,Lamb,spike,3,424.58042233121216,421.247718846009,421.247718846009,412.1056246017416
TOWT(HoW-cond),Lamb_education_Williams,123,Lamb,spike,1,170.23417353918882,159.88547257291253,152.90354379332567,150.74337832864518
TOWT(HoW-cond),Lamb_education_Williams,123,Lamb,schedule,2,51.864066737421766,1655.27928943522,1413.885917516679,1070.18525780211
TOWT(HoW-cond),Lamb_education_Williams,123,Lamb,spike,3,312.0306486506167,308.05558278952714,304.43267960428915,301.9608532933489
TOWT(HoW-cond),Lamb_education_Williams,123,Lamb,spike,2,345.7997785693358,227.83402168502477,219.17023694223948,218.6919274407574
TOWT(HoW-cond),Lamb_education_Williams,123,Lamb,spike,1,169.72626497152717,195.2438031397641,195.2438031397641,186.10170889549676
TOWT(HoW-cond),Lamb_office_Caitlin,123,Lamb,drift,2,262.52918539532453,3.534349879499171,-3928.9750869191566,0.0
TOWT(HoW-cond),Lamb_office_Caitlin,123,Lamb,spike,3,568.3639822512657,522.3490867736414,471.6064747811114,489.32030047360865
TOWT(HoW-cond),Lamb_office_Caitlin,123,Lamb,drift,1,704.4995026024479,3139.629049419271,-1745.0427120475051,0.0
TOWT(HoW-cond),Lamb_office_Caitlin,123,Lamb,spike,1,313.85656167965396,225.2105216997037,99.4450853704266,170.16254453298248
TOWT(HoW-cond),Lamb_office_Caitlin,123,Lamb,spike,2,568.2456667214833,269.65425899786555,108.42760835941576,214.60628183114432
TOWT(HoW-cond),Lamb_office_Caitlin,123,Lamb,spike,2,305.0811978420506,305.5452817613087,305.5452817613087,272.51649546127595
TOWT(HoW-cond),Lamb_office_Velma,123,Lamb,spike,2,579.3785831747393,780.4018690707574,780.4018690707574,746.6154709225979
TOWT(HoW-cond),Lamb_office_Velma,123,Lamb,drift,1,3600.407790458008,8133.111122109944,7990.107458351997,5903.208844331417
TOWT(HoW-cond),Lamb_office_Velma,123,Lamb,schedule,3,529.7124723853377,1731.355390067039,1699.1488836830824,1123.200223400168
TOWT(HoW-cond),Lamb_office_Velma,123,Lamb,schedule,3,905.7834583344496,1897.824899666798,1249.2593961456323,478.796177444099
TOWT(HoW-cond),Lamb_office_Velma,123,Lamb,drift,2,11018.856200311362,14209.4962470951,14114.72964591705,11979.593969316576
TOWT(HoW-cond),Lamb_office_Velma,123,Lamb,spike,1,203.3192873608129,229.28433635859963,229.28433635859963,220.83773682155976
TOWT(HoW-cond),Rat_retail_Jeffrey,123,Rat,spike,1,297.07819054346146,258.36900972800595,251.08478952828017,233.3614236975161
TOWT(HoW-cond),Rat_retail_Jeffrey,123,Rat,drift,2,8884.572843683076,10087.349083802945,10000.766209965444,8646.91212844673
TOWT(HoW-cond),Rat_retail_Jeffrey,123,Rat,drift,3,16042.159321483588,18720.26940613814,18694.320557959763,17159.796037835575
TOWT(HoW-cond),Rat_retail_Jeffrey,123,Rat,drift,3,13433.287503070473,15947.221960097137,15877.59164947663,14506.78500474092
TOWT(HoW-cond),Rat_retail_Jeffrey,123,Rat,spike,2,396.18797784816087,451.9647474182686,451.9647474182686,431.9586785938767
TOWT(HoW-cond),Rat_retail_Jeffrey,123,Rat,spike,1,149.27212647463435,155.895081240358,154.434905090133,145.89204682816205
TOWT(HoW-cond),Robin_education_Zenia,123,Robin,drift,3,23393.72141148178,43614.285857670955,43614.285857670955,41804.54621027144
TOWT(HoW-cond),Robin_education_Zenia,123,Robin,drift,2,11875.093738761898,30670.149828867903,30670.149828867903,29041.38414620834
TOWT(HoW-cond),Robin_education_Zenia,123,Robin,spike,2,222.03735529951837,385.4592253194758,385.4592253194758,362.8374797269819
TOWT(HoW-cond),Robin_education_Zenia,123,Robin,drift,1,9160.385486153851,29012.311270357364,29012.311270357364,26840.623693477944
TOWT(HoW-cond),Robin_education_Zenia,123,Robin,spike,2,431.4815913558175,911.2058283704804,911.2058283704804,873.5029190496571
TOWT(HoW-cond),Robin_education_Zenia,123,Robin,spike,1,167.63958684164422,340.45604073010156,340.45604073010156,317.8342951376076
TOWT(HoW-cond),Robin_office_Dina,123,Robin,spike,1,68.4746983087544,89.17549299086218,89.17549299086218,81.21089786628657
TOWT(HoW-cond),Robin_office_Dina,123,Robin,spike,2,57.84380788719819,44.87228102199764,44.87228102199764,42.88113224085374
TOWT(HoW-cond),Robin_office_Dina,123,Robin,spike,2,105.0430132109654,97.6224056679521,95.21777288148616,89.65781054337648
TOWT(HoW-cond),Robin_office_Dina,123,Robin,drift,1,2636.196139427071,2900.8775172483056,2744.575526718855,2279.6390975314084
TOWT(HoW-cond),Robin_office_Dina,123,Robin,drift,3,5380.373982455583,5618.76441548045,5618.153712460865,5140.888708005914
TOWT(HoW-cond),Robin_office_Dina,123,Robin,spike,2,151.9427563095937,142.6761264916047,140.38431754913307,132.72038258588518
TOWT(HoW-cond),Robin_office_Sammie,123,Robin,schedule,2,483.8792634429125,618.8238917997068,-536.1137986041069,0.0
TOWT(HoW-cond),Robin_office_Sammie,123,Robin,schedule,3,977.3897562849764,901.5484949440822,-309.0680558097981,0.0
TOWT(HoW-cond),Robin_office_Sammie,123,Robin,drift,1,2755.0334119244794,668.5902679842513,-1446.3600175232352,0.0
TOWT(HoW-cond),Robin_office_Sammie,123,Robin,spike,3,364.3601976640928,441.9083543049486,441.9083543049486,418.32837004632097
TOWT(HoW-cond),Robin_office_Sammie,123,Robin,schedule,3,2314.2865402050898,999.933156449958,434.22106656924166,9.573817587598455
TOWT(HoW-cond),Robin_office_Sammie,123,Robin,spike,3,474.4082509322585,486.5443957048751,486.5443957048751,457.0694153815906
TOWT(HoW-cond),Shrew_office_Doris,123,Shrew,drift,3,44891.62811435338,46149.776343329555,46149.776343329555,44029.87249624877
TOWT(HoW-cond),Shrew_office_Doris,123,Shrew,spike,1,237.15238122664744,218.8963415291379,203.25022181560337,205.3072143042611
TOWT(HoW-cond),Shrew_office_Doris,123,Shrew,schedule,3,1297.1953433177616,1497.424160049286,1022.5276943979128,29.79841976258649
TOWT(HoW-cond),Shrew_office_Doris,123,Shrew,schedule,3,35.91670620662419,1024.432840669546,990.4113556430054,535.2242605739796
TOWT(HoW-cond),Shrew_office_Doris,123,Shrew,schedule,3,5.573837452122518,2513.802292888793,2513.611455220899,1698.4546593961825
TOWT(HoW-cond),Shrew_office_Doris,123,Shrew,spike,3,454.8096962841917,472.471208694848,472.471208694848,458.8820814699711
TOWT(HoW-cond),Shrew_office_Ila,123,Shrew,drift,2,12234.707321185711,10350.4887709588,10350.4887709588,9210.75699421184
TOWT(HoW-cond),Shrew_office_Ila,123,Shrew,schedule,3,57.235751088076555,817.2435442932133,701.8694111420837,0.0
TOWT(HoW-cond),Shrew_office_Ila,123,Shrew,drift,1,3195.899958049458,5160.163009434305,5108.825802341189,4020.431232687345
TOWT(HoW-cond),Shrew_office_Ila,123,Shrew,spike,2,354.27865606545697,351.53520451957655,350.1504477160379,337.2885573102395
TOWT(HoW-cond),Shrew_office_Ila,123,Shrew,schedule,3,3.1847764428720353,1259.232604954861,1004.0132206751732,347.44718355729276
TOWT(HoW-cond),Shrew_office_Ila,123,Shrew,drift,3,22688.051141610937,24292.369959100168,24291.242318604043,23152.638182353207
TOWT(HoW-cond),Shrew_office_Kenneth,123,Shrew,spike,3,131.11670586022714,120.86650573680302,105.81014379085588,113.78722056381824
TOWT(HoW-cond),Shrew_office_Kenneth,123,Shrew,spike,2,227.0242444596504,159.96538311048414,129.73957360600969,142.2671701780222
TOWT(HoW-cond),Shrew_office_Kenneth,123,Shrew,drift,3,5053.890885911685,3699.8024183030816,3666.013714583334,2850.2881975449086
TOWT(HoW-cond),Shrew_office_Kenneth,123,Shrew,drift,3,5293.377061299316,3694.691671531128,3412.7864364188445,2760.2260286971373
TOWT(HoW-cond),Shrew_office_Kenneth,123,Shrew,drift,2,2846.954348101387,578.9153354131283,-134.3405303824444,0.0
TOWT(HoW-cond),Shrew_office_Kenneth,123,Shrew,spike,2,176.17399675860463,113.12867797003084,92.17601051916932,98.97010762406128
TOWT(HoW-cond),Shrew_office_Nora,123,Shrew,spike,1,363.7027421884706,367.817909230543,361.4408476062461,354.5290153484236
TOWT(HoW-cond),Shrew_office_Nora,123,Shrew,schedule,3,2229.075651298478,3015.8609216719997,2850.9825137472444,2271.682864273313
TOWT(HoW-cond),Shrew_office_Nora,123,Shrew,spike,3,1307.205273769706,1338.7100502348362,1338.7100502348362,1316.5618937646373
TOWT(HoW-cond),Shrew_office_Nora,123,Shrew,spike,2,1074.4165419552485,1110.9270905391977,1110.9270905391977,1088.7789340689988
TOWT(HoW-cond),Shrew_office_Nora,123,Shrew,schedule,3,981.9580003229488,1664.1503453434952,1490.027116913477,1345.2168921726295
TOWT(HoW-cond),Shrew_office_Nora,123,Shrew,spike,1,299.98487883646453,283.652226003456,262.1324300114869,274.7929634153764
TOWT(HoW-cond),Shrew_office_Sherill,123,Shrew,spike,3,1938.3662349644949,1954.3085992104625,1954.3085992104625,1923.9611963787415
TOWT(HoW-cond),Shrew_office_Sherill,123,Shrew,schedule,3,1063.2674640853456,3424.848098709628,3265.290313578301,2150.257179777345
TOWT(HoW-cond),Shrew_office_Sherill,123,Shrew,schedule,2,52.89200787198175,334.0091399928758,-1951.8524918594385,0.0
TOWT(HoW-cond),Shrew_office_Sherill,123,Shrew,drift,3,20296.48426102668,22101.24528488153,22076.799755657725,20826.654365949245
TOWT(HoW-cond),Shrew_office_Sherill,123,Shrew,spike,3,891.9483588151319,912.7735736858504,912.7735736858504,897.59987226999
TOWT(HoW-cond),Shrew_office_Sherill,123,Shrew,spike,1,597.9218152987612,732.7945737454969,732.7945737454969,710.0340216217061
TOWT(HoW-cond),Wolf_office_Darleen,123,Wolf,drift,2,5118.617371022473,4251.379121998775,4248.434315408834,3427.4038361598377
TOWT(HoW-cond),Wolf_office_Darleen,123,Wolf,drift,2,1122.0444420374763,1419.8691724205955,1139.835758175739,1039.5728866487784
TOWT(HoW-cond),Wolf_office_Darleen,123,Wolf,drift,3,4625.169208288764,4394.525313098642,4195.2679166338185,3824.080884440916
TOWT(HoW-cond),Wolf_office_Darleen,123,Wolf,spike,2,240.52539583615456,268.33522316724213,268.33522316724213,257.77143745135834
TOWT(HoW-cond),Wolf_office_Darleen,123,Wolf,drift,1,722.2431690015353,1214.9396947079777,705.0621765269275,771.2606946408575
TOWT(HoW-cond),Wolf_office_Darleen,123,Wolf,schedule,2,6.372364314854387,422.7806343836874,-404.7153497551503,0.0
TOWT(HoW-cond),Wolf_retail_Harriett,123,Wolf,schedule,2,41.589040571361394,888.8197724945617,505.8900849785373,118.0136772437926
TOWT(HoW-cond),Wolf_retail_Harriett,123,Wolf,schedule,2,20.026795522465733,783.3962239507243,186.41547808865408,269.525493783545
TOWT(HoW-cond),Wolf_retail_Harriett,123,Wolf,spike,2,304.5069252343177,424.0909099205997,424.0909099205997,397.32680939105904
TOWT(HoW-cond),Wolf_retail_Harriett,123,Wolf,spike,2,204.21169334656463,264.57581843439664,264.57581843439664,243.16453801076415
TOWT(HoW-cond),Wolf_retail_Harriett,123,Wolf,drift,1,1245.6474215603405,2172.87257995009,1684.452787705722,1145.1311196157312
TOWT(HoW-cond),Wolf_retail_Harriett,123,Wolf,drift,3,7344.239049400337,10131.31200769408,10091.685018287615,8718.167499734336
TOWT(HoW-cond),Wolf_retail_Marcella,123,Wolf,spike,1,13.916313168209674,24.97106726271488,24.97106726271488,23.81473818121275
TOWT(HoW-cond),Wolf_retail_Marcella,123,Wolf,drift,3,1145.6896641735011,1488.956297778436,1481.018525169795,1336.3208590201548
TOWT(HoW-cond),Wolf_retail_Marcella,123,Wolf,drift,2,198.96519574007425,155.0430684495956,93.6470620798313,71.78737458144218
TOWT(HoW-cond),Wolf_retail_Marcella,123,Wolf,spike,3,59.22295356417472,60.50143881332262,60.50143881332262,58.18878065031836
TOWT(HoW-cond),Wolf_retail_Marcella,123,Wolf,spike,1,14.837894350572272,13.629309430861955,13.629309430861955,13.05114489011089
TOWT(HoW-cond),Wolf_retail_Marcella,123,Wolf,spike,2,32.44073899726534,32.41213213195171,32.09796993406211,30.099473968947446
TOWT(HoW-cond),Wolf_retail_Toshia,123,Wolf,spike,1,303.6671023696364,296.0081351395444,280.5563899960347,263.5180497419847
TOWT(HoW-cond),Wolf_retail_Toshia,123,Wolf,spike,1,332.1122316161035,281.04361647845917,247.54912029180355,248.55353108089952
TOWT(HoW-cond),Wolf_retail_Toshia,123,Wolf,schedule,2,83.30849022986973,1069.9897646511304,-1128.7461704517898,0.0
TOWT(HoW-cond),Wolf_retail_Toshia,123,Wolf,spike,2,312.40678412779,220.3252558102642,122.8780454124838,204.08021311148437
TOWT(HoW-cond),Wolf_retail_Toshia,123,Wolf,spike,3,471.3347275443462,522.255465175108,522.255465175108,506.01042247632824
TOWT(HoW-cond),Wolf_retail_Toshia,123,Wolf,schedule,2,6.526262952639762,1589.1052448002174,1054.59143180739,614.4026828734277
"PatchTST-SSL(HoW-cond, patch-mask train)",Fox_education_Henrietta,123,Fox,spike,3,107.28066628343188,121.5233798912138,121.5233798912138,114.13173077279212
"PatchTST-SSL(HoW-cond, patch-mask train)",Fox_education_Henrietta,123,Fox,spike,1,38.79410978520845,50.87302291016079,50.87302291016079,45.94525683121301
"PatchTST-SSL(HoW-cond, patch-mask train)",Fox_education_Henrietta,123,Fox,drift,3,1933.886031900874,2246.0438435651813,2238.203798308981,1713.8451070388203
"PatchTST-SSL(HoW-cond, patch-mask train)",Fox_education_Henrietta,123,Fox,schedule,3,4.398242775736969,80.75636480435577,-88.98090919713832,0.0
"PatchTST-SSL(HoW-cond, patch-mask train)",Fox_education_Henrietta,123,Fox,spike,3,160.57591003856936,157.01531551641932,154.6964245812428,147.15978335852375
"PatchTST-SSL(HoW-cond, patch-mask train)",Fox_education_Henrietta,123,Fox,spike,2,69.44453542686097,78.5359272337922,78.5359272337922,71.14427811537051
"PatchTST-SSL(HoW-cond, patch-mask train)",Fox_retail_Manie,123,Fox,schedule,3,227.11597207258032,586.9896688757326,122.1462397196942,0.0
"PatchTST-SSL(HoW-cond, patch-mask train)",Fox_retail_Manie,123,Fox,drift,1,1233.548743144401,3294.1313156793913,2387.9054963380836,1779.6736996981329
"PatchTST-SSL(HoW-cond, patch-mask train)",Fox_retail_Manie,123,Fox,spike,3,256.61536206414166,245.7814861336882,230.29522815234873,230.00588596721676
"PatchTST-SSL(HoW-cond, patch-mask train)",Fox_retail_Manie,123,Fox,drift,3,8289.663100225807,10003.313780331036,9901.958490398363,8110.241760354464
"PatchTST-SSL(HoW-cond, patch-mask train)",Fox_retail_Manie,123,Fox,spike,3,237.32739808430793,259.3079085387766,259.3079085387766,243.53230837230515
"PatchTST-SSL(HoW-cond, patch-mask train)",Fox_retail_Manie,123,Fox,spike,1,99.0726521706526,118.98166152518095,118.98166152518095,103.20606135870952
"PatchTST-SSL(HoW-cond, patch-mask train)",Hog_education_Bruno,123,Hog,drift,2,12811.470511399852,16152.264910401747,16152.264910401747,15039.555374356883
"PatchTST-SSL(HoW-cond, patch-mask train)",Hog_education_Bruno,123,Hog,spike,2,275.8232577143261,277.6260442025429,277.6260442025429,271.00277315465684
"PatchTST-SSL(HoW-cond, patch-mask train)",Hog_education_Bruno,123,Hog,drift,2,23664.966243209576,28857.010747453856,28857.010747453856,27267.425695961196
"PatchTST-SSL(HoW-cond, patch-mask train)",Hog_education_Bruno,123,Hog,drift,2,17388.559118296256,19951.795513794543,19951.49567543182,18680.12747260042
"PatchTST-SSL(HoW-cond, patch-mask train)",Hog_education_Bruno,123,Hog,spike,2,208.75207993954868,293.3396608409938,293.3396608409938,280.09311874522166
"PatchTST-SSL(HoW-cond, patch-mask train)",Hog_education_Bruno,123,Hog,schedule,3,76.45355843684771,3182.56850792592,2734.822086216555,1751.941961582527
"PatchTST-SSL(HoW-cond, patch-mask train)",Hog_education_Caridad,123,Hog,spike,1,2731.6933904597063,2380.026616618398,1834.4413867024248,2093.567804740186
"PatchTST-SSL(HoW-cond, patch-mask train)",Hog_education_Caridad,123,Hog,drift,3,99252.01194407106,63704.48554924954,53345.05166255931,39641.94535147977
"PatchTST-SSL(HoW-cond, patch-mask train)",Hog_education_Caridad,123,Hog,spike,1,3519.2878507706814,2237.3989539888585,1686.591903286549,1807.7107361715412
"PatchTST-SSL(HoW-cond, patch-mask train)",Hog_education_Caridad,123,Hog,spike,3,6794.154067709553,6360.9740811237725,6360.9740811237725,6217.744675184666
"PatchTST-SSL(HoW-cond, patch-mask train)",Hog_education_Caridad,123,Hog,drift,1,43165.13655367314,23946.964064718748,-50639.56704985541,0.0
"PatchTST-SSL(HoW-cond, patch-mask train)",Hog_education_Caridad,123,Hog,drift,3,73297.95555006973,62878.68513961324,50895.01604911834,42253.65068438201
"PatchTST-SSL(HoW-cond, patch-mask train)",Hog_education_Josh,123,Hog,drift,3,7959.513378869462,16987.14815610343,16987.14815610343,12895.593633671482
"PatchTST-SSL(HoW-cond, patch-mask train)",Hog_education_Josh,123,Hog,spike,2,611.0395308891121,823.5188853713905,823.5188853713905,709.8645930816142
"PatchTST-SSL(HoW-cond, patch-mask train)",Hog_education_Josh,123,Hog,spike,1,366.67162677451927,656.089881698438,656.089881698438,570.8491624811057
"PatchTST-SSL(HoW-cond, patch-mask train)",Hog_education_Josh,123,Hog,drift,3,13020.370345217949,19574.76388738159,19250.693993909714,14801.283611210982
"PatchTST-SSL(HoW-cond, patch-mask train)",Hog_education_Josh,123,Hog,drift,1,4363.562263827134,9923.360435244109,9075.15937932219,4467.954405334843
"PatchTST-SSL(HoW-cond, patch-mask train)",Hog_education_Josh,123,Hog,spike,1,238.78457205940967,372.93801590581097,372.93801590581097,316.1108697609228
"PatchTST-SSL(HoW-cond, patch-mask train)",Hog_education_Luvenia,123,Hog,spike,1,455.8344024507873,451.0631108386443,378.3246517788589,385.220086175215
"PatchTST-SSL(HoW-cond, patch-mask train)",Hog_education_Luvenia,123,Hog,drift,2,54929.1258237537,68918.77111382375,68918.77111382375,63124.58494344197
"PatchTST-SSL(HoW-cond, patch-mask train)",Hog_education_Luvenia,123,Hog,spike,1,439.3903268062448,891.6157807270174,891.6157807270174,803.8250811757783
"PatchTST-SSL(HoW-cond, patch-mask train)",Hog_education_Luvenia,123,Hog,spike,3,715.5647282123108,733.2127847974502,733.2127847974502,711.2651099096405
"PatchTST-SSL(HoW-cond, patch-mask train)",Hog_education_Luvenia,123,Hog,drift,3,72870.03993593014,84074.69271546093,83983.82496213974,78807.25074238659
"PatchTST-SSL(HoW-cond, patch-mask train)",Hog_education_Luvenia,123,Hog,schedule,3,2322.155392898221,337.0045077702133,-1706.8372039321716,0.0
"PatchTST-SSL(HoW-cond, patch-mask train)",Hog_office_Almeda,123,Hog,schedule,2,28.67787876675679,1253.6386411135848,1101.6524724460587,666.6711029611855
"PatchTST-SSL(HoW-cond, patch-mask train)",Hog_office_Almeda,123,Hog,schedule,2,70.12106487566511,4120.10571836735,3944.190261913609,2359.203103910152
"PatchTST-SSL(HoW-cond, patch-mask train)",Hog_office_Almeda,123,Hog,drift,3,15353.001099313558,15943.544015315883,15882.42424661457,13400.01801665549
"PatchTST-SSL(HoW-cond, patch-mask train)",Hog_office_Almeda,123,Hog,drift,1,526.8887717240907,2985.442020253673,2835.3739730634215,1811.5069439488743
"PatchTST-SSL(HoW-cond, patch-mask train)",Hog_office_Almeda,123,Hog,spike,1,139.24990344202638,262.1328005759276,262.1328005759276,237.67581981957764
"PatchTST-SSL(HoW-cond, patch-mask train)",Hog_office_Almeda,123,Hog,spike,1,82.28338102216038,113.38892786374252,113.38892786374252,105.2366009449592
"PatchTST-SSL(HoW-cond, patch-mask train)",Hog_office_Cortney,123,Hog,schedule,3,675.659755778285,1263.877497951048,-1220.9673899743448,0.0
"PatchTST-SSL(HoW-cond, patch-mask train)",Hog_office_Cortney,123,Hog,spike,2,365.9656243934651,505.6874047789292,505.6874047789292,474.5116042238343
"PatchTST-SSL(HoW-cond, patch-mask train)",Hog_office_Cortney,123,Hog,drift,3,9154.375686841197,12251.1332998623,11787.755780222067,9507.662851013954
"PatchTST-SSL(HoW-cond, patch-mask train)",Hog_office_Cortney,123,Hog,spike,3,863.5552763422403,824.5181790180671,824.5181790180671,772.5585114262424
"PatchTST-SSL(HoW-cond, patch-mask train)",Hog_office_Cortney,123,Hog,drift,3,2657.890143930311,5035.279603436616,4750.6250222073795,3538.8411767920634
"PatchTST-SSL(HoW-cond, patch-mask train)",Hog_office_Cortney,123,Hog,spike,3,434.0589581084138,478.64362839634254,478.64362839634254,468.2516948779776
"PatchTST-SSL(HoW-cond, patch-mask train)",Hog_office_Denita,123,Hog,spike,2,148.04479456749272,189.861650402084,189.861650402084,172.6593836047112
"PatchTST-SSL(HoW-cond, patch-mask train)",Hog_office_Denita,123,Hog,schedule,2,80.75676933641031,2326.3247045926796,968.6362652912446,674.9070920448903
"PatchTST-SSL(HoW-cond, patch-mask train)",Hog_office_Denita,123,Hog,drift,3,2706.766864515737,1063.1293629831428,428.89997992940505,0.0
"PatchTST-SSL(HoW-cond, patch-mask train)",Hog_office_Denita,123,Hog,drift,2,2084.49776224874,3660.9763491695303,3086.056017515184,2215.9859381902147
"PatchTST-SSL(HoW-cond, patch-mask train)",Hog_office_Denita,123,Hog,schedule,2,168.49448279533027,2397.45205086071,1810.0662708090963,1158.8888414498688
"PatchTST-SSL(HoW-cond, patch-mask train)",Hog_office_Denita,123,Hog,spike,3,281.2051967311053,259.718407429539,233.20353009776957,242.5161406321662
"PatchTST-SSL(HoW-cond, patch-mask train)",Hog_office_Garrett,123,Hog,spike,1,800.6226854998857,828.7292089249689,828.7292089249689,767.033825969526
"PatchTST-SSL(HoW-cond, patch-mask train)",Hog_office_Garrett,123,Hog,drift,1,9195.820381574536,11077.41435926738,5928.12660743559,4414.313000079536
"PatchTST-SSL(HoW-cond, patch-mask train)",Hog_office_Garrett,123,Hog,schedule,3,2092.359428346967,473.3053677308066,-4498.60678787375,0.0
"PatchTST-SSL(HoW-cond, patch-mask train)",Hog_office_Garrett,123,Hog,drift,1,3323.6156797907715,5981.255819575932,2454.660650349144,1539.188246784037
"PatchTST-SSL(HoW-cond, patch-mask train)",Hog_office_Garrett,123,Hog,drift,3,67734.00437875827,61126.91195878648,57469.16073991099,52983.12140866801
"PatchTST-SSL(HoW-cond, patch-mask train)",Hog_office_Garrett,123,Hog,spike,3,4328.092876349334,4368.922464287779,4368.922464287779,4214.684006899171
"PatchTST-SSL(HoW-cond, patch-mask train)",Hog_office_Lavon,123,Hog,spike,1,2374.623555729702,2224.793832390175,2105.9194143293307,1876.073336727836
"PatchTST-SSL(HoW-cond, patch-mask train)",Hog_office_Lavon,123,Hog,spike,2,3794.3724276334815,4536.249543010613,4536.249543010613,4187.529047348274
"PatchTST-SSL(HoW-cond, patch-mask train)",Hog_office_Lavon,123,Hog,drift,2,2773.0338335095603,3671.3042675634474,-51961.75349834122,0.0
"PatchTST-SSL(HoW-cond, patch-mask train)",Hog_office_Lavon,123,Hog,spike,3,4451.899146126511,4707.031668470366,4707.031668470366,4474.551338028807
"PatchTST-SSL(HoW-cond, patch-mask train)",Hog_office_Lavon,123,Hog,spike,1,4225.881840189359,6724.109581248418,6724.109581248418,6142.90875514452
"PatchTST-SSL(HoW-cond, patch-mask train)",Hog_office_Lavon,123,Hog,spike,3,4991.004728707769,4792.010824776841,4749.637333365215,4443.290329114502
"PatchTST-SSL(HoW-cond, patch-mask train)",Hog_office_Merilyn,123,Hog,spike,3,74.71065509872955,65.07371640170878,56.42104040358557,59.06203106119497
"PatchTST-SSL(HoW-cond, patch-mask train)",Hog_office_Merilyn,123,Hog,spike,3,132.05847552916484,145.91168992824427,140.89722906262207,133.88831924721666
"PatchTST-SSL(HoW-cond, patch-mask train)",Hog_office_Merilyn,123,Hog,drift,3,1252.3499195421773,690.0307235404313,612.1489440476656,329.3296031096027
"PatchTST-SSL(HoW-cond, patch-mask train)",Hog_office_Merilyn,123,Hog,schedule,2,354.74336074839505,0.0,-1535.912026335487,0.0
"PatchTST-SSL(HoW-cond, patch-mask train)",Hog_office_Merilyn,123,Hog,drift,3,2663.5823665894623,3923.4659590203055,3923.4659590203055,3418.4843904171457
"PatchTST-SSL(HoW-cond, patch-mask train)",Hog_office_Merilyn,123,Hog,schedule,3,44.434143945171144,454.4399938502645,369.1482333085145,238.01932159176735
"PatchTST-SSL(HoW-cond, patch-mask train)",Hog_office_Miriam,123,Hog,spike,2,39.14258735448324,51.90527302333062,51.90527302333062,47.11446915077945
"PatchTST-SSL(HoW-cond, patch-mask train)",Hog_office_Miriam,123,Hog,drift,1,230.44604934093215,87.68204071739154,-250.979739427088,0.0
"PatchTST-SSL(HoW-cond, patch-mask train)",Hog_office_Miriam,123,Hog,spike,2,35.66467994768293,41.63363124911676,41.63363124911676,39.23822931284117
"PatchTST-SSL(HoW-cond, patch-mask train)",Hog_office_Miriam,123,Hog,drift,1,965.6784438539436,1363.689848931166,1065.5511444657427,616.3244448131826
"PatchTST-SSL(HoW-cond, patch-mask train)",Hog_office_Miriam,123,Hog,spike,1,34.72750862214191,47.483993840921144,47.483993840921144,40.29778803209438
"PatchTST-SSL(HoW-cond, patch-mask train)",Hog_office_Miriam,123,Hog,schedule,2,64.25366120822854,540.9071357288932,281.4922409498624,138.4796104345944
"PatchTST-SSL(HoW-cond, patch-mask train)",Hog_office_Napoleon,123,Hog,drift,3,20740.01444147993,23748.338644813797,23642.14505402776,20676.91082079456
"PatchTST-SSL(HoW-cond, patch-mask train)",Hog_office_Napoleon,123,Hog,drift,2,18377.3115541578,18705.30150507015,18312.92703312959,14712.445333845144
"PatchTST-SSL(HoW-cond, patch-mask train)",Hog_office_Napoleon,123,Hog,schedule,3,869.4953581851735,2884.7448719158133,2580.4291815067545,1041.888177504272
"PatchTST-SSL(HoW-cond, patch-mask train)",Hog_office_Napoleon,123,Hog,schedule,3,837.4576324321979,811.7569972767649,483.67630216381633,0.0
"PatchTST-SSL(HoW-cond, patch-mask train)",Hog_office_Napoleon,123,Hog,spike,3,585.2791629388853,604.2737370549098,604.2737370549098,553.0832733212559
"PatchTST-SSL(HoW-cond, patch-mask train)",Hog_office_Napoleon,123,Hog,spike,3,439.4070634100892,555.4827953169494,555.4827953169494,517.0899475167089
"PatchTST-SSL(HoW-cond, patch-mask train)",Hog_office_Shawna,123,Hog,schedule,2,1034.6068860201226,3011.26507730915,2670.1808389831044,910.6195132027336
"PatchTST-SSL(HoW-cond, patch-mask train)",Hog_office_Shawna,123,Hog,schedule,3,3263.734547318278,6487.766010986259,6433.077220733685,3686.90525884437
"PatchTST-SSL(HoW-cond, patch-mask train)",Hog_office_Shawna,123,Hog,spike,2,850.4716576235535,1075.067135280294,1075.067135280294,958.3646039410486
"PatchTST-SSL(HoW-cond, patch-mask train)",Hog_office_Shawna,123,Hog,spike,1,655.9893883147479,641.8291385087396,587.654189900953,495.9509743346829
"PatchTST-SSL(HoW-cond, patch-mask train)",Hog_office_Shawna,123,Hog,spike,1,316.8977482297006,287.77969213404936,287.77969213404936,200.25279362961533
"PatchTST-SSL(HoW-cond, patch-mask train)",Hog_office_Shawna,123,Hog,drift,2,23154.84143521574,32280.95026325361,31413.84797065232,23178.15281879247
"PatchTST-SSL(HoW-cond, patch-mask train)",Hog_office_Shawnna,123,Hog,spike,2,2371.412146578059,1929.2367450677457,1858.0665271115784,1700.6139010964905
"PatchTST-SSL(HoW-cond, patch-mask train)",Hog_office_Shawnna,123,Hog,drift,1,4751.4831722333965,7046.622531240671,3480.9018916605182,462.2846248685246
"PatchTST-SSL(HoW-cond, patch-mask train)",Hog_office_Shawnna,123,Hog,schedule,2,653.0373692162267,4254.65859225135,-11679.454839193491,0.0
"PatchTST-SSL(HoW-cond, patch-mask train)",Hog_office_Shawnna,123,Hog,schedule,3,8044.543420406057,3684.2383405728606,1909.3893048466623,0.0
"PatchTST-SSL(HoW-cond, patch-mask train)",Hog_office_Shawnna,123,Hog,spike,3,1558.1165318333533,1488.963197894319,1431.882115214134,1397.5140603058169
"PatchTST-SSL(HoW-cond, patch-mask train)",Hog_office_Shawnna,123,Hog,spike,1,1317.6350904115675,858.7854134269458,772.4734902817478,630.1625694556907
"PatchTST-SSL(HoW-cond, patch-mask train)",Hog_office_Sherrie,123,Hog,drift,1,1502.6883443003735,2744.7151574262703,1958.2858444316355,1464.798984417635
"PatchTST-SSL(HoW-cond, patch-mask train)",Hog_office_Sherrie,123,Hog,drift,3,2843.888229420063,3962.266838041943,3875.903609403678,3273.081206421909
"PatchTST-SSL(HoW-cond, patch-mask train)",Hog_office_Sherrie,123,Hog,spike,3,291.8020352741702,310.5853094370538,310.5853094370538,298.2784231581246
"PatchTST-SSL(HoW-cond, patch-mask train)",Hog_office_Sherrie,123,Hog,spike,2,282.5523283669032,238.12349712775716,236.5637215751417,217.61201999620852
"PatchTST-SSL(HoW-cond, patch-mask train)",Hog_office_Sherrie,123,Hog,drift,2,1240.5414345171785,1959.4493065420652,1855.5717026429832,1368.718765153464
"PatchTST-SSL(HoW-cond, patch-mask train)",Hog_office_Sherrie,123,Hog,spike,2,135.38450679958814,125.60360116640398,125.60360116640398,121.50130574009424
"PatchTST-SSL(HoW-cond, patch-mask train)",Hog_office_Shon,123,Hog,drift,3,2948.463897397897,4131.589146575357,4096.011311334599,3377.112155999758
"PatchTST-SSL(HoW-cond, patch-mask train)",Hog_office_Shon,123,Hog,spike,2,269.0109492648661,257.6548080618278,246.5156931761716,232.50557504264117
"PatchTST-SSL(HoW-cond, patch-mask train)",Hog_office_Shon,123,Hog,drift,2,1947.8557803483088,3710.4586709603777,3660.362740465718,2955.981680384779
"PatchTST-SSL(HoW-cond, patch-mask train)",Hog_office_Shon,123,Hog,drift,3,11247.793831062876,14663.141930324193,14564.57434387629,13305.083347288117
"PatchTST-SSL(HoW-cond, patch-mask train)",Hog_office_Shon,123,Hog,drift,2,7232.998301440217,9450.841931781142,9306.69153632567,7790.992552514826
"PatchTST-SSL(HoW-cond, patch-mask train)",Hog_office_Shon,123,Hog,spike,3,191.61788634989617,183.9146535725124,182.3073228734716,171.34003706291907
"PatchTST-SSL(HoW-cond, patch-mask train)",Hog_office_Sydney,123,Hog,spike,2,153.76692493643085,139.03705080600858,124.61753393554616,126.8352284299306
"PatchTST-SSL(HoW-cond, patch-mask train)",Hog_office_Sydney,123,Hog,schedule,3,727.3023863134501,195.09137180187017,-359.1507646065097,0.0
"PatchTST-SSL(HoW-cond, patch-mask train)",Hog_office_Sydney,123,Hog,spike,2,205.0281347819455,231.9113447939161,231.9113447939161,213.60861122979912
"PatchTST-SSL(HoW-cond, patch-mask train)",Hog_office_Sydney,123,Hog,drift,1,5315.767404450148,3650.187688626598,2829.721852587165,2039.5471349843044
"PatchTST-SSL(HoW-cond, patch-mask train)",Hog_office_Sydney,123,Hog,schedule,3,956.7663238616352,884.0943202759786,527.3534294518267,5.563109198363463
"PatchTST-SSL(HoW-cond, patch-mask train)",Hog_office_Sydney,123,Hog,drift,2,6145.092488138226,5840.033684500359,5800.114483759172,4815.080604909808
"PatchTST-SSL(HoW-cond, patch-mask train)",Hog_office_Valda,123,Hog,spike,2,147.18737605936093,128.40362537375006,119.13228186871966,118.66034465500331
"PatchTST-SSL(HoW-cond, patch-mask train)",Hog_office_Valda,123,Hog,spike,2,78.9182213779984,75.1458235752446,75.1458235752446,71.89806333566236
"PatchTST-SSL(HoW-cond, patch-mask train)",Hog_office_Valda,123,Hog,schedule,3,39.10848908515853,1076.7182107745075,1031.463126342857,764.9332277746116
"PatchTST-SSL(HoW-cond, patch-mask train)",Hog_office_Valda,123,Hog,spike,2,192.79737053892276,214.63264845600725,214.63264845600725,198.393847258096
"PatchTST-SSL(HoW-cond, patch-mask train)",Hog_office_Valda,123,Hog,spike,1,86.50562247331051,61.98946717587679,49.20973641356264,48.998426217547795
"PatchTST-SSL(HoW-cond, patch-mask train)",Hog_office_Valda,123,Hog,spike,2,115.39396740012796,146.6185568225699,146.6185568225699,136.87527610382315
"PatchTST-SSL(HoW-cond, patch-mask train)",Lamb_education_Armando,123,Lamb,schedule,2,203.1369377152811,1873.163398701841,1425.4651306046906,1204.5325534873953
"PatchTST-SSL(HoW-cond, patch-mask train)",Lamb_education_Armando,123,Lamb,schedule,1,87.28334918811282,4901.19073011084,4028.883604414316,3341.0520912771335
"PatchTST-SSL(HoW-cond, patch-mask train)",Lamb_education_Armando,123,Lamb,spike,3,377.1217865453048,364.7723423146755,364.7723423146755,355.48580279780816
"PatchTST-SSL(HoW-cond, patch-mask train)",Lamb_education_Armando,123,Lamb,drift,3,7857.0451735646675,10305.891385663725,9971.029267351569,7408.491056401124
"PatchTST-SSL(HoW-cond, patch-mask train)",Lamb_education_Armando,123,Lamb,spike,2,386.5975639250358,394.2132852346375,394.2132852346375,366.3536666840356
"PatchTST-SSL(HoW-cond, patch-mask train)",Lamb_education_Armando,123,Lamb,spike,2,413.2307489601432,842.0337697343663,842.0337697343663,804.8876116668971
"PatchTST-SSL(HoW-cond, patch-mask train)",Lamb_education_Eula,123,Lamb,spike,3,26.294354402095188,26.207729830476133,26.207729830476133,24.372921632809096
"PatchTST-SSL(HoW-cond, patch-mask train)",Lamb_education_Eula,123,Lamb,spike,1,5.799574332677247,5.5599431376918265,5.5599431376918265,5.101241088275067
"PatchTST-SSL(HoW-cond, patch-mask train)",Lamb_education_Eula,123,Lamb,spike,3,34.334959750450494,43.32781258882698,43.32781258882698,41.034302341743185
"PatchTST-SSL(HoW-cond, patch-mask train)",Lamb_education_Eula,123,Lamb,spike,1,7.181574523397411,11.081463213427782,11.081463213427782,10.164059114594265
"PatchTST-SSL(HoW-cond, patch-mask train)",Lamb_education_Eula,123,Lamb,spike,1,6.59423254631242,6.765340714351024,6.765340714351024,6.3066386649342645
"PatchTST-SSL(HoW-cond, patch-mask train)",Lamb_education_Eula,123,Lamb,spike,3,15.329047213601562,13.45895551733722,13.45895551733722,13.00025346792046
"PatchTST-SSL(HoW-cond, patch-mask train)",Lamb_education_Lazaro,123,Lamb,spike,2,374.4778452001703,679.040855924189,679.040855924189,641.7061993832269
"PatchTST-SSL(HoW-cond, patch-mask train)",Lamb_education_Lazaro,123,Lamb,drift,1,401.29286658232274,114.12910306484991,-3949.389064052043,0.0
"PatchTST-SSL(HoW-cond, patch-mask train)",Lamb_education_Lazaro,123,Lamb,spike,2,201.78794729269748,207.98316415483924,207.98316415483924,185.58237023026203
"PatchTST-SSL(HoW-cond, patch-mask train)",Lamb_education_Lazaro,123,Lamb,drift,3,1592.6761325556072,6639.389573877847,6454.439719080064,5205.738762704905
"PatchTST-SSL(HoW-cond, patch-mask train)",Lamb_education_Lazaro,123,Lamb,spike,3,231.0236748129684,226.87989437924276,222.84447053586277,211.94603176285793
"PatchTST-SSL(HoW-cond, patch-mask train)",Lamb_education_Lazaro,123,Lamb,drift,1,241.486619468436,0.0,-3466.736808412322,0.0
"PatchTST-SSL(HoW-cond, patch-mask train)",Lamb_education_Lucas,123,Lamb,schedule,3,76.518357105516,690.8063579717443,510.91403076249327,478.1220613187923
"PatchTST-SSL(HoW-cond, patch-mask train)",Lamb_education_Lucas,123,Lamb,spike,3,54.16916519743869,52.96077546666685,52.96077546666685,51.69479751039928
"PatchTST-SSL(HoW-cond, patch-mask train)",Lamb_education_Lucas,123,Lamb,schedule,3,5.869035981446744,260.16316177448005,179.93471778558424,169.01274892321493
"PatchTST-SSL(HoW-cond, patch-mask train)",Lamb_education_Lucas,123,Lamb,spike,2,83.64456360822592,109.97163096534553,106.75359286743009,103.64174118400769
"PatchTST-SSL(HoW-cond, patch-mask train)",Lamb_education_Lucas,123,Lamb,spike,1,21.503552764624672,18.643246149550514,18.643246149550514,17.37726819328294
"PatchTST-SSL(HoW-cond, patch-mask train)",Lamb_education_Lucas,123,Lamb,drift,2,225.2261936276376,804.9796438023927,688.4841543776606,592.2953471494407
"PatchTST-SSL(HoW-cond, patch-mask train)",Lamb_education_Mae,123,Lamb,drift,1,2090.9792705675427,5023.148250282744,3664.5936999783,1506.094274888234
"PatchTST-SSL(HoW-cond, patch-mask train)",Lamb_education_Mae,123,Lamb,drift,3,3878.37927919772,8804.625473292252,8739.724693259723,6753.010654312121
"PatchTST-SSL(HoW-cond, patch-mask train)",Lamb_education_Mae,123,Lamb,drift,2,3616.564903787888,1495.4594534587372,826.6294794473679,0.0
"PatchTST-SSL(HoW-cond, patch-mask train)",Lamb_education_Mae,123,Lamb,spike,1,168.00759362156072,281.7630247116612,281.7630247116612,257.33903877142154
"PatchTST-SSL(HoW-cond, patch-mask train)",Lamb_education_Mae,123,Lamb,schedule,3,5.109533279254961,5313.205758064278,4834.961316614026,3554.6787703670225
"PatchTST-SSL(HoW-cond, patch-mask train)",Lamb_education_Mae,123,Lamb,spike,2,497.76086737073166,387.3001365721872,358.057885742857,338.4521646917079
"PatchTST-SSL(HoW-cond, patch-mask train)",Lamb_education_Williams,123,Lamb,spike,3,424.58042233121216,462.0450642374352,462.0450642374352,436.47326900676165
"PatchTST-SSL(HoW-cond, patch-mask train)",Lamb_education_Williams,123,Lamb,spike,1,170.23417353918882,165.07829815685406,158.70342011953744,139.50650292618047
"PatchTST-SSL(HoW-cond, patch-mask train)",Lamb_education_Williams,123,Lamb,schedule,2,51.864066737421766,4684.275274576797,3775.343792384877,3047.680379813688
"PatchTST-SSL(HoW-cond, patch-mask train)",Lamb_education_Williams,123,Lamb,spike,3,312.0306486506167,304.11342789807804,295.68234020818676,287.06556441096234
"PatchTST-SSL(HoW-cond, patch-mask train)",Lamb_education_Williams,123,Lamb,spike,2,345.7997785693358,291.8252947371574,257.4186434021337,266.2534995064838
"PatchTST-SSL(HoW-cond, patch-mask train)",Lamb_education_Williams,123,Lamb,spike,1,169.72626497152717,281.13729644138164,281.13729644138164,255.56550121070808
"PatchTST-SSL(HoW-cond, patch-mask train)",Lamb_office_Caitlin,123,Lamb,drift,2,262.52918539532453,12.338090218051684,-1961.2799917472107,0.0
"PatchTST-SSL(HoW-cond, patch-mask train)",Lamb_office_Caitlin,123,Lamb,spike,3,568.3639822512657,536.1334888197841,511.96450030595304,515.9887555594779
"PatchTST-SSL(HoW-cond, patch-mask train)",Lamb_office_Caitlin,123,Lamb,drift,1,704.4995026024479,4067.665750712905,2898.4530464571194,2133.771357723512
"PatchTST-SSL(HoW-cond, patch-mask train)",Lamb_office_Caitlin,123,Lamb,spike,1,313.85656167965396,255.01397164942836,239.3433595478943,221.4394162155847
"PatchTST-SSL(HoW-cond, patch-mask train)",Lamb_office_Caitlin,123,Lamb,spike,2,568.2456667214833,435.2858101213012,379.8082967650888,401.7112546874576
"PatchTST-SSL(HoW-cond, patch-mask train)",Lamb_office_Caitlin,123,Lamb,spike,2,305.0811978420506,218.46115899988845,181.96444684650197,198.31642573958223
"PatchTST-SSL(HoW-cond, patch-mask train)",Lamb_office_Velma,123,Lamb,spike,2,579.3785831747393,931.676518307014,931.676518307014,855.4624310547296
"PatchTST-SSL(HoW-cond, patch-mask train)",Lamb_office_Velma,123,Lamb,drift,1,3600.407790458008,12213.88458574298,11794.737956094266,7183.754827092201
"PatchTST-SSL(HoW-cond, patch-mask train)",Lamb_office_Velma,123,Lamb,schedule,3,529.7124723853377,2958.3883733650227,2735.99507962721,1586.534802823901
"PatchTST-SSL(HoW-cond, patch-mask train)",Lamb_office_Velma,123,Lamb,schedule,3,905.7834583344496,4909.605742440355,4073.172133861151,1708.6140778444046
"PatchTST-SSL(HoW-cond, patch-mask train)",Lamb_office_Velma,123,Lamb,drift,2,11018.856200311362,18717.143621059375,18413.88881600494,13687.013862408596
"PatchTST-SSL(HoW-cond, patch-mask train)",Lamb_office_Velma,123,Lamb,spike,1,203.3192873608129,289.96960257921444,289.96960257921444,270.9160807661433
"PatchTST-SSL(HoW-cond, patch-mask train)",Rat_retail_Jeffrey,123,Rat,spike,1,297.07819054346146,170.0052626305099,121.08463681259974,135.74996477803734
"PatchTST-SSL(HoW-cond, patch-mask train)",Rat_retail_Jeffrey,123,Rat,drift,2,8884.572843683076,8532.878961531482,8425.414492541007,6559.773805229062
"PatchTST-SSL(HoW-cond, patch-mask train)",Rat_retail_Jeffrey,123,Rat,drift,3,16042.159321483588,14574.424771693544,14260.12888038146,12436.894185699255
"PatchTST-SSL(HoW-cond, patch-mask train)",Rat_retail_Jeffrey,123,Rat,drift,3,13433.287503070473,19050.214800183865,18595.2226700339,17077.109643881446
"PatchTST-SSL(HoW-cond, patch-mask train)",Rat_retail_Jeffrey,123,Rat,spike,2,396.18797784816087,475.0326005328659,475.0326005328659,447.62836225088785
"PatchTST-SSL(HoW-cond, patch-mask train)",Rat_retail_Jeffrey,123,Rat,spike,1,149.27212647463435,174.99287341960598,174.99287341960598,161.29075427861696
"PatchTST-SSL(HoW-cond, patch-mask train)",Robin_education_Zenia,123,Robin,drift,3,23393.72141148178,42212.35278527974,42212.35278527974,39675.57025084797
"PatchTST-SSL(HoW-cond, patch-mask train)",Robin_education_Zenia,123,Robin,drift,2,11875.093738761898,29322.168231015152,29322.168231015152,27039.063950026557
"PatchTST-SSL(HoW-cond, patch-mask train)",Robin_education_Zenia,123,Robin,spike,2,222.03735529951837,360.3395871699589,360.3395871699589,328.62980548956176
"PatchTST-SSL(HoW-cond, patch-mask train)",Robin_education_Zenia,123,Robin,drift,1,9160.385486153851,28853.437477538064,28853.437477538064,25809.29843621994
"PatchTST-SSL(HoW-cond, patch-mask train)",Robin_education_Zenia,123,Robin,spike,2,431.4815913558175,891.2260123375742,891.2260123375742,838.376376203579
"PatchTST-SSL(HoW-cond, patch-mask train)",Robin_education_Zenia,123,Robin,spike,1,167.63958684164422,391.44483309065333,391.44483309065333,359.7350514102562
"PatchTST-SSL(HoW-cond, patch-mask train)",Robin_office_Dina,123,Robin,spike,1,68.4746983087544,66.77670904799504,66.77670904799504,54.3858307601983
"PatchTST-SSL(HoW-cond, patch-mask train)",Robin_office_Dina,123,Robin,spike,2,57.84380788719819,51.209348150125386,51.209348150125386,48.1116285781762
"PatchTST-SSL(HoW-cond, patch-mask train)",Robin_office_Dina,123,Robin,spike,2,105.0430132109654,94.09619130274532,92.29543097611752,81.70531301494857
"PatchTST-SSL(HoW-cond, patch-mask train)",Robin_office_Dina,123,Robin,drift,1,2636.196139427071,3736.300346263277,3645.4219559738863,2769.811839815131
"PatchTST-SSL(HoW-cond, patch-mask train)",Robin_office_Dina,123,Robin,drift,3,5380.373982455583,6195.2294786693565,6195.2294786693565,5451.776781401552
"PatchTST-SSL(HoW-cond, patch-mask train)",Robin_office_Dina,123,Robin,spike,2,151.9427563095937,136.53259316600327,131.26106036475915,121.04399530625734
"PatchTST-SSL(HoW-cond, patch-mask train)",Robin_office_Sammie,123,Robin,schedule,2,483.8792634429125,2280.904664267923,1252.9441753262122,465.69453805423814
"PatchTST-SSL(HoW-cond, patch-mask train)",Robin_office_Sammie,123,Robin,schedule,3,977.3897562849764,1966.532308161464,1618.8912400270676,0.0
"PatchTST-SSL(HoW-cond, patch-mask train)",Robin_office_Sammie,123,Robin,drift,1,2755.0334119244794,2240.565425297024,150.55026202731085,0.0
"PatchTST-SSL(HoW-cond, patch-mask train)",Robin_office_Sammie,123,Robin,spike,3,364.3601976640928,567.3055675300366,567.3055675300366,524.0862788106631
"PatchTST-SSL(HoW-cond, patch-mask train)",Robin_office_Sammie,123,Robin,schedule,3,2314.2865402050898,1944.0925079727904,1618.3978742831594,128.88238175910533
"PatchTST-SSL(HoW-cond, patch-mask train)",Robin_office_Sammie,123,Robin,spike,3,474.4082509322585,602.5756042015364,602.5756042015364,548.5514933023196
"PatchTST-SSL(HoW-cond, patch-mask train)",Shrew_office_Doris,123,Shrew,drift,3,44891.62811435338,50129.55239299547,49978.01715569087,45575.94978197966
"PatchTST-SSL(HoW-cond, patch-mask train)",Shrew_office_Doris,123,Shrew,spike,1,237.15238122664744,290.2116157145009,290.2116157145009,261.0218553874765
"PatchTST-SSL(HoW-cond, patch-mask train)",Shrew_office_Doris,123,Shrew,schedule,3,1297.1953433177616,4716.907882825311,2568.8385171854516,1564.413767506671
"PatchTST-SSL(HoW-cond, patch-mask train)",Shrew_office_Doris,123,Shrew,schedule,3,35.91670620662419,3649.007124082648,3094.5143338874627,2598.1757523097685
"PatchTST-SSL(HoW-cond, patch-mask train)",Shrew_office_Doris,123,Shrew,schedule,3,5.573837452122518,5198.375833146498,4349.325313862,3446.9902135250313
"PatchTST-SSL(HoW-cond, patch-mask train)",Shrew_office_Doris,123,Shrew,spike,3,454.8096962841917,474.1683536303583,474.1683536303583,444.97859330333387
"PatchTST-SSL(HoW-cond, patch-mask train)",Shrew_office_Ila,123,Shrew,drift,2,12234.707321185711,14768.916947301992,14758.626852938532,11912.309647160317
"PatchTST-SSL(HoW-cond, patch-mask train)",Shrew_office_Ila,123,Shrew,schedule,3,57.235751088076555,3945.1745448892025,2850.5172867307724,1659.8887047758617
"PatchTST-SSL(HoW-cond, patch-mask train)",Shrew_office_Ila,123,Shrew,drift,1,3195.899958049458,8946.906681665398,8630.818981439563,6090.299381523721
"PatchTST-SSL(HoW-cond, patch-mask train)",Shrew_office_Ila,123,Shrew,spike,2,354.27865606545697,354.35503658410073,354.35503658410073,318.64744533232977
"PatchTST-SSL(HoW-cond, patch-mask train)",Shrew_office_Ila,123,Shrew,schedule,3,3.1847764428720353,4729.838242004629,4148.081312940306,2444.5524018912884
"PatchTST-SSL(HoW-cond, patch-mask train)",Shrew_office_Ila,123,Shrew,drift,3,22688.051141610937,26542.60991811985,26519.857842147052,23686.002617978174
"PatchTST-SSL(HoW-cond, patch-mask train)",Shrew_office_Kenneth,123,Shrew,spike,3,131.11670586022714,120.85662097153468,103.92274136302493,113.15810145346845
"PatchTST-SSL(HoW-cond, patch-mask train)",Shrew_office_Kenneth,123,Shrew,spike,2,227.0242444596504,196.3020489837735,186.78727745812228,177.0557501886079
"PatchTST-SSL(HoW-cond, patch-mask train)",Shrew_office_Kenneth,123,Shrew,drift,3,5053.890885911685,6260.451069031026,6260.451069031026,5336.628726863078
"PatchTST-SSL(HoW-cond, patch-mask train)",Shrew_office_Kenneth,123,Shrew,drift,3,5293.377061299316,5398.205978876407,5266.1187419371645,4382.001402491664
"PatchTST-SSL(HoW-cond, patch-mask train)",Shrew_office_Kenneth,123,Shrew,drift,2,2846.954348101387,1334.004271072561,725.3396251698548,317.7996946878177
"PatchTST-SSL(HoW-cond, patch-mask train)",Shrew_office_Kenneth,123,Shrew,spike,2,176.17399675860463,171.6776821509259,171.6776821509259,156.28064311479343
"PatchTST-SSL(HoW-cond, patch-mask train)",Shrew_office_Nora,123,Shrew,spike,1,363.7027421884706,631.1591149381636,631.1591149381636,544.3951854069365
"PatchTST-SSL(HoW-cond, patch-mask train)",Shrew_office_Nora,123,Shrew,schedule,3,2229.075651298478,5866.0336649815,4553.687588928284,1007.2536112327862
"PatchTST-SSL(HoW-cond, patch-mask train)",Shrew_office_Nora,123,Shrew,spike,3,1307.205273769706,1787.7105599353165,1787.7105599353165,1643.1040107166043
"PatchTST-SSL(HoW-cond, patch-mask train)",Shrew_office_Nora,123,Shrew,spike,2,1074.4165419552485,1100.4108929507208,1100.4108929507208,955.8043437320092
"PatchTST-SSL(HoW-cond, patch-mask train)",Shrew_office_Nora,123,Shrew,schedule,3,981.9580003229488,3191.594017224056,2872.2195488357293,1109.2597084746076
"PatchTST-SSL(HoW-cond, patch-mask train)",Shrew_office_Nora,123,Shrew,spike,1,299.98487883646453,293.9232225940969,293.9232225940969,236.08060290661223
"PatchTST-SSL(HoW-cond, patch-mask train)",Shrew_office_Sherill,123,Shrew,spike,3,1938.3662349644949,1765.493200927944,1729.9957970706453,1641.4978987585189
"PatchTST-SSL(HoW-cond, patch-mask train)",Shrew_office_Sherill,123,Shrew,schedule,3,1063.2674640853456,9875.335452270976,6528.280319126283,4667.532761155126
"PatchTST-SSL(HoW-cond, patch-mask train)",Shrew_office_Sherill,123,Shrew,schedule,2,52.89200787198175,4118.544196140432,-1252.2849147222664,0.0
"PatchTST-SSL(HoW-cond, patch-mask train)",Shrew_office_Sherill,123,Shrew,drift,3,20296.48426102668,24883.60285939558,24247.528150742277,19675.800168279733
"PatchTST-SSL(HoW-cond, patch-mask train)",Shrew_office_Sherill,123,Shrew,spike,3,891.9483588151319,1074.9633010625423,1074.9633010625423,1012.9656499778298
"PatchTST-SSL(HoW-cond, patch-mask train)",Shrew_office_Sherill,123,Shrew,spike,1,597.9218152987612,1024.694536429882,1024.694536429882,931.6980598028132
"PatchTST-SSL(HoW-cond, patch-mask train)",Wolf_office_Darleen,123,Wolf,drift,2,5118.617371022473,5862.522812399184,5503.7992341416775,3909.6399711881154
"PatchTST-SSL(HoW-cond, patch-mask train)",Wolf_office_Darleen,123,Wolf,drift,2,1122.0444420374763,2392.2939575797573,2099.7406969113163,1490.9634154823411
"PatchTST-SSL(HoW-cond, patch-mask train)",Wolf_office_Darleen,123,Wolf,drift,3,4625.169208288764,5013.738304997606,4806.341896944034,3661.7424918514816
"PatchTST-SSL(HoW-cond, patch-mask train)",Wolf_office_Darleen,123,Wolf,spike,2,240.52539583615456,331.9116940864938,331.9116940864938,306.8747345837878
"PatchTST-SSL(HoW-cond, patch-mask train)",Wolf_office_Darleen,123,Wolf,drift,1,722.2431690015353,1871.9180108793448,1311.3005688999865,820.3657117656924
"PatchTST-SSL(HoW-cond, patch-mask train)",Wolf_office_Darleen,123,Wolf,schedule,2,6.372364314854387,1862.682800077307,1075.6474299094652,510.6869869311831
"PatchTST-SSL(HoW-cond, patch-mask train)",Wolf_retail_Harriett,123,Wolf,schedule,2,41.589040571361394,2088.9236795278566,1544.5403316460574,775.4624168810058
"PatchTST-SSL(HoW-cond, patch-mask train)",Wolf_retail_Harriett,123,Wolf,schedule,2,20.026795522465733,1322.2358216536588,812.266028901336,446.5949798890915
"PatchTST-SSL(HoW-cond, patch-mask train)",Wolf_retail_Harriett,123,Wolf,spike,2,304.5069252343177,513.156538636601,513.156538636601,467.5502447946965
"PatchTST-SSL(HoW-cond, patch-mask train)",Wolf_retail_Harriett,123,Wolf,spike,2,204.21169334656463,341.22297985888343,341.22297985888343,304.7379447853598
"PatchTST-SSL(HoW-cond, patch-mask train)",Wolf_retail_Harriett,123,Wolf,drift,1,1245.6474215603405,3509.2690005887753,2781.9625081789736,1757.9873170596406
"PatchTST-SSL(HoW-cond, patch-mask train)",Wolf_retail_Harriett,123,Wolf,drift,3,7344.239049400337,11922.096896520285,11816.36312352356,9514.084581667725
"PatchTST-SSL(HoW-cond, patch-mask train)",Wolf_retail_Marcella,123,Wolf,spike,1,13.916313168209674,28.143333521507117,28.143333521507117,25.913418855195175
"PatchTST-SSL(HoW-cond, patch-mask train)",Wolf_retail_Marcella,123,Wolf,drift,3,1145.6896641735011,1731.6135027994023,1695.83457930008,1437.264766846226
"PatchTST-SSL(HoW-cond, patch-mask train)",Wolf_retail_Marcella,123,Wolf,drift,2,198.96519574007425,278.42954849654757,197.31208427725397,117.87569252208768
"PatchTST-SSL(HoW-cond, patch-mask train)",Wolf_retail_Marcella,123,Wolf,spike,3,59.22295356417472,53.68591428135623,51.95050639699911,49.22608494873235
"PatchTST-SSL(HoW-cond, patch-mask train)",Wolf_retail_Marcella,123,Wolf,spike,1,14.837894350572272,15.109166019107477,15.109166019107477,13.994208685951504
"PatchTST-SSL(HoW-cond, patch-mask train)",Wolf_retail_Marcella,123,Wolf,spike,2,32.44073899726534,36.28642006133536,36.28642006133536,31.82659072871147
"PatchTST-SSL(HoW-cond, patch-mask train)",Wolf_retail_Toshia,123,Wolf,spike,1,303.6671023696364,280.5688856088126,280.5688856088126,215.45406297487224
"PatchTST-SSL(HoW-cond, patch-mask train)",Wolf_retail_Toshia,123,Wolf,spike,1,332.1122316161035,311.5053519689924,295.4266225095025,246.390529335052
"PatchTST-SSL(HoW-cond, patch-mask train)",Wolf_retail_Toshia,123,Wolf,schedule,2,83.30849022986973,3055.7947580406335,917.429710499117,711.6611432187797
"PatchTST-SSL(HoW-cond, patch-mask train)",Wolf_retail_Toshia,123,Wolf,spike,2,312.40678412779,296.6597375951741,277.8214903500507,264.1023262782039
"PatchTST-SSL(HoW-cond, patch-mask train)",Wolf_retail_Toshia,123,Wolf,spike,3,471.3347275443462,635.0645915925122,635.0645915925122,602.507180275542
"PatchTST-SSL(HoW-cond, patch-mask train)",Wolf_retail_Toshia,123,Wolf,schedule,2,6.526262952639762,3474.686363303843,1749.8429105430712,1521.2416842856314
PatchTST-SSL(HoW-cond),Fox_education_Henrietta,124,Fox,schedule,3,60.315560882006025,1023.071718612055,645.8518813838742,462.59659170452585
PatchTST-SSL(HoW-cond),Fox_education_Henrietta,124,Fox,spike,3,167.26170856365857,130.75062743434867,117.56763690795052,119.07406229044182
PatchTST-SSL(HoW-cond),Fox_education_Henrietta,124,Fox,spike,1,78.18136394771389,16.365227253066617,-14.695536231839547,1.7695208231830488
PatchTST-SSL(HoW-cond),Fox_education_Henrietta,124,Fox,schedule,3,183.66365980408145,540.4442975649293,340.2500941854723,120.08795238428256
PatchTST-SSL(HoW-cond),Fox_education_Henrietta,124,Fox,drift,1,520.3709604977303,2790.8515119681333,2782.3410670434273,2160.3169941971632
PatchTST-SSL(HoW-cond),Fox_education_Henrietta,124,Fox,spike,2,61.819841831657534,62.09206390804465,62.09206390804465,59.17292262206794
PatchTST-SSL(HoW-cond),Fox_retail_Manie,124,Fox,spike,3,360.3097782259958,435.0099490955472,435.0099490955472,416.0694227162219
PatchTST-SSL(HoW-cond),Fox_retail_Manie,124,Fox,schedule,3,705.5814088582074,2816.331379777445,1571.5383495523006,1604.1376915006242
PatchTST-SSL(HoW-cond),Fox_retail_Manie,124,Fox,spike,3,598.2254276518972,700.4734669156489,700.4734669156489,668.9059229501067
PatchTST-SSL(HoW-cond),Fox_retail_Manie,124,Fox,drift,2,1941.7014736338524,3038.6447239849736,2437.9782651984524,1977.9752467427552
PatchTST-SSL(HoW-cond),Fox_retail_Manie,124,Fox,spike,1,155.21794966966723,135.56779217576042,119.23578995495632,116.6272657964351
PatchTST-SSL(HoW-cond),Fox_retail_Manie,124,Fox,schedule,3,172.62577698158896,1447.1516593375177,1372.677939159963,841.0548151991073
PatchTST-SSL(HoW-cond),Hog_education_Bruno,124,Hog,drift,3,46417.54410572455,51370.70390788342,51365.5236380122,49659.3403002452
PatchTST-SSL(HoW-cond),Hog_education_Bruno,124,Hog,drift,1,9812.30313173102,14596.708155491702,14584.308347808568,13196.501567424064
PatchTST-SSL(HoW-cond),Hog_education_Bruno,124,Hog,drift,2,6595.295146158791,8151.202903705056,8151.202903705056,7373.31035477859
PatchTST-SSL(HoW-cond),Hog_education_Bruno,124,Hog,spike,1,299.2891721906774,435.9022776389505,435.9022776389505,403.4900881003478
PatchTST-SSL(HoW-cond),Hog_education_Bruno,124,Hog,drift,1,8137.5103929530915,11965.140716599451,11665.742535572712,10564.934128531817
PatchTST-SSL(HoW-cond),Hog_education_Bruno,124,Hog,spike,1,291.6501178934577,390.4113426530389,390.4113426530389,364.4815910221567
PatchTST-SSL(HoW-cond),Hog_education_Caridad,124,Hog,drift,2,26559.114233147706,32265.37876904825,21054.19498181477,7755.424227197367
PatchTST-SSL(HoW-cond),Hog_education_Caridad,124,Hog,schedule,2,5586.936543560644,5679.887582460415,-67453.91730185493,0.0
PatchTST-SSL(HoW-cond),Hog_education_Caridad,124,Hog,drift,1,28961.841270979025,38821.05131423272,16384.10440364261,0.0
PatchTST-SSL(HoW-cond),Hog_education_Caridad,124,Hog,spike,1,3232.119287388384,2935.5334368917283,2935.5334368917283,2731.2838157096376
PatchTST-SSL(HoW-cond),Hog_education_Caridad,124,Hog,schedule,3,7326.264039132635,14190.911430355063,-2301.858079294672,0.0
PatchTST-SSL(HoW-cond),Hog_education_Caridad,124,Hog,spike,1,6005.765793875593,8114.614365949432,8114.614365949432,7297.615881221069
PatchTST-SSL(HoW-cond),Hog_education_Josh,124,Hog,spike,1,594.6326420608618,473.5142852112806,354.8273476249438,348.91945723701406
PatchTST-SSL(HoW-cond),Hog_education_Josh,124,Hog,schedule,2,1475.452371600362,371.5136362600606,-1076.9260284007612,0.0
PatchTST-SSL(HoW-cond),Hog_education_Josh,124,Hog,drift,3,16691.47805798628,26325.323886829807,26325.323886829807,21540.88249261797
PatchTST-SSL(HoW-cond),Hog_education_Josh,124,Hog,spike,3,765.3532648336346,890.2467604547321,890.2467604547321,815.4898636701722
PatchTST-SSL(HoW-cond),Hog_education_Josh,124,Hog,spike,3,668.1453240628807,1113.740345930621,1113.740345930621,1038.983449146061
PatchTST-SSL(HoW-cond),Hog_education_Josh,124,Hog,drift,1,2891.321119750779,19512.85559494234,19512.357933423315,15326.469375006982
PatchTST-SSL(HoW-cond),Hog_education_Luvenia,124,Hog,drift,3,36139.97417896839,43883.260577981615,43883.260577981615,40531.36929814777
PatchTST-SSL(HoW-cond),Hog_education_Luvenia,124,Hog,drift,1,8901.64724636137,6595.252822549746,5999.971437159477,2764.51993131107
PatchTST-SSL(HoW-cond),Hog_education_Luvenia,124,Hog,drift,3,107739.74583786631,103381.7924181784,102541.70917956856,97635.6930813204
PatchTST-SSL(HoW-cond),Hog_education_Luvenia,124,Hog,drift,3,16462.105680988763,20666.01309419536,20590.362481380595,18271.805037171187
PatchTST-SSL(HoW-cond),Hog_education_Luvenia,124,Hog,spike,2,909.4970148676152,1532.1999716734272,1532.1999716734272,1452.3930364392882
PatchTST-SSL(HoW-cond),Hog_education_Luvenia,124,Hog,drift,3,25989.04317118203,31424.76782170823,31424.76782170823,28551.71815327922
PatchTST-SSL(HoW-cond),Hog_office_Almeda,124,Hog,schedule,3,687.7865728908646,1876.300209451613,1561.9530362743462,844.5236106747925
PatchTST-SSL(HoW-cond),Hog_office_Almeda,124,Hog,schedule,2,80.57674715737826,1867.0631285529664,1761.596143445292,1007.2492962389496
PatchTST-SSL(HoW-cond),Hog_office_Almeda,124,Hog,drift,1,2065.7478398767325,3500.484122698541,2442.5493649975683,1436.9309251449
PatchTST-SSL(HoW-cond),Hog_office_Almeda,124,Hog,spike,3,433.52703801649193,494.0223771447869,494.0223771447869,465.361916067653
PatchTST-SSL(HoW-cond),Hog_office_Almeda,124,Hog,spike,3,417.9640816562538,454.0854367310351,454.0854367310351,425.4249756539012
PatchTST-SSL(HoW-cond),Hog_office_Almeda,124,Hog,spike,2,136.54824351694936,140.7866762725569,140.7866762725569,126.45644573398994
PatchTST-SSL(HoW-cond),Hog_office_Cortney,124,Hog,spike,2,357.681035451082,356.2193120258037,348.9162204308493,321.8496594392184
PatchTST-SSL(HoW-cond),Hog_office_Cortney,124,Hog,spike,3,867.3573209702461,1032.4628253500905,1016.5382602755078,975.1800710391148
PatchTST-SSL(HoW-cond),Hog_office_Cortney,124,Hog,spike,1,408.4063300315772,431.0664931374112,431.0664931374112,373.7837388264357
PatchTST-SSL(HoW-cond),Hog_office_Cortney,124,Hog,spike,2,272.95887519299555,283.77297375082304,283.77297375082304,272.3164228886279
PatchTST-SSL(HoW-cond),Hog_office_Cortney,124,Hog,schedule,3,371.5476152277705,2397.7698340032357,1653.079018708844,1022.9837305398244
PatchTST-SSL(HoW-cond),Hog_office_Cortney,124,Hog,spike,1,181.02968838654505,203.31371319733617,203.31371319733617,191.85716233514108
PatchTST-SSL(HoW-cond),Hog_office_Denita,124,Hog,schedule,3,911.8087205658233,2118.087562712006,1038.585687944063,377.3294030436725
PatchTST-SSL(HoW-cond),Hog_office_Denita,124,Hog,schedule,2,221.4333585520708,85.81033889500054,-991.5451417670698,0.0
PatchTST-SSL(HoW-cond),Hog_office_Denita,124,Hog,drift,1,2914.5363022298425,4984.60777102877,4255.970224965646,2591.0653014848117
PatchTST-SSL(HoW-cond),Hog_office_Denita,124,Hog,schedule,2,364.88929710752984,1582.512450926697,1105.5474106074485,494.53860113398855
PatchTST-SSL(HoW-cond),Hog_office_Denita,124,Hog,drift,3,2702.7509967910933,4084.6660879029864,3884.2368160972665,2779.0974681517364
PatchTST-SSL(HoW-cond),Hog_office_Denita,124,Hog,spike,3,636.4034244866059,758.4927917201527,758.4927917201527,713.1605479787899
PatchTST-SSL(HoW-cond),Hog_office_Garrett,124,Hog,drift,1,5556.152288561812,10720.60251381208,8799.51326236871,3983.310082560384
PatchTST-SSL(HoW-cond),Hog_office_Garrett,124,Hog,schedule,3,6469.905965881119,7258.86632236329,-562.7992597602188,521.5738911115959
PatchTST-SSL(HoW-cond),Hog_office_Garrett,124,Hog,drift,1,2425.0334129518105,4133.767417419564,909.2121104894056,0.0
PatchTST-SSL(HoW-cond),Hog_office_Garrett,124,Hog,spike,3,2491.689618857125,2299.7245362366407,2247.3532321978328,2194.454341998333
PatchTST-SSL(HoW-cond),Hog_office_Garrett,124,Hog,drift,1,26591.048645774314,22454.966114605653,18093.91327495616,11506.86591382165
PatchTST-SSL(HoW-cond),Hog_office_Garrett,124,Hog,spike,1,934.2433043536314,914.954184591582,842.2198744340236,809.6839903532745
PatchTST-SSL(HoW-cond),Hog_office_Lavon,124,Hog,drift,1,350.1790514100819,12491.83264132174,-14846.360765125271,0.0
PatchTST-SSL(HoW-cond),Hog_office_Lavon,124,Hog,drift,3,2544.700922092341,51586.106317887505,39710.04347131775,24979.083844778652
PatchTST-SSL(HoW-cond),Hog_office_Lavon,124,Hog,spike,3,7791.569566645738,9851.082186278343,9851.082186278343,9358.359547887438
PatchTST-SSL(HoW-cond),Hog_office_Lavon,124,Hog,drift,2,1571.1852408501998,12380.05857998128,-30165.22796408227,0.0
PatchTST-SSL(HoW-cond),Hog_office_Lavon,124,Hog,spike,1,2562.0763129709776,4116.472777819452,4116.472777819452,3746.9307990262737
PatchTST-SSL(HoW-cond),Hog_office_Lavon,124,Hog,spike,2,3484.1998013300895,4621.346284497637,4621.346284497637,4251.804305704458
PatchTST-SSL(HoW-cond),Hog_office_Merilyn,124,Hog,spike,2,50.65190585486498,51.2568266550548,51.2568266550548,48.7559853763237
PatchTST-SSL(HoW-cond),Hog_office_Merilyn,124,Hog,schedule,3,152.38178728386578,1679.0889957665156,1634.0439895783554,1138.907279560598
PatchTST-SSL(HoW-cond),Hog_office_Merilyn,124,Hog,drift,3,1338.0795839605812,927.02626431917,786.5214035419601,626.925310871438
PatchTST-SSL(HoW-cond),Hog_office_Merilyn,124,Hog,spike,2,45.062402681060725,41.79859042858356,37.81838580129469,36.79690787112136
PatchTST-SSL(HoW-cond),Hog_office_Merilyn,124,Hog,spike,3,85.3039948781363,106.46255168517102,106.46255168517102,101.46086912770882
PatchTST-SSL(HoW-cond),Hog_office_Merilyn,124,Hog,schedule,3,77.01120943656545,492.4259373984759,386.5112901425967,252.3451746402903
PatchTST-SSL(HoW-cond),Hog_office_Miriam,124,Hog,spike,3,64.35778551681808,61.952965950699344,56.115429709311584,58.23841383767741
PatchTST-SSL(HoW-cond),Hog_office_Miriam,124,Hog,drift,2,710.5379465954393,1271.8002476407332,1270.6906311657824,1004.352495503154
PatchTST-SSL(HoW-cond),Hog_office_Miriam,124,Hog,drift,2,2505.2621881358136,2520.9053723404,2486.130907207173,2030.5844934215047
PatchTST-SSL(HoW-cond),Hog_office_Miriam,124,Hog,schedule,2,28.96860913554888,594.8417363102408,385.4448479668837,238.2447334601351
PatchTST-SSL(HoW-cond),Hog_office_Miriam,124,Hog,spike,1,54.73908505905362,47.69975879020109,45.72270784843445,40.27065456415722
PatchTST-SSL(HoW-cond),Hog_office_Miriam,124,Hog,drift,3,2729.9115140571216,2805.2645592584904,2775.290693075578,2404.0929310521215
PatchTST-SSL(HoW-cond),Hog_office_Napoleon,124,Hog,drift,2,2540.854333607559,3332.345343774059,3105.860420323499,1864.3107577792423
PatchTST-SSL(HoW-cond),Hog_office_Napoleon,124,Hog,spike,3,551.9924978736196,536.4586012076995,533.5751701902714,487.5241150078723
PatchTST-SSL(HoW-cond),Hog_office_Napoleon,124,Hog,drift,3,31153.41946793941,31770.498657856024,31366.563028155415,27953.6087342695
PatchTST-SSL(HoW-cond),Hog_office_Napoleon,124,Hog,spike,3,273.4514251683141,259.9765728460686,248.48772763468952,235.509329746155
PatchTST-SSL(HoW-cond),Hog_office_Napoleon,124,Hog,spike,3,327.44329958523474,404.7049123430958,404.7049123430958,380.2376692431822
PatchTST-SSL(HoW-cond),Hog_office_Napoleon,124,Hog,spike,3,305.2755175273484,338.9553172278573,338.9553172278573,314.48807412794366
PatchTST-SSL(HoW-cond),Hog_office_Shawna,124,Hog,spike,3,1539.5136699261304,1572.884616350112,1572.7835819771342,1448.6894991347142
PatchTST-SSL(HoW-cond),Hog_office_Shawna,124,Hog,spike,2,657.8599513082542,620.8277279241828,613.6935589028507,546.3106575949441
PatchTST-SSL(HoW-cond),Hog_office_Shawna,124,Hog,drift,2,9750.165846063275,15743.534376233987,15056.510713687672,10378.305312528802
PatchTST-SSL(HoW-cond),Hog_office_Shawna,124,Hog,drift,1,3460.430783507374,9022.705727682884,7711.345821721951,4253.61322661161
PatchTST-SSL(HoW-cond),Hog_office_Shawna,124,Hog,drift,2,8020.109920496582,14315.881486384458,14118.411787431707,9546.788985313182
PatchTST-SSL(HoW-cond),Hog_office_Shawna,124,Hog,drift,3,37201.3147175408,51395.8698393857,51230.99281653295,44242.23108777878
PatchTST-SSL(HoW-cond),Hog_office_Shawnna,124,Hog,schedule,2,2686.9850695181667,8963.63827822898,7506.873663139373,2429.485701577646
PatchTST-SSL(HoW-cond),Hog_office_Shawnna,124,Hog,schedule,2,2339.9254203213586,6169.000437070119,1828.1378630997135,0.0
PatchTST-SSL(HoW-cond),Hog_office_Shawnna,124,Hog,spike,3,2756.7676249264605,2490.7021083024183,2453.2837391777457,2354.5739296221823
PatchTST-SSL(HoW-cond),Hog_office_Shawnna,124,Hog,spike,2,1509.4132712336543,1314.577962453834,1240.7393269025586,1212.481828443657
PatchTST-SSL(HoW-cond),Hog_office_Shawnna,124,Hog,drift,2,70147.64740535856,69798.35545158072,67708.91004305003,59180.3575145223
PatchTST-SSL(HoW-cond),Hog_office_Shawnna,124,Hog,drift,3,34606.77408644281,21686.22705384746,19602.289063072825,15968.84354927754
PatchTST-SSL(HoW-cond),Hog_office_Sherrie,124,Hog,drift,1,299.9499753120218,724.9674351493377,-83.17616988061002,218.59518575027647
PatchTST-SSL(HoW-cond),Hog_office_Sherrie,124,Hog,drift,1,1723.6191147775007,3213.4717614775736,2560.3025436464213,2200.727262679451
PatchTST-SSL(HoW-cond),Hog_office_Sherrie,124,Hog,drift,3,5648.538585258806,8005.029004652874,7974.538995217301,7161.075255654439
PatchTST-SSL(HoW-cond),Hog_office_Sherrie,124,Hog,schedule,2,4.347234852761044,785.8905614082852,265.5738632115574,279.51831200922396
PatchTST-SSL(HoW-cond),Hog_office_Sherrie,124,Hog,schedule,3,343.59874707536767,1036.0435046290731,757.388079875518,529.6712552300119
PatchTST-SSL(HoW-cond),Hog_office_Sherrie,124,Hog,spike,1,99.29138806902564,85.0442795650753,69.73017436204142,74.49485770259486
PatchTST-SSL(HoW-cond),Hog_office_Shon,124,Hog,drift,1,2182.037256465568,4785.757319561628,3971.350163210033,3144.2433491206584
PatchTST-SSL(HoW-cond),Hog_office_Shon,124,Hog,spike,2,151.8227361048974,149.37503772299183,149.37503772299183,140.8254857936118
PatchTST-SSL(HoW-cond),Hog_office_Shon,124,Hog,schedule,3,879.862336287282,2440.526600658052,2101.3488263993013,1209.391122827325
PatchTST-SSL(HoW-cond),Hog_office_Shon,124,Hog,schedule,3,1117.8231857134415,3797.9013080161367,3482.65758905162,2156.3873375751673
PatchTST-SSL(HoW-cond),Hog_office_Shon,124,Hog,drift,2,3701.5660588324217,5440.618549153703,4920.878285982837,3799.104578712733
PatchTST-SSL(HoW-cond),Hog_office_Shon,124,Hog,drift,2,2737.1461577962623,1214.0261825495843,775.5087457131772,0.0
PatchTST-SSL(HoW-cond),Hog_office_Sydney,124,Hog,drift,1,8119.592526843504,9513.212116084356,9443.632119618984,7989.403028526092
PatchTST-SSL(HoW-cond),Hog_office_Sydney,124,Hog,spike,1,196.46583991898,169.93325380727242,163.12224030447197,143.47823492605258
PatchTST-SSL(HoW-cond),Hog_office_Sydney,124,Hog,spike,1,85.70597551646374,73.30201056314469,73.30201056314469,68.01100678690072
PatchTST-SSL(HoW-cond),Hog_office_Sydney,124,Hog,spike,2,131.22745681677335,130.86650918903635,130.86650918903635,125.57550541279238
PatchTST-SSL(HoW-cond),Hog_office_Sydney,124,Hog,spike,2,148.69647404756202,139.78103621038736,139.78103621038736,134.4900324341434
PatchTST-SSL(HoW-cond),Hog_office_Sydney,124,Hog,spike,2,174.68537972142465,187.90589989453,187.90589989453,177.32389234204206
PatchTST-SSL(HoW-cond),Hog_office_Valda,124,Hog,drift,2,2857.1177976370764,4383.349772912139,4346.372074550584,3600.6088442080995
PatchTST-SSL(HoW-cond),Hog_office_Valda,124,Hog,spike,3,146.1924647334952,151.68902839355923,151.68902839355923,148.72410063331668
PatchTST-SSL(HoW-cond),Hog_office_Valda,124,Hog,drift,3,4547.513835535305,5545.698317147986,5482.30717921784,4762.957388443946
PatchTST-SSL(HoW-cond),Hog_office_Valda,124,Hog,spike,2,90.96816539874968,101.2715857742574,101.2715857742574,98.30665801401484
PatchTST-SSL(HoW-cond),Hog_office_Valda,124,Hog,schedule,3,295.3654460515271,1552.271408813112,1455.3927392514922,983.0052788465376
PatchTST-SSL(HoW-cond),Hog_office_Valda,124,Hog,schedule,3,129.23500259287323,587.9154744429671,505.1033629511836,374.4406757055018
PatchTST-SSL(HoW-cond),Lamb_education_Armando,124,Lamb,schedule,3,42.35150572994869,4303.503947413749,3813.1603679612135,2540.4797334482355
PatchTST-SSL(HoW-cond),Lamb_education_Armando,124,Lamb,drift,2,3545.686108845367,12237.466458488028,11926.869893901512,9466.99983654222
PatchTST-SSL(HoW-cond),Lamb_education_Armando,124,Lamb,drift,2,581.1700915763748,480.5220351507992,-1008.555510688918,0.0
PatchTST-SSL(HoW-cond),Lamb_education_Armando,124,Lamb,drift,3,3408.2489944527274,8137.013781327269,7600.136726391176,6122.128965366682
PatchTST-SSL(HoW-cond),Lamb_education_Armando,124,Lamb,spike,2,221.83527427775363,231.21347223843244,231.21347223843244,220.7192804886377
PatchTST-SSL(HoW-cond),Lamb_education_Armando,124,Lamb,schedule,3,36.35899298629825,1866.4897345428035,1519.605213486353,859.0473265625101
PatchTST-SSL(HoW-cond),Lamb_education_Eula,124,Lamb,drift,3,124.56056570809535,272.8403488166924,239.3258916307355,185.47502085791427
PatchTST-SSL(HoW-cond),Lamb_education_Eula,124,Lamb,spike,1,9.411480791510446,10.329658454421986,10.329658454421986,9.11625112166118
PatchTST-SSL(HoW-cond),Lamb_education_Eula,124,Lamb,drift,2,116.574490267412,213.62234807417047,145.6535076710994,106.84250279121942
PatchTST-SSL(HoW-cond),Lamb_education_Eula,124,Lamb,spike,2,8.906459358942762,15.676996314621006,15.676996314621006,14.868058092780467
PatchTST-SSL(HoW-cond),Lamb_education_Eula,124,Lamb,spike,3,15.085603107142502,15.671457760520989,15.671457760520989,14.862519538680449
PatchTST-SSL(HoW-cond),Lamb_education_Eula,124,Lamb,drift,2,67.55719881227861,414.72367673891694,364.1620519666846,317.65109011805237
PatchTST-SSL(HoW-cond),Lamb_education_Lazaro,124,Lamb,drift,1,461.23669069021577,2268.641361074743,133.8413012429969,618.5547110511618
PatchTST-SSL(HoW-cond),Lamb_education_Lazaro,124,Lamb,spike,3,400.82250918666176,282.2330271626612,236.29115260456612,247.85622195383655
PatchTST-SSL(HoW-cond),Lamb_education_Lazaro,124,Lamb,drift,1,604.235159033965,945.6901861352936,-3510.4376462296514,0.0
PatchTST-SSL(HoW-cond),Lamb_education_Lazaro,124,Lamb,drift,2,497.9093626321239,2116.0153972443823,978.928781388396,878.4504097266963
PatchTST-SSL(HoW-cond),Lamb_education_Lazaro,124,Lamb,spike,2,323.27785981812565,300.74289897516695,280.8408702235281,257.77189246413616
PatchTST-SSL(HoW-cond),Lamb_education_Lazaro,124,Lamb,spike,3,216.09390823268615,219.45625805013913,219.45625805013913,210.86205674793297
PatchTST-SSL(HoW-cond),Lamb_education_Lucas,124,Lamb,drift,3,801.2582428094648,1637.1762025825997,1497.9839054412068,1292.715835090653
PatchTST-SSL(HoW-cond),Lamb_education_Lucas,124,Lamb,schedule,3,44.89451201081894,65.14991801814945,-258.1116367207269,0.0
PatchTST-SSL(HoW-cond),Lamb_education_Lucas,124,Lamb,spike,3,133.8321468000379,158.3042008745796,158.3042008745796,151.1279432184974
PatchTST-SSL(HoW-cond),Lamb_education_Lucas,124,Lamb,drift,3,273.9606663738274,760.7096717982556,637.8184060920996,554.0334513030875
PatchTST-SSL(HoW-cond),Lamb_education_Lucas,124,Lamb,spike,3,142.6454074837294,131.68517163058232,131.68517163058232,124.50891397450008
PatchTST-SSL(HoW-cond),Lamb_education_Lucas,124,Lamb,drift,1,38.67614445359179,581.1876345465806,369.2803692826856,408.95745080060726
PatchTST-SSL(HoW-cond),Lamb_education_Mae,124,Lamb,spike,1,323.07918229430084,400.163901764733,400.163901764733,334.35188994314325
PatchTST-SSL(HoW-cond),Lamb_education_Mae,124,Lamb,spike,2,516.0264638666401,549.0252905856557,549.0252905856557,496.3756811283839
PatchTST-SSL(HoW-cond),Lamb_education_Mae,124,Lamb,drift,2,3932.5231562095887,10480.166164222956,9518.765083411472,7321.189596786649
PatchTST-SSL(HoW-cond),Lamb_education_Mae,124,Lamb,spike,2,212.59441880931385,232.05201031016057,232.05201031016057,205.72720558152463
PatchTST-SSL(HoW-cond),Lamb_education_Mae,124,Lamb,drift,3,2958.7246626678852,2382.5659662604007,1565.7810148217256,487.1800257986158
PatchTST-SSL(HoW-cond),Lamb_education_Mae,124,Lamb,spike,1,162.31276356035605,232.97651561669383,232.97651561669383,219.81411325237588
PatchTST-SSL(HoW-cond),Lamb_education_Williams,124,Lamb,drift,1,746.3809443232789,5115.820315906081,3539.7579563236227,2758.644835086506
PatchTST-SSL(HoW-cond),Lamb_education_Williams,124,Lamb,drift,1,639.2960181545328,5875.905006102501,4526.236103743752,3733.0182053574326
PatchTST-SSL(HoW-cond),Lamb_education_Williams,124,Lamb,drift,3,4579.005177313596,6958.816992534235,5708.087340516383,4173.064151565646
PatchTST-SSL(HoW-cond),Lamb_education_Williams,124,Lamb,schedule,3,245.34222782811088,3666.9951494657807,2073.3160465275,2166.9743889442325
PatchTST-SSL(HoW-cond),Lamb_education_Williams,124,Lamb,spike,1,225.11065302241795,235.24113590697715,232.16765298673195,199.52635589455937
PatchTST-SSL(HoW-cond),Lamb_education_Williams,124,Lamb,schedule,2,120.36486662932188,5513.302264838141,3923.532978928518,3584.704144167579
PatchTST-SSL(HoW-cond),Lamb_office_Caitlin,124,Lamb,spike,2,287.84152497083744,272.88554948321917,262.5357780251039,255.89950531721817
PatchTST-SSL(HoW-cond),Lamb_office_Caitlin,124,Lamb,drift,1,174.86513893786412,73.14113668110214,-2741.277113180408,0.0
PatchTST-SSL(HoW-cond),Lamb_office_Caitlin,124,Lamb,schedule,1,45.94439519567189,3.450313334884353,-2289.0224798257123,0.0
PatchTST-SSL(HoW-cond),Lamb_office_Caitlin,124,Lamb,drift,3,1366.1223200641446,2366.922111020068,-444.37061108800253,736.2618710839683
PatchTST-SSL(HoW-cond),Lamb_office_Caitlin,124,Lamb,spike,3,499.75478148973514,476.0381506290276,458.1561942562542,450.5590843800261
PatchTST-SSL(HoW-cond),Lamb_office_Caitlin,124,Lamb,spike,3,914.2945579554216,838.3510993675545,820.8322084902031,795.8859889525519
PatchTST-SSL(HoW-cond),Lamb_office_Velma,124,Lamb,spike,2,712.063480372273,743.0093455121605,717.6902008590787,654.6896359354054
PatchTST-SSL(HoW-cond),Lamb_office_Velma,124,Lamb,schedule,2,5.02976783064522,6968.509828396962,5131.694427946597,3577.0329806495656
PatchTST-SSL(HoW-cond),Lamb_office_Velma,124,Lamb,spike,1,402.868816575697,689.8543543638482,689.8543543638482,619.1985867024441
PatchTST-SSL(HoW-cond),Lamb_office_Velma,124,Lamb,spike,2,716.8389665969552,620.3987926307078,603.4668226617375,532.0790830539527
PatchTST-SSL(HoW-cond),Lamb_office_Velma,124,Lamb,drift,2,3639.54112623905,9054.02177104498,8511.85686363156,6086.479529266007
PatchTST-SSL(HoW-cond),Lamb_office_Velma,124,Lamb,drift,3,7579.385515407095,12807.990983591277,12687.832936545185,9840.448741812304
PatchTST-SSL(HoW-cond),Rat_retail_Jeffrey,124,Rat,spike,1,291.60367573257804,131.47200112154889,59.25390863561296,96.34151721652626
PatchTST-SSL(HoW-cond),Rat_retail_Jeffrey,124,Rat,spike,2,475.52021965664414,403.9986755211692,376.9241359874318,375.8942883971511
PatchTST-SSL(HoW-cond),Rat_retail_Jeffrey,124,Rat,drift,2,2154.4490308847585,2711.9595025632966,2396.697000902902,1700.2015660986444
PatchTST-SSL(HoW-cond),Rat_retail_Jeffrey,124,Rat,spike,1,138.38502458085736,157.23513671147475,157.23513671147475,150.20903993047023
PatchTST-SSL(HoW-cond),Rat_retail_Jeffrey,124,Rat,drift,1,610.2952989490467,1133.202265781291,332.50949170554304,290.070652060748
PatchTST-SSL(HoW-cond),Rat_retail_Jeffrey,124,Rat,spike,3,473.6194993456267,535.4853994847888,535.4853994847888,514.4071091417752
PatchTST-SSL(HoW-cond),Robin_education_Zenia,124,Robin,drift,1,9085.837298458526,29198.855083720176,29198.855083720176,25690.71691789184
PatchTST-SSL(HoW-cond),Robin_education_Zenia,124,Robin,drift,3,29233.784782501494,49008.791944534794,49008.791944534794,46040.36734268005
PatchTST-SSL(HoW-cond),Robin_education_Zenia,124,Robin,drift,3,19698.159837123923,35972.20607730292,35972.20607730292,33543.49503942177
PatchTST-SSL(HoW-cond),Robin_education_Zenia,124,Robin,spike,3,234.24180318846012,312.046223545721,312.046223545721,300.80219096293786
PatchTST-SSL(HoW-cond),Robin_education_Zenia,124,Robin,drift,2,8507.294132048073,21626.49512867919,21626.49512867919,19467.640872784832
PatchTST-SSL(HoW-cond),Robin_education_Zenia,124,Robin,spike,1,103.7809107783848,164.71370482141097,164.71370482141097,153.46967223862785
PatchTST-SSL(HoW-cond),Robin_office_Dina,124,Robin,drift,1,1671.5645498087358,3393.4613697804216,3140.8310590486717,2490.0581947729997
PatchTST-SSL(HoW-cond),Robin_office_Dina,124,Robin,spike,3,76.99172519770566,101.39111815988866,101.39111815988866,95.60007216625137
PatchTST-SSL(HoW-cond),Robin_office_Dina,124,Robin,drift,2,1361.1516267334248,1926.460914011652,1855.0467085648831,1440.013050546117
PatchTST-SSL(HoW-cond),Robin_office_Dina,124,Robin,spike,1,54.39925792780521,72.12275816959573,72.12275816959573,63.43618917913975
PatchTST-SSL(HoW-cond),Robin_office_Dina,124,Robin,spike,3,106.22402211052074,111.1302232345654,111.1302232345654,102.4436542441094
PatchTST-SSL(HoW-cond),Robin_office_Dina,124,Robin,spike,2,100.90720420303032,155.105546348676,155.105546348676,143.52345436140138
PatchTST-SSL(HoW-cond),Robin_office_Sammie,124,Robin,drift,2,8193.376963553696,9713.226288781245,9624.858574496013,7535.008792672844
PatchTST-SSL(HoW-cond),Robin_office_Sammie,124,Robin,spike,2,264.22219886949006,315.1903240150986,315.1903240150986,269.81079284617357
PatchTST-SSL(HoW-cond),Robin_office_Sammie,124,Robin,drift,2,2188.0140383288563,3465.5775507737526,3139.2809020658597,2376.468802719552
PatchTST-SSL(HoW-cond),Robin_office_Sammie,124,Robin,spike,3,325.76388530020796,420.7704392253744,420.7704392253744,384.4668142902344
PatchTST-SSL(HoW-cond),Robin_office_Sammie,124,Robin,drift,3,10950.46293039176,11100.654120638665,10973.613250136812,9140.258374141104
PatchTST-SSL(HoW-cond),Robin_office_Sammie,124,Robin,schedule,2,283.6852349670226,2404.8152527505345,232.19206745187677,444.4195062529732
PatchTST-SSL(HoW-cond),Shrew_office_Doris,124,Shrew,spike,3,967.677461342442,1201.634446058814,1201.634446058814,1144.436995026976
PatchTST-SSL(HoW-cond),Shrew_office_Doris,124,Shrew,drift,2,13274.214899719287,18379.90063446561,18254.32312350875,15291.238278746365
PatchTST-SSL(HoW-cond),Shrew_office_Doris,124,Shrew,drift,3,16874.680037500937,21096.556977597953,21096.556977597953,18351.079328069733
PatchTST-SSL(HoW-cond),Shrew_office_Doris,124,Shrew,drift,2,21097.276446337128,26810.414805659027,26346.96585633589,22692.1983313667
PatchTST-SSL(HoW-cond),Shrew_office_Doris,124,Shrew,spike,3,1269.3416243658437,1159.5446457742855,1107.3106110726585,1088.047831984488
PatchTST-SSL(HoW-cond),Shrew_office_Doris,124,Shrew,spike,1,492.6340337493294,478.0913255536572,386.8450822107531,406.5945117638598
PatchTST-SSL(HoW-cond),Shrew_office_Ila,124,Shrew,drift,1,2996.99212687992,5830.102018436,5447.141310620109,3369.6303324002974
PatchTST-SSL(HoW-cond),Shrew_office_Ila,124,Shrew,drift,3,17305.03319043162,18675.59290117617,18397.89297802264,16215.121215140463
PatchTST-SSL(HoW-cond),Shrew_office_Ila,124,Shrew,spike,3,725.0771146387649,719.3194209877142,699.5124929262014,673.7551305055716
PatchTST-SSL(HoW-cond),Shrew_office_Ila,124,Shrew,spike,1,146.5948962159231,146.53631288887868,113.2194322220093,123.75416764780736
PatchTST-SSL(HoW-cond),Shrew_office_Ila,124,Shrew,drift,2,4621.5561975259025,7021.537871179756,6767.440242394758,5381.22341382262
PatchTST-SSL(HoW-cond),Shrew_office_Ila,124,Shrew,spike,3,673.7401307453438,777.072113698563,777.072113698563,731.5078232164204
PatchTST-SSL(HoW-cond),Shrew_office_Kenneth,124,Shrew,drift,2,1498.5085912518607,3255.064764760135,3235.1512217408263,2584.1005996850745
PatchTST-SSL(HoW-cond),Shrew_office_Kenneth,124,Shrew,drift,3,2842.3791870818204,1049.4465665887003,704.213608799586,378.48240151363984
PatchTST-SSL(HoW-cond),Shrew_office_Kenneth,124,Shrew,spike,2,90.89096949254512,84.13308288067743,78.96530119970114,77.14387282781222
PatchTST-SSL(HoW-cond),Shrew_office_Kenneth,124,Shrew,spike,1,62.498642336023934,61.88615090033957,61.88615090033957,58.39154587390696
PatchTST-SSL(HoW-cond),Shrew_office_Kenneth,124,Shrew,spike,3,300.9768943363502,275.78818290462993,270.8238067692765,258.3151577724669
PatchTST-SSL(HoW-cond),Shrew_office_Kenneth,124,Shrew,spike,1,132.02422580194082,157.86670038262358,157.86670038262358,140.39367525046055
PatchTST-SSL(HoW-cond),Shrew_office_Nora,124,Shrew,drift,3,13959.850749005422,15779.105573138968,15338.850341498244,11424.618766302365
PatchTST-SSL(HoW-cond),Shrew_office_Nora,124,Shrew,spike,1,260.69750787688605,189.10901941090071,129.86296562924787,137.26989075808402
PatchTST-SSL(HoW-cond),Shrew_office_Nora,124,Shrew,drift,1,4665.425658313194,10252.607188195292,8895.589876004457,4653.981293691086
PatchTST-SSL(HoW-cond),Shrew_office_Nora,124,Shrew,drift,3,26280.58367879771,28993.462914071104,28143.351632613852,22772.767475733097
PatchTST-SSL(HoW-cond),Shrew_office_Nora,124,Shrew,spike,1,548.8590061520682,904.9475049380546,904.9475049380546,775.3496833060128
PatchTST-SSL(HoW-cond),Shrew_office_Nora,124,Shrew,spike,2,390.28208907425113,491.0677977473885,491.0677977473885,439.2286690945718
PatchTST-SSL(HoW-cond),Shrew_office_Sherill,124,Shrew,spike,3,1285.7986614249328,1515.6442256199978,1515.6442256199978,1417.974123363555
PatchTST-SSL(HoW-cond),Shrew_office_Sherill,124,Shrew,drift,2,6816.240253363444,10456.312956246991,9570.936767372705,6549.508865989281
PatchTST-SSL(HoW-cond),Shrew_office_Sherill,124,Shrew,spike,1,809.928865577001,500.5700174478692,359.06688216645125,370.3432144392789
PatchTST-SSL(HoW-cond),Shrew_office_Sherill,124,Shrew,drift,3,19918.04479791922,24368.461093859856,23847.537544386025,18898.935367499063
PatchTST-SSL(HoW-cond),Shrew_office_Sherill,124,Shrew,spike,1,982.0393289635584,967.3687617706546,867.8275040317301,804.5852580099167
PatchTST-SSL(HoW-cond),Shrew_office_Sherill,124,Shrew,spike,3,1418.5189408034698,1298.4293220271688,1235.8357827511609,1200.759219770726
PatchTST-SSL(HoW-cond),Wolf_office_Darleen,124,Wolf,drift,3,4246.600657922468,2045.3134107674284,1510.3154833720455,560.470441905585
PatchTST-SSL(HoW-cond),Wolf_office_Darleen,124,Wolf,drift,3,4976.241380732559,6539.457331124353,6056.190336860923,4889.631810166749
PatchTST-SSL(HoW-cond),Wolf_office_Darleen,124,Wolf,spike,3,254.48626821207995,233.17601754464604,228.60664640769264,212.553198532676
PatchTST-SSL(HoW-cond),Wolf_office_Darleen,124,Wolf,schedule,3,98.90988369231172,2092.672579154048,1163.5043971233767,607.8296102922045
PatchTST-SSL(HoW-cond),Wolf_office_Darleen,124,Wolf,spike,2,263.59770868297966,229.21723703512248,216.80060658329015,194.8458720151724
PatchTST-SSL(HoW-cond),Wolf_office_Darleen,124,Wolf,drift,3,3387.5794404471744,4354.140810432442,4138.5459009540955,3034.2803936663586
PatchTST-SSL(HoW-cond),Wolf_retail_Harriett,124,Wolf,spike,1,109.46943691528074,203.09535004761855,203.09535004761855,170.7027783994692
PatchTST-SSL(HoW-cond),Wolf_retail_Harriett,124,Wolf,drift,2,3442.80368568748,5173.768923561232,4921.845678800607,2841.503764894478
PatchTST-SSL(HoW-cond),Wolf_retail_Harriett,124,Wolf,spike,2,118.095825507048,139.8146691390927,139.8146691390927,129.01714525637624
PatchTST-SSL(HoW-cond),Wolf_retail_Harriett,124,Wolf,spike,2,95.23365086904356,115.28044376236402,115.28044376236402,104.48291987964755
PatchTST-SSL(HoW-cond),Wolf_retail_Harriett,124,Wolf,drift,1,915.269426851574,2522.559280939945,1790.013649346746,708.5752686435803
PatchTST-SSL(HoW-cond),Wolf_retail_Harriett,124,Wolf,schedule,2,16.811704598329925,998.2851037669346,232.02723823580789,0.0
PatchTST-SSL(HoW-cond),Wolf_retail_Marcella,124,Wolf,drift,1,77.19480955887502,202.82799254524045,86.38074458996616,53.47658459149107
PatchTST-SSL(HoW-cond),Wolf_retail_Marcella,124,Wolf,spike,3,54.744085512607896,75.86175773498155,75.86175773498155,70.88337746985657
PatchTST-SSL(HoW-cond),Wolf_retail_Marcella,124,Wolf,drift,3,805.9237291893736,1220.137797765712,1170.728935031263,951.305263448963
PatchTST-SSL(HoW-cond),Wolf_retail_Marcella,124,Wolf,drift,2,245.1612452558267,376.26309834322626,317.7409364111734,197.04140879872705
PatchTST-SSL(HoW-cond),Wolf_retail_Marcella,124,Wolf,spike,1,15.299112680094524,14.279704764409534,14.279704764409534,13.03510969812829
PatchTST-SSL(HoW-cond),Wolf_retail_Marcella,124,Wolf,drift,1,161.5415176515241,393.9484663751473,190.85072494229723,95.24565046764856
PatchTST-SSL(HoW-cond),Wolf_retail_Toshia,124,Wolf,spike,3,813.8222848184951,656.8728464056645,625.7335571326992,576.5960173107056
PatchTST-SSL(HoW-cond),Wolf_retail_Toshia,124,Wolf,spike,3,1170.5817793556578,1214.6583455302173,1214.6583455302173,1114.312309161519
PatchTST-SSL(HoW-cond),Wolf_retail_Toshia,124,Wolf,schedule,3,146.55404856680667,2836.57955986699,1402.3296278206544,428.274687018225
PatchTST-SSL(HoW-cond),Wolf_retail_Toshia,124,Wolf,schedule,3,196.04409342229565,1500.8895666679275,779.8867084078831,55.906642958668726
PatchTST-SSL(HoW-cond),Wolf_retail_Toshia,124,Wolf,drift,1,1058.247230158493,6424.004941177942,4304.999349069181,2089.056170050165
PatchTST-SSL(HoW-cond),Wolf_retail_Toshia,124,Wolf,spike,1,354.7456702313118,330.32367902897374,316.71513061912873,250.04684993401492
HOW-profile(HoW-cond),Fox_education_Henrietta,124,Fox,schedule,3,60.315560882006025,671.827780441003,458.470560882006,344.7675201314903
HOW-profile(HoW-cond),Fox_education_Henrietta,124,Fox,spike,3,167.26170856365857,147.73170856365857,141.73170856365857,140.91795314054372
HOW-profile(HoW-cond),Fox_education_Henrietta,124,Fox,spike,1,78.18136394771389,37.83670516102384,21.981363947713906,29.31951088213028
HOW-profile(HoW-cond),Fox_education_Henrietta,124,Fox,schedule,3,183.66365980408145,184.4080257528269,40.10365980408144,0.0
HOW-profile(HoW-cond),Fox_education_Henrietta,124,Fox,drift,1,520.3709604977303,2285.478385009902,2283.15096049773,1917.5355921617
HOW-profile(HoW-cond),Fox_education_Henrietta,124,Fox,spike,2,61.819841831657534,62.934841831657536,62.934841831657536,61.23140297587882
HOW-profile(HoW-cond),Fox_retail_Manie,124,Fox,spike,3,360.3097782259958,311.84977822599575,291.65977822599575,297.3439317197552
HOW-profile(HoW-cond),Fox_retail_Manie,124,Fox,schedule,3,705.5814088582074,2242.5656401352435,698.5064088582078,1314.1914637358454
HOW-profile(HoW-cond),Fox_retail_Manie,124,Fox,spike,3,598.2254276518972,558.945427651897,535.7754276518972,534.7690168081627
HOW-profile(HoW-cond),Fox_retail_Manie,124,Fox,drift,2,1941.7014736338524,2908.37391409149,1457.156473633853,2096.0465097420165
HOW-profile(HoW-cond),Fox_retail_Manie,124,Fox,spike,1,155.21794966966723,90.51676351378528,40.017949669667225,76.01091700754469
HOW-profile(HoW-cond),Fox_retail_Manie,124,Fox,schedule,3,172.62577698158896,839.3356413892254,439.8157769815891,375.1485531895263
HOW-profile(HoW-cond),Hog_education_Bruno,124,Hog,drift,3,46417.54410572455,46488.48991110774,46480.155105724545,45620.772353297856
HOW-profile(HoW-cond),Hog_education_Bruno,124,Hog,drift,1,9812.30313173102,10613.717986548276,10537.05813173102,9903.7672574311
HOW-profile(HoW-cond),Hog_education_Bruno,124,Hog,drift,2,6595.295146158791,6049.144154652606,5979.473646158791,5654.727082920842
HOW-profile(HoW-cond),Hog_education_Bruno,124,Hog,spike,1,299.2891721906774,292.53317219067753,291.6751721906775,276.0991275351874
HOW-profile(HoW-cond),Hog_education_Bruno,124,Hog,drift,1,8137.5103929530915,8973.52404181322,8145.767392953093,8263.573312696044
HOW-profile(HoW-cond),Hog_education_Bruno,124,Hog,spike,1,291.6501178934577,300.40311789345765,298.6711178934577,287.2558821690655
HOW-profile(HoW-cond),Hog_education_Caridad,124,Hog,drift,2,26559.114233147706,13672.404267300337,11282.469233147702,6899.886259819119
HOW-profile(HoW-cond),Hog_education_Caridad,124,Hog,schedule,2,5586.936543560644,45.66599999999994,-59147.36945643936,0.0
HOW-profile(HoW-cond),Hog_education_Caridad,124,Hog,drift,1,28961.841270979025,14311.986869261553,10053.067770979023,3475.9580572916075
HOW-profile(HoW-cond),Hog_education_Caridad,124,Hog,spike,1,3232.119287388384,2769.3752873883836,2769.3752873883836,2712.93763732604
HOW-profile(HoW-cond),Hog_education_Caridad,124,Hog,schedule,3,7326.264039132635,466.4507594204592,-13129.386960867365,0.0
HOW-profile(HoW-cond),Hog_education_Caridad,124,Hog,spike,1,6005.765793875593,6288.003793875593,6288.003793875593,6062.253193626219
HOW-profile(HoW-cond),Hog_education_Josh,124,Hog,spike,1,594.6326420608618,512.2496420608618,485.06064206086177,429.1212344270357
HOW-profile(HoW-cond),Hog_education_Josh,124,Hog,schedule,2,1475.452371600362,136.46655283094563,-3271.9316283996377,0.0
HOW-profile(HoW-cond),Hog_education_Josh,124,Hog,drift,3,16691.47805798628,23436.70405798628,23436.70405798628,20244.57320484736
HOW-profile(HoW-cond),Hog_education_Josh,124,Hog,spike,3,765.3532648336346,889.8927648336347,889.8927648336347,840.015720253339
HOW-profile(HoW-cond),Hog_education_Josh,124,Hog,spike,3,668.1453240628807,922.1953240628808,922.1953240628808,872.3182794825851
HOW-profile(HoW-cond),Hog_education_Josh,124,Hog,drift,1,2891.321119750779,14551.620619750778,14551.620619750778,11758.50612325422
HOW-profile(HoW-cond),Hog_education_Luvenia,124,Hog,drift,3,36139.97417896839,40173.02217896839,40173.02217896839,38577.75523936258
HOW-profile(HoW-cond),Hog_education_Luvenia,124,Hog,drift,1,8901.64724636137,2684.2118571195283,339.64274636136906,861.0496404271689
HOW-profile(HoW-cond),Hog_education_Luvenia,124,Hog,drift,3,107739.74583786631,98312.19436613006,96753.7318378663,95577.45104109152
HOW-profile(HoW-cond),Hog_education_Luvenia,124,Hog,drift,3,16462.105680988763,16052.28510606135,16012.148680988768,14912.808720628624
HOW-profile(HoW-cond),Hog_education_Luvenia,124,Hog,spike,2,909.4970148676152,1088.5990148676156,1088.5990148676156,1050.6164686865247
HOW-profile(HoW-cond),Hog_education_Luvenia,124,Hog,drift,3,25989.04317118203,28714.57717118203,28714.57717118203,27347.20550866277
HOW-profile(HoW-cond),Hog_office_Almeda,124,Hog,schedule,3,687.7865728908646,1142.984572890865,900.4275728908647,639.5119260797676
HOW-profile(HoW-cond),Hog_office_Almeda,124,Hog,schedule,2,80.57674715737826,1459.750611226807,1342.2757471573784,1040.1900722175594
HOW-profile(HoW-cond),Hog_office_Almeda,124,Hog,drift,1,2065.7478398767325,2714.8739926883336,1045.8648398767318,1707.9286990661394
HOW-profile(HoW-cond),Hog_office_Almeda,124,Hog,spike,3,433.52703801649193,498.6820380164919,498.6820380164919,484.6966867161837
HOW-profile(HoW-cond),Hog_office_Almeda,124,Hog,spike,3,417.9640816562538,416.85808165625383,415.9520816562539,402.8727303559456
HOW-profile(HoW-cond),Hog_office_Almeda,124,Hog,spike,2,136.54824351694936,172.43574351694937,172.43574351694937,165.44306786679525
HOW-profile(HoW-cond),Hog_office_Cortney,124,Hog,spike,2,357.681035451082,340.448035451082,333.582035451082,333.10195538553626
HOW-profile(HoW-cond),Hog_office_Cortney,124,Hog,spike,3,867.3573209702461,952.604320970246,944.904320970246,940.3608541943366
HOW-profile(HoW-cond),Hog_office_Cortney,124,Hog,spike,1,408.4063300315772,389.9808300315773,383.3193300315773,377.7373632556678
HOW-profile(HoW-cond),Hog_office_Cortney,124,Hog,spike,2,272.95887519299555,267.82137519299556,267.82137519299556,265.3726818378137
HOW-profile(HoW-cond),Hog_office_Cortney,124,Hog,schedule,3,371.5476152277705,346.96814706551345,90.86561522777076,53.12494444368548
HOW-profile(HoW-cond),Hog_office_Cortney,124,Hog,spike,1,181.02968838654505,177.35118838654506,177.35118838654506,174.90249503136317
HOW-profile(HoW-cond),Hog_office_Denita,124,Hog,schedule,3,911.8087205658233,852.0278336167557,-1006.0035294341768,351.89818556012614
HOW-profile(HoW-cond),Hog_office_Denita,124,Hog,schedule,2,221.4333585520708,15.574313322364176,-1937.0173914479292,0.0
HOW-profile(HoW-cond),Hog_office_Denita,124,Hog,drift,1,2914.5363022298425,2382.5296991755367,2233.875802229842,1694.851433097671
HOW-profile(HoW-cond),Hog_office_Denita,124,Hog,schedule,2,364.88929710752984,451.3657393360735,281.4425471075297,138.78470930068
HOW-profile(HoW-cond),Hog_office_Denita,124,Hog,drift,3,2702.7509967910933,2460.8418526323185,2408.5949967910933,2085.7446165898464
HOW-profile(HoW-cond),Hog_office_Denita,124,Hog,spike,3,636.4034244866059,693.665424486606,693.665424486606,680.6412149017979
HOW-profile(HoW-cond),Hog_office_Garrett,124,Hog,drift,1,5556.152288561812,5453.5142461802525,3637.5910385618135,2350.813932969711
HOW-profile(HoW-cond),Hog_office_Garrett,124,Hog,schedule,3,6469.905965881119,6305.329331150542,-734.4072841188813,3202.6290179400007
HOW-profile(HoW-cond),Hog_office_Garrett,124,Hog,drift,1,2425.0334129518105,1161.530982222759,-341.2598370481895,0.0
HOW-profile(HoW-cond),Hog_office_Garrett,124,Hog,spike,3,2491.689618857125,2606.655618857125,2606.655618857125,2558.17592646321
HOW-profile(HoW-cond),Hog_office_Garrett,124,Hog,drift,1,26591.048645774314,21217.295140359947,19525.896145774313,16175.407131392818
HOW-profile(HoW-cond),Hog_office_Garrett,124,Hog,spike,1,934.2433043536314,958.3463043536312,928.7843043536312,909.8666119597166
HOW-profile(HoW-cond),Hog_office_Lavon,124,Hog,drift,1,350.1790514100819,5824.047486532786,4393.376301410081,0.0
HOW-profile(HoW-cond),Hog_office_Lavon,124,Hog,drift,3,2544.700922092341,63814.537125482675,63528.40342209234,35473.61574843574
HOW-profile(HoW-cond),Hog_office_Lavon,124,Hog,spike,3,7791.569566645738,8753.216566645737,8753.216566645737,8228.384689293016
HOW-profile(HoW-cond),Hog_office_Lavon,124,Hog,drift,2,1571.1852408501998,1776.2304908501997,1776.2304908501997,0.0
HOW-profile(HoW-cond),Hog_office_Lavon,124,Hog,spike,1,2562.0763129709776,3381.3703129709775,3381.3703129709775,2987.746404956437
HOW-profile(HoW-cond),Hog_office_Lavon,124,Hog,spike,2,3484.1998013300895,4277.507051330089,4277.507051330089,3883.883143315548
HOW-profile(HoW-cond),Hog_office_Merilyn,124,Hog,spike,2,50.65190585486498,45.39940585486498,45.39940585486498,42.60292706662826
HOW-profile(HoW-cond),Hog_office_Merilyn,124,Hog,schedule,3,152.38178728386578,1094.228482295338,1039.8937872838658,490.1890640362062
HOW-profile(HoW-cond),Hog_office_Merilyn,124,Hog,drift,3,1338.0795839605812,600.1027346276646,160.32208396058104,264.5252800392581
HOW-profile(HoW-cond),Hog_office_Merilyn,124,Hog,spike,2,45.062402681060725,35.479402681060726,25.24640268106073,29.886445104587285
HOW-profile(HoW-cond),Hog_office_Merilyn,124,Hog,spike,3,85.3039948781363,95.5279948781363,95.5279948781363,89.93503730166286
HOW-profile(HoW-cond),Hog_office_Merilyn,124,Hog,schedule,3,77.01120943656545,176.51,-57.41429056343455,0.0
HOW-profile(HoW-cond),Hog_office_Miriam,124,Hog,spike,3,64.35778551681808,63.51978551681809,61.79328551681809,61.0533480068885
HOW-profile(HoW-cond),Hog_office_Miriam,124,Hog,drift,2,710.5379465954393,812.0331173877837,771.0129465954394,634.4496166728529
HOW-profile(HoW-cond),Hog_office_Miriam,124,Hog,drift,2,2505.2621881358136,2036.4329459890737,2017.2316881358136,1710.863194678367
HOW-profile(HoW-cond),Hog_office_Miriam,124,Hog,schedule,2,28.96860913554888,290.2860812180732,66.31260913554894,53.50808026483216
HOW-profile(HoW-cond),Hog_office_Miriam,124,Hog,spike,1,54.73908505905362,49.401085059053635,47.29208505905363,44.468210039194446
HOW-profile(HoW-cond),Hog_office_Miriam,124,Hog,drift,3,2729.9115140571216,2467.3095206735857,2422.039514057122,2200.9342696011895
HOW-profile(HoW-cond),Hog_office_Napoleon,124,Hog,drift,2,2540.854333607559,2123.1221173359418,1912.352833607559,1322.150972024992
HOW-profile(HoW-cond),Hog_office_Napoleon,124,Hog,spike,3,551.9924978736196,549.8874978736197,549.5794978736197,523.1884596965881
HOW-profile(HoW-cond),Hog_office_Napoleon,124,Hog,drift,3,31153.41946793941,29030.587831750097,28308.024467939405,26948.06285394163
HOW-profile(HoW-cond),Hog_office_Napoleon,124,Hog,spike,3,273.4514251683141,261.6759251683141,249.2774251683141,248.3264060797983
HOW-profile(HoW-cond),Hog_office_Napoleon,124,Hog,spike,3,327.44329958523474,360.5272995852347,360.5272995852347,347.17778049671887
HOW-profile(HoW-cond),Hog_office_Napoleon,124,Hog,spike,3,305.2755175273484,322.56251752734846,322.56251752734846,309.21299843883264
HOW-profile(HoW-cond),Hog_office_Shawna,124,Hog,spike,3,1539.5136699261304,1517.0436699261306,1516.9096699261306,1485.2003055518298
HOW-profile(HoW-cond),Hog_office_Shawna,124,Hog,spike,2,657.8599513082542,643.2499513082541,640.9479513082541,624.1439326836736
HOW-profile(HoW-cond),Hog_office_Shawna,124,Hog,drift,2,9750.165846063275,11501.318598518208,11469.183846063275,10125.685257548412
HOW-profile(HoW-cond),Hog_office_Shawna,124,Hog,drift,1,3460.430783507374,4726.228965643533,4621.024783507374,3503.4437736703817
HOW-profile(HoW-cond),Hog_office_Shawna,124,Hog,drift,2,8020.109920496582,10642.934185831047,10502.255920496582,9420.148993857896
HOW-profile(HoW-cond),Hog_office_Shawna,124,Hog,drift,3,37201.3147175408,42414.19054947408,42361.1697175408,40580.01276151435
HOW-profile(HoW-cond),Hog_office_Shawnna,124,Hog,schedule,2,2686.9850695181667,1993.389393110532,-7346.752930481834,0.0
HOW-profile(HoW-cond),Hog_office_Shawnna,124,Hog,schedule,2,2339.9254203213586,1397.7469589591055,-5949.868079678642,0.0
HOW-profile(HoW-cond),Hog_office_Shawnna,124,Hog,spike,3,2756.7676249264605,2525.5566249264607,2445.7106249264607,2438.584241902459
HOW-profile(HoW-cond),Hog_office_Shawnna,124,Hog,spike,2,1509.4132712336543,1243.0117712336544,1142.1607712336545,1177.782483965653
HOW-profile(HoW-cond),Hog_office_Shawnna,124,Hog,drift,2,70147.64740535856,53501.491356530285,51303.02940535855,46717.645480658146
HOW-profile(HoW-cond),Hog_office_Shawnna,124,Hog,drift,3,34606.77408644281,19069.125841387744,13825.480586442813,15416.285754379667
HOW-profile(HoW-cond),Hog_office_Sherrie,124,Hog,drift,1,299.9499753120218,315.1434095193435,-464.88052468797815,78.87644022283598
HOW-profile(HoW-cond),Hog_office_Sherrie,124,Hog,drift,1,1723.6191147775007,1869.7226063130456,1763.5131147775005,1397.188667720031
HOW-profile(HoW-cond),Hog_office_Sherrie,124,Hog,drift,3,5648.538585258806,5982.422405858097,5971.362585258807,5588.6441236972505
HOW-profile(HoW-cond),Hog_office_Sherrie,124,Hog,schedule,2,4.347234852761044,199.046,-55.41776514723891,0.0
HOW-profile(HoW-cond),Hog_office_Sherrie,124,Hog,schedule,3,343.59874707536767,480.7410043471301,84.27624707536773,244.4740350506226
HOW-profile(HoW-cond),Hog_office_Sherrie,124,Hog,spike,1,99.29138806902564,95.70788806902564,89.86888806902563,90.78565954201504
HOW-profile(HoW-cond),Hog_office_Shon,124,Hog,drift,1,2182.037256465568,3352.1228989985525,2661.8297564655686,2547.929415185424
HOW-profile(HoW-cond),Hog_office_Shon,124,Hog,spike,2,151.8227361048974,132.9747361048974,132.9747361048974,128.78622837670403
HOW-profile(HoW-cond),Hog_office_Shon,124,Hog,schedule,3,879.862336287282,1506.0023889628942,1404.5338362872817,902.857276103048
HOW-profile(HoW-cond),Hog_office_Shon,124,Hog,schedule,3,1117.8231857134415,2311.2326198404726,2175.3366857134415,1507.0391360273445
HOW-profile(HoW-cond),Hog_office_Shon,124,Hog,drift,2,3701.5660588324217,4207.446914332948,3915.843058832422,3403.2534305198196
HOW-profile(HoW-cond),Hog_office_Shon,124,Hog,drift,2,2737.1461577962623,951.6326419567728,-111.95234220373789,348.48752909692644
HOW-profile(HoW-cond),Hog_office_Sydney,124,Hog,drift,1,8119.592526843504,6232.483500506569,5882.273526843504,5064.605820984688
HOW-profile(HoW-cond),Hog_office_Sydney,124,Hog,spike,1,196.46583991898,184.61583991898004,177.60083991898003,164.34018576061405
HOW-profile(HoW-cond),Hog_office_Sydney,124,Hog,spike,1,85.70597551646374,59.45497551646372,59.45497551646372,55.39984468479052
HOW-profile(HoW-cond),Hog_office_Sydney,124,Hog,spike,2,131.22745681677335,114.12045681677334,114.12045681677334,110.06532598510016
HOW-profile(HoW-cond),Hog_office_Sydney,124,Hog,spike,2,148.69647404756202,137.03647404756202,137.03647404756202,132.9813432158888
HOW-profile(HoW-cond),Hog_office_Sydney,124,Hog,spike,2,174.68537972142465,156.7363797214247,140.8533797214247,148.6261180580783
HOW-profile(HoW-cond),Hog_office_Valda,124,Hog,drift,2,2857.1177976370764,2548.627444149781,2496.6002976370764,2099.7003290331004
HOW-profile(HoW-cond),Hog_office_Valda,124,Hog,spike,3,146.1924647334952,148.47946473349523,148.47946473349523,146.77898323684113
HOW-profile(HoW-cond),Hog_office_Valda,124,Hog,drift,3,4547.513835535305,4617.3788355353045,4617.3788355353045,4168.451720418624
HOW-profile(HoW-cond),Hog_office_Valda,124,Hog,spike,2,90.96816539874968,90.34516539874969,90.34516539874969,88.64468390209558
HOW-profile(HoW-cond),Hog_office_Valda,124,Hog,schedule,3,295.3654460515271,913.5178179938936,889.3649460515271,587.0253706363078
HOW-profile(HoW-cond),Hog_office_Valda,124,Hog,schedule,3,129.23500259287323,457.2265025928732,457.2265025928732,334.7918348337785
HOW-profile(HoW-cond),Lamb_education_Armando,124,Lamb,schedule,3,42.35150572994869,1224.75152526373,1166.401505729949,434.7817558963516
HOW-profile(HoW-cond),Lamb_education_Armando,124,Lamb,drift,2,3545.686108845367,7885.836108845368,7885.836108845368,6644.455042696631
HOW-profile(HoW-cond),Lamb_education_Armando,124,Lamb,drift,2,581.1700915763748,111.11481531109555,-2765.294908423625,0.0
HOW-profile(HoW-cond),Lamb_education_Armando,124,Lamb,drift,3,3408.2489944527274,5136.083218135669,5090.498994452728,4233.260624572951
HOW-profile(HoW-cond),Lamb_education_Armando,124,Lamb,spike,2,221.83527427775363,223.3352742777536,223.3352742777536,218.63307326961444
HOW-profile(HoW-cond),Lamb_education_Armando,124,Lamb,schedule,3,36.35899298629825,694.9974521963443,459.70899298629826,243.58615541498517
HOW-profile(HoW-cond),Lamb_education_Eula,124,Lamb,drift,3,124.56056570809535,155.65466024646287,148.50546570809536,110.93939028227167
HOW-profile(HoW-cond),Lamb_education_Eula,124,Lamb,spike,1,9.411480791510446,9.711480791510446,9.711480791510446,9.090435375341125
HOW-profile(HoW-cond),Lamb_education_Eula,124,Lamb,drift,2,116.574490267412,87.50076697581363,-7.480609732587986,32.8487703529133
HOW-profile(HoW-cond),Lamb_education_Eula,124,Lamb,spike,2,8.906459358942762,10.10645935894276,10.10645935894276,9.692429081496549
HOW-profile(HoW-cond),Lamb_education_Eula,124,Lamb,spike,3,15.085603107142502,15.285603107142505,15.285603107142505,14.87157282969629
HOW-profile(HoW-cond),Lamb_education_Eula,124,Lamb,drift,2,67.55719881227861,247.84504798982823,231.90209881227864,198.1614146962825
HOW-profile(HoW-cond),Lamb_education_Lazaro,124,Lamb,drift,1,461.23669069021577,1158.230861679369,-2051.2074093097845,0.0
HOW-profile(HoW-cond),Lamb_education_Lazaro,124,Lamb,spike,3,400.82250918666176,197.08329137141905,80.08050918666179,162.68814010285217
HOW-profile(HoW-cond),Lamb_education_Lazaro,124,Lamb,drift,1,604.235159033965,323.26771905784506,-6810.861540966034,0.0
HOW-profile(HoW-cond),Lamb_education_Lazaro,124,Lamb,drift,2,497.9093626321239,778.5268512494292,-652.254337367876,0.0
HOW-profile(HoW-cond),Lamb_education_Lazaro,124,Lamb,spike,2,323.27785981812565,266.3662598181256,251.7508598181256,223.37232073241705
HOW-profile(HoW-cond),Lamb_education_Lazaro,124,Lamb,spike,3,216.09390823268615,220.1939082326862,220.1939082326862,211.59512041554447
HOW-profile(HoW-cond),Lamb_education_Lucas,124,Lamb,drift,3,801.2582428094648,1062.0913984165784,1050.2867428094648,980.9651229101172
HOW-profile(HoW-cond),Lamb_education_Lucas,124,Lamb,schedule,3,44.89451201081894,35.271314063218966,-458.487487989181,0.0
HOW-profile(HoW-cond),Lamb_education_Lucas,124,Lamb,spike,3,133.8321468000379,132.64114680003786,132.64114680003786,130.95101606031992
HOW-profile(HoW-cond),Lamb_education_Lucas,124,Lamb,drift,3,273.9606663738274,431.56520302930386,426.9706663738274,382.88943772542706
HOW-profile(HoW-cond),Lamb_education_Lucas,124,Lamb,spike,3,142.6454074837294,141.38140748372942,141.1064074837294,139.69127674401147
HOW-profile(HoW-cond),Lamb_education_Lucas,124,Lamb,drift,1,38.67614445359179,205.49363958005137,175.03864445359176,164.9305018268207
HOW-profile(HoW-cond),Lamb_education_Mae,124,Lamb,spike,1,323.07918229430084,364.7291822943008,364.7291822943008,338.039016194643
HOW-profile(HoW-cond),Lamb_education_Mae,124,Lamb,spike,2,516.0264638666401,523.1764638666401,523.1764638666401,501.8243309869139
HOW-profile(HoW-cond),Lamb_education_Mae,124,Lamb,drift,2,3932.5231562095887,7106.125771119268,7079.2042562095885,5824.997798335695
HOW-profile(HoW-cond),Lamb_education_Mae,124,Lamb,spike,2,212.59441880931385,208.27401880931384,203.22401880931383,197.59795236945072
HOW-profile(HoW-cond),Lamb_education_Mae,124,Lamb,drift,3,2958.7246626678852,1606.9847529525186,-460.0671373321142,838.3079692823746
HOW-profile(HoW-cond),Lamb_education_Mae,124,Lamb,spike,1,162.31276356035605,211.81276356035607,211.81276356035607,206.47473034042451
HOW-profile(HoW-cond),Lamb_education_Williams,124,Lamb,drift,1,746.3809443232789,1816.2183962503736,-461.3190556767213,1293.1207142883272
HOW-profile(HoW-cond),Lamb_education_Williams,124,Lamb,drift,1,639.2960181545328,1520.0566799207336,1202.446218154533,1044.5133326825098
HOW-profile(HoW-cond),Lamb_education_Williams,124,Lamb,drift,3,4579.005177313596,3754.932847112764,1181.705177313595,3136.726495703073
HOW-profile(HoW-cond),Lamb_education_Williams,124,Lamb,schedule,3,245.34222782811088,781.1449179727624,573.8930278281108,448.2645749060057
HOW-profile(HoW-cond),Lamb_education_Williams,124,Lamb,spike,1,225.11065302241795,225.41065302241796,225.01065302241796,217.48493056844757
HOW-profile(HoW-cond),Lamb_education_Williams,124,Lamb,schedule,2,120.36486662932188,1456.8737125917628,1203.6654666293218,1028.8847000773612
HOW-profile(HoW-cond),Lamb_office_Caitlin,124,Lamb,spike,2,287.84152497083744,285.14152497083745,280.14152497083745,270.8279068076969
HOW-profile(HoW-cond),Lamb_office_Caitlin,124,Lamb,drift,1,174.86513893786412,18.743694548172737,-4328.534861062135,0.0
HOW-profile(HoW-cond),Lamb_office_Caitlin,124,Lamb,schedule,1,45.94439519567189,0.0,-3359.755604804328,0.0
HOW-profile(HoW-cond),Lamb_office_Caitlin,124,Lamb,drift,3,1366.1223200641446,2448.807373493656,-2091.477679935855,1074.7000298321614
HOW-profile(HoW-cond),Lamb_office_Caitlin,124,Lamb,spike,3,499.75478148973514,388.4547814897351,300.9547814897351,366.9843542450243
HOW-profile(HoW-cond),Lamb_office_Caitlin,124,Lamb,spike,3,914.2945579554216,899.1945579554216,896.3445579554216,863.4105125475702
HOW-profile(HoW-cond),Lamb_office_Velma,124,Lamb,spike,2,712.063480372273,762.8634803722732,762.8634803722732,730.7761338701915
HOW-profile(HoW-cond),Lamb_office_Velma,124,Lamb,schedule,2,5.02976783064522,2360.8,1959.8797678306453,1128.6458943200646
HOW-profile(HoW-cond),Lamb_office_Velma,124,Lamb,spike,1,402.868816575697,467.868816575697,467.868816575697,442.1989393740317
HOW-profile(HoW-cond),Lamb_office_Velma,124,Lamb,spike,2,716.8389665969552,692.0389665969551,681.638966596955,659.9516200948734
HOW-profile(HoW-cond),Lamb_office_Velma,124,Lamb,drift,2,3639.54112623905,6179.091126239051,6179.091126239051,5100.956283769107
HOW-profile(HoW-cond),Lamb_office_Velma,124,Lamb,drift,3,7579.385515407095,9513.435515407094,9513.435515407094,8435.30067293715
HOW-profile(HoW-cond),Rat_retail_Jeffrey,124,Rat,spike,1,291.60367573257804,250.77367573257803,239.00367573257805,227.9724368817901
HOW-profile(HoW-cond),Rat_retail_Jeffrey,124,Rat,spike,2,475.52021965664414,484.6802196566441,473.90021965664414,466.4392285760137
HOW-profile(HoW-cond),Rat_retail_Jeffrey,124,Rat,drift,2,2154.4490308847585,3217.542383034905,3201.199030884759,2560.8667041322105
HOW-profile(HoW-cond),Rat_retail_Jeffrey,124,Rat,spike,1,138.38502458085736,149.56002458085734,149.56002458085734,144.99977681069976
HOW-profile(HoW-cond),Rat_retail_Jeffrey,124,Rat,drift,1,610.2952989490467,870.5134605269159,753.4052989490468,323.2837281080044
HOW-profile(HoW-cond),Rat_retail_Jeffrey,124,Rat,spike,3,473.6194993456267,513.7144993456268,513.7144993456268,500.033756035154
HOW-profile(HoW-cond),Robin_education_Zenia,124,Robin,drift,1,9085.837298458526,27947.243998458525,27947.243998458525,25107.37933233131
HOW-profile(HoW-cond),Robin_education_Zenia,124,Robin,drift,3,29233.784782501494,46492.9920825015,46492.9920825015,44090.02967270155
HOW-profile(HoW-cond),Robin_education_Zenia,124,Robin,drift,3,19698.159837123923,34623.52338712393,34623.52338712393,32657.463233651244
HOW-profile(HoW-cond),Robin_education_Zenia,124,Robin,spike,3,234.24180318846012,298.04180318846016,298.04180318846016,288.9396728483088
HOW-profile(HoW-cond),Robin_education_Zenia,124,Robin,drift,2,8507.294132048073,19911.467132048077,19911.467132048077,18163.858106739022
HOW-profile(HoW-cond),Robin_education_Zenia,124,Robin,spike,1,103.7809107783848,174.85591077838478,174.85591077838478,165.75378043823346
HOW-profile(HoW-cond),Robin_office_Dina,124,Robin,drift,1,1671.5645498087358,2906.061796920545,2896.480249808736,2352.4441687924627
HOW-profile(HoW-cond),Robin_office_Dina,124,Robin,spike,3,76.99172519770566,84.99172519770566,84.99172519770566,81.44289424816668
HOW-profile(HoW-cond),Robin_office_Dina,124,Robin,drift,2,1361.1516267334248,1644.4729926984403,1535.0108767334243,1346.3711929371657
HOW-profile(HoW-cond),Robin_office_Dina,124,Robin,spike,1,54.39925792780521,56.39925792780521,56.39925792780521,51.07601150349673
HOW-profile(HoW-cond),Robin_office_Dina,124,Robin,spike,3,106.22402211052074,108.22402211052072,108.22402211052072,102.90077568621224
HOW-profile(HoW-cond),Robin_office_Dina,124,Robin,spike,2,100.90720420303032,121.15720420303032,121.15720420303032,114.05954230395236
HOW-profile(HoW-cond),Robin_office_Sammie,124,Robin,drift,2,8193.376963553696,8479.348494360207,8468.922163553696,7148.536888283088
HOW-profile(HoW-cond),Robin_office_Sammie,124,Robin,spike,2,264.22219886949006,230.0405988694901,229.6905988694901,202.3153570762168
HOW-profile(HoW-cond),Robin_office_Sammie,124,Robin,drift,2,2188.0140383288563,2943.1960208056953,2785.589938328856,2277.790217767136
HOW-profile(HoW-cond),Robin_office_Sammie,124,Robin,spike,3,325.76388530020796,325.24458530020786,325.24458530020786,303.0643918655892
HOW-profile(HoW-cond),Robin_office_Sammie,124,Robin,drift,3,10950.46293039176,9631.433979725289,9557.92193039176,8433.70353425588
HOW-profile(HoW-cond),Robin_office_Sammie,124,Robin,schedule,2,283.6852349670226,933.0805309415512,-516.3807650329773,0.0
HOW-profile(HoW-cond),Shrew_office_Doris,124,Shrew,spike,3,967.677461342442,892.5774613424421,873.5774613424421,869.924090447885
HOW-profile(HoW-cond),Shrew_office_Doris,124,Shrew,drift,2,13274.214899719287,14358.956393195163,14357.264899719288,13135.674364889075
HOW-profile(HoW-cond),Shrew_office_Doris,124,Shrew,drift,3,16874.680037500937,19154.780037500936,19154.780037500936,18067.418234562192
HOW-profile(HoW-cond),Shrew_office_Doris,124,Shrew,drift,2,21097.276446337128,20545.536126205036,20526.126446337126,18914.493421796917
HOW-profile(HoW-cond),Shrew_office_Doris,124,Shrew,spike,3,1269.3416243658437,1225.741624365843,1214.741624365843,1197.424910747647
HOW-profile(HoW-cond),Shrew_office_Doris,124,Shrew,spike,1,492.6340337493294,450.58403374932936,449.6340337493293,422.26732013113286
HOW-profile(HoW-cond),Shrew_office_Ila,124,Shrew,drift,1,2996.99212687992,3621.2553992585754,2742.84212687992,2819.574487757719
HOW-profile(HoW-cond),Shrew_office_Ila,124,Shrew,drift,3,17305.03319043162,16530.846026226514,16122.083190431616,15729.165114725658
HOW-profile(HoW-cond),Shrew_office_Ila,124,Shrew,spike,3,725.0771146387649,748.7771146387649,748.7771146387649,733.9311718331935
HOW-profile(HoW-cond),Shrew_office_Ila,124,Shrew,spike,1,146.5948962159231,170.1948962159231,170.1948962159231,162.7719248131374
HOW-profile(HoW-cond),Shrew_office_Ila,124,Shrew,drift,2,4621.5561975259025,5422.679946540273,5420.106197525903,4888.226005539702
HOW-profile(HoW-cond),Shrew_office_Ila,124,Shrew,spike,3,673.7401307453438,790.9401307453438,790.9401307453438,776.0941879397724
HOW-profile(HoW-cond),Shrew_office_Kenneth,124,Shrew,drift,2,1498.5085912518607,3141.4585912518605,3141.4585912518605,2437.370530863326
HOW-profile(HoW-cond),Shrew_office_Kenneth,124,Shrew,drift,3,2842.3791870818204,981.6283949791236,474.879187081821,277.5403345905895
HOW-profile(HoW-cond),Shrew_office_Kenneth,124,Shrew,spike,2,90.89096949254512,81.14096949254512,72.99096949254513,73.80671886349789
HOW-profile(HoW-cond),Shrew_office_Kenneth,124,Shrew,spike,1,62.498642336023934,68.79864233602393,68.79864233602393,65.13151702150031
HOW-profile(HoW-cond),Shrew_office_Kenneth,124,Shrew,spike,3,300.9768943363502,268.57689433635016,259.2768943363502,250.24126776373208
HOW-profile(HoW-cond),Shrew_office_Kenneth,124,Shrew,spike,1,132.02422580194082,146.07422580194083,146.07422580194083,127.73859922932274
HOW-profile(HoW-cond),Shrew_office_Nora,124,Shrew,drift,3,13959.850749005422,14192.709429064187,14084.350749005422,13517.012016271963
HOW-profile(HoW-cond),Shrew_office_Nora,124,Shrew,spike,1,260.69750787688605,262.49750787688606,262.49750787688606,254.45349105793105
HOW-profile(HoW-cond),Shrew_office_Nora,124,Shrew,drift,1,4665.425658313194,4611.303050582468,4581.325658313192,3742.549234135324
HOW-profile(HoW-cond),Shrew_office_Nora,124,Shrew,drift,3,26280.58367879771,26028.217340454656,26027.53367879771,25062.935322180052
HOW-profile(HoW-cond),Shrew_office_Nora,124,Shrew,spike,1,548.8590061520682,525.7590061520682,523.5590061520682,505.6489641046806
HOW-profile(HoW-cond),Shrew_office_Nora,124,Shrew,spike,2,390.28208907425113,387.5820890742512,382.6820890742512,379.5380722552962
HOW-profile(HoW-cond),Shrew_office_Sherill,124,Shrew,spike,3,1285.7986614249328,1074.7986614249328,982.2986614249328,1054.836487333776
HOW-profile(HoW-cond),Shrew_office_Sherill,124,Shrew,drift,2,6816.240253363444,7109.940718238582,6955.040253363444,6311.45375459231
HOW-profile(HoW-cond),Shrew_office_Sherill,124,Shrew,spike,1,809.928865577001,412.92886557700103,367.42886557700103,386.31263345545864
HOW-profile(HoW-cond),Shrew_office_Sherill,124,Shrew,drift,3,19918.04479791922,21568.644797919223,21568.644797919223,20450.76304881444
HOW-profile(HoW-cond),Shrew_office_Sherill,124,Shrew,spike,1,982.0393289635584,790.0393289635585,782.5393289635585,756.7690388116306
HOW-profile(HoW-cond),Shrew_office_Sherill,124,Shrew,spike,3,1418.5189408034698,1359.7689408034698,1332.5189408034698,1339.806766712313
HOW-profile(HoW-cond),Wolf_office_Darleen,124,Wolf,drift,3,4246.600657922468,1911.9508815476784,953.1006579224676,1592.5560960891698
HOW-profile(HoW-cond),Wolf_office_Darleen,124,Wolf,drift,3,4976.241380732559,5934.894096726729,5587.241380732559,5580.01100177283
HOW-profile(HoW-cond),Wolf_office_Darleen,124,Wolf,spike,3,254.48626821207995,253.48626821207995,252.48626821207995,249.05022952515623
HOW-profile(HoW-cond),Wolf_office_Darleen,124,Wolf,schedule,3,98.90988369231172,1134.159181529546,207.4098836923117,814.7643960710375
HOW-profile(HoW-cond),Wolf_office_Darleen,124,Wolf,spike,2,263.59770868297966,247.0977086829797,244.0977086829797,239.7043108714401
HOW-profile(HoW-cond),Wolf_office_Darleen,124,Wolf,drift,3,3387.5794404471744,3214.3874194322266,3197.0794404471744,2930.480943469108
HOW-profile(HoW-cond),Wolf_retail_Harriett,124,Wolf,spike,1,109.46943691528074,138.76943691528075,138.76943691528075,123.29653397529076
HOW-profile(HoW-cond),Wolf_retail_Harriett,124,Wolf,drift,2,3442.80368568748,4336.91102950273,3834.252606627651,3222.8620178234523
HOW-profile(HoW-cond),Wolf_retail_Harriett,124,Wolf,spike,2,118.095825507048,131.067075507048,131.067075507048,125.909441193718
HOW-profile(HoW-cond),Wolf_retail_Harriett,124,Wolf,spike,2,95.23365086904356,101.0761508690436,101.0761508690436,95.9185165557136
HOW-profile(HoW-cond),Wolf_retail_Harriett,124,Wolf,drift,1,915.269426851574,2143.9617593034436,1771.3344428772148,1277.4791946640053
HOW-profile(HoW-cond),Wolf_retail_Harriett,124,Wolf,schedule,2,16.811704598329925,437.74541666666664,-349.47746206833676,0.0
HOW-profile(HoW-cond),Wolf_retail_Marcella,124,Wolf,drift,1,77.19480955887502,213.41098676185248,138.582309558875,139.86146533265702
HOW-profile(HoW-cond),Wolf_retail_Marcella,124,Wolf,spike,3,54.744085512607896,78.45908551260788,78.45908551260788,76.00743479830138
HOW-profile(HoW-cond),Wolf_retail_Marcella,124,Wolf,drift,3,805.9237291893736,1107.172279787762,1104.6887291893736,974.7831412152104
HOW-profile(HoW-cond),Wolf_retail_Marcella,124,Wolf,drift,2,245.1612452558267,318.5617662398868,244.70749525582676,230.3023405248523
HOW-profile(HoW-cond),Wolf_retail_Marcella,124,Wolf,spike,1,15.299112680094524,14.737862680094524,14.737862680094524,14.124950001517895
HOW-profile(HoW-cond),Wolf_retail_Marcella,124,Wolf,drift,1,161.5415176515241,349.51022842699905,233.2527676515241,202.41118556860815
HOW-profile(HoW-cond),Wolf_retail_Toshia,124,Wolf,spike,3,813.8222848184951,778.0097848184951,768.786034818495,758.7899078676169
HOW-profile(HoW-cond),Wolf_retail_Toshia,124,Wolf,spike,3,1170.5817793556578,1171.014279355658,1169.661779355658,1146.98943316706
HOW-profile(HoW-cond),Wolf_retail_Toshia,124,Wolf,schedule,3,146.55404856680667,2022.348586662745,322.52904856680675,1445.752278136399
HOW-profile(HoW-cond),Wolf_retail_Toshia,124,Wolf,schedule,3,196.04409342229565,453.8317506097279,113.18159342229572,107.87396549392024
HOW-profile(HoW-cond),Wolf_retail_Toshia,124,Wolf,drift,1,1058.247230158493,2169.083683972961,1631.2534801584927,1131.2103286255378
HOW-profile(HoW-cond),Wolf_retail_Toshia,124,Wolf,spike,1,354.7456702313118,257.0441380631554,185.06692023131183,237.8242611122772
TOWT(HoW-cond),Fox_education_Henrietta,124,Fox,schedule,3,60.315560882006025,1505.6316694321197,1499.300627314536,1156.2846661914616
TOWT(HoW-cond),Fox_education_Henrietta,124,Fox,spike,3,167.26170856365857,186.9749539639485,186.9749539639485,179.6968913964348
TOWT(HoW-cond),Fox_education_Henrietta,124,Fox,spike,1,78.18136394771389,56.36602670319599,52.30567550315715,47.26844849380386
TOWT(HoW-cond),Fox_education_Henrietta,124,Fox,schedule,3,183.66365980408145,197.2329038876064,13.310907131216254,0.0
TOWT(HoW-cond),Fox_education_Henrietta,124,Fox,drift,1,520.3709604977303,2213.8145366098033,2207.8312142400637,1820.799157964063
TOWT(HoW-cond),Fox_education_Henrietta,124,Fox,spike,2,61.819841831657534,69.15900884208297,69.15900884208297,67.33949320020454
TOWT(HoW-cond),Fox_retail_Manie,124,Fox,spike,3,360.3097782259958,322.33113465226256,307.1641767482421,304.99510367676845
TOWT(HoW-cond),Fox_retail_Manie,124,Fox,schedule,3,705.5814088582074,1570.0669304294347,-444.4284190347006,460.5609479978107
TOWT(HoW-cond),Fox_retail_Manie,124,Fox,spike,3,598.2254276518972,564.409375282931,536.5615421276186,535.5159903237742
TOWT(HoW-cond),Fox_retail_Manie,124,Fox,drift,2,1941.7014736338524,2270.441526700357,465.1071412426429,1299.6237920726858
TOWT(HoW-cond),Fox_retail_Manie,124,Fox,spike,1,155.21794966966723,84.72382636357254,21.985258302760137,67.38779538807842
TOWT(HoW-cond),Fox_retail_Manie,124,Fox,schedule,3,172.62577698158896,804.4520380309664,427.20181739264694,249.69904681515436
TOWT(HoW-cond),Hog_education_Bruno,124,Hog,drift,3,46417.54410572455,45731.0215494904,45700.269579566666,43909.70190033282
TOWT(HoW-cond),Hog_education_Bruno,124,Hog,drift,1,9812.30313173102,10353.361718204622,10284.261769769544,8863.191096166593
TOWT(HoW-cond),Hog_education_Bruno,124,Hog,drift,2,6595.295146158791,6637.026325369862,6618.77022318316,5809.153757570957
TOWT(HoW-cond),Hog_education_Bruno,124,Hog,spike,1,299.2891721906774,341.5293286606401,341.5293286606401,307.0346383356857
TOWT(HoW-cond),Hog_education_Bruno,124,Hog,drift,1,8137.5103929530915,9348.119608795272,8641.70714582518,7857.948986757243
TOWT(HoW-cond),Hog_education_Bruno,124,Hog,spike,1,291.6501178934577,297.06335457758433,293.4882306432766,269.46760231762084
TOWT(HoW-cond),Hog_education_Caridad,124,Hog,drift,2,26559.114233147706,41899.40366708211,41899.40366708211,24860.794011997
TOWT(HoW-cond),Hog_education_Caridad,124,Hog,schedule,2,5586.936543560644,1053.6631133991064,-46831.85751038453,0.0
TOWT(HoW-cond),Hog_education_Caridad,124,Hog,drift,1,28961.841270979025,53850.535672513055,53827.01624361469,26588.76022437689
TOWT(HoW-cond),Hog_education_Caridad,124,Hog,spike,1,3232.119287388384,2518.757472950231,2518.757472950231,2376.7690591578553
TOWT(HoW-cond),Hog_education_Caridad,124,Hog,schedule,3,7326.264039132635,8156.078798207164,-1316.9285253855164,0.0
TOWT(HoW-cond),Hog_education_Caridad,124,Hog,spike,1,6005.765793875593,7101.19517767833,7101.19517767833,6533.241522508826
TOWT(HoW-cond),Hog_education_Josh,124,Hog,spike,1,594.6326420608618,433.430665747915,374.1125502563772,358.9719680268469
TOWT(HoW-cond),Hog_education_Josh,124,Hog,schedule,2,1475.452371600362,0.0,-5799.5249199469945,0.0
TOWT(HoW-cond),Hog_education_Josh,124,Hog,drift,3,16691.47805798628,20063.81798643102,20063.81798643102,17204.603993942008
TOWT(HoW-cond),Hog_education_Josh,124,Hog,spike,3,765.3532648336346,833.2211100654353,833.2211100654353,788.5458914327944
TOWT(HoW-cond),Hog_education_Josh,124,Hog,spike,3,668.1453240628807,859.2975462852755,859.2975462852755,814.6223276526347
TOWT(HoW-cond),Hog_education_Josh,124,Hog,drift,1,2891.321119750779,14639.047079127531,14629.93336760253,12137.234835699648
TOWT(HoW-cond),Hog_education_Luvenia,124,Hog,drift,3,36139.97417896839,40183.17130232875,40183.17130232875,38644.398287019874
TOWT(HoW-cond),Hog_education_Luvenia,124,Hog,drift,1,8901.64724636137,2988.139722880453,1118.763582529022,1229.5419910988794
TOWT(HoW-cond),Hog_education_Luvenia,124,Hog,drift,3,107739.74583786631,98824.88562697568,97398.13591638736,96186.98902930332
TOWT(HoW-cond),Hog_education_Luvenia,124,Hog,drift,3,16462.105680988763,16662.853297479898,16634.06556569815,15563.729715116417
TOWT(HoW-cond),Hog_education_Luvenia,124,Hog,spike,2,909.4970148676152,1153.9599867516297,1153.9599867516297,1117.32253400618
TOWT(HoW-cond),Hog_education_Luvenia,124,Hog,drift,3,25989.04317118203,28858.55021711585,28858.55021711585,27539.60191827967
TOWT(HoW-cond),Hog_office_Almeda,124,Hog,schedule,3,687.7865728908646,975.0801449209694,615.1131013352433,338.7610598447161
TOWT(HoW-cond),Hog_office_Almeda,124,Hog,schedule,2,80.57674715737826,1239.6217446142796,1011.8075488219092,709.3558403840685
TOWT(HoW-cond),Hog_office_Almeda,124,Hog,drift,1,2065.7478398767325,1970.5047344755867,-71.872008241108,697.8665643230802
TOWT(HoW-cond),Hog_office_Almeda,124,Hog,spike,3,433.52703801649193,487.4947821993679,487.4947821993679,469.81925205836086
TOWT(HoW-cond),Hog_office_Almeda,124,Hog,spike,3,417.9640816562538,415.44734900281014,414.4129194763375,397.7718188618031
TOWT(HoW-cond),Hog_office_Almeda,124,Hog,spike,2,136.54824351694936,164.19939676308303,164.19939676308303,155.36163169257952
TOWT(HoW-cond),Hog_office_Cortney,124,Hog,spike,2,357.681035451082,341.9017268723172,335.5414011655837,333.8880293798826
TOWT(HoW-cond),Hog_office_Cortney,124,Hog,spike,3,867.3573209702461,913.2410005484842,903.6625586974184,899.8848380610931
TOWT(HoW-cond),Hog_office_Cortney,124,Hog,spike,1,408.4063300315772,380.837843418228,372.1969424115373,367.48168093083694
TOWT(HoW-cond),Hog_office_Cortney,124,Hog,spike,2,272.95887519299555,265.45327598180614,265.45327598180614,262.7820434843279
TOWT(HoW-cond),Hog_office_Cortney,124,Hog,schedule,3,371.5476152277705,353.03141299052277,-62.629433842358,32.48351329313755
TOWT(HoW-cond),Hog_office_Cortney,124,Hog,spike,1,181.02968838654505,175.5084822506108,175.5084822506108,172.8372497531326
TOWT(HoW-cond),Hog_office_Denita,124,Hog,schedule,3,911.8087205658233,742.8869503558785,-1107.340415988907,220.0214365827916
TOWT(HoW-cond),Hog_office_Denita,124,Hog,schedule,2,221.4333585520708,3.452042068958008,-2035.9758194850597,0.0
TOWT(HoW-cond),Hog_office_Denita,124,Hog,drift,1,2914.5363022298425,2624.3357314763125,2444.5886099187146,1905.395650038318
TOWT(HoW-cond),Hog_office_Denita,124,Hog,schedule,2,364.88929710752984,566.574967119866,376.33442573703417,239.7840210116866
TOWT(HoW-cond),Hog_office_Denita,124,Hog,drift,3,2702.7509967910933,2662.0731935242648,2597.4201130244896,2269.9240581944496
TOWT(HoW-cond),Hog_office_Denita,124,Hog,spike,3,636.4034244866059,686.1700793503703,686.1700793503703,672.5537899291962
TOWT(HoW-cond),Hog_office_Garrett,124,Hog,drift,1,5556.152288561812,9370.466667721008,7805.344308140828,3172.0578244964745
TOWT(HoW-cond),Hog_office_Garrett,124,Hog,schedule,3,6469.905965881119,9142.062042948077,2385.6112774703574,2943.6531997235434
TOWT(HoW-cond),Hog_office_Garrett,124,Hog,drift,1,2425.0334129518105,1021.7855833157364,-2852.8212614858985,0.0
TOWT(HoW-cond),Hog_office_Garrett,124,Hog,spike,3,2491.689618857125,2718.8987079674994,2718.8987079674994,2622.048569792116
TOWT(HoW-cond),Hog_office_Garrett,124,Hog,drift,1,26591.048645774314,12906.123936313395,5347.967618526964,2833.7095660735304
TOWT(HoW-cond),Hog_office_Garrett,124,Hog,spike,1,934.2433043536314,643.9666503065866,500.7987445995567,547.1165121312033
TOWT(HoW-cond),Hog_office_Lavon,124,Hog,drift,1,350.1790514100819,17721.10322382464,16488.61684865082,6855.182323060348
TOWT(HoW-cond),Hog_office_Lavon,124,Hog,drift,3,2544.700922092341,43116.33448245807,20677.23087886026,29145.86475290398
TOWT(HoW-cond),Hog_office_Lavon,124,Hog,spike,3,7791.569566645738,8629.535094887848,8629.535094887848,8370.822692488699
TOWT(HoW-cond),Hog_office_Lavon,124,Hog,drift,2,1571.1852408501998,16969.582466537006,15413.305306623784,1446.838322588017
TOWT(HoW-cond),Hog_office_Lavon,124,Hog,spike,1,2562.0763129709776,3349.168282825162,3349.168282825162,3155.1339810257996
TOWT(HoW-cond),Hog_office_Lavon,124,Hog,spike,2,3484.1998013300895,4324.955701322964,4324.955701322964,4130.921399523601
TOWT(HoW-cond),Hog_office_Merilyn,124,Hog,spike,2,50.65190585486498,51.3467053256248,51.3467053256248,49.52842878099949
TOWT(HoW-cond),Hog_office_Merilyn,124,Hog,schedule,3,152.38178728386578,1249.222354447223,1201.107612539443,856.4746208081551
TOWT(HoW-cond),Hog_office_Merilyn,124,Hog,drift,3,1338.0795839605812,1373.328779359883,1371.054979775426,1155.1355940048452
TOWT(HoW-cond),Hog_office_Merilyn,124,Hog,spike,2,45.062402681060725,44.77533591999745,42.89571213402162,41.13878283074682
TOWT(HoW-cond),Hog_office_Merilyn,124,Hog,spike,3,85.3039948781363,90.57712026116496,90.57712026116496,86.94056717191432
TOWT(HoW-cond),Hog_office_Merilyn,124,Hog,schedule,3,77.01120943656545,247.085177728656,134.61495923972572,72.53062944462579
TOWT(HoW-cond),Hog_office_Miriam,124,Hog,spike,3,64.35778551681808,65.49084939465601,63.67693033033704,63.000591187684506
TOWT(HoW-cond),Hog_office_Miriam,124,Hog,drift,2,710.5379465954393,870.5491106208204,836.0371853122136,691.2505197188723
TOWT(HoW-cond),Hog_office_Miriam,124,Hog,drift,2,2505.2621881358136,2117.8785059626466,2100.924234522309,1789.1644226424082
TOWT(HoW-cond),Hog_office_Miriam,124,Hog,schedule,2,28.96860913554888,253.19582814955623,62.05093888776186,14.131040280292012
TOWT(HoW-cond),Hog_office_Miriam,124,Hog,spike,1,54.73908505905362,47.38525465235412,44.67266496750628,42.40473823841111
TOWT(HoW-cond),Hog_office_Miriam,124,Hog,drift,3,2729.9115140571216,2484.155075148634,2446.99385990017,2215.207188795712
TOWT(HoW-cond),Hog_office_Napoleon,124,Hog,drift,2,2540.854333607559,2159.251163134978,1907.2689267511903,1289.1584351848746
TOWT(HoW-cond),Hog_office_Napoleon,124,Hog,spike,3,551.9924978736196,553.3347897244573,553.3347897244573,524.3316987927872
TOWT(HoW-cond),Hog_office_Napoleon,124,Hog,drift,3,31153.41946793941,28970.916113188763,28291.6955412564,26708.675020518494
TOWT(HoW-cond),Hog_office_Napoleon,124,Hog,spike,3,273.4514251683141,258.1411069289902,243.39947081488788,243.63956146315516
TOWT(HoW-cond),Hog_office_Napoleon,124,Hog,spike,3,327.44329958523474,365.1823898015036,365.1823898015036,350.6808443356685
TOWT(HoW-cond),Hog_office_Napoleon,124,Hog,spike,3,305.2755175273484,326.34461222852065,326.34461222852065,311.84306676268557
TOWT(HoW-cond),Hog_office_Shawna,124,Hog,spike,3,1539.5136699261304,1497.387296173123,1493.8474904640802,1458.195958250718
TOWT(HoW-cond),Hog_office_Shawna,124,Hog,spike,2,657.8599513082542,628.4071357006674,618.6667589507126,604.8923329472243
TOWT(HoW-cond),Hog_office_Shawna,124,Hog,drift,2,9750.165846063275,10783.961182979536,10591.291165989369,9090.895384731632
TOWT(HoW-cond),Hog_office_Shawna,124,Hog,drift,1,3460.430783507374,4222.032163804752,3828.7722397159578,2717.084787584394
TOWT(HoW-cond),Hog_office_Shawna,124,Hog,drift,2,8020.109920496582,9691.31035354156,9540.42466319993,8186.3629773212015
TOWT(HoW-cond),Hog_office_Shawna,124,Hog,drift,3,37201.3147175408,41054.62257177941,40991.385553188506,38797.20150744887
TOWT(HoW-cond),Hog_office_Shawnna,124,Hog,schedule,2,2686.9850695181667,2882.062915999133,-4431.986672097275,0.0
TOWT(HoW-cond),Hog_office_Shawnna,124,Hog,schedule,2,2339.9254203213586,2798.725409993946,-2193.2183418720406,0.0
TOWT(HoW-cond),Hog_office_Shawnna,124,Hog,spike,3,2756.7676249264605,2452.4651010190028,2365.66186343795,2374.720235227338
TOWT(HoW-cond),Hog_office_Shawnna,124,Hog,spike,2,1509.4132712336543,1356.9565221537507,1309.0650439322042,1298.647872810002
TOWT(HoW-cond),Hog_office_Shawnna,124,Hog,drift,2,70147.64740535856,64352.60301755785,63633.58644712731,58288.503485808
TOWT(HoW-cond),Hog_office_Shawnna,124,Hog,drift,3,34606.77408644281,24103.284966322433,21125.80143491578,20838.000603072516
TOWT(HoW-cond),Hog_office_Sherrie,124,Hog,drift,1,299.9499753120218,782.9532143101953,172.64093670383193,478.17368058343834
TOWT(HoW-cond),Hog_office_Sherrie,124,Hog,drift,1,1723.6191147775007,2246.764978504605,2085.7014471444936,1637.205911051091
TOWT(HoW-cond),Hog_office_Sherrie,124,Hog,drift,3,5648.538585258806,5369.583372691159,5360.491439529692,4861.617483146564
TOWT(HoW-cond),Hog_office_Sherrie,124,Hog,schedule,2,4.347234852761044,254.58898761594455,-6.396436454811152,0.0
TOWT(HoW-cond),Hog_office_Sherrie,124,Hog,schedule,3,343.59874707536767,879.0650806054771,639.1329776523592,574.2855468787201
TOWT(HoW-cond),Hog_office_Sherrie,124,Hog,spike,1,99.29138806902564,90.43149683316346,81.60768106925349,84.08192321385603
TOWT(HoW-cond),Hog_office_Shon,124,Hog,drift,1,2182.037256465568,2661.244549607361,1525.8670768655948,1854.1421982926056
TOWT(HoW-cond),Hog_office_Shon,124,Hog,spike,2,151.8227361048974,125.67621785168248,125.67621785168248,121.47255977191811
TOWT(HoW-cond),Hog_office_Shon,124,Hog,schedule,3,879.862336287282,1220.9078395502747,976.1741640830494,615.5810760642084
TOWT(HoW-cond),Hog_office_Shon,124,Hog,schedule,3,1117.8231857134415,1740.871954880345,1444.6081149951494,933.7696035655898
TOWT(HoW-cond),Hog_office_Shon,124,Hog,drift,2,3701.5660588324217,3572.0880842471406,2999.858413466653,2764.9857329323854
TOWT(HoW-cond),Hog_office_Shon,124,Hog,drift,2,2737.1461577962623,489.2981532070704,-1068.2194901772996,0.0
TOWT(HoW-cond),Hog_office_Sydney,124,Hog,drift,1,8119.592526843504,5445.96307958704,4511.9143332850235,4275.727365566728
TOWT(HoW-cond),Hog_office_Sydney,124,Hog,spike,1,196.46583991898,197.61998227628,193.0217428829288,177.3033900189829
TOWT(HoW-cond),Hog_office_Sydney,124,Hog,spike,1,85.70597551646374,62.74955466402152,62.74955466402152,58.68623621256211
TOWT(HoW-cond),Hog_office_Sydney,124,Hog,spike,2,131.22745681677335,116.3509205276828,116.3509205276828,112.28760207622338
TOWT(HoW-cond),Hog_office_Sydney,124,Hog,spike,2,148.69647404756202,141.95534331442587,141.95534331442587,137.89202486296645
TOWT(HoW-cond),Hog_office_Sydney,124,Hog,spike,2,174.68537972142465,162.22551469244007,150.17844959696708,154.09887778952125
TOWT(HoW-cond),Hog_office_Valda,124,Hog,drift,2,2857.1177976370764,2476.4752179271704,2439.462861355153,2069.2696774226433
TOWT(HoW-cond),Hog_office_Valda,124,Hog,spike,3,146.1924647334952,146.123978360935,146.123978360935,144.5815331317512
TOWT(HoW-cond),Hog_office_Valda,124,Hog,drift,3,4547.513835535305,4949.606569522946,4949.606569522946,4542.401029018419
TOWT(HoW-cond),Hog_office_Valda,124,Hog,spike,2,90.96816539874968,89.53217500713653,89.53217500713653,87.98972977795272
TOWT(HoW-cond),Hog_office_Valda,124,Hog,schedule,3,295.3654460515271,1192.0798742937773,1190.927553609794,895.9303902904848
TOWT(HoW-cond),Hog_office_Valda,124,Hog,schedule,3,129.23500259287323,379.5958575993815,378.6732362883862,268.53980109814677
TOWT(HoW-cond),Lamb_education_Armando,124,Lamb,schedule,3,42.35150572994869,2005.5408263136449,1919.071647346088,1056.43350109204
TOWT(HoW-cond),Lamb_education_Armando,124,Lamb,drift,2,3545.686108845367,8009.452776706556,7978.095648147457,6517.9984085011765
TOWT(HoW-cond),Lamb_education_Armando,124,Lamb,drift,2,581.1700915763748,210.0258954323329,-1971.967043284833,0.0
TOWT(HoW-cond),Lamb_education_Armando,124,Lamb,drift,3,3408.2489944527274,5382.2583036962515,5316.061661601669,4297.564217728704
TOWT(HoW-cond),Lamb_education_Armando,124,Lamb,spike,2,221.83527427775363,221.4778031131571,221.4778031131571,215.8283547487428
TOWT(HoW-cond),Lamb_education_Armando,124,Lamb,schedule,3,36.35899298629825,789.6612554679302,439.61388874514773,247.3142124841562
TOWT(HoW-cond),Lamb_education_Eula,124,Lamb,drift,3,124.56056570809535,185.78641482279983,182.7535259483331,143.5117420685737
TOWT(HoW-cond),Lamb_education_Eula,124,Lamb,spike,1,9.411480791510446,9.886767499678673,9.886767499678673,9.299619266981088
TOWT(HoW-cond),Lamb_education_Eula,124,Lamb,drift,2,116.574490267412,100.24221382377652,22.974265020752448,48.57316934638903
TOWT(HoW-cond),Lamb_education_Eula,124,Lamb,spike,2,8.906459358942762,11.109892986551198,11.109892986551198,10.718460831419476
TOWT(HoW-cond),Lamb_education_Eula,124,Lamb,spike,3,15.085603107142502,15.344164802115689,15.344164802115689,14.952732646983964
TOWT(HoW-cond),Lamb_education_Eula,124,Lamb,drift,2,67.55719881227861,296.4585106592597,291.4909460558797,249.4866520434529
TOWT(HoW-cond),Lamb_education_Lazaro,124,Lamb,drift,1,461.23669069021577,1675.63160174141,-948.7348976552172,57.51155417074392
TOWT(HoW-cond),Lamb_education_Lazaro,124,Lamb,spike,3,400.82250918666176,239.5177673994881,165.96981418443863,205.8069330750992
TOWT(HoW-cond),Lamb_education_Lazaro,124,Lamb,drift,1,604.235159033965,506.65147687502656,-5243.5698361278555,0.0
TOWT(HoW-cond),Lamb_education_Lazaro,124,Lamb,drift,2,497.9093626321239,1354.768036123428,146.79894761701618,141.17800044542855
TOWT(HoW-cond),Lamb_education_Lazaro,124,Lamb,spike,2,323.27785981812565,269.7414202618985,255.54223325040397,227.6028773564124
TOWT(HoW-cond),Lamb_education_Lazaro,124,Lamb,spike,3,216.09390823268615,220.14521925034836,220.14521925034836,211.7175106692511
TOWT(HoW-cond),Lamb_education_Lucas,124,Lamb,drift,3,801.2582428094648,1033.0095347916345,966.5950171191328,913.773585650166
TOWT(HoW-cond),Lamb_education_Lucas,124,Lamb,schedule,3,44.89451201081894,48.31790442476262,-385.1763347144602,0.0
TOWT(HoW-cond),Lamb_education_Lucas,124,Lamb,spike,3,133.8321468000379,135.54797940275705,135.54797940275705,133.06389712897646
TOWT(HoW-cond),Lamb_education_Lucas,124,Lamb,drift,3,273.9606663738274,364.0337872521902,339.1725572574089,292.4922177673091
TOWT(HoW-cond),Lamb_education_Lucas,124,Lamb,spike,3,142.6454074837294,142.98400758411572,142.85279806132354,140.49992531033513
TOWT(HoW-cond),Lamb_education_Lucas,124,Lamb,drift,1,38.67614445359179,223.50886365009777,199.19235739506095,163.89088907936346
TOWT(HoW-cond),Lamb_education_Mae,124,Lamb,spike,1,323.07918229430084,312.8372797893702,312.8372797893702,275.83919338196574
TOWT(HoW-cond),Lamb_education_Mae,124,Lamb,spike,2,516.0264638666401,495.9398884677895,488.64716729008705,466.3414193418659
TOWT(HoW-cond),Lamb_education_Mae,124,Lamb,drift,2,3932.5231562095887,6224.560507774614,6133.241387729255,4448.652360219201
TOWT(HoW-cond),Lamb_education_Mae,124,Lamb,spike,2,212.59441880931385,211.3644851228652,209.78630975327,196.5652505599034
TOWT(HoW-cond),Lamb_education_Mae,124,Lamb,drift,3,2958.7246626678852,1395.85137057479,-1138.0087335590931,330.30648204154204
TOWT(HoW-cond),Lamb_education_Mae,124,Lamb,spike,1,162.31276356035605,187.36818766168017,187.36818766168017,179.96857038019925
TOWT(HoW-cond),Lamb_education_Williams,124,Lamb,drift,1,746.3809443232789,2108.7469369927103,-9.496933138078475,1488.818008929733
TOWT(HoW-cond),Lamb_education_Williams,124,Lamb,drift,1,639.2960181545328,2355.900236635428,2052.0996228588724,1792.3284838509032
TOWT(HoW-cond),Lamb_education_Williams,124,Lamb,drift,3,4579.005177313596,3370.2635693596744,1174.32156844168,2637.620290739792
TOWT(HoW-cond),Lamb_education_Williams,124,Lamb,schedule,3,245.34222782811088,791.1553696556034,414.795602632635,396.655142706436
TOWT(HoW-cond),Lamb_education_Williams,124,Lamb,spike,1,225.11065302241795,208.87932938262395,204.50955973256032,199.4864668362152
TOWT(HoW-cond),Lamb_education_Williams,124,Lamb,schedule,2,120.36486662932188,1756.2417950145878,1265.8230009414249,1249.0272175085154
TOWT(HoW-cond),Lamb_office_Caitlin,124,Lamb,spike,2,287.84152497083744,286.8606120373155,281.1655821963095,263.11007714439756
TOWT(HoW-cond),Lamb_office_Caitlin,124,Lamb,drift,1,174.86513893786412,0.5210960475782044,-4736.90872405552,0.0
TOWT(HoW-cond),Lamb_office_Caitlin,124,Lamb,schedule,1,45.94439519567189,0.0,-3827.39914767392,0.0
TOWT(HoW-cond),Lamb_office_Caitlin,124,Lamb,drift,3,1366.1223200641446,1583.2553092404694,-3478.9895346576736,0.0
TOWT(HoW-cond),Lamb_office_Caitlin,124,Lamb,spike,3,499.75478148973514,398.06309025724113,319.0141491706654,362.4372879178642
TOWT(HoW-cond),Lamb_office_Caitlin,124,Lamb,spike,3,914.2945579554216,909.8987826228896,909.8987826228896,850.5224453905948
TOWT(HoW-cond),Lamb_office_Velma,124,Lamb,spike,2,712.063480372273,744.3690846811724,744.3690846811724,702.9229570260147
TOWT(HoW-cond),Lamb_office_Velma,124,Lamb,schedule,2,5.02976783064522,2463.0444923011933,1902.7722849488885,871.5131903431386
TOWT(HoW-cond),Lamb_office_Velma,124,Lamb,spike,1,402.868816575697,464.5089714258344,464.5089714258344,431.3520693017083
TOWT(HoW-cond),Lamb_office_Velma,124,Lamb,spike,2,716.8389665969552,692.8076494091392,683.1524658102685,651.3615217539816
TOWT(HoW-cond),Lamb_office_Velma,124,Lamb,drift,2,3639.54112623905,6521.639715203441,6521.639715203441,5129.049825990142
TOWT(HoW-cond),Lamb_office_Velma,124,Lamb,drift,3,7579.385515407095,9053.665646742147,9053.665646742147,7661.075757528851
TOWT(HoW-cond),Rat_retail_Jeffrey,124,Rat,spike,1,291.60367573257804,212.06606723786436,177.60499732582645,182.01051169908652
TOWT(HoW-cond),Rat_retail_Jeffrey,124,Rat,spike,2,475.52021965664414,483.2349524662029,474.3331357286162,459.19050803518064
TOWT(HoW-cond),Rat_retail_Jeffrey,124,Rat,drift,2,2154.4490308847585,2334.337747176985,2238.0623403593268,1468.7377476601832
TOWT(HoW-cond),Rat_retail_Jeffrey,124,Rat,spike,1,138.38502458085736,164.7250849106727,164.7250849106727,158.71397380291714
TOWT(HoW-cond),Rat_retail_Jeffrey,124,Rat,drift,1,610.2952989490467,1343.4377063382158,1249.311155761784,622.1043734075477
TOWT(HoW-cond),Rat_retail_Jeffrey,124,Rat,spike,3,473.6194993456267,471.66973851199447,459.1026187795843,453.63640518872774
TOWT(HoW-cond),Robin_education_Zenia,124,Robin,drift,1,9085.837298458526,30622.11486485053,30622.11486485053,27816.700681583112
TOWT(HoW-cond),Robin_education_Zenia,124,Robin,drift,3,29233.784782501494,47692.83855092825,47692.83855092825,45319.02654970198
TOWT(HoW-cond),Robin_education_Zenia,124,Robin,drift,3,19698.159837123923,37490.698129900935,37490.698129900935,35548.4883107158
TOWT(HoW-cond),Robin_education_Zenia,124,Robin,spike,3,234.24180318846012,293.045180922073,293.045180922073,284.0534687962159
TOWT(HoW-cond),Robin_education_Zenia,124,Robin,drift,2,8507.294132048073,20694.01289405337,20694.01289405337,18967.60416588881
TOWT(HoW-cond),Robin_education_Zenia,124,Robin,spike,1,103.7809107783848,182.47028634284192,182.47028634284192,173.47857421698484
TOWT(HoW-cond),Robin_office_Dina,124,Robin,drift,1,1671.5645498087358,2521.186473447825,2424.7628483686713,1923.4907950155152
TOWT(HoW-cond),Robin_office_Dina,124,Robin,spike,3,76.99172519770566,86.94493242240318,86.94493242240318,83.11354986834992
TOWT(HoW-cond),Robin_office_Dina,124,Robin,drift,2,1361.1516267334248,1442.202998841903,1362.7734790862155,1120.366864301429
TOWT(HoW-cond),Robin_office_Dina,124,Robin,spike,1,54.39925792780521,52.25977211262137,52.25977211262137,46.51269828154147
TOWT(HoW-cond),Robin_office_Dina,124,Robin,spike,3,106.22402211052074,102.28195841711928,99.28620567115424,96.53488458603938
TOWT(HoW-cond),Robin_office_Dina,124,Robin,spike,2,100.90720420303032,125.5197804059741,125.5197804059741,117.85701529786758
TOWT(HoW-cond),Robin_office_Sammie,124,Robin,drift,2,8193.376963553696,7722.051982104575,7698.605914751623,6488.195419824595
TOWT(HoW-cond),Robin_office_Sammie,124,Robin,spike,2,264.22219886949006,204.4040917304015,197.99778949492247,178.6987466829019
TOWT(HoW-cond),Robin_office_Sammie,124,Robin,drift,2,2188.0140383288563,2739.3448866660183,2469.109132882134,2122.4166055260284
TOWT(HoW-cond),Robin_office_Sammie,124,Robin,spike,3,325.76388530020796,304.8835184967949,300.0570895654305,284.31924245879526
TOWT(HoW-cond),Robin_office_Sammie,124,Robin,drift,3,10950.46293039176,9515.93253054078,9445.367260868024,8405.461624488798
TOWT(HoW-cond),Robin_office_Sammie,124,Robin,schedule,2,283.6852349670226,782.8420051339511,-1009.1280651830688,0.0
TOWT(HoW-cond),Shrew_office_Doris,124,Shrew,spike,3,967.677461342442,918.3278237638326,908.7481565677112,890.7413110657402
TOWT(HoW-cond),Shrew_office_Doris,124,Shrew,drift,2,13274.214899719287,15195.746532982132,15195.746532982132,13706.07484728514
TOWT(HoW-cond),Shrew_office_Doris,124,Shrew,drift,3,16874.680037500937,18502.595750347893,18502.595750347893,17178.443140839456
TOWT(HoW-cond),Shrew_office_Doris,124,Shrew,drift,2,21097.276446337128,21524.05205698257,21515.820340064827,19537.823142719917
TOWT(HoW-cond),Shrew_office_Doris,124,Shrew,spike,3,1269.3416243658437,1214.3213457482352,1202.9387686449113,1179.8382048756196
TOWT(HoW-cond),Shrew_office_Doris,124,Shrew,spike,1,492.6340337493294,467.2729102746505,467.2729102746505,432.78976940203495
TOWT(HoW-cond),Shrew_office_Ila,124,Shrew,drift,1,2996.99212687992,2317.2691756405766,768.2541089459663,1465.0861174373094
TOWT(HoW-cond),Shrew_office_Ila,124,Shrew,drift,3,17305.03319043162,16737.345923309724,16373.602287072596,15885.162865106457
TOWT(HoW-cond),Shrew_office_Ila,124,Shrew,spike,3,725.0771146387649,704.8746528825307,703.8436145781775,689.0934851380257
TOWT(HoW-cond),Shrew_office_Ila,124,Shrew,spike,1,146.5948962159231,163.7362046610227,163.7362046610227,155.84562078877022
TOWT(HoW-cond),Shrew_office_Ila,124,Shrew,drift,2,4621.5561975259025,5112.492185940779,5109.817376242065,4544.3701471386
TOWT(HoW-cond),Shrew_office_Ila,124,Shrew,spike,3,673.7401307453438,718.5614038031815,718.5614038031815,702.7802360586766
TOWT(HoW-cond),Shrew_office_Kenneth,124,Shrew,drift,2,1498.5085912518607,1673.1385601313168,1637.489985807253,1042.7348189568183
TOWT(HoW-cond),Shrew_office_Kenneth,124,Shrew,drift,3,2842.3791870818204,997.0264777435744,440.46786409641834,366.622736569076
TOWT(HoW-cond),Shrew_office_Kenneth,124,Shrew,spike,2,90.89096949254512,84.88419441216963,78.08334267411878,78.31748877493527
TOWT(HoW-cond),Shrew_office_Kenneth,124,Shrew,spike,1,62.498642336023934,69.77424967327194,69.77424967327194,66.49089685465476
TOWT(HoW-cond),Shrew_office_Kenneth,124,Shrew,spike,3,300.9768943363502,231.4510835747012,209.9562216339537,215.0343194816153
TOWT(HoW-cond),Shrew_office_Kenneth,124,Shrew,spike,1,132.02422580194082,97.67964487214888,88.83625996666733,81.26288077906298
TOWT(HoW-cond),Shrew_office_Nora,124,Shrew,drift,3,13959.850749005422,15100.049593901562,15074.909545076023,14328.72072024462
TOWT(HoW-cond),Shrew_office_Nora,124,Shrew,spike,1,260.69750787688605,270.9263598481895,270.9263598481895,261.74387325703543
TOWT(HoW-cond),Shrew_office_Nora,124,Shrew,drift,1,4665.425658313194,5849.694359880255,5843.401408250281,4857.985808035615
TOWT(HoW-cond),Shrew_office_Nora,124,Shrew,drift,3,26280.58367879771,27503.97948284849,27503.97948284849,26402.08109191
TOWT(HoW-cond),Shrew_office_Nora,124,Shrew,spike,1,548.8590061520682,546.5367403036586,546.5367403036586,523.5805238257734
TOWT(HoW-cond),Shrew_office_Nora,124,Shrew,spike,2,390.28208907425113,395.4370478801991,395.4370478801991,386.254561289045
TOWT(HoW-cond),Shrew_office_Sherill,124,Shrew,spike,3,1285.7986614249328,1117.2860115153956,1042.371839952198,1093.8949240035156
TOWT(HoW-cond),Shrew_office_Sherill,124,Shrew,drift,2,6816.240253363444,8275.64299643203,8199.041036477189,7339.999495956832
TOWT(HoW-cond),Shrew_office_Sherill,124,Shrew,spike,1,809.928865577001,399.3043670595924,339.41844803234056,368.11625037708575
TOWT(HoW-cond),Shrew_office_Sherill,124,Shrew,drift,3,19918.04479791922,23046.445529635872,23046.445529635872,21736.54462897059
TOWT(HoW-cond),Shrew_office_Sherill,124,Shrew,spike,1,982.0393289635584,788.456440748242,782.7610799081017,749.4712948951087
TOWT(HoW-cond),Shrew_office_Sherill,124,Shrew,spike,3,1418.5189408034698,1369.6396789877376,1348.094366495223,1346.2485914758577
TOWT(HoW-cond),Wolf_office_Darleen,124,Wolf,drift,3,4246.600657922468,1844.1178950513615,1190.4288564073906,1439.0343407756422
TOWT(HoW-cond),Wolf_office_Darleen,124,Wolf,drift,3,4976.241380732559,5849.853105169993,5517.537246868723,5399.7602670858605
TOWT(HoW-cond),Wolf_office_Darleen,124,Wolf,spike,3,254.48626821207995,251.0118019367419,248.60125943040555,245.38564146069024
TOWT(HoW-cond),Wolf_office_Darleen,124,Wolf,schedule,3,98.90988369231172,1179.0202700306163,275.5178880377792,773.936715754897
TOWT(HoW-cond),Wolf_office_Darleen,124,Wolf,spike,2,263.59770868297966,221.31062519912456,217.89881086189752,211.9336910723718
TOWT(HoW-cond),Wolf_office_Darleen,124,Wolf,drift,3,3387.5794404471744,3374.0239279539837,3374.0239279539837,3013.9496574866776
TOWT(HoW-cond),Wolf_retail_Harriett,124,Wolf,spike,1,109.46943691528074,157.0493826428146,157.0493826428146,140.3656361104723
TOWT(HoW-cond),Wolf_retail_Harriett,124,Wolf,drift,2,3442.80368568748,4032.7347125296665,3517.997255510462,2831.504962201022
TOWT(HoW-cond),Wolf_retail_Harriett,124,Wolf,spike,2,118.095825507048,130.84009527414,130.84009527414,125.27884643002592
TOWT(HoW-cond),Wolf_retail_Harriett,124,Wolf,spike,2,95.23365086904356,99.45558111769292,99.45558111769292,93.89433227357884
TOWT(HoW-cond),Wolf_retail_Harriett,124,Wolf,drift,1,915.269426851574,1990.218561829462,1548.8176964879428,1055.9287560182938
TOWT(HoW-cond),Wolf_retail_Harriett,124,Wolf,schedule,2,16.811704598329925,431.98264186786776,-427.6504038399578,0.0
TOWT(HoW-cond),Wolf_retail_Marcella,124,Wolf,drift,1,77.19480955887502,172.9928268357153,77.69907553168616,110.06382546044374
TOWT(HoW-cond),Wolf_retail_Marcella,124,Wolf,spike,3,54.744085512607896,73.91246391830805,73.91246391830805,71.81483053913233
TOWT(HoW-cond),Wolf_retail_Marcella,124,Wolf,drift,3,805.9237291893736,1029.9892173101066,1028.157620015273,916.7170148346175
TOWT(HoW-cond),Wolf_retail_Marcella,124,Wolf,drift,2,245.1612452558267,304.07828162464403,196.8803744540056,228.5634799743181
TOWT(HoW-cond),Wolf_retail_Marcella,124,Wolf,spike,1,15.299112680094524,13.89386845262698,13.89386845262698,13.36946010783305
TOWT(HoW-cond),Wolf_retail_Marcella,124,Wolf,drift,1,161.5415176515241,252.4819303477136,112.76586385383632,126.62392759717042
TOWT(HoW-cond),Wolf_retail_Toshia,124,Wolf,spike,3,813.8222848184951,744.1300232990935,736.558859039871,709.6040241909827
TOWT(HoW-cond),Wolf_retail_Toshia,124,Wolf,spike,3,1170.5817793556578,1173.2082557592582,1157.4622872757782,1130.0507568741198
TOWT(HoW-cond),Wolf_retail_Toshia,124,Wolf,schedule,3,146.55404856680667,1476.3584087132515,166.6223677335172,440.57843546992694
TOWT(HoW-cond),Wolf_retail_Toshia,124,Wolf,schedule,3,196.04409342229565,781.5269067745669,276.2888829742493,160.058922828572
TOWT(HoW-cond),Wolf_retail_Toshia,124,Wolf,drift,1,1058.247230158493,2966.0761083070947,1672.2135759918222,1101.6721564691102
TOWT(HoW-cond),Wolf_retail_Toshia,124,Wolf,spike,1,354.7456702313118,224.28040074933944,172.27379401768215,189.75440164122864
"PatchTST-SSL(HoW-cond, patch-mask train)",Fox_education_Henrietta,124,Fox,schedule,3,60.315560882006025,1316.0082907978606,1180.4422006406476,877.8325625382383
"PatchTST-SSL(HoW-cond, patch-mask train)",Fox_education_Henrietta,124,Fox,spike,3,167.26170856365857,145.88004505018665,138.30179225941697,136.75138404477786
"PatchTST-SSL(HoW-cond, patch-mask train)",Fox_education_Henrietta,124,Fox,spike,1,78.18136394771389,32.256407727026385,17.42186419649875,20.84558147026539
"PatchTST-SSL(HoW-cond, patch-mask train)",Fox_education_Henrietta,124,Fox,schedule,3,183.66365980408145,537.997955876407,444.60817787480573,209.36615968169036
"PatchTST-SSL(HoW-cond, patch-mask train)",Fox_education_Henrietta,124,Fox,drift,1,520.3709604977303,2847.8067961445427,2847.513164856536,2354.8591018524676
"PatchTST-SSL(HoW-cond, patch-mask train)",Fox_education_Henrietta,124,Fox,spike,2,61.819841831657534,62.648130483650085,62.648130483650085,60.36596523229789
"PatchTST-SSL(HoW-cond, patch-mask train)",Fox_retail_Manie,124,Fox,spike,3,360.3097782259958,429.2763320170262,429.2763320170262,409.816808992722
"PatchTST-SSL(HoW-cond, patch-mask train)",Fox_retail_Manie,124,Fox,schedule,3,705.5814088582074,3727.812696626091,2952.545724111478,2482.4032230706216
"PatchTST-SSL(HoW-cond, patch-mask train)",Fox_retail_Manie,124,Fox,spike,3,598.2254276518972,706.8627863722331,706.8627863722331,674.4302479983928
"PatchTST-SSL(HoW-cond, patch-mask train)",Fox_retail_Manie,124,Fox,drift,2,1941.7014736338524,3816.2306837043134,3501.275184637834,2726.497394343277
"PatchTST-SSL(HoW-cond, patch-mask train)",Fox_retail_Manie,124,Fox,spike,1,155.21794966966723,151.61529545820704,145.26156740903895,132.15577243390285
"PatchTST-SSL(HoW-cond, patch-mask train)",Fox_retail_Manie,124,Fox,schedule,3,172.62577698158896,1653.6047678362172,1604.6072179069924,1030.9000310584825
"PatchTST-SSL(HoW-cond, patch-mask train)",Hog_education_Bruno,124,Hog,drift,3,46417.54410572455,51519.51307945926,51514.31469058813,49722.36069865996
"PatchTST-SSL(HoW-cond, patch-mask train)",Hog_education_Bruno,124,Hog,drift,1,9812.30313173102,14407.801994248195,14406.25044033807,12937.404591776043
"PatchTST-SSL(HoW-cond, patch-mask train)",Hog_education_Bruno,124,Hog,drift,2,6595.295146158791,8514.976369456454,8514.976369456454,7698.088923638591
"PatchTST-SSL(HoW-cond, patch-mask train)",Hog_education_Bruno,124,Hog,spike,1,299.2891721906774,381.5063149100045,381.5063149100045,347.4693380009268
"PatchTST-SSL(HoW-cond, patch-mask train)",Hog_education_Bruno,124,Hog,drift,1,8137.5103929530915,12401.143523710523,12253.066097822351,10930.746121238371
"PatchTST-SSL(HoW-cond, patch-mask train)",Hog_education_Bruno,124,Hog,spike,1,291.6501178934577,436.4934429292037,436.4934429292037,409.26386140194154
"PatchTST-SSL(HoW-cond, patch-mask train)",Hog_education_Caridad,124,Hog,drift,2,26559.114233147706,31122.46895904946,23309.616964328692,9196.303964191377
"PatchTST-SSL(HoW-cond, patch-mask train)",Hog_education_Caridad,124,Hog,schedule,2,5586.936543560644,3433.463480205168,-64955.47083068341,0.0
"PatchTST-SSL(HoW-cond, patch-mask train)",Hog_education_Caridad,124,Hog,drift,1,28961.841270979025,30331.36168401139,11705.57810360864,0.0
"PatchTST-SSL(HoW-cond, patch-mask train)",Hog_education_Caridad,124,Hog,spike,1,3232.119287388384,2986.3412669016734,2986.3412669016734,2803.623225277856
"PatchTST-SSL(HoW-cond, patch-mask train)",Hog_education_Caridad,124,Hog,schedule,3,7326.264039132635,7888.253092250551,-7782.953554085414,0.0
"PatchTST-SSL(HoW-cond, patch-mask train)",Hog_education_Caridad,124,Hog,spike,1,6005.765793875593,8084.791113747247,8084.791113747247,7353.918947251978
"PatchTST-SSL(HoW-cond, patch-mask train)",Hog_education_Josh,124,Hog,spike,1,594.6326420608618,495.64292635092875,383.8705859582076,370.3723018512104
"PatchTST-SSL(HoW-cond, patch-mask train)",Hog_education_Josh,124,Hog,schedule,2,1475.452371600362,444.3929320304898,-997.3320834694072,0.0
"PatchTST-SSL(HoW-cond, patch-mask train)",Hog_education_Josh,124,Hog,drift,3,16691.47805798628,26415.82964019443,26415.82964019443,21605.43765940525
"PatchTST-SSL(HoW-cond, patch-mask train)",Hog_education_Josh,124,Hog,spike,3,765.3532648336346,838.9313459197463,838.9313459197463,763.7689712199153
"PatchTST-SSL(HoW-cond, patch-mask train)",Hog_education_Josh,124,Hog,spike,3,668.1453240628807,1130.4419186834548,1130.4419186834548,1055.279543983624
"PatchTST-SSL(HoW-cond, patch-mask train)",Hog_education_Josh,124,Hog,drift,1,2891.321119750779,19159.809948653496,19159.809948653496,14950.716965462962
"PatchTST-SSL(HoW-cond, patch-mask train)",Hog_education_Luvenia,124,Hog,drift,3,36139.97417896839,43995.23780384225,43995.23780384225,40651.61071707155
"PatchTST-SSL(HoW-cond, patch-mask train)",Hog_education_Luvenia,124,Hog,drift,1,8901.64724636137,7424.951741606805,6943.8004089886135,3603.663642440291
"PatchTST-SSL(HoW-cond, patch-mask train)",Hog_education_Luvenia,124,Hog,drift,3,107739.74583786631,103341.28267683629,102831.20592910748,97609.35052808652
"PatchTST-SSL(HoW-cond, patch-mask train)",Hog_education_Luvenia,124,Hog,drift,3,16462.105680988763,19219.045813664896,19091.389528245883,16830.740751685826
"PatchTST-SSL(HoW-cond, patch-mask train)",Hog_education_Luvenia,124,Hog,spike,2,909.4970148676152,1603.748802601679,1603.748802601679,1524.1386338690434
"PatchTST-SSL(HoW-cond, patch-mask train)",Hog_education_Luvenia,124,Hog,drift,3,25989.04317118203,31453.323033332937,31453.323033332937,28587.356958958047
"PatchTST-SSL(HoW-cond, patch-mask train)",Hog_office_Almeda,124,Hog,schedule,3,687.7865728908646,1918.1438102333188,1605.5721238888175,756.8422328537281
"PatchTST-SSL(HoW-cond, patch-mask train)",Hog_office_Almeda,124,Hog,schedule,2,80.57674715737826,1937.0060288511816,1755.526642297736,969.2547143681896
"PatchTST-SSL(HoW-cond, patch-mask train)",Hog_office_Almeda,124,Hog,drift,1,2065.7478398767325,3563.794812360573,2643.2639745374167,1241.1916576013914
"PatchTST-SSL(HoW-cond, patch-mask train)",Hog_office_Almeda,124,Hog,spike,3,433.52703801649193,488.1778216917762,488.1778216917762,455.9194445423431
"PatchTST-SSL(HoW-cond, patch-mask train)",Hog_office_Almeda,124,Hog,spike,3,417.9640816562538,424.68619081825705,424.68619081825705,392.42781366882394
"PatchTST-SSL(HoW-cond, patch-mask train)",Hog_office_Almeda,124,Hog,spike,2,136.54824351694936,148.23252055919306,148.23252055919306,132.1033319844765
"PatchTST-SSL(HoW-cond, patch-mask train)",Hog_office_Cortney,124,Hog,spike,2,357.681035451082,357.5254336211322,353.2150260443325,322.1624383894844
"PatchTST-SSL(HoW-cond, patch-mask train)",Hog_office_Cortney,124,Hog,spike,3,867.3573209702461,1041.3852419688783,1020.8220593609406,982.4469165827988
"PatchTST-SSL(HoW-cond, patch-mask train)",Hog_office_Cortney,124,Hog,spike,1,408.4063300315772,366.5981842007249,366.5981842007249,307.6598588146452
"PatchTST-SSL(HoW-cond, patch-mask train)",Hog_office_Cortney,124,Hog,spike,2,272.95887519299555,273.1734095977688,273.1734095977688,261.38574452055286
"PatchTST-SSL(HoW-cond, patch-mask train)",Hog_office_Cortney,124,Hog,schedule,3,371.5476152277705,2377.632991987024,1506.1561934604947,963.1131827211112
"PatchTST-SSL(HoW-cond, patch-mask train)",Hog_office_Cortney,124,Hog,spike,1,181.02968838654505,190.3735796522816,190.3735796522816,178.5859145750657
"PatchTST-SSL(HoW-cond, patch-mask train)",Hog_office_Denita,124,Hog,schedule,3,911.8087205658233,2171.8193559944693,1192.926531890168,436.5416093859519
"PatchTST-SSL(HoW-cond, patch-mask train)",Hog_office_Denita,124,Hog,schedule,2,221.4333585520708,181.93751477417203,-871.7045843859916,0.0
"PatchTST-SSL(HoW-cond, patch-mask train)",Hog_office_Denita,124,Hog,drift,1,2914.5363022298425,5125.942528227006,4303.408089884006,2739.9356266402947
"PatchTST-SSL(HoW-cond, patch-mask train)",Hog_office_Denita,124,Hog,schedule,2,364.88929710752984,1572.1993294288022,1050.5783815134337,487.650737798479
"PatchTST-SSL(HoW-cond, patch-mask train)",Hog_office_Denita,124,Hog,drift,3,2702.7509967910933,4394.065129196909,4215.664478161811,3092.606819240521
"PatchTST-SSL(HoW-cond, patch-mask train)",Hog_office_Denita,124,Hog,spike,3,636.4034244866059,776.9012526343108,776.9012526343108,731.7117279830474
"PatchTST-SSL(HoW-cond, patch-mask train)",Hog_office_Garrett,124,Hog,drift,1,5556.152288561812,9376.1424365346,7116.598500024285,3335.9915074803275
"PatchTST-SSL(HoW-cond, patch-mask train)",Hog_office_Garrett,124,Hog,schedule,3,6469.905965881119,6548.323679583875,715.2612802577628,508.17275052960304
"PatchTST-SSL(HoW-cond, patch-mask train)",Hog_office_Garrett,124,Hog,drift,1,2425.0334129518105,4096.327435299587,312.757931096911,321.23310464066753
"PatchTST-SSL(HoW-cond, patch-mask train)",Hog_office_Garrett,124,Hog,spike,3,2491.689618857125,2292.385562538051,2232.3733519832977,2198.008204271578
"PatchTST-SSL(HoW-cond, patch-mask train)",Hog_office_Garrett,124,Hog,drift,1,26591.048645774314,23424.00181938568,19340.24833703323,13608.756559672487
"PatchTST-SSL(HoW-cond, patch-mask train)",Hog_office_Garrett,124,Hog,spike,1,934.2433043536314,931.0691517481488,854.8740571235733,836.6917934816759
"PatchTST-SSL(HoW-cond, patch-mask train)",Hog_office_Lavon,124,Hog,drift,1,350.1790514100819,10910.418537627063,-10538.53477339861,0.0
"PatchTST-SSL(HoW-cond, patch-mask train)",Hog_office_Lavon,124,Hog,drift,3,2544.700922092341,51591.317896568566,43832.07742770489,27455.372287442373
"PatchTST-SSL(HoW-cond, patch-mask train)",Hog_office_Lavon,124,Hog,spike,3,7791.569566645738,9501.994351604924,9501.994351604924,9055.032395880366
"PatchTST-SSL(HoW-cond, patch-mask train)",Hog_office_Lavon,124,Hog,drift,2,1571.1852408501998,13977.91122672814,-18376.91794320946,0.0
"PatchTST-SSL(HoW-cond, patch-mask train)",Hog_office_Lavon,124,Hog,spike,1,2562.0763129709776,3929.322598590648,3929.322598590648,3594.101131797229
"PatchTST-SSL(HoW-cond, patch-mask train)",Hog_office_Lavon,124,Hog,spike,2,3484.1998013300895,4310.639279882695,4310.639279882695,3975.417813089275
"PatchTST-SSL(HoW-cond, patch-mask train)",Hog_office_Merilyn,124,Hog,spike,2,50.65190585486498,48.840331209973584,48.840331209973584,46.69218612678432
"PatchTST-SSL(HoW-cond, patch-mask train)",Hog_office_Merilyn,124,Hog,schedule,3,152.38178728386578,1647.106070868562,1621.9187356767989,1183.1067328996808
"PatchTST-SSL(HoW-cond, patch-mask train)",Hog_office_Merilyn,124,Hog,drift,3,1338.0795839605812,823.0610656010108,710.765287949278,565.283655618299
"PatchTST-SSL(HoW-cond, patch-mask train)",Hog_office_Merilyn,124,Hog,spike,2,45.062402681060725,43.33964744359041,41.23394688030688,39.04335727721188
"PatchTST-SSL(HoW-cond, patch-mask train)",Hog_office_Merilyn,124,Hog,spike,3,85.3039948781363,104.50887543665084,104.50887543665084,100.2125852702723
"PatchTST-SSL(HoW-cond, patch-mask train)",Hog_office_Merilyn,124,Hog,schedule,3,77.01120943656545,550.2876818811635,466.0021444459994,344.06575389499403
"PatchTST-SSL(HoW-cond, patch-mask train)",Hog_office_Miriam,124,Hog,spike,3,64.35778551681808,60.705234214151254,53.40654581048173,56.62194235396155
"PatchTST-SSL(HoW-cond, patch-mask train)",Hog_office_Miriam,124,Hog,drift,2,710.5379465954393,1220.824878042331,1216.7125657579527,926.8278641086722
"PatchTST-SSL(HoW-cond, patch-mask train)",Hog_office_Miriam,124,Hog,drift,2,2505.2621881358136,2605.361871241006,2569.9057451964377,2066.367345695965
"PatchTST-SSL(HoW-cond, patch-mask train)",Hog_office_Miriam,124,Hog,schedule,2,28.96860913554888,720.806081282273,470.0678335289685,328.8100627040613
"PatchTST-SSL(HoW-cond, patch-mask train)",Hog_office_Miriam,124,Hog,spike,1,54.73908505905362,46.594624174947526,44.51492368046904,38.42804045456812
"PatchTST-SSL(HoW-cond, patch-mask train)",Hog_office_Miriam,124,Hog,drift,3,2729.9115140571216,2885.036729958661,2853.9692244784605,2444.0412090581726
"PatchTST-SSL(HoW-cond, patch-mask train)",Hog_office_Napoleon,124,Hog,drift,2,2540.854333607559,3524.7538116319256,3186.3614092632993,1916.7921389896944
"PatchTST-SSL(HoW-cond, patch-mask train)",Hog_office_Napoleon,124,Hog,spike,3,551.9924978736196,559.2809258920865,559.2809258920865,505.6822034706788
"PatchTST-SSL(HoW-cond, patch-mask train)",Hog_office_Napoleon,124,Hog,drift,3,31153.41946793941,31873.944878540515,31609.969245281543,27693.244529670716
"PatchTST-SSL(HoW-cond, patch-mask train)",Hog_office_Napoleon,124,Hog,spike,3,273.4514251683141,250.36838159145037,230.363972639804,223.5690203807465
"PatchTST-SSL(HoW-cond, patch-mask train)",Hog_office_Napoleon,124,Hog,spike,3,327.44329958523474,395.88447810545347,395.88447810545347,369.0851168947496
"PatchTST-SSL(HoW-cond, patch-mask train)",Hog_office_Napoleon,124,Hog,spike,3,305.2755175273484,354.69175983273107,354.69175983273107,327.8923986220272
"PatchTST-SSL(HoW-cond, patch-mask train)",Hog_office_Shawna,124,Hog,spike,3,1539.5136699261304,1531.4405418065278,1523.2521513187876,1395.6562308078287
"PatchTST-SSL(HoW-cond, patch-mask train)",Hog_office_Shawna,124,Hog,spike,2,657.8599513082542,604.723084247161,589.5730323248167,523.2524976479416
"PatchTST-SSL(HoW-cond, patch-mask train)",Hog_office_Shawna,124,Hog,drift,2,9750.165846063275,16103.226132518084,15211.071369693873,10237.343897374289
"PatchTST-SSL(HoW-cond, patch-mask train)",Hog_office_Shawna,124,Hog,drift,1,3460.430783507374,10009.943726343688,8522.187707975178,4795.826183993648
"PatchTST-SSL(HoW-cond, patch-mask train)",Hog_office_Shawna,124,Hog,drift,2,8020.109920496582,14651.4913808458,14253.646098461795,9437.373838495758
"PatchTST-SSL(HoW-cond, patch-mask train)",Hog_office_Shawna,124,Hog,drift,3,37201.3147175408,50536.736127588694,50318.43423571888,42715.55981406363
"PatchTST-SSL(HoW-cond, patch-mask train)",Hog_office_Shawnna,124,Hog,schedule,2,2686.9850695181667,6852.061795778363,4187.523813385729,0.0
"PatchTST-SSL(HoW-cond, patch-mask train)",Hog_office_Shawnna,124,Hog,schedule,2,2339.9254203213586,6314.279663559974,1687.0713103547728,0.0
"PatchTST-SSL(HoW-cond, patch-mask train)",Hog_office_Shawnna,124,Hog,spike,3,2756.7676249264605,2662.8100424435606,2662.8100424435606,2503.0411995028817
"PatchTST-SSL(HoW-cond, patch-mask train)",Hog_office_Shawnna,124,Hog,spike,2,1509.4132712336543,1274.532618621502,1173.6212146256885,1154.7059864159926
"PatchTST-SSL(HoW-cond, patch-mask train)",Hog_office_Shawnna,124,Hog,drift,2,70147.64740535856,68092.05057658924,65881.15563401842,55630.08082721627
"PatchTST-SSL(HoW-cond, patch-mask train)",Hog_office_Shawnna,124,Hog,drift,3,34606.77408644281,23932.311646241495,21554.04345006663,17222.020242732968
"PatchTST-SSL(HoW-cond, patch-mask train)",Hog_office_Sherrie,124,Hog,drift,1,299.9499753120218,879.4278676916,247.59896790937808,329.4078791744496
"PatchTST-SSL(HoW-cond, patch-mask train)",Hog_office_Sherrie,124,Hog,drift,1,1723.6191147775007,3217.520324328525,2603.77703649081,2117.480347294224
"PatchTST-SSL(HoW-cond, patch-mask train)",Hog_office_Sherrie,124,Hog,drift,3,5648.538585258806,7400.3658735105,7319.436941347911,6483.6658926485825
"PatchTST-SSL(HoW-cond, patch-mask train)",Hog_office_Sherrie,124,Hog,schedule,2,4.347234852761044,861.0450885417722,334.69002914156715,311.0251000246218
"PatchTST-SSL(HoW-cond, patch-mask train)",Hog_office_Sherrie,124,Hog,schedule,3,343.59874707536767,1239.1974658631211,1062.653037642617,689.1774773459707
"PatchTST-SSL(HoW-cond, patch-mask train)",Hog_office_Sherrie,124,Hog,spike,1,99.29138806902564,84.3646589277328,71.60231654822734,72.90590916695884
"PatchTST-SSL(HoW-cond, patch-mask train)",Hog_office_Shon,124,Hog,drift,1,2182.037256465568,4765.371754009036,3986.384981685757,3104.167311982759
"PatchTST-SSL(HoW-cond, patch-mask train)",Hog_office_Shon,124,Hog,spike,2,151.8227361048974,153.42146159658824,153.42146159658824,144.76935512770137
"PatchTST-SSL(HoW-cond, patch-mask train)",Hog_office_Shon,124,Hog,schedule,3,879.862336287282,2482.1396428076664,2176.156386233113,1236.236311287959
"PatchTST-SSL(HoW-cond, patch-mask train)",Hog_office_Shon,124,Hog,schedule,3,1117.8231857134415,3910.918369681918,3619.9309818978336,2249.7139276556427
"PatchTST-SSL(HoW-cond, patch-mask train)",Hog_office_Shon,124,Hog,drift,2,3701.5660588324217,5437.272770044595,4825.234833081811,3776.0683280183184
"PatchTST-SSL(HoW-cond, patch-mask train)",Hog_office_Shon,124,Hog,drift,2,2737.1461577962623,1259.1312677660908,978.6114440297472,13.22793624638348
"PatchTST-SSL(HoW-cond, patch-mask train)",Hog_office_Sydney,124,Hog,drift,1,8119.592526843504,9600.242083892856,9509.944382707898,7965.284320171941
"PatchTST-SSL(HoW-cond, patch-mask train)",Hog_office_Sydney,124,Hog,spike,1,196.46583991898,170.62503114560826,166.1170193856535,142.2403477476757
"PatchTST-SSL(HoW-cond, patch-mask train)",Hog_office_Sydney,124,Hog,spike,1,85.70597551646374,77.04057895032741,77.04057895032741,71.36364227074091
"PatchTST-SSL(HoW-cond, patch-mask train)",Hog_office_Sydney,124,Hog,spike,2,131.22745681677335,133.8890935349938,133.8890935349938,128.2121568554073
"PatchTST-SSL(HoW-cond, patch-mask train)",Hog_office_Sydney,124,Hog,spike,2,148.69647404756202,149.58644405207173,149.58644405207173,143.90950737248522
"PatchTST-SSL(HoW-cond, patch-mask train)",Hog_office_Sydney,124,Hog,spike,2,174.68537972142465,201.33134114375144,201.33134114375144,189.9774677845784
"PatchTST-SSL(HoW-cond, patch-mask train)",Hog_office_Valda,124,Hog,drift,2,2857.1177976370764,4086.361317834828,3983.7050710567646,3291.5891889629834
"PatchTST-SSL(HoW-cond, patch-mask train)",Hog_office_Valda,124,Hog,spike,3,146.1924647334952,152.02213018390142,152.02213018390142,149.01162969575049
"PatchTST-SSL(HoW-cond, patch-mask train)",Hog_office_Valda,124,Hog,drift,3,4547.513835535305,5689.1687847076155,5636.225268836395,4894.3966558357715
"PatchTST-SSL(HoW-cond, patch-mask train)",Hog_office_Valda,124,Hog,spike,2,90.96816539874968,103.27561798325556,103.27561798325556,100.26511749510465
"PatchTST-SSL(HoW-cond, patch-mask train)",Hog_office_Valda,124,Hog,schedule,3,295.3654460515271,1523.9737542466823,1439.2331900155068,945.9576605217048
"PatchTST-SSL(HoW-cond, patch-mask train)",Hog_office_Valda,124,Hog,schedule,3,129.23500259287323,526.3718980058675,457.5319015241688,309.6158628590008
"PatchTST-SSL(HoW-cond, patch-mask train)",Lamb_education_Armando,124,Lamb,schedule,3,42.35150572994869,4670.474568413831,4174.132679011803,3008.537707355529
"PatchTST-SSL(HoW-cond, patch-mask train)",Lamb_education_Armando,124,Lamb,drift,2,3545.686108845367,13363.347251680058,13258.619196043135,10751.732184302726
"PatchTST-SSL(HoW-cond, patch-mask train)",Lamb_education_Armando,124,Lamb,drift,2,581.1700915763748,557.946041935811,-752.8565554436755,0.0
"PatchTST-SSL(HoW-cond, patch-mask train)",Lamb_education_Armando,124,Lamb,drift,3,3408.2489944527274,8688.784553915162,8457.855853277131,6789.428141277103
"PatchTST-SSL(HoW-cond, patch-mask train)",Lamb_education_Armando,124,Lamb,spike,2,221.83527427775363,229.46881022304328,229.46881022304328,219.57632890722005
"PatchTST-SSL(HoW-cond, patch-mask train)",Lamb_education_Armando,124,Lamb,schedule,3,36.35899298629825,1860.573901022815,1575.798911225313,910.8956947037856
"PatchTST-SSL(HoW-cond, patch-mask train)",Lamb_education_Eula,124,Lamb,drift,3,124.56056570809535,327.14169218097794,312.0930465185682,250.13394862490264
"PatchTST-SSL(HoW-cond, patch-mask train)",Lamb_education_Eula,124,Lamb,spike,1,9.411480791510446,9.997735696893688,9.997735696893688,8.92818370305931
"PatchTST-SSL(HoW-cond, patch-mask train)",Lamb_education_Eula,124,Lamb,drift,2,116.574490267412,231.6797298607887,181.30304465372825,137.55915440336338
"PatchTST-SSL(HoW-cond, patch-mask train)",Lamb_education_Eula,124,Lamb,spike,2,8.906459358942762,16.486007253699235,16.486007253699235,15.772972591142985
"PatchTST-SSL(HoW-cond, patch-mask train)",Lamb_education_Eula,124,Lamb,spike,3,15.085603107142502,15.503254883329316,15.503254883329316,14.790220220773064
"PatchTST-SSL(HoW-cond, patch-mask train)",Lamb_education_Eula,124,Lamb,drift,2,67.55719881227861,466.3254175223736,434.5698707390726,380.7612580156233
"PatchTST-SSL(HoW-cond, patch-mask train)",Lamb_education_Lazaro,124,Lamb,drift,1,461.23669069021577,2213.545289776868,459.1336973478355,758.8765685547744
"PatchTST-SSL(HoW-cond, patch-mask train)",Lamb_education_Lazaro,124,Lamb,spike,3,400.82250918666176,305.82528228090524,266.8823544790446,275.51968392211165
"PatchTST-SSL(HoW-cond, patch-mask train)",Lamb_education_Lazaro,124,Lamb,drift,1,604.235159033965,986.4906789138486,-3097.8479248437025,0.0
"PatchTST-SSL(HoW-cond, patch-mask train)",Lamb_education_Lazaro,124,Lamb,drift,2,497.9093626321239,2156.2053249895475,1096.9973104390958,1065.2037840729774
"PatchTST-SSL(HoW-cond, patch-mask train)",Lamb_education_Lazaro,124,Lamb,spike,2,323.27785981812565,297.27201449383233,281.63030644011053,259.3900165453403
"PatchTST-SSL(HoW-cond, patch-mask train)",Lamb_education_Lazaro,124,Lamb,spike,3,216.09390823268615,217.30917377732885,217.30917377732885,209.73277418763044
"PatchTST-SSL(HoW-cond, patch-mask train)",Lamb_education_Lucas,124,Lamb,drift,3,801.2582428094648,1711.1947981248377,1637.4649980300323,1440.952389967695
"PatchTST-SSL(HoW-cond, patch-mask train)",Lamb_education_Lucas,124,Lamb,schedule,3,44.89451201081894,44.80328442572585,-225.4790278657327,0.0
"PatchTST-SSL(HoW-cond, patch-mask train)",Lamb_education_Lucas,124,Lamb,spike,3,133.8321468000379,166.0290001192074,166.0290001192074,160.39894994926692
"PatchTST-SSL(HoW-cond, patch-mask train)",Lamb_education_Lucas,124,Lamb,drift,3,273.9606663738274,836.2315285059816,762.2784372204289,674.0860836116958
"PatchTST-SSL(HoW-cond, patch-mask train)",Lamb_education_Lucas,124,Lamb,spike,3,142.6454074837294,132.51376041676596,132.51376041676596,126.88371024682549
"PatchTST-SSL(HoW-cond, patch-mask train)",Lamb_education_Lucas,124,Lamb,drift,1,38.67614445359179,649.1092778428322,511.387631926016,513.9880737642607
"PatchTST-SSL(HoW-cond, patch-mask train)",Lamb_education_Mae,124,Lamb,spike,1,323.07918229430084,424.6684995903413,424.6684995903413,367.8690480633946
"PatchTST-SSL(HoW-cond, patch-mask train)",Lamb_education_Mae,124,Lamb,spike,2,516.0264638666401,525.1741348611894,525.1741348611894,479.734573639632
"PatchTST-SSL(HoW-cond, patch-mask train)",Lamb_education_Mae,124,Lamb,drift,2,3932.5231562095887,11145.223592198625,10695.715978311246,8418.849918905184
"PatchTST-SSL(HoW-cond, patch-mask train)",Lamb_education_Mae,124,Lamb,spike,2,212.59441880931385,218.11285851612865,218.11285851612865,195.3930779053499
"PatchTST-SSL(HoW-cond, patch-mask train)",Lamb_education_Mae,124,Lamb,drift,3,2958.7246626678852,2441.9130144938276,1875.852746317147,806.088810517763
"PatchTST-SSL(HoW-cond, patch-mask train)",Lamb_education_Mae,124,Lamb,spike,1,162.31276356035605,241.9699244433355,241.9699244433355,230.61003413794617
"PatchTST-SSL(HoW-cond, patch-mask train)",Lamb_education_Williams,124,Lamb,drift,1,746.3809443232789,5435.017962651974,3968.459804323784,3392.3436707884466
"PatchTST-SSL(HoW-cond, patch-mask train)",Lamb_education_Williams,124,Lamb,drift,1,639.2960181545328,6513.731915676684,5227.259642446712,4656.755286709841
"PatchTST-SSL(HoW-cond, patch-mask train)",Lamb_education_Williams,124,Lamb,drift,3,4579.005177313596,7531.342411609012,6698.322297275522,5117.2727939521155
"PatchTST-SSL(HoW-cond, patch-mask train)",Lamb_education_Williams,124,Lamb,schedule,3,245.34222782811088,4510.590303137472,3705.170222657242,3210.7066628606817
"PatchTST-SSL(HoW-cond, patch-mask train)",Lamb_education_Williams,124,Lamb,spike,1,225.11065302241795,246.97508203827863,246.97508203827863,216.02547155549792
"PatchTST-SSL(HoW-cond, patch-mask train)",Lamb_education_Williams,124,Lamb,schedule,2,120.36486662932188,6092.233942582205,4937.394286290685,4420.954976512046
"PatchTST-SSL(HoW-cond, patch-mask train)",Lamb_office_Caitlin,124,Lamb,spike,2,287.84152497083744,277.6483360601048,272.57684962259907,264.32546904548406
"PatchTST-SSL(HoW-cond, patch-mask train)",Lamb_office_Caitlin,124,Lamb,drift,1,174.86513893786412,13.436891780956037,-2692.467412033885,0.0
"PatchTST-SSL(HoW-cond, patch-mask train)",Lamb_office_Caitlin,124,Lamb,schedule,1,45.94439519567189,7.155215175403887,-1916.129918389874,0.0
"PatchTST-SSL(HoW-cond, patch-mask train)",Lamb_office_Caitlin,124,Lamb,drift,3,1366.1223200641446,3060.9260582797465,1160.361446729161,1781.9308248761554
"PatchTST-SSL(HoW-cond, patch-mask train)",Lamb_office_Caitlin,124,Lamb,spike,3,499.75478148973514,472.614583590053,453.3725832802389,452.63028306812186
"PatchTST-SSL(HoW-cond, patch-mask train)",Lamb_office_Caitlin,124,Lamb,spike,3,914.2945579554216,825.2052133180018,804.2069794292447,791.8980457814499
"PatchTST-SSL(HoW-cond, patch-mask train)",Lamb_office_Velma,124,Lamb,spike,2,712.063480372273,775.1077967709572,756.5877647247603,678.9906996547736
"PatchTST-SSL(HoW-cond, patch-mask train)",Lamb_office_Velma,124,Lamb,schedule,2,5.02976783064522,7536.25014115513,6087.7863371283165,3845.353611893682
"PatchTST-SSL(HoW-cond, patch-mask train)",Lamb_office_Velma,124,Lamb,spike,1,402.868816575697,702.9141127092478,702.9141127092478,626.0204350163009
"PatchTST-SSL(HoW-cond, patch-mask train)",Lamb_office_Velma,124,Lamb,spike,2,716.8389665969552,605.1201523289494,590.3040260412124,509.00305521276584
"PatchTST-SSL(HoW-cond, patch-mask train)",Lamb_office_Velma,124,Lamb,drift,2,3639.54112623905,9926.749095026,9691.063932533736,6697.214631922232
"PatchTST-SSL(HoW-cond, patch-mask train)",Lamb_office_Velma,124,Lamb,drift,3,7579.385515407095,13112.868450926124,13034.195186601364,9883.333987822356
"PatchTST-SSL(HoW-cond, patch-mask train)",Rat_retail_Jeffrey,124,Rat,spike,1,291.60367573257804,152.04043522732744,94.48770479891718,120.6879979275242
"PatchTST-SSL(HoW-cond, patch-mask train)",Rat_retail_Jeffrey,124,Rat,spike,2,475.52021965664414,424.08196317408624,401.494229776612,399.0000133342437
"PatchTST-SSL(HoW-cond, patch-mask train)",Rat_retail_Jeffrey,124,Rat,drift,2,2154.4490308847585,2680.0822292706757,2507.470681034142,1777.132035036342
"PatchTST-SSL(HoW-cond, patch-mask train)",Rat_retail_Jeffrey,124,Rat,spike,1,138.38502458085736,143.89035433827885,143.89035433827885,137.6198668783182
"PatchTST-SSL(HoW-cond, patch-mask train)",Rat_retail_Jeffrey,124,Rat,drift,1,610.2952989490467,992.4408737581176,393.1094563981587,239.9823785628398
"PatchTST-SSL(HoW-cond, patch-mask train)",Rat_retail_Jeffrey,124,Rat,spike,3,473.6194993456267,556.8998908419442,556.8998908419442,538.0884284620622
"PatchTST-SSL(HoW-cond, patch-mask train)",Robin_education_Zenia,124,Robin,drift,1,9085.837298458526,31121.439079688596,31121.439079688596,27505.13003345675
"PatchTST-SSL(HoW-cond, patch-mask train)",Robin_education_Zenia,124,Robin,drift,3,29233.784782501494,49034.11064633141,49034.11064633141,45974.15683798139
"PatchTST-SSL(HoW-cond, patch-mask train)",Robin_education_Zenia,124,Robin,drift,3,19698.159837123923,36922.020850877045,36922.020850877045,34418.42228040884
"PatchTST-SSL(HoW-cond, patch-mask train)",Robin_education_Zenia,124,Robin,spike,3,234.24180318846012,316.39368911889176,316.39368911889176,304.8029549963538
"PatchTST-SSL(HoW-cond, patch-mask train)",Robin_education_Zenia,124,Robin,drift,2,8507.294132048073,21852.858612925327,21852.858612925327,19627.437661398035
"PatchTST-SSL(HoW-cond, patch-mask train)",Robin_education_Zenia,124,Robin,spike,1,103.7809107783848,167.13155866539228,167.13155866539228,155.5408245428543
"PatchTST-SSL(HoW-cond, patch-mask train)",Robin_office_Dina,124,Robin,drift,1,1671.5645498087358,3840.3173033203934,3680.860687486741,2953.752881084723
"PatchTST-SSL(HoW-cond, patch-mask train)",Robin_office_Dina,124,Robin,spike,3,76.99172519770566,109.05944832063484,109.05944832063484,103.37634304989336
"PatchTST-SSL(HoW-cond, patch-mask train)",Robin_office_Dina,124,Robin,drift,2,1361.1516267334248,1922.463391875334,1876.443622349801,1445.0825491330495
"PatchTST-SSL(HoW-cond, patch-mask train)",Robin_office_Dina,124,Robin,spike,1,54.39925792780521,83.2762792261008,83.2762792261008,74.75162131998859
"PatchTST-SSL(HoW-cond, patch-mask train)",Robin_office_Dina,124,Robin,spike,3,106.22402211052074,109.65993488636512,109.65993488636512,101.1352769802529
"PatchTST-SSL(HoW-cond, patch-mask train)",Robin_office_Dina,124,Robin,spike,2,100.90720420303032,167.82295143494042,167.82295143494042,156.45674089345746
"PatchTST-SSL(HoW-cond, patch-mask train)",Robin_office_Sammie,124,Robin,drift,2,8193.376963553696,10201.18492202894,10132.000385230072,7753.0364061503005
"PatchTST-SSL(HoW-cond, patch-mask train)",Robin_office_Sammie,124,Robin,spike,2,264.22219886949006,352.29932994084135,352.29932994084135,301.29623586003635
"PatchTST-SSL(HoW-cond, patch-mask train)",Robin_office_Sammie,124,Robin,drift,2,2188.0140383288563,4105.407729740596,3846.476931854047,2881.3334718012757
"PatchTST-SSL(HoW-cond, patch-mask train)",Robin_office_Sammie,124,Robin,spike,3,325.76388530020796,423.7402992823843,423.7402992823843,382.9378240177403
"PatchTST-SSL(HoW-cond, patch-mask train)",Robin_office_Sammie,124,Robin,drift,3,10950.46293039176,11379.937350826716,11237.590024968276,9176.603686535942
"PatchTST-SSL(HoW-cond, patch-mask train)",Robin_office_Sammie,124,Robin,schedule,2,283.6852349670226,3034.0313214435973,1272.1913641095878,830.6976571528221
"PatchTST-SSL(HoW-cond, patch-mask train)",Shrew_office_Doris,124,Shrew,spike,3,967.677461342442,1251.590315570941,1251.590315570941,1194.2658126381723
"PatchTST-SSL(HoW-cond, patch-mask train)",Shrew_office_Doris,124,Shrew,drift,2,13274.214899719287,19033.14686396614,18940.9757927484,15937.623705596645
"PatchTST-SSL(HoW-cond, patch-mask train)",Shrew_office_Doris,124,Shrew,drift,3,16874.680037500937,22895.89231065369,22895.89231065369,20144.316169880803
"PatchTST-SSL(HoW-cond, patch-mask train)",Shrew_office_Doris,124,Shrew,drift,2,21097.276446337128,27863.803326426587,27395.468516851077,23736.439115267254
"PatchTST-SSL(HoW-cond, patch-mask train)",Shrew_office_Doris,124,Shrew,spike,3,1269.3416243658437,1197.498072690847,1172.0957148071311,1125.8424440248864
"PatchTST-SSL(HoW-cond, patch-mask train)",Shrew_office_Doris,124,Shrew,spike,1,492.6340337493294,509.03451322451485,456.61446977211926,437.37888455855426
"PatchTST-SSL(HoW-cond, patch-mask train)",Shrew_office_Ila,124,Shrew,drift,1,2996.99212687992,6704.185251938625,6473.079925321006,4243.9697730045955
"PatchTST-SSL(HoW-cond, patch-mask train)",Shrew_office_Ila,124,Shrew,drift,3,17305.03319043162,19229.778616354255,19041.226071955974,16769.563137420228
"PatchTST-SSL(HoW-cond, patch-mask train)",Shrew_office_Ila,124,Shrew,spike,3,725.0771146387649,727.6630264335706,709.6883755796512,682.1034805273849
"PatchTST-SSL(HoW-cond, patch-mask train)",Shrew_office_Ila,124,Shrew,spike,1,146.5948962159231,158.43701288726598,141.96745269834793,135.6572399341731
"PatchTST-SSL(HoW-cond, patch-mask train)",Shrew_office_Ila,124,Shrew,drift,2,4621.5561975259025,7014.58673486802,6838.779279501199,5374.443082245334
"PatchTST-SSL(HoW-cond, patch-mask train)",Shrew_office_Ila,124,Shrew,spike,3,673.7401307453438,817.4189863731895,817.4189863731895,771.8594404670038
"PatchTST-SSL(HoW-cond, patch-mask train)",Shrew_office_Kenneth,124,Shrew,drift,2,1498.5085912518607,3598.2490051849877,3598.2490051849877,2798.206909401531
"PatchTST-SSL(HoW-cond, patch-mask train)",Shrew_office_Kenneth,124,Shrew,drift,3,2842.3791870818204,1119.811825000613,758.3173475361106,319.7697292171563
"PatchTST-SSL(HoW-cond, patch-mask train)",Shrew_office_Kenneth,124,Shrew,spike,2,90.89096949254512,82.73547259975614,76.36040412980483,74.40170076867847
"PatchTST-SSL(HoW-cond, patch-mask train)",Shrew_office_Kenneth,124,Shrew,spike,1,62.498642336023934,64.0398018961391,64.0398018961391,59.87291598060026
"PatchTST-SSL(HoW-cond, patch-mask train)",Shrew_office_Kenneth,124,Shrew,spike,3,300.9768943363502,273.78898636117924,269.0685208819767,252.95455678348503
"PatchTST-SSL(HoW-cond, patch-mask train)",Shrew_office_Kenneth,124,Shrew,spike,1,132.02422580194082,168.18593851830292,168.18593851830292,147.35150894060874
"PatchTST-SSL(HoW-cond, patch-mask train)",Shrew_office_Nora,124,Shrew,drift,3,13959.850749005422,18414.210729143844,18049.710439468436,13448.907604821925
"PatchTST-SSL(HoW-cond, patch-mask train)",Shrew_office_Nora,124,Shrew,spike,1,260.69750787688605,201.2684425797283,143.38898330206783,142.15769109970543
"PatchTST-SSL(HoW-cond, patch-mask train)",Shrew_office_Nora,124,Shrew,drift,1,4665.425658313194,10966.279691248248,9222.151354711605,4582.318531405779
"PatchTST-SSL(HoW-cond, patch-mask train)",Shrew_office_Nora,124,Shrew,drift,3,26280.58367879771,32564.411204670716,32097.790337188093,25471.121027067973
"PatchTST-SSL(HoW-cond, patch-mask train)",Shrew_office_Nora,124,Shrew,spike,1,548.8590061520682,1046.115616988216,1046.115616988216,898.338738288159
"PatchTST-SSL(HoW-cond, patch-mask train)",Shrew_office_Nora,124,Shrew,spike,2,390.28208907425113,548.3104099983598,548.3104099983598,489.19965851833695
"PatchTST-SSL(HoW-cond, patch-mask train)",Shrew_office_Sherill,124,Shrew,spike,3,1285.7986614249328,1606.1016645479356,1606.1016645479356,1515.6795102054823
"PatchTST-SSL(HoW-cond, patch-mask train)",Shrew_office_Sherill,124,Shrew,drift,2,6816.240253363444,12108.538802104084,11516.98005202856,8491.652628405967
"PatchTST-SSL(HoW-cond, patch-mask train)",Shrew_office_Sherill,124,Shrew,spike,1,809.928865577001,568.9659045597773,490.96126460326366,448.40303210317336
"PatchTST-SSL(HoW-cond, patch-mask train)",Shrew_office_Sherill,124,Shrew,drift,3,19918.04479791922,28844.862043875983,28577.729748649155,23781.221400698618
"PatchTST-SSL(HoW-cond, patch-mask train)",Shrew_office_Sherill,124,Shrew,spike,1,982.0393289635584,1076.014557770428,999.2870064975016,925.310967199673
"PatchTST-SSL(HoW-cond, patch-mask train)",Shrew_office_Sherill,124,Shrew,spike,3,1418.5189408034698,1292.0541194739285,1233.9826156969173,1201.6319651314757
"PatchTST-SSL(HoW-cond, patch-mask train)",Wolf_office_Darleen,124,Wolf,drift,3,4246.600657922468,2767.8895334307836,2483.7129305775493,1431.650958653864
"PatchTST-SSL(HoW-cond, patch-mask train)",Wolf_office_Darleen,124,Wolf,drift,3,4976.241380732559,7223.622039256285,6981.723141747636,5738.912511726374
"PatchTST-SSL(HoW-cond, patch-mask train)",Wolf_office_Darleen,124,Wolf,spike,3,254.48626821207995,232.72583584114645,228.6397511203841,214.16696674702257
"PatchTST-SSL(HoW-cond, patch-mask train)",Wolf_office_Darleen,124,Wolf,schedule,3,98.90988369231172,2202.679709150168,1352.7474006795487,866.4411343732486
"PatchTST-SSL(HoW-cond, patch-mask train)",Wolf_office_Darleen,124,Wolf,spike,2,263.59770868297966,232.7804133022737,223.9647260429784,201.84896481206724
"PatchTST-SSL(HoW-cond, patch-mask train)",Wolf_office_Darleen,124,Wolf,drift,3,3387.5794404471744,4964.8447886354425,4835.707135410106,3777.0771666115143
"PatchTST-SSL(HoW-cond, patch-mask train)",Wolf_retail_Harriett,124,Wolf,spike,1,109.46943691528074,225.79575964970428,225.79575964970428,194.41756277282448
"PatchTST-SSL(HoW-cond, patch-mask train)",Wolf_retail_Harriett,124,Wolf,drift,2,3442.80368568748,5451.324568693729,5217.569614885417,3192.0943935583828
"PatchTST-SSL(HoW-cond, patch-mask train)",Wolf_retail_Harriett,124,Wolf,spike,2,118.095825507048,138.3732225016374,138.3732225016374,127.91382354267746
"PatchTST-SSL(HoW-cond, patch-mask train)",Wolf_retail_Harriett,124,Wolf,spike,2,95.23365086904356,115.100835010318,115.100835010318,104.64143605135806
"PatchTST-SSL(HoW-cond, patch-mask train)",Wolf_retail_Harriett,124,Wolf,drift,1,915.269426851574,3135.67013427911,2717.065914655159,1378.4911091738406
"PatchTST-SSL(HoW-cond, patch-mask train)",Wolf_retail_Harriett,124,Wolf,schedule,2,16.811704598329925,1118.663630151107,401.0689134974763,0.0
"PatchTST-SSL(HoW-cond, patch-mask train)",Wolf_retail_Marcella,124,Wolf,drift,1,77.19480955887502,266.43381226153554,199.1978111463172,114.96167274640683
"PatchTST-SSL(HoW-cond, patch-mask train)",Wolf_retail_Marcella,124,Wolf,spike,3,54.744085512607896,75.78495106697707,75.78495106697707,70.73587974980612
"PatchTST-SSL(HoW-cond, patch-mask train)",Wolf_retail_Marcella,124,Wolf,drift,3,805.9237291893736,1332.8991879264954,1302.425341640575,1060.2493367992638
"PatchTST-SSL(HoW-cond, patch-mask train)",Wolf_retail_Marcella,124,Wolf,drift,2,245.1612452558267,410.6717282449441,351.4756769817063,228.90516082678968
"PatchTST-SSL(HoW-cond, patch-mask train)",Wolf_retail_Marcella,124,Wolf,spike,1,15.299112680094524,14.106696444914094,14.106696444914094,12.844428615621355
"PatchTST-SSL(HoW-cond, patch-mask train)",Wolf_retail_Marcella,124,Wolf,drift,1,161.5415176515241,505.5444981197204,390.69847065965337,202.600219089463
"PatchTST-SSL(HoW-cond, patch-mask train)",Wolf_retail_Toshia,124,Wolf,spike,3,813.8222848184951,689.9393688873205,657.8568758868154,619.7260078942129
"PatchTST-SSL(HoW-cond, patch-mask train)",Wolf_retail_Toshia,124,Wolf,spike,3,1170.5817793556578,1191.1661682982424,1191.1661682982424,1103.399467056858
"PatchTST-SSL(HoW-cond, patch-mask train)",Wolf_retail_Toshia,124,Wolf,schedule,3,146.55404856680667,3173.314030872647,2020.3749902305344,1066.9132010794206
"PatchTST-SSL(HoW-cond, patch-mask train)",Wolf_retail_Toshia,124,Wolf,schedule,3,196.04409342229565,1580.0356815974403,980.825597513366,316.19518372150446
"PatchTST-SSL(HoW-cond, patch-mask train)",Wolf_retail_Toshia,124,Wolf,drift,1,1058.247230158493,6931.363836059059,5430.218218645597,3139.8423424312514
"PatchTST-SSL(HoW-cond, patch-mask train)",Wolf_retail_Toshia,124,Wolf,spike,1,354.7456702313118,339.4459930127932,324.32885497235884,269.23263201968564
PatchTST-SSL(HoW-cond),Fox_education_Henrietta,125,Fox,drift,3,543.6776343474405,719.3363344665258,586.5284438892636,374.28536103210246
PatchTST-SSL(HoW-cond),Fox_education_Henrietta,125,Fox,drift,3,2141.019036959888,3262.8627174504995,3210.163119952734,2572.7607705816527
PatchTST-SSL(HoW-cond),Fox_education_Henrietta,125,Fox,drift,1,476.4946025631397,823.2188887530327,517.4987863816818,0.0
PatchTST-SSL(HoW-cond),Fox_education_Henrietta,125,Fox,spike,1,62.13982155094737,101.12940261205476,101.12940261205476,89.62770349757398
PatchTST-SSL(HoW-cond),Fox_education_Henrietta,125,Fox,spike,2,140.44990776891177,124.04037126449504,124.04037126449504,109.66324737139406
PatchTST-SSL(HoW-cond),Fox_education_Henrietta,125,Fox,spike,1,66.13491765552413,33.14378654631399,28.47295502126926,18.766662653213015
PatchTST-SSL(HoW-cond),Fox_retail_Manie,125,Fox,schedule,3,368.04709591272024,1425.734802602493,165.7770797256553,437.3476718840242
PatchTST-SSL(HoW-cond),Fox_retail_Manie,125,Fox,spike,1,123.19706914419866,127.15221710292504,127.15221710292504,120.2884175840468
PatchTST-SSL(HoW-cond),Fox_retail_Manie,125,Fox,spike,2,421.05161512855886,544.9439128983631,544.9439128983631,510.6249153039719
PatchTST-SSL(HoW-cond),Fox_retail_Manie,125,Fox,drift,3,8151.129348647555,8856.162484016988,8480.076523538235,7208.850599486207
PatchTST-SSL(HoW-cond),Fox_retail_Manie,125,Fox,spike,1,120.95524489933428,167.6879393232584,167.6879393232584,160.82413980438014
PatchTST-SSL(HoW-cond),Fox_retail_Manie,125,Fox,schedule,3,426.66194710076456,1550.6839836525746,481.3901155285686,232.83447602795013
PatchTST-SSL(HoW-cond),Hog_education_Bruno,125,Hog,spike,1,400.4032892096728,427.91577209279,427.91577209279,393.44501311929264
PatchTST-SSL(HoW-cond),Hog_education_Bruno,125,Hog,drift,1,10943.930462314776,14296.112440270172,14261.965687789856,12310.596723396722
PatchTST-SSL(HoW-cond),Hog_education_Bruno,125,Hog,drift,3,19882.024337608516,24758.730065420514,24758.730065420514,23600.512563911
PatchTST-SSL(HoW-cond),Hog_education_Bruno,125,Hog,schedule,3,3.769674119454777,1671.3716314208648,1522.4803420873354,1009.5330591297148
PatchTST-SSL(HoW-cond),Hog_education_Bruno,125,Hog,spike,3,404.2736096443234,422.2924603395523,422.2924603395523,415.3983085448528
PatchTST-SSL(HoW-cond),Hog_education_Bruno,125,Hog,spike,2,327.13560661465135,347.4602170557874,347.4602170557874,326.77776167168895
PatchTST-SSL(HoW-cond),Hog_education_Caridad,125,Hog,drift,1,28386.38275238724,33170.92065922671,-19281.60448672189,1809.797076202816
PatchTST-SSL(HoW-cond),Hog_education_Caridad,125,Hog,schedule,3,40300.39042463366,15408.875507168785,-48962.219576053,0.0
PatchTST-SSL(HoW-cond),Hog_education_Caridad,125,Hog,drift,2,28596.337097434516,26319.830105950925,15419.844105740664,8896.983670937654
PatchTST-SSL(HoW-cond),Hog_education_Caridad,125,Hog,spike,1,3615.9659871725,3461.381162396044,3457.4066638260156,3025.8100015207124
PatchTST-SSL(HoW-cond),Hog_education_Caridad,125,Hog,schedule,2,9175.068368269807,4240.4149149260775,-89418.9068742109,0.0
PatchTST-SSL(HoW-cond),Hog_education_Caridad,125,Hog,spike,3,14222.66895468754,13701.896812714363,13498.437860317625,13121.135264880588
PatchTST-SSL(HoW-cond),Hog_education_Josh,125,Hog,drift,3,7730.505083483085,13157.986380140228,13154.00791958335,9418.28205625877
PatchTST-SSL(HoW-cond),Hog_education_Josh,125,Hog,schedule,3,11.784679011288034,6500.848365053683,6500.848365053683,4630.996203112953
PatchTST-SSL(HoW-cond),Hog_education_Josh,125,Hog,spike,1,575.7182019786903,562.2481637218098,550.7379145822456,432.3973191425925
PatchTST-SSL(HoW-cond),Hog_education_Josh,125,Hog,spike,1,242.4107462956211,310.57958289913233,310.57958289913233,284.60941398328885
PatchTST-SSL(HoW-cond),Hog_education_Josh,125,Hog,drift,2,11163.141504512632,23476.490176473737,23463.23607823736,17866.933690651545
PatchTST-SSL(HoW-cond),Hog_education_Josh,125,Hog,spike,1,389.0732811986469,719.223949544754,719.223949544754,615.3432738813801
PatchTST-SSL(HoW-cond),Hog_education_Luvenia,125,Hog,schedule,3,78.81606669111721,10649.107344860227,9580.515498382074,5882.0627372753115
PatchTST-SSL(HoW-cond),Hog_education_Luvenia,125,Hog,spike,3,701.6027863582609,716.6878302294747,716.6878302294747,694.6181792684334
PatchTST-SSL(HoW-cond),Hog_education_Luvenia,125,Hog,schedule,3,243.05596690490265,4362.304464813724,2312.1057838691404,1184.27472642378
PatchTST-SSL(HoW-cond),Hog_education_Luvenia,125,Hog,drift,1,15728.352545379585,21134.412288059302,20650.727892912542,15837.6960574094
PatchTST-SSL(HoW-cond),Hog_education_Luvenia,125,Hog,spike,1,601.5568549222517,551.9606333135594,536.5883107530341,463.68202946939425
PatchTST-SSL(HoW-cond),Hog_education_Luvenia,125,Hog,spike,3,1008.5508595886322,1006.865974710142,975.1491160687305,940.657021827018
PatchTST-SSL(HoW-cond),Hog_office_Almeda,125,Hog,schedule,3,920.7290323005244,583.8908333949063,-95.06814988894487,0.0
PatchTST-SSL(HoW-cond),Hog_office_Almeda,125,Hog,spike,1,97.60946352752082,93.70735501722646,93.70735501722646,86.31596709508855
PatchTST-SSL(HoW-cond),Hog_office_Almeda,125,Hog,drift,3,2352.246882309896,3629.718904775731,3527.7221511371044,2742.752354119182
PatchTST-SSL(HoW-cond),Hog_office_Almeda,125,Hog,drift,3,4911.399663120952,6851.306166558661,6605.310931571956,5609.552995639492
PatchTST-SSL(HoW-cond),Hog_office_Almeda,125,Hog,drift,3,8255.633995193115,12247.087980867174,12244.391114056736,10473.154879554077
PatchTST-SSL(HoW-cond),Hog_office_Almeda,125,Hog,spike,2,290.3558219807369,353.90190693841066,353.90190693841066,324.336355249859
PatchTST-SSL(HoW-cond),Hog_office_Cortney,125,Hog,spike,2,421.20877656343674,414.2989838123052,407.5641157241399,376.97758556933945
PatchTST-SSL(HoW-cond),Hog_office_Cortney,125,Hog,spike,3,402.6129107386708,405.3101936761155,405.3101936761155,380.4292615141383
PatchTST-SSL(HoW-cond),Hog_office_Cortney,125,Hog,drift,2,1926.319983944104,4636.695012497847,3810.7813060049575,2546.6967108917647
PatchTST-SSL(HoW-cond),Hog_office_Cortney,125,Hog,spike,3,566.8997263540168,528.9371327976808,508.3531619615496,491.615734554715
PatchTST-SSL(HoW-cond),Hog_office_Cortney,125,Hog,spike,3,1037.6594788568552,991.2689789548276,989.3939231911394,929.0666485498848
PatchTST-SSL(HoW-cond),Hog_office_Cortney,125,Hog,spike,1,177.95406087120688,181.67057298060263,181.67057298060263,169.23010689961407
PatchTST-SSL(HoW-cond),Hog_office_Denita,125,Hog,spike,1,104.74801112459912,128.6105624815032,128.6105624815032,120.06048702369884
PatchTST-SSL(HoW-cond),Hog_office_Denita,125,Hog,spike,3,461.0964849863213,392.18642089259424,372.7366604169537,357.9861190613769
PatchTST-SSL(HoW-cond),Hog_office_Denita,125,Hog,drift,3,2328.7237572547915,3365.692661963643,3237.967661382044,2339.683607027122
PatchTST-SSL(HoW-cond),Hog_office_Denita,125,Hog,drift,3,9184.383096629304,10866.94212152816,10655.582861087752,8609.722200667815
PatchTST-SSL(HoW-cond),Hog_office_Denita,125,Hog,spike,3,240.12967598509263,231.0307012051859,231.0307012051859,222.48062574738157
PatchTST-SSL(HoW-cond),Hog_office_Denita,125,Hog,spike,2,370.8999155280089,298.51184047579966,285.52630243898363,255.76146318677797
PatchTST-SSL(HoW-cond),Hog_office_Garrett,125,Hog,drift,1,5415.773917719659,3.924200855402554,-13397.140984679278,0.0
PatchTST-SSL(HoW-cond),Hog_office_Garrett,125,Hog,spike,2,1358.321923582699,1312.1756104809183,1312.1756104809183,1286.0466009545737
PatchTST-SSL(HoW-cond),Hog_office_Garrett,125,Hog,spike,1,1923.2920380500757,1715.1096972306832,1681.743698922631,1584.4646495989575
PatchTST-SSL(HoW-cond),Hog_office_Garrett,125,Hog,drift,1,9343.256500347154,10442.025110947096,8418.03178898642,5425.255281888832
PatchTST-SSL(HoW-cond),Hog_office_Garrett,125,Hog,drift,3,38185.77099119585,32196.48480127589,26677.460146915422,27179.714972217625
PatchTST-SSL(HoW-cond),Hog_office_Garrett,125,Hog,spike,1,2007.8707973715864,2182.230717761976,2169.5015464656963,2051.5856701302505
PatchTST-SSL(HoW-cond),Hog_office_Lavon,125,Hog,spike,1,1899.2445559390696,2201.293249493422,2201.293249493422,2085.0627850874184
PatchTST-SSL(HoW-cond),Hog_office_Lavon,125,Hog,schedule,3,551.1258275222517,5452.944553291876,-16694.454284611824,0.0
PatchTST-SSL(HoW-cond),Hog_office_Lavon,125,Hog,schedule,2,28.97657684753743,7903.176264976244,1259.163634418421,0.0
PatchTST-SSL(HoW-cond),Hog_office_Lavon,125,Hog,spike,1,1451.4329425254064,1468.8980728553702,1468.8980728553702,1352.6676084493668
PatchTST-SSL(HoW-cond),Hog_office_Lavon,125,Hog,spike,1,2051.267962265602,2325.367975903552,2325.367975903552,1976.6765826855417
PatchTST-SSL(HoW-cond),Hog_office_Lavon,125,Hog,spike,2,2651.549822779352,2465.991667690917,2465.991667690917,2349.7612032849133
PatchTST-SSL(HoW-cond),Hog_office_Merilyn,125,Hog,schedule,3,182.75521306496756,1184.8712529554944,1077.279599049804,799.4601050184878
PatchTST-SSL(HoW-cond),Hog_office_Merilyn,125,Hog,drift,2,1169.519183928402,1556.891179079807,1543.9519684176585,1267.8328181270522
PatchTST-SSL(HoW-cond),Hog_office_Merilyn,125,Hog,spike,3,68.9364713067383,62.08536046229632,54.204095150196984,58.07066100461917
PatchTST-SSL(HoW-cond),Hog_office_Merilyn,125,Hog,drift,3,4985.299664411465,3564.1183777713463,3451.2715081808547,3082.354442850088
PatchTST-SSL(HoW-cond),Hog_office_Merilyn,125,Hog,drift,1,835.1560058605207,2494.033717369569,2437.2690741355727,2012.2697824483107
PatchTST-SSL(HoW-cond),Hog_office_Merilyn,125,Hog,spike,3,84.91700938866047,79.95911270062753,79.95911270062753,77.95176297178895
PatchTST-SSL(HoW-cond),Hog_office_Miriam,125,Hog,schedule,3,579.523393038525,442.6936006938069,329.04114568389963,99.19300627908297
PatchTST-SSL(HoW-cond),Hog_office_Miriam,125,Hog,spike,3,157.02585229495435,167.99776223541468,167.99776223541468,157.774530258786
PatchTST-SSL(HoW-cond),Hog_office_Miriam,125,Hog,spike,1,62.78051802257753,64.01528711020302,54.95064656669396,53.79205513357433
PatchTST-SSL(HoW-cond),Hog_office_Miriam,125,Hog,schedule,3,157.6681316218665,433.71522342650974,414.1313620741214,237.42916947523892
PatchTST-SSL(HoW-cond),Hog_office_Miriam,125,Hog,spike,2,44.26055572448596,44.047853454501336,44.047853454501336,39.95856066384986
PatchTST-SSL(HoW-cond),Hog_office_Miriam,125,Hog,schedule,2,28.056166232973396,552.3224745785373,270.3996005829456,159.75036667599562
PatchTST-SSL(HoW-cond),Hog_office_Napoleon,125,Hog,drift,2,4716.952247147733,5181.428856120767,4872.752710778,3375.849066672373
PatchTST-SSL(HoW-cond),Hog_office_Napoleon,125,Hog,spike,1,137.95448590699337,126.58283197376862,112.05494986652928,101.50533489809648
PatchTST-SSL(HoW-cond),Hog_office_Napoleon,125,Hog,schedule,3,1082.6103935191493,3407.743190194333,3081.1007886237235,1301.233435837873
PatchTST-SSL(HoW-cond),Hog_office_Napoleon,125,Hog,spike,3,273.71167561006234,326.0694208518587,326.0694208518587,313.53067231402264
PatchTST-SSL(HoW-cond),Hog_office_Napoleon,125,Hog,spike,3,412.9367145410827,471.7204594277341,471.7204594277341,434.1042138142259
PatchTST-SSL(HoW-cond),Hog_office_Napoleon,125,Hog,spike,1,120.95556051409784,109.61417496649024,101.86892099399267,84.53667789081811
PatchTST-SSL(HoW-cond),Hog_office_Shawna,125,Hog,spike,1,313.6379115139518,361.8213060676384,341.6949316379535,308.86594341537864
PatchTST-SSL(HoW-cond),Hog_office_Shawna,125,Hog,schedule,1,16.141511134777772,4767.491089408595,2925.479794727463,1590.169330273006
PatchTST-SSL(HoW-cond),Hog_office_Shawna,125,Hog,spike,2,683.8372554129211,692.924595353487,688.7420287788768,613.4915513750973
PatchTST-SSL(HoW-cond),Hog_office_Shawna,125,Hog,schedule,3,3559.624181799263,6082.289229558515,5798.765716476586,2904.967470422926
PatchTST-SSL(HoW-cond),Hog_office_Shawna,125,Hog,schedule,2,2117.593778393931,6239.853661634776,5418.010063423697,2427.067550672068
PatchTST-SSL(HoW-cond),Hog_office_Shawna,125,Hog,spike,1,454.5232692677954,364.08277127310896,335.3626329306023,258.1720459685893
PatchTST-SSL(HoW-cond),Hog_office_Shawnna,125,Hog,schedule,2,2552.153783435699,4169.172524815451,-764.6854906328941,0.0
PatchTST-SSL(HoW-cond),Hog_office_Shawnna,125,Hog,spike,2,979.2760644445436,1052.8945340614864,1052.8945340614864,1017.4775781974486
PatchTST-SSL(HoW-cond),Hog_office_Shawnna,125,Hog,spike,3,2905.0130249591653,2921.193046689535,2855.587880531347,2779.5252232333833
PatchTST-SSL(HoW-cond),Hog_office_Shawnna,125,Hog,schedule,2,2594.702781314817,157.39922614649,-6638.335964588898,0.0
PatchTST-SSL(HoW-cond),Hog_office_Shawnna,125,Hog,spike,2,1926.5792375601536,2391.7163729997656,2391.7163729997656,2214.631593679576
PatchTST-SSL(HoW-cond),Hog_office_Shawnna,125,Hog,schedule,3,6193.786109199689,13132.862846443815,11871.365149439796,5482.800379811629
PatchTST-SSL(HoW-cond),Hog_office_Sherrie,125,Hog,spike,1,67.78790463192944,72.61881754581154,72.61881754581154,64.47885930636475
PatchTST-SSL(HoW-cond),Hog_office_Sherrie,125,Hog,drift,2,5893.056392735663,7552.90978414493,7277.675820626403,6283.076298791231
PatchTST-SSL(HoW-cond),Hog_office_Sherrie,125,Hog,drift,3,4222.303088303819,4915.932426662659,4562.683375425895,4036.816936802406
PatchTST-SSL(HoW-cond),Hog_office_Sherrie,125,Hog,drift,3,5690.77195280197,6899.937287669965,6737.622304703969,5923.142298936351
PatchTST-SSL(HoW-cond),Hog_office_Sherrie,125,Hog,drift,2,1160.5145644277036,1850.9913041307784,1594.587601272426,1167.2348120172487
PatchTST-SSL(HoW-cond),Hog_office_Sherrie,125,Hog,spike,3,200.1296932408524,198.79505756128668,198.79505756128668,194.72507844156328
PatchTST-SSL(HoW-cond),Hog_office_Shon,125,Hog,spike,1,216.7285392605703,230.1672565326465,230.1672565326465,181.96342897441963
PatchTST-SSL(HoW-cond),Hog_office_Shon,125,Hog,drift,2,2000.517973275528,2707.346144824741,2252.3030138984486,1550.4542834272956
PatchTST-SSL(HoW-cond),Hog_office_Shon,125,Hog,drift,3,21736.11668917782,19835.51325409852,19815.509778407628,16827.59441446516
PatchTST-SSL(HoW-cond),Hog_office_Shon,125,Hog,spike,3,435.00855328869727,381.87154660536214,367.80713315972366,333.6677190471353
PatchTST-SSL(HoW-cond),Hog_office_Shon,125,Hog,spike,2,137.69489830862938,188.41729679486937,188.41729679486937,169.13576577157858
PatchTST-SSL(HoW-cond),Hog_office_Shon,125,Hog,spike,3,215.0601984522419,202.6651170414182,193.5630333183341,183.38358601812743
PatchTST-SSL(HoW-cond),Hog_office_Sydney,125,Hog,drift,1,10090.72902848742,7667.83766703083,7035.606410282462,5914.19508552533
PatchTST-SSL(HoW-cond),Hog_office_Sydney,125,Hog,drift,3,11552.378159444106,12555.045744252611,12529.470677983903,11475.881078710763
PatchTST-SSL(HoW-cond),Hog_office_Sydney,125,Hog,spike,1,107.40101118162318,94.46401783686444,81.1278390908144,83.22271923747022
PatchTST-SSL(HoW-cond),Hog_office_Sydney,125,Hog,drift,1,1436.3776215795922,2290.6119658469433,2018.3638093014335,1481.2384666905589
PatchTST-SSL(HoW-cond),Hog_office_Sydney,125,Hog,spike,1,120.35248606515016,94.44603521751915,77.71453928393419,77.5840873184278
PatchTST-SSL(HoW-cond),Hog_office_Sydney,125,Hog,spike,1,134.44551911738682,139.367106709291,128.4414331164023,122.50515881019965
PatchTST-SSL(HoW-cond),Hog_office_Valda,125,Hog,drift,1,661.3711408953283,1314.4489520373209,1014.2805914088252,506.07582188989534
PatchTST-SSL(HoW-cond),Hog_office_Valda,125,Hog,schedule,2,82.79700716384005,43.92800878154664,-877.7995282811584,0.0
PatchTST-SSL(HoW-cond),Hog_office_Valda,125,Hog,spike,2,173.4631733998353,160.26366596541902,150.41446543353038,146.79078046296192
PatchTST-SSL(HoW-cond),Hog_office_Valda,125,Hog,drift,2,2769.782873715905,4562.750145802847,4558.706304598355,3673.539702640679
PatchTST-SSL(HoW-cond),Hog_office_Valda,125,Hog,spike,1,91.82340690935976,43.959255153329266,23.09908718970383,33.854591026486446
PatchTST-SSL(HoW-cond),Hog_office_Valda,125,Hog,spike,3,143.2802443165958,153.14349486017898,153.14349486017898,149.7752734845647
PatchTST-SSL(HoW-cond),Lamb_education_Armando,125,Lamb,schedule,3,1.1934745829660691,3112.6891675619822,2154.945018712014,1899.6818880354097
PatchTST-SSL(HoW-cond),Lamb_education_Armando,125,Lamb,spike,3,399.74267508277626,382.9998381135109,368.8835357327912,362.78305012140135
PatchTST-SSL(HoW-cond),Lamb_education_Armando,125,Lamb,spike,1,181.88666623841328,176.151525828936,176.151525828936,166.04313183288122
PatchTST-SSL(HoW-cond),Lamb_education_Armando,125,Lamb,spike,2,311.1701632346293,274.28704381845307,254.34774190863027,243.9618618302887
PatchTST-SSL(HoW-cond),Lamb_education_Armando,125,Lamb,drift,3,4189.596198085895,11354.379659884678,11139.233255186104,9170.966556736848
PatchTST-SSL(HoW-cond),Lamb_education_Armando,125,Lamb,spike,2,298.4435139285549,295.51198472550584,295.51198472550584,265.1868027373415
PatchTST-SSL(HoW-cond),Lamb_education_Eula,125,Lamb,spike,1,6.690699674565021,6.409474293182898,6.409474293182898,5.951364990820384
PatchTST-SSL(HoW-cond),Lamb_education_Eula,125,Lamb,drift,2,84.1414837512204,319.1976678401485,265.6281458701395,209.25143527314515
PatchTST-SSL(HoW-cond),Lamb_education_Eula,125,Lamb,drift,2,44.64918931234279,47.212354872536736,-9.65128547708063,0.0
PatchTST-SSL(HoW-cond),Lamb_education_Eula,125,Lamb,spike,1,10.101430544618829,9.252338281614314,9.252338281614314,7.419901072164258
PatchTST-SSL(HoW-cond),Lamb_education_Eula,125,Lamb,drift,3,39.955048544124566,201.6785351838546,196.9628283665447,146.70541890035292
PatchTST-SSL(HoW-cond),Lamb_education_Eula,125,Lamb,spike,3,22.257380646063886,29.478634882991138,29.478634882991138,28.104306975903597
PatchTST-SSL(HoW-cond),Lamb_education_Lazaro,125,Lamb,drift,1,199.56667718910816,12.54226464450426,-4479.662880812263,0.0
PatchTST-SSL(HoW-cond),Lamb_education_Lazaro,125,Lamb,spike,1,146.2616500912896,129.64888931539298,126.60132031882443,106.067054801803
PatchTST-SSL(HoW-cond),Lamb_education_Lazaro,125,Lamb,spike,3,445.1755338537366,427.07667926958413,427.07667926958413,395.63423325146414
PatchTST-SSL(HoW-cond),Lamb_education_Lazaro,125,Lamb,drift,2,2062.639357213663,9427.018677586955,9305.974511700811,7351.817240391038
PatchTST-SSL(HoW-cond),Lamb_education_Lazaro,125,Lamb,drift,1,416.463144323934,2739.508046264662,787.0301963811189,1230.2706373949031
PatchTST-SSL(HoW-cond),Lamb_education_Lazaro,125,Lamb,drift,1,491.99455646137983,824.6810160752163,-3320.594844229739,0.0
PatchTST-SSL(HoW-cond),Lamb_education_Lucas,125,Lamb,drift,2,119.5016707324252,36.33547164646127,-306.4310358671968,0.0
PatchTST-SSL(HoW-cond),Lamb_education_Lucas,125,Lamb,spike,2,64.4787362913023,64.03678372557337,64.03678372557337,57.59326196481392
PatchTST-SSL(HoW-cond),Lamb_education_Lucas,125,Lamb,spike,3,60.67999960371594,61.393641524375845,61.393641524375845,59.782761084185985
PatchTST-SSL(HoW-cond),Lamb_education_Lucas,125,Lamb,schedule,3,15.547596446667187,360.81104053349975,251.4058207070347,244.82764883982964
PatchTST-SSL(HoW-cond),Lamb_education_Lucas,125,Lamb,drift,1,204.83694269880996,963.5361574014128,730.0072610097573,576.9248517558458
PatchTST-SSL(HoW-cond),Lamb_education_Lucas,125,Lamb,spike,3,123.35494196224936,115.19915475981868,114.55366256401813,107.14475255886936
PatchTST-SSL(HoW-cond),Lamb_education_Mae,125,Lamb,schedule,3,707.7055646019003,1051.288434192168,-1187.0777217300256,0.0
PatchTST-SSL(HoW-cond),Lamb_education_Mae,125,Lamb,spike,2,434.5193321882207,307.8084467863273,247.45232621763583,256.7584617315307
PatchTST-SSL(HoW-cond),Lamb_education_Mae,125,Lamb,drift,3,4279.320062963822,9282.579059208869,8968.71001214637,7138.479686907411
PatchTST-SSL(HoW-cond),Lamb_education_Mae,125,Lamb,spike,1,416.061573940696,416.9611042183621,416.9611042183621,353.14862289986627
PatchTST-SSL(HoW-cond),Lamb_education_Mae,125,Lamb,drift,1,877.5414005948726,3879.713041282819,3329.0489957200252,2041.9135793101411
PatchTST-SSL(HoW-cond),Lamb_education_Mae,125,Lamb,drift,2,1987.281236844119,4633.872183852227,4359.408444860064,2796.072721879549
PatchTST-SSL(HoW-cond),Lamb_education_Williams,125,Lamb,drift,2,993.7413147792988,4326.463647374541,3410.7784629673124,2629.566938729783
PatchTST-SSL(HoW-cond),Lamb_education_Williams,125,Lamb,spike,1,265.7690347821638,251.13788738424785,247.49370910975335,206.94786892995728
PatchTST-SSL(HoW-cond),Lamb_education_Williams,125,Lamb,spike,2,234.79118643839575,210.9354790893584,178.89140472544048,193.25947170764215
PatchTST-SSL(HoW-cond),Lamb_education_Williams,125,Lamb,spike,3,445.97474150476165,417.9807153752439,410.89383901603105,391.46670430266954
PatchTST-SSL(HoW-cond),Lamb_education_Williams,125,Lamb,schedule,3,206.46617688107503,2627.8290480633814,1769.3322204903586,1567.268605160407
PatchTST-SSL(HoW-cond),Lamb_education_Williams,125,Lamb,spike,2,228.2045694366033,264.98836043704705,264.98836043704705,256.15035674618895
PatchTST-SSL(HoW-cond),Lamb_office_Caitlin,125,Lamb,schedule,3,387.3312010228129,105.26594303740993,-2780.597455643431,0.0
PatchTST-SSL(HoW-cond),Lamb_office_Caitlin,125,Lamb,drift,2,1503.7557897394065,195.03008832307916,-5806.603403145431,0.0
PatchTST-SSL(HoW-cond),Lamb_office_Caitlin,125,Lamb,drift,3,3186.0441444924627,611.8250322567015,-4337.927873143953,0.0
PatchTST-SSL(HoW-cond),Lamb_office_Caitlin,125,Lamb,drift,2,656.6603062278259,14.44339299871692,-4620.095041647999,0.0
PatchTST-SSL(HoW-cond),Lamb_office_Caitlin,125,Lamb,spike,2,275.7887601997688,261.35744408786246,245.462961554305,241.4490449687604
PatchTST-SSL(HoW-cond),Lamb_office_Caitlin,125,Lamb,spike,2,394.2911673996349,338.7930715621522,314.6237473729351,308.9304728834991
PatchTST-SSL(HoW-cond),Lamb_office_Velma,125,Lamb,spike,3,835.24176345517,986.7383918613214,986.7383918613214,920.9465788836236
PatchTST-SSL(HoW-cond),Lamb_office_Velma,125,Lamb,spike,2,488.9701505503433,800.0822307870508,800.0822307870508,734.290417809353
PatchTST-SSL(HoW-cond),Lamb_office_Velma,125,Lamb,drift,1,977.7376980269868,3689.323362997025,3247.094093103856,1715.568973666091
PatchTST-SSL(HoW-cond),Lamb_office_Velma,125,Lamb,drift,2,11288.878643994793,18218.98188749583,18000.465272677593,13876.722230967776
PatchTST-SSL(HoW-cond),Lamb_office_Velma,125,Lamb,spike,2,407.53838309396895,380.0366159278184,374.97294774241743,330.69275619454504
PatchTST-SSL(HoW-cond),Lamb_office_Velma,125,Lamb,spike,2,531.175643613273,476.0757154374475,471.855820497918,410.2839024597497
PatchTST-SSL(HoW-cond),Rat_retail_Jeffrey,125,Rat,spike,1,274.0071717515276,195.59141970534293,138.0858660394086,167.67907957792107
PatchTST-SSL(HoW-cond),Rat_retail_Jeffrey,125,Rat,drift,2,5848.782780325441,4575.884852923247,3739.5619621635983,2901.144445277935
PatchTST-SSL(HoW-cond),Rat_retail_Jeffrey,125,Rat,spike,2,605.3830290267529,460.79436592131526,423.38464381650977,425.9039407620379
PatchTST-SSL(HoW-cond),Rat_retail_Jeffrey,125,Rat,spike,1,237.823478890623,248.80153550656857,245.33489679586268,220.88919537914663
PatchTST-SSL(HoW-cond),Rat_retail_Jeffrey,125,Rat,spike,3,329.0382503598847,337.4967797929018,337.4967797929018,330.51869476104633
PatchTST-SSL(HoW-cond),Rat_retail_Jeffrey,125,Rat,spike,2,448.5396392666252,487.4969652769735,487.4969652769735,459.5846251495517
PatchTST-SSL(HoW-cond),Robin_education_Zenia,125,Robin,spike,2,318.0746005878816,623.1907214719827,623.1907214719827,573.8671108594272
PatchTST-SSL(HoW-cond),Robin_education_Zenia,125,Robin,drift,1,7684.58034520667,25462.26061508753,25462.26061508753,22621.22064380433
PatchTST-SSL(HoW-cond),Robin_education_Zenia,125,Robin,spike,1,221.19370506177228,483.31711322755245,483.31711322755245,443.858224737508
PatchTST-SSL(HoW-cond),Robin_education_Zenia,125,Robin,spike,1,115.38557172702772,384.0310915897646,384.0310915897646,364.3016473447424
PatchTST-SSL(HoW-cond),Robin_education_Zenia,125,Robin,drift,1,7316.344667072699,28553.35736633812,28553.35736633812,25712.317395054917
PatchTST-SSL(HoW-cond),Robin_education_Zenia,125,Robin,spike,2,182.6560142466909,311.97015648155764,311.97015648155764,302.1054343590465
PatchTST-SSL(HoW-cond),Robin_office_Dina,125,Robin,schedule,3,169.6877846016588,1381.9653974190385,959.0700476908024,781.6865880921089
PatchTST-SSL(HoW-cond),Robin_office_Dina,125,Robin,drift,3,2676.149080501228,2742.1612558159472,2726.922772551191,2275.2777374505577
PatchTST-SSL(HoW-cond),Robin_office_Dina,125,Robin,spike,3,109.70001649846564,112.11702294995318,112.11702294995318,103.77981726485694
PatchTST-SSL(HoW-cond),Robin_office_Dina,125,Robin,drift,1,557.1814272127779,970.5783487595272,499.682832935593,436.99718491336773
PatchTST-SSL(HoW-cond),Robin_office_Dina,125,Robin,spike,1,72.51704449816964,80.19082669076906,77.57978596568744,66.29548388227532
PatchTST-SSL(HoW-cond),Robin_office_Dina,125,Robin,schedule,3,128.57224582658398,807.1630815403603,688.3980469587063,473.67485413651065
PatchTST-SSL(HoW-cond),Robin_office_Sammie,125,Robin,drift,3,18298.902736260905,19456.736499841983,19233.819064968324,17199.690199587432
PatchTST-SSL(HoW-cond),Robin_office_Sammie,125,Robin,schedule,2,18.074637820832336,2180.701814494677,347.51330251364374,539.2135961277295
PatchTST-SSL(HoW-cond),Robin_office_Sammie,125,Robin,spike,3,204.63879598031215,229.51489558831304,229.51489558831304,220.96547778431852
PatchTST-SSL(HoW-cond),Robin_office_Sammie,125,Robin,drift,2,4294.326389896674,4217.105492075265,3908.9214838560047,2780.803301004186
PatchTST-SSL(HoW-cond),Robin_office_Sammie,125,Robin,drift,2,4966.157305493951,6596.377645186173,6505.789844165345,4954.889426819225
PatchTST-SSL(HoW-cond),Robin_office_Sammie,125,Robin,spike,1,174.44843902348026,314.01649108577146,314.01649108577146,279.8188198697934
PatchTST-SSL(HoW-cond),Shrew_office_Doris,125,Shrew,drift,1,1082.0083293285486,4598.436930414432,4166.214307389402,2708.62540683651
PatchTST-SSL(HoW-cond),Shrew_office_Doris,125,Shrew,spike,3,461.5699763173361,467.97443222722006,467.97443222722006,452.2260028640707
PatchTST-SSL(HoW-cond),Shrew_office_Doris,125,Shrew,spike,1,241.8652026947672,234.21242126163216,232.247139873387,202.71556253533345
PatchTST-SSL(HoW-cond),Shrew_office_Doris,125,Shrew,drift,2,18382.782475357173,20701.558282075763,20044.42847352122,16166.01062548875
PatchTST-SSL(HoW-cond),Shrew_office_Doris,125,Shrew,schedule,3,48.69158738777398,1066.5822806950923,609.4466619938024,0.0
PatchTST-SSL(HoW-cond),Shrew_office_Doris,125,Shrew,schedule,3,120.65365213163808,1283.705091385446,-431.2800461067771,0.0
PatchTST-SSL(HoW-cond),Shrew_office_Ila,125,Shrew,drift,3,4980.057438458025,7307.512186522945,7230.1322425957005,5962.100502162479
PatchTST-SSL(HoW-cond),Shrew_office_Ila,125,Shrew,spike,3,466.4077483285107,690.3746133850475,690.3746133850475,656.7393212760359
PatchTST-SSL(HoW-cond),Shrew_office_Ila,125,Shrew,drift,1,3942.6429638529935,7984.596021725433,7615.403328715307,5831.937326748688
PatchTST-SSL(HoW-cond),Shrew_office_Ila,125,Shrew,spike,1,152.98568731421085,141.5676634606616,126.3576508345092,119.14413538798718
PatchTST-SSL(HoW-cond),Shrew_office_Ila,125,Shrew,spike,2,250.3241169224834,226.1956703095248,199.27796927732797,203.7721422368504
PatchTST-SSL(HoW-cond),Shrew_office_Ila,125,Shrew,spike,1,122.0473460947881,122.21039896064585,121.24285609892516,99.7868708879714
PatchTST-SSL(HoW-cond),Shrew_office_Kenneth,125,Shrew,schedule,2,45.06488055035239,0.0,-1029.2375905707847,0.0
PatchTST-SSL(HoW-cond),Shrew_office_Kenneth,125,Shrew,schedule,3,223.94966667746283,279.28828300838035,-109.99082619626822,0.0
PatchTST-SSL(HoW-cond),Shrew_office_Kenneth,125,Shrew,spike,1,57.50642214860222,48.45418188644026,40.86338615532138,39.443818818364
PatchTST-SSL(HoW-cond),Shrew_office_Kenneth,125,Shrew,drift,3,4470.540824718164,5068.787945443271,5043.785349434266,3987.544377274121
PatchTST-SSL(HoW-cond),Shrew_office_Kenneth,125,Shrew,spike,1,148.21042491794591,139.8722716881365,125.27303755671998,117.34636401794586
PatchTST-SSL(HoW-cond),Shrew_office_Kenneth,125,Shrew,drift,3,2316.4706616493195,1181.1752506369423,818.0833692241386,424.3047529185367
PatchTST-SSL(HoW-cond),Shrew_office_Nora,125,Shrew,schedule,3,4514.662713075832,7400.294952610666,6672.698787911095,2677.5338540598696
PatchTST-SSL(HoW-cond),Shrew_office_Nora,125,Shrew,spike,1,492.7539341376733,510.11018638690734,510.11018638690734,400.7870128093426
PatchTST-SSL(HoW-cond),Shrew_office_Nora,125,Shrew,spike,1,346.1721874953224,515.8839036915397,515.8839036915397,450.28999954500085
PatchTST-SSL(HoW-cond),Shrew_office_Nora,125,Shrew,spike,1,230.5830463599992,363.98098500724,363.98098500724,320.2517155762141
PatchTST-SSL(HoW-cond),Shrew_office_Nora,125,Shrew,drift,1,7615.654361754455,12887.035279738971,11517.518223445722,7114.771714843554
PatchTST-SSL(HoW-cond),Shrew_office_Nora,125,Shrew,spike,2,936.2217800892316,1087.2999293029077,1087.2999293029077,977.976755725343
PatchTST-SSL(HoW-cond),Shrew_office_Sherill,125,Shrew,spike,1,866.5897262353003,618.6650650402282,525.2145913543679,490.9715244317072
PatchTST-SSL(HoW-cond),Shrew_office_Sherill,125,Shrew,drift,3,29783.352961436343,35993.10148717161,35339.83584733002,29097.650294311472
PatchTST-SSL(HoW-cond),Shrew_office_Sherill,125,Shrew,spike,2,856.8929742368821,884.9500232039759,884.9500232039759,789.1798677475851
PatchTST-SSL(HoW-cond),Shrew_office_Sherill,125,Shrew,spike,3,1071.2140890613475,1061.7894477102466,1061.7894477102466,997.942677405986
PatchTST-SSL(HoW-cond),Shrew_office_Sherill,125,Shrew,spike,3,2463.4614158129157,2464.1334576927775,2464.1334576927775,2304.5165319321263
PatchTST-SSL(HoW-cond),Shrew_office_Sherill,125,Shrew,drift,1,6998.702088032382,12405.461357872253,8672.67320099228,6276.171408663242
PatchTST-SSL(HoW-cond),Wolf_office_Darleen,125,Wolf,drift,2,604.8468589549041,871.98833898458,470.3387322686224,47.40715518545676
PatchTST-SSL(HoW-cond),Wolf_office_Darleen,125,Wolf,drift,2,809.9907742251621,1209.9597586063155,895.1942907973254,385.3785748071923
PatchTST-SSL(HoW-cond),Wolf_office_Darleen,125,Wolf,spike,1,122.46553220229872,101.10304815028906,92.69908684616878,80.48851855531097
PatchTST-SSL(HoW-cond),Wolf_office_Darleen,125,Wolf,spike,1,108.23648906363294,102.68871264692643,100.15326609184714,82.07418305194835
PatchTST-SSL(HoW-cond),Wolf_office_Darleen,125,Wolf,spike,2,163.1594691481757,196.2079550482032,194.74600195278487,175.59342545322514
PatchTST-SSL(HoW-cond),Wolf_office_Darleen,125,Wolf,schedule,3,273.8121535500858,168.34698753185333,-2249.2444594338276,0.0
PatchTST-SSL(HoW-cond),Wolf_retail_Harriett,125,Wolf,schedule,2,142.5025617723444,3894.120232875268,3190.051558230248,2013.2061268464824
PatchTST-SSL(HoW-cond),Wolf_retail_Harriett,125,Wolf,spike,2,172.0596117916607,169.23983549918432,169.23983549918432,143.11602847100676
PatchTST-SSL(HoW-cond),Wolf_retail_Harriett,125,Wolf,spike,3,178.4149864623138,175.62389055365625,175.62389055365625,158.2080192015379
PatchTST-SSL(HoW-cond),Wolf_retail_Harriett,125,Wolf,schedule,3,658.908355179765,1850.5162117116092,1494.648978383152,387.58301813366506
PatchTST-SSL(HoW-cond),Wolf_retail_Harriett,125,Wolf,schedule,1,5.625535634244642,2374.7562273834183,1507.1695780231614,702.8325775800533
PatchTST-SSL(HoW-cond),Wolf_retail_Harriett,125,Wolf,schedule,2,9.462371733532182,2302.93099643665,1829.7923947211464,1048.9882590841255
PatchTST-SSL(HoW-cond),Wolf_retail_Marcella,125,Wolf,drift,2,742.5704258791877,666.1763983851896,569.2389001133571,291.31808500454093
PatchTST-SSL(HoW-cond),Wolf_retail_Marcella,125,Wolf,spike,2,32.739046582217696,42.61307498127249,42.61307498127249,37.406709517652374
PatchTST-SSL(HoW-cond),Wolf_retail_Marcella,125,Wolf,spike,3,55.581626180626806,53.091005506685015,53.091005506685015,47.88464004306489
PatchTST-SSL(HoW-cond),Wolf_retail_Marcella,125,Wolf,drift,3,366.00807132346256,362.65019749728,317.8281890574342,175.2210408069557
PatchTST-SSL(HoW-cond),Wolf_retail_Marcella,125,Wolf,schedule,3,26.339615339195092,247.916065008781,156.28881803295792,91.7251011001774
PatchTST-SSL(HoW-cond),Wolf_retail_Marcella,125,Wolf,spike,1,25.69306637295704,16.70385059198847,11.501706701898032,10.19589376246332
PatchTST-SSL(HoW-cond),Wolf_retail_Toshia,125,Wolf,spike,2,362.2002037670109,324.38310753657083,320.3664714653205,268.49331442915
PatchTST-SSL(HoW-cond),Wolf_retail_Toshia,125,Wolf,spike,3,937.5253054435932,1283.6445210238546,1283.6445210238546,1209.124796880627
PatchTST-SSL(HoW-cond),Wolf_retail_Toshia,125,Wolf,drift,2,4174.144085798001,2927.591544281635,-1163.480002705444,0.0
PatchTST-SSL(HoW-cond),Wolf_retail_Toshia,125,Wolf,spike,1,225.5825258936449,214.15709316352655,210.6478681956364,158.2673000561057
PatchTST-SSL(HoW-cond),Wolf_retail_Toshia,125,Wolf,schedule,3,70.7135913640611,1647.4103788612365,-612.2650417817222,0.0
PatchTST-SSL(HoW-cond),Wolf_retail_Toshia,125,Wolf,drift,2,1585.0846732926336,4703.942667487003,3625.1953147592258,2021.2325983308024
HOW-profile(HoW-cond),Fox_education_Henrietta,125,Fox,drift,3,543.6776343474405,437.71243167996647,408.6576343474406,193.02053770925357
HOW-profile(HoW-cond),Fox_education_Henrietta,125,Fox,drift,3,2141.019036959888,3200.2104503002565,3198.464036959888,2710.8266623588306
HOW-profile(HoW-cond),Fox_education_Henrietta,125,Fox,drift,1,476.4946025631397,391.31628966192,93.52460256313977,0.0
HOW-profile(HoW-cond),Fox_education_Henrietta,125,Fox,spike,1,62.13982155094737,75.24982155094736,75.24982155094736,67.09342508525692
HOW-profile(HoW-cond),Fox_education_Henrietta,125,Fox,spike,2,140.44990776891177,134.9899077689118,134.9899077689118,124.79441218679877
HOW-profile(HoW-cond),Fox_education_Henrietta,125,Fox,spike,1,66.13491765552413,38.84155510232887,27.75491765552414,28.64605952021583
HOW-profile(HoW-cond),Fox_retail_Manie,125,Fox,schedule,3,368.04709591272024,1474.4990393869816,78.97209591272053,874.0368427249857
HOW-profile(HoW-cond),Fox_retail_Manie,125,Fox,spike,1,123.19706914419866,139.39706914419864,139.39706914419864,135.22719277849035
HOW-profile(HoW-cond),Fox_retail_Manie,125,Fox,spike,2,421.05161512855886,649.9716151285588,649.9716151285588,629.1222333000173
HOW-profile(HoW-cond),Fox_retail_Manie,125,Fox,drift,3,8151.129348647555,8354.282975809543,7259.399348647555,7353.51264803955
HOW-profile(HoW-cond),Fox_retail_Manie,125,Fox,spike,1,120.95524489933428,175.62524489933426,175.62524489933426,171.45536853362597
HOW-profile(HoW-cond),Fox_retail_Manie,125,Fox,schedule,3,426.66194710076456,1324.9463510354258,-338.9780528992352,524.3300888194312
HOW-profile(HoW-cond),Hog_education_Bruno,125,Hog,spike,1,400.4032892096728,422.52028920967285,422.52028920967285,407.41262012157296
HOW-profile(HoW-cond),Hog_education_Bruno,125,Hog,drift,1,10943.930462314776,10142.087424979169,10102.217462314777,9271.885685504614
HOW-profile(HoW-cond),Hog_education_Bruno,125,Hog,drift,3,19882.024337608516,21700.279337608514,21700.279337608514,21192.66165624836
HOW-profile(HoW-cond),Hog_education_Bruno,125,Hog,schedule,3,3.769674119454777,535.7365449412968,304.2786741194548,245.66929844977875
HOW-profile(HoW-cond),Hog_education_Bruno,125,Hog,spike,3,404.2736096443234,403.4426096443235,403.4426096443235,400.42107582670354
HOW-profile(HoW-cond),Hog_education_Bruno,125,Hog,spike,2,327.13560661465135,347.9256066146514,347.9256066146514,338.8610051617914
HOW-profile(HoW-cond),Hog_education_Caridad,125,Hog,drift,1,28386.38275238724,23173.061403577296,-435.26324761276,17387.48038082477
HOW-profile(HoW-cond),Hog_education_Caridad,125,Hog,schedule,3,40300.39042463366,2979.4078855049465,-31335.29957536634,0.0
HOW-profile(HoW-cond),Hog_education_Caridad,125,Hog,drift,2,28596.337097434516,22849.63712854136,21850.530097434515,19635.425449234404
HOW-profile(HoW-cond),Hog_education_Caridad,125,Hog,spike,1,3615.9659871725,3404.8809871725,3305.1359871725003,3324.5256951898264
HOW-profile(HoW-cond),Hog_education_Caridad,125,Hog,schedule,2,9175.068368269807,8542.384451189775,-59039.7406317302,2756.8034284372497
HOW-profile(HoW-cond),Hog_education_Caridad,125,Hog,spike,3,14222.66895468754,14098.93295468754,14070.86545468754,13991.792565377307
HOW-profile(HoW-cond),Hog_education_Josh,125,Hog,drift,3,7730.505083483085,11799.69573628484,11794.644083483086,8936.364070620704
HOW-profile(HoW-cond),Hog_education_Josh,125,Hog,schedule,3,11.784679011288034,5086.929679011289,5086.929679011289,3655.2638461792217
HOW-profile(HoW-cond),Hog_education_Josh,125,Hog,spike,1,575.7182019786903,420.25754141192033,390.2702019786903,320.8363030208045
HOW-profile(HoW-cond),Hog_education_Josh,125,Hog,spike,1,242.4107462956211,275.5247462956211,275.5247462956211,255.64049861739795
HOW-profile(HoW-cond),Hog_education_Josh,125,Hog,drift,2,11163.141504512632,20933.345928239454,20932.12000451263,16638.34842974325
HOW-profile(HoW-cond),Hog_education_Josh,125,Hog,spike,1,389.0732811986469,552.2922811986468,552.2922811986468,472.7552904857542
HOW-profile(HoW-cond),Hog_education_Luvenia,125,Hog,schedule,3,78.81606669111721,5644.286349229635,5565.221066691117,2962.200577820357
HOW-profile(HoW-cond),Hog_education_Luvenia,125,Hog,spike,3,701.6027863582609,674.8597863582611,674.8597863582611,662.4427226017367
HOW-profile(HoW-cond),Hog_education_Luvenia,125,Hog,schedule,3,243.05596690490265,1482.2813089984916,35.28396690490382,0.0
HOW-profile(HoW-cond),Hog_education_Luvenia,125,Hog,drift,1,15728.352545379585,14439.438369210804,13918.036045379586,11459.34306764494
HOW-profile(HoW-cond),Hog_education_Luvenia,125,Hog,spike,1,601.5568549222517,503.09485492225167,474.8638549222517,453.4265998961539
HOW-profile(HoW-cond),Hog_education_Luvenia,125,Hog,spike,3,1008.5508595886322,1054.9378595886324,1054.9378595886324,1017.6866683190592
HOW-profile(HoW-cond),Hog_office_Almeda,125,Hog,schedule,3,920.7290323005244,789.58630565285,-576.0354676994758,285.198060456774
HOW-profile(HoW-cond),Hog_office_Almeda,125,Hog,spike,1,97.60946352752082,97.90246352752084,97.90246352752084,94.39976738032588
HOW-profile(HoW-cond),Hog_office_Almeda,125,Hog,drift,3,2352.246882309896,3438.0613823098956,3436.9713823098955,3017.737844646499
HOW-profile(HoW-cond),Hog_office_Almeda,125,Hog,drift,3,4911.399663120952,5985.785215982549,5957.889663120951,5397.332263253794
HOW-profile(HoW-cond),Hog_office_Almeda,125,Hog,drift,3,8255.633995193115,11440.358461721986,11431.207995193114,10599.711386395193
HOW-profile(HoW-cond),Hog_office_Almeda,125,Hog,spike,2,290.3558219807369,318.62782198073694,318.62782198073694,304.61703739195707
HOW-profile(HoW-cond),Hog_office_Cortney,125,Hog,spike,2,421.20877656343674,411.1237765634368,398.10577656343673,403.9218677552161
HOW-profile(HoW-cond),Hog_office_Cortney,125,Hog,spike,3,402.6129107386708,411.83891073867073,409.5729107386707,407.037638199857
HOW-profile(HoW-cond),Hog_office_Cortney,125,Hog,drift,2,1926.319983944104,2033.7605243307464,1999.292983944104,1630.4536310703884
HOW-profile(HoW-cond),Hog_office_Cortney,125,Hog,spike,3,566.8997263540168,551.8327263540168,543.1177263540168,544.6308175457962
HOW-profile(HoW-cond),Hog_office_Cortney,125,Hog,spike,3,1037.6594788568552,1022.7924788568552,1019.3394788568552,1010.7892975098208
HOW-profile(HoW-cond),Hog_office_Cortney,125,Hog,spike,1,177.95406087120688,177.18256087120687,177.18256087120687,174.78192460179997
HOW-profile(HoW-cond),Hog_office_Denita,125,Hog,spike,1,104.74801112459912,99.49701112459914,99.49701112459914,96.81646081404736
HOW-profile(HoW-cond),Hog_office_Denita,125,Hog,spike,3,461.0964849863213,426.3629849863213,405.6679849863213,415.6407837441142
HOW-profile(HoW-cond),Hog_office_Denita,125,Hog,drift,3,2328.7237572547915,2419.6812213779335,2348.310507254791,2098.0151841117195
HOW-profile(HoW-cond),Hog_office_Denita,125,Hog,drift,3,9184.383096629304,8695.491775451294,8634.859346629302,7987.826493465623
HOW-profile(HoW-cond),Hog_office_Denita,125,Hog,spike,3,240.12967598509263,241.46867598509263,241.46867598509263,238.78812567454085
HOW-profile(HoW-cond),Hog_office_Denita,125,Hog,spike,2,370.8999155280089,348.1159155280088,340.81391552800886,334.7131639752499
HOW-profile(HoW-cond),Hog_office_Garrett,125,Hog,drift,1,5415.773917719659,951.3447724630398,-10956.37283228034,0.0
HOW-profile(HoW-cond),Hog_office_Garrett,125,Hog,spike,2,1358.321923582699,1355.8579235826992,1355.8579235826992,1341.8095805330368
HOW-profile(HoW-cond),Hog_office_Garrett,125,Hog,spike,1,1923.2920380500757,1913.4140380500753,1893.6760380500757,1843.172322801763
HOW-profile(HoW-cond),Hog_office_Garrett,125,Hog,drift,1,9343.256500347154,9405.46559278824,8293.230250347153,6708.183727253034
HOW-profile(HoW-cond),Hog_office_Garrett,125,Hog,drift,3,38185.77099119585,33618.30587671148,28484.877741195854,30921.024011176272
HOW-profile(HoW-cond),Hog_office_Garrett,125,Hog,spike,1,2007.8707973715864,2073.1367973715865,2054.110797371586,2002.8950821232736
HOW-profile(HoW-cond),Hog_office_Lavon,125,Hog,spike,1,1899.2445559390696,2269.2635559390696,2269.2635559390696,2137.374580728469
HOW-profile(HoW-cond),Hog_office_Lavon,125,Hog,schedule,3,551.1258275222517,1.2017538990744263,-791.0004224777484,0.0
HOW-profile(HoW-cond),Hog_office_Lavon,125,Hog,schedule,2,28.97657684753743,14606.51906409417,14396.657076847536,5110.512848930883
HOW-profile(HoW-cond),Hog_office_Lavon,125,Hog,spike,1,1451.4329425254064,1452.8059425254064,1452.8059425254064,1320.916967314805
HOW-profile(HoW-cond),Hog_office_Lavon,125,Hog,spike,1,2051.267962265602,2036.378962265602,2028.648962265602,1640.7120366337986
HOW-profile(HoW-cond),Hog_office_Lavon,125,Hog,spike,2,2651.549822779352,2639.948822779352,2639.948822779352,2508.0598475687507
HOW-profile(HoW-cond),Hog_office_Merilyn,125,Hog,schedule,3,182.75521306496756,733.8365767045058,557.6247130649675,250.23028554892903
HOW-profile(HoW-cond),Hog_office_Merilyn,125,Hog,drift,2,1169.519183928402,1240.661683928402,1240.661683928402,877.9569655617195
HOW-profile(HoW-cond),Hog_office_Merilyn,125,Hog,spike,3,68.9364713067383,55.54747130673831,40.16247130673831,50.509905773867715
HOW-profile(HoW-cond),Hog_office_Merilyn,125,Hog,drift,3,4985.299664411465,2967.953101107551,2775.8896644114648,2363.4452371630805
HOW-profile(HoW-cond),Hog_office_Merilyn,125,Hog,drift,1,835.1560058605207,2052.494591690692,1932.033005860521,1447.9867277462208
HOW-profile(HoW-cond),Hog_office_Merilyn,125,Hog,spike,3,84.91700938866047,83.23800938866049,83.23800938866049,80.7192266222252
HOW-profile(HoW-cond),Hog_office_Miriam,125,Hog,schedule,3,579.523393038525,294.13930608681073,94.649393038525,95.25572201274692
HOW-profile(HoW-cond),Hog_office_Miriam,125,Hog,spike,3,157.02585229495435,158.90435229495435,158.68385229495436,152.9851980070358
HOW-profile(HoW-cond),Hog_office_Miriam,125,Hog,spike,1,62.78051802257753,50.275551121410594,46.74751802257752,44.35639683349203
HOW-profile(HoW-cond),Hog_office_Miriam,125,Hog,schedule,3,157.6681316218665,334.1646285216836,306.07713162186656,220.51686619364716
HOW-profile(HoW-cond),Hog_office_Miriam,125,Hog,spike,2,44.26055572448596,45.99255572448597,45.99255572448597,43.62489400931854
HOW-profile(HoW-cond),Hog_office_Miriam,125,Hog,schedule,2,28.056166232973396,130.4930514728851,-187.67233376702657,0.0
HOW-profile(HoW-cond),Hog_office_Napoleon,125,Hog,drift,2,4716.952247147733,3839.7636304081734,3774.3897471477335,2912.070829551086
HOW-profile(HoW-cond),Hog_office_Napoleon,125,Hog,spike,1,137.95448590699337,133.0964859069934,130.11248590699338,120.21186367286715
HOW-profile(HoW-cond),Hog_office_Napoleon,125,Hog,schedule,3,1082.6103935191493,1865.2200285368997,1780.4778935191491,782.9117608702973
HOW-profile(HoW-cond),Hog_office_Napoleon,125,Hog,spike,3,273.71167561006234,293.66867561006234,293.66867561006234,287.2263644929992
HOW-profile(HoW-cond),Hog_office_Napoleon,125,Hog,spike,3,412.9367145410827,440.5737145410827,440.5737145410827,421.2467811898934
HOW-profile(HoW-cond),Hog_office_Napoleon,125,Hog,spike,1,120.95556051409784,128.6115605140978,128.6115605140978,115.72693827997156
HOW-profile(HoW-cond),Hog_office_Shawna,125,Hog,spike,1,313.6379115139518,339.57241151395186,330.60591151395187,325.2244879849657
HOW-profile(HoW-cond),Hog_office_Shawna,125,Hog,schedule,1,16.141511134777772,1517.528,1131.5000111347777,656.6525882608322
HOW-profile(HoW-cond),Hog_office_Shawna,125,Hog,spike,2,683.8372554129211,664.2367554129211,652.244755412921,642.7148701194419
HOW-profile(HoW-cond),Hog_office_Shawna,125,Hog,schedule,3,3559.624181799263,4387.871681799263,4358.499181799263,3526.996270060095
HOW-profile(HoW-cond),Hog_office_Shawna,125,Hog,schedule,2,2117.593778393931,3707.9852783939314,3670.2042783939314,2674.93478430693
HOW-profile(HoW-cond),Hog_office_Shawna,125,Hog,spike,1,454.5232692677954,431.79576926779544,420.1307692677955,403.0999222098231
HOW-profile(HoW-cond),Hog_office_Shawnna,125,Hog,schedule,2,2552.153783435699,1616.8066120230797,-4620.559716564301,0.0
HOW-profile(HoW-cond),Hog_office_Shawnna,125,Hog,spike,2,979.2760644445436,983.382064444544,983.382064444544,963.1306606309996
HOW-profile(HoW-cond),Hog_office_Shawnna,125,Hog,spike,3,2905.0130249591653,2772.6760249591653,2757.772024959165,2691.6704097049883
HOW-profile(HoW-cond),Hog_office_Shawnna,125,Hog,schedule,2,2594.702781314817,696.866351179282,-10150.869218685184,0.0
HOW-profile(HoW-cond),Hog_office_Shawnna,125,Hog,spike,2,1926.5792375601536,2090.8492375601536,2090.8492375601536,1989.5922184924325
HOW-profile(HoW-cond),Hog_office_Shawnna,125,Hog,schedule,3,6193.786109199689,9733.0069821931,6987.525609199689,5358.703758467554
HOW-profile(HoW-cond),Hog_office_Sherrie,125,Hog,spike,1,67.78790463192944,58.06490463192944,53.80490463192944,54.79406544010436
HOW-profile(HoW-cond),Hog_office_Sherrie,125,Hog,drift,2,5893.056392735663,6990.198884219474,6967.846392735662,6479.947970294761
HOW-profile(HoW-cond),Hog_office_Sherrie,125,Hog,drift,3,4222.303088303819,4313.023791158538,4289.328588303819,3959.773158441429
HOW-profile(HoW-cond),Hog_office_Sherrie,125,Hog,drift,3,5690.77195280197,6023.09280225664,6013.251952801971,5630.5920992376305
HOW-profile(HoW-cond),Hog_office_Sherrie,125,Hog,drift,2,1160.5145644277036,1399.8128992109666,1358.2485644277035,1125.0624070976594
HOW-profile(HoW-cond),Hog_office_Sherrie,125,Hog,spike,3,200.1296932408524,201.8236932408524,201.8236932408524,200.18827364493984
HOW-profile(HoW-cond),Hog_office_Shon,125,Hog,spike,1,216.7285392605703,199.0055392605703,193.4815392605703,176.34033892951464
HOW-profile(HoW-cond),Hog_office_Shon,125,Hog,drift,2,2000.517973275528,1994.2796670923271,1878.379473275528,1450.314859146992
HOW-profile(HoW-cond),Hog_office_Shon,125,Hog,drift,3,21736.11668917782,18079.706731024435,18051.55068917782,16665.39823036656
HOW-profile(HoW-cond),Hog_office_Shon,125,Hog,spike,3,435.00855328869727,441.2915532886972,441.2915532886972,418.62635295764153
HOW-profile(HoW-cond),Hog_office_Shon,125,Hog,spike,2,137.69489830862938,181.8008983086294,181.8008983086294,172.73481817620714
HOW-profile(HoW-cond),Hog_office_Shon,125,Hog,spike,3,215.0601984522419,205.73919845224188,195.99519845224188,196.6731183198196
HOW-profile(HoW-cond),Hog_office_Sydney,125,Hog,drift,1,10090.72902848742,5904.269313170065,4958.85852848742,4639.345302502082
HOW-profile(HoW-cond),Hog_office_Sydney,125,Hog,drift,3,11552.378159444106,11298.363581801585,11290.650909444106,10519.9488060059
HOW-profile(HoW-cond),Hog_office_Sydney,125,Hog,spike,1,107.40101118162318,100.32301118162314,90.44851118162316,92.21452393375144
HOW-profile(HoW-cond),Hog_office_Sydney,125,Hog,drift,1,1436.3776215795922,1135.325923564927,684.470871579592,551.5148417181653
HOW-profile(HoW-cond),Hog_office_Sydney,125,Hog,spike,1,120.35248606515016,117.08848606515016,116.10848606515016,104.9257551933426
HOW-profile(HoW-cond),Hog_office_Sydney,125,Hog,spike,1,134.44551911738682,168.0325191173868,168.0325191173868,155.8697882455793
HOW-profile(HoW-cond),Hog_office_Valda,125,Hog,drift,1,661.3711408953283,457.5022668896177,344.0206408953282,97.04750734494304
HOW-profile(HoW-cond),Hog_office_Valda,125,Hog,schedule,2,82.79700716384005,16.215778666818647,-1334.45199283616,0.0
HOW-profile(HoW-cond),Hog_office_Valda,125,Hog,spike,2,173.4631733998353,169.47517339983528,166.7776733998353,163.4675940740907
HOW-profile(HoW-cond),Hog_office_Valda,125,Hog,drift,2,2769.782873715905,3736.4053544551903,3731.272373715905,3339.905118956048
HOW-profile(HoW-cond),Hog_office_Valda,125,Hog,spike,1,91.82340690935976,30.93904143217511,-15.672593090640255,26.433356937866677
HOW-profile(HoW-cond),Hog_office_Valda,125,Hog,spike,3,143.2802443165958,144.7342443165958,144.7342443165958,143.23234948515966
HOW-profile(HoW-cond),Lamb_education_Armando,125,Lamb,schedule,3,1.1934745829660691,1740.493474582966,1723.443474582966,1275.5966201933586
HOW-profile(HoW-cond),Lamb_education_Armando,125,Lamb,spike,3,399.74267508277626,411.6426750827762,411.6426750827762,403.89439417628273
HOW-profile(HoW-cond),Lamb_education_Armando,125,Lamb,spike,1,181.88666623841328,184.3366662384133,184.3366662384133,180.46252578516655
HOW-profile(HoW-cond),Lamb_education_Armando,125,Lamb,spike,2,311.1701632346293,300.7701632346293,297.2201632346293,289.1477418748891
HOW-profile(HoW-cond),Lamb_education_Armando,125,Lamb,drift,3,4189.596198085895,7936.246198085895,7936.246198085895,7099.431860184602
HOW-profile(HoW-cond),Lamb_education_Armando,125,Lamb,spike,2,298.4435139285549,296.1935139285549,295.1435139285549,284.5710925688147
HOW-profile(HoW-cond),Lamb_education_Eula,125,Lamb,spike,1,6.690699674565021,6.39069967456502,6.39069967456502,6.213258127088071
HOW-profile(HoW-cond),Lamb_education_Eula,125,Lamb,drift,2,84.1414837512204,230.70946203351855,223.5312837512204,188.12349063905071
HOW-profile(HoW-cond),Lamb_education_Eula,125,Lamb,drift,2,44.64918931234279,34.37925858177596,-74.30591068765722,4.569078605648478
HOW-profile(HoW-cond),Lamb_education_Eula,125,Lamb,spike,1,10.101430544618829,11.451430544618828,11.451430544618828,10.741664354711032
HOW-profile(HoW-cond),Lamb_education_Eula,125,Lamb,drift,3,39.955048544124566,147.1528572248332,145.20504854412457,125.8598715275993
HOW-profile(HoW-cond),Lamb_education_Eula,125,Lamb,spike,3,22.257380646063886,23.307380646063887,23.15738064606389,22.77505600363304
HOW-profile(HoW-cond),Lamb_education_Lazaro,125,Lamb,drift,1,199.56667718910816,0.0,-5501.420522810891,0.0
HOW-profile(HoW-cond),Lamb_education_Lazaro,125,Lamb,spike,1,146.2616500912896,149.0116500912896,149.0116500912896,126.45794219923197
HOW-profile(HoW-cond),Lamb_education_Lazaro,125,Lamb,spike,3,445.1755338537366,476.5755338537366,476.5755338537366,446.5039233309931
HOW-profile(HoW-cond),Lamb_education_Lazaro,125,Lamb,drift,2,2062.639357213663,5937.939357213662,5937.939357213662,3953.2130627125903
HOW-profile(HoW-cond),Lamb_education_Lazaro,125,Lamb,drift,1,416.463144323934,1019.334570644136,-1271.6892556760658,0.0
HOW-profile(HoW-cond),Lamb_education_Lazaro,125,Lamb,drift,1,491.99455646137983,339.01152889941795,-6014.99644353862,0.0
HOW-profile(HoW-cond),Lamb_education_Lucas,125,Lamb,drift,2,119.5016707324252,41.49787267401421,-531.4018292675748,0.9347349207835904
HOW-profile(HoW-cond),Lamb_education_Lucas,125,Lamb,spike,2,64.4787362913023,63.531736291302295,63.531736291302295,62.17963169952794
HOW-profile(HoW-cond),Lamb_education_Lucas,125,Lamb,spike,3,60.67999960371594,52.505999603715935,52.505999603715935,52.16797345577235
HOW-profile(HoW-cond),Lamb_education_Lucas,125,Lamb,schedule,3,15.547596446667187,114.89721195462278,87.03109644666722,90.5593293026844
HOW-profile(HoW-cond),Lamb_education_Lucas,125,Lamb,drift,1,204.83694269880996,452.4951736483827,435.82044269881,371.3688981419215
HOW-profile(HoW-cond),Lamb_education_Lucas,125,Lamb,spike,3,123.35494196224936,123.23944196224936,123.08644196224938,121.54931122253144
HOW-profile(HoW-cond),Lamb_education_Mae,125,Lamb,schedule,3,707.7055646019003,587.1982686919349,-2497.5566353981,0.0
HOW-profile(HoW-cond),Lamb_education_Mae,125,Lamb,spike,2,434.5193321882207,405.1193321882207,395.9193321882207,380.7506930013864
HOW-profile(HoW-cond),Lamb_education_Mae,125,Lamb,drift,3,4279.320062963822,6977.228262963823,6977.228262963823,5953.745417116781
HOW-profile(HoW-cond),Lamb_education_Mae,125,Lamb,spike,1,416.061573940696,437.441173940696,437.441173940696,406.98037495715306
HOW-profile(HoW-cond),Lamb_education_Mae,125,Lamb,drift,1,877.5414005948726,2258.041709147844,2249.4006005948727,1380.7706984218078
HOW-profile(HoW-cond),Lamb_education_Mae,125,Lamb,drift,2,1987.281236844119,3417.9894368441187,3417.9894368441187,2540.718426118083
HOW-profile(HoW-cond),Lamb_education_Williams,125,Lamb,drift,2,993.7413147792988,1931.7804546890757,1138.891314779299,1557.0239064177586
HOW-profile(HoW-cond),Lamb_education_Williams,125,Lamb,spike,1,265.7690347821638,258.26903478216377,256.3690347821638,248.50974967093157
HOW-profile(HoW-cond),Lamb_education_Williams,125,Lamb,spike,2,234.79118643839575,233.5911864383958,232.5911864383958,229.6874723939029
HOW-profile(HoW-cond),Lamb_education_Williams,125,Lamb,spike,3,445.97474150476165,446.77474150476166,446.77474150476166,440.9191704380223
HOW-profile(HoW-cond),Lamb_education_Williams,125,Lamb,schedule,3,206.46617688107503,997.4918934023608,815.8167768810749,763.2690507327877
HOW-profile(HoW-cond),Lamb_education_Williams,125,Lamb,spike,2,228.2045694366033,225.1045694366033,225.1045694366033,223.15271241435687
HOW-profile(HoW-cond),Lamb_office_Caitlin,125,Lamb,schedule,3,387.3312010228129,69.12453943142378,-3288.7187989771874,0.0
HOW-profile(HoW-cond),Lamb_office_Caitlin,125,Lamb,drift,2,1503.7557897394065,60.90967525344168,-9296.644210260594,0.0
HOW-profile(HoW-cond),Lamb_office_Caitlin,125,Lamb,drift,3,3186.0441444924627,1490.1488998343316,-6409.455855507538,0.0
HOW-profile(HoW-cond),Lamb_office_Caitlin,125,Lamb,drift,2,656.6603062278259,0.0,-5614.3396937721745,0.0
HOW-profile(HoW-cond),Lamb_office_Caitlin,125,Lamb,spike,2,275.7887601997688,202.23876019976876,125.08876019976876,178.2841512903806
HOW-profile(HoW-cond),Lamb_office_Caitlin,125,Lamb,spike,2,394.2911673996349,378.9911673996349,371.09116739963486,343.05925403555267
HOW-profile(HoW-cond),Lamb_office_Velma,125,Lamb,spike,3,835.24176345517,899.5917634551702,899.5917634551702,873.9218862535049
HOW-profile(HoW-cond),Lamb_office_Velma,125,Lamb,spike,2,488.9701505503433,612.3701505503434,612.3701505503434,586.7002733486781
HOW-profile(HoW-cond),Lamb_office_Velma,125,Lamb,drift,1,977.7376980269868,1941.2722644148216,1935.687698026987,1171.175948364862
HOW-profile(HoW-cond),Lamb_office_Velma,125,Lamb,drift,2,11288.878643994793,15294.44492312961,15285.378643994794,13600.2330278197
HOW-profile(HoW-cond),Lamb_office_Velma,125,Lamb,spike,2,407.53838309396895,419.1883830939689,419.1883830939689,399.9359751927199
HOW-profile(HoW-cond),Lamb_office_Velma,125,Lamb,spike,2,531.175643613273,574.875643613273,574.875643613273,549.2057664116078
HOW-profile(HoW-cond),Rat_retail_Jeffrey,125,Rat,spike,1,274.0071717515276,207.2771717515276,181.7071717515276,190.6094957251928
HOW-profile(HoW-cond),Rat_retail_Jeffrey,125,Rat,drift,2,5848.782780325441,6594.528436215444,6520.907780325441,5594.4678746353575
HOW-profile(HoW-cond),Rat_retail_Jeffrey,125,Rat,spike,2,605.3830290267529,581.6230290267529,572.543029026753,560.7884339938344
HOW-profile(HoW-cond),Rat_retail_Jeffrey,125,Rat,spike,1,237.823478890623,244.64347889062296,244.64347889062296,227.97580286428817
HOW-profile(HoW-cond),Rat_retail_Jeffrey,125,Rat,spike,3,329.0382503598847,332.22325035988473,332.22325035988473,328.05633135330106
HOW-profile(HoW-cond),Rat_retail_Jeffrey,125,Rat,spike,2,448.5396392666252,453.6896392666253,453.6896392666253,437.02196324029046
HOW-profile(HoW-cond),Robin_education_Zenia,125,Robin,spike,2,318.0746005878816,682.2304005878816,682.2304005878816,643.6542384965023
HOW-profile(HoW-cond),Robin_education_Zenia,125,Robin,drift,1,7684.58034520667,23529.43654520667,23529.43654520667,21307.44960874322
HOW-profile(HoW-cond),Robin_education_Zenia,125,Robin,spike,1,221.19370506177228,584.0216050617723,584.0216050617723,553.1606753886689
HOW-profile(HoW-cond),Robin_education_Zenia,125,Robin,spike,1,115.38557172702772,298.3995717270277,298.3995717270277,282.969106890476
HOW-profile(HoW-cond),Robin_education_Zenia,125,Robin,drift,1,7316.344667072699,26569.022767072696,26569.022767072696,24347.03583060925
HOW-profile(HoW-cond),Robin_education_Zenia,125,Robin,spike,2,182.6560142466909,281.5560142466909,281.5560142466909,273.840781828415
HOW-profile(HoW-cond),Robin_office_Dina,125,Robin,schedule,3,169.6877846016588,1055.4506519391346,1017.4871346016588,672.1769093889243
HOW-profile(HoW-cond),Robin_office_Dina,125,Robin,drift,3,2676.149080501228,2738.3156305012285,2738.3156305012285,2440.2138307399537
HOW-profile(HoW-cond),Robin_office_Dina,125,Robin,spike,3,109.70001649846564,109.5852164984656,109.5852164984656,104.26197007415712
HOW-profile(HoW-cond),Robin_office_Dina,125,Robin,drift,1,557.1814272127779,767.0304066313881,622.0689772127779,426.3426354756456
HOW-profile(HoW-cond),Robin_office_Dina,125,Robin,spike,1,72.51704449816964,84.26704449816964,84.26704449816964,75.39496712432218
HOW-profile(HoW-cond),Robin_office_Dina,125,Robin,schedule,3,128.57224582658398,634.7010747901631,628.219545826584,421.7712178178241
HOW-profile(HoW-cond),Robin_office_Sammie,125,Robin,drift,3,18298.902736260905,19102.174433458007,19010.409336260906,17659.236803764015
HOW-profile(HoW-cond),Robin_office_Sammie,125,Robin,schedule,2,18.074637820832336,850.6381500000001,-526.8339121791674,0.0
HOW-profile(HoW-cond),Robin_office_Sammie,125,Robin,spike,3,204.63879598031215,201.9637959803122,201.9637959803122,196.49812314056223
HOW-profile(HoW-cond),Robin_office_Sammie,125,Robin,drift,2,4294.326389896674,3566.3371913155033,3204.249439896674,2648.1041542375083
HOW-profile(HoW-cond),Robin_office_Sammie,125,Robin,drift,2,4966.157305493951,5514.761464971498,5499.516755493951,4465.3522797395035
HOW-profile(HoW-cond),Robin_office_Sammie,125,Robin,spike,1,174.44843902348026,271.5484390234803,271.5484390234803,249.6857476644804
HOW-profile(HoW-cond),Shrew_office_Doris,125,Shrew,drift,1,1082.0083293285486,2884.983444920199,2875.558329328548,2295.8775072967264
HOW-profile(HoW-cond),Shrew_office_Doris,125,Shrew,spike,3,461.5699763173361,460.069976317336,460.069976317336,455.16076017047374
HOW-profile(HoW-cond),Shrew_office_Doris,125,Shrew,spike,1,241.8652026947672,251.3652026947672,251.3652026947672,241.54677040104264
HOW-profile(HoW-cond),Shrew_office_Doris,125,Shrew,drift,2,18382.782475357173,17465.296059786746,17048.382475357175,16051.441809490412
HOW-profile(HoW-cond),Shrew_office_Doris,125,Shrew,schedule,3,48.69158738777398,405.8532699102191,-335.80841261222616,52.38970733613576
HOW-profile(HoW-cond),Shrew_office_Doris,125,Shrew,schedule,3,120.65365213163808,133.36828983628365,-924.2963478683616,0.0
HOW-profile(HoW-cond),Shrew_office_Ila,125,Shrew,drift,3,4980.057438458025,6851.807438458023,6851.807438458023,6351.422274573025
HOW-profile(HoW-cond),Shrew_office_Ila,125,Shrew,spike,3,466.4077483285107,561.7077483285107,561.7077483285107,549.1981192313857
HOW-profile(HoW-cond),Shrew_office_Ila,125,Shrew,drift,1,3942.6429638529935,7183.842963852994,7183.842963852994,6383.226701636996
HOW-profile(HoW-cond),Shrew_office_Ila,125,Shrew,spike,1,152.98568731421085,143.93568731421084,136.73568731421082,135.5959345827942
HOW-profile(HoW-cond),Shrew_office_Ila,125,Shrew,spike,2,250.3241169224834,274.9241169224834,274.9241169224834,266.58436419106675
HOW-profile(HoW-cond),Shrew_office_Ila,125,Shrew,spike,1,122.0473460947881,139.5973460947881,139.5973460947881,131.25759336337143
HOW-profile(HoW-cond),Shrew_office_Kenneth,125,Shrew,schedule,2,45.06488055035239,0.0,-919.2351194496476,0.0
HOW-profile(HoW-cond),Shrew_office_Kenneth,125,Shrew,schedule,3,223.94966667746283,101.34046028124892,-131.9003333225372,0.0
HOW-profile(HoW-cond),Shrew_office_Kenneth,125,Shrew,spike,1,57.50642214860222,47.80642214860221,40.9064221486022,37.6922539424161
HOW-profile(HoW-cond),Shrew_office_Kenneth,125,Shrew,drift,3,4470.540824718164,5140.214428946848,5138.740824718164,3926.5142442045144
HOW-profile(HoW-cond),Shrew_office_Kenneth,125,Shrew,spike,1,148.21042491794591,186.81042491794597,186.81042491794597,161.52500440248068
HOW-profile(HoW-cond),Shrew_office_Kenneth,125,Shrew,drift,3,2316.4706616493195,1397.7894082134485,1179.5206616493197,548.1992788938152
HOW-profile(HoW-cond),Shrew_office_Nora,125,Shrew,schedule,3,4514.662713075832,4417.939921832007,3245.1127130758305,3542.7982096756905
HOW-profile(HoW-cond),Shrew_office_Nora,125,Shrew,spike,1,492.7539341376733,561.8539341376734,561.8539341376734,541.5960241340549
HOW-profile(HoW-cond),Shrew_office_Nora,125,Shrew,spike,1,346.1721874953224,331.8221874953225,325.5221874953225,319.66744149315144
HOW-profile(HoW-cond),Shrew_office_Nora,125,Shrew,spike,1,230.5830463599992,229.58304635999917,218.18304635999917,221.4798823585518
HOW-profile(HoW-cond),Shrew_office_Nora,125,Shrew,drift,1,7615.654361754455,7685.3748068917375,7627.454361754454,6615.757158700684
HOW-profile(HoW-cond),Shrew_office_Nora,125,Shrew,spike,2,936.2217800892316,873.3217800892317,848.3217800892317,853.0638700856132
HOW-profile(HoW-cond),Shrew_office_Sherill,125,Shrew,spike,1,866.5897262353003,822.8397262353003,807.0897262353003,796.223494113758
HOW-profile(HoW-cond),Shrew_office_Sherill,125,Shrew,drift,3,29783.352961436343,29135.55700459877,29113.252961436345,27698.280470035475
HOW-profile(HoW-cond),Shrew_office_Sherill,125,Shrew,spike,2,856.8929742368821,844.2929742368821,843.7929742368821,824.3308001457252
HOW-profile(HoW-cond),Shrew_office_Sherill,125,Shrew,spike,3,1071.2140890613475,1071.7140890613475,1064.9140890613478,1058.4059730005763
HOW-profile(HoW-cond),Shrew_office_Sherill,125,Shrew,spike,3,2463.4614158129157,2526.6614158129155,2526.6614158129155,2493.3911256609877
HOW-profile(HoW-cond),Shrew_office_Sherill,125,Shrew,drift,1,6998.702088032382,7470.444302813625,6950.802088032383,6192.865160979591
HOW-profile(HoW-cond),Wolf_office_Darleen,125,Wolf,drift,2,604.8468589549041,446.4759597284302,53.34685895490402,233.54610275609113
HOW-profile(HoW-cond),Wolf_office_Darleen,125,Wolf,drift,2,809.9907742251621,645.4324752986333,590.4907742251621,432.5026183262943
HOW-profile(HoW-cond),Wolf_office_Darleen,125,Wolf,spike,1,122.46553220229872,120.46553220229872,117.96553220229872,115.14228577799024
HOW-profile(HoW-cond),Wolf_office_Darleen,125,Wolf,spike,1,108.23648906363294,103.73648906363294,100.73648906363294,98.41324263932448
HOW-profile(HoW-cond),Wolf_office_Darleen,125,Wolf,spike,2,163.1594691481757,184.15946914817567,184.15946914817567,178.8362227238672
HOW-profile(HoW-cond),Wolf_office_Darleen,125,Wolf,schedule,3,273.8121535500858,0.9078682608578458,-2732.687846449914,0.0
HOW-profile(HoW-cond),Wolf_retail_Harriett,125,Wolf,schedule,2,142.5025617723444,3033.3640736215734,2966.934244464652,1720.8112027798322
HOW-profile(HoW-cond),Wolf_retail_Harriett,125,Wolf,spike,2,172.0596117916607,192.8283617916607,192.8283617916607,174.59846080774764
HOW-profile(HoW-cond),Wolf_retail_Harriett,125,Wolf,spike,3,178.4149864623138,182.1087364623138,182.1087364623138,169.9554691397051
HOW-profile(HoW-cond),Wolf_retail_Harriett,125,Wolf,schedule,3,658.908355179765,1352.9915944559343,1049.779621205406,332.1171393568022
HOW-profile(HoW-cond),Wolf_retail_Harriett,125,Wolf,schedule,1,5.625535634244642,1397.6289285447483,1024.3266558265525,230.9152655743119
HOW-profile(HoW-cond),Wolf_retail_Harriett,125,Wolf,schedule,2,9.462371733532182,1438.608347181329,1344.8274710925066,563.5730999535016
HOW-profile(HoW-cond),Wolf_retail_Marcella,125,Wolf,drift,2,742.5704258791877,586.6339466265968,519.8616758791876,364.7610356614192
HOW-profile(HoW-cond),Wolf_retail_Marcella,125,Wolf,spike,2,32.739046582217696,34.3565465822177,34.3565465822177,31.274978374368015
HOW-profile(HoW-cond),Wolf_retail_Marcella,125,Wolf,spike,3,55.581626180626806,51.4591261806268,49.864126180626805,48.37755797277712
HOW-profile(HoW-cond),Wolf_retail_Marcella,125,Wolf,drift,3,366.00807132346256,381.7059116515179,363.19807132346256,270.76945616892914
HOW-profile(HoW-cond),Wolf_retail_Marcella,125,Wolf,schedule,3,26.339615339195092,188.88538106895732,183.05336533919507,96.4383348334667
HOW-profile(HoW-cond),Wolf_retail_Marcella,125,Wolf,spike,1,25.69306637295704,25.338066372957044,25.338066372957044,21.486106113144935
HOW-profile(HoW-cond),Wolf_retail_Toshia,125,Wolf,spike,2,362.2002037670109,370.83895376701093,370.83895376701093,357.6894260892973
HOW-profile(HoW-cond),Wolf_retail_Toshia,125,Wolf,spike,3,937.5253054435932,1444.2828054435931,1444.2828054435931,1426.7501018733085
HOW-profile(HoW-cond),Wolf_retail_Toshia,125,Wolf,drift,2,4174.144085798001,2028.3187714762284,-2372.267164201998,976.3565572591364
HOW-profile(HoW-cond),Wolf_retail_Toshia,125,Wolf,spike,1,225.5825258936449,247.82627589364492,247.82627589364492,234.67674821593127
HOW-profile(HoW-cond),Wolf_retail_Toshia,125,Wolf,schedule,3,70.7135913640611,855.3023942427074,-540.1326586359388,434.5175085558705
HOW-profile(HoW-cond),Wolf_retail_Toshia,125,Wolf,drift,2,1585.0846732926336,2405.944645956918,2173.984673292634,1774.7673174266629
TOWT(HoW-cond),Fox_education_Henrietta,125,Fox,drift,3,543.6776343474405,891.016474770888,889.341490673472,668.1502934594145
TOWT(HoW-cond),Fox_education_Henrietta,125,Fox,drift,3,2141.019036959888,4468.052453017109,4468.052453017109,4022.3200903941615
TOWT(HoW-cond),Fox_education_Henrietta,125,Fox,drift,1,476.4946025631397,605.4930757014947,379.4106464656907,70.61424055395833
TOWT(HoW-cond),Fox_education_Henrietta,125,Fox,spike,1,62.13982155094737,85.87184627912161,85.87184627912161,78.44297356873916
TOWT(HoW-cond),Fox_education_Henrietta,125,Fox,spike,2,140.44990776891177,150.9999003566909,150.9999003566909,141.7138094687128
TOWT(HoW-cond),Fox_education_Henrietta,125,Fox,spike,1,66.13491765552413,64.78254942295612,63.079947790285175,55.49645853497806
TOWT(HoW-cond),Fox_retail_Manie,125,Fox,schedule,3,368.04709591272024,1080.741884003699,-578.9675052354326,302.54722977205745
TOWT(HoW-cond),Fox_retail_Manie,125,Fox,spike,1,123.19706914419866,136.70228334221846,136.70228334221846,131.2981537989432
TOWT(HoW-cond),Fox_retail_Manie,125,Fox,spike,2,421.05161512855886,621.4590262216298,621.4590262216298,594.4383785052534
TOWT(HoW-cond),Fox_retail_Manie,125,Fox,drift,3,8151.129348647555,8675.384348223311,7673.026801289851,7378.393257837242
TOWT(HoW-cond),Fox_retail_Manie,125,Fox,spike,1,120.95524489933428,172.18071991175412,172.18071991175412,166.77659036847885
TOWT(HoW-cond),Fox_retail_Manie,125,Fox,schedule,3,426.66194710076456,1485.7699501678908,34.639985799297435,448.17707785903553
TOWT(HoW-cond),Hog_education_Bruno,125,Hog,spike,1,400.4032892096728,431.2715230333099,431.2715230333099,402.61479675442143
TOWT(HoW-cond),Hog_education_Bruno,125,Hog,drift,1,10943.930462314776,9267.510783409522,9202.972696643325,7616.883349745544
TOWT(HoW-cond),Hog_education_Bruno,125,Hog,drift,3,19882.024337608516,22267.461152124077,22267.461152124077,21304.595149153425
TOWT(HoW-cond),Hog_education_Bruno,125,Hog,schedule,3,3.769674119454777,436.1170375145026,126.91687733036576,0.0
TOWT(HoW-cond),Hog_education_Bruno,125,Hog,spike,3,404.2736096443234,414.76647956857505,414.76647956857505,409.03513431279737
TOWT(HoW-cond),Hog_education_Bruno,125,Hog,spike,2,327.13560661465135,414.481824246244,414.481824246244,397.2877884789109
TOWT(HoW-cond),Hog_education_Caridad,125,Hog,drift,1,28386.38275238724,31366.43861519972,4317.598116748824,9216.076557820626
TOWT(HoW-cond),Hog_education_Caridad,125,Hog,schedule,3,40300.39042463366,13888.679029920992,-19374.054130977187,0.0
TOWT(HoW-cond),Hog_education_Caridad,125,Hog,drift,2,28596.337097434516,33533.48866204507,33513.33151981537,21227.73196350113
TOWT(HoW-cond),Hog_education_Caridad,125,Hog,spike,1,3615.9659871725,3819.8369100029695,3819.8369100029695,3512.192992539371
TOWT(HoW-cond),Hog_education_Caridad,125,Hog,schedule,2,9175.068368269807,892.6683145951035,-93124.72052428464,0.0
TOWT(HoW-cond),Hog_education_Caridad,125,Hog,spike,3,14222.66895468754,15455.626027184133,15455.626027184133,15045.434137232667
TOWT(HoW-cond),Hog_education_Josh,125,Hog,drift,3,7730.505083483085,10317.306190799492,10129.761615367406,7453.368048172572
TOWT(HoW-cond),Hog_education_Josh,125,Hog,schedule,3,11.784679011288034,3272.437581594879,3272.437581594879,1840.4685102814187
TOWT(HoW-cond),Hog_education_Josh,125,Hog,spike,1,575.7182019786903,494.50074816944823,478.0633268842796,395.0584515504579
TOWT(HoW-cond),Hog_education_Josh,125,Hog,spike,1,242.4107462956211,242.69275784416948,242.69275784416948,222.80429852037145
TOWT(HoW-cond),Hog_education_Josh,125,Hog,drift,2,11163.141504512632,18560.07762714525,18525.139941402053,14264.170413204867
TOWT(HoW-cond),Hog_education_Josh,125,Hog,spike,1,389.0732811986469,459.563766710396,459.563766710396,380.00992941520377
TOWT(HoW-cond),Hog_education_Luvenia,125,Hog,schedule,3,78.81606669111721,5612.474710234268,5440.25131900904,2947.551756220998
TOWT(HoW-cond),Hog_education_Luvenia,125,Hog,spike,3,701.6027863582609,675.4441019279282,675.4441019279282,663.1064956593482
TOWT(HoW-cond),Hog_education_Luvenia,125,Hog,schedule,3,243.05596690490265,1441.0135581145878,-96.3653183076326,0.0
TOWT(HoW-cond),Hog_education_Luvenia,125,Hog,drift,1,15728.352545379585,15586.478907805806,15127.834009465136,12625.453403346615
TOWT(HoW-cond),Hog_education_Luvenia,125,Hog,spike,1,601.5568549222517,503.4571481791064,473.4311111245413,454.1067231047866
TOWT(HoW-cond),Hog_education_Luvenia,125,Hog,spike,3,1008.5508595886322,1051.6406116442945,1051.6406116442945,1014.6277928385548
TOWT(HoW-cond),Hog_office_Almeda,125,Hog,schedule,3,920.7290323005244,492.8083174481862,-1255.5601340009032,0.0
TOWT(HoW-cond),Hog_office_Almeda,125,Hog,spike,1,97.60946352752082,93.11576534541445,93.11576534541445,88.88049578943111
TOWT(HoW-cond),Hog_office_Almeda,125,Hog,drift,3,2352.246882309896,3239.857008489917,3239.7743153200704,2731.6246617719175
TOWT(HoW-cond),Hog_office_Almeda,125,Hog,drift,3,4911.399663120952,5741.104746072006,5725.363677320118,5029.579460666806
TOWT(HoW-cond),Hog_office_Almeda,125,Hog,drift,3,8255.633995193115,10677.07288530342,10663.510767977596,9660.60819186742
TOWT(HoW-cond),Hog_office_Almeda,125,Hog,spike,2,290.3558219807369,315.9801914618954,315.9801914618954,299.03911323796206
TOWT(HoW-cond),Hog_office_Cortney,125,Hog,spike,2,421.20877656343674,409.5730550550342,397.95179086738824,401.494556315484
TOWT(HoW-cond),Hog_office_Cortney,125,Hog,spike,3,402.6129107386708,409.88695175071166,405.8860364077774,404.50128592434487
TOWT(HoW-cond),Hog_office_Cortney,125,Hog,drift,2,1926.319983944104,1937.96077768572,1803.2753121489773,1485.564848270911
TOWT(HoW-cond),Hog_office_Cortney,125,Hog,spike,3,566.8997263540168,547.9995999894069,537.3365517102077,539.9211012498567
TOWT(HoW-cond),Hog_office_Cortney,125,Hog,spike,3,1037.6594788568552,1015.3323006885278,1010.0846052476944,1001.8681361226108
TOWT(HoW-cond),Hog_office_Cortney,125,Hog,spike,1,177.95406087120688,174.11243665667436,174.11243665667436,171.41960374349097
TOWT(HoW-cond),Hog_office_Denita,125,Hog,spike,1,104.74801112459912,101.5965867482677,101.5965867482677,98.57114290232045
TOWT(HoW-cond),Hog_office_Denita,125,Hog,spike,3,461.0964849863213,415.394112013258,393.2136564003497,403.292336629469
TOWT(HoW-cond),Hog_office_Denita,125,Hog,drift,3,2328.7237572547915,2176.682688845325,2087.193676325147,1813.6294273316544
TOWT(HoW-cond),Hog_office_Denita,125,Hog,drift,3,9184.383096629304,8949.32370502943,8874.716661854845,8150.606529699355
TOWT(HoW-cond),Hog_office_Denita,125,Hog,spike,3,240.12967598509263,241.34992844919057,241.34992844919057,238.32448460324332
TOWT(HoW-cond),Hog_office_Denita,125,Hog,spike,2,370.8999155280089,348.3765949725978,342.3270327107907,333.2493757428615
TOWT(HoW-cond),Hog_office_Garrett,125,Hog,drift,1,5415.773917719659,2827.7032859462597,-6959.391559108731,0.0
TOWT(HoW-cond),Hog_office_Garrett,125,Hog,spike,2,1358.321923582699,1313.0679549653348,1313.0679549653348,1282.6193480025331
TOWT(HoW-cond),Hog_office_Garrett,125,Hog,spike,1,1923.2920380500757,1828.239024677206,1765.2102393814305,1675.9959898631987
TOWT(HoW-cond),Hog_office_Garrett,125,Hog,drift,1,9343.256500347154,13999.670384337762,13428.526292803122,8153.53784747989
TOWT(HoW-cond),Hog_office_Garrett,125,Hog,drift,3,38185.77099119585,35691.42213911852,31248.304269402735,29845.289602260647
TOWT(HoW-cond),Hog_office_Garrett,125,Hog,spike,1,2007.8707973715864,2031.0665118383713,2026.6253775415487,1878.823477024364
TOWT(HoW-cond),Hog_office_Lavon,125,Hog,spike,1,1899.2445559390696,2163.531835838951,2163.531835838951,2096.333738698103
TOWT(HoW-cond),Hog_office_Lavon,125,Hog,schedule,3,551.1258275222517,8515.542966612069,5274.613896845533,0.0
TOWT(HoW-cond),Hog_office_Lavon,125,Hog,schedule,2,28.97657684753743,7758.278027453343,7482.773537530611,2920.015033312283
TOWT(HoW-cond),Hog_office_Lavon,125,Hog,spike,1,1451.4329425254064,1515.9863120981588,1515.9863120981588,1448.7882149573109
TOWT(HoW-cond),Hog_office_Lavon,125,Hog,spike,1,2051.267962265602,2301.1977910390383,2301.1977910390383,2099.603499616494
TOWT(HoW-cond),Hog_office_Lavon,125,Hog,spike,2,2651.549822779352,2400.7149201084408,2400.7149201084408,2333.516822967593
TOWT(HoW-cond),Hog_office_Merilyn,125,Hog,schedule,3,182.75521306496756,696.5808463612658,619.1726154257541,365.4104756261117
TOWT(HoW-cond),Hog_office_Merilyn,125,Hog,drift,2,1169.519183928402,1350.6609566971315,1350.6609566971315,1102.283178645766
TOWT(HoW-cond),Hog_office_Merilyn,125,Hog,spike,3,68.9364713067383,63.04051999996058,55.32767391069986,59.59082863813606
TOWT(HoW-cond),Hog_office_Merilyn,125,Hog,drift,3,4985.299664411465,4611.070625773272,4560.8840391140475,4197.1076623543295
TOWT(HoW-cond),Hog_office_Merilyn,125,Hog,drift,1,835.1560058605207,2168.976848487322,2087.4487890186956,1755.0138850683793
TOWT(HoW-cond),Hog_office_Merilyn,125,Hog,spike,3,84.91700938866047,84.39396000903945,84.39396000903945,82.66911432812718
TOWT(HoW-cond),Hog_office_Miriam,125,Hog,schedule,3,579.523393038525,318.8704690534065,197.03280573683196,114.37673259540944
TOWT(HoW-cond),Hog_office_Miriam,125,Hog,spike,3,157.02585229495435,161.69103961404073,161.69103961404073,155.6049165051718
TOWT(HoW-cond),Hog_office_Miriam,125,Hog,spike,1,62.78051802257753,52.686614017912106,50.26292831240682,46.600490909043145
TOWT(HoW-cond),Hog_office_Miriam,125,Hog,schedule,3,157.6681316218665,269.8262360462706,243.4531014158677,152.97267235598656
TOWT(HoW-cond),Hog_office_Miriam,125,Hog,spike,2,44.26055572448596,46.3609028802351,46.3609028802351,43.92645363668752
TOWT(HoW-cond),Hog_office_Miriam,125,Hog,schedule,2,28.056166232973396,260.34792745265344,36.20117404173894,26.64080007208534
TOWT(HoW-cond),Hog_office_Napoleon,125,Hog,drift,2,4716.952247147733,3859.785150296544,3776.701435724236,2828.508345533802
TOWT(HoW-cond),Hog_office_Napoleon,125,Hog,spike,1,137.95448590699337,134.01095713258812,130.9052096484462,119.68766817755004
TOWT(HoW-cond),Hog_office_Napoleon,125,Hog,schedule,3,1082.6103935191493,1886.161717651102,1774.3642741397566,683.0054454279036
TOWT(HoW-cond),Hog_office_Napoleon,125,Hog,spike,3,273.71167561006234,293.9585297472266,293.9585297472266,286.79688526970756
TOWT(HoW-cond),Hog_office_Napoleon,125,Hog,spike,3,412.9367145410827,440.827643012158,440.827643012158,419.34270957960086
TOWT(HoW-cond),Hog_office_Napoleon,125,Hog,spike,1,120.95556051409784,129.18522672220337,129.18522672220337,114.86193776716529
TOWT(HoW-cond),Hog_office_Shawna,125,Hog,spike,1,313.6379115139518,334.5330126791166,314.6988299717399,317.5450325793235
TOWT(HoW-cond),Hog_office_Shawna,125,Hog,schedule,1,16.141511134777772,1526.2013892096106,665.4694741727037,506.92258322202383
TOWT(HoW-cond),Hog_office_Shawna,125,Hog,spike,2,683.8372554129211,650.878679536132,631.2673963995527,625.3967093864424
TOWT(HoW-cond),Hog_office_Shawna,125,Hog,schedule,3,3559.624181799263,3892.6572312120065,3797.4832934121114,2873.3784252244195
TOWT(HoW-cond),Hog_office_Shawna,125,Hog,schedule,2,2117.593778393931,3224.0837848374285,3055.799476053186,2000.9492176523245
TOWT(HoW-cond),Hog_office_Shawna,125,Hog,spike,1,454.5232692677954,409.59949804996654,390.69388946086065,375.62353785038033
TOWT(HoW-cond),Hog_office_Shawnna,125,Hog,schedule,2,2552.153783435699,2846.1857375407976,-1430.6075000886262,0.0
TOWT(HoW-cond),Hog_office_Shawnna,125,Hog,spike,2,979.2760644445436,1008.0828310341428,1008.0828310341428,988.7691639848568
TOWT(HoW-cond),Hog_office_Shawnna,125,Hog,spike,3,2905.0130249591653,2816.0167801047623,2807.980412582611,2738.762111907618
TOWT(HoW-cond),Hog_office_Shawnna,125,Hog,schedule,2,2594.702781314817,1459.0305770085242,-6308.5253381653165,0.0
TOWT(HoW-cond),Hog_office_Shawnna,125,Hog,spike,2,1926.5792375601536,2042.2272711207631,2042.2272711207631,1945.658935874333
TOWT(HoW-cond),Hog_office_Shawnna,125,Hog,schedule,3,6193.786109199689,8260.038792572694,6571.817226866934,4088.2867099269033
TOWT(HoW-cond),Hog_office_Sherrie,125,Hog,spike,1,67.78790463192944,59.66621559563429,54.79774984111744,55.45815427939973
TOWT(HoW-cond),Hog_office_Sherrie,125,Hog,drift,2,5893.056392735663,7055.678269522837,7033.054338232404,6399.220704190246
TOWT(HoW-cond),Hog_office_Sherrie,125,Hog,drift,3,4222.303088303819,4958.961795040261,4958.069366500222,4504.491172886929
TOWT(HoW-cond),Hog_office_Sherrie,125,Hog,drift,3,5690.77195280197,5395.468445584138,5393.073527413576,4890.501087635991
TOWT(HoW-cond),Hog_office_Sherrie,125,Hog,drift,2,1160.5145644277036,1580.650183854376,1561.8251292685254,1227.1730332906736
TOWT(HoW-cond),Hog_office_Sherrie,125,Hog,spike,3,200.1296932408524,207.7618039592849,207.7618039592849,205.6577733011676
TOWT(HoW-cond),Hog_office_Shon,125,Hog,spike,1,216.7285392605703,196.25156871207,190.55043931633347,172.3459321713731
TOWT(HoW-cond),Hog_office_Shon,125,Hog,drift,2,2000.517973275528,1635.5953369161143,1334.5513399794197,1061.8600599393883
TOWT(HoW-cond),Hog_office_Shon,125,Hog,drift,3,21736.11668917782,16216.665778716282,16141.478842471304,14724.954058576795
TOWT(HoW-cond),Hog_office_Shon,125,Hog,spike,3,435.00855328869727,401.3097991528357,393.6190504315077,377.40416261213875
TOWT(HoW-cond),Hog_office_Shon,125,Hog,spike,2,137.69489830862938,171.24121906983996,171.24121906983996,161.6789644535612
TOWT(HoW-cond),Hog_office_Shon,125,Hog,spike,3,215.0601984522419,198.95271523617689,182.9120200120776,189.39046061989816
TOWT(HoW-cond),Hog_office_Sydney,125,Hog,drift,1,10090.72902848742,6648.1763893858,5934.570976015729,5388.681619490255
TOWT(HoW-cond),Hog_office_Sydney,125,Hog,drift,3,11552.378159444106,11876.290772385695,11872.059901261186,11101.217067834594
TOWT(HoW-cond),Hog_office_Sydney,125,Hog,spike,1,107.40101118162318,100.72744443504718,91.26270702009458,92.65376001263984
TOWT(HoW-cond),Hog_office_Sydney,125,Hog,drift,1,1436.3776215795922,378.42114707891915,-778.1583821858504,0.0
TOWT(HoW-cond),Hog_office_Sydney,125,Hog,spike,1,120.35248606515016,119.1762131940126,119.1762131940126,107.0656865604016
TOWT(HoW-cond),Hog_office_Sydney,125,Hog,spike,1,134.44551911738682,156.2162693737312,155.5928601235225,144.1057427401202
TOWT(HoW-cond),Hog_office_Valda,125,Hog,drift,1,661.3711408953283,860.8879588779896,771.5349716354258,505.1921747014613
TOWT(HoW-cond),Hog_office_Valda,125,Hog,schedule,2,82.79700716384005,179.56767763117958,-821.497321540013,0.0
TOWT(HoW-cond),Hog_office_Valda,125,Hog,spike,2,173.4631733998353,165.01759246687806,160.6240257046395,159.08932939726924
TOWT(HoW-cond),Hog_office_Valda,125,Hog,drift,2,2769.782873715905,4018.5770761357744,4018.5770761357744,3627.3117135415937
TOWT(HoW-cond),Hog_office_Valda,125,Hog,spike,1,91.82340690935976,30.911648397281937,-11.703763289310942,26.46545109507533
TOWT(HoW-cond),Hog_office_Valda,125,Hog,spike,3,143.2802443165958,148.7978941000527,148.7978941000527,147.3158283326505
TOWT(HoW-cond),Lamb_education_Armando,125,Lamb,schedule,3,1.1934745829660691,2040.3918675452965,1900.1778812075445,1408.770976785183
TOWT(HoW-cond),Lamb_education_Armando,125,Lamb,spike,3,399.74267508277626,422.4257902831633,422.4257902831633,411.89877543716136
TOWT(HoW-cond),Lamb_education_Armando,125,Lamb,spike,1,181.88666623841328,188.86999032265476,188.86999032265476,183.6064828996538
TOWT(HoW-cond),Lamb_education_Armando,125,Lamb,spike,2,311.1701632346293,297.3932175790768,292.81285291449626,281.60269531007395
TOWT(HoW-cond),Lamb_education_Armando,125,Lamb,drift,3,4189.596198085895,7542.066933199144,7540.355578559801,6405.14932983094
TOWT(HoW-cond),Lamb_education_Armando,125,Lamb,spike,2,298.4435139285549,302.90057940432916,302.90057940432916,287.1100571353263
TOWT(HoW-cond),Lamb_education_Eula,125,Lamb,spike,1,6.690699674565021,6.614379001585405,6.614379001585405,6.429012225854638
TOWT(HoW-cond),Lamb_education_Eula,125,Lamb,drift,2,84.1414837512204,257.69013216183873,254.00228574079352,213.20210598645468
TOWT(HoW-cond),Lamb_education_Eula,125,Lamb,drift,2,44.64918931234279,34.81817493000791,-59.96490317847173,3.6765566072390783
TOWT(HoW-cond),Lamb_education_Eula,125,Lamb,spike,1,10.101430544618829,11.24006429399151,11.24006429399151,10.498597191068445
TOWT(HoW-cond),Lamb_education_Eula,125,Lamb,drift,3,39.955048544124566,177.70756905538514,176.97256135001214,155.4635559676931
TOWT(HoW-cond),Lamb_education_Eula,125,Lamb,spike,3,22.257380646063886,24.26915831225061,24.26915831225061,23.71305798505831
TOWT(HoW-cond),Lamb_education_Lazaro,125,Lamb,drift,1,199.56667718910816,0.0,-4672.251994992236,0.0
TOWT(HoW-cond),Lamb_education_Lazaro,125,Lamb,spike,1,146.2616500912896,147.25070316000267,147.25070316000267,125.4160656240314
TOWT(HoW-cond),Lamb_education_Lazaro,125,Lamb,spike,3,445.1755338537366,481.3535158449015,481.3535158449015,452.2406657969398
TOWT(HoW-cond),Lamb_education_Lazaro,125,Lamb,drift,2,2062.639357213663,7470.247893735903,7470.247893735903,5548.7997905704315
TOWT(HoW-cond),Lamb_education_Lazaro,125,Lamb,drift,1,416.463144323934,1764.7338550933246,-146.43241109774868,367.3170527911636
TOWT(HoW-cond),Lamb_education_Lazaro,125,Lamb,drift,1,491.99455646137983,522.3952867165995,-4698.497729029552,0.0
TOWT(HoW-cond),Lamb_education_Lucas,125,Lamb,drift,2,119.5016707324252,50.73103854271429,-462.0643525161228,0.0
TOWT(HoW-cond),Lamb_education_Lucas,125,Lamb,spike,2,64.4787362913023,62.33796177265519,62.33796177265519,60.15290635435424
TOWT(HoW-cond),Lamb_education_Lucas,125,Lamb,spike,3,60.67999960371594,52.40818993470939,52.40818993470939,51.861926080134154
TOWT(HoW-cond),Lamb_education_Lucas,125,Lamb,schedule,3,15.547596446667187,127.0965546515324,111.54467760727348,87.76555712211518
TOWT(HoW-cond),Lamb_education_Lucas,125,Lamb,drift,1,204.83694269880996,359.0651473610374,275.00901613428846,227.96182226297995
TOWT(HoW-cond),Lamb_education_Lucas,125,Lamb,spike,3,123.35494196224936,125.14215211481306,125.14215211481306,122.41083284193688
TOWT(HoW-cond),Lamb_education_Mae,125,Lamb,schedule,3,707.7055646019003,1033.2502030364597,-1725.3577742386872,0.0
TOWT(HoW-cond),Lamb_education_Mae,125,Lamb,spike,2,434.5193321882207,397.65033035831925,390.6708235576761,367.1357086526036
TOWT(HoW-cond),Lamb_education_Mae,125,Lamb,drift,3,4279.320062963822,6181.733597901501,6181.733597901501,4900.119486261442
TOWT(HoW-cond),Lamb_education_Mae,125,Lamb,spike,1,416.061573940696,387.30428787746195,378.27260611191,349.16101074531736
TOWT(HoW-cond),Lamb_education_Mae,125,Lamb,drift,1,877.5414005948726,3159.468110661346,3143.355303938548,2060.941729255582
TOWT(HoW-cond),Lamb_education_Mae,125,Lamb,drift,2,1987.281236844119,3869.107265644809,3869.107265644809,2770.5808842390443
TOWT(HoW-cond),Lamb_education_Williams,125,Lamb,drift,2,993.7413147792988,2182.442660736118,1373.172205343531,1624.5853660752705
TOWT(HoW-cond),Lamb_education_Williams,125,Lamb,spike,1,265.7690347821638,248.3439963615028,242.93728945344836,233.81646264637652
TOWT(HoW-cond),Lamb_education_Williams,125,Lamb,spike,2,234.79118643839575,232.54371994830765,231.92216931736723,226.7327064622571
TOWT(HoW-cond),Lamb_education_Williams,125,Lamb,spike,3,445.97474150476165,444.212897755211,443.6124506290503,435.4963775261352
TOWT(HoW-cond),Lamb_education_Williams,125,Lamb,schedule,3,206.46617688107503,883.740846054248,508.6710674034103,535.0800368912182
TOWT(HoW-cond),Lamb_education_Williams,125,Lamb,spike,2,228.2045694366033,233.77139081311535,233.77139081311535,230.8658840700901
TOWT(HoW-cond),Lamb_office_Caitlin,125,Lamb,schedule,3,387.3312010228129,163.4898581367549,-3204.6255157467995,0.0
TOWT(HoW-cond),Lamb_office_Caitlin,125,Lamb,drift,2,1503.7557897394065,9.535631136886307,-10509.961255626806,0.0
TOWT(HoW-cond),Lamb_office_Caitlin,125,Lamb,drift,3,3186.0441444924627,1540.8783733935309,-6334.041851730588,0.0
TOWT(HoW-cond),Lamb_office_Caitlin,125,Lamb,drift,2,656.6603062278259,0.0,-7923.542679635764,0.0
TOWT(HoW-cond),Lamb_office_Caitlin,125,Lamb,spike,2,275.7887601997688,199.74648267545425,121.40857624239848,176.36892919110963
TOWT(HoW-cond),Lamb_office_Caitlin,125,Lamb,spike,2,394.2911673996349,372.0850069823307,359.59612628256065,337.0186767558138
TOWT(HoW-cond),Lamb_office_Velma,125,Lamb,spike,3,835.24176345517,911.0138096680314,911.0138096680314,878.182655082086
TOWT(HoW-cond),Lamb_office_Velma,125,Lamb,spike,2,488.9701505503433,606.0231189346227,606.0231189346227,573.1919643486773
TOWT(HoW-cond),Lamb_office_Velma,125,Lamb,drift,1,977.7376980269868,2110.8013046738006,2081.407104783728,1125.8666670954358
TOWT(HoW-cond),Lamb_office_Velma,125,Lamb,drift,2,11288.878643994793,16268.895880347638,16268.895880347638,14102.039677675237
TOWT(HoW-cond),Lamb_office_Velma,125,Lamb,spike,2,407.53838309396895,387.781744093577,379.6097368028947,363.1583781541179
TOWT(HoW-cond),Lamb_office_Velma,125,Lamb,spike,2,531.175643613273,553.9599684523184,553.9599684523184,521.128813866373
TOWT(HoW-cond),Rat_retail_Jeffrey,125,Rat,spike,1,274.0071717515276,245.92965850989535,238.95121491587489,224.50432407859464
TOWT(HoW-cond),Rat_retail_Jeffrey,125,Rat,drift,2,5848.782780325441,8031.571200278005,7972.134667633921,6746.051134399961
TOWT(HoW-cond),Rat_retail_Jeffrey,125,Rat,spike,2,605.3830290267529,565.0884386855985,555.3443803184902,538.3067706464726
TOWT(HoW-cond),Rat_retail_Jeffrey,125,Rat,spike,1,237.823478890623,289.23401035913713,289.23401035913713,267.8086759278364
TOWT(HoW-cond),Rat_retail_Jeffrey,125,Rat,spike,3,329.0382503598847,335.76095051436505,335.76095051436505,330.40461690653984
TOWT(HoW-cond),Rat_retail_Jeffrey,125,Rat,spike,2,448.5396392666252,502.92645331089807,502.92645331089807,481.50111887959736
TOWT(HoW-cond),Robin_education_Zenia,125,Robin,spike,2,318.0746005878816,689.4943843546422,689.4943843546422,648.8001874268871
TOWT(HoW-cond),Robin_education_Zenia,125,Robin,drift,1,7684.58034520667,26565.354551907138,26565.354551907138,24221.368808868443
TOWT(HoW-cond),Robin_education_Zenia,125,Robin,spike,1,221.19370506177228,613.3336434784215,613.3336434784215,580.7782859362175
TOWT(HoW-cond),Robin_education_Zenia,125,Robin,spike,1,115.38557172702772,324.09524561778096,324.09524561778096,307.8175668466789
TOWT(HoW-cond),Robin_education_Zenia,125,Robin,drift,1,7316.344667072699,29965.093712555423,29965.093712555423,27621.107969516735
TOWT(HoW-cond),Robin_education_Zenia,125,Robin,spike,2,182.6560142466909,284.28455348982664,284.28455348982664,276.1457141042756
TOWT(HoW-cond),Robin_office_Dina,125,Robin,schedule,3,169.6877846016588,887.9652605065497,670.3835575007362,467.76974033472146
TOWT(HoW-cond),Robin_office_Dina,125,Robin,drift,3,2676.149080501228,2585.959178611169,2584.8251231151985,2259.140440699747
TOWT(HoW-cond),Robin_office_Dina,125,Robin,spike,3,109.70001649846564,102.16735953913788,101.16631648437048,96.3313106478625
TOWT(HoW-cond),Robin_office_Dina,125,Robin,drift,1,557.1814272127779,636.3736326659274,387.7028069338303,262.86650362430237
TOWT(HoW-cond),Robin_office_Dina,125,Robin,spike,1,72.51704449816964,72.25012965173609,71.85434659483273,62.52338149961044
TOWT(HoW-cond),Robin_office_Dina,125,Robin,schedule,3,128.57224582658398,536.3009934255342,515.4295646759435,302.8590377745186
TOWT(HoW-cond),Robin_office_Sammie,125,Robin,drift,3,18298.902736260905,18266.447278853364,18121.562632526395,16846.44335372823
TOWT(HoW-cond),Robin_office_Sammie,125,Robin,schedule,2,18.074637820832336,687.9635952655178,-1108.77998355608,0.0
TOWT(HoW-cond),Robin_office_Sammie,125,Robin,spike,3,204.63879598031215,203.38849408009864,203.38849408009864,198.00969133341252
TOWT(HoW-cond),Robin_office_Sammie,125,Robin,drift,2,4294.326389896674,3077.3069982043517,2677.7001873809604,2173.668136761085
TOWT(HoW-cond),Robin_office_Sammie,125,Robin,drift,2,4966.157305493951,4762.141099732207,4744.870326247475,3729.4109723684737
TOWT(HoW-cond),Robin_office_Sammie,125,Robin,spike,1,174.44843902348026,281.0730440040582,281.0730440040582,259.5578330173138
TOWT(HoW-cond),Shrew_office_Doris,125,Shrew,drift,1,1082.0083293285486,3295.985795325458,3295.985795325458,2578.6252946284276
TOWT(HoW-cond),Shrew_office_Doris,125,Shrew,spike,3,461.5699763173361,447.25775520973366,447.25775520973366,441.2797510372584
TOWT(HoW-cond),Shrew_office_Doris,125,Shrew,spike,1,241.8652026947672,246.2495017549488,246.2495017549488,234.2934934099983
TOWT(HoW-cond),Shrew_office_Doris,125,Shrew,drift,2,18382.782475357173,18527.15846091728,18149.033344641648,16805.493259244406
TOWT(HoW-cond),Shrew_office_Doris,125,Shrew,schedule,3,48.69158738777398,523.0320315671746,-7.751966738755922,92.61573114895646
TOWT(HoW-cond),Shrew_office_Doris,125,Shrew,schedule,3,120.65365213163808,105.64096944329468,-909.1095901699136,0.0
TOWT(HoW-cond),Shrew_office_Ila,125,Shrew,drift,3,4980.057438458025,5860.604187464445,5860.604187464445,5392.399008876596
TOWT(HoW-cond),Shrew_office_Ila,125,Shrew,spike,3,466.4077483285107,540.3644207749711,540.3644207749711,528.6592913102749
TOWT(HoW-cond),Shrew_office_Ila,125,Shrew,drift,1,3942.6429638529935,4800.457854231332,4787.170761723652,4051.3295684907735
TOWT(HoW-cond),Shrew_office_Ila,125,Shrew,spike,1,152.98568731421085,150.46286153000486,148.53054174928124,142.65944188687405
TOWT(HoW-cond),Shrew_office_Ila,125,Shrew,spike,2,250.3241169224834,291.2925969572707,291.2925969572707,283.48917731413985
TOWT(HoW-cond),Shrew_office_Ila,125,Shrew,spike,1,122.0473460947881,136.01320851257128,136.01320851257128,128.20978886944047
TOWT(HoW-cond),Shrew_office_Kenneth,125,Shrew,schedule,2,45.06488055035239,1.974411305501146,-723.3094845518832,0.0
TOWT(HoW-cond),Shrew_office_Kenneth,125,Shrew,schedule,3,223.94966667746283,36.78071884008399,-1142.2538565849134,0.0
TOWT(HoW-cond),Shrew_office_Kenneth,125,Shrew,spike,1,57.50642214860222,40.392116928475644,26.967949662039953,32.76127875793958
TOWT(HoW-cond),Shrew_office_Kenneth,125,Shrew,drift,3,4470.540824718164,2269.507799772807,2140.481463693145,1353.8072193084795
TOWT(HoW-cond),Shrew_office_Kenneth,125,Shrew,spike,1,148.21042491794591,116.9906253472831,116.0369003124144,97.91352992094296
TOWT(HoW-cond),Shrew_office_Kenneth,125,Shrew,drift,3,2316.4706616493195,528.103077649364,-676.9088008305959,0.0
TOWT(HoW-cond),Shrew_office_Nora,125,Shrew,schedule,3,4514.662713075832,5254.335163250713,4702.5103834596075,4257.33721387508
TOWT(HoW-cond),Shrew_office_Nora,125,Shrew,spike,1,492.7539341376733,583.7712389710238,583.7712389710238,560.6925827354767
TOWT(HoW-cond),Shrew_office_Nora,125,Shrew,spike,1,346.1721874953224,325.75598406509596,318.97224932390895,311.90879032376773
TOWT(HoW-cond),Shrew_office_Nora,125,Shrew,spike,1,230.5830463599992,233.55859436966875,231.92119832152744,224.3271318754499
TOWT(HoW-cond),Shrew_office_Nora,125,Shrew,drift,1,7615.654361754455,9172.763240672915,9155.79743912557,7954.210191436033
TOWT(HoW-cond),Shrew_office_Nora,125,Shrew,spike,2,936.2217800892316,869.9400166787639,841.5993721585654,846.8613604432168
TOWT(HoW-cond),Shrew_office_Sherill,125,Shrew,spike,1,866.5897262353003,834.2830168861597,820.4010576605174,802.6178265493776
TOWT(HoW-cond),Shrew_office_Sherill,125,Shrew,drift,3,29783.352961436343,31464.8479190914,31464.72812783341,29754.927640905167
TOWT(HoW-cond),Shrew_office_Sherill,125,Shrew,spike,2,856.8929742368821,834.5148397954041,823.831270288455,810.7659470428175
TOWT(HoW-cond),Shrew_office_Sherill,125,Shrew,spike,3,1071.2140890613475,1076.8143802316515,1075.6169997719596,1060.9817850632608
TOWT(HoW-cond),Shrew_office_Sherill,125,Shrew,spike,3,2463.4614158129157,2540.0638545077873,2540.0638545077873,2500.48236658681
TOWT(HoW-cond),Shrew_office_Sherill,125,Shrew,drift,1,6998.702088032382,8962.32758132655,8699.991209141328,7442.398445161009
TOWT(HoW-cond),Wolf_office_Darleen,125,Wolf,drift,2,604.8468589549041,384.0137914832689,-12.638471476300476,141.3135108625012
TOWT(HoW-cond),Wolf_office_Darleen,125,Wolf,drift,2,809.9907742251621,602.8801439951817,570.3386817357558,360.179863374414
TOWT(HoW-cond),Wolf_office_Darleen,125,Wolf,spike,1,122.46553220229872,97.667158340579,84.30529931998416,91.5996513250598
TOWT(HoW-cond),Wolf_office_Darleen,125,Wolf,spike,1,108.23648906363294,104.59819104469162,101.9101357243054,98.53068402917242
TOWT(HoW-cond),Wolf_office_Darleen,125,Wolf,spike,2,163.1594691481757,198.7488854211925,198.7488854211925,192.6813784056733
TOWT(HoW-cond),Wolf_office_Darleen,125,Wolf,schedule,3,273.8121535500858,0.9124443550759086,-2557.946735539824,0.0
TOWT(HoW-cond),Wolf_retail_Harriett,125,Wolf,schedule,2,142.5025617723444,2553.6855599974288,2429.400670246327,1237.7256817726866
TOWT(HoW-cond),Wolf_retail_Harriett,125,Wolf,spike,2,172.0596117916607,182.03537275543636,182.03537275543636,163.75815222453716
TOWT(HoW-cond),Wolf_retail_Harriett,125,Wolf,spike,3,178.4149864623138,178.55685882408838,178.55685882408838,166.37204513682224
TOWT(HoW-cond),Wolf_retail_Harriett,125,Wolf,schedule,3,658.908355179765,1419.7501128014685,1082.1658539965972,396.22576307111353
TOWT(HoW-cond),Wolf_retail_Harriett,125,Wolf,schedule,1,5.625535634244642,1160.9861322378863,603.458948563678,0.0
TOWT(HoW-cond),Wolf_retail_Harriett,125,Wolf,schedule,2,9.462371733532182,1299.2718539925029,1173.9352985901396,421.9652685093412
TOWT(HoW-cond),Wolf_retail_Marcella,125,Wolf,drift,2,742.5704258791877,524.3410643597908,451.91073869916875,320.364654501357
TOWT(HoW-cond),Wolf_retail_Marcella,125,Wolf,spike,2,32.739046582217696,31.763879844586324,30.946278343631658,28.930874152108075
TOWT(HoW-cond),Wolf_retail_Marcella,125,Wolf,spike,3,55.581626180626806,52.22470888265429,50.98712247838186,49.391703190176045
TOWT(HoW-cond),Wolf_retail_Marcella,125,Wolf,drift,3,366.00807132346256,332.1822008413846,312.0895261902396,230.19399591216768
TOWT(HoW-cond),Wolf_retail_Marcella,125,Wolf,schedule,3,26.339615339195092,164.7367112689234,149.84300961949987,79.74654049457598
TOWT(HoW-cond),Wolf_retail_Marcella,125,Wolf,spike,1,25.69306637295704,20.288356171231825,19.397001188160843,16.747099055634017
TOWT(HoW-cond),Wolf_retail_Toshia,125,Wolf,spike,2,362.2002037670109,358.4120191133809,354.8745093245666,335.0717686242434
TOWT(HoW-cond),Wolf_retail_Toshia,125,Wolf,spike,3,937.5253054435932,1284.5100715021897,1284.5100715021897,1253.3897375166728
TOWT(HoW-cond),Wolf_retail_Toshia,125,Wolf,drift,2,4174.144085798001,2545.585402058076,-1311.7080181153542,678.3653629270773
TOWT(HoW-cond),Wolf_retail_Toshia,125,Wolf,spike,1,225.5825258936449,248.43796777229088,248.43796777229088,225.0977172831534
TOWT(HoW-cond),Wolf_retail_Toshia,125,Wolf,schedule,3,70.7135913640611,1413.1253531468951,106.65765519678509,666.2373374944959
TOWT(HoW-cond),Wolf_retail_Toshia,125,Wolf,drift,2,1585.0846732926336,3424.047278356787,2952.613374692744,2303.715254878188
"PatchTST-SSL(HoW-cond, patch-mask train)",Fox_education_Henrietta,125,Fox,drift,3,543.6776343474405,285.88695954867865,135.4084926732492,0.0
"PatchTST-SSL(HoW-cond, patch-mask train)",Fox_education_Henrietta,125,Fox,drift,3,2141.019036959888,2625.295608283712,2588.472032856753,2027.1081602623915
"PatchTST-SSL(HoW-cond, patch-mask train)",Fox_education_Henrietta,125,Fox,drift,1,476.4946025631397,300.9407786466951,-300.0304360117205,0.0
"PatchTST-SSL(HoW-cond, patch-mask train)",Fox_education_Henrietta,125,Fox,spike,1,62.13982155094737,74.43487344641815,74.43487344641815,64.46508264606283
"PatchTST-SSL(HoW-cond, patch-mask train)",Fox_education_Henrietta,125,Fox,spike,2,140.44990776891177,117.67602139085336,115.74101977119564,105.21378289040918
"PatchTST-SSL(HoW-cond, patch-mask train)",Fox_education_Henrietta,125,Fox,spike,1,66.13491765552413,33.07744859280774,21.17803200656146,20.615210092363576
"PatchTST-SSL(HoW-cond, patch-mask train)",Fox_retail_Manie,125,Fox,schedule,3,368.04709591272024,944.3009948309008,-761.0411738506531,0.0
"PatchTST-SSL(HoW-cond, patch-mask train)",Fox_retail_Manie,125,Fox,spike,1,123.19706914419866,115.08814293029968,115.08814293029968,106.96059361039094
"PatchTST-SSL(HoW-cond, patch-mask train)",Fox_retail_Manie,125,Fox,spike,2,421.05161512855886,515.5902309580426,515.5902309580426,474.95248435849896
"PatchTST-SSL(HoW-cond, patch-mask train)",Fox_retail_Manie,125,Fox,drift,3,8151.129348647555,7492.354913178942,6619.939676751671,5541.743076400845
"PatchTST-SSL(HoW-cond, patch-mask train)",Fox_retail_Manie,125,Fox,spike,1,120.95524489933428,153.89358651041908,153.89358651041908,145.76603719051033
"PatchTST-SSL(HoW-cond, patch-mask train)",Fox_retail_Manie,125,Fox,schedule,3,426.66194710076456,798.1965075606679,-850.8165609294774,0.0
"PatchTST-SSL(HoW-cond, patch-mask train)",Hog_education_Bruno,125,Hog,spike,1,400.4032892096728,318.7131790983841,303.1705966904899,286.4150147179749
"PatchTST-SSL(HoW-cond, patch-mask train)",Hog_education_Bruno,125,Hog,drift,1,10943.930462314776,10507.706654385634,10208.554512064631,8647.332386074062
"PatchTST-SSL(HoW-cond, patch-mask train)",Hog_education_Bruno,125,Hog,drift,3,19882.024337608516,21065.64767014826,21010.983279845568,19980.42934696651
"PatchTST-SSL(HoW-cond, patch-mask train)",Hog_education_Bruno,125,Hog,schedule,3,3.769674119454777,1125.3301970833004,5.80958145801381,505.2054409794431
"PatchTST-SSL(HoW-cond, patch-mask train)",Hog_education_Bruno,125,Hog,spike,3,404.2736096443234,395.0473317110012,395.0473317110012,388.58769883491937
"PatchTST-SSL(HoW-cond, patch-mask train)",Hog_education_Bruno,125,Hog,spike,2,327.13560661465135,270.5415615264034,244.9274805651683,251.1626628981579
"PatchTST-SSL(HoW-cond, patch-mask train)",Hog_education_Caridad,125,Hog,drift,1,28386.38275238724,7455.924375682404,-81601.92618156492,0.0
"PatchTST-SSL(HoW-cond, patch-mask train)",Hog_education_Caridad,125,Hog,schedule,3,40300.39042463366,1343.1711878625454,-100936.94840588373,0.0
"PatchTST-SSL(HoW-cond, patch-mask train)",Hog_education_Caridad,125,Hog,drift,2,28596.337097434516,2003.9417169838396,-45986.1167485419,0.0
"PatchTST-SSL(HoW-cond, patch-mask train)",Hog_education_Caridad,125,Hog,spike,1,3615.9659871725,2539.4508435409907,2080.788665027325,2168.3320232902856
"PatchTST-SSL(HoW-cond, patch-mask train)",Hog_education_Caridad,125,Hog,schedule,2,9175.068368269807,298.2695764269913,-147340.30394295094,0.0
"PatchTST-SSL(HoW-cond, patch-mask train)",Hog_education_Caridad,125,Hog,spike,3,14222.66895468754,12832.653016460525,12380.660839858789,12337.827922792918
"PatchTST-SSL(HoW-cond, patch-mask train)",Hog_education_Josh,125,Hog,drift,3,7730.505083483085,10455.546318385135,10313.074149924652,6588.820071468637
"PatchTST-SSL(HoW-cond, patch-mask train)",Hog_education_Josh,125,Hog,schedule,3,11.784679011288034,4240.586027146516,4152.739406231997,2307.2229036882673
"PatchTST-SSL(HoW-cond, patch-mask train)",Hog_education_Josh,125,Hog,spike,1,575.7182019786903,543.575577609276,527.1715231070248,409.314249591342
"PatchTST-SSL(HoW-cond, patch-mask train)",Hog_education_Josh,125,Hog,spike,1,242.4107462956211,271.3818772125873,271.3818772125873,244.5296116090005
"PatchTST-SSL(HoW-cond, patch-mask train)",Hog_education_Josh,125,Hog,drift,2,11163.141504512632,19524.825165759143,19288.06633158051,13724.735795384398
"PatchTST-SSL(HoW-cond, patch-mask train)",Hog_education_Josh,125,Hog,spike,1,389.0732811986469,558.7987488731126,558.7987488731126,451.38968645876537
"PatchTST-SSL(HoW-cond, patch-mask train)",Hog_education_Luvenia,125,Hog,schedule,3,78.81606669111721,7698.88133030351,3996.294002850609,2697.0222048731384
"PatchTST-SSL(HoW-cond, patch-mask train)",Hog_education_Luvenia,125,Hog,spike,3,701.6027863582609,681.0587936597293,681.0587936597293,657.9020384494036
"PatchTST-SSL(HoW-cond, patch-mask train)",Hog_education_Luvenia,125,Hog,schedule,3,243.05596690490265,3081.5965204278914,-1059.6686905505908,0.0
"PatchTST-SSL(HoW-cond, patch-mask train)",Hog_education_Luvenia,125,Hog,drift,1,15728.352545379585,11789.374948838826,8782.751658688441,6231.753698360635
"PatchTST-SSL(HoW-cond, patch-mask train)",Hog_education_Luvenia,125,Hog,spike,1,601.5568549222517,408.78125739604127,361.50014363565833,316.1542365547381
"PatchTST-SSL(HoW-cond, patch-mask train)",Hog_education_Luvenia,125,Hog,spike,3,1008.5508595886322,952.5516442482692,912.1219743177398,883.0813786172919
"PatchTST-SSL(HoW-cond, patch-mask train)",Hog_office_Almeda,125,Hog,schedule,3,920.7290323005244,33.13195529160616,-1811.159551551812,0.0
"PatchTST-SSL(HoW-cond, patch-mask train)",Hog_office_Almeda,125,Hog,spike,1,97.60946352752082,75.15209150358288,75.15209150358288,66.90171471858858
"PatchTST-SSL(HoW-cond, patch-mask train)",Hog_office_Almeda,125,Hog,drift,3,2352.246882309896,2707.3550413409266,2586.0675496698095,1717.3098271416102
"PatchTST-SSL(HoW-cond, patch-mask train)",Hog_office_Almeda,125,Hog,drift,3,4911.399663120952,5519.700039812152,5205.380570139711,4133.636739933108
"PatchTST-SSL(HoW-cond, patch-mask train)",Hog_office_Almeda,125,Hog,drift,3,8255.633995193115,9878.545657771903,9783.61936563191,7898.455229373272
"PatchTST-SSL(HoW-cond, patch-mask train)",Hog_office_Almeda,125,Hog,spike,2,290.3558219807369,346.1364473336958,346.1364473336958,313.1349401937186
"PatchTST-SSL(HoW-cond, patch-mask train)",Hog_office_Cortney,125,Hog,spike,2,421.20877656343674,364.5832212950589,339.738798534243,334.9237888157974
"PatchTST-SSL(HoW-cond, patch-mask train)",Hog_office_Cortney,125,Hog,spike,3,402.6129107386708,385.9788740383757,364.3655760251848,366.2059190522014
"PatchTST-SSL(HoW-cond, patch-mask train)",Hog_office_Cortney,125,Hog,drift,2,1926.319983944104,3409.045430697098,930.4969232201404,1748.1172118584566
"PatchTST-SSL(HoW-cond, patch-mask train)",Hog_office_Cortney,125,Hog,spike,3,566.8997263540168,457.35101385732304,399.69725524878777,427.6915813780616
"PatchTST-SSL(HoW-cond, patch-mask train)",Hog_office_Cortney,125,Hog,spike,3,1037.6594788568552,873.1830642191765,839.8915885677941,823.7506767537407
"PatchTST-SSL(HoW-cond, patch-mask train)",Hog_office_Cortney,125,Hog,spike,1,177.95406087120688,156.03652946596355,156.03652946596355,146.1500519728764
"PatchTST-SSL(HoW-cond, patch-mask train)",Hog_office_Denita,125,Hog,spike,1,104.74801112459912,116.83701634223785,116.83701634223785,108.66871857874952
"PatchTST-SSL(HoW-cond, patch-mask train)",Hog_office_Denita,125,Hog,spike,3,461.0964849863213,373.25874251822233,345.2152839209691,340.5855514642691
"PatchTST-SSL(HoW-cond, patch-mask train)",Hog_office_Denita,125,Hog,drift,3,2328.7237572547915,1791.8227838819175,1079.0877686468657,811.6270522633197
"PatchTST-SSL(HoW-cond, patch-mask train)",Hog_office_Denita,125,Hog,drift,3,9184.383096629304,8684.830698326296,8037.997109318406,6528.40008876538
"PatchTST-SSL(HoW-cond, patch-mask train)",Hog_office_Denita,125,Hog,spike,3,240.12967598509263,221.4009945631884,221.4009945631884,213.23269679970008
"PatchTST-SSL(HoW-cond, patch-mask train)",Hog_office_Denita,125,Hog,spike,2,370.8999155280089,256.73741950573867,217.83239268639537,215.89593068829708
"PatchTST-SSL(HoW-cond, patch-mask train)",Hog_office_Garrett,125,Hog,drift,1,5415.773917719659,0.0,-28959.413267564018,0.0
"PatchTST-SSL(HoW-cond, patch-mask train)",Hog_office_Garrett,125,Hog,spike,2,1358.321923582699,1212.7663577029414,1212.7663577029414,1180.3283813201508
"PatchTST-SSL(HoW-cond, patch-mask train)",Hog_office_Garrett,125,Hog,spike,1,1923.2920380500757,1262.800012561603,987.5231662066508,1100.6101306476498
"PatchTST-SSL(HoW-cond, patch-mask train)",Hog_office_Garrett,125,Hog,drift,1,9343.256500347154,725.0720681370376,-19707.24921885088,0.0
"PatchTST-SSL(HoW-cond, patch-mask train)",Hog_office_Garrett,125,Hog,drift,3,38185.77099119585,17767.33449907185,7149.350565171902,11539.243033576064
"PatchTST-SSL(HoW-cond, patch-mask train)",Hog_office_Garrett,125,Hog,spike,1,2007.8707973715864,1945.7496290876452,1877.9815322388888,1783.5597471736924
"PatchTST-SSL(HoW-cond, patch-mask train)",Hog_office_Lavon,125,Hog,spike,1,1899.2445559390696,1962.3814084616884,1962.3814084616884,1844.079799215486
"PatchTST-SSL(HoW-cond, patch-mask train)",Hog_office_Lavon,125,Hog,schedule,3,551.1258275222517,72.53870089982276,-46923.10055757599,0.0
"PatchTST-SSL(HoW-cond, patch-mask train)",Hog_office_Lavon,125,Hog,schedule,2,28.97657684753743,264.894734334204,-12660.018801175887,0.0
"PatchTST-SSL(HoW-cond, patch-mask train)",Hog_office_Lavon,125,Hog,spike,1,1451.4329425254064,1155.6189571812329,1155.6189571812329,1037.3173479350305
"PatchTST-SSL(HoW-cond, patch-mask train)",Hog_office_Lavon,125,Hog,spike,1,2051.267962265602,1480.5067400945584,1260.897751217347,1125.601912355951
"PatchTST-SSL(HoW-cond, patch-mask train)",Hog_office_Lavon,125,Hog,spike,2,2651.549822779352,2211.4879578899745,2211.4879578899745,2093.186348643772
"PatchTST-SSL(HoW-cond, patch-mask train)",Hog_office_Merilyn,125,Hog,schedule,3,182.75521306496756,699.8574835542579,518.9103322724277,295.0756628028848
"PatchTST-SSL(HoW-cond, patch-mask train)",Hog_office_Merilyn,125,Hog,drift,2,1169.519183928402,1152.0259463693744,1126.804658775584,848.4395808058446
"PatchTST-SSL(HoW-cond, patch-mask train)",Hog_office_Merilyn,125,Hog,spike,3,68.9364713067383,55.73522329217046,41.23701675110837,51.51874599267699
"PatchTST-SSL(HoW-cond, patch-mask train)",Hog_office_Merilyn,125,Hog,drift,3,4985.299664411465,2576.913797240166,2237.215562570715,2070.9365213009496
"PatchTST-SSL(HoW-cond, patch-mask train)",Hog_office_Merilyn,125,Hog,drift,1,835.1560058605207,1865.7626242728113,1742.6135392990554,1359.7853483335948
"PatchTST-SSL(HoW-cond, patch-mask train)",Hog_office_Merilyn,125,Hog,spike,3,84.91700938866047,79.7775780252297,79.7775780252297,77.66933937548296
"PatchTST-SSL(HoW-cond, patch-mask train)",Hog_office_Miriam,125,Hog,schedule,3,579.523393038525,169.72813525556143,-139.45418990657294,0.0
"PatchTST-SSL(HoW-cond, patch-mask train)",Hog_office_Miriam,125,Hog,spike,3,157.02585229495435,151.45947876488856,147.17616221337073,139.76886070508024
"PatchTST-SSL(HoW-cond, patch-mask train)",Hog_office_Miriam,125,Hog,spike,1,62.78051802257753,52.43871194168935,34.46426155482559,40.748093881881026
"PatchTST-SSL(HoW-cond, patch-mask train)",Hog_office_Miriam,125,Hog,schedule,3,157.6681316218665,309.07709988296074,228.32320704317297,84.61723313464088
"PatchTST-SSL(HoW-cond, patch-mask train)",Hog_office_Miriam,125,Hog,spike,2,44.26055572448596,39.59470691877717,35.62344454444383,34.91845969485384
"PatchTST-SSL(HoW-cond, patch-mask train)",Hog_office_Miriam,125,Hog,schedule,2,28.056166232973396,291.5094950424399,-522.8503230698174,0.0
"PatchTST-SSL(HoW-cond, patch-mask train)",Hog_office_Napoleon,125,Hog,drift,2,4716.952247147733,3882.751153251138,3189.5314787586935,2099.382827411007
"PatchTST-SSL(HoW-cond, patch-mask train)",Hog_office_Napoleon,125,Hog,spike,1,137.95448590699337,114.39124420779363,91.46998865165595,89.62223968223626
"PatchTST-SSL(HoW-cond, patch-mask train)",Hog_office_Napoleon,125,Hog,schedule,3,1082.6103935191493,2542.177410720512,1331.4683513869438,461.58103057369226
"PatchTST-SSL(HoW-cond, patch-mask train)",Hog_office_Napoleon,125,Hog,spike,3,273.71167561006234,322.0130178985545,322.0130178985545,309.6285156357758
"PatchTST-SSL(HoW-cond, patch-mask train)",Hog_office_Napoleon,125,Hog,spike,3,412.9367145410827,408.766303629697,396.0446418221955,371.61279684136093
"PatchTST-SSL(HoW-cond, patch-mask train)",Hog_office_Napoleon,125,Hog,spike,1,120.95556051409784,113.51793767349416,110.73000723442934,88.74893314793677
"PatchTST-SSL(HoW-cond, patch-mask train)",Hog_office_Shawna,125,Hog,spike,1,313.6379115139518,311.5817479214873,239.18159273060172,253.62640548684027
"PatchTST-SSL(HoW-cond, patch-mask train)",Hog_office_Shawna,125,Hog,schedule,1,16.141511134777772,3632.894231502687,-196.59227021219357,155.5736854238644
"PatchTST-SSL(HoW-cond, patch-mask train)",Hog_office_Shawna,125,Hog,spike,2,683.8372554129211,609.7508866492722,563.812271533454,522.8178729973016
"PatchTST-SSL(HoW-cond, patch-mask train)",Hog_office_Shawna,125,Hog,schedule,3,3559.624181799263,3796.243273468029,2895.443409297234,318.92272738920656
"PatchTST-SSL(HoW-cond, patch-mask train)",Hog_office_Shawna,125,Hog,schedule,2,2117.593778393931,4417.332359914914,1854.0032483332584,244.54770462032775
"PatchTST-SSL(HoW-cond, patch-mask train)",Hog_office_Shawna,125,Hog,spike,1,454.5232692677954,256.5433712978193,174.62899270738689,140.63268642852523
"PatchTST-SSL(HoW-cond, patch-mask train)",Hog_office_Shawnna,125,Hog,schedule,2,2552.153783435699,1325.0912802386256,-11473.177204223626,0.0
"PatchTST-SSL(HoW-cond, patch-mask train)",Hog_office_Shawnna,125,Hog,spike,2,979.2760644445436,950.9152691387984,950.9152691387984,908.4458247673456
"PatchTST-SSL(HoW-cond, patch-mask train)",Hog_office_Shawnna,125,Hog,spike,3,2905.0130249591653,2692.662924197836,2541.9234281497047,2522.785146712025
"PatchTST-SSL(HoW-cond, patch-mask train)",Hog_office_Shawnna,125,Hog,schedule,2,2594.702781314817,0.0,-13476.628491455524,0.0
"PatchTST-SSL(HoW-cond, patch-mask train)",Hog_office_Shawnna,125,Hog,spike,2,1926.5792375601536,2038.084813915334,2038.084813915334,1825.73759205807
"PatchTST-SSL(HoW-cond, patch-mask train)",Hog_office_Shawnna,125,Hog,schedule,3,6193.786109199689,7075.259961153611,-234.3108913067157,0.0
"PatchTST-SSL(HoW-cond, patch-mask train)",Hog_office_Sherrie,125,Hog,spike,1,67.78790463192944,56.62884959457885,54.28717638193234,48.737305650933706
"PatchTST-SSL(HoW-cond, patch-mask train)",Hog_office_Sherrie,125,Hog,drift,2,5893.056392735663,5413.382303369746,4929.805052020398,4182.3014481611035
"PatchTST-SSL(HoW-cond, patch-mask train)",Hog_office_Sherrie,125,Hog,drift,3,4222.303088303819,3158.697149561247,2600.4687192725223,2306.410403647571
"PatchTST-SSL(HoW-cond, patch-mask train)",Hog_office_Sherrie,125,Hog,drift,3,5690.77195280197,3557.760582367262,2952.9236441964113,2610.775309129845
"PatchTST-SSL(HoW-cond, patch-mask train)",Hog_office_Sherrie,125,Hog,drift,2,1160.5145644277036,996.5249371749431,227.5569127256452,333.6352459087509
"PatchTST-SSL(HoW-cond, patch-mask train)",Hog_office_Sherrie,125,Hog,spike,3,200.1296932408524,185.69775799697837,185.69775799697837,181.7519860251558
"PatchTST-SSL(HoW-cond, patch-mask train)",Hog_office_Shon,125,Hog,spike,1,216.7285392605703,189.6169168537594,181.20505230226604,150.74413088959614
"PatchTST-SSL(HoW-cond, patch-mask train)",Hog_office_Shon,125,Hog,drift,2,2000.517973275528,1955.8920665424016,1128.5227290493692,1022.9452034024836
"PatchTST-SSL(HoW-cond, patch-mask train)",Hog_office_Shon,125,Hog,drift,3,21736.11668917782,15743.016624230646,15332.45985210581,13317.354780066858
"PatchTST-SSL(HoW-cond, patch-mask train)",Hog_office_Shon,125,Hog,spike,3,435.00855328869727,343.8142973754958,323.1862043754365,304.94151141133256
"PatchTST-SSL(HoW-cond, patch-mask train)",Hog_office_Shon,125,Hog,spike,2,137.69489830862938,179.46009415733678,179.46009415733678,163.9109797716715
"PatchTST-SSL(HoW-cond, patch-mask train)",Hog_office_Shon,125,Hog,spike,3,215.0601984522419,185.72442246387263,160.7862104217594,170.17530807820734
"PatchTST-SSL(HoW-cond, patch-mask train)",Hog_office_Sydney,125,Hog,drift,1,10090.72902848742,5917.494540137823,4406.721010203975,3919.111512271693
"PatchTST-SSL(HoW-cond, patch-mask train)",Hog_office_Sydney,125,Hog,drift,3,11552.378159444106,10907.40021126817,10839.620349337092,9677.62604027363
"PatchTST-SSL(HoW-cond, patch-mask train)",Hog_office_Sydney,125,Hog,spike,1,107.40101118162318,78.94871062699335,49.587969384059605,66.13856301246688
"PatchTST-SSL(HoW-cond, patch-mask train)",Hog_office_Sydney,125,Hog,drift,1,1436.3776215795922,502.0943466445568,-898.0573101972695,0.0
"PatchTST-SSL(HoW-cond, patch-mask train)",Hog_office_Sydney,125,Hog,spike,1,120.35248606515016,65.67163131218967,36.23869287176392,46.45640989039997
"PatchTST-SSL(HoW-cond, patch-mask train)",Hog_office_Sydney,125,Hog,spike,1,134.44551911738682,96.0584403601336,65.20894490373257,76.84321893834388
"PatchTST-SSL(HoW-cond, patch-mask train)",Hog_office_Valda,125,Hog,drift,1,661.3711408953283,679.9970959973317,-473.1365089031651,0.0
"PatchTST-SSL(HoW-cond, patch-mask train)",Hog_office_Valda,125,Hog,schedule,2,82.79700716384005,0.0,-2133.2077894000427,0.0
"PatchTST-SSL(HoW-cond, patch-mask train)",Hog_office_Valda,125,Hog,spike,2,173.4631733998353,155.4664026552589,148.70817276224437,141.37369783242744
"PatchTST-SSL(HoW-cond, patch-mask train)",Hog_office_Valda,125,Hog,drift,2,2769.782873715905,3198.4087886612724,2974.220096560582,2268.290270354397
"PatchTST-SSL(HoW-cond, patch-mask train)",Hog_office_Valda,125,Hog,spike,1,91.82340690935976,37.77951760576094,12.352252496162972,27.20998898863735
"PatchTST-SSL(HoW-cond, patch-mask train)",Hog_office_Valda,125,Hog,spike,3,143.2802443165958,142.73044169324316,142.73044169324316,139.2072654875353
"PatchTST-SSL(HoW-cond, patch-mask train)",Lamb_education_Armando,125,Lamb,schedule,3,1.1934745829660691,2727.167084902556,1251.5104977060023,1658.1009133016723
"PatchTST-SSL(HoW-cond, patch-mask train)",Lamb_education_Armando,125,Lamb,spike,3,399.74267508277626,391.1361811372106,383.6279293518768,373.3184116105292
"PatchTST-SSL(HoW-cond, patch-mask train)",Lamb_education_Armando,125,Lamb,spike,1,181.88666623841328,169.76294073389832,169.76294073389832,160.85405597055762
"PatchTST-SSL(HoW-cond, patch-mask train)",Lamb_education_Armando,125,Lamb,spike,2,311.1701632346293,255.33461601058332,220.57486900183457,228.60796172056124
"PatchTST-SSL(HoW-cond, patch-mask train)",Lamb_education_Armando,125,Lamb,drift,3,4189.596198085895,7450.050205530186,6730.139866784617,5525.731096648596
"PatchTST-SSL(HoW-cond, patch-mask train)",Lamb_education_Armando,125,Lamb,spike,2,298.4435139285549,258.5106509214744,241.77750869923145,231.7839966314523
"PatchTST-SSL(HoW-cond, patch-mask train)",Lamb_education_Eula,125,Lamb,spike,1,6.690699674565021,5.479593110504042,5.479593110504042,5.067584723537815
"PatchTST-SSL(HoW-cond, patch-mask train)",Lamb_education_Eula,125,Lamb,drift,2,84.1414837512204,253.22884001783575,176.5832105081352,154.34682714594123
"PatchTST-SSL(HoW-cond, patch-mask train)",Lamb_education_Eula,125,Lamb,drift,2,44.64918931234279,21.412577279615448,-100.93735549363169,0.0
"PatchTST-SSL(HoW-cond, patch-mask train)",Lamb_education_Eula,125,Lamb,spike,1,10.101430544618829,9.64166198236195,9.502655507519806,7.99362843449704
"PatchTST-SSL(HoW-cond, patch-mask train)",Lamb_education_Eula,125,Lamb,drift,3,39.955048544124566,132.0770388186948,84.81956095715357,82.63603238274754
"PatchTST-SSL(HoW-cond, patch-mask train)",Lamb_education_Eula,125,Lamb,spike,3,22.257380646063886,28.616868481841024,28.616868481841024,27.380843320942343
"PatchTST-SSL(HoW-cond, patch-mask train)",Lamb_education_Lazaro,125,Lamb,drift,1,199.56667718910816,0.0,-5522.543685204966,0.0
"PatchTST-SSL(HoW-cond, patch-mask train)",Lamb_education_Lazaro,125,Lamb,spike,1,146.2616500912896,116.78522863810508,110.5896856932545,93.52886216638244
"PatchTST-SSL(HoW-cond, patch-mask train)",Lamb_education_Lazaro,125,Lamb,spike,3,445.1755338537366,415.4789780495022,406.078331157433,384.4704894205387
"PatchTST-SSL(HoW-cond, patch-mask train)",Lamb_education_Lazaro,125,Lamb,drift,2,2062.639357213663,6796.942579031878,6119.183852269871,4750.382329520287
"PatchTST-SSL(HoW-cond, patch-mask train)",Lamb_education_Lazaro,125,Lamb,drift,1,416.463144323934,2173.375383569305,-533.3748399426486,684.9679293790571
"PatchTST-SSL(HoW-cond, patch-mask train)",Lamb_education_Lazaro,125,Lamb,drift,1,491.99455646137983,676.74320687717,-4984.850579996553,0.0
"PatchTST-SSL(HoW-cond, patch-mask train)",Lamb_education_Lucas,125,Lamb,drift,2,119.5016707324252,13.493990839105736,-515.207887657712,0.0
"PatchTST-SSL(HoW-cond, patch-mask train)",Lamb_education_Lucas,125,Lamb,spike,2,64.4787362913023,50.627942177194114,47.34723118155517,45.11163163851128
"PatchTST-SSL(HoW-cond, patch-mask train)",Lamb_education_Lucas,125,Lamb,spike,3,60.67999960371594,56.372705870498734,56.372705870498734,54.99362823582803
"PatchTST-SSL(HoW-cond, patch-mask train)",Lamb_education_Lucas,125,Lamb,schedule,3,15.547596446667187,284.46333314785323,69.98817495894514,185.16974345156228
"PatchTST-SSL(HoW-cond, patch-mask train)",Lamb_education_Lucas,125,Lamb,drift,1,204.83694269880996,666.417182509622,65.48655385607826,335.43855018865213
"PatchTST-SSL(HoW-cond, patch-mask train)",Lamb_education_Lucas,125,Lamb,spike,3,123.35494196224936,114.8556113888748,113.10840573204808,107.96022321552124
"PatchTST-SSL(HoW-cond, patch-mask train)",Lamb_education_Mae,125,Lamb,schedule,3,707.7055646019003,352.4402386371938,-3194.978874318806,0.0
"PatchTST-SSL(HoW-cond, patch-mask train)",Lamb_education_Mae,125,Lamb,spike,2,434.5193321882207,277.57554638673196,193.69541725233216,233.64716585570827
"PatchTST-SSL(HoW-cond, patch-mask train)",Lamb_education_Mae,125,Lamb,drift,3,4279.320062963822,6776.15197954295,6191.276375201831,4931.159997239955
"PatchTST-SSL(HoW-cond, patch-mask train)",Lamb_education_Mae,125,Lamb,spike,1,416.061573940696,364.5020211411297,356.1736516499293,309.5915454773501
"PatchTST-SSL(HoW-cond, patch-mask train)",Lamb_education_Mae,125,Lamb,drift,1,877.5414005948726,3082.8876462815465,1939.809089940026,1501.4659471646935
"PatchTST-SSL(HoW-cond, patch-mask train)",Lamb_education_Mae,125,Lamb,drift,2,1987.281236844119,3282.51309734424,2767.5009605057285,1701.0913982273871
"PatchTST-SSL(HoW-cond, patch-mask train)",Lamb_education_Williams,125,Lamb,drift,2,993.7413147792988,2946.011124100717,820.4497607529365,1556.9787941120994
"PatchTST-SSL(HoW-cond, patch-mask train)",Lamb_education_Williams,125,Lamb,spike,1,265.7690347821638,172.8313545066812,142.41664859324942,136.65863757989428
"PatchTST-SSL(HoW-cond, patch-mask train)",Lamb_education_Williams,125,Lamb,spike,2,234.79118643839575,212.791554674002,186.54404027950775,198.3224679032872
"PatchTST-SSL(HoW-cond, patch-mask train)",Lamb_education_Williams,125,Lamb,spike,3,445.97474150476165,403.7620467924123,385.8154263235215,382.05841663634016
"PatchTST-SSL(HoW-cond, patch-mask train)",Lamb_education_Williams,125,Lamb,schedule,3,206.46617688107503,1815.4371549645148,-298.41749371462026,947.2919487216286
"PatchTST-SSL(HoW-cond, patch-mask train)",Lamb_education_Williams,125,Lamb,spike,2,228.2045694366033,251.5552637570597,251.5552637570597,244.3207203717023
"PatchTST-SSL(HoW-cond, patch-mask train)",Lamb_office_Caitlin,125,Lamb,schedule,3,387.3312010228129,0.0,-4091.6930125124018,0.0
"PatchTST-SSL(HoW-cond, patch-mask train)",Lamb_office_Caitlin,125,Lamb,drift,2,1503.7557897394065,0.0,-10756.431288582517,0.0
"PatchTST-SSL(HoW-cond, patch-mask train)",Lamb_office_Caitlin,125,Lamb,drift,3,3186.0441444924627,97.00447549536366,-8004.990792206718,0.0
"PatchTST-SSL(HoW-cond, patch-mask train)",Lamb_office_Caitlin,125,Lamb,drift,2,656.6603062278259,0.0,-7776.007372463598,0.0
"PatchTST-SSL(HoW-cond, patch-mask train)",Lamb_office_Caitlin,125,Lamb,spike,2,275.7887601997688,260.54628201268605,244.04821004447592,243.622990622093
"PatchTST-SSL(HoW-cond, patch-mask train)",Lamb_office_Caitlin,125,Lamb,spike,2,394.2911673996349,297.5000766869311,256.55092863876666,272.1151396010415
"PatchTST-SSL(HoW-cond, patch-mask train)",Lamb_office_Velma,125,Lamb,spike,3,835.24176345517,876.3720161958945,876.3720161958945,807.9233030961612
"PatchTST-SSL(HoW-cond, patch-mask train)",Lamb_office_Velma,125,Lamb,spike,2,488.9701505503433,715.740281988556,715.740281988556,647.2915688888228
"PatchTST-SSL(HoW-cond, patch-mask train)",Lamb_office_Velma,125,Lamb,drift,1,977.7376980269868,2314.6498056921455,1046.124004218576,261.18841270014855
"PatchTST-SSL(HoW-cond, patch-mask train)",Lamb_office_Velma,125,Lamb,drift,2,11288.878643994793,14532.763700005227,13989.697211285771,10015.148635422836
"PatchTST-SSL(HoW-cond, patch-mask train)",Lamb_office_Velma,125,Lamb,spike,2,407.53838309396895,367.91306672792933,352.4510377457309,316.5765319031294
"PatchTST-SSL(HoW-cond, patch-mask train)",Lamb_office_Velma,125,Lamb,spike,2,531.175643613273,430.0469417181488,396.6702551637502,361.5982286184156
"PatchTST-SSL(HoW-cond, patch-mask train)",Rat_retail_Jeffrey,125,Rat,spike,1,274.0071717515276,156.3959078385437,72.9638602398868,126.86288098278084
"PatchTST-SSL(HoW-cond, patch-mask train)",Rat_retail_Jeffrey,125,Rat,drift,2,5848.782780325441,2236.4049022020417,190.7395890654014,464.42329085626966
"PatchTST-SSL(HoW-cond, patch-mask train)",Rat_retail_Jeffrey,125,Rat,spike,2,605.3830290267529,437.31796711525726,373.15351649535495,400.4016835455537
"PatchTST-SSL(HoW-cond, patch-mask train)",Rat_retail_Jeffrey,125,Rat,spike,1,237.823478890623,155.38859627794494,128.75716208719496,125.85556942218209
"PatchTST-SSL(HoW-cond, patch-mask train)",Rat_retail_Jeffrey,125,Rat,spike,3,329.0382503598847,323.2741241473897,323.2741241473897,315.890867433449
"PatchTST-SSL(HoW-cond, patch-mask train)",Rat_retail_Jeffrey,125,Rat,spike,2,448.5396392666252,380.943845608568,357.43378617152064,351.4108187528052
"PatchTST-SSL(HoW-cond, patch-mask train)",Robin_education_Zenia,125,Robin,spike,2,318.0746005878816,592.8610455038774,592.8610455038774,545.9151997237791
"PatchTST-SSL(HoW-cond, patch-mask train)",Robin_education_Zenia,125,Robin,drift,1,7684.58034520667,22400.28807778768,22400.28807778768,19696.20736085401
"PatchTST-SSL(HoW-cond, patch-mask train)",Robin_education_Zenia,125,Robin,spike,1,221.19370506177228,464.8079545703335,464.8079545703335,427.2512779462548
"PatchTST-SSL(HoW-cond, patch-mask train)",Robin_education_Zenia,125,Robin,spike,1,115.38557172702772,359.1974856075446,359.1974856075446,340.41914729550524
"PatchTST-SSL(HoW-cond, patch-mask train)",Robin_education_Zenia,125,Robin,drift,1,7316.344667072699,25248.630774156572,25248.630774156572,22544.550057222903
"PatchTST-SSL(HoW-cond, patch-mask train)",Robin_education_Zenia,125,Robin,spike,2,182.6560142466909,315.85041594834416,315.85041594834416,306.46124679232446
"PatchTST-SSL(HoW-cond, patch-mask train)",Robin_office_Dina,125,Robin,schedule,3,169.6877846016588,1041.4192254267969,238.3406343865982,458.1594783794326
"PatchTST-SSL(HoW-cond, patch-mask train)",Robin_office_Dina,125,Robin,drift,3,2676.149080501228,2436.794919066806,2344.4595091013616,1983.1484491410783
"PatchTST-SSL(HoW-cond, patch-mask train)",Robin_office_Dina,125,Robin,spike,3,109.70001649846564,99.95984997031404,97.11164013181182,91.85902015021176
"PatchTST-SSL(HoW-cond, patch-mask train)",Robin_office_Dina,125,Robin,drift,1,557.1814272127779,777.6769073638777,51.51988240982428,259.2237988773318
"PatchTST-SSL(HoW-cond, patch-mask train)",Robin_office_Dina,125,Robin,spike,1,72.51704449816964,65.03782229699372,60.95557983129638,51.536439263489925
"PatchTST-SSL(HoW-cond, patch-mask train)",Robin_office_Dina,125,Robin,schedule,3,128.57224582658398,575.5722481836278,287.77108686871475,251.5390553795366
"PatchTST-SSL(HoW-cond, patch-mask train)",Robin_office_Sammie,125,Robin,drift,3,18298.902736260905,18443.236316186303,18147.074590218937,16206.7756335226
"PatchTST-SSL(HoW-cond, patch-mask train)",Robin_office_Sammie,125,Robin,schedule,2,18.074637820832336,1608.900665731464,-1232.774022761697,0.0
"PatchTST-SSL(HoW-cond, patch-mask train)",Robin_office_Sammie,125,Robin,spike,3,204.63879598031215,224.1312836331902,224.1312836331902,215.65984165340345
"PatchTST-SSL(HoW-cond, patch-mask train)",Robin_office_Sammie,125,Robin,drift,2,4294.326389896674,3286.2808100499947,2538.601911672718,1863.0785574458196
"PatchTST-SSL(HoW-cond, patch-mask train)",Robin_office_Sammie,125,Robin,drift,2,4966.157305493951,4966.671150206259,4739.382237011543,3340.154290087202
"PatchTST-SSL(HoW-cond, patch-mask train)",Robin_office_Sammie,125,Robin,spike,1,174.44843902348026,308.00374705717775,308.00374705717775,274.1179791380307
"PatchTST-SSL(HoW-cond, patch-mask train)",Shrew_office_Doris,125,Shrew,drift,1,1082.0083293285486,3320.461183521313,2064.7593774867214,1563.255993612437
"PatchTST-SSL(HoW-cond, patch-mask train)",Shrew_office_Doris,125,Shrew,spike,3,461.5699763173361,449.0535939378561,449.0535939378561,434.4102173552821
"PatchTST-SSL(HoW-cond, patch-mask train)",Shrew_office_Doris,125,Shrew,spike,1,241.8652026947672,215.42446742426705,191.20228826104412,186.1377142591191
"PatchTST-SSL(HoW-cond, patch-mask train)",Shrew_office_Doris,125,Shrew,drift,2,18382.782475357173,16595.498758983285,14974.667427212691,12378.20630320198
"PatchTST-SSL(HoW-cond, patch-mask train)",Shrew_office_Doris,125,Shrew,schedule,3,48.69158738777398,807.7685279458351,-208.63200795616984,0.0
"PatchTST-SSL(HoW-cond, patch-mask train)",Shrew_office_Doris,125,Shrew,schedule,3,120.65365213163808,769.7080184952042,-1835.2912075735276,0.0
"PatchTST-SSL(HoW-cond, patch-mask train)",Shrew_office_Ila,125,Shrew,drift,3,4980.057438458025,5600.776871492144,5379.347455424352,4518.665522612611
"PatchTST-SSL(HoW-cond, patch-mask train)",Shrew_office_Ila,125,Shrew,spike,3,466.4077483285107,669.4957452987289,669.4957452987289,642.4429615767406
"PatchTST-SSL(HoW-cond, patch-mask train)",Shrew_office_Ila,125,Shrew,drift,1,3942.6429638529935,5980.305687120073,5308.715345527467,4248.927528912822
"PatchTST-SSL(HoW-cond, patch-mask train)",Shrew_office_Ila,125,Shrew,spike,1,152.98568731421085,125.42679522948518,95.38410083689216,107.39160608149297
"PatchTST-SSL(HoW-cond, patch-mask train)",Shrew_office_Ila,125,Shrew,spike,2,250.3241169224834,238.30841309802253,221.7098347294996,220.2732239500303
"PatchTST-SSL(HoW-cond, patch-mask train)",Shrew_office_Ila,125,Shrew,spike,1,122.0473460947881,101.5985707741428,80.31178825783938,83.5633816261506
"PatchTST-SSL(HoW-cond, patch-mask train)",Shrew_office_Kenneth,125,Shrew,schedule,2,45.06488055035239,0.0,-1371.098682827007,0.0
"PatchTST-SSL(HoW-cond, patch-mask train)",Shrew_office_Kenneth,125,Shrew,schedule,3,223.94966667746283,33.9210924718808,-886.2594336450038,0.0
"PatchTST-SSL(HoW-cond, patch-mask train)",Shrew_office_Kenneth,125,Shrew,spike,1,57.50642214860222,42.80287203811839,29.63065044861121,34.26105747515657
"PatchTST-SSL(HoW-cond, patch-mask train)",Shrew_office_Kenneth,125,Shrew,drift,3,4470.540824718164,3763.637284261903,3606.6750510201746,2738.6195367064847
"PatchTST-SSL(HoW-cond, patch-mask train)",Shrew_office_Kenneth,125,Shrew,spike,1,148.21042491794591,131.116944067952,123.04015010221325,109.76240766054744
"PatchTST-SSL(HoW-cond, patch-mask train)",Shrew_office_Kenneth,125,Shrew,drift,3,2316.4706616493195,780.8424923901601,134.67598121876756,63.33006910136726
"PatchTST-SSL(HoW-cond, patch-mask train)",Shrew_office_Nora,125,Shrew,schedule,3,4514.662713075832,3452.5942944405615,335.8568731453322,0.0
"PatchTST-SSL(HoW-cond, patch-mask train)",Shrew_office_Nora,125,Shrew,spike,1,492.7539341376733,347.32087176664373,347.32087176664373,226.649051884841
"PatchTST-SSL(HoW-cond, patch-mask train)",Shrew_office_Nora,125,Shrew,spike,1,346.1721874953224,443.3502388262319,443.3502388262319,370.9471468971502
"PatchTST-SSL(HoW-cond, patch-mask train)",Shrew_office_Nora,125,Shrew,spike,1,230.5830463599992,277.47851407059454,277.47851407059454,229.20978611787348
"PatchTST-SSL(HoW-cond, patch-mask train)",Shrew_office_Nora,125,Shrew,drift,1,7615.654361754455,9718.650425589582,5411.554036726595,3347.178335830399
"PatchTST-SSL(HoW-cond, patch-mask train)",Shrew_office_Nora,125,Shrew,spike,2,936.2217800892316,993.7524863963172,993.7524863963172,873.0806665145146
"PatchTST-SSL(HoW-cond, patch-mask train)",Shrew_office_Sherill,125,Shrew,spike,1,866.5897262353003,581.6240847763265,477.1922498926283,458.7582049360583
"PatchTST-SSL(HoW-cond, patch-mask train)",Shrew_office_Sherill,125,Shrew,drift,3,29783.352961436343,26672.449867405223,25103.285996607676,20037.692356030737
"PatchTST-SSL(HoW-cond, patch-mask train)",Shrew_office_Sherill,125,Shrew,spike,2,856.8929742368821,711.3004970746804,634.9760526642011,619.1510871944791
"PatchTST-SSL(HoW-cond, patch-mask train)",Shrew_office_Sherill,125,Shrew,spike,3,1071.2140890613475,1027.667755367056,994.9267793476556,966.234815446922
"PatchTST-SSL(HoW-cond, patch-mask train)",Shrew_office_Sherill,125,Shrew,spike,3,2463.4614158129157,2211.0316049833277,2208.5480780202847,2057.4492551829926
"PatchTST-SSL(HoW-cond, patch-mask train)",Shrew_office_Sherill,125,Shrew,drift,1,6998.702088032382,8161.481061267023,1777.45764503104,2263.9188289341464
"PatchTST-SSL(HoW-cond, patch-mask train)",Wolf_office_Darleen,125,Wolf,drift,2,604.8468589549041,588.7439762053423,-77.8094404721079,0.0
"PatchTST-SSL(HoW-cond, patch-mask train)",Wolf_office_Darleen,125,Wolf,drift,2,809.9907742251621,717.614223221177,65.53348340150917,0.0
"PatchTST-SSL(HoW-cond, patch-mask train)",Wolf_office_Darleen,125,Wolf,spike,1,122.46553220229872,102.22538739863704,89.41740543217946,83.93037352912921
"PatchTST-SSL(HoW-cond, patch-mask train)",Wolf_office_Darleen,125,Wolf,spike,1,108.23648906363294,82.61337903428091,71.574613470428,64.3183651647731
"PatchTST-SSL(HoW-cond, patch-mask train)",Wolf_office_Darleen,125,Wolf,spike,2,163.1594691481757,173.54265425050323,162.6090395688403,155.24764038099542
"PatchTST-SSL(HoW-cond, patch-mask train)",Wolf_office_Darleen,125,Wolf,schedule,3,273.8121535500858,58.35823506734094,-3336.7426590914306,0.0
"PatchTST-SSL(HoW-cond, patch-mask train)",Wolf_retail_Harriett,125,Wolf,schedule,2,142.5025617723444,3136.32372022692,1995.9707409062476,1203.8928107162617
"PatchTST-SSL(HoW-cond, patch-mask train)",Wolf_retail_Harriett,125,Wolf,spike,2,172.0596117916607,148.93326592025355,137.788653558727,122.09394773260551
"PatchTST-SSL(HoW-cond, patch-mask train)",Wolf_retail_Harriett,125,Wolf,spike,3,178.4149864623138,162.93047840184994,157.01396880173374,145.03759961008458
"PatchTST-SSL(HoW-cond, patch-mask train)",Wolf_retail_Harriett,125,Wolf,schedule,3,658.908355179765,1368.8821659408934,786.4905805405192,0.0
"PatchTST-SSL(HoW-cond, patch-mask train)",Wolf_retail_Harriett,125,Wolf,schedule,1,5.625535634244642,1580.8527217426963,205.76398202195253,0.0
"PatchTST-SSL(HoW-cond, patch-mask train)",Wolf_retail_Harriett,125,Wolf,schedule,2,9.462371733532182,1645.1180737399163,907.147250491867,356.83080073281076
"PatchTST-SSL(HoW-cond, patch-mask train)",Wolf_retail_Marcella,125,Wolf,drift,2,742.5704258791877,455.5681976986493,289.3304744466627,136.08509623972776
"PatchTST-SSL(HoW-cond, patch-mask train)",Wolf_retail_Marcella,125,Wolf,spike,2,32.739046582217696,35.14166396225396,35.14166396225396,30.70439866421338
"PatchTST-SSL(HoW-cond, patch-mask train)",Wolf_retail_Marcella,125,Wolf,spike,3,55.581626180626806,50.9667262474918,50.095050003400104,46.52946094945122
"PatchTST-SSL(HoW-cond, patch-mask train)",Wolf_retail_Marcella,125,Wolf,drift,3,366.00807132346256,322.2232518716861,268.0769336626083,162.48170114222532
"PatchTST-SSL(HoW-cond, patch-mask train)",Wolf_retail_Marcella,125,Wolf,schedule,3,26.339615339195092,186.9576220291424,56.04385176355531,53.83966308792509
"PatchTST-SSL(HoW-cond, patch-mask train)",Wolf_retail_Marcella,125,Wolf,spike,1,25.69306637295704,16.748024857730087,12.67444687887346,11.201443235179363
"PatchTST-SSL(HoW-cond, patch-mask train)",Wolf_retail_Toshia,125,Wolf,spike,2,362.2002037670109,311.12508030239314,287.49970223671266,261.43487590558937
"PatchTST-SSL(HoW-cond, patch-mask train)",Wolf_retail_Toshia,125,Wolf,spike,3,937.5253054435932,1345.0589895466396,1345.0589895466396,1278.8053836842346
"PatchTST-SSL(HoW-cond, patch-mask train)",Wolf_retail_Toshia,125,Wolf,drift,2,4174.144085798001,1515.708189228017,-5312.740614711277,0.0
"PatchTST-SSL(HoW-cond, patch-mask train)",Wolf_retail_Toshia,125,Wolf,spike,1,225.5825258936449,181.87718330492936,164.07794901191528,132.18697890812558
"PatchTST-SSL(HoW-cond, patch-mask train)",Wolf_retail_Toshia,125,Wolf,schedule,3,70.7135913640611,1190.5910370980866,-2142.3337583311495,0.0
"PatchTST-SSL(HoW-cond, patch-mask train)",Wolf_retail_Toshia,125,Wolf,drift,2,1585.0846732926336,3710.357715887675,1395.3665114049322,1325.2279048410933
