n_events,tp_events,precision,recall,f1,detection_delay_h,detection_rate,false_alarm_rate,model,building_id,seed,window_h
6,5,0.46875,0.8333333333333334,0.6,15.0,0.8333333333333334,0.016877637130801686,PatchTST-SSL(HoW-cond),Fox_education_Henrietta,123,168
6,4,0.21052631578947367,0.6666666666666666,0.32,48.5,0.6666666666666666,0.02531645569620253,PatchTST-SSL(HoW-cond),Fox_education_Henrietta,123,336
6,4,0.4666666666666667,0.6666666666666666,0.5490196078431373,40.5,0.6666666666666666,0.014240506329113924,PatchTST-SSL(HoW-cond),Fox_education_Henrietta,123,672
6,5,0.5769230769230769,0.8333333333333334,0.6818181818181818,15.0,0.8333333333333334,0.014240506329113924,HOW-profile(HoW-cond),Fox_education_Henrietta,123,168
6,4,0.21052631578947367,0.6666666666666666,0.32,48.75,0.6666666666666666,0.026371308016877638,HOW-profile(HoW-cond),Fox_education_Henrietta,123,336
6,4,0.3333333333333333,0.6666666666666666,0.4444444444444444,48.75,0.6666666666666666,0.019514767932489453,HOW-profile(HoW-cond),Fox_education_Henrietta,123,672
6,3,0.3404255319148936,0.5,0.4050632911392405,52.666666666666664,0.5,0.07521058965102287,PatchTST-SSL(HoW-cond),Fox_retail_Manie,123,168
6,4,0.4,0.6666666666666666,0.5,45.75,0.6666666666666666,0.07701564380264742,PatchTST-SSL(HoW-cond),Fox_retail_Manie,123,336
6,3,0.36363636363636365,0.5,0.4210526315789474,21.666666666666668,0.5,0.06438026474127558,PatchTST-SSL(HoW-cond),Fox_retail_Manie,123,672
6,4,0.3050847457627119,0.6666666666666666,0.4186046511627908,45.5,0.6666666666666666,0.10529482551143202,HOW-profile(HoW-cond),Fox_retail_Manie,123,168
6,5,0.3492063492063492,0.8333333333333334,0.49217002237136465,41.0,0.8333333333333334,0.10288808664259928,HOW-profile(HoW-cond),Fox_retail_Manie,123,336
6,4,0.3220338983050847,0.6666666666666666,0.4342857142857143,17.0,0.6666666666666666,0.09326113116726835,HOW-profile(HoW-cond),Fox_retail_Manie,123,672
6,6,0.6666666666666666,1.0,0.8,44.833333333333336,1.0,0.02178649237472767,PatchTST-SSL(HoW-cond),Hog_education_Bruno,123,168
6,6,0.717948717948718,1.0,0.835820895522388,44.666666666666664,1.0,0.014524328249818447,PatchTST-SSL(HoW-cond),Hog_education_Bruno,123,336
6,6,0.5333333333333333,1.0,0.6956521739130436,48.666666666666664,1.0,0.02832244008714597,PatchTST-SSL(HoW-cond),Hog_education_Bruno,123,672
6,6,0.4473684210526316,1.0,0.6181818181818182,44.833333333333336,1.0,0.029048656499636893,HOW-profile(HoW-cond),Hog_education_Bruno,123,168
6,6,0.4857142857142857,1.0,0.6538461538461539,32.0,1.0,0.026143790849673203,HOW-profile(HoW-cond),Hog_education_Bruno,123,336
6,5,0.46,0.8333333333333334,0.5927835051546392,18.0,0.8333333333333334,0.0457516339869281,HOW-profile(HoW-cond),Hog_education_Bruno,123,672
6,5,0.6666666666666666,0.8333333333333334,0.7407407407407408,29.4,0.8333333333333334,0.01858736059479554,PatchTST-SSL(HoW-cond),Hog_education_Caridad,123,168
6,5,0.8148148148148148,0.8333333333333334,0.8239700374531835,49.4,0.8333333333333334,0.012391573729863693,PatchTST-SSL(HoW-cond),Hog_education_Caridad,123,336
6,6,0.8787878787878788,1.0,0.9354838709677419,41.666666666666664,1.0,0.020446096654275093,PatchTST-SSL(HoW-cond),Hog_education_Caridad,123,672
6,5,0.7419354838709677,0.8333333333333334,0.7849829351535836,46.6,0.8333333333333334,0.014250309789343246,HOW-profile(HoW-cond),Hog_education_Caridad,123,168
6,6,0.8333333333333334,1.0,0.9090909090909091,43.166666666666664,1.0,0.009913258983890954,HOW-profile(HoW-cond),Hog_education_Caridad,123,336
6,6,0.7931034482758621,1.0,0.8846153846153846,40.833333333333336,1.0,0.013630731102850062,HOW-profile(HoW-cond),Hog_education_Caridad,123,672
6,5,0.25806451612903225,0.8333333333333334,0.39408866995073893,37.2,0.8333333333333334,0.0213903743315508,PatchTST-SSL(HoW-cond),Hog_education_Josh,123,168
6,5,0.18518518518518517,0.8333333333333334,0.303030303030303,47.2,0.8333333333333334,0.0196078431372549,PatchTST-SSL(HoW-cond),Hog_education_Josh,123,336
6,4,0.21428571428571427,0.6666666666666666,0.3243243243243243,32.5,0.6666666666666666,0.0225787284610814,PatchTST-SSL(HoW-cond),Hog_education_Josh,123,672
6,3,0.16,0.5,0.24242424242424243,36.333333333333336,0.5,0.023172905525846704,HOW-profile(HoW-cond),Hog_education_Josh,123,168
6,3,0.15789473684210525,0.5,0.23999999999999996,36.333333333333336,0.5,0.015448603683897801,HOW-profile(HoW-cond),Hog_education_Josh,123,336
6,3,0.14285714285714285,0.5,0.22222222222222224,1.6666666666666667,0.5,0.016636957813428402,HOW-profile(HoW-cond),Hog_education_Josh,123,672
6,5,0.6486486486486487,0.8333333333333334,0.729483282674772,7.0,0.8333333333333334,0.015508684863523574,PatchTST-SSL(HoW-cond),Hog_education_Luvenia,123,168
6,4,0.7586206896551724,0.6666666666666666,0.7096774193548386,31.75,0.6666666666666666,0.008684863523573201,PatchTST-SSL(HoW-cond),Hog_education_Luvenia,123,336
6,3,0.95,0.5,0.6551724137931034,12.0,0.5,0.0006203473945409429,PatchTST-SSL(HoW-cond),Hog_education_Luvenia,123,672
6,5,0.5,0.8333333333333334,0.625,6.8,0.8333333333333334,0.017369727047146403,HOW-profile(HoW-cond),Hog_education_Luvenia,123,168
6,4,0.6857142857142857,0.6666666666666666,0.676056338028169,32.25,0.6666666666666666,0.01054590570719603,HOW-profile(HoW-cond),Hog_education_Luvenia,123,336
6,2,0.9,0.3333333333333333,0.48648648648648646,28.0,0.3333333333333333,0.0018610421836228288,HOW-profile(HoW-cond),Hog_education_Luvenia,123,672
6,6,0.6615384615384615,1.0,0.7962962962962964,9.0,1.0,0.022790055248618785,PatchTST-SSL(HoW-cond),Hog_office_Almeda,123,168
6,6,0.7391304347826086,1.0,0.85,28.5,1.0,0.018646408839779006,PatchTST-SSL(HoW-cond),Hog_office_Almeda,123,336
6,5,0.6862745098039216,0.8333333333333334,0.7526881720430109,19.6,0.8333333333333334,0.016574585635359115,PatchTST-SSL(HoW-cond),Hog_office_Almeda,123,672
6,6,0.5616438356164384,1.0,0.7192982456140351,12.833333333333334,1.0,0.03038674033149171,HOW-profile(HoW-cond),Hog_office_Almeda,123,168
6,6,0.6805555555555556,1.0,0.8099173553719008,13.666666666666666,1.0,0.022790055248618785,HOW-profile(HoW-cond),Hog_office_Almeda,123,336
6,5,0.6730769230769231,0.8333333333333334,0.74468085106383,10.2,0.8333333333333334,0.015883977900552487,HOW-profile(HoW-cond),Hog_office_Almeda,123,672
6,6,0.559322033898305,1.0,0.717391304347826,28.333333333333332,1.0,0.028985507246376812,PatchTST-SSL(HoW-cond),Hog_office_Cortney,123,168
6,5,0.6607142857142857,0.8333333333333334,0.7370517928286853,4.0,0.8333333333333334,0.01890359168241966,PatchTST-SSL(HoW-cond),Hog_office_Cortney,123,336
6,5,0.7241379310344828,0.8333333333333334,0.7749077490774907,4.0,0.8333333333333334,0.017643352236925015,PatchTST-SSL(HoW-cond),Hog_office_Cortney,123,672
6,6,0.6274509803921569,1.0,0.7710843373493976,13.833333333333334,1.0,0.020793950850661626,HOW-profile(HoW-cond),Hog_office_Cortney,123,168
6,5,0.6888888888888889,0.8333333333333334,0.7542579075425792,13.8,0.8333333333333334,0.013862633900441084,HOW-profile(HoW-cond),Hog_office_Cortney,123,336
6,5,0.7045454545454546,0.8333333333333334,0.7635467980295566,13.0,0.8333333333333334,0.010081915563957152,HOW-profile(HoW-cond),Hog_office_Cortney,123,672
6,6,0.5294117647058824,1.0,0.6923076923076924,15.166666666666666,1.0,0.021373056994818652,PatchTST-SSL(HoW-cond),Hog_office_Denita,123,168
6,6,0.5217391304347826,1.0,0.6857142857142856,35.833333333333336,1.0,0.019430051813471502,PatchTST-SSL(HoW-cond),Hog_office_Denita,123,336
6,5,0.5,0.8333333333333334,0.625,24.6,0.8333333333333334,0.02072538860103627,PatchTST-SSL(HoW-cond),Hog_office_Denita,123,672
6,6,0.5277777777777778,1.0,0.6909090909090909,52.5,1.0,0.017487046632124352,HOW-profile(HoW-cond),Hog_office_Denita,123,168
6,6,0.5185185185185185,1.0,0.6829268292682926,56.333333333333336,1.0,0.012305699481865285,HOW-profile(HoW-cond),Hog_office_Denita,123,336
6,5,0.4166666666666667,0.8333333333333334,0.5555555555555556,44.0,0.8333333333333334,0.014896373056994818,HOW-profile(HoW-cond),Hog_office_Denita,123,672
6,6,0.6153846153846154,1.0,0.761904761904762,44.833333333333336,1.0,0.02518720217835262,PatchTST-SSL(HoW-cond),Hog_office_Garrett,123,168
6,6,0.6774193548387096,1.0,0.8076923076923077,48.833333333333336,1.0,0.013614703880190605,PatchTST-SSL(HoW-cond),Hog_office_Garrett,123,336
6,4,0.6956521739130435,0.6666666666666666,0.6808510638297872,9.75,0.6666666666666666,0.008849557522123894,PatchTST-SSL(HoW-cond),Hog_office_Garrett,123,672
6,6,0.673469387755102,1.0,0.8048780487804877,22.833333333333332,1.0,0.03471749489448604,HOW-profile(HoW-cond),Hog_office_Garrett,123,168
6,6,0.6086956521739131,1.0,0.7567567567567568,21.0,1.0,0.027910142954390742,HOW-profile(HoW-cond),Hog_office_Garrett,123,336
6,5,0.7666666666666667,0.8333333333333334,0.7986111111111112,6.0,0.8333333333333334,0.0068073519400953025,HOW-profile(HoW-cond),Hog_office_Garrett,123,672
6,6,0.2619047619047619,1.0,0.41509433962264153,1.5,1.0,0.03586723768736617,PatchTST-SSL(HoW-cond),Hog_office_Lavon,123,168
6,6,0.36,1.0,0.5294117647058824,29.5,1.0,0.020342612419700215,PatchTST-SSL(HoW-cond),Hog_office_Lavon,123,336
6,4,0.26666666666666666,0.6666666666666666,0.3809523809523809,1.0,0.6666666666666666,0.01284796573875803,PatchTST-SSL(HoW-cond),Hog_office_Lavon,123,672
6,6,0.3684210526315789,1.0,0.5384615384615384,30.833333333333332,1.0,0.04336188436830835,HOW-profile(HoW-cond),Hog_office_Lavon,123,168
6,6,0.4375,1.0,0.6086956521739131,35.666666666666664,1.0,0.021948608137044967,HOW-profile(HoW-cond),Hog_office_Lavon,123,336
6,4,0.3333333333333333,0.6666666666666666,0.4444444444444444,1.0,0.6666666666666666,0.017130620985010708,HOW-profile(HoW-cond),Hog_office_Lavon,123,672
6,4,0.7272727272727273,0.6666666666666666,0.6956521739130435,24.75,0.6666666666666666,0.0018587360594795538,PatchTST-SSL(HoW-cond),Hog_office_Merilyn,123,168
6,4,0.9230769230769231,0.6666666666666666,0.7741935483870968,31.5,0.6666666666666666,0.0006195786864931846,PatchTST-SSL(HoW-cond),Hog_office_Merilyn,123,336
6,2,0.8571428571428571,0.3333333333333333,0.48,43.0,0.3333333333333333,0.0012391573729863693,PatchTST-SSL(HoW-cond),Hog_office_Merilyn,123,672
6,3,0.6666666666666666,0.5,0.5714285714285715,27.666666666666668,0.5,0.0012391573729863693,HOW-profile(HoW-cond),Hog_office_Merilyn,123,168
6,3,0.7777777777777778,0.5,0.6086956521739131,15.0,0.5,0.0012391573729863693,HOW-profile(HoW-cond),Hog_office_Merilyn,123,336
6,2,0.75,0.3333333333333333,0.46153846153846156,44.5,0.3333333333333333,0.0012391573729863693,HOW-profile(HoW-cond),Hog_office_Merilyn,123,672
6,6,0.4186046511627907,1.0,0.5901639344262295,25.0,1.0,0.02389937106918239,PatchTST-SSL(HoW-cond),Hog_office_Miriam,123,168
6,6,0.5675675675675675,1.0,0.7241379310344828,17.666666666666668,1.0,0.013207547169811321,PatchTST-SSL(HoW-cond),Hog_office_Miriam,123,336
6,5,0.631578947368421,0.8333333333333334,0.718562874251497,33.8,0.8333333333333334,0.011320754716981131,PatchTST-SSL(HoW-cond),Hog_office_Miriam,123,672
6,5,0.48,0.8333333333333334,0.6091370558375634,33.8,0.8333333333333334,0.013836477987421384,HOW-profile(HoW-cond),Hog_office_Miriam,123,168
6,5,0.5,0.8333333333333334,0.625,14.6,0.8333333333333334,0.011949685534591196,HOW-profile(HoW-cond),Hog_office_Miriam,123,336
6,5,0.7586206896551724,0.8333333333333334,0.7942238267148015,38.4,0.8333333333333334,0.005031446540880503,HOW-profile(HoW-cond),Hog_office_Miriam,123,672
6,6,0.7647058823529411,1.0,0.8666666666666666,17.666666666666668,1.0,0.015748031496062992,PatchTST-SSL(HoW-cond),Hog_office_Napoleon,123,168
6,6,0.9655172413793104,1.0,0.9824561403508771,48.666666666666664,1.0,0.0007158196134574087,PatchTST-SSL(HoW-cond),Hog_office_Napoleon,123,336
6,5,0.68,0.8333333333333334,0.748898678414097,30.8,0.8333333333333334,0.00572655690765927,PatchTST-SSL(HoW-cond),Hog_office_Napoleon,123,672
6,6,0.6527777777777778,1.0,0.7899159663865547,12.833333333333334,1.0,0.03221188260558339,HOW-profile(HoW-cond),Hog_office_Napoleon,123,168
6,6,0.9487179487179487,1.0,0.9736842105263158,48.833333333333336,1.0,0.0014316392269148174,HOW-profile(HoW-cond),Hog_office_Napoleon,123,336
6,5,0.675,0.8333333333333334,0.7458563535911604,25.8,0.8333333333333334,0.010737294201861132,HOW-profile(HoW-cond),Hog_office_Napoleon,123,672
6,5,0.5555555555555556,0.8333333333333334,0.6666666666666667,3.8,0.8333333333333334,0.009389671361502348,PatchTST-SSL(HoW-cond),Hog_office_Shawna,123,168
6,4,0.6410256410256411,0.6666666666666666,0.6535947712418301,4.0,0.6666666666666666,0.008802816901408451,PatchTST-SSL(HoW-cond),Hog_office_Shawna,123,336
6,5,0.7966101694915254,0.8333333333333334,0.8145580589254766,3.8,0.8333333333333334,0.008215962441314555,PatchTST-SSL(HoW-cond),Hog_office_Shawna,123,672
6,5,0.5526315789473685,0.8333333333333334,0.6645569620253164,3.8,0.8333333333333334,0.014671361502347418,HOW-profile(HoW-cond),Hog_office_Shawna,123,168
6,5,0.74,0.8333333333333334,0.7838983050847459,3.8,0.8333333333333334,0.01056338028169014,HOW-profile(HoW-cond),Hog_office_Shawna,123,336
6,5,0.6530612244897959,0.8333333333333334,0.7322654462242563,3.6,0.8333333333333334,0.018779342723004695,HOW-profile(HoW-cond),Hog_office_Shawna,123,672
6,6,0.4857142857142857,1.0,0.6538461538461539,4.0,1.0,0.018452380952380953,PatchTST-SSL(HoW-cond),Hog_office_Shawnna,123,168
6,6,0.6896551724137931,1.0,0.8163265306122449,3.8333333333333335,1.0,0.008928571428571428,PatchTST-SSL(HoW-cond),Hog_office_Shawnna,123,336
6,6,0.6538461538461539,1.0,0.7906976744186047,3.8333333333333335,1.0,0.007738095238095238,PatchTST-SSL(HoW-cond),Hog_office_Shawnna,123,672
6,6,0.40350877192982454,1.0,0.575,3.8333333333333335,1.0,0.03988095238095238,HOW-profile(HoW-cond),Hog_office_Shawnna,123,168
6,6,0.38596491228070173,1.0,0.5569620253164557,3.8333333333333335,1.0,0.02976190476190476,HOW-profile(HoW-cond),Hog_office_Shawnna,123,336
6,6,0.4230769230769231,1.0,0.5945945945945945,3.8333333333333335,1.0,0.02619047619047619,HOW-profile(HoW-cond),Hog_office_Shawnna,123,672
6,6,0.56,1.0,0.717948717948718,30.833333333333332,1.0,0.023032629558541268,PatchTST-SSL(HoW-cond),Hog_office_Sherrie,123,168
6,6,0.7857142857142857,1.0,0.88,29.5,1.0,0.006397952655150352,PatchTST-SSL(HoW-cond),Hog_office_Sherrie,123,336
6,6,0.9655172413793104,1.0,0.9824561403508771,39.333333333333336,1.0,0.0006397952655150352,PatchTST-SSL(HoW-cond),Hog_office_Sherrie,123,672
6,6,0.7428571428571429,1.0,0.8524590163934427,24.166666666666668,1.0,0.005758157389635317,HOW-profile(HoW-cond),Hog_office_Sherrie,123,168
6,6,0.8529411764705882,1.0,0.9206349206349206,36.666666666666664,1.0,0.003838771593090211,HOW-profile(HoW-cond),Hog_office_Sherrie,123,336
6,6,0.9259259259259259,1.0,0.9615384615384615,48.0,1.0,0.0012795905310300703,HOW-profile(HoW-cond),Hog_office_Sherrie,123,672
6,6,0.7105263157894737,1.0,0.8307692307692308,49.5,1.0,0.008843537414965987,PatchTST-SSL(HoW-cond),Hog_office_Shon,123,168
6,6,0.918918918918919,1.0,0.9577464788732395,34.5,1.0,0.003401360544217687,PatchTST-SSL(HoW-cond),Hog_office_Shon,123,336
6,6,0.9347826086956522,1.0,0.9662921348314606,16.166666666666668,1.0,0.0027210884353741495,PatchTST-SSL(HoW-cond),Hog_office_Shon,123,672
6,6,0.8,1.0,0.888888888888889,53.166666666666664,1.0,0.006802721088435374,HOW-profile(HoW-cond),Hog_office_Shon,123,168
6,6,0.926829268292683,1.0,0.9620253164556963,25.5,1.0,0.0027210884353741495,HOW-profile(HoW-cond),Hog_office_Shon,123,336
6,6,0.9090909090909091,1.0,0.9523809523809523,24.666666666666668,1.0,0.003401360544217687,HOW-profile(HoW-cond),Hog_office_Shon,123,672
6,6,0.5737704918032787,1.0,0.7291666666666666,18.333333333333332,1.0,0.031108230719377836,PatchTST-SSL(HoW-cond),Hog_office_Sydney,123,168
6,6,0.5,1.0,0.6666666666666666,26.333333333333332,1.0,0.027867790019442645,PatchTST-SSL(HoW-cond),Hog_office_Sydney,123,336
6,5,0.5,0.8333333333333334,0.625,11.4,0.8333333333333334,0.0220349967595593,PatchTST-SSL(HoW-cond),Hog_office_Sydney,123,672
6,6,0.5925925925925926,1.0,0.7441860465116279,14.333333333333334,1.0,0.025275437459494492,HOW-profile(HoW-cond),Hog_office_Sydney,123,168
6,5,0.5142857142857142,0.8333333333333334,0.6360424028268551,41.4,0.8333333333333334,0.014906027219701879,HOW-profile(HoW-cond),Hog_office_Sydney,123,336
6,5,0.5,0.8333333333333334,0.625,6.8,0.8333333333333334,0.016850291639662993,HOW-profile(HoW-cond),Hog_office_Sydney,123,672
6,6,0.2631578947368421,1.0,0.4166666666666667,0.8333333333333334,1.0,0.020633397312859885,PatchTST-SSL(HoW-cond),Hog_office_Valda,123,168
6,6,0.29411764705882354,1.0,0.45454545454545453,0.8333333333333334,1.0,0.02015355086372361,PatchTST-SSL(HoW-cond),Hog_office_Valda,123,336
6,5,0.16666666666666666,0.8333333333333334,0.2777777777777778,1.0,0.8333333333333334,0.022072936660268713,PatchTST-SSL(HoW-cond),Hog_office_Valda,123,672
6,6,0.32142857142857145,1.0,0.4864864864864865,1.0,1.0,0.014875239923224568,HOW-profile(HoW-cond),Hog_office_Valda,123,168
6,6,0.5,1.0,0.6666666666666666,1.0,1.0,0.009117082533589251,HOW-profile(HoW-cond),Hog_office_Valda,123,336
6,5,0.3125,0.8333333333333334,0.45454545454545453,0.8,0.8333333333333334,0.008157389635316698,HOW-profile(HoW-cond),Hog_office_Valda,123,672
6,6,0.4642857142857143,1.0,0.6341463414634146,18.333333333333332,1.0,0.019559902200488997,PatchTST-SSL(HoW-cond),Lamb_education_Armando,123,168
6,5,0.6571428571428571,0.8333333333333334,0.7348242811501599,19.2,0.8333333333333334,0.015281173594132029,PatchTST-SSL(HoW-cond),Lamb_education_Armando,123,336
6,5,0.6176470588235294,0.8333333333333334,0.7094594594594594,19.2,0.8333333333333334,0.015281173594132029,PatchTST-SSL(HoW-cond),Lamb_education_Armando,123,672
6,5,0.3695652173913043,0.8333333333333334,0.5120481927710843,10.0,0.8333333333333334,0.05256723716381418,HOW-profile(HoW-cond),Lamb_education_Armando,123,168
6,5,0.4222222222222222,0.8333333333333334,0.56047197640118,10.0,0.8333333333333334,0.04706601466992665,HOW-profile(HoW-cond),Lamb_education_Armando,123,336
6,5,0.425531914893617,0.8333333333333334,0.5633802816901409,10.2,0.8333333333333334,0.04645476772616137,HOW-profile(HoW-cond),Lamb_education_Armando,123,672
6,6,0.13636363636363635,1.0,0.24000000000000002,0.3333333333333333,1.0,0.028872593950504125,PatchTST-SSL(HoW-cond),Lamb_education_Eula,123,168
6,6,0.13953488372093023,1.0,0.24489795918367346,0.16666666666666666,1.0,0.04170485792850596,PatchTST-SSL(HoW-cond),Lamb_education_Eula,123,336
6,6,0.17142857142857143,1.0,0.2926829268292683,0.16666666666666666,1.0,0.04124656278643447,PatchTST-SSL(HoW-cond),Lamb_education_Eula,123,672
6,6,0.0821917808219178,1.0,0.1518987341772152,0.16666666666666666,1.0,0.06507791017415215,HOW-profile(HoW-cond),Lamb_education_Eula,123,168
6,6,0.08064516129032258,1.0,0.1492537313432836,0.16666666666666666,1.0,0.08020164986251145,HOW-profile(HoW-cond),Lamb_education_Eula,123,336
6,6,0.10204081632653061,1.0,0.1851851851851852,0.16666666666666666,1.0,0.0925756186984418,HOW-profile(HoW-cond),Lamb_education_Eula,123,672
6,5,0.4,0.8333333333333334,0.5405405405405406,32.6,0.8333333333333334,0.0453416149068323,PatchTST-SSL(HoW-cond),Lamb_education_Lazaro,123,168
6,4,0.3333333333333333,0.6666666666666666,0.4444444444444444,34.5,0.6666666666666666,0.03850931677018633,PatchTST-SSL(HoW-cond),Lamb_education_Lazaro,123,336
6,3,0.21428571428571427,0.5,0.3,1.0,0.5,0.02546583850931677,PatchTST-SSL(HoW-cond),Lamb_education_Lazaro,123,672
6,4,0.5625,0.6666666666666666,0.6101694915254238,6.25,0.6666666666666666,0.02298136645962733,HOW-profile(HoW-cond),Lamb_education_Lazaro,123,168
6,3,0.35,0.5,0.4117647058823529,37.666666666666664,0.5,0.040372670807453416,HOW-profile(HoW-cond),Lamb_education_Lazaro,123,336
6,4,0.29411764705882354,0.6666666666666666,0.40816326530612246,38.0,0.6666666666666666,0.021739130434782608,HOW-profile(HoW-cond),Lamb_education_Lazaro,123,672
6,6,0.36538461538461536,1.0,0.5352112676056338,7.666666666666667,1.0,0.023020774845592364,PatchTST-SSL(HoW-cond),Lamb_education_Lucas,123,168
6,6,0.37735849056603776,1.0,0.5479452054794521,7.666666666666667,1.0,0.023020774845592364,PatchTST-SSL(HoW-cond),Lamb_education_Lucas,123,336
6,6,0.41509433962264153,1.0,0.5866666666666668,7.666666666666667,1.0,0.02133632790567097,PatchTST-SSL(HoW-cond),Lamb_education_Lucas,123,672
6,6,0.44871794871794873,1.0,0.6194690265486726,12.0,1.0,0.030881527231892195,HOW-profile(HoW-cond),Lamb_education_Lucas,123,168
6,6,0.4084507042253521,1.0,0.5800000000000001,19.666666666666668,1.0,0.030320044918585063,HOW-profile(HoW-cond),Lamb_education_Lucas,123,336
6,6,0.5352112676056338,1.0,0.6972477064220183,5.166666666666667,1.0,0.02695115103874228,HOW-profile(HoW-cond),Lamb_education_Lucas,123,672
6,5,0.3829787234042553,0.8333333333333334,0.5247813411078718,27.0,0.8333333333333334,0.046494992846924176,PatchTST-SSL(HoW-cond),Lamb_education_Mae,123,168
6,5,0.4807692307692308,0.8333333333333334,0.6097560975609756,26.6,0.8333333333333334,0.044349070100143065,PatchTST-SSL(HoW-cond),Lamb_education_Mae,123,336
6,5,0.5789473684210527,0.8333333333333334,0.6832298136645962,33.6,0.8333333333333334,0.022174535050071532,PatchTST-SSL(HoW-cond),Lamb_education_Mae,123,672
6,6,0.49122807017543857,1.0,0.6588235294117647,38.5,1.0,0.04148783977110158,HOW-profile(HoW-cond),Lamb_education_Mae,123,168
6,6,0.4528301886792453,1.0,0.6233766233766235,42.333333333333336,1.0,0.0407725321888412,HOW-profile(HoW-cond),Lamb_education_Mae,123,336
6,6,0.5272727272727272,1.0,0.6904761904761904,42.333333333333336,1.0,0.04935622317596566,HOW-profile(HoW-cond),Lamb_education_Mae,123,672
6,6,0.22807017543859648,1.0,0.3714285714285714,3.5,1.0,0.04924623115577889,PatchTST-SSL(HoW-cond),Lamb_education_Williams,123,168
6,6,0.2553191489361702,1.0,0.4067796610169491,3.5,1.0,0.03969849246231156,PatchTST-SSL(HoW-cond),Lamb_education_Williams,123,336
6,5,0.28205128205128205,0.8333333333333334,0.421455938697318,3.8,0.8333333333333334,0.034170854271356785,PatchTST-SSL(HoW-cond),Lamb_education_Williams,123,672
6,6,0.27906976744186046,1.0,0.43636363636363634,9.833333333333334,1.0,0.04321608040201005,HOW-profile(HoW-cond),Lamb_education_Williams,123,168
6,6,0.41025641025641024,1.0,0.5818181818181819,6.0,1.0,0.03869346733668342,HOW-profile(HoW-cond),Lamb_education_Williams,123,336
6,5,0.3404255319148936,0.8333333333333334,0.48338368580060426,3.8,0.8333333333333334,0.04673366834170854,HOW-profile(HoW-cond),Lamb_education_Williams,123,672
6,6,0.4444444444444444,1.0,0.6153846153846153,7.0,1.0,0.03329571106094808,PatchTST-SSL(HoW-cond),Lamb_office_Caitlin,123,168
6,5,0.4166666666666667,0.8333333333333334,0.5555555555555556,12.8,0.8333333333333334,0.033860045146726865,PatchTST-SSL(HoW-cond),Lamb_office_Caitlin,123,336
6,4,0.6071428571428571,0.6666666666666666,0.6355140186915887,2.0,0.6666666666666666,0.028216704288939052,PatchTST-SSL(HoW-cond),Lamb_office_Caitlin,123,672
6,5,0.3333333333333333,0.8333333333333334,0.47619047619047616,1.8,0.8333333333333334,0.050790067720090294,HOW-profile(HoW-cond),Lamb_office_Caitlin,123,168
6,4,0.375,0.6666666666666666,0.4800000000000001,1.5,0.6666666666666666,0.06433408577878104,HOW-profile(HoW-cond),Lamb_office_Caitlin,123,336
6,4,0.5714285714285714,0.6666666666666666,0.6153846153846153,1.75,0.6666666666666666,0.0682844243792325,HOW-profile(HoW-cond),Lamb_office_Caitlin,123,672
6,5,0.5142857142857142,0.8333333333333334,0.6360424028268551,21.0,0.8333333333333334,0.02881236823612087,PatchTST-SSL(HoW-cond),Lamb_office_Velma,123,168
6,5,0.7407407407407407,0.8333333333333334,0.7843137254901961,21.4,0.8333333333333334,0.018271257905832748,PatchTST-SSL(HoW-cond),Lamb_office_Velma,123,336
6,4,0.8333333333333334,0.6666666666666666,0.7407407407407408,26.25,0.6666666666666666,0.014757554462403373,PatchTST-SSL(HoW-cond),Lamb_office_Velma,123,672
6,5,0.6521739130434783,0.8333333333333334,0.7317073170731708,14.8,0.8333333333333334,0.04005621925509487,HOW-profile(HoW-cond),Lamb_office_Velma,123,168
6,5,0.7727272727272727,0.8333333333333334,0.8018867924528302,15.2,0.8333333333333334,0.022487702037947997,HOW-profile(HoW-cond),Lamb_office_Velma,123,336
6,4,0.813953488372093,0.6666666666666666,0.7329842931937173,18.5,0.6666666666666666,0.018271257905832748,HOW-profile(HoW-cond),Lamb_office_Velma,123,672
6,4,0.6515151515151515,0.6666666666666666,0.6590038314176245,18.25,0.6666666666666666,0.05088666152659985,PatchTST-SSL(HoW-cond),Rat_retail_Jeffrey,123,168
6,3,0.6909090909090909,0.5,0.5801526717557252,54.666666666666664,0.5,0.029298380878951428,PatchTST-SSL(HoW-cond),Rat_retail_Jeffrey,123,336
6,3,0.8,0.5,0.6153846153846154,52.666666666666664,0.5,0.013107170393215111,PatchTST-SSL(HoW-cond),Rat_retail_Jeffrey,123,672
6,4,0.5945945945945946,0.6666666666666666,0.6285714285714286,28.5,0.6666666666666666,0.1079414032382421,HOW-profile(HoW-cond),Rat_retail_Jeffrey,123,168
6,3,0.6515151515151515,0.5,0.5657894736842106,45.0,0.5,0.07478797224363917,HOW-profile(HoW-cond),Rat_retail_Jeffrey,123,336
6,4,0.8596491228070176,0.6666666666666666,0.7509578544061303,45.75,0.6666666666666666,0.015420200462606014,HOW-profile(HoW-cond),Rat_retail_Jeffrey,123,672
6,4,0.6785714285714286,0.6666666666666666,0.6725663716814159,43.5,0.6666666666666666,0.015961138098542677,PatchTST-SSL(HoW-cond),Robin_education_Zenia,123,168
6,4,0.6865671641791045,0.6666666666666666,0.676470588235294,86.0,0.6666666666666666,0.018736988202637056,PatchTST-SSL(HoW-cond),Robin_education_Zenia,123,336
6,4,0.7037037037037037,0.6666666666666666,0.6846846846846847,85.5,0.6666666666666666,0.01457321304649549,PatchTST-SSL(HoW-cond),Robin_education_Zenia,123,672
6,4,0.6086956521739131,0.6666666666666666,0.6363636363636365,28.75,0.6666666666666666,0.04371963913948647,HOW-profile(HoW-cond),Robin_education_Zenia,123,168
6,4,0.6024096385542169,0.6666666666666666,0.6329113924050633,40.75,0.6666666666666666,0.040249826509368494,HOW-profile(HoW-cond),Robin_education_Zenia,123,336
6,4,0.6172839506172839,0.6666666666666666,0.641025641025641,28.5,0.6666666666666666,0.0395558639833449,HOW-profile(HoW-cond),Robin_education_Zenia,123,672
6,5,0.7333333333333333,0.8333333333333334,0.7801418439716311,15.8,0.8333333333333334,0.011042944785276074,PatchTST-SSL(HoW-cond),Robin_office_Dina,123,168
6,4,0.8301886792452831,0.6666666666666666,0.7394957983193277,19.5,0.6666666666666666,0.007975460122699387,PatchTST-SSL(HoW-cond),Robin_office_Dina,123,336
6,5,0.8245614035087719,0.8333333333333334,0.8289241622574955,15.2,0.8333333333333334,0.0098159509202454,PatchTST-SSL(HoW-cond),Robin_office_Dina,123,672
6,5,0.5166666666666667,0.8333333333333334,0.6378600823045268,14.6,0.8333333333333334,0.026993865030674847,HOW-profile(HoW-cond),Robin_office_Dina,123,168
6,4,0.6833333333333333,0.6666666666666666,0.6748971193415637,20.0,0.6666666666666666,0.015337423312883436,HOW-profile(HoW-cond),Robin_office_Dina,123,336
6,5,0.7692307692307693,0.8333333333333334,0.8,11.2,0.8333333333333334,0.014723926380368098,HOW-profile(HoW-cond),Robin_office_Dina,123,672
6,6,0.5666666666666667,1.0,0.7234042553191489,56.5,1.0,0.010752688172043012,PatchTST-SSL(HoW-cond),Robin_office_Sammie,123,168
6,5,0.5714285714285714,0.8333333333333334,0.6779661016949152,75.2,0.8333333333333334,0.004301075268817204,PatchTST-SSL(HoW-cond),Robin_office_Sammie,123,336
6,4,0.4166666666666667,0.6666666666666666,0.5128205128205129,57.75,0.6666666666666666,0.005734767025089606,PatchTST-SSL(HoW-cond),Robin_office_Sammie,123,672
6,6,0.5909090909090909,1.0,0.7428571428571429,54.0,1.0,0.017204301075268817,HOW-profile(HoW-cond),Robin_office_Sammie,123,168
6,5,0.43243243243243246,0.8333333333333334,0.5693950177935942,59.2,0.8333333333333334,0.01935483870967742,HOW-profile(HoW-cond),Robin_office_Sammie,123,336
6,4,0.34615384615384615,0.6666666666666666,0.45569620253164556,33.75,0.6666666666666666,0.01863799283154122,HOW-profile(HoW-cond),Robin_office_Sammie,123,672
6,5,0.7,0.8333333333333334,0.7608695652173915,35.2,0.8333333333333334,0.008152173913043478,PatchTST-SSL(HoW-cond),Shrew_office_Doris,123,168
6,4,0.7,0.6666666666666666,0.6829268292682926,15.75,0.6666666666666666,0.009510869565217392,PatchTST-SSL(HoW-cond),Shrew_office_Doris,123,336
6,3,0.9,0.5,0.6428571428571429,30.0,0.5,0.0020380434782608695,PatchTST-SSL(HoW-cond),Shrew_office_Doris,123,672
6,6,0.45714285714285713,1.0,0.6274509803921569,52.333333333333336,1.0,0.02309782608695652,HOW-profile(HoW-cond),Shrew_office_Doris,123,168
6,5,0.5833333333333334,0.8333333333333334,0.6862745098039216,26.0,0.8333333333333334,0.018342391304347828,HOW-profile(HoW-cond),Shrew_office_Doris,123,336
6,3,0.7692307692307693,0.5,0.6060606060606061,30.0,0.5,0.0033967391304347825,HOW-profile(HoW-cond),Shrew_office_Doris,123,672
6,6,0.8714285714285714,1.0,0.9312977099236641,37.0,1.0,0.012855831037649219,PatchTST-SSL(HoW-cond),Shrew_office_Ila,123,168
6,5,0.9772727272727273,0.8333333333333334,0.8995815899581591,20.0,0.8333333333333334,0.0027548209366391185,PatchTST-SSL(HoW-cond),Shrew_office_Ila,123,336
6,5,0.9487179487179487,0.8333333333333334,0.8872901678657075,40.8,0.8333333333333334,0.0036730945821854912,PatchTST-SSL(HoW-cond),Shrew_office_Ila,123,672
6,6,0.863013698630137,1.0,0.9264705882352942,41.0,1.0,0.013774104683195593,HOW-profile(HoW-cond),Shrew_office_Ila,123,168
6,4,0.9354838709677419,0.6666666666666666,0.7785234899328858,42.25,0.6666666666666666,0.0018365472910927456,HOW-profile(HoW-cond),Shrew_office_Ila,123,336
6,4,0.8888888888888888,0.6666666666666666,0.761904761904762,44.25,0.6666666666666666,0.0027548209366391185,HOW-profile(HoW-cond),Shrew_office_Ila,123,672
6,6,0.8717948717948718,1.0,0.9315068493150686,19.0,1.0,0.0056457304163726185,PatchTST-SSL(HoW-cond),Shrew_office_Kenneth,123,168
6,6,0.9310344827586207,1.0,0.9642857142857143,14.166666666666666,1.0,0.004940014114326041,PatchTST-SSL(HoW-cond),Shrew_office_Kenneth,123,336
6,6,0.9344262295081968,1.0,0.9661016949152543,12.333333333333334,1.0,0.0028228652081863093,PatchTST-SSL(HoW-cond),Shrew_office_Kenneth,123,672
6,6,0.8275862068965517,1.0,0.9056603773584906,9.166666666666666,1.0,0.021877205363443897,HOW-profile(HoW-cond),Shrew_office_Kenneth,123,168
6,6,0.8983050847457628,1.0,0.9464285714285715,13.666666666666666,1.0,0.014820042342978124,HOW-profile(HoW-cond),Shrew_office_Kenneth,123,336
6,6,0.9074074074074074,1.0,0.9514563106796117,11.833333333333334,1.0,0.01058574453069866,HOW-profile(HoW-cond),Shrew_office_Kenneth,123,672
6,6,0.6,1.0,0.7499999999999999,6.333333333333333,1.0,0.00824317362184441,PatchTST-SSL(HoW-cond),Shrew_office_Nora,123,168
6,6,0.5151515151515151,1.0,0.6799999999999999,6.166666666666667,1.0,0.00927357032457496,PatchTST-SSL(HoW-cond),Shrew_office_Nora,123,336
6,5,0.5,0.8333333333333334,0.625,10.2,0.8333333333333334,0.006697578567748583,PatchTST-SSL(HoW-cond),Shrew_office_Nora,123,672
6,6,0.3275862068965517,1.0,0.49350649350649356,0.6666666666666666,1.0,0.02627511591962906,HOW-profile(HoW-cond),Shrew_office_Nora,123,168
6,6,0.34375,1.0,0.5116279069767442,0.6666666666666666,1.0,0.027820710973724884,HOW-profile(HoW-cond),Shrew_office_Nora,123,336
6,5,0.2777777777777778,0.8333333333333334,0.4166666666666667,0.8,0.8333333333333334,0.02575991756826378,HOW-profile(HoW-cond),Shrew_office_Nora,123,672
6,5,0.5675675675675675,0.8333333333333334,0.67524115755627,9.0,0.8333333333333334,0.012888107791446984,PatchTST-SSL(HoW-cond),Shrew_office_Sherill,123,168
6,5,0.696969696969697,0.8333333333333334,0.7590759075907592,10.2,0.8333333333333334,0.008787346221441126,PatchTST-SSL(HoW-cond),Shrew_office_Sherill,123,336
6,5,0.5454545454545454,0.8333333333333334,0.6593406593406592,33.8,0.8333333333333334,0.012888107791446984,PatchTST-SSL(HoW-cond),Shrew_office_Sherill,123,672
6,5,0.5897435897435898,0.8333333333333334,0.6906906906906907,5.6,0.8333333333333334,0.014059753954305799,HOW-profile(HoW-cond),Shrew_office_Sherill,123,168
6,5,0.5428571428571428,0.8333333333333334,0.657439446366782,7.2,0.8333333333333334,0.014059753954305799,HOW-profile(HoW-cond),Shrew_office_Sherill,123,336
6,5,0.47058823529411764,0.8333333333333334,0.6015037593984962,8.6,0.8333333333333334,0.016403046280023433,HOW-profile(HoW-cond),Shrew_office_Sherill,123,672
6,6,0.8918918918918919,1.0,0.9428571428571428,47.0,1.0,0.017605633802816902,PatchTST-SSL(HoW-cond),Wolf_office_Darleen,123,168
6,5,0.9210526315789473,0.8333333333333334,0.875,36.8,0.8333333333333334,0.020246478873239437,PatchTST-SSL(HoW-cond),Wolf_office_Darleen,123,336
6,4,0.8378378378378378,0.6666666666666666,0.7425149700598802,23.5,0.6666666666666666,0.023767605633802816,PatchTST-SSL(HoW-cond),Wolf_office_Darleen,123,672
6,6,0.7962962962962963,1.0,0.8865979381443299,37.166666666666664,1.0,0.029049295774647887,HOW-profile(HoW-cond),Wolf_office_Darleen,123,168
6,6,0.8260869565217391,1.0,0.9047619047619047,64.33333333333333,1.0,0.02112676056338028,HOW-profile(HoW-cond),Wolf_office_Darleen,123,336
6,5,0.8478260869565217,0.8333333333333334,0.8405172413793104,72.2,0.8333333333333334,0.03169014084507042,HOW-profile(HoW-cond),Wolf_office_Darleen,123,672
6,5,0.5,0.8333333333333334,0.625,26.8,0.8333333333333334,0.019450033534540577,PatchTST-SSL(HoW-cond),Wolf_retail_Harriett,123,168
6,5,0.5151515151515151,0.8333333333333334,0.6367041198501872,45.0,0.8333333333333334,0.014755197853789403,PatchTST-SSL(HoW-cond),Wolf_retail_Harriett,123,336
6,2,0.5384615384615384,0.3333333333333333,0.41176470588235287,1.5,0.3333333333333333,0.012743125419181758,PatchTST-SSL(HoW-cond),Wolf_retail_Harriett,123,672
6,5,0.4126984126984127,0.8333333333333334,0.5520169851380042,39.2,0.8333333333333334,0.034875922199865864,HOW-profile(HoW-cond),Wolf_retail_Harriett,123,168
6,4,0.3620689655172414,0.6666666666666666,0.4692737430167597,15.25,0.6666666666666666,0.03286384976525822,HOW-profile(HoW-cond),Wolf_retail_Harriett,123,336
6,4,0.4166666666666667,0.6666666666666666,0.5128205128205129,36.0,0.6666666666666666,0.031522468142186455,HOW-profile(HoW-cond),Wolf_retail_Harriett,123,672
6,6,0.625,1.0,0.7692307692307693,10.0,1.0,0.015194147439504783,PatchTST-SSL(HoW-cond),Wolf_retail_Marcella,123,168
6,6,0.6756756756756757,1.0,0.8064516129032258,10.166666666666666,1.0,0.018570624648283626,PatchTST-SSL(HoW-cond),Wolf_retail_Marcella,123,336
6,4,0.6097560975609756,0.6666666666666666,0.6369426751592356,11.75,0.6666666666666666,0.015756893640967922,PatchTST-SSL(HoW-cond),Wolf_retail_Marcella,123,672
6,6,0.3333333333333333,1.0,0.5,6.666666666666667,1.0,0.04558244231851435,HOW-profile(HoW-cond),Wolf_retail_Marcella,123,168
6,6,0.48936170212765956,1.0,0.6571428571428571,6.666666666666667,1.0,0.04164321890827237,HOW-profile(HoW-cond),Wolf_retail_Marcella,123,336
6,5,0.5454545454545454,0.8333333333333334,0.6593406593406592,34.0,0.8333333333333334,0.023072594259988744,HOW-profile(HoW-cond),Wolf_retail_Marcella,123,672
6,4,0.12121212121212122,0.6666666666666666,0.20512820512820512,1.25,0.6666666666666666,0.028645833333333332,PatchTST-SSL(HoW-cond),Wolf_retail_Toshia,123,168
6,4,0.125,0.6666666666666666,0.21052631578947367,1.25,0.6666666666666666,0.0296875,PatchTST-SSL(HoW-cond),Wolf_retail_Toshia,123,336
6,4,0.12903225806451613,0.6666666666666666,0.2162162162162162,1.25,0.6666666666666666,0.028645833333333332,PatchTST-SSL(HoW-cond),Wolf_retail_Toshia,123,672
6,5,0.14705882352941177,0.8333333333333334,0.25,2.0,0.8333333333333334,0.053125,HOW-profile(HoW-cond),Wolf_retail_Toshia,123,168
6,5,0.1724137931034483,0.8333333333333334,0.28571428571428575,1.8,0.8333333333333334,0.04583333333333333,HOW-profile(HoW-cond),Wolf_retail_Toshia,123,336
6,4,0.14814814814814814,0.6666666666666666,0.24242424242424243,1.25,0.6666666666666666,0.04010416666666667,HOW-profile(HoW-cond),Wolf_retail_Toshia,123,672
6,5,0.6842105263157895,0.8333333333333334,0.7514450867052023,10.6,0.8333333333333334,0.0055079559363525096,PatchTST-SSL(HoW-cond),Fox_education_Henrietta,124,168
6,5,0.75,0.8333333333333334,0.7894736842105262,47.2,0.8333333333333334,0.0030599755201958386,PatchTST-SSL(HoW-cond),Fox_education_Henrietta,124,336
6,4,0.6153846153846154,0.6666666666666666,0.64,24.0,0.6666666666666666,0.008567931456548347,PatchTST-SSL(HoW-cond),Fox_education_Henrietta,124,672
6,5,0.7222222222222222,0.8333333333333334,0.7738095238095238,24.6,0.8333333333333334,0.006119951040391677,HOW-profile(HoW-cond),Fox_education_Henrietta,124,168
6,5,0.7894736842105263,0.8333333333333334,0.8108108108108109,29.4,0.8333333333333334,0.01040391676866585,HOW-profile(HoW-cond),Fox_education_Henrietta,124,336
6,4,0.6875,0.6666666666666666,0.676923076923077,1.0,0.6666666666666666,0.011015911872705019,HOW-profile(HoW-cond),Fox_education_Henrietta,124,672
6,6,0.3684210526315789,1.0,0.5384615384615384,19.666666666666668,1.0,0.07692307692307693,PatchTST-SSL(HoW-cond),Fox_retail_Manie,124,168
6,6,0.35,1.0,0.5185185185185185,19.5,1.0,0.07634470792365529,PatchTST-SSL(HoW-cond),Fox_retail_Manie,124,336
6,6,0.45454545454545453,1.0,0.625,19.5,1.0,0.05320994794679005,PatchTST-SSL(HoW-cond),Fox_retail_Manie,124,672
6,6,0.3442622950819672,1.0,0.5121951219512195,4.666666666666667,1.0,0.10410641989589357,HOW-profile(HoW-cond),Fox_retail_Manie,124,168
6,6,0.4166666666666667,1.0,0.5882352941176471,4.666666666666667,1.0,0.10179294389820706,HOW-profile(HoW-cond),Fox_retail_Manie,124,336
6,6,0.46551724137931033,1.0,0.6352941176470588,4.666666666666667,1.0,0.08097165991902834,HOW-profile(HoW-cond),Fox_retail_Manie,124,672
6,6,0.6382978723404256,1.0,0.7792207792207793,36.333333333333336,1.0,0.023340627279358133,PatchTST-SSL(HoW-cond),Hog_education_Bruno,124,168
6,4,0.7727272727272727,0.6666666666666666,0.7157894736842105,51.25,0.6666666666666666,0.006564551422319475,PatchTST-SSL(HoW-cond),Hog_education_Bruno,124,336
6,5,0.84375,0.8333333333333334,0.8385093167701863,37.2,0.8333333333333334,0.005105762217359592,PatchTST-SSL(HoW-cond),Hog_education_Bruno,124,672
6,5,0.7297297297297297,0.8333333333333334,0.7780979827089337,42.8,0.8333333333333334,0.011670313639679067,HOW-profile(HoW-cond),Hog_education_Bruno,124,168
6,3,0.9333333333333333,0.5,0.6511627906976745,50.666666666666664,0.5,0.0007293946024799417,HOW-profile(HoW-cond),Hog_education_Bruno,124,336
6,4,0.84375,0.6666666666666666,0.7448275862068966,41.75,0.6666666666666666,0.0036469730123997084,HOW-profile(HoW-cond),Hog_education_Bruno,124,672
6,3,0.16666666666666666,0.5,0.25,18.0,0.5,0.03591331269349845,PatchTST-SSL(HoW-cond),Hog_education_Caridad,124,168
6,2,0.2222222222222222,0.3333333333333333,0.26666666666666666,27.0,0.3333333333333333,0.03281733746130031,PatchTST-SSL(HoW-cond),Hog_education_Caridad,124,336
6,2,0.2857142857142857,0.3333333333333333,0.30769230769230765,3.5,0.3333333333333333,0.027244582043343655,PatchTST-SSL(HoW-cond),Hog_education_Caridad,124,672
6,4,0.5,0.6666666666666666,0.5714285714285715,44.25,0.6666666666666666,0.022910216718266253,HOW-profile(HoW-cond),Hog_education_Caridad,124,168
6,3,0.5714285714285714,0.5,0.5333333333333333,59.0,0.5,0.021052631578947368,HOW-profile(HoW-cond),Hog_education_Caridad,124,336
6,2,0.42857142857142855,0.3333333333333333,0.375,27.5,0.3333333333333333,0.021671826625386997,HOW-profile(HoW-cond),Hog_education_Caridad,124,672
6,5,0.43902439024390244,0.8333333333333334,0.5750798722044728,7.8,0.8333333333333334,0.019664545980335454,PatchTST-SSL(HoW-cond),Hog_education_Josh,124,168
6,4,0.6136363636363636,0.6666666666666666,0.6390532544378698,9.25,0.6666666666666666,0.014459224985540775,PatchTST-SSL(HoW-cond),Hog_education_Josh,124,336
6,4,0.5641025641025641,0.6666666666666666,0.611111111111111,9.25,0.6666666666666666,0.01735106998264893,PatchTST-SSL(HoW-cond),Hog_education_Josh,124,672
6,5,0.40476190476190477,0.8333333333333334,0.5448717948717949,10.0,0.8333333333333334,0.02313475997686524,HOW-profile(HoW-cond),Hog_education_Josh,124,168
6,5,0.5609756097560976,0.8333333333333334,0.6705539358600583,10.4,0.8333333333333334,0.017929438982070563,HOW-profile(HoW-cond),Hog_education_Josh,124,336
6,5,0.5952380952380952,0.8333333333333334,0.6944444444444444,8.6,0.8333333333333334,0.017929438982070563,HOW-profile(HoW-cond),Hog_education_Josh,124,672
6,3,0.6071428571428571,0.5,0.5483870967741935,26.0,0.5,0.01953125,PatchTST-SSL(HoW-cond),Hog_education_Luvenia,124,168
6,3,0.6842105263157895,0.5,0.5777777777777778,43.333333333333336,0.5,0.0171875,PatchTST-SSL(HoW-cond),Hog_education_Luvenia,124,336
6,4,0.6923076923076923,0.6666666666666666,0.6792452830188679,50.0,0.6666666666666666,0.01328125,PatchTST-SSL(HoW-cond),Hog_education_Luvenia,124,672
6,4,0.5263157894736842,0.6666666666666666,0.5882352941176471,42.75,0.6666666666666666,0.03046875,HOW-profile(HoW-cond),Hog_education_Luvenia,124,168
6,3,0.6111111111111112,0.5,0.55,28.0,0.5,0.02734375,HOW-profile(HoW-cond),Hog_education_Luvenia,124,336
6,4,0.6666666666666666,0.6666666666666666,0.6666666666666666,48.5,0.6666666666666666,0.01875,HOW-profile(HoW-cond),Hog_education_Luvenia,124,672
6,6,0.32608695652173914,1.0,0.4918032786885246,14.833333333333334,1.0,0.038555691554467565,PatchTST-SSL(HoW-cond),Hog_office_Almeda,124,168
6,6,0.4318181818181818,1.0,0.6031746031746031,14.833333333333334,1.0,0.03427172582619339,PatchTST-SSL(HoW-cond),Hog_office_Almeda,124,336
6,6,0.5142857142857142,1.0,0.6792452830188679,14.833333333333334,1.0,0.0208078335373317,PatchTST-SSL(HoW-cond),Hog_office_Almeda,124,672
6,6,0.3275862068965517,1.0,0.49350649350649356,14.833333333333334,1.0,0.04773561811505508,HOW-profile(HoW-cond),Hog_office_Almeda,124,168
6,6,0.37037037037037035,1.0,0.5405405405405406,14.833333333333334,1.0,0.04039167686658507,HOW-profile(HoW-cond),Hog_office_Almeda,124,336
6,6,0.43478260869565216,1.0,0.6060606060606061,14.833333333333334,1.0,0.025703794369645042,HOW-profile(HoW-cond),Hog_office_Almeda,124,672
6,5,0.1388888888888889,0.8333333333333334,0.2380952380952381,0.8,0.8333333333333334,0.022804463852498787,PatchTST-SSL(HoW-cond),Hog_office_Cortney,124,168
6,5,0.19230769230769232,0.8333333333333334,0.3125,0.8,0.8333333333333334,0.013585638039786511,PatchTST-SSL(HoW-cond),Hog_office_Cortney,124,336
6,4,0.11764705882352941,0.6666666666666666,0.2,0.75,0.6666666666666666,0.020863658418243572,PatchTST-SSL(HoW-cond),Hog_office_Cortney,124,672
6,6,0.1590909090909091,1.0,0.2745098039215686,1.1666666666666667,1.0,0.029597282872392043,HOW-profile(HoW-cond),Hog_office_Cortney,124,168
6,6,0.175,1.0,0.2978723404255319,1.1666666666666667,1.0,0.024260067928190198,HOW-profile(HoW-cond),Hog_office_Cortney,124,336
6,5,0.16216216216216217,0.8333333333333334,0.27149321266968324,1.2,0.8333333333333334,0.021348859776807377,HOW-profile(HoW-cond),Hog_office_Cortney,124,672
6,5,0.46,0.8333333333333334,0.5927835051546392,38.2,0.8333333333333334,0.030347890451517395,PatchTST-SSL(HoW-cond),Hog_office_Denita,124,168
6,4,0.4418604651162791,0.6666666666666666,0.5314685314685315,52.0,0.6666666666666666,0.037009622501850484,PatchTST-SSL(HoW-cond),Hog_office_Denita,124,336
6,4,0.375,0.6666666666666666,0.4800000000000001,46.75,0.6666666666666666,0.028867505551443375,PatchTST-SSL(HoW-cond),Hog_office_Denita,124,672
6,5,0.627906976744186,0.8333333333333334,0.7161803713527852,48.0,0.8333333333333334,0.023686158401184307,HOW-profile(HoW-cond),Hog_office_Denita,124,168
6,4,0.7307692307692307,0.6666666666666666,0.6972477064220183,53.25,0.6666666666666666,0.010362694300518135,HOW-profile(HoW-cond),Hog_office_Denita,124,336
6,4,0.8387096774193549,0.6666666666666666,0.7428571428571428,53.5,0.6666666666666666,0.008142116950407105,HOW-profile(HoW-cond),Hog_office_Denita,124,672
6,6,0.6363636363636364,1.0,0.7777777777777778,18.166666666666668,1.0,0.03202328966521106,PatchTST-SSL(HoW-cond),Hog_office_Garrett,124,168
6,6,0.5208333333333334,1.0,0.684931506849315,30.166666666666668,1.0,0.03420669577874818,PatchTST-SSL(HoW-cond),Hog_office_Garrett,124,336
6,5,0.5813953488372093,0.8333333333333334,0.684931506849315,36.6,0.8333333333333334,0.03420669577874818,PatchTST-SSL(HoW-cond),Hog_office_Garrett,124,672
6,6,0.75,1.0,0.8571428571428571,18.833333333333332,1.0,0.04294032023289665,HOW-profile(HoW-cond),Hog_office_Garrett,124,168
6,6,0.7058823529411765,1.0,0.8275862068965517,14.833333333333334,1.0,0.042212518195050945,HOW-profile(HoW-cond),Hog_office_Garrett,124,336
6,5,0.7333333333333333,0.8333333333333334,0.7801418439716311,17.8,0.8333333333333334,0.026928675400291122,HOW-profile(HoW-cond),Hog_office_Garrett,124,672
6,5,0.17857142857142858,0.8333333333333334,0.29411764705882354,28.2,0.8333333333333334,0.05569782330345711,PatchTST-SSL(HoW-cond),Hog_office_Lavon,124,168
6,4,0.16666666666666666,0.6666666666666666,0.26666666666666666,14.25,0.6666666666666666,0.04737516005121639,PatchTST-SSL(HoW-cond),Hog_office_Lavon,124,336
6,4,0.4,0.6666666666666666,0.5,14.25,0.6666666666666666,0.014084507042253521,PatchTST-SSL(HoW-cond),Hog_office_Lavon,124,672
6,5,0.20833333333333334,0.8333333333333334,0.33333333333333337,43.2,0.8333333333333334,0.0761843790012804,HOW-profile(HoW-cond),Hog_office_Lavon,124,168
6,4,0.38461538461538464,0.6666666666666666,0.4878048780487804,2.0,0.6666666666666666,0.09282970550576185,HOW-profile(HoW-cond),Hog_office_Lavon,124,336
6,3,0.2727272727272727,0.5,0.3529411764705882,1.0,0.5,0.019206145966709345,HOW-profile(HoW-cond),Hog_office_Lavon,124,672
6,4,0.4444444444444444,0.6666666666666666,0.5333333333333333,70.75,0.6666666666666666,0.011938601478112564,PatchTST-SSL(HoW-cond),Hog_office_Merilyn,124,168
6,4,0.5555555555555556,0.6666666666666666,0.606060606060606,66.0,0.6666666666666666,0.0034110289937464467,PatchTST-SSL(HoW-cond),Hog_office_Merilyn,124,336
6,4,0.8333333333333334,0.6666666666666666,0.7407407407407408,66.5,0.6666666666666666,0.0005685048322910744,PatchTST-SSL(HoW-cond),Hog_office_Merilyn,124,672
6,4,0.5555555555555556,0.6666666666666666,0.606060606060606,68.75,0.6666666666666666,0.0034110289937464467,HOW-profile(HoW-cond),Hog_office_Merilyn,124,168
6,4,0.8,0.6666666666666666,0.7272727272727272,66.75,0.6666666666666666,0.0005685048322910744,HOW-profile(HoW-cond),Hog_office_Merilyn,124,336
6,4,0.8571428571428571,0.6666666666666666,0.75,67.5,0.6666666666666666,0.0005685048322910744,HOW-profile(HoW-cond),Hog_office_Merilyn,124,672
6,4,0.5925925925925926,0.6666666666666666,0.627450980392157,42.25,0.6666666666666666,0.010189228529839884,PatchTST-SSL(HoW-cond),Hog_office_Miriam,124,168
6,4,0.8125,0.6666666666666666,0.7323943661971831,56.25,0.6666666666666666,0.006550218340611353,PatchTST-SSL(HoW-cond),Hog_office_Miriam,124,336
6,4,0.9782608695652174,0.6666666666666666,0.7929515418502203,25.25,0.6666666666666666,0.000727802037845706,PatchTST-SSL(HoW-cond),Hog_office_Miriam,124,672
6,4,0.6,0.6666666666666666,0.631578947368421,35.75,0.6666666666666666,0.008733624454148471,HOW-profile(HoW-cond),Hog_office_Miriam,124,168
6,4,0.875,0.6666666666666666,0.7567567567567567,41.0,0.6666666666666666,0.002183406113537118,HOW-profile(HoW-cond),Hog_office_Miriam,124,336
6,4,1.0,0.6666666666666666,0.8,37.25,0.6666666666666666,0.0,HOW-profile(HoW-cond),Hog_office_Miriam,124,672
6,5,0.6304347826086957,0.8333333333333334,0.7178217821782178,13.8,0.8333333333333334,0.01596351197263398,PatchTST-SSL(HoW-cond),Hog_office_Napoleon,124,168
6,5,0.9444444444444444,0.8333333333333334,0.8854166666666667,13.8,0.8333333333333334,0.0011402508551881414,PatchTST-SSL(HoW-cond),Hog_office_Napoleon,124,336
6,5,0.8571428571428571,0.8333333333333334,0.8450704225352113,13.8,0.8333333333333334,0.0017103762827822121,PatchTST-SSL(HoW-cond),Hog_office_Napoleon,124,672
6,5,0.5306122448979592,0.8333333333333334,0.6483790523690773,15.4,0.8333333333333334,0.01710376282782212,HOW-profile(HoW-cond),Hog_office_Napoleon,124,168
6,5,0.8636363636363636,0.8333333333333334,0.8482142857142857,11.0,0.8333333333333334,0.0034207525655644243,HOW-profile(HoW-cond),Hog_office_Napoleon,124,336
6,5,0.6956521739130435,0.8333333333333334,0.7582938388625592,11.0,0.8333333333333334,0.003990877993158495,HOW-profile(HoW-cond),Hog_office_Napoleon,124,672
6,6,0.9259259259259259,1.0,0.9615384615384615,61.833333333333336,1.0,0.003076923076923077,PatchTST-SSL(HoW-cond),Hog_office_Shawna,124,168
6,6,0.98,1.0,0.98989898989899,62.0,1.0,0.0007692307692307692,PatchTST-SSL(HoW-cond),Hog_office_Shawna,124,336
6,5,0.9538461538461539,0.8333333333333334,0.8895265423242468,29.0,0.8333333333333334,0.003076923076923077,PatchTST-SSL(HoW-cond),Hog_office_Shawna,124,672
6,5,0.7692307692307693,0.8333333333333334,0.8,45.4,0.8333333333333334,0.014615384615384615,HOW-profile(HoW-cond),Hog_office_Shawna,124,168
6,5,1.0,0.8333333333333334,0.9090909090909091,33.6,0.8333333333333334,0.0,HOW-profile(HoW-cond),Hog_office_Shawna,124,336
6,5,0.9107142857142857,0.8333333333333334,0.8703071672354948,37.8,0.8333333333333334,0.006923076923076923,HOW-profile(HoW-cond),Hog_office_Shawna,124,672
6,6,0.625,1.0,0.7692307692307693,47.5,1.0,0.021132075471698115,PatchTST-SSL(HoW-cond),Hog_office_Shawnna,124,168
6,5,0.6956521739130435,0.8333333333333334,0.7582938388625592,24.2,0.8333333333333334,0.01509433962264151,PatchTST-SSL(HoW-cond),Hog_office_Shawnna,124,336
6,6,0.7647058823529411,1.0,0.8666666666666666,30.333333333333332,1.0,0.012830188679245283,PatchTST-SSL(HoW-cond),Hog_office_Shawnna,124,672
6,6,0.6206896551724138,1.0,0.7659574468085107,28.166666666666668,1.0,0.03245283018867925,HOW-profile(HoW-cond),Hog_office_Shawnna,124,168
6,6,0.631578947368421,1.0,0.7741935483870968,31.333333333333332,1.0,0.027169811320754716,HOW-profile(HoW-cond),Hog_office_Shawnna,124,336
6,6,0.7457627118644068,1.0,0.8543689320388349,11.666666666666666,1.0,0.020377358490566037,HOW-profile(HoW-cond),Hog_office_Shawnna,124,672
6,4,0.6666666666666666,0.6666666666666666,0.6666666666666666,22.5,0.6666666666666666,0.015409570154095702,PatchTST-SSL(HoW-cond),Hog_office_Sherrie,124,168
6,3,0.725,0.5,0.5918367346938775,23.333333333333332,0.5,0.014598540145985401,PatchTST-SSL(HoW-cond),Hog_office_Sherrie,124,336
6,3,0.6176470588235294,0.5,0.5526315789473685,23.333333333333332,0.5,0.0170316301703163,PatchTST-SSL(HoW-cond),Hog_office_Sherrie,124,672
6,3,0.6041666666666666,0.5,0.5471698113207547,65.0,0.5,0.034874290348742905,HOW-profile(HoW-cond),Hog_office_Sherrie,124,168
6,3,0.6585365853658537,0.5,0.5684210526315789,65.33333333333333,0.5,0.030008110300081103,HOW-profile(HoW-cond),Hog_office_Sherrie,124,336
6,2,0.5348837209302325,0.3333333333333333,0.4107142857142857,44.5,0.3333333333333333,0.0413625304136253,HOW-profile(HoW-cond),Hog_office_Sherrie,124,672
6,5,0.6296296296296297,0.8333333333333334,0.7172995780590717,35.4,0.8333333333333334,0.019534184823441023,PatchTST-SSL(HoW-cond),Hog_office_Shon,124,168
6,3,0.6521739130434783,0.5,0.5660377358490566,67.33333333333333,0.5,0.013523666416228399,PatchTST-SSL(HoW-cond),Hog_office_Shon,124,336
6,4,0.7916666666666666,0.6666666666666666,0.7238095238095237,68.0,0.6666666666666666,0.008264462809917356,PatchTST-SSL(HoW-cond),Hog_office_Shon,124,672
6,4,0.725,0.6666666666666666,0.6946107784431137,33.5,0.6666666666666666,0.018782870022539443,HOW-profile(HoW-cond),Hog_office_Shon,124,168
6,4,0.6341463414634146,0.6666666666666666,0.6499999999999999,45.0,0.6666666666666666,0.018031555221637866,HOW-profile(HoW-cond),Hog_office_Shon,124,336
6,4,0.7368421052631579,0.6666666666666666,0.7,39.5,0.6666666666666666,0.012772351615326822,HOW-profile(HoW-cond),Hog_office_Shon,124,672
6,6,0.24528301886792453,1.0,0.393939393939394,4.0,1.0,0.037934668071654375,PatchTST-SSL(HoW-cond),Hog_office_Sydney,124,168
6,5,0.22807017543859648,0.8333333333333334,0.3581267217630854,4.8,0.8333333333333334,0.03635405690200211,PatchTST-SSL(HoW-cond),Hog_office_Sydney,124,336
6,5,0.33766233766233766,0.8333333333333334,0.4805914972273568,4.6,0.8333333333333334,0.0458377239199157,PatchTST-SSL(HoW-cond),Hog_office_Sydney,124,672
6,6,0.22916666666666666,1.0,0.37288135593220334,3.8333333333333335,1.0,0.033192834562697573,HOW-profile(HoW-cond),Hog_office_Sydney,124,168
6,5,0.3137254901960784,0.8333333333333334,0.4558404558404559,4.6,0.8333333333333334,0.0273972602739726,HOW-profile(HoW-cond),Hog_office_Sydney,124,336
6,5,0.42857142857142855,0.8333333333333334,0.5660377358490566,4.4,0.8333333333333334,0.02476290832455216,HOW-profile(HoW-cond),Hog_office_Sydney,124,672
6,6,0.803921568627451,1.0,0.891304347826087,12.666666666666666,1.0,0.008559201141226819,PatchTST-SSL(HoW-cond),Hog_office_Valda,124,168
6,6,0.9245283018867925,1.0,0.9607843137254902,12.166666666666666,1.0,0.004992867332382311,PatchTST-SSL(HoW-cond),Hog_office_Valda,124,336
6,4,0.9743589743589743,0.6666666666666666,0.7916666666666666,29.0,0.6666666666666666,0.0007132667617689016,PatchTST-SSL(HoW-cond),Hog_office_Valda,124,672
6,6,0.9074074074074074,1.0,0.9514563106796117,15.5,1.0,0.004992867332382311,HOW-profile(HoW-cond),Hog_office_Valda,124,168
6,6,0.9433962264150944,1.0,0.970873786407767,16.0,1.0,0.0028530670470756064,HOW-profile(HoW-cond),Hog_office_Valda,124,336
6,4,0.9565217391304348,0.6666666666666666,0.7857142857142856,45.75,0.6666666666666666,0.0014265335235378032,HOW-profile(HoW-cond),Hog_office_Valda,124,672
6,3,0.6774193548387096,0.5,0.5753424657534247,5.333333333333333,0.5,0.014760147601476014,PatchTST-SSL(HoW-cond),Lamb_education_Armando,124,168
6,3,0.625,0.5,0.5555555555555556,45.666666666666664,0.5,0.008856088560885609,PatchTST-SSL(HoW-cond),Lamb_education_Armando,124,336
6,3,0.6551724137931034,0.5,0.5671641791044776,46.0,0.5,0.00959409594095941,PatchTST-SSL(HoW-cond),Lamb_education_Armando,124,672
6,3,0.7560975609756098,0.5,0.6019417475728155,13.333333333333334,0.5,0.02952029520295203,HOW-profile(HoW-cond),Lamb_education_Armando,124,168
6,4,0.7857142857142857,0.6666666666666666,0.721311475409836,35.0,0.6666666666666666,0.01992619926199262,HOW-profile(HoW-cond),Lamb_education_Armando,124,336
6,4,0.6285714285714286,0.6666666666666666,0.6470588235294118,34.75,0.6666666666666666,0.02730627306273063,HOW-profile(HoW-cond),Lamb_education_Armando,124,672
6,6,0.4634146341463415,1.0,0.6333333333333334,31.0,1.0,0.03675970047651463,PatchTST-SSL(HoW-cond),Lamb_education_Eula,124,168
6,6,0.5365853658536586,1.0,0.6984126984126985,52.5,1.0,0.053778080326752895,PatchTST-SSL(HoW-cond),Lamb_education_Eula,124,336
6,6,0.65,1.0,0.787878787878788,14.5,1.0,0.043567052416609936,PatchTST-SSL(HoW-cond),Lamb_education_Eula,124,672
6,6,0.5113636363636364,1.0,0.6766917293233083,25.166666666666668,1.0,0.05105513955071477,HOW-profile(HoW-cond),Lamb_education_Eula,124,168
6,6,0.5432098765432098,1.0,0.704,10.0,1.0,0.06603131381892444,HOW-profile(HoW-cond),Lamb_education_Eula,124,336
6,6,0.5714285714285714,1.0,0.7272727272727273,14.666666666666666,1.0,0.07011572498298162,HOW-profile(HoW-cond),Lamb_education_Eula,124,672
6,5,0.2692307692307692,0.8333333333333334,0.4069767441860465,43.6,0.8333333333333334,0.02670807453416149,PatchTST-SSL(HoW-cond),Lamb_education_Lazaro,124,168
6,2,0.125,0.3333333333333333,0.18181818181818182,1.0,0.3333333333333333,0.03229813664596273,PatchTST-SSL(HoW-cond),Lamb_education_Lazaro,124,336
6,2,0.3333333333333333,0.3333333333333333,0.3333333333333333,1.0,0.3333333333333333,0.014285714285714285,PatchTST-SSL(HoW-cond),Lamb_education_Lazaro,124,672
6,4,0.2,0.6666666666666666,0.30769230769230765,54.25,0.6666666666666666,0.03602484472049689,HOW-profile(HoW-cond),Lamb_education_Lazaro,124,168
6,2,0.06451612903225806,0.3333333333333333,0.1081081081081081,1.0,0.3333333333333333,0.0391304347826087,HOW-profile(HoW-cond),Lamb_education_Lazaro,124,336
6,2,0.25,0.3333333333333333,0.28571428571428575,1.0,0.3333333333333333,0.013664596273291925,HOW-profile(HoW-cond),Lamb_education_Lazaro,124,672
6,5,0.5471698113207547,0.8333333333333334,0.6605922551252847,18.6,0.8333333333333334,0.019846350832266324,PatchTST-SSL(HoW-cond),Lamb_education_Lucas,124,168
6,5,0.5,0.8333333333333334,0.625,18.4,0.8333333333333334,0.02240717029449424,PatchTST-SSL(HoW-cond),Lamb_education_Lucas,124,336
6,5,0.52,0.8333333333333334,0.6403940886699507,18.4,0.8333333333333334,0.01856594110115237,PatchTST-SSL(HoW-cond),Lamb_education_Lucas,124,672
6,6,0.6666666666666666,1.0,0.8,8.833333333333334,1.0,0.026248399487836107,HOW-profile(HoW-cond),Lamb_education_Lucas,124,168
6,6,0.6233766233766234,1.0,0.768,15.166666666666666,1.0,0.02240717029449424,HOW-profile(HoW-cond),Lamb_education_Lucas,124,336
6,6,0.6527777777777778,1.0,0.7899159663865547,9.0,1.0,0.02112676056338028,HOW-profile(HoW-cond),Lamb_education_Lucas,124,672
6,6,0.34782608695652173,1.0,0.5161290322580645,27.666666666666668,1.0,0.042777777777777776,PatchTST-SSL(HoW-cond),Lamb_education_Mae,124,168
6,6,0.38461538461538464,1.0,0.5555555555555556,27.833333333333332,1.0,0.04055555555555555,PatchTST-SSL(HoW-cond),Lamb_education_Mae,124,336
6,6,0.42857142857142855,1.0,0.6,27.833333333333332,1.0,0.03166666666666667,PatchTST-SSL(HoW-cond),Lamb_education_Mae,124,672
6,5,0.30357142857142855,0.8333333333333334,0.44502617801047123,12.6,0.8333333333333334,0.042222222222222223,HOW-profile(HoW-cond),Lamb_education_Mae,124,168
6,6,0.3333333333333333,1.0,0.5,33.666666666666664,1.0,0.03,HOW-profile(HoW-cond),Lamb_education_Mae,124,336
6,6,0.3404255319148936,1.0,0.5079365079365079,33.666666666666664,1.0,0.03111111111111111,HOW-profile(HoW-cond),Lamb_education_Mae,124,672
6,6,0.7073170731707317,1.0,0.8285714285714285,30.0,1.0,0.018145161290322582,PatchTST-SSL(HoW-cond),Lamb_education_Williams,124,168
6,6,0.8055555555555556,1.0,0.8923076923076924,43.5,1.0,0.010080645161290322,PatchTST-SSL(HoW-cond),Lamb_education_Williams,124,336
6,5,0.75,0.8333333333333334,0.7894736842105262,27.8,0.8333333333333334,0.01310483870967742,PatchTST-SSL(HoW-cond),Lamb_education_Williams,124,672
6,6,0.7333333333333333,1.0,0.846153846153846,21.5,1.0,0.019153225806451613,HOW-profile(HoW-cond),Lamb_education_Williams,124,168
6,6,0.796875,1.0,0.8869565217391304,45.166666666666664,1.0,0.025201612903225805,HOW-profile(HoW-cond),Lamb_education_Williams,124,336
6,5,0.7192982456140351,0.8333333333333334,0.7721280602636534,18.0,0.8333333333333334,0.03125,HOW-profile(HoW-cond),Lamb_education_Williams,124,672
6,6,0.5454545454545454,1.0,0.7058823529411764,18.666666666666668,1.0,0.02924634420697413,PatchTST-SSL(HoW-cond),Lamb_office_Caitlin,124,168
6,5,0.5806451612903226,0.8333333333333334,0.6844106463878328,27.0,0.8333333333333334,0.027559055118110236,PatchTST-SSL(HoW-cond),Lamb_office_Caitlin,124,336
6,3,0.4166666666666667,0.5,0.45454545454545453,27.0,0.5,0.03993250843644545,PatchTST-SSL(HoW-cond),Lamb_office_Caitlin,124,672
6,5,0.7857142857142857,0.8333333333333334,0.8088235294117647,16.4,0.8333333333333334,0.010123734533183352,HOW-profile(HoW-cond),Lamb_office_Caitlin,124,168
6,4,0.5625,0.6666666666666666,0.6101694915254238,26.25,0.6666666666666666,0.04499437570303712,HOW-profile(HoW-cond),Lamb_office_Caitlin,124,336
6,3,0.45,0.5,0.4736842105263158,27.0,0.5,0.10742407199100112,HOW-profile(HoW-cond),Lamb_office_Caitlin,124,672
6,6,0.5227272727272727,1.0,0.6865671641791045,6.166666666666667,1.0,0.03990326481257558,PatchTST-SSL(HoW-cond),Lamb_office_Velma,124,168
6,6,0.5454545454545454,1.0,0.7058823529411764,7.0,1.0,0.03083434099153567,PatchTST-SSL(HoW-cond),Lamb_office_Velma,124,336
6,6,0.5454545454545454,1.0,0.7058823529411764,6.833333333333333,1.0,0.02902055622732769,PatchTST-SSL(HoW-cond),Lamb_office_Velma,124,672
6,6,0.6170212765957447,1.0,0.763157894736842,4.333333333333333,1.0,0.041112454655380895,HOW-profile(HoW-cond),Lamb_office_Velma,124,168
6,6,0.6046511627906976,1.0,0.7536231884057971,4.166666666666667,1.0,0.032648125755743655,HOW-profile(HoW-cond),Lamb_office_Velma,124,336
6,6,0.6458333333333334,1.0,0.7848101265822784,4.166666666666667,1.0,0.034461910519951636,HOW-profile(HoW-cond),Lamb_office_Velma,124,672
6,6,0.2413793103448276,1.0,0.3888888888888889,7.166666666666667,1.0,0.07087024491922876,PatchTST-SSL(HoW-cond),Rat_retail_Jeffrey,124,168
6,6,0.2711864406779661,1.0,0.4266666666666667,11.166666666666666,1.0,0.08441896821261073,PatchTST-SSL(HoW-cond),Rat_retail_Jeffrey,124,336
6,5,0.24528301886792453,0.8333333333333334,0.3790087463556851,8.4,0.8333333333333334,0.07868681605002606,PatchTST-SSL(HoW-cond),Rat_retail_Jeffrey,124,672
6,6,0.2698412698412698,1.0,0.425,6.333333333333333,1.0,0.09275664408546118,HOW-profile(HoW-cond),Rat_retail_Jeffrey,124,168
6,6,0.25806451612903225,1.0,0.41025641025641024,7.166666666666667,1.0,0.10422094841063054,HOW-profile(HoW-cond),Rat_retail_Jeffrey,124,336
6,4,0.2916666666666667,0.6666666666666666,0.4057971014492754,8.5,0.6666666666666666,0.0891089108910891,HOW-profile(HoW-cond),Rat_retail_Jeffrey,124,672
6,5,0.828125,0.8333333333333334,0.8307210031347962,59.0,0.8333333333333334,0.009917355371900827,PatchTST-SSL(HoW-cond),Robin_education_Zenia,124,168
6,5,0.9074074074074074,0.8333333333333334,0.8687943262411347,90.4,0.8333333333333334,0.004132231404958678,PatchTST-SSL(HoW-cond),Robin_education_Zenia,124,336
6,4,1.0,0.6666666666666666,0.8,60.75,0.6666666666666666,0.0,PatchTST-SSL(HoW-cond),Robin_education_Zenia,124,672
6,5,0.7528089887640449,0.8333333333333334,0.7910271546635183,41.0,0.8333333333333334,0.026446280991735537,HOW-profile(HoW-cond),Robin_education_Zenia,124,168
6,4,0.7777777777777778,0.6666666666666666,0.717948717948718,81.0,0.6666666666666666,0.01487603305785124,HOW-profile(HoW-cond),Robin_education_Zenia,124,336
6,3,0.7307692307692307,0.5,0.5937499999999999,27.0,0.5,0.014049586776859505,HOW-profile(HoW-cond),Robin_education_Zenia,124,672
6,6,0.6,1.0,0.7499999999999999,12.5,1.0,0.011150234741784037,PatchTST-SSL(HoW-cond),Robin_office_Dina,124,168
6,6,0.8809523809523809,1.0,0.9367088607594937,3.5,1.0,0.0035211267605633804,PatchTST-SSL(HoW-cond),Robin_office_Dina,124,336
6,6,0.9111111111111111,1.0,0.9534883720930233,12.0,1.0,0.00528169014084507,PatchTST-SSL(HoW-cond),Robin_office_Dina,124,672
6,6,0.5185185185185185,1.0,0.6829268292682926,3.6666666666666665,1.0,0.024061032863849766,HOW-profile(HoW-cond),Robin_office_Dina,124,168
6,6,0.72,1.0,0.8372093023255813,3.8333333333333335,1.0,0.008215962441314555,HOW-profile(HoW-cond),Robin_office_Dina,124,336
6,6,0.85,1.0,0.9189189189189189,3.8333333333333335,1.0,0.009976525821596244,HOW-profile(HoW-cond),Robin_office_Dina,124,672
6,5,0.6444444444444445,0.8333333333333334,0.7268170426065164,66.8,0.8333333333333334,0.017204301075268817,PatchTST-SSL(HoW-cond),Robin_office_Sammie,124,168
6,5,0.7457627118644068,0.8333333333333334,0.7871198568872988,29.6,0.8333333333333334,0.017921146953405017,PatchTST-SSL(HoW-cond),Robin_office_Sammie,124,336
6,5,0.7962962962962963,0.8333333333333334,0.8143939393939394,29.2,0.8333333333333334,0.017921146953405017,PatchTST-SSL(HoW-cond),Robin_office_Sammie,124,672
6,5,0.7037037037037037,0.8333333333333334,0.7630522088353413,66.0,0.8333333333333334,0.02078853046594982,HOW-profile(HoW-cond),Robin_office_Sammie,124,168
6,5,0.7625,0.8333333333333334,0.7963446475195822,25.2,0.8333333333333334,0.01863799283154122,HOW-profile(HoW-cond),Robin_office_Sammie,124,336
6,5,0.7678571428571429,0.8333333333333334,0.7992565055762082,10.6,0.8333333333333334,0.014336917562724014,HOW-profile(HoW-cond),Robin_office_Sammie,124,672
6,6,0.972972972972973,1.0,0.9863013698630138,27.833333333333332,1.0,0.0013458950201884253,PatchTST-SSL(HoW-cond),Shrew_office_Doris,124,168
6,6,0.9508196721311475,1.0,0.9747899159663865,30.333333333333332,1.0,0.002018842530282638,PatchTST-SSL(HoW-cond),Shrew_office_Doris,124,336
6,6,1.0,1.0,1.0,60.833333333333336,1.0,0.0,PatchTST-SSL(HoW-cond),Shrew_office_Doris,124,672
6,5,0.7169811320754716,0.8333333333333334,0.7707910750507099,39.0,0.8333333333333334,0.014804845222072678,HOW-profile(HoW-cond),Shrew_office_Doris,124,168
6,5,0.9375,0.8333333333333334,0.8823529411764706,47.6,0.8333333333333334,0.0033647375504710633,HOW-profile(HoW-cond),Shrew_office_Doris,124,336
6,6,1.0,1.0,1.0,46.666666666666664,1.0,0.0,HOW-profile(HoW-cond),Shrew_office_Doris,124,672
6,6,0.5581395348837209,1.0,0.7164179104477612,24.0,1.0,0.015527950310559006,PatchTST-SSL(HoW-cond),Shrew_office_Ila,124,168
6,6,0.43333333333333335,1.0,0.6046511627906976,44.333333333333336,1.0,0.014285714285714285,PatchTST-SSL(HoW-cond),Shrew_office_Ila,124,336
6,5,0.2916666666666667,0.8333333333333334,0.4320987654320988,31.2,0.8333333333333334,0.016149068322981366,PatchTST-SSL(HoW-cond),Shrew_office_Ila,124,672
6,6,0.32727272727272727,1.0,0.4931506849315069,20.0,1.0,0.031677018633540374,HOW-profile(HoW-cond),Shrew_office_Ila,124,168
6,6,0.3170731707317073,1.0,0.48148148148148145,58.333333333333336,1.0,0.02298136645962733,HOW-profile(HoW-cond),Shrew_office_Ila,124,336
6,5,0.48717948717948717,0.8333333333333334,0.6148867313915858,24.4,0.8333333333333334,0.014906832298136646,HOW-profile(HoW-cond),Shrew_office_Ila,124,672
6,6,0.4864864864864865,1.0,0.6545454545454547,18.666666666666668,1.0,0.023346303501945526,PatchTST-SSL(HoW-cond),Shrew_office_Kenneth,124,168
6,6,0.5952380952380952,1.0,0.7462686567164178,18.5,1.0,0.020011117287381877,PatchTST-SSL(HoW-cond),Shrew_office_Kenneth,124,336
6,5,0.38235294117647056,0.8333333333333334,0.5241935483870966,19.0,0.8333333333333334,0.029460811561978877,PatchTST-SSL(HoW-cond),Shrew_office_Kenneth,124,672
6,6,0.42592592592592593,1.0,0.5974025974025974,4.0,1.0,0.0339077265147304,HOW-profile(HoW-cond),Shrew_office_Kenneth,124,168
6,6,0.5625,1.0,0.72,19.166666666666668,1.0,0.023902167871039465,HOW-profile(HoW-cond),Shrew_office_Kenneth,124,336
6,6,0.2,1.0,0.33333333333333337,46.666666666666664,1.0,0.0500277932184547,HOW-profile(HoW-cond),Shrew_office_Kenneth,124,672
6,6,0.8260869565217391,1.0,0.9047619047619047,11.666666666666666,1.0,0.007677543186180422,PatchTST-SSL(HoW-cond),Shrew_office_Nora,124,168
6,6,0.8448275862068966,1.0,0.9158878504672897,16.666666666666668,1.0,0.007677543186180422,PatchTST-SSL(HoW-cond),Shrew_office_Nora,124,336
6,5,0.9459459459459459,0.8333333333333334,0.8860759493670887,27.8,0.8333333333333334,0.0012795905310300703,PatchTST-SSL(HoW-cond),Shrew_office_Nora,124,672
6,6,0.703125,1.0,0.8256880733944955,8.333333333333334,1.0,0.016634676903390915,HOW-profile(HoW-cond),Shrew_office_Nora,124,168
6,6,0.803030303030303,1.0,0.8907563025210083,5.666666666666667,1.0,0.011516314779270634,HOW-profile(HoW-cond),Shrew_office_Nora,124,336
6,5,0.7659574468085106,0.8333333333333334,0.7982261640798227,6.4,0.8333333333333334,0.007037747920665387,HOW-profile(HoW-cond),Shrew_office_Nora,124,672
6,6,0.6153846153846154,1.0,0.761904761904762,15.166666666666666,1.0,0.00792393026941363,PatchTST-SSL(HoW-cond),Shrew_office_Sherill,124,168
6,5,0.6538461538461539,0.8333333333333334,0.7327586206896552,16.6,0.8333333333333334,0.008452192287374538,PatchTST-SSL(HoW-cond),Shrew_office_Sherill,124,336
6,5,0.7631578947368421,0.8333333333333334,0.7967032967032968,11.2,0.8333333333333334,0.010565240359218173,PatchTST-SSL(HoW-cond),Shrew_office_Sherill,124,672
6,5,0.5,0.8333333333333334,0.625,22.0,0.8333333333333334,0.020602218700475437,HOW-profile(HoW-cond),Shrew_office_Sherill,124,168
6,5,0.5576923076923077,0.8333333333333334,0.6682027649769585,10.4,0.8333333333333334,0.02324352879027998,HOW-profile(HoW-cond),Shrew_office_Sherill,124,336
6,5,0.38235294117647056,0.8333333333333334,0.5241935483870966,10.2,0.8333333333333334,0.021130480718436345,HOW-profile(HoW-cond),Shrew_office_Sherill,124,672
6,6,0.8695652173913043,1.0,0.9302325581395349,46.333333333333336,1.0,0.01661631419939577,PatchTST-SSL(HoW-cond),Wolf_office_Darleen,124,168
6,6,0.8928571428571429,1.0,0.9433962264150945,43.166666666666664,1.0,0.01661631419939577,PatchTST-SSL(HoW-cond),Wolf_office_Darleen,124,336
6,5,0.8928571428571429,0.8333333333333334,0.8620689655172413,44.4,0.8333333333333334,0.015861027190332326,PatchTST-SSL(HoW-cond),Wolf_office_Darleen,124,672
6,6,0.7450980392156863,1.0,0.8539325842696629,18.166666666666668,1.0,0.02039274924471299,HOW-profile(HoW-cond),Wolf_office_Darleen,124,168
6,6,0.7843137254901961,1.0,0.8791208791208792,31.166666666666668,1.0,0.021148036253776436,HOW-profile(HoW-cond),Wolf_office_Darleen,124,336
6,5,0.7317073170731707,0.8333333333333334,0.7792207792207793,34.8,0.8333333333333334,0.022658610271903322,HOW-profile(HoW-cond),Wolf_office_Darleen,124,672
6,3,0.3783783783783784,0.5,0.4307692307692308,5.666666666666667,0.5,0.02074688796680498,PatchTST-SSL(HoW-cond),Wolf_retail_Harriett,124,168
6,3,0.4594594594594595,0.5,0.47887323943661975,13.666666666666666,0.5,0.01778304682868998,PatchTST-SSL(HoW-cond),Wolf_retail_Harriett,124,336
6,4,0.5294117647058824,0.6666666666666666,0.5901639344262295,31.75,0.6666666666666666,0.013040901007705987,PatchTST-SSL(HoW-cond),Wolf_retail_Harriett,124,672
6,5,0.2459016393442623,0.8333333333333334,0.379746835443038,40.0,0.8333333333333334,0.03734439834024896,HOW-profile(HoW-cond),Wolf_retail_Harriett,124,168
6,5,0.3333333333333333,0.8333333333333334,0.47619047619047616,20.6,0.8333333333333334,0.033787788974510964,HOW-profile(HoW-cond),Wolf_retail_Harriett,124,336
6,4,0.4406779661016949,0.6666666666666666,0.5306122448979591,13.5,0.6666666666666666,0.024896265560165973,HOW-profile(HoW-cond),Wolf_retail_Harriett,124,672
6,5,0.5454545454545454,0.8333333333333334,0.6593406593406592,28.0,0.8333333333333334,0.007477906186267845,PatchTST-SSL(HoW-cond),Wolf_retail_Marcella,124,168
6,6,0.7241379310344828,1.0,0.8400000000000001,36.0,1.0,0.006118286879673691,PatchTST-SSL(HoW-cond),Wolf_retail_Marcella,124,336
6,6,0.7428571428571429,1.0,0.8524590163934427,34.166666666666664,1.0,0.008157715839564922,PatchTST-SSL(HoW-cond),Wolf_retail_Marcella,124,672
6,5,0.5666666666666667,0.8333333333333334,0.6746031746031746,12.4,0.8333333333333334,0.012236573759347382,HOW-profile(HoW-cond),Wolf_retail_Marcella,124,168
6,6,0.575,1.0,0.7301587301587301,19.333333333333332,1.0,0.01971447994561523,HOW-profile(HoW-cond),Wolf_retail_Marcella,124,336
6,6,0.7428571428571429,1.0,0.8524590163934427,30.666666666666668,1.0,0.008837525492861998,HOW-profile(HoW-cond),Wolf_retail_Marcella,124,672
6,6,0.3125,1.0,0.47619047619047616,34.333333333333336,1.0,0.02535211267605634,PatchTST-SSL(HoW-cond),Wolf_retail_Toshia,124,168
6,6,0.2222222222222222,1.0,0.3636363636363636,43.666666666666664,1.0,0.027042253521126762,PatchTST-SSL(HoW-cond),Wolf_retail_Toshia,124,336
6,5,0.28,0.8333333333333334,0.41916167664670667,23.6,0.8333333333333334,0.023098591549295774,PatchTST-SSL(HoW-cond),Wolf_retail_Toshia,124,672
6,5,0.1935483870967742,0.8333333333333334,0.31413612565445026,40.0,0.8333333333333334,0.044507042253521124,HOW-profile(HoW-cond),Wolf_retail_Toshia,124,168
6,5,0.16666666666666666,0.8333333333333334,0.2777777777777778,46.8,0.8333333333333334,0.038873239436619716,HOW-profile(HoW-cond),Wolf_retail_Toshia,124,336
6,4,0.16,0.6666666666666666,0.25806451612903225,34.5,0.6666666666666666,0.03830985915492958,HOW-profile(HoW-cond),Wolf_retail_Toshia,124,672
6,4,0.5333333333333333,0.6666666666666666,0.5925925925925926,69.0,0.6666666666666666,0.016297262059973925,PatchTST-SSL(HoW-cond),Fox_education_Henrietta,125,168
6,3,0.76,0.5,0.6031746031746031,8.666666666666666,0.5,0.01955671447196871,PatchTST-SSL(HoW-cond),Fox_education_Henrietta,125,336
6,3,0.95,0.5,0.6551724137931034,26.0,0.5,0.001955671447196871,PatchTST-SSL(HoW-cond),Fox_education_Henrietta,125,672
6,3,0.4166666666666667,0.5,0.45454545454545453,27.0,0.5,0.01108213820078227,HOW-profile(HoW-cond),Fox_education_Henrietta,125,168
6,3,0.631578947368421,0.5,0.5581395348837209,18.0,0.5,0.011734028683181226,HOW-profile(HoW-cond),Fox_education_Henrietta,125,336
6,3,0.7894736842105263,0.5,0.6122448979591837,27.333333333333332,0.5,0.005867014341590613,HOW-profile(HoW-cond),Fox_education_Henrietta,125,672
6,6,0.30434782608695654,1.0,0.4666666666666667,55.666666666666664,1.0,0.08617482951022938,PatchTST-SSL(HoW-cond),Fox_retail_Manie,125,168
6,5,0.23076923076923078,0.8333333333333334,0.3614457831325301,50.4,0.8333333333333334,0.08803471791692498,PatchTST-SSL(HoW-cond),Fox_retail_Manie,125,336
6,4,0.1875,0.6666666666666666,0.29268292682926833,22.0,0.6666666666666666,0.0675759454432734,PatchTST-SSL(HoW-cond),Fox_retail_Manie,125,672
6,6,0.34615384615384615,1.0,0.5142857142857142,52.666666666666664,1.0,0.10477371357718537,HOW-profile(HoW-cond),Fox_retail_Manie,125,168
6,5,0.3333333333333333,0.8333333333333334,0.47619047619047616,34.0,0.8333333333333334,0.10043397396156231,HOW-profile(HoW-cond),Fox_retail_Manie,125,336
6,4,0.3170731707317073,0.6666666666666666,0.4297520661157025,5.75,0.6666666666666666,0.08865468071915684,HOW-profile(HoW-cond),Fox_retail_Manie,125,672
6,4,0.41025641025641024,0.6666666666666666,0.5079365079365079,13.25,0.6666666666666666,0.03486238532110092,PatchTST-SSL(HoW-cond),Hog_education_Bruno,125,168
6,5,0.6097560975609756,0.8333333333333334,0.7042253521126761,10.4,0.8333333333333334,0.022629969418960245,PatchTST-SSL(HoW-cond),Hog_education_Bruno,125,336
6,5,0.6,0.8333333333333334,0.6976744186046512,10.6,0.8333333333333334,0.017737003058103974,PatchTST-SSL(HoW-cond),Hog_education_Bruno,125,672
6,4,0.47368421052631576,0.6666666666666666,0.5538461538461538,5.0,0.6666666666666666,0.04525993883792049,HOW-profile(HoW-cond),Hog_education_Bruno,125,168
6,5,0.64,0.8333333333333334,0.7239819004524887,4.2,0.8333333333333334,0.026299694189602447,HOW-profile(HoW-cond),Hog_education_Bruno,125,336
6,5,0.5490196078431373,0.8333333333333334,0.6619385342789599,10.6,0.8333333333333334,0.022629969418960245,HOW-profile(HoW-cond),Hog_education_Bruno,125,672
6,5,0.6842105263157895,0.8333333333333334,0.7514450867052023,31.6,0.8333333333333334,0.015656909462219197,PatchTST-SSL(HoW-cond),Hog_education_Caridad,125,168
6,6,0.875,1.0,0.9333333333333333,31.333333333333332,1.0,0.008849557522123894,PatchTST-SSL(HoW-cond),Hog_education_Caridad,125,336
6,5,0.7368421052631579,0.8333333333333334,0.782122905027933,34.6,0.8333333333333334,0.015656909462219197,PatchTST-SSL(HoW-cond),Hog_education_Caridad,125,672
6,5,0.8095238095238095,0.8333333333333334,0.8212560386473431,39.6,0.8333333333333334,0.009530292716133424,HOW-profile(HoW-cond),Hog_education_Caridad,125,168
6,5,0.7692307692307693,0.8333333333333334,0.8,45.6,0.8333333333333334,0.0068073519400953025,HOW-profile(HoW-cond),Hog_education_Caridad,125,336
6,5,0.8666666666666667,0.8333333333333334,0.8496732026143791,45.0,0.8333333333333334,0.008168822328114363,HOW-profile(HoW-cond),Hog_education_Caridad,125,672
6,5,0.4074074074074074,0.8333333333333334,0.5472636815920399,17.8,0.8333333333333334,0.01653363740022805,PatchTST-SSL(HoW-cond),Hog_education_Josh,125,168
6,5,0.5789473684210527,0.8333333333333334,0.6832298136645962,17.8,0.8333333333333334,0.012542759407069556,PatchTST-SSL(HoW-cond),Hog_education_Josh,125,336
6,4,0.5757575757575758,0.6666666666666666,0.6178861788617886,21.5,0.6666666666666666,0.01596351197263398,PatchTST-SSL(HoW-cond),Hog_education_Josh,125,672
6,5,0.39285714285714285,0.8333333333333334,0.5339805825242718,18.2,0.8333333333333334,0.01767388825541619,HOW-profile(HoW-cond),Hog_education_Josh,125,168
6,5,0.5945945945945946,0.8333333333333334,0.694006309148265,15.6,0.8333333333333334,0.013683010262257697,HOW-profile(HoW-cond),Hog_education_Josh,125,336
6,4,0.5555555555555556,0.6666666666666666,0.606060606060606,22.0,0.6666666666666666,0.013683010262257697,HOW-profile(HoW-cond),Hog_education_Josh,125,672
6,6,0.325,1.0,0.4905660377358491,21.666666666666668,1.0,0.025818639798488665,PatchTST-SSL(HoW-cond),Hog_education_Luvenia,125,168
6,6,0.4666666666666667,1.0,0.6363636363636364,21.666666666666668,1.0,0.015743073047858942,PatchTST-SSL(HoW-cond),Hog_education_Luvenia,125,336
6,5,0.6052631578947368,0.8333333333333334,0.7012195121951219,39.4,0.8333333333333334,0.0163727959697733,PatchTST-SSL(HoW-cond),Hog_education_Luvenia,125,672
6,5,0.41935483870967744,0.8333333333333334,0.5579399141630902,16.6,0.8333333333333334,0.023299748110831235,HOW-profile(HoW-cond),Hog_education_Luvenia,125,168
6,6,0.5517241379310345,1.0,0.7111111111111111,41.5,1.0,0.018261964735516372,HOW-profile(HoW-cond),Hog_education_Luvenia,125,336
6,5,0.5641025641025641,0.8333333333333334,0.672782874617737,48.4,0.8333333333333334,0.020780856423173802,HOW-profile(HoW-cond),Hog_education_Luvenia,125,672
6,6,0.6666666666666666,1.0,0.8,18.0,1.0,0.026991441737985518,PatchTST-SSL(HoW-cond),Hog_office_Almeda,125,168
6,5,0.7272727272727273,0.8333333333333334,0.7766990291262137,11.6,0.8333333333333334,0.018433179723502304,PatchTST-SSL(HoW-cond),Hog_office_Almeda,125,336
6,5,0.9302325581395349,0.8333333333333334,0.8791208791208791,11.6,0.8333333333333334,0.004608294930875576,PatchTST-SSL(HoW-cond),Hog_office_Almeda,125,672
6,6,0.5223880597014925,1.0,0.6862745098039216,18.166666666666668,1.0,0.040157998683344305,HOW-profile(HoW-cond),Hog_office_Almeda,125,168
6,5,0.7068965517241379,0.8333333333333334,0.7649253731343283,17.2,0.8333333333333334,0.025016458196181698,HOW-profile(HoW-cond),Hog_office_Almeda,125,336
6,5,0.8958333333333334,0.8333333333333334,0.8634538152610441,17.6,0.8333333333333334,0.0065832784726793945,HOW-profile(HoW-cond),Hog_office_Almeda,125,672
6,6,0.325,1.0,0.4905660377358491,1.6666666666666667,1.0,0.018371400198609732,PatchTST-SSL(HoW-cond),Hog_office_Cortney,125,168
6,6,0.3333333333333333,1.0,0.5,18.666666666666668,1.0,0.014895729890764648,PatchTST-SSL(HoW-cond),Hog_office_Cortney,125,336
6,5,0.20833333333333334,0.8333333333333334,0.33333333333333337,0.8,0.8333333333333334,0.011420059582919563,PatchTST-SSL(HoW-cond),Hog_office_Cortney,125,672
6,6,0.28,1.0,0.43750000000000006,1.0,1.0,0.030784508440913606,HOW-profile(HoW-cond),Hog_office_Cortney,125,168
6,6,0.2631578947368421,1.0,0.4166666666666667,21.833333333333332,1.0,0.02035749751737835,HOW-profile(HoW-cond),Hog_office_Cortney,125,336
6,5,0.15151515151515152,0.8333333333333334,0.25641025641025644,0.8,0.8333333333333334,0.018371400198609732,HOW-profile(HoW-cond),Hog_office_Cortney,125,672
6,5,0.5208333333333334,0.8333333333333334,0.6410256410256411,9.0,0.8333333333333334,0.018323153803442533,PatchTST-SSL(HoW-cond),Hog_office_Denita,125,168
6,4,0.6904761904761905,0.6666666666666666,0.6783625730994152,10.5,0.6666666666666666,0.00832870627429206,PatchTST-SSL(HoW-cond),Hog_office_Denita,125,336
6,4,0.625,0.6666666666666666,0.6451612903225806,27.25,0.6666666666666666,0.012215435868961688,PatchTST-SSL(HoW-cond),Hog_office_Denita,125,672
6,5,0.7105263157894737,0.8333333333333334,0.7670454545454547,12.8,0.8333333333333334,0.006107717934480844,HOW-profile(HoW-cond),Hog_office_Denita,125,168
6,4,0.7352941176470589,0.6666666666666666,0.6993006993006994,14.75,0.6666666666666666,0.006107717934480844,HOW-profile(HoW-cond),Hog_office_Denita,125,336
6,4,0.6153846153846154,0.6666666666666666,0.64,31.75,0.6666666666666666,0.007773459189339256,HOW-profile(HoW-cond),Hog_office_Denita,125,672
6,6,0.32558139534883723,1.0,0.49122807017543857,47.333333333333336,1.0,0.05009052504526252,PatchTST-SSL(HoW-cond),Hog_office_Garrett,125,168
6,6,0.43243243243243246,1.0,0.6037735849056604,48.166666666666664,1.0,0.04828002414001207,PatchTST-SSL(HoW-cond),Hog_office_Garrett,125,336
6,6,0.4583333333333333,1.0,0.6285714285714286,32.833333333333336,1.0,0.04707302353651177,PatchTST-SSL(HoW-cond),Hog_office_Garrett,125,672
6,6,0.5116279069767442,1.0,0.676923076923077,20.333333333333332,1.0,0.04043452021726011,HOW-profile(HoW-cond),Hog_office_Garrett,125,168
6,6,0.4166666666666667,1.0,0.5882352941176471,24.5,1.0,0.04284852142426071,HOW-profile(HoW-cond),Hog_office_Garrett,125,336
6,6,0.5185185185185185,1.0,0.6829268292682926,24.166666666666668,1.0,0.0343995171997586,HOW-profile(HoW-cond),Hog_office_Garrett,125,672
6,4,0.1111111111111111,0.6666666666666666,0.1904761904761905,0.25,0.6666666666666666,0.04711246200607903,PatchTST-SSL(HoW-cond),Hog_office_Lavon,125,168
6,3,0.15,0.5,0.23076923076923075,0.3333333333333333,0.5,0.033941236068895646,PatchTST-SSL(HoW-cond),Hog_office_Lavon,125,336
6,3,0.21428571428571427,0.5,0.3,0.3333333333333333,0.5,0.015704154002026342,PatchTST-SSL(HoW-cond),Hog_office_Lavon,125,672
6,4,0.16,0.6666666666666666,0.25806451612903225,0.25,0.6666666666666666,0.07446808510638298,HOW-profile(HoW-cond),Hog_office_Lavon,125,168
6,3,0.15,0.5,0.23076923076923075,0.3333333333333333,0.5,0.07092198581560284,HOW-profile(HoW-cond),Hog_office_Lavon,125,336
6,3,0.25,0.5,0.3333333333333333,0.3333333333333333,0.5,0.01773049645390071,HOW-profile(HoW-cond),Hog_office_Lavon,125,672
6,6,0.8181818181818182,1.0,0.9,103.16666666666667,1.0,0.008714596949891068,PatchTST-SSL(HoW-cond),Hog_office_Merilyn,125,168
6,5,0.8125,0.8333333333333334,0.8227848101265822,82.8,0.8333333333333334,0.0036310820624546117,PatchTST-SSL(HoW-cond),Hog_office_Merilyn,125,336
6,4,0.9473684210526315,0.6666666666666666,0.782608695652174,77.5,0.6666666666666666,0.0007262164124909223,PatchTST-SSL(HoW-cond),Hog_office_Merilyn,125,672
6,5,0.8181818181818182,0.8333333333333334,0.8256880733944955,82.4,0.8333333333333334,0.002904865649963689,HOW-profile(HoW-cond),Hog_office_Merilyn,125,168
6,5,0.9230769230769231,0.8333333333333334,0.8759124087591241,82.6,0.8333333333333334,0.0007262164124909223,HOW-profile(HoW-cond),Hog_office_Merilyn,125,336
6,4,0.9333333333333333,0.6666666666666666,0.7777777777777778,78.0,0.6666666666666666,0.0007262164124909223,HOW-profile(HoW-cond),Hog_office_Merilyn,125,672
6,5,0.26666666666666666,0.8333333333333334,0.40404040404040403,3.4,0.8333333333333334,0.019097222222222224,PatchTST-SSL(HoW-cond),Hog_office_Miriam,125,168
6,4,0.38461538461538464,0.6666666666666666,0.4878048780487804,2.0,0.6666666666666666,0.00636574074074074,PatchTST-SSL(HoW-cond),Hog_office_Miriam,125,336
6,3,0.4117647058823529,0.5,0.45161290322580644,1.6666666666666667,0.5,0.00636574074074074,PatchTST-SSL(HoW-cond),Hog_office_Miriam,125,672
6,5,0.4,0.8333333333333334,0.5405405405405406,3.4,0.8333333333333334,0.009837962962962963,HOW-profile(HoW-cond),Hog_office_Miriam,125,168
6,4,0.4166666666666667,0.6666666666666666,0.5128205128205129,2.0,0.6666666666666666,0.004629629629629629,HOW-profile(HoW-cond),Hog_office_Miriam,125,336
6,3,0.5833333333333334,0.5,0.5384615384615384,1.6666666666666667,0.5,0.0028935185185185184,HOW-profile(HoW-cond),Hog_office_Miriam,125,672
6,6,0.29545454545454547,1.0,0.456140350877193,15.833333333333334,1.0,0.026652452025586353,PatchTST-SSL(HoW-cond),Hog_office_Napoleon,125,168
6,6,0.3902439024390244,1.0,0.5614035087719299,14.5,1.0,0.020788912579957356,PatchTST-SSL(HoW-cond),Hog_office_Napoleon,125,336
6,5,0.3170731707317073,0.8333333333333334,0.45936395759717313,13.6,0.8333333333333334,0.02398720682302772,PatchTST-SSL(HoW-cond),Hog_office_Napoleon,125,672
6,6,0.18518518518518517,1.0,0.3125,18.5,1.0,0.03464818763326226,HOW-profile(HoW-cond),Hog_office_Napoleon,125,168
6,6,0.25,1.0,0.4,12.166666666666666,1.0,0.0314498933901919,HOW-profile(HoW-cond),Hog_office_Napoleon,125,336
6,5,0.20833333333333334,0.8333333333333334,0.33333333333333337,17.8,0.8333333333333334,0.02771855010660981,HOW-profile(HoW-cond),Hog_office_Napoleon,125,672
6,5,0.2,0.8333333333333334,0.3225806451612903,2.2,0.8333333333333334,0.03494176372712146,PatchTST-SSL(HoW-cond),Hog_office_Shawna,125,168
6,4,0.28205128205128205,0.6666666666666666,0.3963963963963964,2.5,0.6666666666666666,0.025513033832501388,PatchTST-SSL(HoW-cond),Hog_office_Shawna,125,336
6,4,0.3333333333333333,0.6666666666666666,0.4444444444444444,2.5,0.6666666666666666,0.027176927343316695,PatchTST-SSL(HoW-cond),Hog_office_Shawna,125,672
6,6,0.25,1.0,0.4,18.166666666666668,1.0,0.04603438713255685,HOW-profile(HoW-cond),Hog_office_Shawna,125,168
6,5,0.27450980392156865,0.8333333333333334,0.41297935103244837,21.6,0.8333333333333334,0.036605657237936774,HOW-profile(HoW-cond),Hog_office_Shawna,125,336
6,4,0.2916666666666667,0.6666666666666666,0.4057971014492754,2.5,0.6666666666666666,0.032723239046034386,HOW-profile(HoW-cond),Hog_office_Shawna,125,672
6,5,0.4807692307692308,0.8333333333333334,0.6097560975609756,5.0,0.8333333333333334,0.02579132473622509,PatchTST-SSL(HoW-cond),Hog_office_Shawnna,125,168
6,5,0.46808510638297873,0.8333333333333334,0.5994550408719346,5.2,0.8333333333333334,0.02403282532239156,PatchTST-SSL(HoW-cond),Hog_office_Shawnna,125,336
6,5,0.5,0.8333333333333334,0.625,25.0,0.8333333333333334,0.01875732708089097,PatchTST-SSL(HoW-cond),Hog_office_Shawnna,125,672
6,5,0.4067796610169492,0.8333333333333334,0.5466970387243737,5.2,0.8333333333333334,0.041031652989449004,HOW-profile(HoW-cond),Hog_office_Shawnna,125,168
6,5,0.42857142857142855,0.8333333333333334,0.5660377358490566,4.6,0.8333333333333334,0.031652989449003514,HOW-profile(HoW-cond),Hog_office_Shawnna,125,336
6,5,0.37254901960784315,0.8333333333333334,0.5149051490514904,24.8,0.8333333333333334,0.029894490035169988,HOW-profile(HoW-cond),Hog_office_Shawnna,125,672
6,4,0.8490566037735849,0.6666666666666666,0.7468879668049793,25.25,0.6666666666666666,0.013524264120922832,PatchTST-SSL(HoW-cond),Hog_office_Sherrie,125,168
6,4,0.9523809523809523,0.6666666666666666,0.7843137254901961,32.0,0.6666666666666666,0.0015910898965791568,PatchTST-SSL(HoW-cond),Hog_office_Sherrie,125,336
6,4,0.975609756097561,0.6666666666666666,0.7920792079207921,53.75,0.6666666666666666,0.0007955449482895784,PatchTST-SSL(HoW-cond),Hog_office_Sherrie,125,672
6,4,0.9016393442622951,0.6666666666666666,0.7665505226480837,34.0,0.6666666666666666,0.005568814638027049,HOW-profile(HoW-cond),Hog_office_Sherrie,125,168
6,4,0.9827586206896551,0.6666666666666666,0.794425087108014,31.25,0.6666666666666666,0.0007955449482895784,HOW-profile(HoW-cond),Hog_office_Sherrie,125,336
6,4,1.0,0.6666666666666666,0.8,66.75,0.6666666666666666,0.0,HOW-profile(HoW-cond),Hog_office_Sherrie,125,672
6,5,0.6153846153846154,0.8333333333333334,0.7079646017699115,23.4,0.8333333333333334,0.014857142857142857,PatchTST-SSL(HoW-cond),Hog_office_Shon,125,168
6,5,0.6666666666666666,0.8333333333333334,0.7407407407407408,23.4,0.8333333333333334,0.010857142857142857,PatchTST-SSL(HoW-cond),Hog_office_Shon,125,336
6,5,0.5789473684210527,0.8333333333333334,0.6832298136645962,23.4,0.8333333333333334,0.014285714285714285,PatchTST-SSL(HoW-cond),Hog_office_Shon,125,672
6,5,0.45,0.8333333333333334,0.5844155844155844,16.4,0.8333333333333334,0.022285714285714287,HOW-profile(HoW-cond),Hog_office_Shon,125,168
6,5,0.5384615384615384,0.8333333333333334,0.6542056074766356,23.6,0.8333333333333334,0.015428571428571429,HOW-profile(HoW-cond),Hog_office_Shon,125,336
6,5,0.4722222222222222,0.8333333333333334,0.6028368794326241,23.8,0.8333333333333334,0.018285714285714287,HOW-profile(HoW-cond),Hog_office_Shon,125,672
6,6,0.6470588235294118,1.0,0.7857142857142858,11.5,1.0,0.024025974025974027,PatchTST-SSL(HoW-cond),Hog_office_Sydney,125,168
6,5,0.7692307692307693,0.8333333333333334,0.8,24.2,0.8333333333333334,0.007792207792207792,PatchTST-SSL(HoW-cond),Hog_office_Sydney,125,336
6,5,0.6666666666666666,0.8333333333333334,0.7407407407407408,11.2,0.8333333333333334,0.006493506493506494,PatchTST-SSL(HoW-cond),Hog_office_Sydney,125,672
6,6,0.625,1.0,0.7692307692307693,11.166666666666666,1.0,0.01818181818181818,HOW-profile(HoW-cond),Hog_office_Sydney,125,168
6,5,0.75,0.8333333333333334,0.7894736842105262,38.4,0.8333333333333334,0.008441558441558441,HOW-profile(HoW-cond),Hog_office_Sydney,125,336
6,6,0.7916666666666666,1.0,0.8837209302325582,60.5,1.0,0.003246753246753247,HOW-profile(HoW-cond),Hog_office_Sydney,125,672
6,3,0.5128205128205128,0.5,0.5063291139240506,43.333333333333336,0.5,0.025065963060686015,PatchTST-SSL(HoW-cond),Hog_office_Valda,125,168
6,2,0.5,0.3333333333333333,0.4,11.0,0.3333333333333333,0.026385224274406333,PatchTST-SSL(HoW-cond),Hog_office_Valda,125,336
6,2,0.5925925925925926,0.3333333333333333,0.4266666666666667,11.0,0.3333333333333333,0.013852242744063324,PatchTST-SSL(HoW-cond),Hog_office_Valda,125,672
6,4,0.625,0.6666666666666666,0.6451612903225806,56.25,0.6666666666666666,0.012532981530343008,HOW-profile(HoW-cond),Hog_office_Valda,125,168
6,3,0.7307692307692307,0.5,0.5937499999999999,7.333333333333333,0.5,0.008575197889182058,HOW-profile(HoW-cond),Hog_office_Valda,125,336
6,3,0.8076923076923077,0.5,0.6176470588235294,83.33333333333333,0.5,0.005277044854881266,HOW-profile(HoW-cond),Hog_office_Valda,125,672
6,6,0.5806451612903226,1.0,0.7346938775510204,26.833333333333332,1.0,0.016747703943814155,PatchTST-SSL(HoW-cond),Lamb_education_Armando,125,168
6,5,0.75,0.8333333333333334,0.7894736842105262,8.4,0.8333333333333334,0.007023230686115613,PatchTST-SSL(HoW-cond),Lamb_education_Armando,125,336
6,4,0.6818181818181818,0.6666666666666666,0.6741573033707865,10.25,0.6666666666666666,0.009184224743381956,PatchTST-SSL(HoW-cond),Lamb_education_Armando,125,672
6,6,0.41935483870967744,1.0,0.5909090909090909,18.166666666666668,1.0,0.02863317125877904,HOW-profile(HoW-cond),Lamb_education_Armando,125,168
6,6,0.7692307692307693,1.0,0.8695652173913044,18.333333333333332,1.0,0.010804970286331712,HOW-profile(HoW-cond),Lamb_education_Armando,125,336
6,5,0.47058823529411764,0.8333333333333334,0.6015037593984962,21.8,0.8333333333333334,0.023230686115613183,HOW-profile(HoW-cond),Lamb_education_Armando,125,672
6,6,0.3170731707317073,1.0,0.48148148148148145,10.833333333333334,1.0,0.03253012048192771,PatchTST-SSL(HoW-cond),Lamb_education_Eula,125,168
6,5,0.38461538461538464,0.8333333333333334,0.5263157894736842,3.4,0.8333333333333334,0.03795180722891566,PatchTST-SSL(HoW-cond),Lamb_education_Eula,125,336
6,5,0.5384615384615384,0.8333333333333334,0.6542056074766356,3.4,0.8333333333333334,0.024096385542168676,PatchTST-SSL(HoW-cond),Lamb_education_Eula,125,672
6,6,0.32894736842105265,1.0,0.4950495049504951,4.333333333333333,1.0,0.07228915662650602,HOW-profile(HoW-cond),Lamb_education_Eula,125,168
6,5,0.34782608695652173,0.8333333333333334,0.49079754601227,3.4,0.8333333333333334,0.06626506024096386,HOW-profile(HoW-cond),Lamb_education_Eula,125,336
6,5,0.36666666666666664,0.8333333333333334,0.5092592592592592,1.0,0.8333333333333334,0.0608433734939759,HOW-profile(HoW-cond),Lamb_education_Eula,125,672
6,4,0.5714285714285714,0.6666666666666666,0.6153846153846153,55.75,0.6666666666666666,0.05856189770200148,PatchTST-SSL(HoW-cond),Lamb_education_Lazaro,125,168
6,3,0.23076923076923078,0.5,0.3157894736842105,72.33333333333333,0.5,0.0385470719051149,PatchTST-SSL(HoW-cond),Lamb_education_Lazaro,125,336
6,3,0.45454545454545453,0.5,0.47619047619047616,8.666666666666666,0.5,0.03039288361749444,PatchTST-SSL(HoW-cond),Lamb_education_Lazaro,125,672
6,4,0.7419354838709677,0.6666666666666666,0.7022900763358778,46.0,0.6666666666666666,0.018532246108228317,HOW-profile(HoW-cond),Lamb_education_Lazaro,125,168
6,2,0.14285714285714285,0.3333333333333333,0.2,1.0,0.3333333333333333,0.04373610081541883,HOW-profile(HoW-cond),Lamb_education_Lazaro,125,336
6,3,0.4375,0.5,0.4666666666666667,1.3333333333333333,0.5,0.02223869532987398,HOW-profile(HoW-cond),Lamb_education_Lazaro,125,672
6,6,0.25,1.0,0.4,26.166666666666668,1.0,0.027366020524515394,PatchTST-SSL(HoW-cond),Lamb_education_Lucas,125,168
6,6,0.25862068965517243,1.0,0.4109589041095891,26.166666666666668,1.0,0.028506271379703536,PatchTST-SSL(HoW-cond),Lamb_education_Lucas,125,336
6,6,0.25925925925925924,1.0,0.4117647058823529,26.166666666666668,1.0,0.026225769669327253,PatchTST-SSL(HoW-cond),Lamb_education_Lucas,125,672
6,6,0.4175824175824176,1.0,0.5891472868217055,4.666666666666667,1.0,0.04161915621436716,HOW-profile(HoW-cond),Lamb_education_Lucas,125,168
6,6,0.45454545454545453,1.0,0.625,4.666666666666667,1.0,0.033637400228050174,HOW-profile(HoW-cond),Lamb_education_Lucas,125,336
6,6,0.5066666666666667,1.0,0.6725663716814159,5.0,1.0,0.03249714937286203,HOW-profile(HoW-cond),Lamb_education_Lucas,125,672
6,6,0.5641025641025641,1.0,0.7213114754098361,46.833333333333336,1.0,0.016894087069525665,PatchTST-SSL(HoW-cond),Lamb_education_Mae,125,168
6,5,0.6176470588235294,0.8333333333333334,0.7094594594594594,35.6,0.8333333333333334,0.012345679012345678,PatchTST-SSL(HoW-cond),Lamb_education_Mae,125,336
6,4,0.4642857142857143,0.6666666666666666,0.5473684210526316,33.5,0.6666666666666666,0.01364522417153996,PatchTST-SSL(HoW-cond),Lamb_education_Mae,125,672
6,6,0.47368421052631576,1.0,0.6428571428571429,46.333333333333336,1.0,0.037686809616634176,HOW-profile(HoW-cond),Lamb_education_Mae,125,168
6,5,0.5454545454545454,0.8333333333333334,0.6593406593406592,35.0,0.8333333333333334,0.023391812865497075,HOW-profile(HoW-cond),Lamb_education_Mae,125,336
6,3,0.3333333333333333,0.5,0.4,3.3333333333333335,0.5,0.03313840155945419,HOW-profile(HoW-cond),Lamb_education_Mae,125,672
6,6,0.27906976744186046,1.0,0.43636363636363634,9.0,1.0,0.028830752802989856,PatchTST-SSL(HoW-cond),Lamb_education_Williams,125,168
6,6,0.3333333333333333,1.0,0.5,9.0,1.0,0.02562733582487987,PatchTST-SSL(HoW-cond),Lamb_education_Williams,125,336
6,5,0.3793103448275862,0.8333333333333334,0.5213270142180094,10.6,0.8333333333333334,0.016550987720234916,PatchTST-SSL(HoW-cond),Lamb_education_Williams,125,672
6,6,0.42857142857142855,1.0,0.6,3.1666666666666665,1.0,0.028830752802989856,HOW-profile(HoW-cond),Lamb_education_Williams,125,168
6,6,0.5,1.0,0.6666666666666666,3.1666666666666665,1.0,0.02402562733582488,HOW-profile(HoW-cond),Lamb_education_Williams,125,336
6,5,0.4878048780487805,0.8333333333333334,0.6153846153846153,3.6,0.8333333333333334,0.02402562733582488,HOW-profile(HoW-cond),Lamb_education_Williams,125,672
6,5,0.41935483870967744,0.8333333333333334,0.5579399141630902,32.0,0.8333333333333334,0.034048852701702444,PatchTST-SSL(HoW-cond),Lamb_office_Caitlin,125,168
6,5,0.5294117647058824,0.8333333333333334,0.6474820143884893,37.0,0.8333333333333334,0.0384900074019245,PatchTST-SSL(HoW-cond),Lamb_office_Caitlin,125,336
6,4,0.43333333333333335,0.6666666666666666,0.5252525252525252,40.0,0.6666666666666666,0.05181347150259067,PatchTST-SSL(HoW-cond),Lamb_office_Caitlin,125,672
6,3,0.4666666666666667,0.5,0.4827586206896552,11.333333333333334,0.5,0.03256846780162842,HOW-profile(HoW-cond),Lamb_office_Caitlin,125,168
6,4,0.5909090909090909,0.6666666666666666,0.6265060240963856,34.0,0.6666666666666666,0.07475943745373798,HOW-profile(HoW-cond),Lamb_office_Caitlin,125,336
6,3,0.3142857142857143,0.5,0.38596491228070173,11.666666666666666,0.5,0.10288675055514433,HOW-profile(HoW-cond),Lamb_office_Caitlin,125,672
6,5,0.4444444444444444,0.8333333333333334,0.5797101449275363,13.8,0.8333333333333334,0.028380634390651086,PatchTST-SSL(HoW-cond),Lamb_office_Velma,125,168
6,5,0.5454545454545454,0.8333333333333334,0.6593406593406592,13.8,0.8333333333333334,0.022259321090706732,PatchTST-SSL(HoW-cond),Lamb_office_Velma,125,336
6,5,0.6875,0.8333333333333334,0.7534246575342466,14.2,0.8333333333333334,0.01335559265442404,PatchTST-SSL(HoW-cond),Lamb_office_Velma,125,672
6,5,0.3958333333333333,0.8333333333333334,0.5367231638418078,10.2,0.8333333333333334,0.04062326099053979,HOW-profile(HoW-cond),Lamb_office_Velma,125,168
6,5,0.5526315789473685,0.8333333333333334,0.6645569620253164,10.2,0.8333333333333334,0.027824151363383415,HOW-profile(HoW-cond),Lamb_office_Velma,125,336
6,5,0.5862068965517241,0.8333333333333334,0.6882591093117408,10.4,0.8333333333333334,0.017807456872565387,HOW-profile(HoW-cond),Lamb_office_Velma,125,672
6,6,0.33962264150943394,1.0,0.5070422535211268,3.5,1.0,0.05985552115583075,PatchTST-SSL(HoW-cond),Rat_retail_Jeffrey,125,168
6,6,0.3275862068965517,1.0,0.49350649350649356,3.6666666666666665,1.0,0.08101135190918472,PatchTST-SSL(HoW-cond),Rat_retail_Jeffrey,125,336
6,6,0.32142857142857145,1.0,0.4864864864864865,3.8333333333333335,1.0,0.06037151702786378,PatchTST-SSL(HoW-cond),Rat_retail_Jeffrey,125,672
6,6,0.2923076923076923,1.0,0.4523809523809524,1.5,1.0,0.09700722394220847,HOW-profile(HoW-cond),Rat_retail_Jeffrey,125,168
6,6,0.36363636363636365,1.0,0.5333333333333333,1.8333333333333333,1.0,0.09752321981424149,HOW-profile(HoW-cond),Rat_retail_Jeffrey,125,336
6,6,0.35,1.0,0.5185185185185185,1.8333333333333333,1.0,0.07636738906088751,HOW-profile(HoW-cond),Rat_retail_Jeffrey,125,672
6,6,0.42857142857142855,1.0,0.6,3.1666666666666665,1.0,0.030472636815920398,PatchTST-SSL(HoW-cond),Robin_education_Zenia,125,168
6,6,0.4166666666666667,1.0,0.5882352941176471,11.0,1.0,0.03171641791044776,PatchTST-SSL(HoW-cond),Robin_education_Zenia,125,336
6,6,0.4117647058823529,1.0,0.5833333333333334,11.166666666666666,1.0,0.03731343283582089,PatchTST-SSL(HoW-cond),Robin_education_Zenia,125,672
6,6,0.3953488372093023,1.0,0.5666666666666667,2.3333333333333335,1.0,0.05472636815920398,HOW-profile(HoW-cond),Robin_education_Zenia,125,168
6,6,0.3953488372093023,1.0,0.5666666666666667,2.3333333333333335,1.0,0.055970149253731345,HOW-profile(HoW-cond),Robin_education_Zenia,125,336
6,6,0.4050632911392405,1.0,0.5765765765765766,2.0,1.0,0.05472636815920398,HOW-profile(HoW-cond),Robin_education_Zenia,125,672
6,6,0.5348837209302325,1.0,0.6969696969696969,13.0,1.0,0.020107238605898123,PatchTST-SSL(HoW-cond),Robin_office_Dina,125,168
6,6,0.6521739130434783,1.0,0.7894736842105263,11.333333333333334,1.0,0.014745308310991957,PatchTST-SSL(HoW-cond),Robin_office_Dina,125,336
6,6,0.5925925925925926,1.0,0.7441860465116279,47.0,1.0,0.014075067024128687,PatchTST-SSL(HoW-cond),Robin_office_Dina,125,672
6,6,0.5882352941176471,1.0,0.7407407407407407,15.0,1.0,0.020777479892761394,HOW-profile(HoW-cond),Robin_office_Dina,125,168
6,6,0.7,1.0,0.8235294117647058,15.0,1.0,0.00871313672922252,HOW-profile(HoW-cond),Robin_office_Dina,125,336
6,6,0.6111111111111112,1.0,0.7586206896551725,51.0,1.0,0.010053619302949061,HOW-profile(HoW-cond),Robin_office_Dina,125,672
6,4,0.7407407407407407,0.6666666666666666,0.7017543859649122,74.0,0.6666666666666666,0.008,PatchTST-SSL(HoW-cond),Robin_office_Sammie,125,168
6,3,0.8297872340425532,0.5,0.624,41.333333333333336,0.5,0.009454545454545455,PatchTST-SSL(HoW-cond),Robin_office_Sammie,125,336
6,5,0.7714285714285715,0.8333333333333334,0.8011869436201781,56.4,0.8333333333333334,0.008727272727272728,PatchTST-SSL(HoW-cond),Robin_office_Sammie,125,672
6,5,0.6818181818181818,0.8333333333333334,0.7499999999999999,67.6,0.8333333333333334,0.016,HOW-profile(HoW-cond),Robin_office_Sammie,125,168
6,4,0.75,0.6666666666666666,0.7058823529411765,40.75,0.6666666666666666,0.016,HOW-profile(HoW-cond),Robin_office_Sammie,125,336
6,6,0.6756756756756757,1.0,0.8064516129032258,60.166666666666664,1.0,0.01309090909090909,HOW-profile(HoW-cond),Robin_office_Sammie,125,672
6,4,0.7333333333333333,0.6666666666666666,0.6984126984126984,6.0,0.6666666666666666,0.008039579468150896,PatchTST-SSL(HoW-cond),Shrew_office_Doris,125,168
6,4,0.9210526315789473,0.6666666666666666,0.7734806629834254,6.0,0.6666666666666666,0.0024737167594310453,PatchTST-SSL(HoW-cond),Shrew_office_Doris,125,336
6,3,0.92,0.5,0.647887323943662,5.666666666666667,0.5,0.0018552875695732839,PatchTST-SSL(HoW-cond),Shrew_office_Doris,125,672
6,3,0.375,0.5,0.42857142857142855,5.666666666666667,0.5,0.025355596784168214,HOW-profile(HoW-cond),Shrew_office_Doris,125,168
6,3,0.5806451612903226,0.5,0.537313432835821,5.666666666666667,0.5,0.01422387136672851,HOW-profile(HoW-cond),Shrew_office_Doris,125,336
6,3,0.85,0.5,0.6296296296296295,5.666666666666667,0.5,0.0030921459492888066,HOW-profile(HoW-cond),Shrew_office_Doris,125,672
6,6,0.5476190476190477,1.0,0.7076923076923077,7.5,1.0,0.021333333333333333,PatchTST-SSL(HoW-cond),Shrew_office_Ila,125,168
6,5,0.5833333333333334,0.8333333333333334,0.6862745098039216,12.2,0.8333333333333334,0.0128,PatchTST-SSL(HoW-cond),Shrew_office_Ila,125,336
6,5,0.6,0.8333333333333334,0.6976744186046512,12.2,0.8333333333333334,0.013333333333333334,PatchTST-SSL(HoW-cond),Shrew_office_Ila,125,672
6,6,0.43636363636363634,1.0,0.6075949367088608,2.5,1.0,0.024,HOW-profile(HoW-cond),Shrew_office_Ila,125,168
6,5,0.7058823529411765,0.8333333333333334,0.7643312101910827,10.0,0.8333333333333334,0.007466666666666667,HOW-profile(HoW-cond),Shrew_office_Ila,125,336
6,5,0.8518518518518519,0.8333333333333334,0.8424908424908426,5.6,0.8333333333333334,0.0026666666666666666,HOW-profile(HoW-cond),Shrew_office_Ila,125,672
6,4,0.6071428571428571,0.6666666666666666,0.6355140186915887,34.0,0.6666666666666666,0.009085009733939001,PatchTST-SSL(HoW-cond),Shrew_office_Kenneth,125,168
6,4,0.8,0.6666666666666666,0.7272727272727272,15.5,0.6666666666666666,0.00973393900064893,PatchTST-SSL(HoW-cond),Shrew_office_Kenneth,125,336
6,5,0.7291666666666666,0.8333333333333334,0.7777777777777777,33.0,0.8333333333333334,0.014925373134328358,PatchTST-SSL(HoW-cond),Shrew_office_Kenneth,125,672
6,4,0.627906976744186,0.6666666666666666,0.6467065868263472,12.0,0.6666666666666666,0.02336145360155743,HOW-profile(HoW-cond),Shrew_office_Kenneth,125,168
6,5,0.7,0.8333333333333334,0.7608695652173915,12.6,0.8333333333333334,0.02336145360155743,HOW-profile(HoW-cond),Shrew_office_Kenneth,125,336
6,5,0.711864406779661,0.8333333333333334,0.7678244972577696,8.6,0.8333333333333334,0.02855288773523686,HOW-profile(HoW-cond),Shrew_office_Kenneth,125,672
6,5,0.696969696969697,0.8333333333333334,0.7590759075907592,3.0,0.8333333333333334,0.00823045267489712,PatchTST-SSL(HoW-cond),Shrew_office_Nora,125,168
6,4,0.7941176470588235,0.6666666666666666,0.7248322147651006,3.0,0.6666666666666666,0.007054673721340388,PatchTST-SSL(HoW-cond),Shrew_office_Nora,125,336
6,3,0.9411764705882353,0.5,0.6530612244897959,3.6666666666666665,0.5,0.001763668430335097,PatchTST-SSL(HoW-cond),Shrew_office_Nora,125,672
6,5,0.5076923076923077,0.8333333333333334,0.6309751434034416,3.6,0.8333333333333334,0.025279247501469725,HOW-profile(HoW-cond),Shrew_office_Nora,125,168
6,4,0.515625,0.6666666666666666,0.5814977973568283,4.25,0.6666666666666666,0.02292768959435626,HOW-profile(HoW-cond),Shrew_office_Nora,125,336
6,3,0.6111111111111112,0.5,0.55,5.666666666666667,0.5,0.014697236919459141,HOW-profile(HoW-cond),Shrew_office_Nora,125,672
6,6,0.6857142857142857,1.0,0.8135593220338984,11.666666666666666,1.0,0.009582863585118376,PatchTST-SSL(HoW-cond),Shrew_office_Sherill,125,168
6,6,0.7674418604651163,1.0,0.868421052631579,11.666666666666666,1.0,0.008455467869222097,PatchTST-SSL(HoW-cond),Shrew_office_Sherill,125,336
6,5,0.8181818181818182,0.8333333333333334,0.8256880733944955,16.4,0.8333333333333334,0.007328072153325817,PatchTST-SSL(HoW-cond),Shrew_office_Sherill,125,672
6,6,0.4782608695652174,1.0,0.6470588235294118,10.666666666666666,1.0,0.020856820744081173,HOW-profile(HoW-cond),Shrew_office_Sherill,125,168
6,6,0.5094339622641509,1.0,0.6749999999999999,10.666666666666666,1.0,0.021984216459977453,HOW-profile(HoW-cond),Shrew_office_Sherill,125,336
6,5,0.4883720930232558,0.8333333333333334,0.6158357771260996,12.4,0.8333333333333334,0.018038331454340473,HOW-profile(HoW-cond),Shrew_office_Sherill,125,672
6,5,0.4,0.8333333333333334,0.5405405405405406,25.6,0.8333333333333334,0.0301994301994302,PatchTST-SSL(HoW-cond),Wolf_office_Darleen,125,168
6,4,0.30434782608695654,0.6666666666666666,0.41791044776119407,17.5,0.6666666666666666,0.034757834757834755,PatchTST-SSL(HoW-cond),Wolf_office_Darleen,125,336
6,5,0.5,0.8333333333333334,0.625,26.8,0.8333333333333334,0.023361823361823363,PatchTST-SSL(HoW-cond),Wolf_office_Darleen,125,672
6,5,0.375,0.8333333333333334,0.5172413793103448,19.6,0.8333333333333334,0.04786324786324787,HOW-profile(HoW-cond),Wolf_office_Darleen,125,168
6,5,0.37142857142857144,0.8333333333333334,0.5138339920948616,25.2,0.8333333333333334,0.045584045584045586,HOW-profile(HoW-cond),Wolf_office_Darleen,125,336
6,5,0.42424242424242425,0.8333333333333334,0.5622489959839357,25.2,0.8333333333333334,0.044444444444444446,HOW-profile(HoW-cond),Wolf_office_Darleen,125,672
6,6,0.4594594594594595,1.0,0.6296296296296297,34.5,1.0,0.02107409925220938,PatchTST-SSL(HoW-cond),Wolf_retail_Harriett,125,168
6,6,0.4666666666666667,1.0,0.6363636363636364,38.333333333333336,1.0,0.01563562202583277,PatchTST-SSL(HoW-cond),Wolf_retail_Harriett,125,336
6,6,0.41935483870967744,1.0,0.5909090909090909,38.333333333333336,1.0,0.013596193065941536,PatchTST-SSL(HoW-cond),Wolf_retail_Harriett,125,672
6,6,0.5,1.0,0.6666666666666666,7.333333333333333,1.0,0.037389530931339225,HOW-profile(HoW-cond),Wolf_retail_Harriett,125,168
6,6,0.5606060606060606,1.0,0.7184466019417475,7.666666666666667,1.0,0.026512576478585997,HOW-profile(HoW-cond),Wolf_retail_Harriett,125,336
6,6,0.49206349206349204,1.0,0.6595744680851063,10.5,1.0,0.02991162474507138,HOW-profile(HoW-cond),Wolf_retail_Harriett,125,672
6,5,0.3333333333333333,0.8333333333333334,0.47619047619047616,48.6,0.8333333333333334,0.023298589822194973,PatchTST-SSL(HoW-cond),Wolf_retail_Marcella,125,168
6,3,0.42105263157894735,0.5,0.45714285714285713,79.0,0.5,0.009809932556713672,PatchTST-SSL(HoW-cond),Wolf_retail_Marcella,125,336
6,3,0.5416666666666666,0.5,0.52,58.666666666666664,0.5,0.009809932556713672,PatchTST-SSL(HoW-cond),Wolf_retail_Marcella,125,672
6,5,0.3488372093023256,0.8333333333333334,0.4918032786885246,3.2,0.8333333333333334,0.03249540159411404,HOW-profile(HoW-cond),Wolf_retail_Marcella,125,168
6,4,0.38095238095238093,0.6666666666666666,0.4848484848484849,38.25,0.6666666666666666,0.010423053341508276,HOW-profile(HoW-cond),Wolf_retail_Marcella,125,336
6,4,0.6,0.6666666666666666,0.631578947368421,79.25,0.6666666666666666,0.004291845493562232,HOW-profile(HoW-cond),Wolf_retail_Marcella,125,672
6,6,0.375,1.0,0.5454545454545454,26.0,1.0,0.01817116060961313,PatchTST-SSL(HoW-cond),Wolf_retail_Toshia,125,168
6,6,0.30434782608695654,1.0,0.4666666666666667,27.166666666666668,1.0,0.016998827667057445,PatchTST-SSL(HoW-cond),Wolf_retail_Toshia,125,336
6,5,0.2631578947368421,0.8333333333333334,0.39999999999999997,32.6,0.8333333333333334,0.017584994138335287,PatchTST-SSL(HoW-cond),Wolf_retail_Toshia,125,672
6,6,0.5,1.0,0.6666666666666666,21.166666666666668,1.0,0.04337631887456037,HOW-profile(HoW-cond),Wolf_retail_Toshia,125,168
6,6,0.6060606060606061,1.0,0.7547169811320755,21.166666666666668,1.0,0.03634232121922626,HOW-profile(HoW-cond),Wolf_retail_Toshia,125,336
6,5,0.6571428571428571,0.8333333333333334,0.7348242811501599,24.2,0.8333333333333334,0.029894490035169988,HOW-profile(HoW-cond),Wolf_retail_Toshia,125,672
