n_events,tp_events,precision,recall,f1,detection_delay_h,detection_rate,false_alarm_rate,range_precision,range_recall,range_f1,model,building_id,seed,btype,site,seen
6,4,0.21052631578947367,0.6666666666666666,0.32,48.5,0.6666666666666666,0.02531645569620253,0.21052631578947367,0.28086419753086417,0.24066115702479338,PatchTST-SSL(HoW-cond),Fox_education_Henrietta,123,education,Fox,False
6,4,0.4,0.6666666666666666,0.5,45.75,0.6666666666666666,0.07701564380264742,0.392,0.24340277777777777,0.30032569017902033,PatchTST-SSL(HoW-cond),Fox_retail_Manie,123,retail,Fox,False
6,6,0.717948717948718,1.0,0.835820895522388,44.666666666666664,1.0,0.014524328249818447,0.6987179487179487,0.5790481701940036,0.6332791951493515,PatchTST-SSL(HoW-cond),Hog_education_Bruno,123,education,Hog,False
6,5,0.8148148148148148,0.8333333333333334,0.8239700374531835,49.4,0.8333333333333334,0.012391573729863693,0.8148148148148148,0.42538480038480037,0.5589581436772012,PatchTST-SSL(HoW-cond),Hog_education_Caridad,123,education,Hog,False
6,5,0.18518518518518517,0.8333333333333334,0.303030303030303,47.2,0.8333333333333334,0.0196078431372549,0.18518518518518517,0.22668650793650794,0.2038449529417012,PatchTST-SSL(HoW-cond),Hog_education_Josh,123,education,Hog,False
6,4,0.7586206896551724,0.6666666666666666,0.7096774193548386,31.75,0.6666666666666666,0.008684863523573201,0.7586206896551724,0.39286616161616156,0.5176548879188274,PatchTST-SSL(HoW-cond),Hog_education_Luvenia,123,education,Hog,False
6,6,0.7391304347826086,1.0,0.85,28.5,1.0,0.018646408839779006,0.7294685990338163,0.4107905982905982,0.5255977639723438,PatchTST-SSL(HoW-cond),Hog_office_Almeda,123,office,Hog,True
6,5,0.6607142857142857,0.8333333333333334,0.7370517928286853,4.0,0.8333333333333334,0.01890359168241966,0.6517857142857143,0.4973905723905723,0.5642164274764427,PatchTST-SSL(HoW-cond),Hog_office_Cortney,123,office,Hog,True
6,6,0.5217391304347826,1.0,0.6857142857142856,35.833333333333336,1.0,0.019430051813471502,0.5108695652173914,0.22474371693121695,0.3121605543027605,PatchTST-SSL(HoW-cond),Hog_office_Denita,123,office,Hog,True
6,6,0.6774193548387096,1.0,0.8076923076923077,48.833333333333336,1.0,0.013614703880190605,0.6774193548387096,0.3049803591470258,0.42060191018104476,PatchTST-SSL(HoW-cond),Hog_office_Garrett,123,office,Hog,True
6,6,0.36,1.0,0.5294117647058824,29.5,1.0,0.020342612419700215,0.36,0.5193376068376068,0.42523266833523676,PatchTST-SSL(HoW-cond),Hog_office_Lavon,123,office,Hog,True
6,4,0.9230769230769231,0.6666666666666666,0.7741935483870968,31.5,0.6666666666666666,0.0006195786864931846,0.9230769230769231,0.1931216931216931,0.31941659070191436,PatchTST-SSL(HoW-cond),Hog_office_Merilyn,123,office,Hog,True
6,6,0.5675675675675675,1.0,0.7241379310344828,17.666666666666668,1.0,0.013207547169811321,0.5675675675675675,0.37875457875457874,0.45432481064568775,PatchTST-SSL(HoW-cond),Hog_office_Miriam,123,office,Hog,True
6,6,0.9655172413793104,1.0,0.9824561403508771,48.666666666666664,1.0,0.0007158196134574087,0.9655172413793104,0.20870726495726497,0.3432230576519736,PatchTST-SSL(HoW-cond),Hog_office_Napoleon,123,office,Hog,True
6,4,0.6410256410256411,0.6666666666666666,0.6535947712418301,4.0,0.6666666666666666,0.008802816901408451,0.6410256410256411,0.21033653846153846,0.31674208144796384,PatchTST-SSL(HoW-cond),Hog_office_Shawna,123,office,Hog,True
6,6,0.6896551724137931,1.0,0.8163265306122449,3.8333333333333335,1.0,0.008928571428571428,0.6896551724137931,0.3435185185185185,0.4586050248771594,PatchTST-SSL(HoW-cond),Hog_office_Shawnna,123,office,Hog,True
6,6,0.7857142857142857,1.0,0.88,29.5,1.0,0.006397952655150352,0.7857142857142857,0.542979242979243,0.6421744952345945,PatchTST-SSL(HoW-cond),Hog_office_Sherrie,123,office,Hog,True
6,6,0.918918918918919,1.0,0.9577464788732395,34.5,1.0,0.003401360544217687,0.918918918918919,0.2839085297418631,0.4337927597391033,PatchTST-SSL(HoW-cond),Hog_office_Shon,123,office,Hog,True
6,6,0.5,1.0,0.6666666666666666,26.333333333333332,1.0,0.027867790019442645,0.5,0.3269450456950456,0.39536490048168677,PatchTST-SSL(HoW-cond),Hog_office_Sydney,123,office,Hog,True
6,6,0.29411764705882354,1.0,0.45454545454545453,0.8333333333333334,1.0,0.02015355086372361,0.29411764705882354,0.6246527777777777,0.3999288620145388,PatchTST-SSL(HoW-cond),Hog_office_Valda,123,office,Hog,True
6,5,0.6571428571428571,0.8333333333333334,0.7348242811501599,19.2,0.8333333333333334,0.015281173594132029,0.6571428571428571,0.3942307692307692,0.49281421478965237,PatchTST-SSL(HoW-cond),Lamb_education_Armando,123,education,Lamb,False
6,6,0.13953488372093023,1.0,0.24489795918367346,0.16666666666666666,1.0,0.04170485792850596,0.10495318634853519,0.9583333333333334,0.18918726995135693,PatchTST-SSL(HoW-cond),Lamb_education_Eula,123,education,Lamb,False
6,4,0.3333333333333333,0.6666666666666666,0.4444444444444444,34.5,0.6666666666666666,0.03850931677018633,0.3333333333333333,0.26718749999999997,0.2966175195143105,PatchTST-SSL(HoW-cond),Lamb_education_Lazaro,123,education,Lamb,False
6,6,0.37735849056603776,1.0,0.5479452054794521,7.666666666666667,1.0,0.023020774845592364,0.37735849056603776,0.45449735449735446,0.4123513387017414,PatchTST-SSL(HoW-cond),Lamb_education_Lucas,123,education,Lamb,False
6,5,0.4807692307692308,0.8333333333333334,0.6097560975609756,26.6,0.8333333333333334,0.044349070100143065,0.4807692307692308,0.24995866402116404,0.3289115838667427,PatchTST-SSL(HoW-cond),Lamb_education_Mae,123,education,Lamb,False
6,6,0.2553191489361702,1.0,0.4067796610169491,3.5,1.0,0.03969849246231156,0.2553191489361702,0.42534722222222227,0.31909697726162695,PatchTST-SSL(HoW-cond),Lamb_education_Williams,123,education,Lamb,False
6,5,0.4166666666666667,0.8333333333333334,0.5555555555555556,12.8,0.8333333333333334,0.033860045146726865,0.4166666666666667,0.2950231481481482,0.345449124518892,PatchTST-SSL(HoW-cond),Lamb_office_Caitlin,123,office,Lamb,True
6,5,0.7407407407407407,0.8333333333333334,0.7843137254901961,21.4,0.8333333333333334,0.018271257905832748,0.7407407407407407,0.2786796536796537,0.40499361053769783,PatchTST-SSL(HoW-cond),Lamb_office_Velma,123,office,Lamb,True
6,3,0.6909090909090909,0.5,0.5801526717557252,54.666666666666664,0.5,0.029298380878951428,0.6909090909090909,0.15251068376068377,0.2498661308060365,PatchTST-SSL(HoW-cond),Rat_retail_Jeffrey,123,retail,Rat,False
6,4,0.6865671641791045,0.6666666666666666,0.676470588235294,86.0,0.6666666666666666,0.018736988202637056,0.6865671641791045,0.19980709876543212,0.3095328890225705,PatchTST-SSL(HoW-cond),Robin_education_Zenia,123,education,Robin,False
6,4,0.8301886792452831,0.6666666666666666,0.7394957983193277,19.5,0.6666666666666666,0.007975460122699387,0.8301886792452831,0.29273504273504275,0.4328438588302876,PatchTST-SSL(HoW-cond),Robin_office_Dina,123,office,Robin,True
6,5,0.5714285714285714,0.8333333333333334,0.6779661016949152,75.2,0.8333333333333334,0.004301075268817204,0.5714285714285714,0.23176406926406926,0.329775459331479,PatchTST-SSL(HoW-cond),Robin_office_Sammie,123,office,Robin,True
6,4,0.7,0.6666666666666666,0.6829268292682926,15.75,0.6666666666666666,0.009510869565217392,0.7,0.261965811965812,0.3812527765437584,PatchTST-SSL(HoW-cond),Shrew_office_Doris,123,office,Shrew,True
6,5,0.9772727272727273,0.8333333333333334,0.8995815899581591,20.0,0.8333333333333334,0.0027548209366391185,0.9772727272727273,0.3378472222222222,0.5021121858723567,PatchTST-SSL(HoW-cond),Shrew_office_Ila,123,office,Shrew,True
6,6,0.9310344827586207,1.0,0.9642857142857143,14.166666666666666,1.0,0.004940014114326041,0.9310344827586207,0.36818181818181817,0.5276872964169381,PatchTST-SSL(HoW-cond),Shrew_office_Kenneth,123,office,Shrew,True
6,6,0.5151515151515151,1.0,0.6799999999999999,6.166666666666667,1.0,0.00927357032457496,0.5151515151515151,0.5328703703703704,0.523861156847784,PatchTST-SSL(HoW-cond),Shrew_office_Nora,123,office,Shrew,True
6,5,0.696969696969697,0.8333333333333334,0.7590759075907592,10.2,0.8333333333333334,0.008787346221441126,0.696969696969697,0.2926587301587302,0.4122239436191865,PatchTST-SSL(HoW-cond),Shrew_office_Sherill,123,office,Shrew,True
6,5,0.9210526315789473,0.8333333333333334,0.875,36.8,0.8333333333333334,0.020246478873239437,0.9052631578947368,0.22302774386107718,0.35788429985853487,PatchTST-SSL(HoW-cond),Wolf_office_Darleen,123,office,Wolf,True
6,5,0.5151515151515151,0.8333333333333334,0.6367041198501872,45.0,0.8333333333333334,0.014755197853789403,0.5151515151515151,0.2574600168350168,0.34333144736391413,PatchTST-SSL(HoW-cond),Wolf_retail_Harriett,123,retail,Wolf,False
6,6,0.6756756756756757,1.0,0.8064516129032258,10.166666666666666,1.0,0.018570624648283626,0.654054054054054,0.5339856902356902,0.5879525616616535,PatchTST-SSL(HoW-cond),Wolf_retail_Marcella,123,retail,Wolf,False
6,4,0.125,0.6666666666666666,0.21052631578947367,1.25,0.6666666666666666,0.0296875,0.125,0.375,0.1875,PatchTST-SSL(HoW-cond),Wolf_retail_Toshia,123,retail,Wolf,False
6,4,0.7142857142857143,0.6666666666666666,0.689655172413793,34.75,0.6666666666666666,0.005274261603375527,0.7142857142857143,0.224537037037037,0.34166960197252555,PatchTST-SSL(global-MAD),Fox_education_Henrietta,123,education,Fox,False
6,4,0.45161290322580644,0.6666666666666666,0.5384615384615384,42.25,0.6666666666666666,0.04332129963898917,0.43548387096774194,0.20954861111111112,0.28294711617770907,PatchTST-SSL(global-MAD),Fox_retail_Manie,123,retail,Fox,False
6,4,0.5294117647058824,0.6666666666666666,0.5901639344262295,29.0,0.6666666666666666,0.0196078431372549,0.5294117647058824,0.4530009920634921,0.48823481366528804,PatchTST-SSL(global-MAD),Hog_education_Bruno,123,education,Hog,False
6,4,0.8,0.6666666666666666,0.7272727272727272,55.75,0.6666666666666666,0.0055762081784386614,0.8,0.2687590187590188,0.4023492877877541,PatchTST-SSL(global-MAD),Hog_education_Caridad,123,education,Hog,False
6,4,0.3333333333333333,0.6666666666666666,0.4444444444444444,32.25,0.6666666666666666,0.010101010101010102,0.3333333333333333,0.224537037037037,0.268326417704011,PatchTST-SSL(global-MAD),Hog_education_Josh,123,education,Hog,False
6,3,0.6875,0.5,0.5789473684210527,1.3333333333333333,0.5,0.01488833746898263,0.6875,0.3263888888888889,0.4426369863013699,PatchTST-SSL(global-MAD),Hog_education_Luvenia,123,education,Hog,False
6,5,0.5714285714285714,0.8333333333333334,0.6779661016949152,35.8,0.8333333333333334,0.009668508287292817,0.5714285714285714,0.2890847578347578,0.3839366214877988,PatchTST-SSL(global-MAD),Hog_office_Almeda,123,office,Hog,True
6,5,0.6666666666666666,0.8333333333333334,0.7407407407407408,17.0,0.8333333333333334,0.011342155009451797,0.6666666666666666,0.417550505050505,0.5134893831761189,PatchTST-SSL(global-MAD),Hog_office_Cortney,123,office,Hog,True
6,2,0.3333333333333333,0.3333333333333333,0.3333333333333333,1.0,0.3333333333333333,0.013601036269430052,0.3333333333333333,0.16666666666666666,0.2222222222222222,PatchTST-SSL(global-MAD),Hog_office_Denita,123,office,Hog,True
6,4,0.7222222222222222,0.6666666666666666,0.6933333333333334,46.5,0.6666666666666666,0.0040844111640571815,0.7222222222222222,0.2723625140291807,0.39555455249308047,PatchTST-SSL(global-MAD),Hog_office_Garrett,123,office,Hog,True
6,5,0.7142857142857143,0.8333333333333334,0.7692307692307692,1.4,0.8333333333333334,0.0026766595289079227,0.7142857142857143,0.4611111111111111,0.5604321404456448,PatchTST-SSL(global-MAD),Hog_office_Lavon,123,office,Hog,True
6,3,1.0,0.5,0.6666666666666666,21.666666666666668,0.5,0.0,1.0,0.21924603174603174,0.3596419853539463,PatchTST-SSL(global-MAD),Hog_office_Merilyn,123,office,Hog,True
6,4,0.6086956521739131,0.6666666666666666,0.6363636363636365,9.25,0.6666666666666666,0.010062893081761006,0.6086956521739131,0.38835470085470086,0.47417829439306763,PatchTST-SSL(global-MAD),Hog_office_Miriam,123,office,Hog,True
6,4,1.0,0.6666666666666666,0.8,61.25,0.6666666666666666,0.0,1.0,0.20628561253561253,0.3420178610967599,PatchTST-SSL(global-MAD),Hog_office_Napoleon,123,office,Hog,True
6,4,1.0,0.6666666666666666,0.8,21.5,0.6666666666666666,0.0,1.0,0.1780982905982906,0.3023487802666183,PatchTST-SSL(global-MAD),Hog_office_Shawna,123,office,Hog,True
6,5,1.0,0.8333333333333334,0.9090909090909091,9.0,0.8333333333333334,0.0,1.0,0.29182098765432096,0.451797873611277,PatchTST-SSL(global-MAD),Hog_office_Shawnna,123,office,Hog,True
6,6,0.8636363636363636,1.0,0.9268292682926829,43.666666666666664,1.0,0.003198976327575176,0.8636363636363636,0.4304716117216117,0.5745593790859659,PatchTST-SSL(global-MAD),Hog_office_Sherrie,123,office,Hog,True
6,4,1.0,0.6666666666666666,0.8,63.25,0.6666666666666666,0.0,1.0,0.17929292929292928,0.30406852248394,PatchTST-SSL(global-MAD),Hog_office_Shon,123,office,Hog,True
6,4,0.7647058823529411,0.6666666666666666,0.7123287671232877,48.5,0.6666666666666666,0.005184705119896306,0.7647058823529411,0.2783189033189033,0.4081055512039307,PatchTST-SSL(global-MAD),Hog_office_Sydney,123,office,Hog,True
6,6,0.3103448275862069,1.0,0.4736842105263158,2.3333333333333335,1.0,0.03982725527831094,0.3103448275862069,0.6052083333333332,0.41029463690219303,PatchTST-SSL(global-MAD),Hog_office_Valda,123,office,Hog,True
6,6,0.32,1.0,0.48484848484848486,6.666666666666667,1.0,0.08618581907090464,0.31142857142857144,0.5178062678062678,0.3889360616070246,PatchTST-SSL(global-MAD),Lamb_education_Armando,123,education,Lamb,False
6,6,0.13043478260869565,1.0,0.23076923076923078,0.6666666666666666,1.0,0.05728689275893675,0.13043478260869565,0.8083333333333332,0.2246236974141258,PatchTST-SSL(global-MAD),Lamb_education_Eula,123,education,Lamb,False
6,4,0.2962962962962963,0.6666666666666666,0.41025641025641024,2.0,0.6666666666666666,0.09254658385093167,0.2757201646090535,0.3581597222222223,0.3115790849938404,PatchTST-SSL(global-MAD),Lamb_education_Lazaro,123,education,Lamb,False
6,6,0.3137254901960784,1.0,0.47761194029850745,8.166666666666666,1.0,0.09208309938236946,0.3014705882352941,0.5054232804232804,0.37767111531118014,PatchTST-SSL(global-MAD),Lamb_education_Lucas,123,education,Lamb,False
6,5,0.2857142857142857,0.8333333333333334,0.42553191489361697,18.6,0.8333333333333334,0.06580829756795423,0.26785714285714285,0.2101521164021164,0.23552156940257943,PatchTST-SSL(global-MAD),Lamb_education_Mae,123,education,Lamb,False
6,6,0.22448979591836735,1.0,0.36666666666666664,7.833333333333333,1.0,0.0743718592964824,0.22448979591836735,0.3845486111111111,0.2834870124203729,PatchTST-SSL(global-MAD),Lamb_education_Williams,123,education,Lamb,False
6,4,0.46153846153846156,0.6666666666666666,0.5454545454545455,64.75,0.6666666666666666,0.012415349887133182,0.46153846153846156,0.3157407407407407,0.374965637313296,PatchTST-SSL(global-MAD),Lamb_office_Caitlin,123,office,Lamb,True
6,3,0.5714285714285714,0.5,0.5333333333333333,59.0,0.5,0.0035137034434293743,0.5714285714285714,0.255050505050505,0.35268441728502836,PatchTST-SSL(global-MAD),Lamb_office_Velma,123,office,Lamb,True
6,1,1.0,0.16666666666666666,0.2857142857142857,99.0,0.16666666666666666,0.0,1.0,0.020833333333333332,0.04081632653061225,PatchTST-SSL(global-MAD),Rat_retail_Jeffrey,123,retail,Rat,False
6,3,0.36666666666666664,0.5,0.423076923076923,72.33333333333333,0.5,0.05135322692574601,0.36666666666666664,0.10856481481481482,0.1675271959733723,PatchTST-SSL(global-MAD),Robin_education_Zenia,123,education,Robin,False
6,4,0.5862068965517241,0.6666666666666666,0.6238532110091743,18.5,0.6666666666666666,0.03374233128834356,0.5862068965517241,0.2354166666666667,0.3359272536504328,PatchTST-SSL(global-MAD),Robin_office_Dina,123,office,Robin,True
6,3,1.0,0.5,0.6666666666666666,33.333333333333336,0.5,0.0,1.0,0.2696969696969697,0.42482100238663484,PatchTST-SSL(global-MAD),Robin_office_Sammie,123,office,Robin,True
6,4,0.5555555555555556,0.6666666666666666,0.606060606060606,20.25,0.6666666666666666,0.020380434782608696,0.5555555555555556,0.2126068376068376,0.3075258847164271,PatchTST-SSL(global-MAD),Shrew_office_Doris,123,office,Shrew,True
6,5,0.8571428571428571,0.8333333333333334,0.8450704225352113,48.2,0.8333333333333334,0.012855831037649219,0.8571428571428571,0.19131944444444446,0.3128163883237924,PatchTST-SSL(global-MAD),Shrew_office_Ila,123,office,Shrew,True
6,6,0.9411764705882353,1.0,0.9696969696969697,40.0,1.0,0.0056457304163726185,0.9411764705882353,0.28320707070707074,0.4353992393130767,PatchTST-SSL(global-MAD),Shrew_office_Kenneth,123,office,Shrew,True
6,4,0.8,0.6666666666666666,0.7272727272727272,1.5,0.6666666666666666,0.0005151983513652757,0.8,0.39444444444444443,0.5283720930232558,PatchTST-SSL(global-MAD),Shrew_office_Nora,123,office,Shrew,True
6,5,0.8181818181818182,0.8333333333333334,0.8256880733944955,4.8,0.8333333333333334,0.0035149384885764497,0.8181818181818182,0.2351190476190476,0.36527099922938605,PatchTST-SSL(global-MAD),Shrew_office_Sherill,123,office,Shrew,True
6,5,0.6842105263157895,0.8333333333333334,0.7514450867052023,38.4,0.8333333333333334,0.011443661971830986,0.6842105263157895,0.16710758377425042,0.26861114897096905,PatchTST-SSL(global-MAD),Wolf_office_Darleen,123,office,Wolf,True
6,5,0.7,0.8333333333333334,0.7608695652173915,66.6,0.8333333333333334,0.002012072434607646,0.7,0.19748526936026936,0.30806007245272404,PatchTST-SSL(global-MAD),Wolf_retail_Harriett,123,retail,Wolf,False
6,6,0.5428571428571428,1.0,0.7037037037037037,3.1666666666666665,1.0,0.021947101857062466,0.52,0.5412457912457912,0.5304102287509123,PatchTST-SSL(global-MAD),Wolf_retail_Marcella,123,retail,Wolf,False
6,6,0.2727272727272727,1.0,0.42857142857142855,27.333333333333332,1.0,0.027604166666666666,0.2727272727272727,0.337037037037037,0.3014908890115958,PatchTST-SSL(global-MAD),Wolf_retail_Toshia,123,retail,Wolf,False
6,4,0.21052631578947367,0.6666666666666666,0.32,48.75,0.6666666666666666,0.026371308016877638,0.21052631578947367,0.28009259259259256,0.24037745219766574,HOW-profile(HoW-cond),Fox_education_Henrietta,123,education,Fox,False
6,5,0.3492063492063492,0.8333333333333334,0.49217002237136465,41.0,0.8333333333333334,0.10288808664259928,0.34285714285714286,0.2560763888888889,0.2931798418153961,HOW-profile(HoW-cond),Fox_retail_Manie,123,retail,Fox,False
6,6,0.4857142857142857,1.0,0.6538461538461539,32.0,1.0,0.026143790849673203,0.4642857142857143,0.6066743827160493,0.5260144610555026,HOW-profile(HoW-cond),Hog_education_Bruno,123,education,Hog,False
6,6,0.8333333333333334,1.0,0.9090909090909091,43.166666666666664,1.0,0.009913258983890954,0.8333333333333334,0.498752405002405,0.6240244035461874,HOW-profile(HoW-cond),Hog_education_Caridad,123,education,Hog,False
6,3,0.15789473684210525,0.5,0.23999999999999996,36.333333333333336,0.5,0.015448603683897801,0.15789473684210525,0.16765873015873015,0.1626303127506014,HOW-profile(HoW-cond),Hog_education_Josh,123,education,Hog,False
6,4,0.6857142857142857,0.6666666666666666,0.676056338028169,32.25,0.6666666666666666,0.01054590570719603,0.6857142857142857,0.4113636363636364,0.5142349807635396,HOW-profile(HoW-cond),Hog_education_Luvenia,123,education,Hog,False
6,6,0.6805555555555556,1.0,0.8099173553719008,13.666666666666666,1.0,0.022790055248618785,0.6777777777777777,0.44322768281101615,0.5359650500675667,HOW-profile(HoW-cond),Hog_office_Almeda,123,office,Hog,True
6,5,0.6888888888888889,0.8333333333333334,0.7542579075425792,13.8,0.8333333333333334,0.013862633900441084,0.6888888888888889,0.5509469696969697,0.6122443437378006,HOW-profile(HoW-cond),Hog_office_Cortney,123,office,Hog,True
6,6,0.5185185185185185,1.0,0.6829268292682926,56.333333333333336,1.0,0.012305699481865285,0.5,0.20610119047619047,0.291886195995785,HOW-profile(HoW-cond),Hog_office_Denita,123,office,Hog,True
6,6,0.6086956521739131,1.0,0.7567567567567568,21.0,1.0,0.027910142954390742,0.6086956521739131,0.40562219416386086,0.4868305667779122,HOW-profile(HoW-cond),Hog_office_Garrett,123,office,Hog,True
6,6,0.4375,1.0,0.6086956521739131,35.666666666666664,1.0,0.021948608137044967,0.4375,0.4844017094017094,0.4597577934870784,HOW-profile(HoW-cond),Hog_office_Lavon,123,office,Hog,True
6,3,0.7777777777777778,0.5,0.6086956521739131,15.0,0.5,0.0012391573729863693,0.7777777777777778,0.18551587301587302,0.2995766105961781,HOW-profile(HoW-cond),Hog_office_Merilyn,123,office,Hog,True
6,5,0.5,0.8333333333333334,0.625,14.6,0.8333333333333334,0.011949685534591196,0.5,0.367979242979243,0.42394935818533497,HOW-profile(HoW-cond),Hog_office_Miriam,123,office,Hog,True
6,6,0.9487179487179487,1.0,0.9736842105263158,48.833333333333336,1.0,0.0014316392269148174,0.9487179487179487,0.22265847578347578,0.36066987177051096,HOW-profile(HoW-cond),Hog_office_Napoleon,123,office,Hog,True
6,5,0.74,0.8333333333333334,0.7838983050847459,3.8,0.8333333333333334,0.01056338028169014,0.74,0.32459935897435893,0.4512561906338907,HOW-profile(HoW-cond),Hog_office_Shawna,123,office,Hog,True
6,6,0.38596491228070173,1.0,0.5569620253164557,3.8333333333333335,1.0,0.02976190476190476,0.38596491228070173,0.36358024691358026,0.3744383280597576,HOW-profile(HoW-cond),Hog_office_Shawnna,123,office,Hog,True
6,6,0.8529411764705882,1.0,0.9206349206349206,36.666666666666664,1.0,0.003838771593090211,0.8529411764705882,0.546731277981278,0.6663410685426991,HOW-profile(HoW-cond),Hog_office_Sherrie,123,office,Hog,True
6,6,0.926829268292683,1.0,0.9620253164556963,25.5,1.0,0.0027210884353741495,0.926829268292683,0.2681397306397307,0.4159434271032076,HOW-profile(HoW-cond),Hog_office_Shon,123,office,Hog,True
6,5,0.5142857142857142,0.8333333333333334,0.6360424028268551,41.4,0.8333333333333334,0.014906027219701879,0.5142857142857142,0.29494348244348245,0.3748881532091405,HOW-profile(HoW-cond),Hog_office_Sydney,123,office,Hog,True
6,6,0.5,1.0,0.6666666666666666,1.0,1.0,0.009117082533589251,0.5,0.6194444444444444,0.553349875930521,HOW-profile(HoW-cond),Hog_office_Valda,123,office,Hog,True
6,5,0.4222222222222222,0.8333333333333334,0.56047197640118,10.0,0.8333333333333334,0.04706601466992665,0.4222222222222222,0.47329059829059833,0.44630027307192666,HOW-profile(HoW-cond),Lamb_education_Armando,123,education,Lamb,False
6,6,0.08064516129032258,1.0,0.1492537313432836,0.16666666666666666,1.0,0.08020164986251145,0.060368663594470046,0.9583333333333334,0.11358238775587136,HOW-profile(HoW-cond),Lamb_education_Eula,123,education,Lamb,False
6,3,0.35,0.5,0.4117647058823529,37.666666666666664,0.5,0.040372670807453416,0.35,0.23090277777777776,0.27824267782426776,HOW-profile(HoW-cond),Lamb_education_Lazaro,123,education,Lamb,False
6,6,0.4084507042253521,1.0,0.5800000000000001,19.666666666666668,1.0,0.030320044918585063,0.4084507042253521,0.5086640211640211,0.45308219769415387,HOW-profile(HoW-cond),Lamb_education_Lucas,123,education,Lamb,False
6,6,0.4528301886792453,1.0,0.6233766233766235,42.333333333333336,1.0,0.0407725321888412,0.4528301886792453,0.3185350529100529,0.3739921902963117,HOW-profile(HoW-cond),Lamb_education_Mae,123,education,Lamb,False
6,6,0.41025641025641024,1.0,0.5818181818181819,6.0,1.0,0.03869346733668342,0.391025641025641,0.43923611111111116,0.41373116722963915,HOW-profile(HoW-cond),Lamb_education_Williams,123,education,Lamb,False
6,4,0.375,0.6666666666666666,0.4800000000000001,1.5,0.6666666666666666,0.06433408577878104,0.375,0.350462962962963,0.36231652839821316,HOW-profile(HoW-cond),Lamb_office_Caitlin,123,office,Lamb,True
6,5,0.7727272727272727,0.8333333333333334,0.8018867924528302,15.2,0.8333333333333334,0.022487702037947997,0.7727272727272727,0.33694083694083693,0.4692635063246247,HOW-profile(HoW-cond),Lamb_office_Velma,123,office,Lamb,True
6,3,0.6515151515151515,0.5,0.5657894736842106,45.0,0.5,0.07478797224363917,0.6515151515151515,0.1609241452991453,0.258098098696434,HOW-profile(HoW-cond),Rat_retail_Jeffrey,123,retail,Rat,False
6,4,0.6024096385542169,0.6666666666666666,0.6329113924050633,40.75,0.6666666666666666,0.040249826509368494,0.6024096385542169,0.22226080246913582,0.32471650011864756,HOW-profile(HoW-cond),Robin_education_Zenia,123,education,Robin,False
6,4,0.6833333333333333,0.6666666666666666,0.6748971193415637,20.0,0.6666666666666666,0.015337423312883436,0.6833333333333333,0.35838675213675214,0.47017930704408323,HOW-profile(HoW-cond),Robin_office_Dina,123,office,Robin,True
6,5,0.43243243243243246,0.8333333333333334,0.5693950177935942,59.2,0.8333333333333334,0.01935483870967742,0.43243243243243246,0.24811056998557,0.3153101476610499,HOW-profile(HoW-cond),Robin_office_Sammie,123,office,Robin,True
6,5,0.5833333333333334,0.8333333333333334,0.6862745098039216,26.0,0.8333333333333334,0.018342391304347828,0.5833333333333334,0.28539886039886037,0.3832773086278046,HOW-profile(HoW-cond),Shrew_office_Doris,123,office,Shrew,True
6,4,0.9354838709677419,0.6666666666666666,0.7785234899328858,42.25,0.6666666666666666,0.0018365472910927456,0.9354838709677419,0.3548611111111111,0.514539678130588,HOW-profile(HoW-cond),Shrew_office_Ila,123,office,Shrew,True
6,6,0.8983050847457628,1.0,0.9464285714285715,13.666666666666666,1.0,0.014820042342978124,0.8983050847457628,0.5272095959595959,0.6644548347168542,HOW-profile(HoW-cond),Shrew_office_Kenneth,123,office,Shrew,True
6,6,0.34375,1.0,0.5116279069767442,0.6666666666666666,1.0,0.027820710973724884,0.34375,0.5914021164021164,0.43478376180204387,HOW-profile(HoW-cond),Shrew_office_Nora,123,office,Shrew,True
6,5,0.5428571428571428,0.8333333333333334,0.657439446366782,7.2,0.8333333333333334,0.014059753954305799,0.5285714285714286,0.46230158730158727,0.49322043595171344,HOW-profile(HoW-cond),Shrew_office_Sherill,123,office,Shrew,True
6,6,0.8260869565217391,1.0,0.9047619047619047,64.33333333333333,1.0,0.02112676056338028,0.81438127090301,0.307675349342016,0.4466174656461848,HOW-profile(HoW-cond),Wolf_office_Darleen,123,office,Wolf,True
6,4,0.3620689655172414,0.6666666666666666,0.4692737430167597,15.25,0.6666666666666666,0.03286384976525822,0.3620689655172414,0.24162457912457913,0.2898316941887496,HOW-profile(HoW-cond),Wolf_retail_Harriett,123,retail,Wolf,False
6,6,0.48936170212765956,1.0,0.6571428571428571,6.666666666666667,1.0,0.04164321890827237,0.47058823529411764,0.6304713804713805,0.5389216171246122,HOW-profile(HoW-cond),Wolf_retail_Marcella,123,retail,Wolf,False
6,5,0.1724137931034483,0.8333333333333334,0.28571428571428575,1.8,0.8333333333333334,0.04583333333333333,0.1724137931034483,0.3773148148148148,0.23667779875127057,HOW-profile(HoW-cond),Wolf_retail_Toshia,123,retail,Wolf,False
6,3,0.15789473684210525,0.5,0.23999999999999996,1.3333333333333333,0.5,0.023734177215189875,0.15789473684210525,0.27777777777777773,0.20134228187919462,HOW-profile(global-MAD),Fox_education_Henrietta,123,education,Fox,False
6,5,0.3148148148148148,0.8333333333333334,0.45698924731182794,43.8,0.8333333333333334,0.10649819494584838,0.31172839506172845,0.2359375,0.26858863724419707,HOW-profile(global-MAD),Fox_retail_Manie,123,retail,Fox,False
6,5,0.3225806451612903,0.8333333333333334,0.4651162790697674,33.8,0.8333333333333334,0.04139433551198257,0.29838709677419356,0.5921103395061729,0.39680762229528366,HOW-profile(global-MAD),Hog_education_Bruno,123,education,Hog,False
6,6,0.6578947368421053,1.0,0.7936507936507937,28.666666666666668,1.0,0.027261462205700124,0.6578947368421053,0.5908489658489658,0.6225719882517808,HOW-profile(global-MAD),Hog_education_Caridad,123,education,Hog,False
6,4,0.2857142857142857,0.6666666666666666,0.4,32.5,0.6666666666666666,0.014854426619132501,0.2857142857142857,0.22337962962962962,0.25073075673920103,HOW-profile(global-MAD),Hog_education_Josh,123,education,Hog,False
6,3,0.2692307692307692,0.5,0.35000000000000003,1.3333333333333333,0.5,0.030397022332506202,0.2692307692307692,0.41414141414141414,0.32632177373507676,HOW-profile(global-MAD),Hog_education_Luvenia,123,education,Hog,False
6,6,0.75,1.0,0.8571428571428571,15.5,1.0,0.04281767955801105,0.75,0.4250356125356125,0.5425822094256705,HOW-profile(global-MAD),Hog_office_Almeda,123,office,Hog,True
6,6,0.43333333333333335,1.0,0.6046511627906976,23.833333333333332,1.0,0.055450535601764335,0.4216666666666667,0.5469486531986533,0.4762055910165998,HOW-profile(global-MAD),Hog_office_Cortney,123,office,Hog,True
6,6,0.4027777777777778,1.0,0.5742574257425743,30.833333333333332,1.0,0.06217616580310881,0.39166666666666666,0.25553902116402116,0.3092868882473665,HOW-profile(global-MAD),Hog_office_Denita,123,office,Hog,True
6,4,0.85,0.6666666666666666,0.7472527472527473,41.5,0.6666666666666666,0.0020422055820285907,0.85,0.3178872053872054,0.4627229810083246,HOW-profile(global-MAD),Hog_office_Garrett,123,office,Hog,True
6,5,0.29411764705882354,0.8333333333333334,0.4347826086956522,1.4,0.8333333333333334,0.03372591006423983,0.29411764705882354,0.48333333333333334,0.3656998738965952,HOW-profile(global-MAD),Hog_office_Lavon,123,office,Hog,True
6,4,0.8888888888888888,0.6666666666666666,0.761904761904762,49.25,0.6666666666666666,0.0006195786864931846,0.8888888888888888,0.21483686067019403,0.3460390381393078,HOW-profile(global-MAD),Hog_office_Merilyn,123,office,Hog,True
6,4,0.3939393939393939,0.6666666666666666,0.4952380952380952,9.0,0.6666666666666666,0.01761006289308176,0.3939393939393939,0.422008547008547,0.4074911716859105,HOW-profile(global-MAD),Hog_office_Miriam,123,office,Hog,True
6,4,1.0,0.6666666666666666,0.8,33.5,0.6666666666666666,0.0,1.0,0.1843839031339031,0.31135834022400954,HOW-profile(global-MAD),Hog_office_Napoleon,123,office,Hog,True
6,5,0.5227272727272727,0.8333333333333334,0.6424581005586593,3.8,0.8333333333333334,0.014084507042253521,0.5227272727272727,0.2641025641025641,0.35091097615168126,HOW-profile(global-MAD),Hog_office_Shawna,123,office,Hog,True
6,6,0.7619047619047619,1.0,0.8648648648648648,11.0,1.0,0.0035714285714285713,0.7619047619047619,0.3423611111111111,0.4724343425268769,HOW-profile(global-MAD),Hog_office_Shawnna,123,office,Hog,True
6,5,0.6136363636363636,0.8333333333333334,0.706806282722513,23.8,0.8333333333333334,0.01471529110684581,0.6136363636363636,0.5173534798534799,0.5613965676514212,HOW-profile(global-MAD),Hog_office_Sherrie,123,office,Hog,True
6,4,0.34615384615384615,0.6666666666666666,0.45569620253164556,47.5,0.6666666666666666,0.044897959183673466,0.34615384615384615,0.26452020202020204,0.2998807157057654,HOW-profile(global-MAD),Hog_office_Shon,123,office,Hog,True
6,6,0.5714285714285714,1.0,0.7272727272727273,43.0,1.0,0.014257939079714841,0.5714285714285714,0.2830537518037518,0.3785800984597755,HOW-profile(global-MAD),Hog_office_Sydney,123,office,Hog,True
6,6,0.2,1.0,0.33333333333333337,2.1666666666666665,1.0,0.03934740882917467,0.2,0.6749999999999999,0.30857142857142855,HOW-profile(global-MAD),Hog_office_Valda,123,office,Hog,True
6,6,0.32075471698113206,1.0,0.4857142857142857,10.333333333333334,1.0,0.07946210268948656,0.31320754716981136,0.47875966625966626,0.37868017314426433,HOW-profile(global-MAD),Lamb_education_Armando,123,education,Lamb,False
6,6,0.0821917808219178,1.0,0.1518987341772152,0.5,1.0,0.06736938588450962,0.07671232876712328,0.8416666666666667,0.14060907395898073,HOW-profile(global-MAD),Lamb_education_Eula,123,education,Lamb,False
6,4,0.8571428571428571,0.6666666666666666,0.75,26.75,0.6666666666666666,0.05714285714285714,0.8571428571428571,0.30399305555555556,0.44881132921801903,HOW-profile(global-MAD),Lamb_education_Lazaro,123,education,Lamb,False
6,6,0.2978723404255319,1.0,0.45901639344262296,7.333333333333333,1.0,0.11173498034811903,0.2925531914893617,0.5278439153439153,0.37645774407511406,HOW-profile(global-MAD),Lamb_education_Lucas,123,education,Lamb,False
6,4,0.2923076923076923,0.6666666666666666,0.40641711229946526,2.75,0.6666666666666666,0.12947067238912732,0.2813186813186813,0.3767361111111111,0.3221096699002105,HOW-profile(global-MAD),Lamb_education_Mae,123,education,Lamb,False
6,6,0.1875,1.0,0.3157894736842105,7.0,1.0,0.06482412060301508,0.1875,0.5616319444444443,0.28114136732329087,HOW-profile(global-MAD),Lamb_education_Williams,123,education,Lamb,False
6,3,0.42857142857142855,0.5,0.4615384615384615,1.6666666666666667,0.5,0.020316027088036117,0.42857142857142855,0.3111111111111111,0.3605150214592274,HOW-profile(global-MAD),Lamb_office_Caitlin,123,office,Lamb,True
6,5,0.5,0.8333333333333334,0.625,20.8,0.8333333333333334,0.019676739283204497,0.5,0.27074314574314573,0.35127545050315934,HOW-profile(global-MAD),Lamb_office_Velma,123,office,Lamb,True
6,3,0.8181818181818182,0.5,0.6206896551724137,147.0,0.5,0.026985350809560524,0.8181818181818182,0.06552706552706553,0.12133645955451347,HOW-profile(global-MAD),Rat_retail_Jeffrey,123,retail,Rat,False
6,3,0.71875,0.5,0.5897435897435898,45.666666666666664,0.5,0.029840388619014575,0.71875,0.1810956790123457,0.2892996484308009,HOW-profile(global-MAD),Robin_education_Zenia,123,education,Robin,False
6,4,0.4594594594594595,0.6666666666666666,0.5439999999999999,17.5,0.6666666666666666,0.04233128834355828,0.4594594594594595,0.2864850427350427,0.35291704005063185,HOW-profile(global-MAD),Robin_office_Dina,123,office,Robin,True
6,4,0.4838709677419355,0.6666666666666666,0.5607476635514019,58.75,0.6666666666666666,0.014336917562724014,0.4838709677419355,0.28106060606060607,0.3555796939394908,HOW-profile(global-MAD),Robin_office_Sammie,123,office,Robin,True
6,5,0.8888888888888888,0.8333333333333334,0.8602150537634408,15.8,0.8333333333333334,0.001358695652173913,0.8888888888888888,0.27507122507122506,0.42013081494173155,HOW-profile(global-MAD),Shrew_office_Doris,123,office,Shrew,True
6,4,0.9655172413793104,0.6666666666666666,0.7887323943661971,34.75,0.6666666666666666,0.0009182736455463728,0.9655172413793104,0.3597222222222222,0.5241588666835315,HOW-profile(global-MAD),Shrew_office_Ila,123,office,Shrew,True
6,6,0.9354838709677419,1.0,0.9666666666666666,30.0,1.0,0.0014114326040931546,0.9354838709677419,0.39646464646464646,0.5569078343832181,HOW-profile(global-MAD),Shrew_office_Kenneth,123,office,Shrew,True
6,6,0.3,1.0,0.4615384615384615,0.6666666666666666,1.0,0.03297269448737764,0.3,0.5851190476190476,0.3966375252185609,HOW-profile(global-MAD),Shrew_office_Nora,123,office,Shrew,True
6,5,0.5833333333333334,0.8333333333333334,0.6862745098039216,7.2,0.8333333333333334,0.00995899238429994,0.5833333333333334,0.47123015873015867,0.5213232988397616,HOW-profile(global-MAD),Shrew_office_Sherill,123,office,Shrew,True
6,5,0.6896551724137931,0.8333333333333334,0.7547169811320755,63.2,0.8333333333333334,0.043133802816901406,0.6710875331564986,0.24834656084656082,0.36253230541147236,HOW-profile(global-MAD),Wolf_office_Darleen,123,office,Wolf,True
6,4,0.5161290322580645,0.6666666666666666,0.5818181818181819,27.75,0.6666666666666666,0.022803487592219986,0.5161290322580645,0.2519886363636364,0.33864251882076435,HOW-profile(global-MAD),Wolf_retail_Harriett,123,retail,Wolf,False
6,6,0.38461538461538464,1.0,0.5555555555555556,2.0,1.0,0.0714687675858188,0.3675213675213675,0.5917508417508417,0.45342933213334824,HOW-profile(global-MAD),Wolf_retail_Marcella,123,retail,Wolf,False
6,6,0.1951219512195122,1.0,0.326530612244898,7.666666666666667,1.0,0.06510416666666667,0.1951219512195122,0.4217592592592592,0.26680822243781,HOW-profile(global-MAD),Wolf_retail_Toshia,123,retail,Wolf,False
6,3,0.25,0.5,0.3333333333333333,1.3333333333333333,0.5,0.010548523206751054,0.25,0.27777777777777773,0.2631578947368421,PatchTST-SSL(HoD-cond),Fox_education_Henrietta,123,education,Fox,False
6,4,0.4,0.6666666666666666,0.5,51.5,0.6666666666666666,0.06678700361010831,0.39375,0.228125,0.2888819095477387,PatchTST-SSL(HoD-cond),Fox_retail_Manie,123,retail,Fox,False
6,5,0.9,0.8333333333333334,0.8653846153846153,53.2,0.8333333333333334,0.002904865649963689,0.9,0.4463045634920635,0.5967061510970285,PatchTST-SSL(HoD-cond),Hog_education_Bruno,123,education,Hog,False
6,4,0.9047619047619048,0.6666666666666666,0.7676767676767676,73.0,0.6666666666666666,0.011152416356877323,0.9047619047619048,0.27009680134680136,0.41600457175999966,PatchTST-SSL(HoD-cond),Hog_education_Caridad,123,education,Hog,False
6,4,0.35714285714285715,0.6666666666666666,0.46511627906976744,32.5,0.6666666666666666,0.010101010101010102,0.35714285714285715,0.224537037037037,0.2757248436611711,PatchTST-SSL(HoD-cond),Hog_education_Josh,123,education,Hog,False
6,4,0.8846153846153846,0.6666666666666666,0.7603305785123966,33.0,0.6666666666666666,0.0024813895781637717,0.8846153846153846,0.39109848484848486,0.5423970764574887,PatchTST-SSL(HoD-cond),Hog_education_Luvenia,123,education,Hog,False
6,6,0.6756756756756757,1.0,0.8064516129032258,24.0,1.0,0.011740331491712707,0.6621621621621622,0.3419100189933523,0.4509633504256572,PatchTST-SSL(HoD-cond),Hog_office_Almeda,123,office,Hog,True
6,5,0.9444444444444444,0.8333333333333334,0.8854166666666667,16.4,0.8333333333333334,0.000630119722747322,0.9444444444444444,0.44414983164983163,0.6041719287256219,PatchTST-SSL(HoD-cond),Hog_office_Cortney,123,office,Hog,True
6,4,0.6,0.6666666666666666,0.631578947368421,70.25,0.6666666666666666,0.0038860103626943004,0.6,0.17906746031746032,0.27581815866547815,PatchTST-SSL(HoD-cond),Hog_office_Denita,123,office,Hog,True
6,4,0.6190476190476191,0.6666666666666666,0.6419753086419754,9.5,0.6666666666666666,0.014976174268209666,0.6190476190476191,0.29000420875420874,0.3949750926241318,PatchTST-SSL(HoD-cond),Hog_office_Garrett,123,office,Hog,True
6,5,0.5555555555555556,0.8333333333333334,0.6666666666666667,1.2,0.8333333333333334,0.009635974304068522,0.5555555555555556,0.5166666666666666,0.5354058721934369,PatchTST-SSL(HoD-cond),Hog_office_Lavon,123,office,Hog,True
6,3,0.6363636363636364,0.5,0.56,23.0,0.5,0.0030978934324659233,0.6363636363636364,0.18353174603174605,0.2848971510284897,PatchTST-SSL(HoD-cond),Hog_office_Merilyn,123,office,Hog,True
6,5,0.6,0.8333333333333334,0.6976744186046512,19.2,0.8333333333333334,0.00880503144654088,0.6,0.36828449328449325,0.45641688471359665,PatchTST-SSL(HoD-cond),Hog_office_Miriam,123,office,Hog,True
6,5,0.9565217391304348,0.8333333333333334,0.8906882591093118,76.2,0.8333333333333334,0.0007158196134574087,0.9565217391304348,0.1843304843304843,0.3090954495608082,PatchTST-SSL(HoD-cond),Hog_office_Napoleon,123,office,Hog,True
6,5,0.75,0.8333333333333334,0.7894736842105262,20.2,0.8333333333333334,0.004107981220657277,0.75,0.184775641025641,0.2965026572947025,PatchTST-SSL(HoD-cond),Hog_office_Shawna,123,office,Hog,True
6,6,0.38461538461538464,1.0,0.5555555555555556,19.166666666666668,1.0,0.026785714285714284,0.38461538461538464,0.3122685185185185,0.3446866136903697,PatchTST-SSL(HoD-cond),Hog_office_Shawnna,123,office,Hog,True
6,6,0.6896551724137931,1.0,0.8163265306122449,36.833333333333336,1.0,0.006397952655150352,0.6896551724137931,0.4695945258445258,0.5587377666303496,PatchTST-SSL(HoD-cond),Hog_office_Sherrie,123,office,Hog,True
6,6,0.95,1.0,0.9743589743589743,68.33333333333333,1.0,0.0006802721088435374,0.95,0.20642536475869808,0.3391556472158195,PatchTST-SSL(HoD-cond),Hog_office_Shon,123,office,Hog,True
6,6,0.5882352941176471,1.0,0.7407407407407407,35.166666666666664,1.0,0.012313674659753726,0.5882352941176471,0.2620851370851371,0.3626108982917608,PatchTST-SSL(HoD-cond),Hog_office_Sydney,123,office,Hog,True
6,6,0.3888888888888889,1.0,0.56,1.3333333333333333,1.0,0.01055662188099808,0.3888888888888889,0.5118055555555555,0.4419600788143579,PatchTST-SSL(HoD-cond),Hog_office_Valda,123,office,Hog,True
6,5,0.75,0.8333333333333334,0.7894736842105262,35.6,0.8333333333333334,0.0024449877750611247,0.75,0.37522893772893773,0.500203458799593,PatchTST-SSL(HoD-cond),Lamb_education_Armando,123,education,Lamb,False
6,6,0.24,1.0,0.3870967741935484,0.5,1.0,0.01466544454628781,0.24,0.8416666666666667,0.37349768875192607,PatchTST-SSL(HoD-cond),Lamb_education_Eula,123,education,Lamb,False
6,3,0.2727272727272727,0.5,0.3529411764705882,1.6666666666666667,0.5,0.06024844720496894,0.2727272727272727,0.2611111111111111,0.2667928098391675,PatchTST-SSL(HoD-cond),Lamb_education_Lazaro,123,education,Lamb,False
6,5,0.35294117647058826,0.8333333333333334,0.49586776859504134,7.4,0.8333333333333334,0.01291409320606401,0.35294117647058826,0.44325396825396823,0.39297546102201764,PatchTST-SSL(HoD-cond),Lamb_education_Lucas,123,education,Lamb,False
6,5,0.38461538461538464,0.8333333333333334,0.5263157894736842,76.8,0.8333333333333334,0.020028612303290415,0.38461538461538464,0.18394510582010581,0.24886751300262852,PatchTST-SSL(HoD-cond),Lamb_education_Mae,123,education,Lamb,False
6,5,0.35714285714285715,0.8333333333333334,0.5,1.6,0.8333333333333334,0.009547738693467337,0.35714285714285715,0.3611111111111111,0.35911602209944754,PatchTST-SSL(HoD-cond),Lamb_education_Williams,123,education,Lamb,False
6,5,0.37142857142857144,0.8333333333333334,0.5138339920948616,12.4,0.8333333333333334,0.05474040632054176,0.37142857142857144,0.33356481481481487,0.35147990055818756,PatchTST-SSL(HoD-cond),Lamb_office_Caitlin,123,office,Lamb,True
6,4,0.6,0.6666666666666666,0.631578947368421,22.0,0.6666666666666666,0.009838369641602248,0.6,0.26325757575757575,0.3659499780605528,PatchTST-SSL(HoD-cond),Lamb_office_Velma,123,office,Lamb,True
6,3,0.8085106382978723,0.5,0.6178861788617885,94.33333333333333,0.5,0.017733230531996914,0.8085106382978723,0.10069444444444443,0.17908507353538636,PatchTST-SSL(HoD-cond),Rat_retail_Jeffrey,123,retail,Rat,False
6,4,0.6296296296296297,0.6666666666666666,0.6476190476190475,79.0,0.6666666666666666,0.04580152671755725,0.6296296296296297,0.2220679012345679,0.32833376953688603,PatchTST-SSL(HoD-cond),Robin_education_Zenia,123,education,Robin,False
6,4,0.8064516129032258,0.6666666666666666,0.7299270072992701,26.25,0.6666666666666666,0.0049079754601227,0.8064516129032258,0.25667735042735046,0.38941251793080534,PatchTST-SSL(HoD-cond),Robin_office_Dina,123,office,Robin,True
6,3,0.6363636363636364,0.5,0.56,32.0,0.5,0.004301075268817204,0.6363636363636364,0.2332070707070707,0.34132819409427506,PatchTST-SSL(HoD-cond),Robin_office_Sammie,123,office,Robin,True
6,4,0.8235294117647058,0.6666666666666666,0.7368421052631577,17.75,0.6666666666666666,0.0020380434782608695,0.8235294117647058,0.23967236467236466,0.37128839674501996,PatchTST-SSL(HoD-cond),Shrew_office_Doris,123,office,Shrew,True
6,5,0.96875,0.8333333333333334,0.8959537572254336,58.0,0.8333333333333334,0.0018365472910927456,0.96875,0.26857638888888885,0.42055738740002807,PatchTST-SSL(HoD-cond),Shrew_office_Ila,123,office,Shrew,True
6,6,0.875,1.0,0.9333333333333333,26.166666666666668,1.0,0.006351446718419196,0.875,0.30404040404040406,0.45127436281859074,PatchTST-SSL(HoD-cond),Shrew_office_Kenneth,123,office,Shrew,True
6,6,0.5,1.0,0.6666666666666666,17.666666666666668,1.0,0.004121586810922205,0.5,0.4208994708994709,0.45705257110025854,PatchTST-SSL(HoD-cond),Shrew_office_Nora,123,office,Shrew,True
6,4,0.7142857142857143,0.6666666666666666,0.689655172413793,2.0,0.6666666666666666,0.008201523140011716,0.7142857142857143,0.3125,0.43478260869565216,PatchTST-SSL(HoD-cond),Shrew_office_Sherill,123,office,Shrew,True
6,6,0.8571428571428571,1.0,0.923076923076923,53.166666666666664,1.0,0.007042253521126761,0.8571428571428571,0.1929563492063492,0.3150010122140495,PatchTST-SSL(HoD-cond),Wolf_office_Darleen,123,office,Wolf,True
6,5,0.65,0.8333333333333334,0.7303370786516855,66.6,0.8333333333333334,0.00670690811535882,0.65,0.20926978114478112,0.31660686952794953,PatchTST-SSL(HoD-cond),Wolf_retail_Harriett,123,retail,Wolf,False
6,6,0.5,1.0,0.6666666666666666,14.333333333333334,1.0,0.017445132245357344,0.4636363636363636,0.5516624579124579,0.503833493179981,PatchTST-SSL(HoD-cond),Wolf_retail_Marcella,123,retail,Wolf,False
6,4,0.25,0.6666666666666666,0.36363636363636365,1.5,0.6666666666666666,0.009895833333333333,0.25,0.3333333333333333,0.28571428571428575,PatchTST-SSL(HoD-cond),Wolf_retail_Toshia,123,retail,Wolf,False
6,3,0.15789473684210525,0.5,0.23999999999999996,1.3333333333333333,0.5,0.026371308016877638,0.15789473684210525,0.27777777777777773,0.20134228187919462,HOW-profile(HoD-cond),Fox_education_Henrietta,123,education,Fox,False
6,5,0.31666666666666665,0.8333333333333334,0.4589371980676329,47.8,0.8333333333333334,0.10348977135980746,0.31111111111111106,0.24045138888888887,0.27125520232224665,HOW-profile(HoD-cond),Fox_retail_Manie,123,retail,Fox,False
6,6,0.4642857142857143,1.0,0.6341463414634146,64.66666666666667,1.0,0.029774872912127815,0.4375,0.5978009259259259,0.5052403577417551,HOW-profile(HoD-cond),Hog_education_Bruno,123,education,Hog,False
6,6,0.7647058823529411,1.0,0.8666666666666666,42.666666666666664,1.0,0.008674101610904586,0.7647058823529411,0.5068993506493507,0.6096686379423636,HOW-profile(HoD-cond),Hog_education_Caridad,123,education,Hog,False
6,3,0.16666666666666666,0.5,0.25,1.6666666666666667,0.5,0.0255496137849079,0.16666666666666666,0.2222222222222222,0.1904761904761905,HOW-profile(HoD-cond),Hog_education_Josh,123,education,Hog,False
6,4,0.6538461538461539,0.6666666666666666,0.6601941747572816,32.75,0.6666666666666666,0.01240694789081886,0.6538461538461539,0.40770202020202023,0.5022370238890363,HOW-profile(HoD-cond),Hog_education_Luvenia,123,education,Hog,False
6,6,0.6578947368421053,1.0,0.7936507936507937,12.5,1.0,0.034530386740331494,0.6552631578947368,0.40826804368471037,0.5030844552093102,HOW-profile(HoD-cond),Hog_office_Almeda,123,office,Hog,True
6,5,0.4918032786885246,0.8333333333333334,0.6185567010309279,12.6,0.8333333333333334,0.027095148078134845,0.48852459016393446,0.5422138047138048,0.5139709125911784,HOW-profile(HoD-cond),Hog_office_Cortney,123,office,Hog,True
6,6,0.5769230769230769,1.0,0.7317073170731707,56.0,1.0,0.010362694300518135,0.5576923076923077,0.21321097883597884,0.3084851884543362,HOW-profile(HoD-cond),Hog_office_Denita,123,office,Hog,True
6,6,0.6170212765957447,1.0,0.763157894736842,21.333333333333332,1.0,0.02450646698434309,0.6170212765957447,0.3761083052749719,0.467344505481129,HOW-profile(HoD-cond),Hog_office_Garrett,123,office,Hog,True
6,5,0.3125,0.8333333333333334,0.45454545454545453,1.4,0.8333333333333334,0.026231263383297645,0.3125,0.48333333333333334,0.37958115183246066,HOW-profile(HoD-cond),Hog_office_Lavon,123,office,Hog,True
6,5,0.8333333333333334,0.8333333333333334,0.8333333333333334,61.8,0.8333333333333334,0.0012391573729863693,0.8333333333333334,0.2108906525573192,0.3365986854142915,HOW-profile(HoD-cond),Hog_office_Merilyn,123,office,Hog,True
6,4,0.40540540540540543,0.6666666666666666,0.504201680672269,9.0,0.6666666666666666,0.021383647798742137,0.40540540540540543,0.42361111111111116,0.41430835408648403,HOW-profile(HoD-cond),Hog_office_Miriam,123,office,Hog,True
6,6,0.926829268292683,1.0,0.9620253164556963,44.833333333333336,1.0,0.0021474588403722263,0.926829268292683,0.21664886039886042,0.35120305272421154,HOW-profile(HoD-cond),Hog_office_Napoleon,123,office,Hog,True
6,5,0.6666666666666666,0.8333333333333334,0.7407407407407408,3.6,0.8333333333333334,0.012910798122065728,0.6666666666666666,0.310042735042735,0.4232480128345365,HOW-profile(HoD-cond),Hog_office_Shawna,123,office,Hog,True
6,6,0.4117647058823529,1.0,0.5833333333333334,3.8333333333333335,1.0,0.03511904761904762,0.4117647058823529,0.36358024691358026,0.3861752446962956,HOW-profile(HoD-cond),Hog_office_Shawnna,123,office,Hog,True
6,5,0.6666666666666666,0.8333333333333334,0.7407407407407408,22.4,0.8333333333333334,0.008317338451695458,0.6666666666666666,0.5171245421245422,0.5824501688971403,HOW-profile(HoD-cond),Hog_office_Sherrie,123,office,Hog,True
6,6,0.9230769230769231,1.0,0.9600000000000001,64.16666666666667,1.0,0.0013605442176870747,0.9230769230769231,0.29118967452300787,0.4427206831213984,HOW-profile(HoD-cond),Hog_office_Shon,123,office,Hog,True
6,5,0.5333333333333333,0.8333333333333334,0.6504065040650406,27.0,0.8333333333333334,0.019442644199611146,0.5333333333333333,0.30687830687830686,0.38958858102434923,HOW-profile(HoD-cond),Hog_office_Sydney,123,office,Hog,True
6,6,0.5294117647058824,1.0,0.6923076923076924,0.6666666666666666,1.0,0.009596928982725527,0.5147058823529411,0.6614583333333333,0.5789268038551706,HOW-profile(HoD-cond),Hog_office_Valda,123,office,Hog,True
6,5,0.5428571428571428,0.8333333333333334,0.657439446366782,28.4,0.8333333333333334,0.02444987775061125,0.5428571428571428,0.46199633699633696,0.4991732954915311,HOW-profile(HoD-cond),Lamb_education_Armando,123,education,Lamb,False
6,6,0.10714285714285714,1.0,0.19354838709677416,0.3333333333333333,1.0,0.06416131989000917,0.08739495798319329,0.875,0.15891726697227682,HOW-profile(HoD-cond),Lamb_education_Eula,123,education,Lamb,False
6,5,0.6875,0.8333333333333334,0.7534246575342466,34.0,0.8333333333333334,0.08695652173913043,0.6875,0.2565476190476191,0.3736601513240858,HOW-profile(HoD-cond),Lamb_education_Lazaro,123,education,Lamb,False
6,5,0.3875,0.8333333333333334,0.5290102389078498,5.8,0.8333333333333334,0.043795620437956206,0.3875,0.5083333333333334,0.4397674418604651,HOW-profile(HoD-cond),Lamb_education_Lucas,123,education,Lamb,False
6,6,0.4918032786885246,1.0,0.6593406593406593,49.833333333333336,1.0,0.058655221745350504,0.4918032786885246,0.2898892195767196,0.36476867556150433,HOW-profile(HoD-cond),Lamb_education_Mae,123,education,Lamb,False
6,6,0.45454545454545453,1.0,0.625,7.0,1.0,0.036683417085427134,0.4363636363636364,0.5512152777777778,0.48711105428859097,HOW-profile(HoD-cond),Lamb_education_Williams,123,education,Lamb,False
6,4,0.5714285714285714,0.6666666666666666,0.6153846153846153,2.0,0.6666666666666666,0.025959367945823927,0.5714285714285714,0.296875,0.390745501285347,HOW-profile(HoD-cond),Lamb_office_Caitlin,123,office,Lamb,True
6,5,0.6585365853658537,0.8333333333333334,0.7356948228882834,18.2,0.8333333333333334,0.023893183415319746,0.6585365853658537,0.32783189033189036,0.43774572880683127,HOW-profile(HoD-cond),Lamb_office_Velma,123,office,Lamb,True
6,3,0.65,0.5,0.5652173913043479,37.666666666666664,0.5,0.07864302235929067,0.65,0.1534455128205128,0.24827964495861174,HOW-profile(HoD-cond),Rat_retail_Jeffrey,123,retail,Rat,False
6,4,0.5409836065573771,0.6666666666666666,0.5972850678733032,53.5,0.6666666666666666,0.03539208882720333,0.5409836065573771,0.2152391975308642,0.3079538906345265,HOW-profile(HoD-cond),Robin_education_Zenia,123,education,Robin,False
6,4,0.6851851851851852,0.6666666666666666,0.6757990867579909,20.25,0.6666666666666666,0.024539877300613498,0.6851851851851852,0.2917200854700855,0.40921527765119986,HOW-profile(HoD-cond),Robin_office_Dina,123,office,Robin,True
6,4,0.5384615384615384,0.6666666666666666,0.5957446808510638,47.0,0.6666666666666666,0.01003584229390681,0.5384615384615384,0.24006132756132756,0.33207448979409976,HOW-profile(HoD-cond),Robin_office_Sammie,123,office,Robin,True
6,5,0.9166666666666666,0.8333333333333334,0.8730158730158729,15.8,0.8333333333333334,0.001358695652173913,0.9166666666666666,0.2723290598290598,0.4199089465959804,HOW-profile(HoD-cond),Shrew_office_Doris,123,office,Shrew,True
6,4,1.0,0.6666666666666666,0.8,27.0,0.6666666666666666,0.0,1.0,0.3625,0.5321100917431192,HOW-profile(HoD-cond),Shrew_office_Ila,123,office,Shrew,True
6,6,1.0,1.0,1.0,28.333333333333332,1.0,0.0,1.0,0.4371212121212121,0.6083289404322615,HOW-profile(HoD-cond),Shrew_office_Kenneth,123,office,Shrew,True
6,6,0.3442622950819672,1.0,0.5121951219512195,0.6666666666666666,1.0,0.025244719216898505,0.3442622950819672,0.6016534391534392,0.437938785264724,HOW-profile(HoD-cond),Shrew_office_Nora,123,office,Shrew,True
6,5,0.6153846153846154,0.8333333333333334,0.7079646017699115,8.4,0.8333333333333334,0.008787346221441126,0.5961538461538461,0.46527777777777773,0.5226472068444891,HOW-profile(HoD-cond),Shrew_office_Sherill,123,office,Shrew,True
6,6,0.8048780487804879,1.0,0.8918918918918919,75.16666666666667,1.0,0.023767605633802816,0.7915742793791574,0.30797212047212047,0.44342432363848094,HOW-profile(HoD-cond),Wolf_office_Darleen,123,office,Wolf,True
6,4,0.3888888888888889,0.6666666666666666,0.49122807017543857,10.25,0.6666666666666666,0.030181086519114688,0.3888888888888889,0.23731060606060606,0.2947541754881205,HOW-profile(HoD-cond),Wolf_retail_Harriett,123,retail,Wolf,False
6,6,0.42857142857142855,1.0,0.6,6.833333333333333,1.0,0.04333145751266179,0.40756302521008403,0.5838594276094277,0.48003656551693386,HOW-profile(HoD-cond),Wolf_retail_Marcella,123,retail,Wolf,False
6,5,0.16666666666666666,0.8333333333333334,0.2777777777777778,2.0,0.8333333333333334,0.05,0.16666666666666666,0.37615740740740744,0.23098791755508175,HOW-profile(HoD-cond),Wolf_retail_Toshia,123,retail,Wolf,False
6,3,0.1875,0.5,0.2727272727272727,1.3333333333333333,0.5,0.021624472573839662,0.1875,0.27777777777777773,0.22388059701492538,"PatchTST-SSL(HoW-cond, patch-mask train)",Fox_education_Henrietta,123,education,Fox,False
6,3,0.39622641509433965,0.5,0.4421052631578948,52.333333333333336,0.5,0.0842358604091456,0.3915094339622642,0.1630208333333333,0.23019192259299295,"PatchTST-SSL(HoW-cond, patch-mask train)",Fox_retail_Manie,123,retail,Fox,False
6,5,0.8461538461538461,0.8333333333333334,0.8396946564885497,29.8,0.8333333333333334,0.007988380537400145,0.7884615384615384,0.5852926587301587,0.6718534525259454,"PatchTST-SSL(HoW-cond, patch-mask train)",Hog_education_Bruno,123,education,Hog,False
6,6,0.7741935483870968,1.0,0.8727272727272727,43.166666666666664,1.0,0.019206939281288724,0.7741935483870968,0.4803992303992304,0.5928967408612091,"PatchTST-SSL(HoW-cond, patch-mask train)",Hog_education_Caridad,123,education,Hog,False
6,3,0.14285714285714285,0.5,0.22222222222222224,45.666666666666664,0.5,0.017825311942959002,0.14285714285714285,0.16765873015873015,0.15426745778183476,"PatchTST-SSL(HoW-cond, patch-mask train)",Hog_education_Josh,123,education,Hog,False
6,4,0.75,0.6666666666666666,0.7058823529411765,37.5,0.6666666666666666,0.007444168734491315,0.75,0.37165404040404043,0.49701694152079695,"PatchTST-SSL(HoW-cond, patch-mask train)",Hog_education_Luvenia,123,education,Hog,False
6,6,0.7714285714285715,1.0,0.870967741935484,16.166666666666668,1.0,0.017265193370165747,0.7714285714285715,0.4266084995251662,0.5493953289542132,"PatchTST-SSL(HoW-cond, patch-mask train)",Hog_office_Almeda,123,office,Hog,True
6,5,0.7906976744186046,0.8333333333333334,0.8114558472553699,12.8,0.8333333333333334,0.00945179584120983,0.7790697674418605,0.46193181818181817,0.5799784921048989,"PatchTST-SSL(HoW-cond, patch-mask train)",Hog_office_Cortney,123,office,Hog,True
6,5,0.6296296296296297,0.8333333333333334,0.7172995780590717,64.8,0.8333333333333334,0.009067357512953367,0.6296296296296297,0.20982142857142858,0.3147528067756549,"PatchTST-SSL(HoW-cond, patch-mask train)",Hog_office_Denita,123,office,Hog,True
6,5,0.5517241379310345,0.8333333333333334,0.6639004149377594,54.2,0.8333333333333334,0.011572498298162015,0.5517241379310345,0.3260592031425365,0.40988413507204674,"PatchTST-SSL(HoW-cond, patch-mask train)",Hog_office_Garrett,123,office,Hog,True
6,5,0.3333333333333333,0.8333333333333334,0.47619047619047616,1.4,0.8333333333333334,0.027301927194860815,0.3333333333333333,0.48333333333333334,0.39455782312925164,"PatchTST-SSL(HoW-cond, patch-mask train)",Hog_office_Lavon,123,office,Hog,True
6,3,0.8333333333333334,0.5,0.625,44.333333333333336,0.5,0.0006195786864931846,0.8333333333333334,0.18452380952380953,0.3021442495126706,"PatchTST-SSL(HoW-cond, patch-mask train)",Hog_office_Merilyn,123,office,Hog,True
6,5,0.7142857142857143,0.8333333333333334,0.7692307692307692,30.8,0.8333333333333334,0.005031446540880503,0.7142857142857143,0.3695818070818071,0.487120427273916,"PatchTST-SSL(HoW-cond, patch-mask train)",Hog_office_Miriam,123,office,Hog,True
6,6,1.0,1.0,1.0,50.0,1.0,0.0,1.0,0.242352207977208,0.39015056506689794,"PatchTST-SSL(HoW-cond, patch-mask train)",Hog_office_Napoleon,123,office,Hog,True
6,4,0.6,0.6666666666666666,0.631578947368421,3.75,0.6666666666666666,0.014671361502347418,0.6,0.2473290598290598,0.3502710881351657,"PatchTST-SSL(HoW-cond, patch-mask train)",Hog_office_Shawna,123,office,Hog,True
6,6,0.5666666666666667,1.0,0.7234042553191489,3.8333333333333335,1.0,0.0125,0.5666666666666667,0.34969135802469137,0.4324912989783316,"PatchTST-SSL(HoW-cond, patch-mask train)",Hog_office_Shawnna,123,office,Hog,True
6,6,0.8947368421052632,1.0,0.9444444444444444,35.666666666666664,1.0,0.003838771593090211,0.8947368421052632,0.515481277981278,0.6541117069138924,"PatchTST-SSL(HoW-cond, patch-mask train)",Hog_office_Sherrie,123,office,Hog,True
6,6,0.9722222222222222,1.0,0.9859154929577464,25.5,1.0,0.0006802721088435374,0.9722222222222222,0.253493265993266,0.40213538745626787,"PatchTST-SSL(HoW-cond, patch-mask train)",Hog_office_Shon,123,office,Hog,True
6,5,0.6666666666666666,0.8333333333333334,0.7407407407407408,36.4,0.8333333333333334,0.009073233959818535,0.6666666666666666,0.3184223184223184,0.4309895833333333,"PatchTST-SSL(HoW-cond, patch-mask train)",Hog_office_Sydney,123,office,Hog,True
6,6,0.4,1.0,0.5714285714285715,3.3333333333333335,1.0,0.009596928982725527,0.4,0.6177083333333333,0.48556806550665305,"PatchTST-SSL(HoW-cond, patch-mask train)",Hog_office_Valda,123,office,Hog,True
6,5,0.9523809523809523,0.8333333333333334,0.888888888888889,20.4,0.8333333333333334,0.0012224938875305623,0.9523809523809523,0.3904151404151404,0.5538055185702379,"PatchTST-SSL(HoW-cond, patch-mask train)",Lamb_education_Armando,123,education,Lamb,False
6,6,0.11764705882352941,1.0,0.21052631578947367,0.5,1.0,0.04307974335472044,0.09967320261437909,0.8416666666666667,0.1782387317016722,"PatchTST-SSL(HoW-cond, patch-mask train)",Lamb_education_Eula,123,education,Lamb,False
6,4,0.56,0.6666666666666666,0.6086956521739131,29.0,0.6666666666666666,0.062111801242236024,0.56,0.29149305555555555,0.3834114912531093,"PatchTST-SSL(HoW-cond, patch-mask train)",Lamb_education_Lazaro,123,education,Lamb,False
6,5,0.35,0.8333333333333334,0.49295774647887325,7.2,0.8333333333333334,0.018528916339135316,0.35,0.48253968253968255,0.405719733079123,"PatchTST-SSL(HoW-cond, patch-mask train)",Lamb_education_Lucas,123,education,Lamb,False
6,6,0.4909090909090909,1.0,0.6585365853658536,46.5,1.0,0.03791130185979971,0.4909090909090909,0.2651289682539683,0.3443060020637127,"PatchTST-SSL(HoW-cond, patch-mask train)",Lamb_education_Mae,123,education,Lamb,False
6,6,0.38095238095238093,1.0,0.5517241379310345,11.0,1.0,0.020603015075376884,0.38095238095238093,0.5321180555555555,0.44402191135859476,"PatchTST-SSL(HoW-cond, patch-mask train)",Lamb_education_Williams,123,education,Lamb,False
6,4,0.5555555555555556,0.6666666666666666,0.606060606060606,1.5,0.6666666666666666,0.0327313769751693,0.5555555555555556,0.31828703703703703,0.40470934510669615,"PatchTST-SSL(HoW-cond, patch-mask train)",Lamb_office_Caitlin,123,office,Lamb,True
6,5,0.7307692307692307,0.8333333333333334,0.7786885245901639,21.6,0.8333333333333334,0.020379479971890373,0.7307692307692307,0.283008658008658,0.40800656949291725,"PatchTST-SSL(HoW-cond, patch-mask train)",Lamb_office_Velma,123,office,Lamb,True
6,3,0.6923076923076923,0.5,0.5806451612903226,53.333333333333336,0.5,0.05319969159599075,0.6923076923076923,0.1501513532763533,0.24677979880093487,"PatchTST-SSL(HoW-cond, patch-mask train)",Rat_retail_Jeffrey,123,retail,Rat,False
6,4,0.59375,0.6666666666666666,0.628099173553719,71.25,0.6666666666666666,0.03539208882720333,0.59375,0.2069444444444444,0.3069167389418907,"PatchTST-SSL(HoW-cond, patch-mask train)",Robin_education_Zenia,123,education,Robin,False
6,4,0.7857142857142857,0.6666666666666666,0.721311475409836,20.25,0.6666666666666666,0.010429447852760737,0.7857142857142857,0.2988782051282051,0.4330343007915567,"PatchTST-SSL(HoW-cond, patch-mask train)",Robin_office_Dina,123,office,Robin,True
6,4,0.3333333333333333,0.6666666666666666,0.4444444444444444,64.75,0.6666666666666666,0.013620071684587814,0.3333333333333333,0.23203463203463204,0.2736089841755998,"PatchTST-SSL(HoW-cond, patch-mask train)",Robin_office_Sammie,123,office,Robin,True
6,5,0.9629629629629629,0.8333333333333334,0.8934707903780069,23.0,0.8333333333333334,0.0020380434782608695,0.9629629629629629,0.26381766381766375,0.41416799986237973,"PatchTST-SSL(HoW-cond, patch-mask train)",Shrew_office_Doris,123,office,Shrew,True
6,4,0.868421052631579,0.6666666666666666,0.7542857142857142,15.75,0.6666666666666666,0.006427915518824609,0.868421052631579,0.35625,0.5052377115229654,"PatchTST-SSL(HoW-cond, patch-mask train)",Shrew_office_Ila,123,office,Shrew,True
6,6,0.953125,1.0,0.976,22.5,1.0,0.007057163020465773,0.953125,0.4451388888888889,0.6068568413210826,"PatchTST-SSL(HoW-cond, patch-mask train)",Shrew_office_Kenneth,123,office,Shrew,True
6,6,0.5277777777777778,1.0,0.6909090909090909,1.1666666666666667,1.0,0.010303967027305513,0.5277777777777778,0.5662698412698414,0.5463466731148995,"PatchTST-SSL(HoW-cond, patch-mask train)",Shrew_office_Nora,123,office,Shrew,True
6,5,0.5294117647058824,0.8333333333333334,0.6474820143884893,8.6,0.8333333333333334,0.015817223198594025,0.5098039215686274,0.44047619047619047,0.47261115205109305,"PatchTST-SSL(HoW-cond, patch-mask train)",Shrew_office_Sherill,123,office,Shrew,True
6,6,0.78125,1.0,0.8771929824561403,66.83333333333333,1.0,0.023767605633802816,0.7630208333333334,0.26867114367114364,0.3974086927220258,"PatchTST-SSL(HoW-cond, patch-mask train)",Wolf_office_Darleen,123,office,Wolf,True
6,4,0.41509433962264153,0.6666666666666666,0.5116279069767442,29.25,0.6666666666666666,0.02682763246143528,0.41509433962264153,0.22294823232323233,0.29008894809012237,"PatchTST-SSL(HoW-cond, patch-mask train)",Wolf_retail_Harriett,123,retail,Wolf,False
6,5,0.6551724137931034,0.8333333333333334,0.7335907335907337,9.0,0.8333333333333334,0.022509848058525603,0.6275862068965516,0.5839646464646465,0.6049901354444801,"PatchTST-SSL(HoW-cond, patch-mask train)",Wolf_retail_Marcella,123,retail,Wolf,False
6,6,0.17073170731707318,1.0,0.2916666666666667,8.666666666666666,1.0,0.05260416666666667,0.17073170731707318,0.3789351851851852,0.23540166603325904,"PatchTST-SSL(HoW-cond, patch-mask train)",Wolf_retail_Toshia,123,retail,Wolf,False
6,4,0.19444444444444445,0.6666666666666666,0.3010752688172043,37.75,0.6666666666666666,0.04852320675105485,0.19444444444444445,0.2854938271604938,0.23133261879242584,TOWT(HoW-cond),Fox_education_Henrietta,123,education,Fox,False
6,3,0.4,0.5,0.4444444444444445,61.333333333333336,0.5,0.08062575210589651,0.4,0.1578125,0.22633053221288513,TOWT(HoW-cond),Fox_retail_Manie,123,retail,Fox,False
6,5,0.6190476190476191,0.8333333333333334,0.7103825136612022,30.8,0.8333333333333334,0.011619462599854757,0.5833333333333334,0.6047123015873016,0.5938304594101848,TOWT(HoW-cond),Hog_education_Bruno,123,education,Hog,False
6,6,0.9166666666666666,1.0,0.9565217391304348,47.666666666666664,1.0,0.004337050805452293,0.9166666666666666,0.37662337662337664,0.5338912133891213,TOWT(HoW-cond),Hog_education_Caridad,123,education,Hog,False
6,3,0.15625,0.5,0.23809523809523808,35.666666666666664,0.5,0.033273915626856804,0.15625,0.16964285714285712,0.16267123287671234,TOWT(HoW-cond),Hog_education_Josh,123,education,Hog,False
6,4,0.7,0.6666666666666666,0.6829268292682926,33.75,0.6666666666666666,0.008684863523573201,0.7,0.403219696969697,0.5116909871244636,TOWT(HoW-cond),Hog_education_Luvenia,123,education,Hog,False
6,6,0.7638888888888888,1.0,0.8661417322834646,9.833333333333334,1.0,0.024171270718232045,0.7638888888888888,0.44880698005698005,0.5654157387693839,TOWT(HoW-cond),Hog_office_Almeda,123,office,Hog,True
6,5,0.7017543859649122,0.8333333333333334,0.7619047619047619,14.0,0.8333333333333334,0.015122873345935728,0.7017543859649122,0.5388468013468013,0.6096046176252298,TOWT(HoW-cond),Hog_office_Cortney,123,office,Hog,True
6,6,0.625,1.0,0.7692307692307693,56.333333333333336,1.0,0.007124352331606218,0.625,0.20738260582010581,0.3114292099121021,TOWT(HoW-cond),Hog_office_Denita,123,office,Hog,True
6,4,0.9583333333333334,0.6666666666666666,0.7863247863247863,60.0,0.6666666666666666,0.0006807351940095302,0.9583333333333334,0.2654180695847363,0.41570368417231274,TOWT(HoW-cond),Hog_office_Garrett,123,office,Hog,True
6,4,0.5,0.6666666666666666,0.5714285714285715,1.0,0.6666666666666666,0.0026766595289079227,0.5,0.4166666666666667,0.45454545454545453,TOWT(HoW-cond),Hog_office_Lavon,123,office,Hog,True
6,5,0.8,0.8333333333333334,0.816326530612245,23.2,0.8333333333333334,0.012391573729863693,0.8,0.2944223985890652,0.43043329371714034,TOWT(HoW-cond),Hog_office_Merilyn,123,office,Hog,True
6,5,0.4857142857142857,0.8333333333333334,0.6137184115523466,16.2,0.8333333333333334,0.014465408805031447,0.4857142857142857,0.43414224664224665,0.45848256507135865,TOWT(HoW-cond),Hog_office_Miriam,123,office,Hog,True
6,6,0.9411764705882353,1.0,0.9696969696969697,53.166666666666664,1.0,0.0014316392269148174,0.9411764705882353,0.2198539886039886,0.35644439713151327,TOWT(HoW-cond),Hog_office_Napoleon,123,office,Hog,True
6,5,0.7619047619047619,0.8333333333333334,0.7960199004975124,3.8,0.8333333333333334,0.008802816901408451,0.7619047619047619,0.31498397435897435,0.4457058225354408,TOWT(HoW-cond),Hog_office_Shawna,123,office,Hog,True
6,5,0.6666666666666666,0.8333333333333334,0.7407407407407408,4.8,0.8333333333333334,0.005357142857142857,0.6666666666666666,0.292824074074074,0.40691596300763966,TOWT(HoW-cond),Hog_office_Shawnna,123,office,Hog,True
6,6,0.6774193548387096,1.0,0.8076923076923077,29.5,1.0,0.009596928982725527,0.6774193548387096,0.5317358567358568,0.5958013620857627,TOWT(HoW-cond),Hog_office_Sherrie,123,office,Hog,True
6,6,0.9642857142857143,1.0,0.9818181818181818,71.83333333333333,1.0,0.0006802721088435374,0.9642857142857143,0.21384680134680134,0.3500614962209169,TOWT(HoW-cond),Hog_office_Shon,123,office,Hog,True
6,5,0.6,0.8333333333333334,0.6976744186046512,27.2,0.8333333333333334,0.012313674659753726,0.6,0.2988516113516113,0.3989779059111554,TOWT(HoW-cond),Hog_office_Sydney,123,office,Hog,True
6,6,0.21428571428571427,1.0,0.35294117647058826,8.166666666666666,1.0,0.01199616122840691,0.21428571428571427,0.6489583333333333,0.32218583002930523,TOWT(HoW-cond),Hog_office_Valda,123,office,Hog,True
6,4,0.76,0.6666666666666666,0.7102803738317756,17.0,0.6666666666666666,0.004889975550122249,0.76,0.44177350427350426,0.5587539782728518,TOWT(HoW-cond),Lamb_education_Armando,123,education,Lamb,False
6,6,0.09523809523809523,1.0,0.17391304347826084,0.3333333333333333,1.0,0.07378551787351054,0.07728647014361299,0.875,0.14202797896616726,TOWT(HoW-cond),Lamb_education_Eula,123,education,Lamb,False
6,3,0.5882352941176471,0.5,0.5405405405405405,37.666666666666664,0.5,0.05962732919254658,0.5882352941176471,0.234375,0.335195530726257,TOWT(HoW-cond),Lamb_education_Lazaro,123,education,Lamb,False
6,6,0.40476190476190477,1.0,0.576271186440678,7.166666666666667,1.0,0.017405951712521055,0.40476190476190477,0.49212962962962964,0.44419044809871444,TOWT(HoW-cond),Lamb_education_Lucas,123,education,Lamb,False
6,4,0.7333333333333333,0.6666666666666666,0.6984126984126984,34.75,0.6666666666666666,0.00357653791130186,0.7333333333333333,0.2497519841269841,0.3726054123147821,TOWT(HoW-cond),Lamb_education_Mae,123,education,Lamb,False
6,6,0.3,1.0,0.4615384615384615,7.0,1.0,0.033668341708542715,0.3,0.5373263888888888,0.3850300642753472,TOWT(HoW-cond),Lamb_education_Williams,123,education,Lamb,False
6,4,0.42857142857142855,0.6666666666666666,0.5217391304347826,8.75,0.6666666666666666,0.02144469525959368,0.42857142857142855,0.2876157407407407,0.34422255569664084,TOWT(HoW-cond),Lamb_office_Caitlin,123,office,Lamb,True
6,5,0.7142857142857143,0.8333333333333334,0.7692307692307692,28.8,0.8333333333333334,0.02108222066057625,0.7142857142857143,0.2764249639249639,0.39859548735288375,TOWT(HoW-cond),Lamb_office_Velma,123,office,Lamb,True
6,3,0.8627450980392157,0.5,0.6330935251798562,128.0,0.5,0.017733230531996914,0.8627450980392157,0.11066595441595443,0.19616894517764497,TOWT(HoW-cond),Rat_retail_Jeffrey,123,retail,Rat,False
6,4,0.6296296296296297,0.6666666666666666,0.6476190476190475,52.25,0.6666666666666666,0.04371963913948647,0.6213991769547325,0.17550154320987654,0.2737016337050764,TOWT(HoW-cond),Robin_education_Zenia,123,education,Robin,False
6,4,0.7142857142857143,0.6666666666666666,0.689655172413793,20.25,0.6666666666666666,0.012269938650306749,0.7142857142857143,0.3186431623931624,0.4406929925012006,TOWT(HoW-cond),Robin_office_Dina,123,office,Robin,True
6,4,0.2777777777777778,0.6666666666666666,0.39215686274509803,76.75,0.6666666666666666,0.011469534050179211,0.2777777777777778,0.22824675324675323,0.2505881514222571,TOWT(HoW-cond),Robin_office_Sammie,123,office,Robin,True
6,5,0.5526315789473685,0.8333333333333334,0.6645569620253164,26.2,0.8333333333333334,0.017663043478260868,0.5526315789473685,0.2827279202279202,0.3740769743381477,TOWT(HoW-cond),Shrew_office_Doris,123,office,Shrew,True
6,4,0.972972972972973,0.6666666666666666,0.7912087912087912,20.0,0.6666666666666666,0.0009182736455463728,0.972972972972973,0.37152777777777785,0.5377259719410903,TOWT(HoW-cond),Shrew_office_Ila,123,office,Shrew,True
6,6,1.0,1.0,1.0,56.333333333333336,1.0,0.0,1.0,0.36887626262626255,0.5389475626066503,TOWT(HoW-cond),Shrew_office_Kenneth,123,office,Shrew,True
6,6,0.35185185185185186,1.0,0.5205479452054794,0.6666666666666666,1.0,0.019577537351880475,0.35185185185185186,0.5887566137566137,0.44047042401704195,TOWT(HoW-cond),Shrew_office_Nora,123,office,Shrew,True
6,6,0.5,1.0,0.6666666666666666,15.0,1.0,0.011716461628588167,0.5,0.46345899470899465,0.4810365539728848,TOWT(HoW-cond),Shrew_office_Sherill,123,office,Shrew,True
6,5,0.84375,0.8333333333333334,0.8385093167701863,52.0,0.8333333333333334,0.020246478873239437,0.8255208333333334,0.28904660154660156,0.4281732695817061,TOWT(HoW-cond),Wolf_office_Darleen,123,office,Wolf,True
6,3,0.44,0.5,0.46808510638297873,2.0,0.5,0.028839704896042925,0.44,0.22626262626262628,0.2988477865372953,TOWT(HoW-cond),Wolf_retail_Harriett,123,retail,Wolf,False
6,6,0.5102040816326531,1.0,0.6756756756756758,5.666666666666667,1.0,0.04389420371412493,0.4921968787515006,0.5970117845117845,0.5395611453074434,TOWT(HoW-cond),Wolf_retail_Marcella,123,retail,Wolf,False
6,6,0.17647058823529413,1.0,0.3,11.0,1.0,0.058854166666666666,0.17647058823529413,0.3789351851851852,0.2408002157444409,TOWT(HoW-cond),Wolf_retail_Toshia,123,retail,Wolf,False
6,4,0.17391304347826086,0.6666666666666666,0.27586206896551724,49.25,0.6666666666666666,0.03164556962025317,0.17391304347826086,0.2785493827160494,0.21413212723363237,HOW-profile+z(slot),Fox_education_Henrietta,123,education,Fox,False
6,5,0.3181818181818182,0.8333333333333334,0.4605263157894736,41.4,0.8333333333333334,0.11070998796630566,0.3131313131313131,0.25243055555555555,0.27952348173367314,HOW-profile+z(slot),Fox_retail_Manie,123,retail,Fox,False
6,6,0.5142857142857142,1.0,0.6792452830188679,47.333333333333336,1.0,0.03122730573710966,0.4928571428571429,0.5929673721340388,0.5382973045876829,HOW-profile+z(slot),Hog_education_Bruno,123,education,Hog,False
6,6,0.8260869565217391,1.0,0.9047619047619047,40.0,1.0,0.006195786864931847,0.8260869565217391,0.5666786916786917,0.6722249020708243,HOW-profile+z(slot),Hog_education_Caridad,123,education,Hog,False
6,4,0.16,0.6666666666666666,0.25806451612903225,60.0,0.6666666666666666,0.023767082590612002,0.16,0.21279761904761907,0.1826600670605141,HOW-profile+z(slot),Hog_education_Josh,123,education,Hog,False
6,4,0.7631578947368421,0.6666666666666666,0.7116564417177914,34.5,0.6666666666666666,0.009925558312655087,0.7631578947368421,0.38964646464646463,0.5158928715542386,HOW-profile+z(slot),Hog_education_Luvenia,123,education,Hog,False
6,6,0.6533333333333333,1.0,0.7903225806451613,13.333333333333334,1.0,0.024861878453038673,0.644,0.4399335232668566,0.5227574992421469,HOW-profile+z(slot),Hog_office_Almeda,123,office,Hog,True
6,5,0.6046511627906976,0.8333333333333334,0.7008086253369273,12.8,0.8333333333333334,0.017643352236925015,0.6,0.5503156565656565,0.5740848471543822,HOW-profile+z(slot),Hog_office_Cortney,123,office,Hog,True
6,5,0.55,0.8333333333333334,0.6626506024096386,77.2,0.8333333333333334,0.009067357512953367,0.55,0.19977678571428573,0.29309318249479016,HOW-profile+z(slot),Hog_office_Denita,123,office,Hog,True
6,6,0.6888888888888889,1.0,0.8157894736842105,21.0,1.0,0.02110279101429544,0.6888888888888889,0.3982568742985409,0.5047248398843891,HOW-profile+z(slot),Hog_office_Garrett,123,office,Hog,True
6,6,0.3333333333333333,1.0,0.5,50.833333333333336,1.0,0.022483940042826552,0.3333333333333333,0.5172008547008546,0.40539295733366826,HOW-profile+z(slot),Hog_office_Lavon,123,office,Hog,True
6,5,0.9166666666666666,0.8333333333333334,0.8730158730158729,60.2,0.8333333333333334,0.0006195786864931846,0.9166666666666666,0.23271604938271603,0.37119584675975653,HOW-profile+z(slot),Hog_office_Merilyn,123,office,Hog,True
6,4,0.4,0.6666666666666666,0.5,3.75,0.6666666666666666,0.016352201257861635,0.4,0.42094017094017094,0.4102030192608017,HOW-profile+z(slot),Hog_office_Miriam,123,office,Hog,True
6,6,0.9574468085106383,1.0,0.9782608695652174,44.5,1.0,0.0014316392269148174,0.9574468085106383,0.2616542022792023,0.4109913431099699,HOW-profile+z(slot),Hog_office_Napoleon,123,office,Hog,True
6,5,0.7021276595744681,0.8333333333333334,0.7621247113163973,3.8,0.8333333333333334,0.008802816901408451,0.7021276595744681,0.341159188034188,0.4591973967386242,HOW-profile+z(slot),Hog_office_Shawna,123,office,Hog,True
6,6,0.4107142857142857,1.0,0.5822784810126582,3.8333333333333335,1.0,0.030357142857142857,0.4107142857142857,0.3639660493827161,0.38592965181633215,HOW-profile+z(slot),Hog_office_Shawnna,123,office,Hog,True
6,6,0.8285714285714286,1.0,0.90625,39.0,1.0,0.003838771593090211,0.8285714285714286,0.5043930606430607,0.6270619843216046,HOW-profile+z(slot),Hog_office_Sherrie,123,office,Hog,True
6,6,0.9354838709677419,1.0,0.9666666666666666,61.5,1.0,0.0013605442176870747,0.9354838709677419,0.26112514029180695,0.4082843347302678,HOW-profile+z(slot),Hog_office_Shon,123,office,Hog,True
6,5,0.6774193548387096,0.8333333333333334,0.7473309608540925,41.4,0.8333333333333334,0.008425145819831496,0.6774193548387096,0.29064454064454065,0.40676702876628346,HOW-profile+z(slot),Hog_office_Sydney,123,office,Hog,True
6,6,0.43478260869565216,1.0,0.6060606060606061,1.0,1.0,0.011036468330134356,0.43478260869565216,0.6315972222222223,0.5150275351444711,HOW-profile+z(slot),Hog_office_Valda,123,office,Hog,True
6,5,0.40476190476190477,0.8333333333333334,0.5448717948717949,10.0,0.8333333333333334,0.042787286063569685,0.40476190476190477,0.47008547008547014,0.43498488020469883,HOW-profile+z(slot),Lamb_education_Armando,123,education,Lamb,False
6,6,0.10909090909090909,1.0,0.19672131147540983,0.16666666666666666,1.0,0.06874427131072411,0.07411381721726548,0.9583333333333334,0.1375871713375387,HOW-profile+z(slot),Lamb_education_Eula,123,education,Lamb,False
6,4,0.42105263157894735,0.6666666666666666,0.5161290322580646,29.25,0.6666666666666666,0.04782608695652174,0.42105263157894735,0.2677083333333333,0.32731035580673407,HOW-profile+z(slot),Lamb_education_Lazaro,123,education,Lamb,False
6,5,0.38235294117647056,0.8333333333333334,0.5241935483870966,21.4,0.8333333333333334,0.03425042111173498,0.38235294117647056,0.493452380952381,0.4308559549034502,HOW-profile+z(slot),Lamb_education_Lucas,123,education,Lamb,False
6,5,0.525,0.8333333333333334,0.6441717791411044,43.2,0.8333333333333334,0.02145922746781116,0.525,0.2684771825396825,0.3552730284749789,HOW-profile+z(slot),Lamb_education_Mae,123,education,Lamb,False
6,6,0.3125,1.0,0.47619047619047616,6.0,1.0,0.04522613065326633,0.296875,0.4383680555555556,0.35400678866587953,HOW-profile+z(slot),Lamb_education_Williams,123,education,Lamb,False
6,4,0.3,0.6666666666666666,0.41379310344827586,1.75,0.6666666666666666,0.04740406320541761,0.3,0.3136574074074074,0.3066767257638627,HOW-profile+z(slot),Lamb_office_Caitlin,123,office,Lamb,True
6,5,0.7551020408163265,0.8333333333333334,0.7922912205567453,15.8,0.8333333333333334,0.02178496134926212,0.7551020408163265,0.3398268398268398,0.46871343849598573,HOW-profile+z(slot),Lamb_office_Velma,123,office,Lamb,True
6,3,0.7638888888888888,0.5,0.6043956043956044,93.66666666666667,0.5,0.06399383191981496,0.7638888888888888,0.12264066951566953,0.21134962479426453,HOW-profile+z(slot),Rat_retail_Jeffrey,123,retail,Rat,False
6,5,0.5955056179775281,0.8333333333333334,0.6946264744429882,21.8,0.8333333333333334,0.05412907702984039,0.5955056179775281,0.2569058641975308,0.3589554777714323,HOW-profile+z(slot),Robin_education_Zenia,123,education,Robin,False
6,4,0.72,0.6666666666666666,0.6923076923076923,18.25,0.6666666666666666,0.015337423312883436,0.72,0.31607905982905987,0.43930416490508056,HOW-profile+z(slot),Robin_office_Dina,123,office,Robin,True
6,5,0.2857142857142857,0.8333333333333334,0.42553191489361697,55.8,0.8333333333333334,0.016487455197132617,0.2857142857142857,0.23173024891774893,0.2559062396707333,HOW-profile+z(slot),Robin_office_Sammie,123,office,Robin,True
6,5,0.5,0.8333333333333334,0.625,26.6,0.8333333333333334,0.02717391304347826,0.5,0.282514245014245,0.36103399626814725,HOW-profile+z(slot),Shrew_office_Doris,123,office,Shrew,True
6,5,0.9302325581395349,0.8333333333333334,0.8791208791208791,37.8,0.8333333333333334,0.0027548209366391185,0.9302325581395349,0.3810763888888889,0.5406653632402975,HOW-profile+z(slot),Shrew_office_Ila,123,office,Shrew,True
6,6,0.9733333333333334,1.0,0.9864864864864865,16.666666666666668,1.0,0.002117148906139732,0.9733333333333334,0.5005681818181817,0.6611292436586055,HOW-profile+z(slot),Shrew_office_Kenneth,123,office,Shrew,True
6,6,0.31746031746031744,1.0,0.4819277108433735,0.6666666666666666,1.0,0.027820710973724884,0.31746031746031744,0.5927248677248677,0.4134688802614976,HOW-profile+z(slot),Shrew_office_Nora,123,office,Shrew,True
6,5,0.5714285714285714,0.8333333333333334,0.6779661016949152,7.2,0.8333333333333334,0.015817223198594025,0.5555555555555556,0.4672619047619047,0.5075978014872293,HOW-profile+z(slot),Shrew_office_Sherill,123,office,Shrew,True
6,6,0.847457627118644,1.0,0.9174311926605504,63.833333333333336,1.0,0.025528169014084508,0.8375706214689266,0.29444359652692986,0.43571414953996496,HOW-profile+z(slot),Wolf_office_Darleen,123,office,Wolf,True
6,5,0.36923076923076925,0.8333333333333334,0.5117270788912579,25.4,0.8333333333333334,0.03822937625754527,0.36923076923076925,0.25177819865319867,0.29939747337635175,HOW-profile+z(slot),Wolf_retail_Harriett,123,retail,Wolf,False
6,6,0.4782608695652174,1.0,0.6470588235294118,6.833333333333333,1.0,0.04558244231851435,0.45893719806763283,0.6283670033670034,0.5304513520740654,HOW-profile+z(slot),Wolf_retail_Marcella,123,retail,Wolf,False
6,6,0.1891891891891892,1.0,0.3181818181818182,8.5,1.0,0.04791666666666667,0.1891891891891892,0.3800925925925926,0.25263204167307735,HOW-profile+z(slot),Wolf_retail_Toshia,123,retail,Wolf,False
6,5,0.25,0.8333333333333334,0.3846153846153846,7.0,0.8333333333333334,0.07225738396624473,0.24509803921568624,0.3155864197530864,0.27591138454896247,Autoencoder(t),Fox_education_Henrietta,123,education,Fox,False
6,5,0.26666666666666666,0.8333333333333334,0.40404040404040403,50.6,0.8333333333333334,0.061371841155234655,0.26666666666666666,0.21701388888888892,0.23929169657812877,Autoencoder(t),Fox_retail_Manie,123,retail,Fox,False
6,6,0.5111111111111111,1.0,0.676470588235294,50.333333333333336,1.0,0.07988380537400146,0.5111111111111111,0.42691247795414466,0.4652328864603021,Autoencoder(t),Hog_education_Bruno,123,education,Hog,False
6,6,0.47058823529411764,1.0,0.6399999999999999,65.66666666666667,1.0,0.013011152416356878,0.47058823529411764,0.37331649831649827,0.41634640772141873,Autoencoder(t),Hog_education_Caridad,123,education,Hog,False
6,6,0.20833333333333334,1.0,0.3448275862068966,70.33333333333333,1.0,0.0659536541889483,0.19791666666666666,0.3047701719576719,0.23998677466217141,Autoencoder(t),Hog_education_Josh,123,education,Hog,False
6,5,0.42105263157894735,0.8333333333333334,0.5594405594405594,12.2,0.8333333333333334,0.06265508684863523,0.40350877192982454,0.5099116161616162,0.45051284756198856,Autoencoder(t),Hog_education_Luvenia,123,education,Hog,False
6,6,0.4523809523809524,1.0,0.6229508196721312,21.0,1.0,0.04696132596685083,0.43650793650793646,0.3481422127255461,0.38734928945489955,Autoencoder(t),Hog_office_Almeda,123,office,Hog,True
6,6,0.33962264150943394,1.0,0.5070422535211268,33.333333333333336,1.0,0.10649023314429741,0.330188679245283,0.41993897306397304,0.36969466317567123,Autoencoder(t),Hog_office_Cortney,123,office,Hog,True
6,6,0.3333333333333333,1.0,0.5,41.166666666666664,1.0,0.08484455958549222,0.3333333333333333,0.2347470238095238,0.2754857018118315,Autoencoder(t),Hog_office_Denita,123,office,Hog,True
6,6,0.4520547945205479,1.0,0.6226415094339622,57.666666666666664,1.0,0.055820285908781485,0.4520547945205479,0.26343995510662177,0.3328865650971761,Autoencoder(t),Hog_office_Garrett,123,office,Hog,True
6,5,0.13636363636363635,0.8333333333333334,0.23437499999999997,1.2,0.8333333333333334,0.06531049250535331,0.13636363636363635,0.4611111111111111,0.2104818258664412,Autoencoder(t),Hog_office_Lavon,123,office,Hog,True
6,6,0.5277777777777778,1.0,0.6909090909090909,32.333333333333336,1.0,0.031598513011152414,0.5277777777777778,0.3122795414462081,0.3923879922436542,Autoencoder(t),Hog_office_Merilyn,123,office,Hog,True
6,6,0.4791666666666667,1.0,0.647887323943662,18.666666666666668,1.0,0.0389937106918239,0.4791666666666667,0.37992979242979247,0.4238166512696608,Autoencoder(t),Hog_office_Miriam,123,office,Hog,True
6,6,0.5277777777777778,1.0,0.6909090909090909,57.166666666666664,1.0,0.025769506084466716,0.5277777777777778,0.3300569800569801,0.40613122255433787,Autoencoder(t),Hog_office_Napoleon,123,office,Hog,True
6,4,0.36538461538461536,0.6666666666666666,0.4720496894409938,8.75,0.6666666666666666,0.04225352112676056,0.36538461538461536,0.21963141025641028,0.27435124798499677,Autoencoder(t),Hog_office_Shawna,123,office,Hog,True
6,5,0.25,0.8333333333333334,0.3846153846153846,45.6,0.8333333333333334,0.04880952380952381,0.25,0.20609567901234568,0.22593469802063948,Autoencoder(t),Hog_office_Shawnna,123,office,Hog,True
6,6,0.425531914893617,1.0,0.5970149253731344,33.666666666666664,1.0,0.03966730646193218,0.425531914893617,0.40840964590964585,0.4167950054379295,Autoencoder(t),Hog_office_Sherrie,123,office,Hog,True
6,6,0.6444444444444445,1.0,0.7837837837837839,13.666666666666666,1.0,0.047619047619047616,0.6444444444444445,0.27039842873176206,0.38095452299408744,Autoencoder(t),Hog_office_Shon,123,office,Hog,True
6,6,0.30357142857142855,1.0,0.4657534246575342,41.333333333333336,1.0,0.057031756318859365,0.29910714285714285,0.3068632756132756,0.3029355718325431,Autoencoder(t),Hog_office_Sydney,123,office,Hog,True
6,5,0.16,0.8333333333333334,0.2684563758389262,2.8,0.8333333333333334,0.09261036468330135,0.15333333333333332,0.4503472222222222,0.2287741094367115,Autoencoder(t),Hog_office_Valda,123,office,Hog,True
6,6,0.3384615384615385,1.0,0.5057471264367815,6.666666666666667,1.0,0.13080684596577016,0.3299145299145299,0.4885531135531136,0.3938598479306345,Autoencoder(t),Lamb_education_Armando,123,education,Lamb,False
6,5,0.08333333333333333,0.8333333333333334,0.15151515151515152,1.0,0.8333333333333334,0.12098991750687443,0.08333333333333333,0.6,0.14634146341463414,Autoencoder(t),Lamb_education_Eula,123,education,Lamb,False
6,4,0.30303030303030304,0.6666666666666666,0.41666666666666663,2.25,0.6666666666666666,0.12049689440993788,0.2878787878787879,0.3095486111111111,0.29832069673033396,Autoencoder(t),Lamb_education_Lazaro,123,education,Lamb,False
6,6,0.3584905660377358,1.0,0.5277777777777778,8.0,1.0,0.11061201572150477,0.3459119496855346,0.4949074074074074,0.4072084800759079,Autoencoder(t),Lamb_education_Lucas,123,education,Lamb,False
6,6,0.3548387096774194,1.0,0.5238095238095238,28.333333333333332,1.0,0.16666666666666666,0.3413978494623656,0.30493551587301587,0.3221381872796404,Autoencoder(t),Lamb_education_Mae,123,education,Lamb,False
6,6,0.21568627450980393,1.0,0.3548387096774193,7.666666666666667,1.0,0.1185929648241206,0.21568627450980393,0.4461805555555556,0.29079874504963227,Autoencoder(t),Lamb_education_Williams,123,education,Lamb,False
6,3,0.35,0.5,0.4117647058823529,7.0,0.5,0.024266365688487584,0.35,0.1636574074074074,0.2230283911671924,Autoencoder(t),Lamb_office_Caitlin,123,office,Lamb,True
6,6,0.4852941176470588,1.0,0.6534653465346535,17.0,1.0,0.11454673225579762,0.461922268907563,0.360990860990861,0.4052668781317801,Autoencoder(t),Lamb_office_Velma,123,office,Lamb,True
6,4,0.8490566037735849,0.6666666666666666,0.7468879668049793,7.75,0.6666666666666666,0.017733230531996914,0.8377358490566037,0.14048254985754985,0.2406155278068516,Autoencoder(t),Rat_retail_Jeffrey,123,retail,Rat,False
6,5,0.5526315789473685,0.8333333333333334,0.6645569620253164,14.0,0.8333333333333334,0.06176266481609993,0.5451127819548872,0.33086419753086416,0.4117877692886435,Autoencoder(t),Robin_education_Zenia,123,education,Robin,False
6,5,0.3898305084745763,0.8333333333333334,0.5311778290993072,22.4,0.8333333333333334,0.0834355828220859,0.3898305084745763,0.36730769230769234,0.3782341039218219,Autoencoder(t),Robin_office_Dina,123,office,Robin,True
6,6,0.23809523809523808,1.0,0.3846153846153846,49.5,1.0,0.04516129032258064,0.23809523809523808,0.23707386363636362,0.2375834531452405,Autoencoder(t),Robin_office_Sammie,123,office,Robin,True
6,4,0.45098039215686275,0.6666666666666666,0.5380116959064327,20.5,0.6666666666666666,0.07744565217391304,0.45098039215686275,0.2163817663817664,0.29244671011053497,Autoencoder(t),Shrew_office_Doris,123,office,Shrew,True
6,6,0.6122448979591837,1.0,0.759493670886076,54.166666666666664,1.0,0.09090909090909091,0.6122448979591837,0.21232638888888888,0.3153050569981137,Autoencoder(t),Shrew_office_Ila,123,office,Shrew,True
6,6,0.631578947368421,1.0,0.7741935483870968,46.666666666666664,1.0,0.031051517290049402,0.631578947368421,0.36439393939393944,0.46214820449177313,Autoencoder(t),Shrew_office_Kenneth,123,office,Shrew,True
6,6,0.21621621621621623,1.0,0.35555555555555557,16.333333333333332,1.0,0.029881504379185988,0.21621621621621623,0.34649470899470897,0.26627446371222635,Autoencoder(t),Shrew_office_Nora,123,office,Shrew,True
6,6,0.3333333333333333,1.0,0.5,8.166666666666666,1.0,0.062097246631517285,0.3333333333333333,0.2881944444444444,0.3091247672253259,Autoencoder(t),Shrew_office_Sherill,123,office,Shrew,True
6,6,0.5263157894736842,1.0,0.6896551724137931,44.166666666666664,1.0,0.10387323943661972,0.5263157894736842,0.19544498711165378,0.28504121040493163,Autoencoder(t),Wolf_office_Darleen,123,office,Wolf,True
6,5,0.391304347826087,0.8333333333333334,0.5325443786982248,37.0,0.8333333333333334,0.034875922199865864,0.391304347826087,0.2766098484848485,0.3241094049549078,Autoencoder(t),Wolf_retail_Harriett,123,retail,Wolf,False
6,6,0.2698412698412698,1.0,0.425,4.833333333333333,1.0,0.07034327518289252,0.25925925925925924,0.5226220538720538,0.34658612319761556,Autoencoder(t),Wolf_retail_Marcella,123,retail,Wolf,False
6,4,0.19672131147540983,0.6666666666666666,0.30379746835443033,21.5,0.6666666666666666,0.09479166666666666,0.19672131147540983,0.20324074074074075,0.1999278923698742,Autoencoder(t),Wolf_retail_Toshia,123,retail,Wolf,False
6,5,0.21428571428571427,0.8333333333333334,0.3409090909090909,32.8,0.8333333333333334,0.07067510548523206,0.21428571428571427,0.31404320987654316,0.2547465053202587,IsolationForest(t),Fox_education_Henrietta,123,education,Fox,False
6,5,0.2830188679245283,0.8333333333333334,0.4225352112676056,47.8,0.8333333333333334,0.07340553549939831,0.2830188679245283,0.2590277777777778,0.2704923976890909,IsolationForest(t),Fox_retail_Manie,123,retail,Fox,False
6,6,0.5217391304347826,1.0,0.6857142857142856,44.5,1.0,0.013071895424836602,0.4906832298136646,0.5618827160493828,0.523874873533973,IsolationForest(t),Hog_education_Bruno,123,education,Hog,False
6,4,0.46153846153846156,0.6666666666666666,0.5454545454545455,8.0,0.6666666666666666,0.05390334572490706,0.46153846153846156,0.24416786916786914,0.31937608546056295,IsolationForest(t),Hog_education_Caridad,123,education,Hog,False
6,5,0.2222222222222222,0.8333333333333334,0.3508771929824561,43.6,0.8333333333333334,0.07605466428995841,0.2222222222222222,0.27645502645502645,0.24638962569997053,IsolationForest(t),Hog_education_Josh,123,education,Hog,False
6,3,0.391304347826087,0.5,0.4390243902439025,0.3333333333333333,0.5,0.04094292803970223,0.3671497584541063,0.4318181818181818,0.3968668407310705,IsolationForest(t),Hog_education_Luvenia,123,education,Hog,False
6,6,0.4909090909090909,1.0,0.6585365853658536,18.833333333333332,1.0,0.07458563535911603,0.4818181818181818,0.48839624881291543,0.48508491562384076,IsolationForest(t),Hog_office_Almeda,123,office,Hog,True
6,5,0.7391304347826086,0.8333333333333334,0.783410138248848,30.6,0.8333333333333334,0.013232514177693762,0.7391304347826086,0.4556397306397306,0.5637522629181612,IsolationForest(t),Hog_office_Cortney,123,office,Hog,True
6,5,0.425531914893617,0.8333333333333334,0.5633802816901409,24.8,0.8333333333333334,0.03432642487046632,0.425531914893617,0.26128472222222227,0.323769059079786,IsolationForest(t),Hog_office_Denita,123,office,Hog,True
6,4,0.4166666666666667,0.6666666666666666,0.5128205128205129,61.0,0.6666666666666666,0.016337644656228726,0.4166666666666667,0.23920454545454542,0.30392723072480504,IsolationForest(t),Hog_office_Garrett,123,office,Hog,True
6,6,0.6296296296296297,1.0,0.7727272727272727,16.5,1.0,0.027301927194860815,0.6213991769547326,0.5519230769230768,0.5846041777675856,IsolationForest(t),Hog_office_Lavon,123,office,Hog,True
6,4,0.3125,0.6666666666666666,0.425531914893617,31.0,0.6666666666666666,0.04584882280049566,0.3125,0.3138888888888889,0.31319290465631927,IsolationForest(t),Hog_office_Merilyn,123,office,Hog,True
6,5,0.3125,0.8333333333333334,0.45454545454545453,32.8,0.8333333333333334,0.07232704402515723,0.30078125,0.4060592185592186,0.34558009838123066,IsolationForest(t),Hog_office_Miriam,123,office,Hog,True
6,4,0.56,0.6666666666666666,0.6086956521739131,33.25,0.6666666666666666,0.026485325697924122,0.56,0.28009259259259256,0.37341562878871376,IsolationForest(t),Hog_office_Napoleon,123,office,Hog,True
6,4,0.46296296296296297,0.6666666666666666,0.546448087431694,11.25,0.6666666666666666,0.02523474178403756,0.46296296296296297,0.22208867521367523,0.3001783380625411,IsolationForest(t),Hog_office_Shawna,123,office,Hog,True
6,4,0.23809523809523808,0.6666666666666666,0.3508771929824562,6.25,0.6666666666666666,0.06428571428571428,0.23809523809523808,0.13749999999999998,0.17432646592709983,IsolationForest(t),Hog_office_Shawnna,123,office,Hog,True
6,6,0.5897435897435898,1.0,0.7419354838709677,35.833333333333336,1.0,0.04990403071017274,0.5897435897435898,0.46047517297517304,0.5171537419407167,IsolationForest(t),Hog_office_Sherrie,123,office,Hog,True
6,6,0.6595744680851063,1.0,0.7948717948717948,5.0,1.0,0.044897959183673466,0.6504559270516717,0.3485129068462402,0.453852569209002,IsolationForest(t),Hog_office_Shon,123,office,Hog,True
6,6,0.3877551020408163,1.0,0.5588235294117647,61.333333333333336,1.0,0.05508749189889825,0.3877551020408163,0.3304473304473304,0.35681482696408073,IsolationForest(t),Hog_office_Sydney,123,office,Hog,True
6,6,0.21621621621621623,1.0,0.35555555555555557,2.3333333333333335,1.0,0.0628598848368522,0.21621621621621623,0.6211805555555555,0.3207781874418657,IsolationForest(t),Hog_office_Valda,123,office,Hog,True
6,6,0.4,1.0,0.5714285714285715,7.5,1.0,0.1039119804400978,0.38846153846153847,0.4580026455026455,0.4203755236475319,IsolationForest(t),Lamb_education_Armando,123,education,Lamb,False
6,6,0.07142857142857142,1.0,0.13333333333333333,0.6666666666666666,1.0,0.09945004582951421,0.06150793650793651,0.7999999999999999,0.11423307231690466,IsolationForest(t),Lamb_education_Eula,123,education,Lamb,False
6,5,0.40476190476190477,0.8333333333333334,0.5448717948717949,3.6,0.8333333333333334,0.08136645962732919,0.39285714285714285,0.4413966049382716,0.4157147859176703,IsolationForest(t),Lamb_education_Lazaro,123,education,Lamb,False
6,6,0.2972972972972973,1.0,0.4583333333333333,8.333333333333334,1.0,0.11454239191465469,0.28828828828828834,0.47374338624338624,0.3584488006799418,IsolationForest(t),Lamb_education_Lucas,123,education,Lamb,False
6,5,0.30120481927710846,0.8333333333333334,0.44247787610619466,28.2,0.8333333333333334,0.1072961373390558,0.2921686746987952,0.23776455026455026,0.2621739882263606,IsolationForest(t),Lamb_education_Mae,123,education,Lamb,False
6,6,0.1724137931034483,1.0,0.29411764705882354,7.333333333333333,1.0,0.0949748743718593,0.16379310344827586,0.5494791666666666,0.2523605690545134,IsolationForest(t),Lamb_education_Williams,123,education,Lamb,False
6,4,0.2,0.6666666666666666,0.30769230769230765,35.0,0.6666666666666666,0.12979683972911965,0.19,0.28703703703703703,0.22864906832298137,IsolationForest(t),Lamb_office_Caitlin,123,office,Lamb,True
6,5,0.48214285714285715,0.8333333333333334,0.6108597285067874,17.8,0.8333333333333334,0.08222066057624737,0.4732142857142857,0.3643578643578644,0.41171222446122846,IsolationForest(t),Lamb_office_Velma,123,office,Lamb,True
6,3,0.9411764705882353,0.5,0.6530612244897959,116.0,0.5,0.01927525057825752,0.9411764705882353,0.14285078347578348,0.2480524280334415,IsolationForest(t),Rat_retail_Jeffrey,123,retail,Rat,False
6,0,0.0,0.0,0.0,,0.0,0.0,0.0,0.0,0.0,IsolationForest(t),Robin_education_Zenia,123,education,Robin,False
6,4,0.5641025641025641,0.6666666666666666,0.611111111111111,18.5,0.6666666666666666,0.03987730061349693,0.5641025641025641,0.3161324786324786,0.40518982575057344,IsolationForest(t),Robin_office_Dina,123,office,Robin,True
6,4,0.2,0.6666666666666666,0.30769230769230765,71.5,0.6666666666666666,0.07885304659498207,0.2,0.28015873015873016,0.23338842975206614,IsolationForest(t),Robin_office_Sammie,123,office,Robin,True
6,5,0.3958333333333333,0.8333333333333334,0.5367231638418078,15.4,0.8333333333333334,0.07133152173913043,0.3958333333333333,0.2760327635327635,0.3252522173928407,IsolationForest(t),Shrew_office_Doris,123,office,Shrew,True
6,5,0.75,0.8333333333333334,0.7894736842105262,57.2,0.8333333333333334,0.03213957759412305,0.75,0.31059027777777776,0.43926992961204775,IsolationForest(t),Shrew_office_Ila,123,office,Shrew,True
6,6,0.68,1.0,0.8095238095238095,60.833333333333336,1.0,0.022582921665490474,0.68,0.4020833333333333,0.5053523296110897,IsolationForest(t),Shrew_office_Kenneth,123,office,Shrew,True
6,4,0.06896551724137931,0.6666666666666666,0.125,1.25,0.6666666666666666,0.08912931478619268,0.05387931034482758,0.4277777777777778,0.09570448443869942,IsolationForest(t),Shrew_office_Nora,123,office,Shrew,True
6,5,0.41935483870967744,0.8333333333333334,0.5579399141630902,33.4,0.8333333333333334,0.046280023432923256,0.41935483870967744,0.39285714285714285,0.40567375886524826,IsolationForest(t),Shrew_office_Sherill,123,office,Shrew,True
6,6,0.6904761904761905,1.0,0.8169014084507042,78.0,1.0,0.027288732394366196,0.6774891774891775,0.23835385293718625,0.3526415562776383,IsolationForest(t),Wolf_office_Darleen,123,office,Wolf,True
6,5,0.27586206896551724,0.8333333333333334,0.41450777202072536,40.8,0.8333333333333334,0.09926224010731052,0.27155172413793105,0.26266835016835016,0.2670361777673941,IsolationForest(t),Wolf_retail_Harriett,123,retail,Wolf,False
6,6,0.3050847457627119,1.0,0.4675324675324675,5.833333333333333,1.0,0.06415306696679797,0.3050847457627119,0.5988005050505051,0.40422144222744416,IsolationForest(t),Wolf_retail_Marcella,123,retail,Wolf,False
6,6,0.24390243902439024,1.0,0.39215686274509803,9.666666666666666,1.0,0.10208333333333333,0.2086720867208672,0.4826388888888889,0.2913689139341473,IsolationForest(t),Wolf_retail_Toshia,123,retail,Wolf,False
6,3,0.25,0.5,0.3333333333333333,1.3333333333333333,0.5,0.016877637130801686,0.25,0.27777777777777773,0.2631578947368421,OC-SVM(t),Fox_education_Henrietta,123,education,Fox,False
6,4,0.5555555555555556,0.6666666666666666,0.606060606060606,39.5,0.6666666666666666,0.02045728038507822,0.5555555555555556,0.20486111111111113,0.29934043632673774,OC-SVM(t),Fox_retail_Manie,123,retail,Fox,False
6,5,0.9411764705882353,0.8333333333333334,0.8839779005524863,32.6,0.8333333333333334,0.0007262164124909223,0.9411764705882353,0.47160218253968256,0.6283516199819286,OC-SVM(t),Hog_education_Bruno,123,education,Hog,False
6,3,0.38461538461538464,0.5,0.4347826086956522,4.333333333333333,0.5,0.02973977695167286,0.33653846153846156,0.2698412698412698,0.29952177196073493,OC-SVM(t),Hog_education_Caridad,123,education,Hog,False
6,5,0.20512820512820512,0.8333333333333334,0.3292181069958848,43.6,0.8333333333333334,0.0974450386215092,0.20512820512820512,0.3075396825396825,0.2461049915649499,OC-SVM(t),Hog_education_Josh,123,education,Hog,False
6,5,0.6818181818181818,0.8333333333333334,0.7499999999999999,21.6,0.8333333333333334,0.039081885856079406,0.6818181818181818,0.5103535353535353,0.5837553676994472,OC-SVM(t),Hog_education_Luvenia,123,education,Hog,False
6,5,0.6923076923076923,0.8333333333333334,0.7563025210084034,36.8,0.8333333333333334,0.015193370165745856,0.6923076923076923,0.3722993827160494,0.4842081788531765,OC-SVM(t),Hog_office_Almeda,123,office,Hog,True
6,5,0.3,0.8333333333333334,0.4411764705882353,35.6,0.8333333333333334,0.03465658475110271,0.3,0.40597643097643094,0.34503398116132106,OC-SVM(t),Hog_office_Cortney,123,office,Hog,True
6,3,0.42857142857142855,0.5,0.4615384615384615,12.333333333333334,0.5,0.018134715025906734,0.42857142857142855,0.2152777777777778,0.2865947611710324,OC-SVM(t),Hog_office_Denita,123,office,Hog,True
6,4,0.5555555555555556,0.6666666666666666,0.606060606060606,63.75,0.6666666666666666,0.021783526208304968,0.4567901234567901,0.1898042929292929,0.2681765391182446,OC-SVM(t),Hog_office_Garrett,123,office,Hog,True
6,6,0.5333333333333333,1.0,0.6956521739130436,24.333333333333332,1.0,0.024089935760171308,0.5,0.47019230769230763,0.4846382556987116,OC-SVM(t),Hog_office_Lavon,123,office,Hog,True
6,5,0.34615384615384615,0.8333333333333334,0.48913043478260876,47.6,0.8333333333333334,0.05018587360594796,0.34615384615384615,0.2553571428571429,0.29390271751541447,OC-SVM(t),Hog_office_Merilyn,123,office,Hog,True
6,5,0.22580645161290322,0.8333333333333334,0.3553299492385787,63.8,0.8333333333333334,0.059748427672955975,0.1989247311827957,0.3128815628815628,0.24321655091033853,OC-SVM(t),Hog_office_Miriam,123,office,Hog,True
6,5,0.6176470588235294,0.8333333333333334,0.7094594594594594,78.2,0.8333333333333334,0.03650680028632784,0.6176470588235294,0.29394586894586894,0.39832428681076754,OC-SVM(t),Hog_office_Napoleon,123,office,Hog,True
6,4,0.5454545454545454,0.6666666666666666,0.6,23.75,0.6666666666666666,0.012910798122065728,0.5454545454545454,0.2498931623931624,0.3427566584034486,OC-SVM(t),Hog_office_Shawna,123,office,Hog,True
6,4,0.35294117647058826,0.6666666666666666,0.46153846153846156,42.0,0.6666666666666666,0.034523809523809526,0.35294117647058826,0.19259259259259262,0.24920127795527158,OC-SVM(t),Hog_office_Shawnna,123,office,Hog,True
6,4,0.3125,0.6666666666666666,0.425531914893617,16.5,0.6666666666666666,0.04862444017914268,0.3125,0.38075396825396823,0.3432670291929021,OC-SVM(t),Hog_office_Sherrie,123,office,Hog,True
6,6,0.9130434782608695,1.0,0.9545454545454545,37.0,1.0,0.0020408163265306124,0.9130434782608695,0.3110830527497194,0.4640571792462138,OC-SVM(t),Hog_office_Shon,123,office,Hog,True
6,4,0.5217391304347826,0.6666666666666666,0.5853658536585366,18.75,0.6666666666666666,0.01814646791963707,0.5217391304347826,0.25165343915343913,0.3395363536651112,OC-SVM(t),Hog_office_Sydney,123,office,Hog,True
6,4,0.2857142857142857,0.6666666666666666,0.4,0.75,0.6666666666666666,0.03598848368522073,0.2261904761904762,0.5444444444444444,0.31960178510127013,OC-SVM(t),Hog_office_Valda,123,office,Hog,True
6,5,0.19230769230769232,0.8333333333333334,0.3125,32.4,0.8333333333333334,0.06662591687041565,0.19230769230769232,0.41798941798941797,0.2634211403801267,OC-SVM(t),Lamb_education_Armando,123,education,Lamb,False
6,6,0.14285714285714285,1.0,0.25,0.8333333333333334,1.0,0.05728689275893675,0.12103174603174602,0.7666666666666666,0.2090597526449113,OC-SVM(t),Lamb_education_Eula,123,education,Lamb,False
6,5,0.48484848484848486,0.8333333333333334,0.6130268199233716,4.2,0.8333333333333334,0.05714285714285714,0.4696969696969697,0.3908564814814815,0.426665199440824,OC-SVM(t),Lamb_education_Lazaro,123,education,Lamb,False
6,6,0.4090909090909091,1.0,0.5806451612903226,8.5,1.0,0.051094890510948905,0.4090909090909091,0.4340608465608466,0.4212061355030557,OC-SVM(t),Lamb_education_Lucas,123,education,Lamb,False
6,6,0.45454545454545453,1.0,0.625,37.166666666666664,1.0,0.05436337625178827,0.45454545454545453,0.2199487433862434,0.29644940414839743,OC-SVM(t),Lamb_education_Mae,123,education,Lamb,False
6,6,0.32,1.0,0.48484848484848486,7.833333333333333,1.0,0.043718592964824124,0.32,0.3732638888888889,0.34458579585295,OC-SVM(t),Lamb_education_Williams,123,education,Lamb,False
6,3,0.21428571428571427,0.5,0.3,2.6666666666666665,0.5,0.034988713318284424,0.21428571428571427,0.2111111111111111,0.2126865671641791,OC-SVM(t),Lamb_office_Caitlin,123,office,Lamb,True
6,4,0.38461538461538464,0.6666666666666666,0.4878048780487804,21.0,0.6666666666666666,0.06816584680252986,0.38461538461538464,0.31502525252525254,0.34635940862080933,OC-SVM(t),Lamb_office_Velma,123,office,Lamb,True
6,3,0.95,0.5,0.6551724137931034,189.0,0.5,0.01079414032382421,0.95,0.04665242165242165,0.08893732580576003,OC-SVM(t),Rat_retail_Jeffrey,123,retail,Rat,False
6,3,0.36363636363636365,0.5,0.4210526315789474,95.66666666666667,0.5,0.08119361554476058,0.35690235690235694,0.19733796296296294,0.25415106611119903,OC-SVM(t),Robin_education_Zenia,123,education,Robin,False
6,5,0.4857142857142857,0.8333333333333334,0.6137184115523466,29.4,0.8333333333333334,0.03558282208588957,0.4857142857142857,0.4724358974358975,0.4789830832457231,OC-SVM(t),Robin_office_Dina,123,office,Robin,True
6,4,0.19047619047619047,0.6666666666666666,0.2962962962962963,68.25,0.6666666666666666,0.05878136200716846,0.19047619047619047,0.2809027777777778,0.22701603002560594,OC-SVM(t),Robin_office_Sammie,123,office,Robin,True
6,3,0.43333333333333335,0.5,0.4642857142857143,14.666666666666666,0.5,0.049592391304347824,0.43333333333333335,0.2569444444444444,0.3226022803487592,OC-SVM(t),Shrew_office_Doris,123,office,Shrew,True
6,4,0.7037037037037037,0.6666666666666666,0.6846846846846847,65.75,0.6666666666666666,0.03213957759412305,0.7037037037037037,0.22430555555555554,0.3401790416008425,OC-SVM(t),Shrew_office_Ila,123,office,Shrew,True
6,5,0.8421052631578947,0.8333333333333334,0.8376963350785339,46.6,0.8333333333333334,0.007057163020465773,0.8421052631578947,0.41578282828282825,0.5566996148705405,OC-SVM(t),Shrew_office_Kenneth,123,office,Shrew,True
6,4,0.18181818181818182,0.6666666666666666,0.28571428571428575,1.5,0.6666666666666666,0.03554868624420402,0.18181818181818182,0.39444444444444443,0.2489044697633655,OC-SVM(t),Shrew_office_Nora,123,office,Shrew,True
6,4,0.7058823529411765,0.6666666666666666,0.6857142857142857,9.75,0.6666666666666666,0.020503807850029292,0.7058823529411765,0.3343253968253968,0.45374474053295927,OC-SVM(t),Shrew_office_Sherill,123,office,Shrew,True
6,6,0.5714285714285714,1.0,0.7272727272727273,73.0,1.0,0.03697183098591549,0.5714285714285714,0.15647893772893773,0.24568103700042684,OC-SVM(t),Wolf_office_Darleen,123,office,Wolf,True
6,5,0.4883720930232558,0.8333333333333334,0.6158357771260996,42.6,0.8333333333333334,0.04896042924211938,0.4883720930232558,0.2596170033670034,0.3390148330521045,OC-SVM(t),Wolf_retail_Harriett,123,retail,Wolf,False
6,5,0.3611111111111111,0.8333333333333334,0.5038759689922481,5.8,0.8333333333333334,0.026449071468767585,0.3611111111111111,0.4779040404040404,0.4113786472702951,OC-SVM(t),Wolf_retail_Marcella,123,retail,Wolf,False
6,6,0.40625,1.0,0.5777777777777777,10.0,1.0,0.041666666666666664,0.38541666666666663,0.41574074074074074,0.4000048155639025,OC-SVM(t),Wolf_retail_Toshia,123,retail,Wolf,False
6,2,0.5,0.3333333333333333,0.4,0.0,0.3333333333333333,0.13554852320675106,0.024305555555555552,0.3333333333333333,0.04530744336569579,LSTM-AE(t),Fox_education_Henrietta,123,education,Fox,False
6,4,0.42857142857142855,0.6666666666666666,0.5217391304347826,45.5,0.6666666666666666,0.2286401925391095,0.09722222222222222,0.403125,0.1566620402498265,LSTM-AE(t),Fox_retail_Manie,123,retail,Fox,False
6,5,0.8333333333333334,0.8333333333333334,0.8333333333333334,53.4,0.8333333333333334,0.1539578794480755,0.6062500000000001,0.5152777777777778,0.5570743034055728,LSTM-AE(t),Hog_education_Bruno,123,education,Hog,False
6,4,0.8,0.6666666666666666,0.7272727272727272,60.75,0.6666666666666666,0.16294919454770757,0.24791666666666665,0.4074074074074074,0.30825385611680206,LSTM-AE(t),Hog_education_Caridad,123,education,Hog,False
6,1,0.5,0.16666666666666666,0.25,0.0,0.16666666666666666,0.08318478906714201,0.027777777777777776,0.16666666666666666,0.04761904761904762,LSTM-AE(t),Hog_education_Josh,123,education,Hog,False
6,3,0.75,0.5,0.6,80.0,0.5,0.08870967741935484,0.45882936507936506,0.33996212121212127,0.3905514941101201,LSTM-AE(t),Hog_education_Luvenia,123,education,Hog,False
6,1,0.3333333333333333,0.16666666666666666,0.2222222222222222,110.0,0.16666666666666666,0.03522099447513812,0.3333333333333333,0.09027777777777778,0.14207650273224043,LSTM-AE(t),Hog_office_Almeda,123,office,Hog,True
6,5,0.875,0.8333333333333334,0.8536585365853658,24.0,0.8333333333333334,0.1776937618147448,0.4875,0.7025462962962963,0.5755932697918693,LSTM-AE(t),Hog_office_Cortney,123,office,Hog,True
6,3,0.75,0.5,0.6,37.0,0.5,0.12176165803108809,0.26388888888888884,0.34821428571428575,0.3002431118314424,LSTM-AE(t),Hog_office_Denita,123,office,Hog,True
6,3,0.8,0.5,0.6153846153846154,14.666666666666666,0.5,0.13955071477195372,0.33611111111111114,0.42676767676767674,0.3760528154768472,LSTM-AE(t),Hog_office_Garrett,123,office,Hog,True
6,3,0.5,0.5,0.5,0.0,0.5,0.18147751605995718,0.02546296296296296,0.5,0.048458149779735685,LSTM-AE(t),Hog_office_Lavon,123,office,Hog,True
6,3,0.75,0.5,0.6,19.0,0.5,0.120817843866171,0.2520833333333333,0.44345238095238093,0.3214413065183283,LSTM-AE(t),Hog_office_Merilyn,123,office,Hog,True
6,2,0.3333333333333333,0.3333333333333333,0.3333333333333333,0.0,0.3333333333333333,0.10377358490566038,0.011111111111111112,0.3333333333333333,0.021505376344086023,LSTM-AE(t),Hog_office_Miriam,123,office,Hog,True
6,3,1.0,0.5,0.6666666666666666,51.333333333333336,0.5,0.06513958482462419,0.7288572156691422,0.3581196581196581,0.4802643058700344,LSTM-AE(t),Hog_office_Napoleon,123,office,Hog,True
6,3,0.6666666666666666,0.5,0.5714285714285715,36.666666666666664,0.5,0.08098591549295775,0.4375,0.2892628205128205,0.34826350606394707,LSTM-AE(t),Hog_office_Shawna,123,office,Hog,True
6,3,0.6,0.5,0.5454545454545454,44.333333333333336,0.5,0.15416666666666667,0.21944444444444441,0.3703703703703704,0.2755974184545613,LSTM-AE(t),Hog_office_Shawnna,123,office,Hog,True
6,4,1.0,0.6666666666666666,0.8,6.0,0.6666666666666666,0.11708253358925144,0.25595238095238093,0.6428571428571429,0.3661305581835383,LSTM-AE(t),Hog_office_Sherrie,123,office,Hog,True
6,5,1.0,0.8333333333333334,0.9090909090909091,48.0,0.8333333333333334,0.07755102040816327,0.818452380952381,0.48620931537598205,0.6100266037250849,LSTM-AE(t),Hog_office_Shon,123,office,Hog,True
6,5,1.0,0.8333333333333334,0.9090909090909091,54.2,0.8333333333333334,0.17239144523655217,0.4462301587301587,0.5958694083694084,0.5103061340274446,LSTM-AE(t),Hog_office_Sydney,123,office,Hog,True
6,3,0.6,0.5,0.5454545454545454,0.0,0.5,0.1338771593090211,0.03055555555555555,0.5,0.057591623036649206,LSTM-AE(t),Hog_office_Valda,123,office,Hog,True
6,2,0.6666666666666666,0.3333333333333333,0.4444444444444444,0.0,0.3333333333333333,0.09902200488997555,0.032407407407407406,0.3333333333333333,0.05907172995780591,LSTM-AE(t),Lamb_education_Armando,123,education,Lamb,False
6,4,0.6,0.6666666666666666,0.631578947368421,0.0,0.6666666666666666,0.08982584784601283,0.033694444444444444,0.6666666666666666,0.064146802575391,LSTM-AE(t),Lamb_education_Eula,123,education,Lamb,False
6,1,0.5,0.16666666666666666,0.25,0.0,0.16666666666666666,0.1484472049689441,0.013888888888888888,0.16666666666666666,0.02564102564102564,LSTM-AE(t),Lamb_education_Lazaro,123,education,Lamb,False
6,3,0.6666666666666666,0.5,0.5714285714285715,50.666666666666664,0.5,0.10331274564851207,0.10185185185185186,0.34920634920634924,0.15770609318996417,LSTM-AE(t),Lamb_education_Lucas,123,education,Lamb,False
6,2,1.0,0.3333333333333333,0.5,27.5,0.3333333333333333,0.07081545064377683,0.4201388888888889,0.2787698412698413,0.3351569276870909,LSTM-AE(t),Lamb_education_Mae,123,education,Lamb,False
6,3,0.8,0.5,0.6153846153846154,5.666666666666667,0.5,0.0814070351758794,0.41666666666666663,0.3758680555555555,0.39521723256663016,LSTM-AE(t),Lamb_education_Williams,123,education,Lamb,False
6,3,0.75,0.5,0.6,0.0,0.5,0.1281038374717833,0.04513888888888889,0.5,0.08280254777070065,LSTM-AE(t),Lamb_office_Caitlin,123,office,Lamb,True
6,3,0.42857142857142855,0.5,0.4615384615384615,119.66666666666667,0.5,0.20098383696416022,0.24404761904761904,0.2436868686868687,0.24386711045364892,LSTM-AE(t),Lamb_office_Velma,123,office,Lamb,True
6,3,0.75,0.5,0.6,133.33333333333334,0.5,0.1017733230531997,0.5416666666666666,0.11591880341880341,0.19096940157053885,LSTM-AE(t),Rat_retail_Jeffrey,123,retail,Rat,False
6,2,0.6666666666666666,0.3333333333333333,0.4444444444444444,93.0,0.3333333333333333,0.062456627342123525,0.6309523809523809,0.19675925925925927,0.29997336529497937,LSTM-AE(t),Robin_education_Zenia,123,education,Robin,False
6,4,0.6,0.6666666666666666,0.631578947368421,58.5,0.6666666666666666,0.09631901840490797,0.38469938175216767,0.5376602564102564,0.44849657265101245,LSTM-AE(t),Robin_office_Dina,123,office,Robin,True
6,3,0.5,0.5,0.5,0.0,0.5,0.11827956989247312,0.09722222222222221,0.3521825396825397,0.15237920039244543,LSTM-AE(t),Robin_office_Sammie,123,office,Robin,True
6,2,0.75,0.3333333333333333,0.46153846153846156,0.0,0.3333333333333333,0.07948369565217392,0.47871863799283154,0.2986111111111111,0.36779939161063085,LSTM-AE(t),Shrew_office_Doris,123,office,Shrew,True
6,3,0.75,0.5,0.6,98.66666666666667,0.5,0.11937557392102846,0.607638888888889,0.20902777777777778,0.31105324074074076,LSTM-AE(t),Shrew_office_Ila,123,office,Shrew,True
6,5,0.875,0.8333333333333334,0.8536585365853658,30.8,0.8333333333333334,0.17219477769936486,0.45555555555555555,0.5330176767676768,0.49125174730896676,LSTM-AE(t),Shrew_office_Kenneth,123,office,Shrew,True
6,4,0.4444444444444444,0.6666666666666666,0.5333333333333333,0.0,0.6666666666666666,0.17104585265327152,0.11002178649237472,0.6620370370370371,0.18868639362466524,LSTM-AE(t),Shrew_office_Nora,123,office,Shrew,True
6,5,0.8333333333333334,0.8333333333333334,0.8333333333333334,28.8,0.8333333333333334,0.10837727006444053,0.38888888888888884,0.4677579365079365,0.4246927877501126,LSTM-AE(t),Shrew_office_Sherill,123,office,Shrew,True
6,4,1.0,0.6666666666666666,0.8,89.5,0.6666666666666666,0.05985915492957746,0.8425925925925926,0.2780448717948718,0.41811657530256086,LSTM-AE(t),Wolf_office_Darleen,123,office,Wolf,True
6,3,1.0,0.5,0.6666666666666666,10.666666666666666,0.5,0.09054325955734406,0.53125,0.4103535353535353,0.46304056319141806,LSTM-AE(t),Wolf_retail_Harriett,123,retail,Wolf,False
6,4,1.0,0.6666666666666666,0.8,0.0,0.6666666666666666,0.09904333145751266,0.41597222222222213,0.6193181818181818,0.49767516311970234,LSTM-AE(t),Wolf_retail_Marcella,123,retail,Wolf,False
6,3,1.0,0.5,0.6666666666666666,0.0,0.5,0.07083333333333333,0.05555555555555555,0.5,0.09999999999999999,LSTM-AE(t),Wolf_retail_Toshia,123,retail,Wolf,False
