model,building_id,seed,type,severity,severity_name,duration_h,true_kwh,detected,delay_h,range_cov,oracle_clip_kwh
PatchTST-SSL(HoW-cond),Fox_education_Henrietta,123,spike,3,obvious,3,107.28066628343188,False,,0.0,106.6977883261564
PatchTST-SSL(HoW-cond),Fox_education_Henrietta,123,spike,1,subtle,2,38.79410978520845,True,1.0,0.5,44.365731174543676
PatchTST-SSL(HoW-cond),Fox_education_Henrietta,123,drift,3,obvious,216,1933.886031900874,True,190.0,0.018518518518518517,2266.5256366815074
PatchTST-SSL(HoW-cond),Fox_education_Henrietta,123,schedule,3,obvious,72,4.398242775736969,False,,0.0,190.55723565693688
PatchTST-SSL(HoW-cond),Fox_education_Henrietta,123,spike,3,obvious,4,160.57591003856936,True,2.0,0.5,164.20041767543356
PatchTST-SSL(HoW-cond),Fox_education_Henrietta,123,spike,2,moderate,3,69.44453542686097,True,1.0,0.6666666666666666,76.74558783426721
PatchTST-SSL(HoW-cond),Fox_retail_Manie,123,schedule,3,obvious,96,227.11597207258032,False,,0.0,626.6149365568745
PatchTST-SSL(HoW-cond),Fox_retail_Manie,123,drift,1,subtle,192,1233.548743144401,True,139.0,0.09375,2944.8379210265853
PatchTST-SSL(HoW-cond),Fox_retail_Manie,123,spike,3,obvious,2,256.61536206414166,True,1.0,0.5,241.13468805375825
PatchTST-SSL(HoW-cond),Fox_retail_Manie,123,drift,3,obvious,240,8289.663100225807,True,42.0,0.36666666666666664,9242.079493453155
PatchTST-SSL(HoW-cond),Fox_retail_Manie,123,spike,3,obvious,2,237.32739808430793,True,1.0,0.5,224.12755546322092
PatchTST-SSL(HoW-cond),Fox_retail_Manie,123,spike,1,subtle,2,99.0726521706526,False,,0.0,129.60947123458374
PatchTST-SSL(HoW-cond),Hog_education_Bruno,123,drift,2,moderate,168,12811.470511399853,True,26.0,0.8035714285714286,16795.724300553236
PatchTST-SSL(HoW-cond),Hog_education_Bruno,123,spike,2,moderate,1,275.8232577143261,True,0.0,1.0,287.96937244687933
PatchTST-SSL(HoW-cond),Hog_education_Bruno,123,drift,2,moderate,240,23664.966243209576,True,90.0,0.0625,33251.136352317546
PatchTST-SSL(HoW-cond),Hog_education_Bruno,123,drift,2,moderate,192,17388.559118296256,True,76.0,0.5572916666666666,21935.929507850502
PatchTST-SSL(HoW-cond),Hog_education_Bruno,123,spike,2,moderate,2,208.75207993954868,True,0.0,1.0,307.51814139825035
PatchTST-SSL(HoW-cond),Hog_education_Bruno,123,schedule,3,obvious,216,76.45355843684771,True,76.0,0.05092592592592592,3722.202230331962
PatchTST-SSL(HoW-cond),Hog_education_Caridad,123,spike,1,subtle,2,2731.6933904597063,True,1.0,0.5,2288.8184900088754
PatchTST-SSL(HoW-cond),Hog_education_Caridad,123,drift,3,obvious,168,99252.01194407106,True,20.0,0.7619047619047619,114662.38765307987
PatchTST-SSL(HoW-cond),Hog_education_Caridad,123,spike,1,subtle,3,3519.2878507706814,False,,0.0,1911.3469389555623
PatchTST-SSL(HoW-cond),Hog_education_Caridad,123,spike,3,obvious,1,6794.154067709553,True,0.0,1.0,6449.183651255552
PatchTST-SSL(HoW-cond),Hog_education_Caridad,123,drift,1,subtle,264,43165.13655367314,True,178.0,0.026515151515151516,43450.811121704995
PatchTST-SSL(HoW-cond),Hog_education_Caridad,123,drift,3,obvious,144,73297.95555006973,True,48.0,0.2638888888888889,84779.03412760253
PatchTST-SSL(HoW-cond),Hog_education_Josh,123,drift,3,obvious,144,7959.513378869462,True,125.0,0.020833333333333332,17419.62019289627
PatchTST-SSL(HoW-cond),Hog_education_Josh,123,spike,2,moderate,4,611.0395308891121,True,2.0,0.5,882.3917762429489
PatchTST-SSL(HoW-cond),Hog_education_Josh,123,spike,1,subtle,3,366.67162677451927,True,2.0,0.3333333333333333,630.6842559991783
PatchTST-SSL(HoW-cond),Hog_education_Josh,123,drift,3,obvious,168,13020.370345217947,True,106.0,0.005952380952380952,19980.39004212079
PatchTST-SSL(HoW-cond),Hog_education_Josh,123,drift,1,subtle,192,4363.562263827134,False,,0.0,11413.012618135948
PatchTST-SSL(HoW-cond),Hog_education_Josh,123,spike,1,subtle,2,238.78457205940967,True,1.0,0.5,341.2961861512258
PatchTST-SSL(HoW-cond),Hog_education_Luvenia,123,spike,1,subtle,3,455.8344024507873,False,,0.0,511.9444631533481
PatchTST-SSL(HoW-cond),Hog_education_Luvenia,123,drift,2,moderate,264,54929.1258237537,True,10.0,0.678030303030303,72049.1687949094
PatchTST-SSL(HoW-cond),Hog_education_Luvenia,123,spike,1,subtle,4,439.39032680624484,True,2.0,0.5,928.3869514670821
PatchTST-SSL(HoW-cond),Hog_education_Luvenia,123,spike,3,obvious,1,715.5647282123108,True,0.0,1.0,722.2545707831681
PatchTST-SSL(HoW-cond),Hog_education_Luvenia,123,drift,3,obvious,240,72870.03993593014,True,115.0,0.17916666666666667,86045.78119589813
PatchTST-SSL(HoW-cond),Hog_education_Luvenia,123,schedule,3,obvious,72,2322.155392898221,False,,0.0,1383.378879162251
PatchTST-SSL(HoW-cond),Hog_office_Almeda,123,schedule,2,moderate,72,28.67787876675679,True,54.0,0.1388888888888889,1418.6165258190592
PatchTST-SSL(HoW-cond),Hog_office_Almeda,123,schedule,2,moderate,216,70.12106487566511,True,75.0,0.08333333333333333,4481.489852738621
PatchTST-SSL(HoW-cond),Hog_office_Almeda,123,drift,3,obvious,312,15353.001099313558,True,2.0,0.3814102564102564,18677.10925811522
PatchTST-SSL(HoW-cond),Hog_office_Almeda,123,drift,1,subtle,144,526.8887717240907,True,39.0,0.19444444444444445,3156.949194477466
PatchTST-SSL(HoW-cond),Hog_office_Almeda,123,spike,1,subtle,3,139.24990344202638,True,1.0,0.6666666666666666,277.91675746969497
PatchTST-SSL(HoW-cond),Hog_office_Almeda,123,spike,1,subtle,1,82.28338102216038,True,0.0,1.0,116.28514864593237
PatchTST-SSL(HoW-cond),Hog_office_Cortney,123,schedule,3,obvious,192,675.659755778285,False,,0.0,2160.165259375144
PatchTST-SSL(HoW-cond),Hog_office_Cortney,123,spike,2,moderate,3,365.9656243934651,True,1.0,0.6666666666666666,533.5930325549227
PatchTST-SSL(HoW-cond),Hog_office_Cortney,123,drift,3,obvious,264,9154.375686841197,True,11.0,0.2537878787878788,16970.022021541714
PatchTST-SSL(HoW-cond),Hog_office_Cortney,123,spike,3,obvious,5,863.5552763422403,True,1.0,0.8,902.5930953459929
PatchTST-SSL(HoW-cond),Hog_office_Cortney,123,drift,3,obvious,144,2657.890143930311,True,7.0,0.2638888888888889,5584.050701830781
PatchTST-SSL(HoW-cond),Hog_office_Cortney,123,spike,3,obvious,1,434.0589581084138,True,0.0,1.0,489.97561744204125
PatchTST-SSL(HoW-cond),Hog_office_Denita,123,spike,2,moderate,2,148.04479456749272,True,1.0,0.5,192.043970505889
PatchTST-SSL(HoW-cond),Hog_office_Denita,123,schedule,2,moderate,192,80.75676933641031,True,27.0,0.026041666666666668,3604.0265373300563
PatchTST-SSL(HoW-cond),Hog_office_Denita,123,drift,3,obvious,144,2706.766864515737,True,109.0,0.08333333333333333,1702.581183780725
PatchTST-SSL(HoW-cond),Hog_office_Denita,123,drift,2,moderate,168,2084.49776224874,True,68.0,0.19047619047619047,3896.435391147349
PatchTST-SSL(HoW-cond),Hog_office_Denita,123,schedule,2,moderate,144,168.49448279533027,True,9.0,0.04861111111111111,2690.707855757
PatchTST-SSL(HoW-cond),Hog_office_Denita,123,spike,3,obvious,2,281.2051967311053,True,1.0,0.5,277.7056595094816
PatchTST-SSL(HoW-cond),Hog_office_Garrett,123,spike,1,subtle,2,800.6226854998857,True,1.0,0.5,948.3712275622541
PatchTST-SSL(HoW-cond),Hog_office_Garrett,123,drift,1,subtle,216,9195.820381574535,True,170.0,0.046296296296296294,12858.229717147166
PatchTST-SSL(HoW-cond),Hog_office_Garrett,123,schedule,3,obvious,96,2092.359428346967,True,86.0,0.041666666666666664,1856.9967471626226
PatchTST-SSL(HoW-cond),Hog_office_Garrett,123,drift,1,subtle,144,3323.6156797907715,True,8.0,0.013888888888888888,7077.103969621807
PatchTST-SSL(HoW-cond),Hog_office_Garrett,123,drift,3,obvious,264,67734.00437875827,True,27.0,0.42803030303030304,77726.02557183105
PatchTST-SSL(HoW-cond),Hog_office_Garrett,123,spike,3,obvious,5,4328.092876349334,True,1.0,0.8,4527.687338366364
PatchTST-SSL(HoW-cond),Hog_office_Lavon,123,spike,1,subtle,3,2374.6235557297014,True,1.0,0.6666666666666666,2659.0567812963563
PatchTST-SSL(HoW-cond),Hog_office_Lavon,123,spike,2,moderate,3,3794.3724276334815,True,1.0,0.6666666666666666,4987.788832531523
PatchTST-SSL(HoW-cond),Hog_office_Lavon,123,drift,2,moderate,312,2773.0338335095603,True,171.0,0.016025641025641024,34170.971680577284
PatchTST-SSL(HoW-cond),Hog_office_Lavon,123,spike,3,obvious,2,4451.899146126511,True,1.0,0.5,4765.464099747068
PatchTST-SSL(HoW-cond),Hog_office_Lavon,123,spike,1,subtle,5,4225.881840189359,True,2.0,0.6,7233.606378444107
PatchTST-SSL(HoW-cond),Hog_office_Lavon,123,spike,3,obvious,3,4991.004728707769,True,1.0,0.6666666666666666,5078.1088253461985
PatchTST-SSL(HoW-cond),Hog_office_Merilyn,123,spike,3,obvious,2,74.71065509872955,True,1.0,0.5,66.36528223971541
PatchTST-SSL(HoW-cond),Hog_office_Merilyn,123,spike,3,obvious,4,132.05847552916484,True,2.0,0.5,140.61437941914787
PatchTST-SSL(HoW-cond),Hog_office_Merilyn,123,drift,3,obvious,120,1252.3499195421773,False,,0.0,909.0144012683725
PatchTST-SSL(HoW-cond),Hog_office_Merilyn,123,schedule,2,moderate,216,354.74336074839505,False,,0.0,21.209283436283922
PatchTST-SSL(HoW-cond),Hog_office_Merilyn,123,drift,3,obvious,168,2663.5823665894623,True,85.0,0.13095238095238096,4201.912621642044
PatchTST-SSL(HoW-cond),Hog_office_Merilyn,123,schedule,3,obvious,72,44.434143945171144,True,38.0,0.027777777777777776,457.2602354990944
PatchTST-SSL(HoW-cond),Hog_office_Miriam,123,spike,2,moderate,2,39.14258735448324,True,1.0,0.5,59.99948161007505
PatchTST-SSL(HoW-cond),Hog_office_Miriam,123,drift,1,subtle,120,230.44604934093218,True,32.0,0.008333333333333333,121.28167071564818
PatchTST-SSL(HoW-cond),Hog_office_Miriam,123,spike,2,moderate,1,35.66467994768293,True,0.0,1.0,41.9856755798247
PatchTST-SSL(HoW-cond),Hog_office_Miriam,123,drift,1,subtle,312,965.6784438539437,True,13.0,0.07371794871794872,1917.4650442018128
PatchTST-SSL(HoW-cond),Hog_office_Miriam,123,spike,1,subtle,3,34.72750862214191,True,1.0,0.6666666666666666,48.41871427273208
PatchTST-SSL(HoW-cond),Hog_office_Miriam,123,schedule,2,moderate,168,64.25366120822854,True,59.0,0.023809523809523808,509.8653597330956
PatchTST-SSL(HoW-cond),Hog_office_Napoleon,123,drift,3,obvious,240,20740.01444147993,True,186.0,0.0375,24239.81667545862
PatchTST-SSL(HoW-cond),Hog_office_Napoleon,123,drift,2,moderate,312,18377.3115541578,True,32.0,0.33974358974358976,21066.70113622965
PatchTST-SSL(HoW-cond),Hog_office_Napoleon,123,schedule,3,obvious,144,869.4953581851735,True,45.0,0.020833333333333332,3234.1841284787706
PatchTST-SSL(HoW-cond),Hog_office_Napoleon,123,schedule,3,obvious,96,837.4576324321979,True,25.0,0.020833333333333332,1163.3065311402743
PatchTST-SSL(HoW-cond),Hog_office_Napoleon,123,spike,3,obvious,4,585.2791629388853,True,2.0,0.5,658.2207399563265
PatchTST-SSL(HoW-cond),Hog_office_Napoleon,123,spike,3,obvious,3,439.4070634100892,True,2.0,0.3333333333333333,566.9386046749387
PatchTST-SSL(HoW-cond),Hog_office_Shawna,123,schedule,2,moderate,72,1034.6068860201226,False,,0.0,2889.096234739595
PatchTST-SSL(HoW-cond),Hog_office_Shawna,123,schedule,3,obvious,96,3263.734547318278,True,8.0,0.3229166666666667,7431.112076947376
PatchTST-SSL(HoW-cond),Hog_office_Shawna,123,spike,2,moderate,4,850.4716576235535,True,2.0,0.5,1110.7139661632839
PatchTST-SSL(HoW-cond),Hog_office_Shawna,123,spike,1,subtle,5,655.9893883147479,False,,0.0,806.7642376030486
PatchTST-SSL(HoW-cond),Hog_office_Shawna,123,spike,1,subtle,3,316.8977482297006,True,2.0,0.3333333333333333,332.1224159262436
PatchTST-SSL(HoW-cond),Hog_office_Shawna,123,drift,2,moderate,312,23154.84143521574,True,4.0,0.10576923076923077,40593.635227583814
PatchTST-SSL(HoW-cond),Hog_office_Shawnna,123,spike,2,moderate,5,2371.412146578059,True,2.0,0.6,1961.5159963093258
PatchTST-SSL(HoW-cond),Hog_office_Shawnna,123,drift,1,subtle,144,4751.4831722333965,True,4.0,0.0763888888888889,6847.0113652363125
PatchTST-SSL(HoW-cond),Hog_office_Shawnna,123,schedule,2,moderate,216,653.0373692162267,True,1.0,0.013888888888888888,6219.212126953865
PatchTST-SSL(HoW-cond),Hog_office_Shawnna,123,schedule,3,obvious,144,8044.543420406057,True,13.0,0.2708333333333333,10883.41140365987
PatchTST-SSL(HoW-cond),Hog_office_Shawnna,123,spike,3,obvious,2,1558.1165318333533,True,1.0,0.5,1595.6457452181883
PatchTST-SSL(HoW-cond),Hog_office_Shawnna,123,spike,1,subtle,5,1317.6350904115675,True,2.0,0.6,1106.2807704046716
PatchTST-SSL(HoW-cond),Hog_office_Sherrie,123,drift,1,subtle,312,1502.6883443003737,True,40.0,0.07692307692307693,4670.054575446396
PatchTST-SSL(HoW-cond),Hog_office_Sherrie,123,drift,3,obvious,168,2843.888229420063,True,24.0,0.6309523809523809,4287.2615495933005
PatchTST-SSL(HoW-cond),Hog_office_Sherrie,123,spike,3,obvious,3,291.8020352741702,True,1.0,0.6666666666666666,319.18245418915114
PatchTST-SSL(HoW-cond),Hog_office_Sherrie,123,spike,2,moderate,5,282.5523283669032,True,1.0,0.8,270.1293918782467
PatchTST-SSL(HoW-cond),Hog_office_Sherrie,123,drift,2,moderate,144,1240.5414345171785,True,111.0,0.08333333333333333,2420.8747393147005
PatchTST-SSL(HoW-cond),Hog_office_Sherrie,123,spike,2,moderate,1,135.38450679958814,True,0.0,1.0,135.4136165725122
PatchTST-SSL(HoW-cond),Hog_office_Shon,123,drift,3,obvious,120,2948.463897397897,True,59.0,0.225,4363.246072711727
PatchTST-SSL(HoW-cond),Hog_office_Shon,123,spike,2,moderate,4,269.0109492648661,True,2.0,0.5,261.2150495884399
PatchTST-SSL(HoW-cond),Hog_office_Shon,123,drift,2,moderate,120,1947.8557803483086,True,33.0,0.21666666666666667,4171.944419329717
PatchTST-SSL(HoW-cond),Hog_office_Shon,123,drift,3,obvious,216,11247.793831062876,True,78.0,0.18981481481481483,16320.165739708762
PatchTST-SSL(HoW-cond),Hog_office_Shon,123,drift,2,moderate,264,7232.998301440217,True,34.0,0.07196969696969698,10531.234734825981
PatchTST-SSL(HoW-cond),Hog_office_Shon,123,spike,3,obvious,2,191.61788634989614,True,1.0,0.5,192.20609409052983
PatchTST-SSL(HoW-cond),Hog_office_Sydney,123,spike,2,moderate,2,153.76692493643083,True,1.0,0.5,157.17323170752917
PatchTST-SSL(HoW-cond),Hog_office_Sydney,123,schedule,3,obvious,72,727.3023863134501,True,14.0,0.25,472.19666070622554
PatchTST-SSL(HoW-cond),Hog_office_Sydney,123,spike,2,moderate,3,205.02813478194554,True,1.0,0.6666666666666666,213.95281712154815
PatchTST-SSL(HoW-cond),Hog_office_Sydney,123,drift,1,subtle,264,5315.767404450148,True,101.0,0.11742424242424243,3985.0507967645963
PatchTST-SSL(HoW-cond),Hog_office_Sydney,123,schedule,3,obvious,144,956.7663238616351,True,23.0,0.0763888888888889,2032.1198274018382
PatchTST-SSL(HoW-cond),Hog_office_Sydney,123,drift,2,moderate,168,6145.092488138226,True,18.0,0.35119047619047616,7558.346139571698
PatchTST-SSL(HoW-cond),Hog_office_Valda,123,spike,2,moderate,3,147.18737605936093,True,1.0,0.6666666666666666,148.84243714537175
PatchTST-SSL(HoW-cond),Hog_office_Valda,123,spike,2,moderate,1,78.9182213779984,True,0.0,1.0,82.05806984426283
PatchTST-SSL(HoW-cond),Hog_office_Valda,123,schedule,3,obvious,96,39.10848908515853,True,0.0,0.11458333333333333,1123.2341070911727
PatchTST-SSL(HoW-cond),Hog_office_Valda,123,spike,2,moderate,5,192.79737053892276,True,1.0,0.8,226.38282086206974
PatchTST-SSL(HoW-cond),Hog_office_Valda,123,spike,1,subtle,4,86.50562247331051,True,2.0,0.5,68.5217744731094
PatchTST-SSL(HoW-cond),Hog_office_Valda,123,spike,2,moderate,3,115.39396740012796,True,1.0,0.6666666666666666,157.91598153865112
PatchTST-SSL(HoW-cond),Lamb_education_Armando,123,schedule,2,moderate,72,203.13693771528114,False,,0.0,1902.5947740516644
PatchTST-SSL(HoW-cond),Lamb_education_Armando,123,schedule,1,subtle,168,87.28334918811282,True,11.0,0.041666666666666664,4938.388774369797
PatchTST-SSL(HoW-cond),Lamb_education_Armando,123,spike,3,obvious,1,377.12178654530476,True,0.0,1.0,354.40343185128995
PatchTST-SSL(HoW-cond),Lamb_education_Armando,123,drift,3,obvious,312,7857.0451735646675,True,82.0,0.15705128205128205,11667.215093251783
PatchTST-SSL(HoW-cond),Lamb_education_Armando,123,spike,2,moderate,3,386.59756392503573,True,1.0,0.6666666666666666,434.98872278182847
PatchTST-SSL(HoW-cond),Lamb_education_Armando,123,spike,2,moderate,4,413.23074896014316,True,2.0,0.5,810.3894875357587
PatchTST-SSL(HoW-cond),Lamb_education_Eula,123,spike,3,obvious,4,26.294354402095188,True,1.0,0.75,26.545828008459843
PatchTST-SSL(HoW-cond),Lamb_education_Eula,123,spike,1,subtle,1,5.799574332677247,True,0.0,1.0,5.788269611566815
PatchTST-SSL(HoW-cond),Lamb_education_Eula,123,spike,3,obvious,5,34.334959750450494,True,0.0,1.0,45.631550639091145
PatchTST-SSL(HoW-cond),Lamb_education_Eula,123,spike,1,subtle,2,7.181574523397411,True,0.0,1.0,11.617978983363724
PatchTST-SSL(HoW-cond),Lamb_education_Eula,123,spike,1,subtle,1,6.59423254631242,True,0.0,1.0,7.2013671677207025
PatchTST-SSL(HoW-cond),Lamb_education_Eula,123,spike,3,obvious,1,15.329047213601562,True,0.0,1.0,14.44870838306774
PatchTST-SSL(HoW-cond),Lamb_education_Lazaro,123,spike,2,moderate,5,374.47784520017035,True,3.0,0.4,682.7426948438098
PatchTST-SSL(HoW-cond),Lamb_education_Lazaro,123,drift,1,subtle,216,401.29286658232274,False,,0.0,84.3912803344494
PatchTST-SSL(HoW-cond),Lamb_education_Lazaro,123,spike,2,moderate,3,201.78794729269748,True,1.0,0.6666666666666666,227.44247588597824
PatchTST-SSL(HoW-cond),Lamb_education_Lazaro,123,drift,3,obvious,192,1592.6761325556072,True,133.0,0.036458333333333336,6471.313433942904
PatchTST-SSL(HoW-cond),Lamb_education_Lazaro,123,spike,3,obvious,2,231.02367481296838,True,1.0,0.5,232.40366300371488
PatchTST-SSL(HoW-cond),Lamb_education_Lazaro,123,drift,1,subtle,168,241.48661946843598,False,,0.0,37.994670645707686
PatchTST-SSL(HoW-cond),Lamb_education_Lucas,123,schedule,3,obvious,168,76.518357105516,True,5.0,0.05357142857142857,739.0714952700415
PatchTST-SSL(HoW-cond),Lamb_education_Lucas,123,spike,3,obvious,1,54.16916519743869,True,0.0,1.0,53.58843237489944
PatchTST-SSL(HoW-cond),Lamb_education_Lucas,123,schedule,3,obvious,72,5.869035981446744,True,33.0,0.013888888888888888,295.4968171085101
PatchTST-SSL(HoW-cond),Lamb_education_Lucas,123,spike,2,moderate,5,83.64456360822592,True,2.0,0.6,111.36907842163592
PatchTST-SSL(HoW-cond),Lamb_education_Lucas,123,spike,1,subtle,1,21.503552764624672,True,0.0,1.0,18.229410831933258
PatchTST-SSL(HoW-cond),Lamb_education_Lucas,123,drift,2,moderate,168,225.2261936276376,True,6.0,0.05952380952380952,760.8808400880127
PatchTST-SSL(HoW-cond),Lamb_education_Mae,123,drift,1,subtle,288,2090.9792705675427,True,18.0,0.08680555555555555,5284.69009779883
PatchTST-SSL(HoW-cond),Lamb_education_Mae,123,drift,3,obvious,168,3878.3792791977203,True,48.0,0.13690476190476192,8980.431977609307
PatchTST-SSL(HoW-cond),Lamb_education_Mae,123,drift,2,moderate,192,3616.5649037878884,True,65.0,0.026041666666666668,2120.2130006852676
PatchTST-SSL(HoW-cond),Lamb_education_Mae,123,spike,1,subtle,2,168.00759362156072,True,1.0,0.5,257.1976541993253
PatchTST-SSL(HoW-cond),Lamb_education_Mae,123,schedule,3,obvious,144,5.109533279254961,False,,0.0,4426.231034761029
PatchTST-SSL(HoW-cond),Lamb_education_Mae,123,spike,2,moderate,4,497.76086737073166,True,1.0,0.75,396.96063885695037
PatchTST-SSL(HoW-cond),Lamb_education_Williams,123,spike,3,obvious,3,424.58042233121216,True,1.0,0.6666666666666666,461.9974595430039
PatchTST-SSL(HoW-cond),Lamb_education_Williams,123,spike,1,subtle,3,170.23417353918882,True,1.0,0.6666666666666666,174.74515187199114
PatchTST-SSL(HoW-cond),Lamb_education_Williams,123,schedule,2,moderate,192,51.864066737421766,True,14.0,0.052083333333333336,4990.992457203202
PatchTST-SSL(HoW-cond),Lamb_education_Williams,123,spike,3,obvious,2,312.0306486506167,True,1.0,0.5,317.2082133216156
PatchTST-SSL(HoW-cond),Lamb_education_Williams,123,spike,2,moderate,3,345.7997785693358,True,2.0,0.3333333333333333,282.172385842994
PatchTST-SSL(HoW-cond),Lamb_education_Williams,123,spike,1,subtle,3,169.72626497152717,True,2.0,0.3333333333333333,237.3323136831699
PatchTST-SSL(HoW-cond),Lamb_office_Caitlin,123,drift,2,moderate,120,262.52918539532453,True,57.0,0.016666666666666666,166.57282144311947
PatchTST-SSL(HoW-cond),Lamb_office_Caitlin,123,spike,3,obvious,3,568.3639822512657,True,1.0,0.6666666666666666,548.4441255801787
PatchTST-SSL(HoW-cond),Lamb_office_Caitlin,123,drift,1,subtle,288,704.4995026024479,True,1.0,0.08680555555555555,4131.693384436963
PatchTST-SSL(HoW-cond),Lamb_office_Caitlin,123,spike,1,subtle,5,313.85656167965396,True,2.0,0.6,298.24571482705926
PatchTST-SSL(HoW-cond),Lamb_office_Caitlin,123,spike,2,moderate,5,568.2456667214833,True,3.0,0.4,408.3279829052749
PatchTST-SSL(HoW-cond),Lamb_office_Caitlin,123,spike,2,moderate,3,305.0811978420506,False,,0.0,197.48949607246516
PatchTST-SSL(HoW-cond),Lamb_office_Velma,123,spike,2,moderate,4,579.3785831747393,True,2.0,0.5,969.0337122831756
PatchTST-SSL(HoW-cond),Lamb_office_Velma,123,drift,1,subtle,264,3600.407790458008,True,5.0,0.10227272727272728,12284.737686988105
PatchTST-SSL(HoW-cond),Lamb_office_Velma,123,schedule,3,obvious,72,529.7124723853377,False,,0.0,2770.1372832884695
PatchTST-SSL(HoW-cond),Lamb_office_Velma,123,schedule,3,obvious,168,905.7834583344495,True,21.0,0.03571428571428571,6184.274668136652
PatchTST-SSL(HoW-cond),Lamb_office_Velma,123,drift,2,moderate,264,11018.856200311362,True,79.0,0.03409090909090909,18031.6684429456
PatchTST-SSL(HoW-cond),Lamb_office_Velma,123,spike,1,subtle,1,203.31928736081287,True,0.0,1.0,278.6445012109655
PatchTST-SSL(HoW-cond),Rat_retail_Jeffrey,123,spike,1,subtle,5,297.07819054346146,False,,0.0,182.68949247973
PatchTST-SSL(HoW-cond),Rat_retail_Jeffrey,123,drift,2,moderate,288,8884.572843683076,True,93.0,0.1701388888888889,9202.499715215989
PatchTST-SSL(HoW-cond),Rat_retail_Jeffrey,123,drift,3,obvious,312,16042.159321483588,True,36.0,0.22756410256410256,15438.737102681633
PatchTST-SSL(HoW-cond),Rat_retail_Jeffrey,123,drift,3,obvious,288,13433.287503070473,True,35.0,0.5173611111111112,19485.503534846004
PatchTST-SSL(HoW-cond),Rat_retail_Jeffrey,123,spike,2,moderate,4,396.18797784816087,False,,0.0,424.0620367561769
PatchTST-SSL(HoW-cond),Rat_retail_Jeffrey,123,spike,1,subtle,2,149.27212647463435,False,,0.0,171.2012342651503
PatchTST-SSL(HoW-cond),Robin_education_Zenia,123,drift,3,obvious,240,23393.72141148178,True,41.0,0.2833333333333333,42209.37654112359
PatchTST-SSL(HoW-cond),Robin_education_Zenia,123,drift,2,moderate,216,11875.093738761898,True,21.0,0.24537037037037038,29054.13580743763
PatchTST-SSL(HoW-cond),Robin_education_Zenia,123,spike,2,moderate,3,222.03735529951837,True,1.0,0.6666666666666666,357.6241641656377
PatchTST-SSL(HoW-cond),Robin_education_Zenia,123,drift,1,subtle,288,9160.385486153853,True,281.0,0.003472222222222222,28244.293860581034
PatchTST-SSL(HoW-cond),Robin_education_Zenia,123,spike,2,moderate,5,431.4815913558175,False,,0.0,850.3291842233032
PatchTST-SSL(HoW-cond),Robin_education_Zenia,123,spike,1,subtle,3,167.63958684164422,False,,0.0,386.2413462890733
PatchTST-SSL(HoW-cond),Robin_office_Dina,123,spike,1,subtle,4,68.4746983087544,False,,0.0,62.00059642713191
PatchTST-SSL(HoW-cond),Robin_office_Dina,123,spike,2,moderate,1,57.843807887198196,False,,0.0,52.73424119720039
PatchTST-SSL(HoW-cond),Robin_office_Dina,123,spike,2,moderate,4,105.04301321096541,True,2.0,0.5,106.5144281205572
PatchTST-SSL(HoW-cond),Robin_office_Dina,123,drift,1,subtle,312,2636.196139427071,True,51.0,0.21474358974358973,3783.5445135913137
PatchTST-SSL(HoW-cond),Robin_office_Dina,123,drift,3,obvious,240,5380.373982455583,True,23.0,0.44166666666666665,6123.112806125678
PatchTST-SSL(HoW-cond),Robin_office_Dina,123,spike,2,moderate,5,151.9427563095937,True,2.0,0.6,149.61557776179706
PatchTST-SSL(HoW-cond),Robin_office_Sammie,123,schedule,2,moderate,168,483.8792634429125,True,137.0,0.011904761904761904,2146.841230288141
PatchTST-SSL(HoW-cond),Robin_office_Sammie,123,schedule,3,obvious,192,977.3897562849763,False,,0.0,2140.9552890546133
PatchTST-SSL(HoW-cond),Robin_office_Sammie,123,drift,1,subtle,264,2755.0334119244794,True,144.0,0.022727272727272728,1942.0326607315744
PatchTST-SSL(HoW-cond),Robin_office_Sammie,123,spike,3,obvious,4,364.36019766409277,True,1.0,0.75,563.4527791587903
PatchTST-SSL(HoW-cond),Robin_office_Sammie,123,schedule,3,obvious,168,2314.2865402050898,True,92.0,0.005952380952380952,2173.1142589962046
PatchTST-SSL(HoW-cond),Robin_office_Sammie,123,spike,3,obvious,5,474.4082509322585,True,2.0,0.6,604.1880910911602
PatchTST-SSL(HoW-cond),Shrew_office_Doris,123,drift,3,obvious,312,44891.62811435338,True,43.0,0.5384615384615384,50071.29960399313
PatchTST-SSL(HoW-cond),Shrew_office_Doris,123,spike,1,subtle,2,237.15238122664746,True,1.0,0.5,298.5633148318816
PatchTST-SSL(HoW-cond),Shrew_office_Doris,123,schedule,3,obvious,216,1297.1953433177616,False,,0.0,4849.678113843858
PatchTST-SSL(HoW-cond),Shrew_office_Doris,123,schedule,3,obvious,72,35.91670620662419,False,,0.0,2716.7101401406117
PatchTST-SSL(HoW-cond),Shrew_office_Doris,123,schedule,3,obvious,120,5.573837452122518,True,18.0,0.03333333333333333,4608.355691245243
PatchTST-SSL(HoW-cond),Shrew_office_Doris,123,spike,3,obvious,2,454.8096962841917,True,1.0,0.5,472.9395219370607
PatchTST-SSL(HoW-cond),Shrew_office_Ila,123,drift,2,moderate,240,12234.707321185711,True,13.0,0.3958333333333333,15273.431782474265
PatchTST-SSL(HoW-cond),Shrew_office_Ila,123,schedule,3,obvious,192,57.235751088076555,True,43.0,0.010416666666666666,4084.1038265252373
PatchTST-SSL(HoW-cond),Shrew_office_Ila,123,drift,1,subtle,240,3195.899958049458,True,41.0,0.16666666666666666,8786.577343637884
PatchTST-SSL(HoW-cond),Shrew_office_Ila,123,spike,2,moderate,3,354.27865606545697,True,1.0,0.6666666666666666,363.7957893146822
PatchTST-SSL(HoW-cond),Shrew_office_Ila,123,schedule,3,obvious,192,3.1847764428720353,False,,0.0,4394.714856039909
PatchTST-SSL(HoW-cond),Shrew_office_Ila,123,drift,3,obvious,240,22688.051141610937,True,2.0,0.7875,26705.538997725966
PatchTST-SSL(HoW-cond),Shrew_office_Kenneth,123,spike,3,obvious,2,131.11670586022714,True,1.0,0.5,120.18880124872835
PatchTST-SSL(HoW-cond),Shrew_office_Kenneth,123,spike,2,moderate,5,227.0242444596504,True,2.0,0.6,198.03986556914478
PatchTST-SSL(HoW-cond),Shrew_office_Kenneth,123,drift,3,obvious,240,5053.890885911685,True,7.0,0.2833333333333333,6373.486947887181
PatchTST-SSL(HoW-cond),Shrew_office_Kenneth,123,drift,3,obvious,264,5293.377061299316,True,63.0,0.09090909090909091,5246.618509917353
PatchTST-SSL(HoW-cond),Shrew_office_Kenneth,123,drift,2,moderate,264,2846.954348101387,True,10.0,0.23484848484848486,1426.1776381761144
PatchTST-SSL(HoW-cond),Shrew_office_Kenneth,123,spike,2,moderate,4,176.17399675860463,True,2.0,0.5,177.70585980325723
PatchTST-SSL(HoW-cond),Shrew_office_Nora,123,spike,1,subtle,3,363.7027421884706,True,1.0,0.6666666666666666,629.1150678041671
PatchTST-SSL(HoW-cond),Shrew_office_Nora,123,schedule,3,obvious,168,2229.075651298478,True,33.0,0.08333333333333333,5369.953283758283
PatchTST-SSL(HoW-cond),Shrew_office_Nora,123,spike,3,obvious,5,1307.2052737697059,True,1.0,0.8,1714.9888610241983
PatchTST-SSL(HoW-cond),Shrew_office_Nora,123,spike,2,moderate,5,1074.4165419552485,True,1.0,0.8,1109.665600339623
PatchTST-SSL(HoW-cond),Shrew_office_Nora,123,schedule,3,obvious,72,981.9580003229489,True,0.0,0.3472222222222222,2736.9459421575257
PatchTST-SSL(HoW-cond),Shrew_office_Nora,123,spike,1,subtle,2,299.98487883646453,True,1.0,0.5,303.5976466441781
PatchTST-SSL(HoW-cond),Shrew_office_Sherill,123,spike,3,obvious,4,1938.3662349644947,True,2.0,0.5,1873.82856332771
PatchTST-SSL(HoW-cond),Shrew_office_Sherill,123,schedule,3,obvious,168,1063.2674640853456,True,16.0,0.05952380952380952,8309.05999964877
PatchTST-SSL(HoW-cond),Shrew_office_Sherill,123,schedule,2,moderate,144,52.89200787198175,False,,0.0,3166.849127286675
PatchTST-SSL(HoW-cond),Shrew_office_Sherill,123,drift,3,obvious,168,20296.48426102668,True,30.0,0.3630952380952381,23327.17689392835
PatchTST-SSL(HoW-cond),Shrew_office_Sherill,123,spike,3,obvious,2,891.9483588151319,True,1.0,0.5,1108.7907667560253
PatchTST-SSL(HoW-cond),Shrew_office_Sherill,123,spike,1,subtle,3,597.9218152987612,True,2.0,0.3333333333333333,1033.7793462483342
PatchTST-SSL(HoW-cond),Wolf_office_Darleen,123,drift,2,moderate,312,5118.617371022473,True,63.0,0.07692307692307693,5352.09396507951
PatchTST-SSL(HoW-cond),Wolf_office_Darleen,123,drift,2,moderate,144,1122.0444420374765,True,90.0,0.1388888888888889,1985.9260205990413
PatchTST-SSL(HoW-cond),Wolf_office_Darleen,123,drift,3,obvious,216,4625.169208288764,True,30.0,0.30092592592592593,4805.534428125531
PatchTST-SSL(HoW-cond),Wolf_office_Darleen,123,spike,2,moderate,4,240.52539583615456,True,1.0,0.75,325.616789696007
PatchTST-SSL(HoW-cond),Wolf_office_Darleen,123,drift,1,subtle,168,722.2431690015353,True,0.0,0.07142857142857142,1569.3258541988469
PatchTST-SSL(HoW-cond),Wolf_office_Darleen,123,schedule,2,moderate,216,6.372364314854387,False,,0.0,1781.2098451723218
PatchTST-SSL(HoW-cond),Wolf_retail_Harriett,123,schedule,2,moderate,144,41.589040571361394,True,127.0,0.013888888888888888,2105.4364552857005
PatchTST-SSL(HoW-cond),Wolf_retail_Harriett,123,schedule,2,moderate,96,20.026795522465733,True,69.0,0.010416666666666666,1134.1338202389995
PatchTST-SSL(HoW-cond),Wolf_retail_Harriett,123,spike,2,moderate,5,304.5069252343177,True,2.0,0.6,485.3115299199247
PatchTST-SSL(HoW-cond),Wolf_retail_Harriett,123,spike,2,moderate,4,204.21169334656463,True,1.0,0.75,324.479022351203
PatchTST-SSL(HoW-cond),Wolf_retail_Harriett,123,drift,1,subtle,192,1245.6474215603403,False,,0.0,2983.784392198398
PatchTST-SSL(HoW-cond),Wolf_retail_Harriett,123,drift,3,obvious,264,7344.239049400337,True,26.0,0.17045454545454544,11575.971146303997
PatchTST-SSL(HoW-cond),Wolf_retail_Marcella,123,spike,1,subtle,2,13.916313168209674,True,0.0,1.0,27.55631704395757
PatchTST-SSL(HoW-cond),Wolf_retail_Marcella,123,drift,3,obvious,264,1145.6896641735011,True,43.0,0.19696969696969696,1643.2755990711125
PatchTST-SSL(HoW-cond),Wolf_retail_Marcella,123,drift,2,moderate,144,198.96519574007425,True,14.0,0.006944444444444444,256.1495508590606
PatchTST-SSL(HoW-cond),Wolf_retail_Marcella,123,spike,3,obvious,4,59.222953564174716,True,2.0,0.5,53.169179316011174
PatchTST-SSL(HoW-cond),Wolf_retail_Marcella,123,spike,1,subtle,1,14.837894350572272,True,0.0,1.0,14.482628945898375
PatchTST-SSL(HoW-cond),Wolf_retail_Marcella,123,spike,2,moderate,4,32.44073899726534,True,2.0,0.5,37.68278477460788
PatchTST-SSL(HoW-cond),Wolf_retail_Toshia,123,spike,1,subtle,4,303.6671023696364,True,1.0,0.75,298.72599398647077
PatchTST-SSL(HoW-cond),Wolf_retail_Toshia,123,spike,1,subtle,4,332.1122316161035,True,2.0,0.5,388.34640622518054
PatchTST-SSL(HoW-cond),Wolf_retail_Toshia,123,schedule,2,moderate,144,83.30849022986973,False,,0.0,2745.876305145153
PatchTST-SSL(HoW-cond),Wolf_retail_Toshia,123,spike,2,moderate,2,312.40678412779,True,1.0,0.5,279.9115125353289
PatchTST-SSL(HoW-cond),Wolf_retail_Toshia,123,spike,3,obvious,2,471.3347275443462,True,1.0,0.5,601.4032375091501
PatchTST-SSL(HoW-cond),Wolf_retail_Toshia,123,schedule,2,moderate,120,6.526262952639762,False,,0.0,2864.3470956823676
PatchTST-SSL(global-MAD),Fox_education_Henrietta,123,spike,3,obvious,3,107.28066628343188,False,,0.0,106.6977883261564
PatchTST-SSL(global-MAD),Fox_education_Henrietta,123,spike,1,subtle,2,38.79410978520845,True,1.0,0.5,44.365731174543676
PatchTST-SSL(global-MAD),Fox_education_Henrietta,123,drift,3,obvious,216,1933.886031900874,True,134.0,0.013888888888888888,2266.5256366815074
PatchTST-SSL(global-MAD),Fox_education_Henrietta,123,schedule,3,obvious,72,4.398242775736969,False,,0.0,190.55723565693688
PatchTST-SSL(global-MAD),Fox_education_Henrietta,123,spike,3,obvious,4,160.57591003856936,True,2.0,0.5,164.20041767543356
PatchTST-SSL(global-MAD),Fox_education_Henrietta,123,spike,2,moderate,3,69.44453542686097,True,2.0,0.3333333333333333,76.74558783426721
PatchTST-SSL(global-MAD),Fox_retail_Manie,123,schedule,3,obvious,96,227.11597207258032,False,,0.0,626.6149365568745
PatchTST-SSL(global-MAD),Fox_retail_Manie,123,drift,1,subtle,192,1233.548743144401,True,139.0,0.057291666666666664,2944.8379210265853
PatchTST-SSL(global-MAD),Fox_retail_Manie,123,spike,3,obvious,2,256.61536206414166,True,1.0,0.5,241.13468805375825
PatchTST-SSL(global-MAD),Fox_retail_Manie,123,drift,3,obvious,240,8289.663100225807,True,28.0,0.2,9242.079493453155
PatchTST-SSL(global-MAD),Fox_retail_Manie,123,spike,3,obvious,2,237.32739808430793,True,1.0,0.5,224.12755546322092
PatchTST-SSL(global-MAD),Fox_retail_Manie,123,spike,1,subtle,2,99.0726521706526,False,,0.0,129.60947123458374
PatchTST-SSL(global-MAD),Hog_education_Bruno,123,drift,2,moderate,168,12811.470511399853,True,14.0,0.7440476190476191,16795.724300553236
PatchTST-SSL(global-MAD),Hog_education_Bruno,123,spike,2,moderate,1,275.8232577143261,True,0.0,1.0,287.96937244687933
PatchTST-SSL(global-MAD),Hog_education_Bruno,123,drift,2,moderate,240,23664.966243209576,False,,0.0,33251.136352317546
PatchTST-SSL(global-MAD),Hog_education_Bruno,123,drift,2,moderate,192,17388.559118296256,True,101.0,0.4739583333333333,21935.929507850502
PatchTST-SSL(global-MAD),Hog_education_Bruno,123,spike,2,moderate,2,208.75207993954868,True,1.0,0.5,307.51814139825035
PatchTST-SSL(global-MAD),Hog_education_Bruno,123,schedule,3,obvious,216,76.45355843684771,False,,0.0,3722.202230331962
PatchTST-SSL(global-MAD),Hog_education_Caridad,123,spike,1,subtle,2,2731.6933904597063,True,1.0,0.5,2288.8184900088754
PatchTST-SSL(global-MAD),Hog_education_Caridad,123,drift,3,obvious,168,99252.01194407106,True,44.0,0.10119047619047619,114662.38765307987
PatchTST-SSL(global-MAD),Hog_education_Caridad,123,spike,1,subtle,3,3519.2878507706814,False,,0.0,1911.3469389555623
PatchTST-SSL(global-MAD),Hog_education_Caridad,123,spike,3,obvious,1,6794.154067709553,True,0.0,1.0,6449.183651255552
PatchTST-SSL(global-MAD),Hog_education_Caridad,123,drift,1,subtle,264,43165.13655367314,True,178.0,0.011363636363636364,43450.811121704995
PatchTST-SSL(global-MAD),Hog_education_Caridad,123,drift,3,obvious,144,73297.95555006973,False,,0.0,84779.03412760253
PatchTST-SSL(global-MAD),Hog_education_Josh,123,drift,3,obvious,144,7959.513378869462,True,124.0,0.013888888888888888,17419.62019289627
PatchTST-SSL(global-MAD),Hog_education_Josh,123,spike,2,moderate,4,611.0395308891121,True,2.0,0.5,882.3917762429489
PatchTST-SSL(global-MAD),Hog_education_Josh,123,spike,1,subtle,3,366.67162677451927,True,2.0,0.3333333333333333,630.6842559991783
PatchTST-SSL(global-MAD),Hog_education_Josh,123,drift,3,obvious,168,13020.370345217947,False,,0.0,19980.39004212079
PatchTST-SSL(global-MAD),Hog_education_Josh,123,drift,1,subtle,192,4363.562263827134,False,,0.0,11413.012618135948
PatchTST-SSL(global-MAD),Hog_education_Josh,123,spike,1,subtle,2,238.78457205940967,True,1.0,0.5,341.2961861512258
PatchTST-SSL(global-MAD),Hog_education_Luvenia,123,spike,1,subtle,3,455.8344024507873,False,,0.0,511.9444631533481
PatchTST-SSL(global-MAD),Hog_education_Luvenia,123,drift,2,moderate,264,54929.1258237537,True,3.0,0.20833333333333334,72049.1687949094
PatchTST-SSL(global-MAD),Hog_education_Luvenia,123,spike,1,subtle,4,439.39032680624484,True,1.0,0.75,928.3869514670821
PatchTST-SSL(global-MAD),Hog_education_Luvenia,123,spike,3,obvious,1,715.5647282123108,True,0.0,1.0,722.2545707831681
PatchTST-SSL(global-MAD),Hog_education_Luvenia,123,drift,3,obvious,240,72870.03993593014,False,,0.0,86045.78119589813
PatchTST-SSL(global-MAD),Hog_education_Luvenia,123,schedule,3,obvious,72,2322.155392898221,False,,0.0,1383.378879162251
PatchTST-SSL(global-MAD),Hog_office_Almeda,123,schedule,2,moderate,72,28.67787876675679,False,,0.0,1418.6165258190592
PatchTST-SSL(global-MAD),Hog_office_Almeda,123,schedule,2,moderate,216,70.12106487566511,True,101.0,0.027777777777777776,4481.489852738621
PatchTST-SSL(global-MAD),Hog_office_Almeda,123,drift,3,obvious,312,15353.001099313558,True,3.0,0.019230769230769232,18677.10925811522
PatchTST-SSL(global-MAD),Hog_office_Almeda,123,drift,1,subtle,144,526.8887717240907,True,74.0,0.020833333333333332,3156.949194477466
PatchTST-SSL(global-MAD),Hog_office_Almeda,123,spike,1,subtle,3,139.24990344202638,True,1.0,0.6666666666666666,277.91675746969497
PatchTST-SSL(global-MAD),Hog_office_Almeda,123,spike,1,subtle,1,82.28338102216038,True,0.0,1.0,116.28514864593237
PatchTST-SSL(global-MAD),Hog_office_Cortney,123,schedule,3,obvious,192,675.659755778285,False,,0.0,2160.165259375144
PatchTST-SSL(global-MAD),Hog_office_Cortney,123,spike,2,moderate,3,365.9656243934651,True,1.0,0.6666666666666666,533.5930325549227
PatchTST-SSL(global-MAD),Hog_office_Cortney,123,drift,3,obvious,264,9154.375686841197,True,37.0,0.19696969696969696,16970.022021541714
PatchTST-SSL(global-MAD),Hog_office_Cortney,123,spike,3,obvious,5,863.5552763422403,True,2.0,0.6,902.5930953459929
PatchTST-SSL(global-MAD),Hog_office_Cortney,123,drift,3,obvious,144,2657.890143930311,True,45.0,0.041666666666666664,5584.050701830781
PatchTST-SSL(global-MAD),Hog_office_Cortney,123,spike,3,obvious,1,434.0589581084138,True,0.0,1.0,489.97561744204125
PatchTST-SSL(global-MAD),Hog_office_Denita,123,spike,2,moderate,2,148.04479456749272,True,1.0,0.5,192.043970505889
PatchTST-SSL(global-MAD),Hog_office_Denita,123,schedule,2,moderate,192,80.75676933641031,False,,0.0,3604.0265373300563
PatchTST-SSL(global-MAD),Hog_office_Denita,123,drift,3,obvious,144,2706.766864515737,False,,0.0,1702.581183780725
PatchTST-SSL(global-MAD),Hog_office_Denita,123,drift,2,moderate,168,2084.49776224874,False,,0.0,3896.435391147349
PatchTST-SSL(global-MAD),Hog_office_Denita,123,schedule,2,moderate,144,168.49448279533027,False,,0.0,2690.707855757
PatchTST-SSL(global-MAD),Hog_office_Denita,123,spike,3,obvious,2,281.2051967311053,True,1.0,0.5,277.7056595094816
PatchTST-SSL(global-MAD),Hog_office_Garrett,123,spike,1,subtle,2,800.6226854998857,True,1.0,0.5,948.3712275622541
PatchTST-SSL(global-MAD),Hog_office_Garrett,123,drift,1,subtle,216,9195.820381574535,True,133.0,0.004629629629629629,12858.229717147166
PatchTST-SSL(global-MAD),Hog_office_Garrett,123,schedule,3,obvious,96,2092.359428346967,False,,0.0,1856.9967471626226
PatchTST-SSL(global-MAD),Hog_office_Garrett,123,drift,1,subtle,144,3323.6156797907715,False,,0.0,7077.103969621807
PatchTST-SSL(global-MAD),Hog_office_Garrett,123,drift,3,obvious,264,67734.00437875827,True,51.0,0.32954545454545453,77726.02557183105
PatchTST-SSL(global-MAD),Hog_office_Garrett,123,spike,3,obvious,5,4328.092876349334,True,1.0,0.8,4527.687338366364
PatchTST-SSL(global-MAD),Hog_office_Lavon,123,spike,1,subtle,3,2374.6235557297014,True,2.0,0.3333333333333333,2659.0567812963563
PatchTST-SSL(global-MAD),Hog_office_Lavon,123,spike,2,moderate,3,3794.3724276334815,True,1.0,0.6666666666666666,4987.788832531523
PatchTST-SSL(global-MAD),Hog_office_Lavon,123,drift,2,moderate,312,2773.0338335095603,False,,0.0,34170.971680577284
PatchTST-SSL(global-MAD),Hog_office_Lavon,123,spike,3,obvious,2,4451.899146126511,True,1.0,0.5,4765.464099747068
PatchTST-SSL(global-MAD),Hog_office_Lavon,123,spike,1,subtle,5,4225.881840189359,True,2.0,0.6,7233.606378444107
PatchTST-SSL(global-MAD),Hog_office_Lavon,123,spike,3,obvious,3,4991.004728707769,True,1.0,0.6666666666666666,5078.1088253461985
PatchTST-SSL(global-MAD),Hog_office_Merilyn,123,spike,3,obvious,2,74.71065509872955,True,1.0,0.5,66.36528223971541
PatchTST-SSL(global-MAD),Hog_office_Merilyn,123,spike,3,obvious,4,132.05847552916484,True,2.0,0.5,140.61437941914787
PatchTST-SSL(global-MAD),Hog_office_Merilyn,123,drift,3,obvious,120,1252.3499195421773,False,,0.0,909.0144012683725
PatchTST-SSL(global-MAD),Hog_office_Merilyn,123,schedule,2,moderate,216,354.74336074839505,False,,0.0,21.209283436283922
PatchTST-SSL(global-MAD),Hog_office_Merilyn,123,drift,3,obvious,168,2663.5823665894623,True,62.0,0.31547619047619047,4201.912621642044
PatchTST-SSL(global-MAD),Hog_office_Merilyn,123,schedule,3,obvious,72,44.434143945171144,False,,0.0,457.2602354990944
PatchTST-SSL(global-MAD),Hog_office_Miriam,123,spike,2,moderate,2,39.14258735448324,True,1.0,0.5,59.99948161007505
PatchTST-SSL(global-MAD),Hog_office_Miriam,123,drift,1,subtle,120,230.44604934093218,False,,0.0,121.28167071564818
PatchTST-SSL(global-MAD),Hog_office_Miriam,123,spike,2,moderate,1,35.66467994768293,True,0.0,1.0,41.9856755798247
PatchTST-SSL(global-MAD),Hog_office_Miriam,123,drift,1,subtle,312,965.6784438539437,True,35.0,0.16346153846153846,1917.4650442018128
PatchTST-SSL(global-MAD),Hog_office_Miriam,123,spike,1,subtle,3,34.72750862214191,True,1.0,0.6666666666666666,48.41871427273208
PatchTST-SSL(global-MAD),Hog_office_Miriam,123,schedule,2,moderate,168,64.25366120822854,False,,0.0,509.8653597330956
PatchTST-SSL(global-MAD),Hog_office_Napoleon,123,drift,3,obvious,240,20740.01444147993,False,,0.0,24239.81667545862
PatchTST-SSL(global-MAD),Hog_office_Napoleon,123,drift,2,moderate,312,18377.3115541578,True,149.0,0.14743589743589744,21066.70113622965
PatchTST-SSL(global-MAD),Hog_office_Napoleon,123,schedule,3,obvious,144,869.4953581851735,True,93.0,0.006944444444444444,3234.1841284787706
PatchTST-SSL(global-MAD),Hog_office_Napoleon,123,schedule,3,obvious,96,837.4576324321979,False,,0.0,1163.3065311402743
PatchTST-SSL(global-MAD),Hog_office_Napoleon,123,spike,3,obvious,4,585.2791629388853,True,1.0,0.75,658.2207399563265
PatchTST-SSL(global-MAD),Hog_office_Napoleon,123,spike,3,obvious,3,439.4070634100892,True,2.0,0.3333333333333333,566.9386046749387
PatchTST-SSL(global-MAD),Hog_office_Shawna,123,schedule,2,moderate,72,1034.6068860201226,False,,0.0,2889.096234739595
PatchTST-SSL(global-MAD),Hog_office_Shawna,123,schedule,3,obvious,96,3263.734547318278,False,,0.0,7431.112076947376
PatchTST-SSL(global-MAD),Hog_office_Shawna,123,spike,2,moderate,4,850.4716576235535,True,2.0,0.5,1110.7139661632839
PatchTST-SSL(global-MAD),Hog_office_Shawna,123,spike,1,subtle,5,655.9893883147479,True,4.0,0.2,806.7642376030486
PatchTST-SSL(global-MAD),Hog_office_Shawna,123,spike,1,subtle,3,316.8977482297006,True,2.0,0.3333333333333333,332.1224159262436
PatchTST-SSL(global-MAD),Hog_office_Shawna,123,drift,2,moderate,312,23154.84143521574,True,78.0,0.035256410256410256,40593.635227583814
PatchTST-SSL(global-MAD),Hog_office_Shawnna,123,spike,2,moderate,5,2371.412146578059,True,2.0,0.6,1961.5159963093258
PatchTST-SSL(global-MAD),Hog_office_Shawnna,123,drift,1,subtle,144,4751.4831722333965,True,4.0,0.027777777777777776,6847.0113652363125
PatchTST-SSL(global-MAD),Hog_office_Shawnna,123,schedule,2,moderate,216,653.0373692162267,True,36.0,0.023148148148148147,6219.212126953865
PatchTST-SSL(global-MAD),Hog_office_Shawnna,123,schedule,3,obvious,144,8044.543420406057,False,,0.0,10883.41140365987
PatchTST-SSL(global-MAD),Hog_office_Shawnna,123,spike,3,obvious,2,1558.1165318333533,True,1.0,0.5,1595.6457452181883
PatchTST-SSL(global-MAD),Hog_office_Shawnna,123,spike,1,subtle,5,1317.6350904115675,True,2.0,0.6,1106.2807704046716
PatchTST-SSL(global-MAD),Hog_office_Sherrie,123,drift,1,subtle,312,1502.6883443003737,True,78.0,0.09294871794871795,4670.054575446396
PatchTST-SSL(global-MAD),Hog_office_Sherrie,123,drift,3,obvious,168,2843.888229420063,True,63.0,0.20238095238095238,4287.2615495933005
PatchTST-SSL(global-MAD),Hog_office_Sherrie,123,spike,3,obvious,3,291.8020352741702,True,1.0,0.6666666666666666,319.18245418915114
PatchTST-SSL(global-MAD),Hog_office_Sherrie,123,spike,2,moderate,5,282.5523283669032,True,2.0,0.6,270.1293918782467
PatchTST-SSL(global-MAD),Hog_office_Sherrie,123,drift,2,moderate,144,1240.5414345171785,True,118.0,0.020833333333333332,2420.8747393147005
PatchTST-SSL(global-MAD),Hog_office_Sherrie,123,spike,2,moderate,1,135.38450679958814,True,0.0,1.0,135.4136165725122
PatchTST-SSL(global-MAD),Hog_office_Shon,123,drift,3,obvious,120,2948.463897397897,False,,0.0,4363.246072711727
PatchTST-SSL(global-MAD),Hog_office_Shon,123,spike,2,moderate,4,269.0109492648661,True,2.0,0.5,261.2150495884399
PatchTST-SSL(global-MAD),Hog_office_Shon,123,drift,2,moderate,120,1947.8557803483086,True,70.0,0.041666666666666664,4171.944419329717
PatchTST-SSL(global-MAD),Hog_office_Shon,123,drift,3,obvious,216,11247.793831062876,False,,0.0,16320.165739708762
PatchTST-SSL(global-MAD),Hog_office_Shon,123,drift,2,moderate,264,7232.998301440217,True,180.0,0.03409090909090909,10531.234734825981
PatchTST-SSL(global-MAD),Hog_office_Shon,123,spike,3,obvious,2,191.61788634989614,True,1.0,0.5,192.20609409052983
PatchTST-SSL(global-MAD),Hog_office_Sydney,123,spike,2,moderate,2,153.76692493643083,True,1.0,0.5,157.17323170752917
PatchTST-SSL(global-MAD),Hog_office_Sydney,123,schedule,3,obvious,72,727.3023863134501,False,,0.0,472.19666070622554
PatchTST-SSL(global-MAD),Hog_office_Sydney,123,spike,2,moderate,3,205.02813478194554,True,1.0,0.6666666666666666,213.95281712154815
PatchTST-SSL(global-MAD),Hog_office_Sydney,123,drift,1,subtle,264,5315.767404450148,True,172.0,0.015151515151515152,3985.0507967645963
PatchTST-SSL(global-MAD),Hog_office_Sydney,123,schedule,3,obvious,144,956.7663238616351,False,,0.0,2032.1198274018382
PatchTST-SSL(global-MAD),Hog_office_Sydney,123,drift,2,moderate,168,6145.092488138226,True,20.0,0.4880952380952381,7558.346139571698
PatchTST-SSL(global-MAD),Hog_office_Valda,123,spike,2,moderate,3,147.18737605936093,True,1.0,0.6666666666666666,148.84243714537175
PatchTST-SSL(global-MAD),Hog_office_Valda,123,spike,2,moderate,1,78.9182213779984,True,0.0,1.0,82.05806984426283
PatchTST-SSL(global-MAD),Hog_office_Valda,123,schedule,3,obvious,96,39.10848908515853,True,8.0,0.19791666666666666,1123.2341070911727
PatchTST-SSL(global-MAD),Hog_office_Valda,123,spike,2,moderate,5,192.79737053892276,True,2.0,0.6,226.38282086206974
PatchTST-SSL(global-MAD),Hog_office_Valda,123,spike,1,subtle,4,86.50562247331051,True,2.0,0.5,68.5217744731094
PatchTST-SSL(global-MAD),Hog_office_Valda,123,spike,2,moderate,3,115.39396740012796,True,1.0,0.6666666666666666,157.91598153865112
PatchTST-SSL(global-MAD),Lamb_education_Armando,123,schedule,2,moderate,72,203.13693771528114,True,8.0,0.18055555555555555,1902.5947740516644
PatchTST-SSL(global-MAD),Lamb_education_Armando,123,schedule,1,subtle,168,87.28334918811282,True,30.0,0.20833333333333334,4938.388774369797
PatchTST-SSL(global-MAD),Lamb_education_Armando,123,spike,3,obvious,1,377.12178654530476,True,0.0,1.0,354.40343185128995
PatchTST-SSL(global-MAD),Lamb_education_Armando,123,drift,3,obvious,312,7857.0451735646675,True,1.0,0.05128205128205128,11667.215093251783
PatchTST-SSL(global-MAD),Lamb_education_Armando,123,spike,2,moderate,3,386.59756392503573,True,1.0,0.6666666666666666,434.98872278182847
PatchTST-SSL(global-MAD),Lamb_education_Armando,123,spike,2,moderate,4,413.23074896014316,True,0.0,1.0,810.3894875357587
PatchTST-SSL(global-MAD),Lamb_education_Eula,123,spike,3,obvious,4,26.294354402095188,True,1.0,0.75,26.545828008459843
PatchTST-SSL(global-MAD),Lamb_education_Eula,123,spike,1,subtle,1,5.799574332677247,True,0.0,1.0,5.788269611566815
PatchTST-SSL(global-MAD),Lamb_education_Eula,123,spike,3,obvious,5,34.334959750450494,True,2.0,0.6,45.631550639091145
PatchTST-SSL(global-MAD),Lamb_education_Eula,123,spike,1,subtle,2,7.181574523397411,True,1.0,0.5,11.617978983363724
PatchTST-SSL(global-MAD),Lamb_education_Eula,123,spike,1,subtle,1,6.59423254631242,True,0.0,1.0,7.2013671677207025
PatchTST-SSL(global-MAD),Lamb_education_Eula,123,spike,3,obvious,1,15.329047213601562,True,0.0,1.0,14.44870838306774
PatchTST-SSL(global-MAD),Lamb_education_Lazaro,123,spike,2,moderate,5,374.47784520017035,True,1.0,0.8,682.7426948438098
PatchTST-SSL(global-MAD),Lamb_education_Lazaro,123,drift,1,subtle,216,401.29286658232274,False,,0.0,84.3912803344494
PatchTST-SSL(global-MAD),Lamb_education_Lazaro,123,spike,2,moderate,3,201.78794729269748,True,1.0,0.6666666666666666,227.44247588597824
PatchTST-SSL(global-MAD),Lamb_education_Lazaro,123,drift,3,obvious,192,1592.6761325556072,True,5.0,0.18229166666666666,6471.313433942904
PatchTST-SSL(global-MAD),Lamb_education_Lazaro,123,spike,3,obvious,2,231.02367481296838,True,1.0,0.5,232.40366300371488
PatchTST-SSL(global-MAD),Lamb_education_Lazaro,123,drift,1,subtle,168,241.48661946843598,False,,0.0,37.994670645707686
PatchTST-SSL(global-MAD),Lamb_education_Lucas,123,schedule,3,obvious,168,76.518357105516,True,30.0,0.13095238095238096,739.0714952700415
PatchTST-SSL(global-MAD),Lamb_education_Lucas,123,spike,3,obvious,1,54.16916519743869,True,0.0,1.0,53.58843237489944
PatchTST-SSL(global-MAD),Lamb_education_Lucas,123,schedule,3,obvious,72,5.869035981446744,True,11.0,0.1111111111111111,295.4968171085101
PatchTST-SSL(global-MAD),Lamb_education_Lucas,123,spike,2,moderate,5,83.64456360822592,True,2.0,0.6,111.36907842163592
PatchTST-SSL(global-MAD),Lamb_education_Lucas,123,spike,1,subtle,1,21.503552764624672,True,0.0,1.0,18.229410831933258
PatchTST-SSL(global-MAD),Lamb_education_Lucas,123,drift,2,moderate,168,225.2261936276376,True,6.0,0.19047619047619047,760.8808400880127
PatchTST-SSL(global-MAD),Lamb_education_Mae,123,drift,1,subtle,288,2090.9792705675427,True,32.0,0.041666666666666664,5284.69009779883
PatchTST-SSL(global-MAD),Lamb_education_Mae,123,drift,3,obvious,168,3878.3792791977203,True,5.0,0.18452380952380953,8980.431977609307
PatchTST-SSL(global-MAD),Lamb_education_Mae,123,drift,2,moderate,192,3616.5649037878884,False,,0.0,2120.2130006852676
PatchTST-SSL(global-MAD),Lamb_education_Mae,123,spike,1,subtle,2,168.00759362156072,True,1.0,0.5,257.1976541993253
PatchTST-SSL(global-MAD),Lamb_education_Mae,123,schedule,3,obvious,144,5.109533279254961,True,53.0,0.034722222222222224,4426.231034761029
PatchTST-SSL(global-MAD),Lamb_education_Mae,123,spike,2,moderate,4,497.76086737073166,True,2.0,0.5,396.96063885695037
PatchTST-SSL(global-MAD),Lamb_education_Williams,123,spike,3,obvious,3,424.58042233121216,True,1.0,0.6666666666666666,461.9974595430039
PatchTST-SSL(global-MAD),Lamb_education_Williams,123,spike,1,subtle,3,170.23417353918882,True,2.0,0.3333333333333333,174.74515187199114
PatchTST-SSL(global-MAD),Lamb_education_Williams,123,schedule,2,moderate,192,51.864066737421766,True,39.0,0.140625,4990.992457203202
PatchTST-SSL(global-MAD),Lamb_education_Williams,123,spike,3,obvious,2,312.0306486506167,True,1.0,0.5,317.2082133216156
PatchTST-SSL(global-MAD),Lamb_education_Williams,123,spike,2,moderate,3,345.7997785693358,True,2.0,0.3333333333333333,282.172385842994
PatchTST-SSL(global-MAD),Lamb_education_Williams,123,spike,1,subtle,3,169.72626497152717,True,2.0,0.3333333333333333,237.3323136831699
PatchTST-SSL(global-MAD),Lamb_office_Caitlin,123,drift,2,moderate,120,262.52918539532453,False,,0.0,166.57282144311947
PatchTST-SSL(global-MAD),Lamb_office_Caitlin,123,spike,3,obvious,3,568.3639822512657,True,1.0,0.6666666666666666,548.4441255801787
PatchTST-SSL(global-MAD),Lamb_office_Caitlin,123,drift,1,subtle,288,704.4995026024479,True,254.0,0.027777777777777776,4131.693384436963
PatchTST-SSL(global-MAD),Lamb_office_Caitlin,123,spike,1,subtle,5,313.85656167965396,True,2.0,0.6,298.24571482705926
PatchTST-SSL(global-MAD),Lamb_office_Caitlin,123,spike,2,moderate,5,568.2456667214833,True,2.0,0.6,408.3279829052749
PatchTST-SSL(global-MAD),Lamb_office_Caitlin,123,spike,2,moderate,3,305.0811978420506,False,,0.0,197.48949607246516
PatchTST-SSL(global-MAD),Lamb_office_Velma,123,spike,2,moderate,4,579.3785831747393,True,2.0,0.5,969.0337122831756
PatchTST-SSL(global-MAD),Lamb_office_Velma,123,drift,1,subtle,264,3600.407790458008,False,,0.0,12284.737686988105
PatchTST-SSL(global-MAD),Lamb_office_Velma,123,schedule,3,obvious,72,529.7124723853377,False,,0.0,2770.1372832884695
PatchTST-SSL(global-MAD),Lamb_office_Velma,123,schedule,3,obvious,168,905.7834583344495,False,,0.0,6184.274668136652
PatchTST-SSL(global-MAD),Lamb_office_Velma,123,drift,2,moderate,264,11018.856200311362,True,175.0,0.030303030303030304,18031.6684429456
PatchTST-SSL(global-MAD),Lamb_office_Velma,123,spike,1,subtle,1,203.31928736081287,True,0.0,1.0,278.6445012109655
PatchTST-SSL(global-MAD),Rat_retail_Jeffrey,123,spike,1,subtle,5,297.07819054346146,False,,0.0,182.68949247973
PatchTST-SSL(global-MAD),Rat_retail_Jeffrey,123,drift,2,moderate,288,8884.572843683076,False,,0.0,9202.499715215989
PatchTST-SSL(global-MAD),Rat_retail_Jeffrey,123,drift,3,obvious,312,16042.159321483588,False,,0.0,15438.737102681633
PatchTST-SSL(global-MAD),Rat_retail_Jeffrey,123,drift,3,obvious,288,13433.287503070473,True,99.0,0.125,19485.503534846004
PatchTST-SSL(global-MAD),Rat_retail_Jeffrey,123,spike,2,moderate,4,396.18797784816087,False,,0.0,424.0620367561769
PatchTST-SSL(global-MAD),Rat_retail_Jeffrey,123,spike,1,subtle,2,149.27212647463435,False,,0.0,171.2012342651503
PatchTST-SSL(global-MAD),Robin_education_Zenia,123,drift,3,obvious,240,23393.72141148178,True,215.0,0.0125,42209.37654112359
PatchTST-SSL(global-MAD),Robin_education_Zenia,123,drift,2,moderate,216,11875.093738761898,True,0.0,0.3055555555555556,29054.13580743763
PatchTST-SSL(global-MAD),Robin_education_Zenia,123,spike,2,moderate,3,222.03735529951837,True,2.0,0.3333333333333333,357.6241641656377
PatchTST-SSL(global-MAD),Robin_education_Zenia,123,drift,1,subtle,288,9160.385486153853,False,,0.0,28244.293860581034
PatchTST-SSL(global-MAD),Robin_education_Zenia,123,spike,2,moderate,5,431.4815913558175,False,,0.0,850.3291842233032
PatchTST-SSL(global-MAD),Robin_education_Zenia,123,spike,1,subtle,3,167.63958684164422,False,,0.0,386.2413462890733
PatchTST-SSL(global-MAD),Robin_office_Dina,123,spike,1,subtle,4,68.4746983087544,False,,0.0,62.00059642713191
PatchTST-SSL(global-MAD),Robin_office_Dina,123,spike,2,moderate,1,57.843807887198196,False,,0.0,52.73424119720039
PatchTST-SSL(global-MAD),Robin_office_Dina,123,spike,2,moderate,4,105.04301321096541,True,2.0,0.5,106.5144281205572
PatchTST-SSL(global-MAD),Robin_office_Dina,123,drift,1,subtle,312,2636.196139427071,True,43.0,0.16666666666666666,3783.5445135913137
PatchTST-SSL(global-MAD),Robin_office_Dina,123,drift,3,obvious,240,5380.373982455583,True,27.0,0.14583333333333334,6123.112806125678
PatchTST-SSL(global-MAD),Robin_office_Dina,123,spike,2,moderate,5,151.9427563095937,True,2.0,0.6,149.61557776179706
PatchTST-SSL(global-MAD),Robin_office_Sammie,123,schedule,2,moderate,168,483.8792634429125,False,,0.0,2146.841230288141
PatchTST-SSL(global-MAD),Robin_office_Sammie,123,schedule,3,obvious,192,977.3897562849763,False,,0.0,2140.9552890546133
PatchTST-SSL(global-MAD),Robin_office_Sammie,123,drift,1,subtle,264,2755.0334119244794,True,98.0,0.06818181818181818,1942.0326607315744
PatchTST-SSL(global-MAD),Robin_office_Sammie,123,spike,3,obvious,4,364.36019766409277,True,1.0,0.75,563.4527791587903
PatchTST-SSL(global-MAD),Robin_office_Sammie,123,schedule,3,obvious,168,2314.2865402050898,False,,0.0,2173.1142589962046
PatchTST-SSL(global-MAD),Robin_office_Sammie,123,spike,3,obvious,5,474.4082509322585,True,1.0,0.8,604.1880910911602
PatchTST-SSL(global-MAD),Shrew_office_Doris,123,drift,3,obvious,312,44891.62811435338,True,18.0,0.23397435897435898,50071.29960399313
PatchTST-SSL(global-MAD),Shrew_office_Doris,123,spike,1,subtle,2,237.15238122664746,True,1.0,0.5,298.5633148318816
PatchTST-SSL(global-MAD),Shrew_office_Doris,123,schedule,3,obvious,216,1297.1953433177616,False,,0.0,4849.678113843858
PatchTST-SSL(global-MAD),Shrew_office_Doris,123,schedule,3,obvious,72,35.91670620662419,False,,0.0,2716.7101401406117
PatchTST-SSL(global-MAD),Shrew_office_Doris,123,schedule,3,obvious,120,5.573837452122518,True,61.0,0.041666666666666664,4608.355691245243
PatchTST-SSL(global-MAD),Shrew_office_Doris,123,spike,3,obvious,2,454.8096962841917,True,1.0,0.5,472.9395219370607
PatchTST-SSL(global-MAD),Shrew_office_Ila,123,drift,2,moderate,240,12234.707321185711,True,38.0,0.08333333333333333,15273.431782474265
PatchTST-SSL(global-MAD),Shrew_office_Ila,123,schedule,3,obvious,192,57.235751088076555,True,80.0,0.03125,4084.1038265252373
PatchTST-SSL(global-MAD),Shrew_office_Ila,123,drift,1,subtle,240,3195.899958049458,True,67.0,0.09166666666666666,8786.577343637884
PatchTST-SSL(global-MAD),Shrew_office_Ila,123,spike,2,moderate,3,354.27865606545697,True,1.0,0.6666666666666666,363.7957893146822
PatchTST-SSL(global-MAD),Shrew_office_Ila,123,schedule,3,obvious,192,3.1847764428720353,False,,0.0,4394.714856039909
PatchTST-SSL(global-MAD),Shrew_office_Ila,123,drift,3,obvious,240,22688.051141610937,True,55.0,0.275,26705.538997725966
PatchTST-SSL(global-MAD),Shrew_office_Kenneth,123,spike,3,obvious,2,131.11670586022714,True,1.0,0.5,120.18880124872835
PatchTST-SSL(global-MAD),Shrew_office_Kenneth,123,spike,2,moderate,5,227.0242444596504,True,1.0,0.8,198.03986556914478
PatchTST-SSL(global-MAD),Shrew_office_Kenneth,123,drift,3,obvious,240,5053.890885911685,True,12.0,0.058333333333333334,6373.486947887181
PatchTST-SSL(global-MAD),Shrew_office_Kenneth,123,drift,3,obvious,264,5293.377061299316,True,140.0,0.041666666666666664,5246.618509917353
PatchTST-SSL(global-MAD),Shrew_office_Kenneth,123,drift,2,moderate,264,2846.954348101387,True,83.0,0.04924242424242424,1426.1776381761144
PatchTST-SSL(global-MAD),Shrew_office_Kenneth,123,spike,2,moderate,4,176.17399675860463,True,3.0,0.25,177.70585980325723
PatchTST-SSL(global-MAD),Shrew_office_Nora,123,spike,1,subtle,3,363.7027421884706,True,1.0,0.6666666666666666,629.1150678041671
PatchTST-SSL(global-MAD),Shrew_office_Nora,123,schedule,3,obvious,168,2229.075651298478,False,,0.0,5369.953283758283
PatchTST-SSL(global-MAD),Shrew_office_Nora,123,spike,3,obvious,5,1307.2052737697059,True,2.0,0.6,1714.9888610241983
PatchTST-SSL(global-MAD),Shrew_office_Nora,123,spike,2,moderate,5,1074.4165419552485,True,2.0,0.6,1109.665600339623
PatchTST-SSL(global-MAD),Shrew_office_Nora,123,schedule,3,obvious,72,981.9580003229489,False,,0.0,2736.9459421575257
PatchTST-SSL(global-MAD),Shrew_office_Nora,123,spike,1,subtle,2,299.98487883646453,True,1.0,0.5,303.5976466441781
PatchTST-SSL(global-MAD),Shrew_office_Sherill,123,spike,3,obvious,4,1938.3662349644947,True,2.0,0.5,1873.82856332771
PatchTST-SSL(global-MAD),Shrew_office_Sherill,123,schedule,3,obvious,168,1063.2674640853456,True,17.0,0.011904761904761904,8309.05999964877
PatchTST-SSL(global-MAD),Shrew_office_Sherill,123,schedule,2,moderate,144,52.89200787198175,False,,0.0,3166.849127286675
PatchTST-SSL(global-MAD),Shrew_office_Sherill,123,drift,3,obvious,168,20296.48426102668,True,2.0,0.06547619047619048,23327.17689392835
PatchTST-SSL(global-MAD),Shrew_office_Sherill,123,spike,3,obvious,2,891.9483588151319,True,1.0,0.5,1108.7907667560253
PatchTST-SSL(global-MAD),Shrew_office_Sherill,123,spike,1,subtle,3,597.9218152987612,True,2.0,0.3333333333333333,1033.7793462483342
PatchTST-SSL(global-MAD),Wolf_office_Darleen,123,drift,2,moderate,312,5118.617371022473,False,,0.0,5352.09396507951
PatchTST-SSL(global-MAD),Wolf_office_Darleen,123,drift,2,moderate,144,1122.0444420374765,True,90.0,0.09722222222222222,1985.9260205990413
PatchTST-SSL(global-MAD),Wolf_office_Darleen,123,drift,3,obvious,216,4625.169208288764,True,70.0,0.12962962962962962,4805.534428125531
PatchTST-SSL(global-MAD),Wolf_office_Darleen,123,spike,2,moderate,4,240.52539583615456,True,1.0,0.75,325.616789696007
PatchTST-SSL(global-MAD),Wolf_office_Darleen,123,drift,1,subtle,168,722.2431690015353,True,0.0,0.011904761904761904,1569.3258541988469
PatchTST-SSL(global-MAD),Wolf_office_Darleen,123,schedule,2,moderate,216,6.372364314854387,True,31.0,0.013888888888888888,1781.2098451723218
PatchTST-SSL(global-MAD),Wolf_retail_Harriett,123,schedule,2,moderate,144,41.589040571361394,True,124.0,0.013888888888888888,2105.4364552857005
PatchTST-SSL(global-MAD),Wolf_retail_Harriett,123,schedule,2,moderate,96,20.026795522465733,True,69.0,0.052083333333333336,1134.1338202389995
PatchTST-SSL(global-MAD),Wolf_retail_Harriett,123,spike,2,moderate,5,304.5069252343177,True,2.0,0.6,485.3115299199247
PatchTST-SSL(global-MAD),Wolf_retail_Harriett,123,spike,2,moderate,4,204.21169334656463,True,2.0,0.5,324.479022351203
PatchTST-SSL(global-MAD),Wolf_retail_Harriett,123,drift,1,subtle,192,1245.6474215603403,False,,0.0,2983.784392198398
PatchTST-SSL(global-MAD),Wolf_retail_Harriett,123,drift,3,obvious,264,7344.239049400337,True,136.0,0.01893939393939394,11575.971146303997
PatchTST-SSL(global-MAD),Wolf_retail_Marcella,123,spike,1,subtle,2,13.916313168209674,True,0.0,1.0,27.55631704395757
PatchTST-SSL(global-MAD),Wolf_retail_Marcella,123,drift,3,obvious,264,1145.6896641735011,True,2.0,0.2196969696969697,1643.2755990711125
PatchTST-SSL(global-MAD),Wolf_retail_Marcella,123,drift,2,moderate,144,198.96519574007425,True,13.0,0.027777777777777776,256.1495508590606
PatchTST-SSL(global-MAD),Wolf_retail_Marcella,123,spike,3,obvious,4,59.222953564174716,True,2.0,0.5,53.169179316011174
PatchTST-SSL(global-MAD),Wolf_retail_Marcella,123,spike,1,subtle,1,14.837894350572272,True,0.0,1.0,14.482628945898375
PatchTST-SSL(global-MAD),Wolf_retail_Marcella,123,spike,2,moderate,4,32.44073899726534,True,2.0,0.5,37.68278477460788
PatchTST-SSL(global-MAD),Wolf_retail_Toshia,123,spike,1,subtle,4,303.6671023696364,True,2.0,0.5,298.72599398647077
PatchTST-SSL(global-MAD),Wolf_retail_Toshia,123,spike,1,subtle,4,332.1122316161035,True,2.0,0.5,388.34640622518054
PatchTST-SSL(global-MAD),Wolf_retail_Toshia,123,schedule,2,moderate,144,83.30849022986973,True,138.0,0.013888888888888888,2745.876305145153
PatchTST-SSL(global-MAD),Wolf_retail_Toshia,123,spike,2,moderate,2,312.40678412779,True,1.0,0.5,279.9115125353289
PatchTST-SSL(global-MAD),Wolf_retail_Toshia,123,spike,3,obvious,2,471.3347275443462,True,1.0,0.5,601.4032375091501
PatchTST-SSL(global-MAD),Wolf_retail_Toshia,123,schedule,2,moderate,120,6.526262952639762,True,20.0,0.008333333333333333,2864.3470956823676
HOW-profile(HoW-cond),Fox_education_Henrietta,123,spike,3,obvious,3,107.28066628343188,False,,0.0,117.40066628343189
HOW-profile(HoW-cond),Fox_education_Henrietta,123,spike,1,subtle,2,38.79410978520845,True,1.0,0.5,43.28410978520846
HOW-profile(HoW-cond),Fox_education_Henrietta,123,drift,3,obvious,216,1933.886031900874,True,191.0,0.013888888888888888,1666.3722189118987
HOW-profile(HoW-cond),Fox_education_Henrietta,123,schedule,3,obvious,72,4.398242775736969,False,,0.0,32.673005780504994
HOW-profile(HoW-cond),Fox_education_Henrietta,123,spike,3,obvious,4,160.57591003856936,True,2.0,0.5,154.56091003856935
HOW-profile(HoW-cond),Fox_education_Henrietta,123,spike,2,moderate,3,69.44453542686097,True,1.0,0.6666666666666666,81.49453542686098
HOW-profile(HoW-cond),Fox_retail_Manie,123,schedule,3,obvious,96,227.11597207258032,True,48.0,0.020833333333333332,249.97171217209916
HOW-profile(HoW-cond),Fox_retail_Manie,123,drift,1,subtle,192,1233.548743144401,True,139.0,0.09895833333333333,2329.8711406031484
HOW-profile(HoW-cond),Fox_retail_Manie,123,spike,3,obvious,2,256.61536206414166,True,1.0,0.5,233.79036206414165
HOW-profile(HoW-cond),Fox_retail_Manie,123,drift,3,obvious,240,8289.663100225807,True,16.0,0.4166666666666667,8926.855031280938
HOW-profile(HoW-cond),Fox_retail_Manie,123,spike,3,obvious,2,237.32739808430793,True,1.0,0.5,235.30739808430792
HOW-profile(HoW-cond),Fox_retail_Manie,123,spike,1,subtle,2,99.0726521706526,False,,0.0,110.13765217065259
HOW-profile(HoW-cond),Hog_education_Bruno,123,drift,2,moderate,168,12811.470511399853,True,10.0,0.9166666666666666,13311.006043094494
HOW-profile(HoW-cond),Hog_education_Bruno,123,spike,2,moderate,1,275.8232577143261,True,0.0,1.0,272.03125771432616
HOW-profile(HoW-cond),Hog_education_Bruno,123,drift,2,moderate,240,23664.966243209576,True,67.0,0.041666666666666664,26035.141721986587
HOW-profile(HoW-cond),Hog_education_Bruno,123,drift,2,moderate,192,17388.559118296256,True,34.0,0.6770833333333334,17372.556010652872
HOW-profile(HoW-cond),Hog_education_Bruno,123,spike,2,moderate,2,208.75207993954868,True,0.0,1.0,282.4695799395487
HOW-profile(HoW-cond),Hog_education_Bruno,123,schedule,3,obvious,216,76.45355843684771,True,81.0,0.004629629629629629,191.98325489164927
HOW-profile(HoW-cond),Hog_education_Caridad,123,spike,1,subtle,2,2731.6933904597063,True,1.0,0.5,2594.533390459706
HOW-profile(HoW-cond),Hog_education_Caridad,123,drift,3,obvious,168,99252.01194407106,True,10.0,0.8214285714285714,88138.7417610684
HOW-profile(HoW-cond),Hog_education_Caridad,123,spike,1,subtle,3,3519.2878507706814,True,2.0,0.3333333333333333,3242.0938507706815
HOW-profile(HoW-cond),Hog_education_Caridad,123,spike,3,obvious,1,6794.154067709553,True,0.0,1.0,6349.536067709554
HOW-profile(HoW-cond),Hog_education_Caridad,123,drift,1,subtle,264,43165.13655367314,True,177.0,0.011363636363636364,11352.481204946918
HOW-profile(HoW-cond),Hog_education_Caridad,123,drift,3,obvious,144,73297.95555006973,True,69.0,0.3263888888888889,65279.227824018424
HOW-profile(HoW-cond),Hog_education_Josh,123,drift,3,obvious,144,7959.513378869462,False,,0.0,14291.445378869461
HOW-profile(HoW-cond),Hog_education_Josh,123,spike,2,moderate,4,611.0395308891121,True,2.0,0.5,802.7370308891122
HOW-profile(HoW-cond),Hog_education_Josh,123,spike,1,subtle,3,366.67162677451927,False,,0.0,533.1761267745192
HOW-profile(HoW-cond),Hog_education_Josh,123,drift,3,obvious,168,13020.370345217947,True,106.0,0.005952380952380952,16746.931776572314
HOW-profile(HoW-cond),Hog_education_Josh,123,drift,1,subtle,192,4363.562263827134,False,,0.0,6152.038079183734
HOW-profile(HoW-cond),Hog_education_Josh,123,spike,1,subtle,2,238.78457205940967,True,1.0,0.5,366.2455720594097
HOW-profile(HoW-cond),Hog_education_Luvenia,123,spike,1,subtle,3,455.8344024507873,False,,0.0,498.33740245078735
HOW-profile(HoW-cond),Hog_education_Luvenia,123,drift,2,moderate,264,54929.1258237537,True,9.0,0.7348484848484849,62825.31632375369
HOW-profile(HoW-cond),Hog_education_Luvenia,123,spike,1,subtle,4,439.39032680624484,True,2.0,0.5,551.6223268062447
HOW-profile(HoW-cond),Hog_education_Luvenia,123,spike,3,obvious,1,715.5647282123108,True,0.0,1.0,729.5607282123109
HOW-profile(HoW-cond),Hog_education_Luvenia,123,drift,3,obvious,240,72870.03993593014,True,118.0,0.23333333333333334,78232.10136132932
HOW-profile(HoW-cond),Hog_education_Luvenia,123,schedule,3,obvious,72,2322.155392898221,False,,0.0,765.8771117112583
HOW-profile(HoW-cond),Hog_office_Almeda,123,schedule,2,moderate,72,28.67787876675679,True,21.0,0.18055555555555555,1249.563594275312
HOW-profile(HoW-cond),Hog_office_Almeda,123,schedule,2,moderate,216,70.12106487566511,True,27.0,0.10648148148148148,2658.0941577235553
HOW-profile(HoW-cond),Hog_office_Almeda,123,drift,3,obvious,312,15353.001099313558,True,0.0,0.532051282051282,15636.282221325631
HOW-profile(HoW-cond),Hog_office_Almeda,123,drift,1,subtle,144,526.8887717240907,True,33.0,0.1736111111111111,2172.4324163165693
HOW-profile(HoW-cond),Hog_office_Almeda,123,spike,1,subtle,3,139.24990344202638,True,1.0,0.6666666666666666,198.70790344202635
HOW-profile(HoW-cond),Hog_office_Almeda,123,spike,1,subtle,1,82.28338102216038,True,0.0,1.0,103.8903810221604
HOW-profile(HoW-cond),Hog_office_Cortney,123,schedule,3,obvious,192,675.659755778285,False,,0.0,346.1169973036367
HOW-profile(HoW-cond),Hog_office_Cortney,123,spike,2,moderate,3,365.9656243934651,True,1.0,0.6666666666666666,368.6246243934651
HOW-profile(HoW-cond),Hog_office_Cortney,123,drift,3,obvious,264,9154.375686841197,True,11.0,0.5265151515151515,9878.85999892588
HOW-profile(HoW-cond),Hog_office_Cortney,123,spike,3,obvious,5,863.5552763422403,True,1.0,0.8,839.6132763422403
HOW-profile(HoW-cond),Hog_office_Cortney,123,drift,3,obvious,144,2657.890143930311,True,56.0,0.3125,2351.0957226799114
HOW-profile(HoW-cond),Hog_office_Cortney,123,spike,3,obvious,1,434.0589581084138,True,0.0,1.0,452.3859581084138
HOW-profile(HoW-cond),Hog_office_Denita,123,spike,2,moderate,2,148.04479456749272,True,1.0,0.5,155.22779456749268
HOW-profile(HoW-cond),Hog_office_Denita,123,schedule,2,moderate,192,80.75676933641031,True,51.0,0.010416666666666666,595.9918184464957
HOW-profile(HoW-cond),Hog_office_Denita,123,drift,3,obvious,144,2706.766864515737,True,88.0,0.1111111111111111,709.3160944179103
HOW-profile(HoW-cond),Hog_office_Denita,123,drift,2,moderate,168,2084.49776224874,True,117.0,0.10119047619047619,1777.6714949331827
HOW-profile(HoW-cond),Hog_office_Denita,123,schedule,2,moderate,144,168.49448279533027,True,80.0,0.013888888888888888,431.1137824509068
HOW-profile(HoW-cond),Hog_office_Denita,123,spike,3,obvious,2,281.2051967311053,True,1.0,0.5,284.9156967311053
HOW-profile(HoW-cond),Hog_office_Garrett,123,spike,1,subtle,2,800.6226854998857,True,1.0,0.5,784.5976854998858
HOW-profile(HoW-cond),Hog_office_Garrett,123,drift,1,subtle,216,9195.820381574535,True,97.0,0.12962962962962962,8984.096659668896
HOW-profile(HoW-cond),Hog_office_Garrett,123,schedule,3,obvious,96,2092.359428346967,True,14.0,0.19791666666666666,2527.8405065846723
HOW-profile(HoW-cond),Hog_office_Garrett,123,drift,1,subtle,144,3323.6156797907715,True,8.0,0.2152777777777778,2863.110881815861
HOW-profile(HoW-cond),Hog_office_Garrett,123,drift,3,obvious,264,67734.00437875827,True,5.0,0.5909090909090909,63618.84772346698
HOW-profile(HoW-cond),Hog_office_Garrett,123,spike,3,obvious,5,4328.092876349334,True,1.0,0.8,4109.166876349334
HOW-profile(HoW-cond),Hog_office_Lavon,123,spike,1,subtle,3,2374.6235557297014,True,1.0,0.6666666666666666,2508.3925557297016
HOW-profile(HoW-cond),Hog_office_Lavon,123,spike,2,moderate,3,3794.3724276334815,True,1.0,0.6666666666666666,4558.948427633481
HOW-profile(HoW-cond),Hog_office_Lavon,123,drift,2,moderate,312,2773.0338335095603,True,207.0,0.00641025641025641,989.2809172899811
HOW-profile(HoW-cond),Hog_office_Lavon,123,spike,3,obvious,2,4451.899146126511,True,1.0,0.5,5088.704146126512
HOW-profile(HoW-cond),Hog_office_Lavon,123,spike,1,subtle,5,4225.881840189359,True,3.0,0.4,5875.121840189359
HOW-profile(HoW-cond),Hog_office_Lavon,123,spike,3,obvious,3,4991.004728707769,True,1.0,0.6666666666666666,5779.613728707769
HOW-profile(HoW-cond),Hog_office_Merilyn,123,spike,3,obvious,2,74.71065509872955,True,1.0,0.5,66.37865509872954
HOW-profile(HoW-cond),Hog_office_Merilyn,123,spike,3,obvious,4,132.05847552916484,True,2.0,0.5,143.81697552916484
HOW-profile(HoW-cond),Hog_office_Merilyn,123,drift,3,obvious,120,1252.3499195421773,False,,0.0,542.207932716682
HOW-profile(HoW-cond),Hog_office_Merilyn,123,schedule,2,moderate,216,354.74336074839505,False,,0.0,0.0
HOW-profile(HoW-cond),Hog_office_Merilyn,123,drift,3,obvious,168,2663.5823665894623,True,42.0,0.1130952380952381,3390.6548665894625
HOW-profile(HoW-cond),Hog_office_Merilyn,123,schedule,3,obvious,72,44.434143945171144,False,,0.0,135.86399999999998
HOW-profile(HoW-cond),Hog_office_Miriam,123,spike,2,moderate,2,39.14258735448324,True,1.0,0.5,42.24258735448324
HOW-profile(HoW-cond),Hog_office_Miriam,123,drift,1,subtle,120,230.44604934093218,False,,0.0,69.94504913082415
HOW-profile(HoW-cond),Hog_office_Miriam,123,spike,2,moderate,1,35.66467994768293,True,0.0,1.0,35.680679947682926
HOW-profile(HoW-cond),Hog_office_Miriam,123,drift,1,subtle,312,965.6784438539437,True,14.0,0.035256410256410256,805.1048886664557
HOW-profile(HoW-cond),Hog_office_Miriam,123,spike,1,subtle,3,34.72750862214191,True,1.0,0.6666666666666666,38.10950862214192
HOW-profile(HoW-cond),Hog_office_Miriam,123,schedule,2,moderate,168,64.25366120822854,True,57.0,0.005952380952380952,180.6494667828745
HOW-profile(HoW-cond),Hog_office_Napoleon,123,drift,3,obvious,240,20740.01444147993,True,164.0,0.05416666666666667,21200.781518230175
HOW-profile(HoW-cond),Hog_office_Napoleon,123,drift,2,moderate,312,18377.3115541578,True,29.0,0.3685897435897436,16380.354167854075
HOW-profile(HoW-cond),Hog_office_Napoleon,123,schedule,3,obvious,144,869.4953581851735,True,93.0,0.006944444444444444,1406.3964533006433
HOW-profile(HoW-cond),Hog_office_Napoleon,123,schedule,3,obvious,96,837.4576324321979,True,3.0,0.07291666666666667,907.7593059457581
HOW-profile(HoW-cond),Hog_office_Napoleon,123,spike,3,obvious,4,585.2791629388853,True,2.0,0.5,529.2446629388853
HOW-profile(HoW-cond),Hog_office_Napoleon,123,spike,3,obvious,3,439.4070634100892,True,2.0,0.3333333333333333,471.25006341008935
HOW-profile(HoW-cond),Hog_office_Shawna,123,schedule,2,moderate,72,1034.6068860201226,False,,0.0,1181.2726824359506
HOW-profile(HoW-cond),Hog_office_Shawna,123,schedule,3,obvious,96,3263.734547318278,True,8.0,0.34375,4395.377547318279
HOW-profile(HoW-cond),Hog_office_Shawna,123,spike,2,moderate,4,850.4716576235535,True,1.0,0.75,814.4596576235537
HOW-profile(HoW-cond),Hog_office_Shawna,123,spike,1,subtle,5,655.9893883147479,True,4.0,0.2,820.5583883147478
HOW-profile(HoW-cond),Hog_office_Shawna,123,spike,1,subtle,3,316.8977482297006,True,2.0,0.3333333333333333,261.9167482297006
HOW-profile(HoW-cond),Hog_office_Shawna,123,drift,2,moderate,312,23154.84143521574,True,4.0,0.32051282051282054,28986.163140647306
HOW-profile(HoW-cond),Hog_office_Shawnna,123,spike,2,moderate,5,2371.412146578059,True,2.0,0.6,1630.2121356120388
HOW-profile(HoW-cond),Hog_office_Shawnna,123,drift,1,subtle,144,4751.4831722333965,True,4.0,0.11805555555555555,1837.0919918754546
HOW-profile(HoW-cond),Hog_office_Shawnna,123,schedule,2,moderate,216,653.0373692162267,True,1.0,0.0787037037037037,934.1069406027932
HOW-profile(HoW-cond),Hog_office_Shawnna,123,schedule,3,obvious,144,8044.543420406057,True,13.0,0.2847222222222222,5831.568269078622
HOW-profile(HoW-cond),Hog_office_Shawnna,123,spike,3,obvious,2,1558.1165318333533,True,1.0,0.5,1563.2045318333535
HOW-profile(HoW-cond),Hog_office_Shawnna,123,spike,1,subtle,5,1317.6350904115675,True,2.0,0.6,926.9420790019644
HOW-profile(HoW-cond),Hog_office_Sherrie,123,drift,1,subtle,312,1502.6883443003737,True,63.0,0.08653846153846154,2023.5007047650697
HOW-profile(HoW-cond),Hog_office_Sherrie,123,drift,3,obvious,168,2843.888229420063,True,14.0,0.7202380952380952,3334.781894102458
HOW-profile(HoW-cond),Hog_office_Sherrie,123,spike,3,obvious,3,291.8020352741702,True,1.0,0.6666666666666666,263.5600352741702
HOW-profile(HoW-cond),Hog_office_Sherrie,123,spike,2,moderate,5,282.5523283669032,True,1.0,0.8,266.82682836690327
HOW-profile(HoW-cond),Hog_office_Sherrie,123,drift,2,moderate,144,1240.5414345171785,True,141.0,0.006944444444444444,1353.352745541923
HOW-profile(HoW-cond),Hog_office_Sherrie,123,spike,2,moderate,1,135.38450679958814,True,0.0,1.0,134.73150679958815
HOW-profile(HoW-cond),Hog_office_Shon,123,drift,3,obvious,120,2948.463897397897,True,20.0,0.16666666666666666,3244.1439284193143
HOW-profile(HoW-cond),Hog_office_Shon,123,spike,2,moderate,4,269.0109492648661,True,2.0,0.5,236.91294926486614
HOW-profile(HoW-cond),Hog_office_Shon,123,drift,2,moderate,120,1947.8557803483086,True,57.0,0.14166666666666666,2891.6140123636524
HOW-profile(HoW-cond),Hog_office_Shon,123,drift,3,obvious,216,11247.793831062876,True,39.0,0.2361111111111111,13370.640412030847
HOW-profile(HoW-cond),Hog_office_Shon,123,drift,2,moderate,264,7232.998301440217,True,34.0,0.06439393939393939,7965.224270700578
HOW-profile(HoW-cond),Hog_office_Shon,123,spike,3,obvious,2,191.61788634989614,True,1.0,0.5,182.93888634989614
HOW-profile(HoW-cond),Hog_office_Sydney,123,spike,2,moderate,2,153.76692493643083,True,1.0,0.5,149.6424249364308
HOW-profile(HoW-cond),Hog_office_Sydney,123,schedule,3,obvious,72,727.3023863134501,True,14.0,0.2777777777777778,479.63963017383037
HOW-profile(HoW-cond),Hog_office_Sydney,123,spike,2,moderate,3,205.02813478194554,True,1.0,0.6666666666666666,185.48013478194554
HOW-profile(HoW-cond),Hog_office_Sydney,123,drift,1,subtle,264,5315.767404450148,True,173.0,0.003787878787878788,1994.4629032788105
HOW-profile(HoW-cond),Hog_office_Sydney,123,schedule,3,obvious,144,956.7663238616351,False,,0.0,697.9147421069181
HOW-profile(HoW-cond),Hog_office_Sydney,123,drift,2,moderate,168,6145.092488138226,True,18.0,0.32142857142857145,5357.419556376299
HOW-profile(HoW-cond),Hog_office_Valda,123,spike,2,moderate,3,147.18737605936093,True,1.0,0.6666666666666666,148.34537605936092
HOW-profile(HoW-cond),Hog_office_Valda,123,spike,2,moderate,1,78.9182213779984,True,0.0,1.0,71.5692213779984
HOW-profile(HoW-cond),Hog_office_Valda,123,schedule,3,obvious,96,39.10848908515853,True,1.0,0.08333333333333333,507.8654899583459
HOW-profile(HoW-cond),Hog_office_Valda,123,spike,2,moderate,5,192.79737053892276,True,1.0,0.8,218.58637053892278
HOW-profile(HoW-cond),Hog_office_Valda,123,spike,1,subtle,4,86.50562247331051,True,2.0,0.5,74.50512247331051
HOW-profile(HoW-cond),Hog_office_Valda,123,spike,2,moderate,3,115.39396740012796,True,1.0,0.6666666666666666,110.32196740012796
HOW-profile(HoW-cond),Lamb_education_Armando,123,schedule,2,moderate,72,203.13693771528114,False,,0.0,691.5157052825618
HOW-profile(HoW-cond),Lamb_education_Armando,123,schedule,1,subtle,168,87.28334918811282,True,10.0,0.041666666666666664,1759.45
HOW-profile(HoW-cond),Lamb_education_Armando,123,spike,3,obvious,1,377.12178654530476,True,0.0,1.0,379.62178654530476
HOW-profile(HoW-cond),Lamb_education_Armando,123,drift,3,obvious,312,7857.0451735646675,True,38.0,0.3814102564102564,7057.824897965821
HOW-profile(HoW-cond),Lamb_education_Armando,123,spike,2,moderate,3,386.59756392503573,True,1.0,0.6666666666666666,388.49756392503576
HOW-profile(HoW-cond),Lamb_education_Armando,123,spike,2,moderate,4,413.23074896014316,True,1.0,0.75,538.0307489601431
HOW-profile(HoW-cond),Lamb_education_Eula,123,spike,3,obvious,4,26.294354402095188,True,1.0,0.75,26.89435440209519
HOW-profile(HoW-cond),Lamb_education_Eula,123,spike,1,subtle,1,5.799574332677247,True,0.0,1.0,5.849574332677247
HOW-profile(HoW-cond),Lamb_education_Eula,123,spike,3,obvious,5,34.334959750450494,True,0.0,1.0,43.13495975045049
HOW-profile(HoW-cond),Lamb_education_Eula,123,spike,1,subtle,2,7.181574523397411,True,0.0,1.0,10.881574523397411
HOW-profile(HoW-cond),Lamb_education_Eula,123,spike,1,subtle,1,6.59423254631242,True,0.0,1.0,6.29423254631242
HOW-profile(HoW-cond),Lamb_education_Eula,123,spike,3,obvious,1,15.329047213601562,True,0.0,1.0,15.029047213601563
HOW-profile(HoW-cond),Lamb_education_Lazaro,123,spike,2,moderate,5,374.47784520017035,False,,0.0,550.8778452001703
HOW-profile(HoW-cond),Lamb_education_Lazaro,123,drift,1,subtle,216,401.29286658232274,False,,0.0,63.81826164004757
HOW-profile(HoW-cond),Lamb_education_Lazaro,123,spike,2,moderate,3,201.78794729269748,True,1.0,0.6666666666666666,216.53794729269748
HOW-profile(HoW-cond),Lamb_education_Lazaro,123,drift,3,obvious,192,1592.6761325556072,True,111.0,0.21875,4258.076132555608
HOW-profile(HoW-cond),Lamb_education_Lazaro,123,spike,3,obvious,2,231.02367481296838,True,1.0,0.5,216.71997481296842
HOW-profile(HoW-cond),Lamb_education_Lazaro,123,drift,1,subtle,168,241.48661946843598,False,,0.0,0.0
HOW-profile(HoW-cond),Lamb_education_Lucas,123,schedule,3,obvious,168,76.518357105516,True,53.0,0.017857142857142856,267.3626569900033
HOW-profile(HoW-cond),Lamb_education_Lucas,123,spike,3,obvious,1,54.16916519743869,True,0.0,1.0,54.18016519743869
HOW-profile(HoW-cond),Lamb_education_Lucas,123,schedule,3,obvious,72,5.869035981446744,True,59.0,0.013888888888888888,106.36980222999023
HOW-profile(HoW-cond),Lamb_education_Lucas,123,spike,2,moderate,5,83.64456360822592,True,1.0,0.8,113.88156360822592
HOW-profile(HoW-cond),Lamb_education_Lucas,123,spike,1,subtle,1,21.503552764624672,True,0.0,1.0,21.31305276462467
HOW-profile(HoW-cond),Lamb_education_Lucas,123,drift,2,moderate,168,225.2261936276376,True,5.0,0.22023809523809523,431.3940397325105
HOW-profile(HoW-cond),Lamb_education_Mae,123,drift,1,subtle,288,2090.9792705675427,True,17.0,0.041666666666666664,2431.1052754472994
HOW-profile(HoW-cond),Lamb_education_Mae,123,drift,3,obvious,168,3878.3792791977203,True,24.0,0.5535714285714286,7085.687479197721
HOW-profile(HoW-cond),Lamb_education_Mae,123,drift,2,moderate,192,3616.5649037878884,True,126.0,0.052083333333333336,1289.7101905756745
HOW-profile(HoW-cond),Lamb_education_Mae,123,spike,1,subtle,2,168.00759362156072,True,1.0,0.5,227.4729936215607
HOW-profile(HoW-cond),Lamb_education_Mae,123,schedule,3,obvious,144,5.109533279254961,True,85.0,0.013888888888888888,3106.9451555195037
HOW-profile(HoW-cond),Lamb_education_Mae,123,spike,2,moderate,4,497.76086737073166,True,1.0,0.75,494.56086737073167
HOW-profile(HoW-cond),Lamb_education_Williams,123,spike,3,obvious,3,424.58042233121216,True,1.0,0.6666666666666666,425.2804223312121
HOW-profile(HoW-cond),Lamb_education_Williams,123,spike,1,subtle,3,170.23417353918882,True,1.0,0.6666666666666666,166.8841735391888
HOW-profile(HoW-cond),Lamb_education_Williams,123,schedule,2,moderate,192,51.864066737421766,True,29.0,0.13541666666666666,1805.7290984160677
HOW-profile(HoW-cond),Lamb_education_Williams,123,spike,3,obvious,2,312.0306486506167,True,1.0,0.5,310.18064865061666
HOW-profile(HoW-cond),Lamb_education_Williams,123,spike,2,moderate,3,345.7997785693358,True,2.0,0.3333333333333333,209.49977856933575
HOW-profile(HoW-cond),Lamb_education_Williams,123,spike,1,subtle,3,169.72626497152717,True,2.0,0.3333333333333333,175.82626497152714
HOW-profile(HoW-cond),Lamb_office_Caitlin,123,drift,2,moderate,120,262.52918539532453,False,,0.0,0.0
HOW-profile(HoW-cond),Lamb_office_Caitlin,123,spike,3,obvious,3,568.3639822512657,True,1.0,0.6666666666666666,541.9639822512657
HOW-profile(HoW-cond),Lamb_office_Caitlin,123,drift,1,subtle,288,704.4995026024479,True,1.0,0.2361111111111111,4148.783994736099
HOW-profile(HoW-cond),Lamb_office_Caitlin,123,spike,1,subtle,5,313.85656167965396,True,2.0,0.6,245.73912019775923
HOW-profile(HoW-cond),Lamb_office_Caitlin,123,spike,2,moderate,5,568.2456667214833,True,2.0,0.6,267.3025041874716
HOW-profile(HoW-cond),Lamb_office_Caitlin,123,spike,2,moderate,3,305.0811978420506,False,,0.0,299.68119784205055
HOW-profile(HoW-cond),Lamb_office_Velma,123,spike,2,moderate,4,579.3785831747393,True,2.0,0.5,827.8785831747393
HOW-profile(HoW-cond),Lamb_office_Velma,123,drift,1,subtle,264,3600.407790458008,True,5.0,0.21212121212121213,6827.037870684793
HOW-profile(HoW-cond),Lamb_office_Velma,123,schedule,3,obvious,72,529.7124723853377,False,,0.0,1186.1194178525475
HOW-profile(HoW-cond),Lamb_office_Velma,123,schedule,3,obvious,168,905.7834583344495,True,7.0,0.05952380952380952,2191.638027535125
HOW-profile(HoW-cond),Lamb_office_Velma,123,drift,2,moderate,264,11018.856200311362,True,62.0,0.25,13939.946805443715
HOW-profile(HoW-cond),Lamb_office_Velma,123,spike,1,subtle,1,203.31928736081287,True,0.0,1.0,229.76928736081285
HOW-profile(HoW-cond),Rat_retail_Jeffrey,123,spike,1,subtle,5,297.07819054346146,False,,0.0,255.9681905434615
HOW-profile(HoW-cond),Rat_retail_Jeffrey,123,drift,2,moderate,288,8884.572843683076,True,91.0,0.21875,9939.87949378119
HOW-profile(HoW-cond),Rat_retail_Jeffrey,123,drift,3,obvious,312,16042.159321483588,True,10.0,0.2467948717948718,16604.800327156856
HOW-profile(HoW-cond),Rat_retail_Jeffrey,123,drift,3,obvious,288,13433.287503070473,True,34.0,0.5,20164.738828194448
HOW-profile(HoW-cond),Rat_retail_Jeffrey,123,spike,2,moderate,4,396.18797784816087,False,,0.0,572.3079778481608
HOW-profile(HoW-cond),Rat_retail_Jeffrey,123,spike,1,subtle,2,149.27212647463435,False,,0.0,199.83212647463435
HOW-profile(HoW-cond),Robin_education_Zenia,123,drift,3,obvious,240,23393.72141148178,True,13.0,0.3,40664.80356148178
HOW-profile(HoW-cond),Robin_education_Zenia,123,drift,2,moderate,216,11875.093738761898,True,15.0,0.3425925925925926,27955.7099887619
HOW-profile(HoW-cond),Robin_education_Zenia,123,spike,2,moderate,3,222.03735529951837,True,1.0,0.6666666666666666,375.18735529951834
HOW-profile(HoW-cond),Robin_education_Zenia,123,drift,1,subtle,288,9160.385486153853,True,134.0,0.024305555555555556,26255.105686153853
HOW-profile(HoW-cond),Robin_education_Zenia,123,spike,2,moderate,5,431.4815913558175,False,,0.0,848.9873913558175
HOW-profile(HoW-cond),Robin_education_Zenia,123,spike,1,subtle,3,167.63958684164422,False,,0.0,355.0953868416442
HOW-profile(HoW-cond),Robin_office_Dina,123,spike,1,subtle,4,68.4746983087544,False,,0.0,90.7030983087544
HOW-profile(HoW-cond),Robin_office_Dina,123,spike,2,moderate,1,57.843807887198196,False,,0.0,47.843807887198196
HOW-profile(HoW-cond),Robin_office_Dina,123,spike,2,moderate,4,105.04301321096541,True,2.0,0.5,104.54301321096541
HOW-profile(HoW-cond),Robin_office_Dina,123,drift,1,subtle,312,2636.196139427071,True,54.0,0.26282051282051283,3124.8700422898883
HOW-profile(HoW-cond),Robin_office_Dina,123,drift,3,obvious,240,5380.373982455583,True,23.0,0.5875,5941.528332455582
HOW-profile(HoW-cond),Robin_office_Dina,123,spike,2,moderate,5,151.9427563095937,True,1.0,0.8,154.1927563095937
HOW-profile(HoW-cond),Robin_office_Sammie,123,schedule,2,moderate,168,483.8792634429125,True,89.0,0.07142857142857142,1031.0061605738188
HOW-profile(HoW-cond),Robin_office_Sammie,123,schedule,3,obvious,192,977.3897562849763,True,106.0,0.010416666666666666,1212.2838139929754
HOW-profile(HoW-cond),Robin_office_Sammie,123,drift,1,subtle,264,2755.0334119244794,True,98.0,0.056818181818181816,579.1946776337188
HOW-profile(HoW-cond),Robin_office_Sammie,123,spike,3,obvious,4,364.36019766409277,True,1.0,0.75,467.01019766409274
HOW-profile(HoW-cond),Robin_office_Sammie,123,schedule,3,obvious,168,2314.2865402050898,False,,0.0,1070.173444473086
HOW-profile(HoW-cond),Robin_office_Sammie,123,spike,3,obvious,5,474.4082509322585,True,2.0,0.6,505.44245093225845
HOW-profile(HoW-cond),Shrew_office_Doris,123,drift,3,obvious,312,44891.62811435338,True,33.0,0.6346153846153846,44937.198093784
HOW-profile(HoW-cond),Shrew_office_Doris,123,spike,1,subtle,2,237.15238122664746,True,1.0,0.5,224.75238122664743
HOW-profile(HoW-cond),Shrew_office_Doris,123,schedule,3,obvious,216,1297.1953433177616,False,,0.0,1309.7791705416353
HOW-profile(HoW-cond),Shrew_office_Doris,123,schedule,3,obvious,72,35.91670620662419,True,20.0,0.027777777777777776,722.0723877306593
HOW-profile(HoW-cond),Shrew_office_Doris,123,schedule,3,obvious,120,5.573837452122518,True,75.0,0.05,2241.6738374521224
HOW-profile(HoW-cond),Shrew_office_Doris,123,spike,3,obvious,2,454.8096962841917,True,1.0,0.5,468.6596962841917
HOW-profile(HoW-cond),Shrew_office_Ila,123,drift,2,moderate,240,12234.707321185711,True,16.0,0.42916666666666664,12476.807321185712
HOW-profile(HoW-cond),Shrew_office_Ila,123,schedule,3,obvious,192,57.235751088076555,False,,0.0,794.7708548013782
HOW-profile(HoW-cond),Shrew_office_Ila,123,drift,1,subtle,240,3195.899958049458,True,146.0,0.19166666666666668,7070.299958049458
HOW-profile(HoW-cond),Shrew_office_Ila,123,spike,2,moderate,3,354.27865606545697,True,1.0,0.6666666666666666,396.228656065457
HOW-profile(HoW-cond),Shrew_office_Ila,123,schedule,3,obvious,192,3.1847764428720353,False,,0.0,3233.3347764428718
HOW-profile(HoW-cond),Shrew_office_Ila,123,drift,3,obvious,240,22688.051141610937,True,6.0,0.8416666666666667,24080.95114161094
HOW-profile(HoW-cond),Shrew_office_Kenneth,123,spike,3,obvious,2,131.11670586022714,True,1.0,0.5,127.71670586022714
HOW-profile(HoW-cond),Shrew_office_Kenneth,123,spike,2,moderate,5,227.0242444596504,True,1.0,0.8,164.4212258956391
HOW-profile(HoW-cond),Shrew_office_Kenneth,123,drift,3,obvious,240,5053.890885911685,True,5.0,0.49583333333333335,6238.140885911685
HOW-profile(HoW-cond),Shrew_office_Kenneth,123,drift,3,obvious,264,5293.377061299316,True,69.0,0.32954545454545453,5147.923441879122
HOW-profile(HoW-cond),Shrew_office_Kenneth,123,drift,2,moderate,264,2846.954348101387,True,4.0,0.5378787878787878,1079.6329688518706
HOW-profile(HoW-cond),Shrew_office_Kenneth,123,spike,2,moderate,4,176.17399675860463,True,2.0,0.5,194.77399675860465
HOW-profile(HoW-cond),Shrew_office_Nora,123,spike,1,subtle,3,363.7027421884706,True,1.0,0.6666666666666666,349.10274218847064
HOW-profile(HoW-cond),Shrew_office_Nora,123,schedule,3,obvious,168,2229.075651298478,True,0.0,0.35119047619047616,2317.8334222819167
HOW-profile(HoW-cond),Shrew_office_Nora,123,spike,3,obvious,5,1307.2052737697059,True,1.0,0.8,1329.005273769706
HOW-profile(HoW-cond),Shrew_office_Nora,123,spike,2,moderate,5,1074.4165419552485,True,1.0,0.8,1061.9665419552484
HOW-profile(HoW-cond),Shrew_office_Nora,123,schedule,3,obvious,72,981.9580003229489,True,0.0,0.4305555555555556,1347.7364276650956
HOW-profile(HoW-cond),Shrew_office_Nora,123,spike,1,subtle,2,299.98487883646453,True,1.0,0.5,282.3848788364645
HOW-profile(HoW-cond),Shrew_office_Sherill,123,spike,3,obvious,4,1938.3662349644947,True,1.0,0.75,1924.6162349644944
HOW-profile(HoW-cond),Shrew_office_Sherill,123,schedule,3,obvious,168,1063.2674640853456,True,9.0,0.14285714285714285,2092.788640478903
HOW-profile(HoW-cond),Shrew_office_Sherill,123,schedule,2,moderate,144,52.89200787198175,False,,0.0,100.55000000000001
HOW-profile(HoW-cond),Shrew_office_Sherill,123,drift,3,obvious,168,20296.48426102668,True,24.0,0.7142857142857143,21276.881433544826
HOW-profile(HoW-cond),Shrew_office_Sherill,123,spike,3,obvious,2,891.9483588151319,True,1.0,0.5,887.9483588151321
HOW-profile(HoW-cond),Shrew_office_Sherill,123,spike,1,subtle,3,597.9218152987612,True,1.0,0.6666666666666666,676.4218152987612
HOW-profile(HoW-cond),Wolf_office_Darleen,123,drift,2,moderate,312,5118.617371022473,True,114.0,0.266025641025641,3947.9166682452333
HOW-profile(HoW-cond),Wolf_office_Darleen,123,drift,2,moderate,144,1122.0444420374765,True,90.0,0.19444444444444445,1567.7231180739277
HOW-profile(HoW-cond),Wolf_office_Darleen,123,drift,3,obvious,216,4625.169208288764,True,33.0,0.41203703703703703,4342.961659204142
HOW-profile(HoW-cond),Wolf_office_Darleen,123,spike,2,moderate,4,240.52539583615456,True,1.0,0.75,256.52539583615453
HOW-profile(HoW-cond),Wolf_office_Darleen,123,drift,1,subtle,168,722.2431690015353,True,0.0,0.21428571428571427,1079.895915492705
HOW-profile(HoW-cond),Wolf_office_Darleen,123,schedule,2,moderate,216,6.372364314854387,True,148.0,0.009259259259259259,204.6241214382848
HOW-profile(HoW-cond),Wolf_retail_Harriett,123,schedule,2,moderate,144,41.589040571361394,True,35.0,0.027777777777777776,1067.713152412676
HOW-profile(HoW-cond),Wolf_retail_Harriett,123,schedule,2,moderate,96,20.026795522465733,False,,0.0,763.3515858373044
HOW-profile(HoW-cond),Wolf_retail_Harriett,123,spike,2,moderate,5,304.5069252343177,True,2.0,0.6,426.28942523431766
HOW-profile(HoW-cond),Wolf_retail_Harriett,123,spike,2,moderate,4,204.21169334656463,True,2.0,0.5,256.19919334656464
HOW-profile(HoW-cond),Wolf_retail_Harriett,123,drift,1,subtle,192,1245.6474215603403,False,,0.0,2470.512861125024
HOW-profile(HoW-cond),Wolf_retail_Harriett,123,drift,3,obvious,264,7344.239049400337,True,22.0,0.32196969696969696,10805.26891437931
HOW-profile(HoW-cond),Wolf_retail_Marcella,123,spike,1,subtle,2,13.916313168209674,True,0.0,1.0,26.321313168209674
HOW-profile(HoW-cond),Wolf_retail_Marcella,123,drift,3,obvious,264,1145.6896641735011,True,24.0,0.2689393939393939,1610.1162605147892
HOW-profile(HoW-cond),Wolf_retail_Marcella,123,drift,2,moderate,144,198.96519574007425,True,14.0,0.013888888888888888,192.60136325806135
HOW-profile(HoW-cond),Wolf_retail_Marcella,123,spike,3,obvious,4,59.222953564174716,True,1.0,0.75,60.80920356417471
HOW-profile(HoW-cond),Wolf_retail_Marcella,123,spike,1,subtle,1,14.837894350572272,True,0.0,1.0,13.635394350572271
HOW-profile(HoW-cond),Wolf_retail_Marcella,123,spike,2,moderate,4,32.44073899726534,True,1.0,0.75,33.81823899726534
HOW-profile(HoW-cond),Wolf_retail_Toshia,123,spike,1,subtle,4,303.6671023696364,True,1.0,0.75,296.0296023696364
HOW-profile(HoW-cond),Wolf_retail_Toshia,123,spike,1,subtle,4,332.1122316161035,True,2.0,0.5,332.0822316161035
HOW-profile(HoW-cond),Wolf_retail_Toshia,123,schedule,2,moderate,144,83.30849022986973,True,4.0,0.013888888888888888,553.9109431789058
HOW-profile(HoW-cond),Wolf_retail_Toshia,123,spike,2,moderate,2,312.40678412779,True,1.0,0.5,209.35428412778998
HOW-profile(HoW-cond),Wolf_retail_Toshia,123,spike,3,obvious,2,471.3347275443462,True,1.0,0.5,479.8697275443461
HOW-profile(HoW-cond),Wolf_retail_Toshia,123,schedule,2,moderate,120,6.526262952639762,False,,0.0,668.925
HOW-profile(global-MAD),Fox_education_Henrietta,123,spike,3,obvious,3,107.28066628343188,False,,0.0,117.40066628343189
HOW-profile(global-MAD),Fox_education_Henrietta,123,spike,1,subtle,2,38.79410978520845,True,1.0,0.5,43.28410978520846
HOW-profile(global-MAD),Fox_education_Henrietta,123,drift,3,obvious,216,1933.886031900874,False,,0.0,1666.3722189118987
HOW-profile(global-MAD),Fox_education_Henrietta,123,schedule,3,obvious,72,4.398242775736969,False,,0.0,32.673005780504994
HOW-profile(global-MAD),Fox_education_Henrietta,123,spike,3,obvious,4,160.57591003856936,True,2.0,0.5,154.56091003856935
HOW-profile(global-MAD),Fox_education_Henrietta,123,spike,2,moderate,3,69.44453542686097,True,1.0,0.6666666666666666,81.49453542686098
HOW-profile(global-MAD),Fox_retail_Manie,123,schedule,3,obvious,96,227.11597207258032,True,41.0,0.020833333333333332,249.97171217209916
HOW-profile(global-MAD),Fox_retail_Manie,123,drift,1,subtle,192,1233.548743144401,True,138.0,0.11979166666666667,2329.8711406031484
HOW-profile(global-MAD),Fox_retail_Manie,123,spike,3,obvious,2,256.61536206414166,True,1.0,0.5,233.79036206414165
HOW-profile(global-MAD),Fox_retail_Manie,123,drift,3,obvious,240,8289.663100225807,True,38.0,0.275,8926.855031280938
HOW-profile(global-MAD),Fox_retail_Manie,123,spike,3,obvious,2,237.32739808430793,True,1.0,0.5,235.30739808430792
HOW-profile(global-MAD),Fox_retail_Manie,123,spike,1,subtle,2,99.0726521706526,False,,0.0,110.13765217065259
HOW-profile(global-MAD),Hog_education_Bruno,123,drift,2,moderate,168,12811.470511399853,True,11.0,0.9166666666666666,13311.006043094494
HOW-profile(global-MAD),Hog_education_Bruno,123,spike,2,moderate,1,275.8232577143261,True,0.0,1.0,272.03125771432616
HOW-profile(global-MAD),Hog_education_Bruno,123,drift,2,moderate,240,23664.966243209576,False,,0.0,26035.141721986587
HOW-profile(global-MAD),Hog_education_Bruno,123,drift,2,moderate,192,17388.559118296256,True,77.0,0.5989583333333334,17372.556010652872
HOW-profile(global-MAD),Hog_education_Bruno,123,spike,2,moderate,2,208.75207993954868,True,0.0,1.0,282.4695799395487
HOW-profile(global-MAD),Hog_education_Bruno,123,schedule,3,obvious,216,76.45355843684771,True,81.0,0.037037037037037035,191.98325489164927
HOW-profile(global-MAD),Hog_education_Caridad,123,spike,1,subtle,2,2731.6933904597063,True,1.0,0.5,2594.533390459706
HOW-profile(global-MAD),Hog_education_Caridad,123,drift,3,obvious,168,99252.01194407106,True,6.0,0.9642857142857143,88138.7417610684
HOW-profile(global-MAD),Hog_education_Caridad,123,spike,1,subtle,3,3519.2878507706814,True,1.0,0.6666666666666666,3242.0938507706815
HOW-profile(global-MAD),Hog_education_Caridad,123,spike,3,obvious,1,6794.154067709553,True,0.0,1.0,6349.536067709554
HOW-profile(global-MAD),Hog_education_Caridad,123,drift,1,subtle,264,43165.13655367314,True,49.0,0.2196969696969697,11352.481204946918
HOW-profile(global-MAD),Hog_education_Caridad,123,drift,3,obvious,144,73297.95555006973,True,115.0,0.19444444444444445,65279.227824018424
HOW-profile(global-MAD),Hog_education_Josh,123,drift,3,obvious,144,7959.513378869462,True,125.0,0.006944444444444444,14291.445378869461
HOW-profile(global-MAD),Hog_education_Josh,123,spike,2,moderate,4,611.0395308891121,True,2.0,0.5,802.7370308891122
HOW-profile(global-MAD),Hog_education_Josh,123,spike,1,subtle,3,366.67162677451927,True,2.0,0.3333333333333333,533.1761267745192
HOW-profile(global-MAD),Hog_education_Josh,123,drift,3,obvious,168,13020.370345217947,False,,0.0,16746.931776572314
HOW-profile(global-MAD),Hog_education_Josh,123,drift,1,subtle,192,4363.562263827134,False,,0.0,6152.038079183734
HOW-profile(global-MAD),Hog_education_Josh,123,spike,1,subtle,2,238.78457205940967,True,1.0,0.5,366.2455720594097
HOW-profile(global-MAD),Hog_education_Luvenia,123,spike,1,subtle,3,455.8344024507873,False,,0.0,498.33740245078735
HOW-profile(global-MAD),Hog_education_Luvenia,123,drift,2,moderate,264,54929.1258237537,True,3.0,0.7348484848484849,62825.31632375369
HOW-profile(global-MAD),Hog_education_Luvenia,123,spike,1,subtle,4,439.39032680624484,True,1.0,0.75,551.6223268062447
HOW-profile(global-MAD),Hog_education_Luvenia,123,spike,3,obvious,1,715.5647282123108,True,0.0,1.0,729.5607282123109
HOW-profile(global-MAD),Hog_education_Luvenia,123,drift,3,obvious,240,72870.03993593014,False,,0.0,78232.10136132932
HOW-profile(global-MAD),Hog_education_Luvenia,123,schedule,3,obvious,72,2322.155392898221,False,,0.0,765.8771117112583
HOW-profile(global-MAD),Hog_office_Almeda,123,schedule,2,moderate,72,28.67787876675679,True,30.0,0.25,1249.563594275312
HOW-profile(global-MAD),Hog_office_Almeda,123,schedule,2,moderate,216,70.12106487566511,True,27.0,0.16666666666666666,2658.0941577235553
HOW-profile(global-MAD),Hog_office_Almeda,123,drift,3,obvious,312,15353.001099313558,True,2.0,0.2724358974358974,15636.282221325631
HOW-profile(global-MAD),Hog_office_Almeda,123,drift,1,subtle,144,526.8887717240907,True,33.0,0.19444444444444445,2172.4324163165693
HOW-profile(global-MAD),Hog_office_Almeda,123,spike,1,subtle,3,139.24990344202638,True,1.0,0.6666666666666666,198.70790344202635
HOW-profile(global-MAD),Hog_office_Almeda,123,spike,1,subtle,1,82.28338102216038,True,0.0,1.0,103.8903810221604
HOW-profile(global-MAD),Hog_office_Cortney,123,schedule,3,obvious,192,675.659755778285,True,86.0,0.020833333333333332,346.1169973036367
HOW-profile(global-MAD),Hog_office_Cortney,123,spike,2,moderate,3,365.9656243934651,True,1.0,0.6666666666666666,368.6246243934651
HOW-profile(global-MAD),Hog_office_Cortney,123,drift,3,obvious,264,9154.375686841197,True,10.0,0.23863636363636365,9878.85999892588
HOW-profile(global-MAD),Hog_office_Cortney,123,spike,3,obvious,5,863.5552763422403,True,1.0,0.8,839.6132763422403
HOW-profile(global-MAD),Hog_office_Cortney,123,drift,3,obvious,144,2657.890143930311,True,45.0,0.5555555555555556,2351.0957226799114
HOW-profile(global-MAD),Hog_office_Cortney,123,spike,3,obvious,1,434.0589581084138,True,0.0,1.0,452.3859581084138
HOW-profile(global-MAD),Hog_office_Denita,123,spike,2,moderate,2,148.04479456749272,True,1.0,0.5,155.22779456749268
HOW-profile(global-MAD),Hog_office_Denita,123,schedule,2,moderate,192,80.75676933641031,True,3.0,0.09375,595.9918184464957
HOW-profile(global-MAD),Hog_office_Denita,123,drift,3,obvious,144,2706.766864515737,True,90.0,0.027777777777777776,709.3160944179103
HOW-profile(global-MAD),Hog_office_Denita,123,drift,2,moderate,168,2084.49776224874,True,80.0,0.27976190476190477,1777.6714949331827
HOW-profile(global-MAD),Hog_office_Denita,123,schedule,2,moderate,144,168.49448279533027,True,10.0,0.13194444444444445,431.1137824509068
HOW-profile(global-MAD),Hog_office_Denita,123,spike,3,obvious,2,281.2051967311053,True,1.0,0.5,284.9156967311053
HOW-profile(global-MAD),Hog_office_Garrett,123,spike,1,subtle,2,800.6226854998857,True,1.0,0.5,784.5976854998858
HOW-profile(global-MAD),Hog_office_Garrett,123,drift,1,subtle,216,9195.820381574535,True,132.0,0.06944444444444445,8984.096659668896
HOW-profile(global-MAD),Hog_office_Garrett,123,schedule,3,obvious,96,2092.359428346967,False,,0.0,2527.8405065846723
HOW-profile(global-MAD),Hog_office_Garrett,123,drift,1,subtle,144,3323.6156797907715,False,,0.0,2863.110881815861
HOW-profile(global-MAD),Hog_office_Garrett,123,drift,3,obvious,264,67734.00437875827,True,32.0,0.5378787878787878,63618.84772346698
HOW-profile(global-MAD),Hog_office_Garrett,123,spike,3,obvious,5,4328.092876349334,True,1.0,0.8,4109.166876349334
HOW-profile(global-MAD),Hog_office_Lavon,123,spike,1,subtle,3,2374.6235557297014,True,1.0,0.6666666666666666,2508.3925557297016
HOW-profile(global-MAD),Hog_office_Lavon,123,spike,2,moderate,3,3794.3724276334815,True,1.0,0.6666666666666666,4558.948427633481
HOW-profile(global-MAD),Hog_office_Lavon,123,drift,2,moderate,312,2773.0338335095603,False,,0.0,989.2809172899811
HOW-profile(global-MAD),Hog_office_Lavon,123,spike,3,obvious,2,4451.899146126511,True,1.0,0.5,5088.704146126512
HOW-profile(global-MAD),Hog_office_Lavon,123,spike,1,subtle,5,4225.881840189359,True,3.0,0.4,5875.121840189359
HOW-profile(global-MAD),Hog_office_Lavon,123,spike,3,obvious,3,4991.004728707769,True,1.0,0.6666666666666666,5779.613728707769
HOW-profile(global-MAD),Hog_office_Merilyn,123,spike,3,obvious,2,74.71065509872955,True,1.0,0.5,66.37865509872954
HOW-profile(global-MAD),Hog_office_Merilyn,123,spike,3,obvious,4,132.05847552916484,True,2.0,0.5,143.81697552916484
HOW-profile(global-MAD),Hog_office_Merilyn,123,drift,3,obvious,120,1252.3499195421773,False,,0.0,542.207932716682
HOW-profile(global-MAD),Hog_office_Merilyn,123,schedule,2,moderate,216,354.74336074839505,True,141.0,0.009259259259259259,0.0
HOW-profile(global-MAD),Hog_office_Merilyn,123,drift,3,obvious,168,2663.5823665894623,True,53.0,0.27976190476190477,3390.6548665894625
HOW-profile(global-MAD),Hog_office_Merilyn,123,schedule,3,obvious,72,44.434143945171144,False,,0.0,135.86399999999998
HOW-profile(global-MAD),Hog_office_Miriam,123,spike,2,moderate,2,39.14258735448324,True,1.0,0.5,42.24258735448324
HOW-profile(global-MAD),Hog_office_Miriam,123,drift,1,subtle,120,230.44604934093218,False,,0.0,69.94504913082415
HOW-profile(global-MAD),Hog_office_Miriam,123,spike,2,moderate,1,35.66467994768293,True,0.0,1.0,35.680679947682926
HOW-profile(global-MAD),Hog_office_Miriam,123,drift,1,subtle,312,965.6784438539437,True,35.0,0.03205128205128205,805.1048886664557
HOW-profile(global-MAD),Hog_office_Miriam,123,spike,1,subtle,3,34.72750862214191,True,0.0,1.0,38.10950862214192
HOW-profile(global-MAD),Hog_office_Miriam,123,schedule,2,moderate,168,64.25366120822854,False,,0.0,180.6494667828745
HOW-profile(global-MAD),Hog_office_Napoleon,123,drift,3,obvious,240,20740.01444147993,False,,0.0,21200.781518230175
HOW-profile(global-MAD),Hog_office_Napoleon,123,drift,2,moderate,312,18377.3115541578,True,37.0,0.266025641025641,16380.354167854075
HOW-profile(global-MAD),Hog_office_Napoleon,123,schedule,3,obvious,144,869.4953581851735,True,93.0,0.006944444444444444,1406.3964533006433
HOW-profile(global-MAD),Hog_office_Napoleon,123,schedule,3,obvious,96,837.4576324321979,False,,0.0,907.7593059457581
HOW-profile(global-MAD),Hog_office_Napoleon,123,spike,3,obvious,4,585.2791629388853,True,2.0,0.5,529.2446629388853
HOW-profile(global-MAD),Hog_office_Napoleon,123,spike,3,obvious,3,439.4070634100892,True,2.0,0.3333333333333333,471.25006341008935
HOW-profile(global-MAD),Hog_office_Shawna,123,schedule,2,moderate,72,1034.6068860201226,False,,0.0,1181.2726824359506
HOW-profile(global-MAD),Hog_office_Shawna,123,schedule,3,obvious,96,3263.734547318278,True,7.0,0.375,4395.377547318279
HOW-profile(global-MAD),Hog_office_Shawna,123,spike,2,moderate,4,850.4716576235535,True,2.0,0.5,814.4596576235537
HOW-profile(global-MAD),Hog_office_Shawna,123,spike,1,subtle,5,655.9893883147479,True,4.0,0.2,820.5583883147478
HOW-profile(global-MAD),Hog_office_Shawna,123,spike,1,subtle,3,316.8977482297006,True,2.0,0.3333333333333333,261.9167482297006
HOW-profile(global-MAD),Hog_office_Shawna,123,drift,2,moderate,312,23154.84143521574,True,4.0,0.1762820512820513,28986.163140647306
HOW-profile(global-MAD),Hog_office_Shawnna,123,spike,2,moderate,5,2371.412146578059,True,2.0,0.6,1630.2121356120388
HOW-profile(global-MAD),Hog_office_Shawnna,123,drift,1,subtle,144,4751.4831722333965,True,4.0,0.04861111111111111,1837.0919918754546
HOW-profile(global-MAD),Hog_office_Shawnna,123,schedule,2,moderate,216,653.0373692162267,True,43.0,0.027777777777777776,934.1069406027932
HOW-profile(global-MAD),Hog_office_Shawnna,123,schedule,3,obvious,144,8044.543420406057,True,14.0,0.2777777777777778,5831.568269078622
HOW-profile(global-MAD),Hog_office_Shawnna,123,spike,3,obvious,2,1558.1165318333533,True,1.0,0.5,1563.2045318333535
HOW-profile(global-MAD),Hog_office_Shawnna,123,spike,1,subtle,5,1317.6350904115675,True,2.0,0.6,926.9420790019644
HOW-profile(global-MAD),Hog_office_Sherrie,123,drift,1,subtle,312,1502.6883443003737,True,78.0,0.14102564102564102,2023.5007047650697
HOW-profile(global-MAD),Hog_office_Sherrie,123,drift,3,obvious,168,2843.888229420063,True,38.0,0.6964285714285714,3334.781894102458
HOW-profile(global-MAD),Hog_office_Sherrie,123,spike,3,obvious,3,291.8020352741702,True,1.0,0.6666666666666666,263.5600352741702
HOW-profile(global-MAD),Hog_office_Sherrie,123,spike,2,moderate,5,282.5523283669032,True,2.0,0.6,266.82682836690327
HOW-profile(global-MAD),Hog_office_Sherrie,123,drift,2,moderate,144,1240.5414345171785,False,,0.0,1353.352745541923
HOW-profile(global-MAD),Hog_office_Sherrie,123,spike,2,moderate,1,135.38450679958814,True,0.0,1.0,134.73150679958815
HOW-profile(global-MAD),Hog_office_Shon,123,drift,3,obvious,120,2948.463897397897,False,,0.0,3244.1439284193143
HOW-profile(global-MAD),Hog_office_Shon,123,spike,2,moderate,4,269.0109492648661,True,1.0,0.75,236.91294926486614
HOW-profile(global-MAD),Hog_office_Shon,123,drift,2,moderate,120,1947.8557803483086,True,0.0,0.3333333333333333,2891.6140123636524
HOW-profile(global-MAD),Hog_office_Shon,123,drift,3,obvious,216,11247.793831062876,False,,0.0,13370.640412030847
HOW-profile(global-MAD),Hog_office_Shon,123,drift,2,moderate,264,7232.998301440217,True,188.0,0.003787878787878788,7965.224270700578
HOW-profile(global-MAD),Hog_office_Shon,123,spike,3,obvious,2,191.61788634989614,True,1.0,0.5,182.93888634989614
HOW-profile(global-MAD),Hog_office_Sydney,123,spike,2,moderate,2,153.76692493643083,True,1.0,0.5,149.6424249364308
HOW-profile(global-MAD),Hog_office_Sydney,123,schedule,3,obvious,72,727.3023863134501,True,14.0,0.18055555555555555,479.63963017383037
HOW-profile(global-MAD),Hog_office_Sydney,123,spike,2,moderate,3,205.02813478194554,True,1.0,0.6666666666666666,185.48013478194554
HOW-profile(global-MAD),Hog_office_Sydney,123,drift,1,subtle,264,5315.767404450148,True,101.0,0.022727272727272728,1994.4629032788105
HOW-profile(global-MAD),Hog_office_Sydney,123,schedule,3,obvious,144,956.7663238616351,True,123.0,0.006944444444444444,697.9147421069181
HOW-profile(global-MAD),Hog_office_Sydney,123,drift,2,moderate,168,6145.092488138226,True,18.0,0.32142857142857145,5357.419556376299
HOW-profile(global-MAD),Hog_office_Valda,123,spike,2,moderate,3,147.18737605936093,True,1.0,0.6666666666666666,148.34537605936092
HOW-profile(global-MAD),Hog_office_Valda,123,spike,2,moderate,1,78.9182213779984,True,0.0,1.0,71.5692213779984
HOW-profile(global-MAD),Hog_office_Valda,123,schedule,3,obvious,96,39.10848908515853,True,9.0,0.16666666666666666,507.8654899583459
HOW-profile(global-MAD),Hog_office_Valda,123,spike,2,moderate,5,192.79737053892276,True,1.0,0.8,218.58637053892278
HOW-profile(global-MAD),Hog_office_Valda,123,spike,1,subtle,4,86.50562247331051,True,1.0,0.75,74.50512247331051
HOW-profile(global-MAD),Hog_office_Valda,123,spike,2,moderate,3,115.39396740012796,True,1.0,0.6666666666666666,110.32196740012796
HOW-profile(global-MAD),Lamb_education_Armando,123,schedule,2,moderate,72,203.13693771528114,True,31.0,0.027777777777777776,691.5157052825618
HOW-profile(global-MAD),Lamb_education_Armando,123,schedule,1,subtle,168,87.28334918811282,True,30.0,0.10119047619047619,1759.45
HOW-profile(global-MAD),Lamb_education_Armando,123,spike,3,obvious,1,377.12178654530476,True,0.0,1.0,379.62178654530476
HOW-profile(global-MAD),Lamb_education_Armando,123,drift,3,obvious,312,7857.0451735646675,True,0.0,0.07692307692307693,7057.824897965821
HOW-profile(global-MAD),Lamb_education_Armando,123,spike,2,moderate,3,386.59756392503573,True,1.0,0.6666666666666666,388.49756392503576
HOW-profile(global-MAD),Lamb_education_Armando,123,spike,2,moderate,4,413.23074896014316,True,0.0,1.0,538.0307489601431
HOW-profile(global-MAD),Lamb_education_Eula,123,spike,3,obvious,4,26.294354402095188,True,1.0,0.75,26.89435440209519
HOW-profile(global-MAD),Lamb_education_Eula,123,spike,1,subtle,1,5.799574332677247,True,0.0,1.0,5.849574332677247
HOW-profile(global-MAD),Lamb_education_Eula,123,spike,3,obvious,5,34.334959750450494,True,1.0,0.8,43.13495975045049
HOW-profile(global-MAD),Lamb_education_Eula,123,spike,1,subtle,2,7.181574523397411,True,1.0,0.5,10.881574523397411
HOW-profile(global-MAD),Lamb_education_Eula,123,spike,1,subtle,1,6.59423254631242,True,0.0,1.0,6.29423254631242
HOW-profile(global-MAD),Lamb_education_Eula,123,spike,3,obvious,1,15.329047213601562,True,0.0,1.0,15.029047213601563
HOW-profile(global-MAD),Lamb_education_Lazaro,123,spike,2,moderate,5,374.47784520017035,True,2.0,0.6,550.8778452001703
HOW-profile(global-MAD),Lamb_education_Lazaro,123,drift,1,subtle,216,401.29286658232274,False,,0.0,63.81826164004757
HOW-profile(global-MAD),Lamb_education_Lazaro,123,spike,2,moderate,3,201.78794729269748,True,1.0,0.6666666666666666,216.53794729269748
HOW-profile(global-MAD),Lamb_education_Lazaro,123,drift,3,obvious,192,1592.6761325556072,True,103.0,0.057291666666666664,4258.076132555608
HOW-profile(global-MAD),Lamb_education_Lazaro,123,spike,3,obvious,2,231.02367481296838,True,1.0,0.5,216.71997481296842
HOW-profile(global-MAD),Lamb_education_Lazaro,123,drift,1,subtle,168,241.48661946843598,False,,0.0,0.0
HOW-profile(global-MAD),Lamb_education_Lucas,123,schedule,3,obvious,168,76.518357105516,True,29.0,0.10714285714285714,267.3626569900033
HOW-profile(global-MAD),Lamb_education_Lucas,123,spike,3,obvious,1,54.16916519743869,True,0.0,1.0,54.18016519743869
HOW-profile(global-MAD),Lamb_education_Lucas,123,schedule,3,obvious,72,5.869035981446744,True,9.0,0.06944444444444445,106.36980222999023
HOW-profile(global-MAD),Lamb_education_Lucas,123,spike,2,moderate,5,83.64456360822592,True,1.0,0.8,113.88156360822592
HOW-profile(global-MAD),Lamb_education_Lucas,123,spike,1,subtle,1,21.503552764624672,True,0.0,1.0,21.31305276462467
HOW-profile(global-MAD),Lamb_education_Lucas,123,drift,2,moderate,168,225.2261936276376,True,5.0,0.19047619047619047,431.3940397325105
HOW-profile(global-MAD),Lamb_education_Mae,123,drift,1,subtle,288,2090.9792705675427,True,6.0,0.13541666666666666,2431.1052754472994
HOW-profile(global-MAD),Lamb_education_Mae,123,drift,3,obvious,168,3878.3792791977203,True,4.0,0.375,7085.687479197721
HOW-profile(global-MAD),Lamb_education_Mae,123,drift,2,moderate,192,3616.5649037878884,False,,0.0,1289.7101905756745
HOW-profile(global-MAD),Lamb_education_Mae,123,spike,1,subtle,2,168.00759362156072,True,0.0,1.0,227.4729936215607
HOW-profile(global-MAD),Lamb_education_Mae,123,schedule,3,obvious,144,5.109533279254961,False,,0.0,3106.9451555195037
HOW-profile(global-MAD),Lamb_education_Mae,123,spike,2,moderate,4,497.76086737073166,True,1.0,0.75,494.56086737073167
HOW-profile(global-MAD),Lamb_education_Williams,123,spike,3,obvious,3,424.58042233121216,True,1.0,0.6666666666666666,425.2804223312121
HOW-profile(global-MAD),Lamb_education_Williams,123,spike,1,subtle,3,170.23417353918882,True,1.0,0.6666666666666666,166.8841735391888
HOW-profile(global-MAD),Lamb_education_Williams,123,schedule,2,moderate,192,51.864066737421766,True,37.0,0.203125,1805.7290984160677
HOW-profile(global-MAD),Lamb_education_Williams,123,spike,3,obvious,2,312.0306486506167,True,1.0,0.5,310.18064865061666
HOW-profile(global-MAD),Lamb_education_Williams,123,spike,2,moderate,3,345.7997785693358,True,1.0,0.6666666666666666,209.49977856933575
HOW-profile(global-MAD),Lamb_education_Williams,123,spike,1,subtle,3,169.72626497152717,True,1.0,0.6666666666666666,175.82626497152714
HOW-profile(global-MAD),Lamb_office_Caitlin,123,drift,2,moderate,120,262.52918539532453,False,,0.0,0.0
HOW-profile(global-MAD),Lamb_office_Caitlin,123,spike,3,obvious,3,568.3639822512657,True,1.0,0.6666666666666666,541.9639822512657
HOW-profile(global-MAD),Lamb_office_Caitlin,123,drift,1,subtle,288,704.4995026024479,False,,0.0,4148.783994736099
HOW-profile(global-MAD),Lamb_office_Caitlin,123,spike,1,subtle,5,313.85656167965396,True,2.0,0.6,245.73912019775923
HOW-profile(global-MAD),Lamb_office_Caitlin,123,spike,2,moderate,5,568.2456667214833,True,2.0,0.6,267.3025041874716
HOW-profile(global-MAD),Lamb_office_Caitlin,123,spike,2,moderate,3,305.0811978420506,False,,0.0,299.68119784205055
HOW-profile(global-MAD),Lamb_office_Velma,123,spike,2,moderate,4,579.3785831747393,True,2.0,0.5,827.8785831747393
HOW-profile(global-MAD),Lamb_office_Velma,123,drift,1,subtle,264,3600.407790458008,True,5.0,0.03787878787878788,6827.037870684793
HOW-profile(global-MAD),Lamb_office_Velma,123,schedule,3,obvious,72,529.7124723853377,False,,0.0,1186.1194178525475
HOW-profile(global-MAD),Lamb_office_Velma,123,schedule,3,obvious,168,905.7834583344495,True,22.0,0.02976190476190476,2191.638027535125
HOW-profile(global-MAD),Lamb_office_Velma,123,drift,2,moderate,264,11018.856200311362,True,75.0,0.056818181818181816,13939.946805443715
HOW-profile(global-MAD),Lamb_office_Velma,123,spike,1,subtle,1,203.31928736081287,True,0.0,1.0,229.76928736081285
HOW-profile(global-MAD),Rat_retail_Jeffrey,123,spike,1,subtle,5,297.07819054346146,False,,0.0,255.9681905434615
HOW-profile(global-MAD),Rat_retail_Jeffrey,123,drift,2,moderate,288,8884.572843683076,True,175.0,0.034722222222222224,9939.87949378119
HOW-profile(global-MAD),Rat_retail_Jeffrey,123,drift,3,obvious,312,16042.159321483588,True,214.0,0.03205128205128205,16604.800327156856
HOW-profile(global-MAD),Rat_retail_Jeffrey,123,drift,3,obvious,288,13433.287503070473,True,52.0,0.3263888888888889,20164.738828194448
HOW-profile(global-MAD),Rat_retail_Jeffrey,123,spike,2,moderate,4,396.18797784816087,False,,0.0,572.3079778481608
HOW-profile(global-MAD),Rat_retail_Jeffrey,123,spike,1,subtle,2,149.27212647463435,False,,0.0,199.83212647463435
HOW-profile(global-MAD),Robin_education_Zenia,123,drift,3,obvious,240,23393.72141148178,True,136.0,0.17916666666666667,40664.80356148178
HOW-profile(global-MAD),Robin_education_Zenia,123,drift,2,moderate,216,11875.093738761898,True,0.0,0.24074074074074073,27955.7099887619
HOW-profile(global-MAD),Robin_education_Zenia,123,spike,2,moderate,3,222.03735529951837,True,1.0,0.6666666666666666,375.18735529951834
HOW-profile(global-MAD),Robin_education_Zenia,123,drift,1,subtle,288,9160.385486153853,False,,0.0,26255.105686153853
HOW-profile(global-MAD),Robin_education_Zenia,123,spike,2,moderate,5,431.4815913558175,False,,0.0,848.9873913558175
HOW-profile(global-MAD),Robin_education_Zenia,123,spike,1,subtle,3,167.63958684164422,False,,0.0,355.0953868416442
HOW-profile(global-MAD),Robin_office_Dina,123,spike,1,subtle,4,68.4746983087544,False,,0.0,90.7030983087544
HOW-profile(global-MAD),Robin_office_Dina,123,spike,2,moderate,1,57.843807887198196,False,,0.0,47.843807887198196
HOW-profile(global-MAD),Robin_office_Dina,123,spike,2,moderate,4,105.04301321096541,True,2.0,0.5,104.54301321096541
HOW-profile(global-MAD),Robin_office_Dina,123,drift,1,subtle,312,2636.196139427071,True,43.0,0.13141025641025642,3124.8700422898883
HOW-profile(global-MAD),Robin_office_Dina,123,drift,3,obvious,240,5380.373982455583,True,23.0,0.4875,5941.528332455582
HOW-profile(global-MAD),Robin_office_Dina,123,spike,2,moderate,5,151.9427563095937,True,2.0,0.6,154.1927563095937
HOW-profile(global-MAD),Robin_office_Sammie,123,schedule,2,moderate,168,483.8792634429125,True,137.0,0.041666666666666664,1031.0061605738188
HOW-profile(global-MAD),Robin_office_Sammie,123,schedule,3,obvious,192,977.3897562849763,False,,0.0,1212.2838139929754
HOW-profile(global-MAD),Robin_office_Sammie,123,drift,1,subtle,264,2755.0334119244794,True,96.0,0.0946969696969697,579.1946776337188
HOW-profile(global-MAD),Robin_office_Sammie,123,spike,3,obvious,4,364.36019766409277,True,1.0,0.75,467.01019766409274
HOW-profile(global-MAD),Robin_office_Sammie,123,schedule,3,obvious,168,2314.2865402050898,False,,0.0,1070.173444473086
HOW-profile(global-MAD),Robin_office_Sammie,123,spike,3,obvious,5,474.4082509322585,True,1.0,0.8,505.44245093225845
HOW-profile(global-MAD),Shrew_office_Doris,123,drift,3,obvious,312,44891.62811435338,True,36.0,0.5448717948717948,44937.198093784
HOW-profile(global-MAD),Shrew_office_Doris,123,spike,1,subtle,2,237.15238122664746,True,1.0,0.5,224.75238122664743
HOW-profile(global-MAD),Shrew_office_Doris,123,schedule,3,obvious,216,1297.1953433177616,False,,0.0,1309.7791705416353
HOW-profile(global-MAD),Shrew_office_Doris,123,schedule,3,obvious,72,35.91670620662419,True,9.0,0.05555555555555555,722.0723877306593
HOW-profile(global-MAD),Shrew_office_Doris,123,schedule,3,obvious,120,5.573837452122518,True,32.0,0.05,2241.6738374521224
HOW-profile(global-MAD),Shrew_office_Doris,123,spike,3,obvious,2,454.8096962841917,True,1.0,0.5,468.6596962841917
HOW-profile(global-MAD),Shrew_office_Ila,123,drift,2,moderate,240,12234.707321185711,True,53.0,0.4791666666666667,12476.807321185712
HOW-profile(global-MAD),Shrew_office_Ila,123,schedule,3,obvious,192,57.235751088076555,False,,0.0,794.7708548013782
HOW-profile(global-MAD),Shrew_office_Ila,123,drift,1,subtle,240,3195.899958049458,True,58.0,0.225,7070.299958049458
HOW-profile(global-MAD),Shrew_office_Ila,123,spike,2,moderate,3,354.27865606545697,True,1.0,0.6666666666666666,396.228656065457
HOW-profile(global-MAD),Shrew_office_Ila,123,schedule,3,obvious,192,3.1847764428720353,False,,0.0,3233.3347764428718
HOW-profile(global-MAD),Shrew_office_Ila,123,drift,3,obvious,240,22688.051141610937,True,27.0,0.7875,24080.95114161094
HOW-profile(global-MAD),Shrew_office_Kenneth,123,spike,3,obvious,2,131.11670586022714,True,1.0,0.5,127.71670586022714
HOW-profile(global-MAD),Shrew_office_Kenneth,123,spike,2,moderate,5,227.0242444596504,True,2.0,0.6,164.4212258956391
HOW-profile(global-MAD),Shrew_office_Kenneth,123,drift,3,obvious,240,5053.890885911685,True,12.0,0.19166666666666668,6238.140885911685
HOW-profile(global-MAD),Shrew_office_Kenneth,123,drift,3,obvious,264,5293.377061299316,True,118.0,0.35984848484848486,5147.923441879122
HOW-profile(global-MAD),Shrew_office_Kenneth,123,drift,2,moderate,264,2846.954348101387,True,44.0,0.4772727272727273,1079.6329688518706
HOW-profile(global-MAD),Shrew_office_Kenneth,123,spike,2,moderate,4,176.17399675860463,True,3.0,0.25,194.77399675860465
HOW-profile(global-MAD),Shrew_office_Nora,123,spike,1,subtle,3,363.7027421884706,True,1.0,0.6666666666666666,349.10274218847064
HOW-profile(global-MAD),Shrew_office_Nora,123,schedule,3,obvious,168,2229.075651298478,True,0.0,0.2857142857142857,2317.8334222819167
HOW-profile(global-MAD),Shrew_office_Nora,123,spike,3,obvious,5,1307.2052737697059,True,1.0,0.8,1329.005273769706
HOW-profile(global-MAD),Shrew_office_Nora,123,spike,2,moderate,5,1074.4165419552485,True,1.0,0.8,1061.9665419552484
HOW-profile(global-MAD),Shrew_office_Nora,123,schedule,3,obvious,72,981.9580003229489,True,0.0,0.4583333333333333,1347.7364276650956
HOW-profile(global-MAD),Shrew_office_Nora,123,spike,1,subtle,2,299.98487883646453,True,1.0,0.5,282.3848788364645
HOW-profile(global-MAD),Shrew_office_Sherill,123,spike,3,obvious,4,1938.3662349644947,True,1.0,0.75,1924.6162349644944
HOW-profile(global-MAD),Shrew_office_Sherill,123,schedule,3,obvious,168,1063.2674640853456,True,9.0,0.10714285714285714,2092.788640478903
HOW-profile(global-MAD),Shrew_office_Sherill,123,schedule,2,moderate,144,52.89200787198175,False,,0.0,100.55000000000001
HOW-profile(global-MAD),Shrew_office_Sherill,123,drift,3,obvious,168,20296.48426102668,True,24.0,0.8035714285714286,21276.881433544826
HOW-profile(global-MAD),Shrew_office_Sherill,123,spike,3,obvious,2,891.9483588151319,True,1.0,0.5,887.9483588151321
HOW-profile(global-MAD),Shrew_office_Sherill,123,spike,1,subtle,3,597.9218152987612,True,1.0,0.6666666666666666,676.4218152987612
HOW-profile(global-MAD),Wolf_office_Darleen,123,drift,2,moderate,312,5118.617371022473,False,,0.0,3947.9166682452333
HOW-profile(global-MAD),Wolf_office_Darleen,123,drift,2,moderate,144,1122.0444420374765,True,90.0,0.06944444444444445,1567.7231180739277
HOW-profile(global-MAD),Wolf_office_Darleen,123,drift,3,obvious,216,4625.169208288764,True,77.0,0.5231481481481481,4342.961659204142
HOW-profile(global-MAD),Wolf_office_Darleen,123,spike,2,moderate,4,240.52539583615456,True,1.0,0.75,256.52539583615453
HOW-profile(global-MAD),Wolf_office_Darleen,123,drift,1,subtle,168,722.2431690015353,True,0.0,0.14285714285714285,1079.895915492705
HOW-profile(global-MAD),Wolf_office_Darleen,123,schedule,2,moderate,216,6.372364314854387,True,148.0,0.004629629629629629,204.6241214382848
HOW-profile(global-MAD),Wolf_retail_Harriett,123,schedule,2,moderate,144,41.589040571361394,False,,0.0,1067.713152412676
HOW-profile(global-MAD),Wolf_retail_Harriett,123,schedule,2,moderate,96,20.026795522465733,True,69.0,0.010416666666666666,763.3515858373044
HOW-profile(global-MAD),Wolf_retail_Harriett,123,spike,2,moderate,5,304.5069252343177,True,2.0,0.6,426.28942523431766
HOW-profile(global-MAD),Wolf_retail_Harriett,123,spike,2,moderate,4,204.21169334656463,True,1.0,0.75,256.19919334656464
HOW-profile(global-MAD),Wolf_retail_Harriett,123,drift,1,subtle,192,1245.6474215603403,False,,0.0,2470.512861125024
HOW-profile(global-MAD),Wolf_retail_Harriett,123,drift,3,obvious,264,7344.239049400337,True,39.0,0.15151515151515152,10805.26891437931
HOW-profile(global-MAD),Wolf_retail_Marcella,123,spike,1,subtle,2,13.916313168209674,True,0.0,1.0,26.321313168209674
HOW-profile(global-MAD),Wolf_retail_Marcella,123,drift,3,obvious,264,1145.6896641735011,True,1.0,0.2727272727272727,1610.1162605147892
HOW-profile(global-MAD),Wolf_retail_Marcella,123,drift,2,moderate,144,198.96519574007425,True,8.0,0.027777777777777776,192.60136325806135
HOW-profile(global-MAD),Wolf_retail_Marcella,123,spike,3,obvious,4,59.222953564174716,True,2.0,0.5,60.80920356417471
HOW-profile(global-MAD),Wolf_retail_Marcella,123,spike,1,subtle,1,14.837894350572272,True,0.0,1.0,13.635394350572271
HOW-profile(global-MAD),Wolf_retail_Marcella,123,spike,2,moderate,4,32.44073899726534,True,1.0,0.75,33.81823899726534
HOW-profile(global-MAD),Wolf_retail_Toshia,123,spike,1,subtle,4,303.6671023696364,True,1.0,0.75,296.0296023696364
HOW-profile(global-MAD),Wolf_retail_Toshia,123,spike,1,subtle,4,332.1122316161035,True,1.0,0.75,332.0822316161035
HOW-profile(global-MAD),Wolf_retail_Toshia,123,schedule,2,moderate,144,83.30849022986973,True,0.0,0.013888888888888888,553.9109431789058
HOW-profile(global-MAD),Wolf_retail_Toshia,123,spike,2,moderate,2,312.40678412779,True,1.0,0.5,209.35428412778998
HOW-profile(global-MAD),Wolf_retail_Toshia,123,spike,3,obvious,2,471.3347275443462,True,1.0,0.5,479.8697275443461
HOW-profile(global-MAD),Wolf_retail_Toshia,123,schedule,2,moderate,120,6.526262952639762,True,42.0,0.016666666666666666,668.925
PatchTST-SSL(HoD-cond),Fox_education_Henrietta,123,spike,3,obvious,3,107.28066628343188,False,,0.0,106.6977883261564
PatchTST-SSL(HoD-cond),Fox_education_Henrietta,123,spike,1,subtle,2,38.79410978520845,True,1.0,0.5,44.365731174543676
PatchTST-SSL(HoD-cond),Fox_education_Henrietta,123,drift,3,obvious,216,1933.886031900874,False,,0.0,2266.5256366815074
PatchTST-SSL(HoD-cond),Fox_education_Henrietta,123,schedule,3,obvious,72,4.398242775736969,False,,0.0,190.55723565693688
PatchTST-SSL(HoD-cond),Fox_education_Henrietta,123,spike,3,obvious,4,160.57591003856936,True,2.0,0.5,164.20041767543356
PatchTST-SSL(HoD-cond),Fox_education_Henrietta,123,spike,2,moderate,3,69.44453542686097,True,1.0,0.6666666666666666,76.74558783426721
PatchTST-SSL(HoD-cond),Fox_retail_Manie,123,schedule,3,obvious,96,227.11597207258032,False,,0.0,626.6149365568745
PatchTST-SSL(HoD-cond),Fox_retail_Manie,123,drift,1,subtle,192,1233.548743144401,True,140.0,0.07291666666666667,2944.8379210265853
PatchTST-SSL(HoD-cond),Fox_retail_Manie,123,spike,3,obvious,2,256.61536206414166,True,1.0,0.5,241.13468805375825
PatchTST-SSL(HoD-cond),Fox_retail_Manie,123,drift,3,obvious,240,8289.663100225807,True,64.0,0.29583333333333334,9242.079493453155
PatchTST-SSL(HoD-cond),Fox_retail_Manie,123,spike,3,obvious,2,237.32739808430793,True,1.0,0.5,224.12755546322092
PatchTST-SSL(HoD-cond),Fox_retail_Manie,123,spike,1,subtle,2,99.0726521706526,False,,0.0,129.60947123458374
PatchTST-SSL(HoD-cond),Hog_education_Bruno,123,drift,2,moderate,168,12811.470511399853,True,13.0,0.5892857142857143,16795.724300553236
PatchTST-SSL(HoD-cond),Hog_education_Bruno,123,spike,2,moderate,1,275.8232577143261,True,0.0,1.0,287.96937244687933
PatchTST-SSL(HoD-cond),Hog_education_Bruno,123,drift,2,moderate,240,23664.966243209576,True,177.0,0.0625,33251.136352317546
PatchTST-SSL(HoD-cond),Hog_education_Bruno,123,drift,2,moderate,192,17388.559118296256,True,75.0,0.5260416666666666,21935.929507850502
PatchTST-SSL(HoD-cond),Hog_education_Bruno,123,spike,2,moderate,2,208.75207993954868,True,1.0,0.5,307.51814139825035
PatchTST-SSL(HoD-cond),Hog_education_Bruno,123,schedule,3,obvious,216,76.45355843684771,False,,0.0,3722.202230331962
PatchTST-SSL(HoD-cond),Hog_education_Caridad,123,spike,1,subtle,2,2731.6933904597063,False,,0.0,2288.8184900088754
PatchTST-SSL(HoD-cond),Hog_education_Caridad,123,drift,3,obvious,168,99252.01194407106,True,45.0,0.25,114662.38765307987
PatchTST-SSL(HoD-cond),Hog_education_Caridad,123,spike,1,subtle,3,3519.2878507706814,False,,0.0,1911.3469389555623
PatchTST-SSL(HoD-cond),Hog_education_Caridad,123,spike,3,obvious,1,6794.154067709553,True,0.0,1.0,6449.183651255552
PatchTST-SSL(HoD-cond),Hog_education_Caridad,123,drift,1,subtle,264,43165.13655367314,True,177.0,0.19696969696969696,43450.811121704995
PatchTST-SSL(HoD-cond),Hog_education_Caridad,123,drift,3,obvious,144,73297.95555006973,True,70.0,0.1736111111111111,84779.03412760253
PatchTST-SSL(HoD-cond),Hog_education_Josh,123,drift,3,obvious,144,7959.513378869462,True,125.0,0.013888888888888888,17419.62019289627
PatchTST-SSL(HoD-cond),Hog_education_Josh,123,spike,2,moderate,4,611.0395308891121,True,2.0,0.5,882.3917762429489
PatchTST-SSL(HoD-cond),Hog_education_Josh,123,spike,1,subtle,3,366.67162677451927,True,2.0,0.3333333333333333,630.6842559991783
PatchTST-SSL(HoD-cond),Hog_education_Josh,123,drift,3,obvious,168,13020.370345217947,False,,0.0,19980.39004212079
PatchTST-SSL(HoD-cond),Hog_education_Josh,123,drift,1,subtle,192,4363.562263827134,False,,0.0,11413.012618135948
PatchTST-SSL(HoD-cond),Hog_education_Josh,123,spike,1,subtle,2,238.78457205940967,True,1.0,0.5,341.2961861512258
PatchTST-SSL(HoD-cond),Hog_education_Luvenia,123,spike,1,subtle,3,455.8344024507873,False,,0.0,511.9444631533481
PatchTST-SSL(HoD-cond),Hog_education_Luvenia,123,drift,2,moderate,264,54929.1258237537,True,37.0,0.5340909090909091,72049.1687949094
PatchTST-SSL(HoD-cond),Hog_education_Luvenia,123,spike,1,subtle,4,439.39032680624484,True,2.0,0.5,928.3869514670821
PatchTST-SSL(HoD-cond),Hog_education_Luvenia,123,spike,3,obvious,1,715.5647282123108,True,0.0,1.0,722.2545707831681
PatchTST-SSL(HoD-cond),Hog_education_Luvenia,123,drift,3,obvious,240,72870.03993593014,True,93.0,0.3125,86045.78119589813
PatchTST-SSL(HoD-cond),Hog_education_Luvenia,123,schedule,3,obvious,72,2322.155392898221,False,,0.0,1383.378879162251
PatchTST-SSL(HoD-cond),Hog_office_Almeda,123,schedule,2,moderate,72,28.67787876675679,True,21.0,0.013888888888888888,1418.6165258190592
PatchTST-SSL(HoD-cond),Hog_office_Almeda,123,schedule,2,moderate,216,70.12106487566511,True,76.0,0.009259259259259259,4481.489852738621
PatchTST-SSL(HoD-cond),Hog_office_Almeda,123,drift,3,obvious,312,15353.001099313558,True,3.0,0.28525641025641024,18677.10925811522
PatchTST-SSL(HoD-cond),Hog_office_Almeda,123,drift,1,subtle,144,526.8887717240907,True,43.0,0.0763888888888889,3156.949194477466
PatchTST-SSL(HoD-cond),Hog_office_Almeda,123,spike,1,subtle,3,139.24990344202638,True,1.0,0.6666666666666666,277.91675746969497
PatchTST-SSL(HoD-cond),Hog_office_Almeda,123,spike,1,subtle,1,82.28338102216038,True,0.0,1.0,116.28514864593237
PatchTST-SSL(HoD-cond),Hog_office_Cortney,123,schedule,3,obvious,192,675.659755778285,False,,0.0,2160.165259375144
PatchTST-SSL(HoD-cond),Hog_office_Cortney,123,spike,2,moderate,3,365.9656243934651,True,1.0,0.6666666666666666,533.5930325549227
PatchTST-SSL(HoD-cond),Hog_office_Cortney,123,drift,3,obvious,264,9154.375686841197,True,73.0,0.12878787878787878,16970.022021541714
PatchTST-SSL(HoD-cond),Hog_office_Cortney,123,spike,3,obvious,5,863.5552763422403,True,1.0,0.8,902.5930953459929
PatchTST-SSL(HoD-cond),Hog_office_Cortney,123,drift,3,obvious,144,2657.890143930311,True,7.0,0.06944444444444445,5584.050701830781
PatchTST-SSL(HoD-cond),Hog_office_Cortney,123,spike,3,obvious,1,434.0589581084138,True,0.0,1.0,489.97561744204125
PatchTST-SSL(HoD-cond),Hog_office_Denita,123,spike,2,moderate,2,148.04479456749272,True,1.0,0.5,192.043970505889
PatchTST-SSL(HoD-cond),Hog_office_Denita,123,schedule,2,moderate,192,80.75676933641031,False,,0.0,3604.0265373300563
PatchTST-SSL(HoD-cond),Hog_office_Denita,123,drift,3,obvious,144,2706.766864515737,True,114.0,0.0625,1702.581183780725
PatchTST-SSL(HoD-cond),Hog_office_Denita,123,drift,2,moderate,168,2084.49776224874,True,165.0,0.011904761904761904,3896.435391147349
PatchTST-SSL(HoD-cond),Hog_office_Denita,123,schedule,2,moderate,144,168.49448279533027,False,,0.0,2690.707855757
PatchTST-SSL(HoD-cond),Hog_office_Denita,123,spike,3,obvious,2,281.2051967311053,True,1.0,0.5,277.7056595094816
PatchTST-SSL(HoD-cond),Hog_office_Garrett,123,spike,1,subtle,2,800.6226854998857,True,1.0,0.5,948.3712275622541
PatchTST-SSL(HoD-cond),Hog_office_Garrett,123,drift,1,subtle,216,9195.820381574535,False,,0.0,12858.229717147166
PatchTST-SSL(HoD-cond),Hog_office_Garrett,123,schedule,3,obvious,96,2092.359428346967,False,,0.0,1856.9967471626226
PatchTST-SSL(HoD-cond),Hog_office_Garrett,123,drift,1,subtle,144,3323.6156797907715,True,8.0,0.034722222222222224,7077.103969621807
PatchTST-SSL(HoD-cond),Hog_office_Garrett,123,drift,3,obvious,264,67734.00437875827,True,28.0,0.4053030303030303,77726.02557183105
PatchTST-SSL(HoD-cond),Hog_office_Garrett,123,spike,3,obvious,5,4328.092876349334,True,1.0,0.8,4527.687338366364
PatchTST-SSL(HoD-cond),Hog_office_Lavon,123,spike,1,subtle,3,2374.6235557297014,True,1.0,0.6666666666666666,2659.0567812963563
PatchTST-SSL(HoD-cond),Hog_office_Lavon,123,spike,2,moderate,3,3794.3724276334815,True,1.0,0.6666666666666666,4987.788832531523
PatchTST-SSL(HoD-cond),Hog_office_Lavon,123,drift,2,moderate,312,2773.0338335095603,False,,0.0,34170.971680577284
PatchTST-SSL(HoD-cond),Hog_office_Lavon,123,spike,3,obvious,2,4451.899146126511,True,1.0,0.5,4765.464099747068
PatchTST-SSL(HoD-cond),Hog_office_Lavon,123,spike,1,subtle,5,4225.881840189359,True,2.0,0.6,7233.606378444107
PatchTST-SSL(HoD-cond),Hog_office_Lavon,123,spike,3,obvious,3,4991.004728707769,True,1.0,0.6666666666666666,5078.1088253461985
PatchTST-SSL(HoD-cond),Hog_office_Merilyn,123,spike,3,obvious,2,74.71065509872955,True,1.0,0.5,66.36528223971541
PatchTST-SSL(HoD-cond),Hog_office_Merilyn,123,spike,3,obvious,4,132.05847552916484,True,2.0,0.5,140.61437941914787
PatchTST-SSL(HoD-cond),Hog_office_Merilyn,123,drift,3,obvious,120,1252.3499195421773,False,,0.0,909.0144012683725
PatchTST-SSL(HoD-cond),Hog_office_Merilyn,123,schedule,2,moderate,216,354.74336074839505,False,,0.0,21.209283436283922
PatchTST-SSL(HoD-cond),Hog_office_Merilyn,123,drift,3,obvious,168,2663.5823665894623,True,66.0,0.10119047619047619,4201.912621642044
PatchTST-SSL(HoD-cond),Hog_office_Merilyn,123,schedule,3,obvious,72,44.434143945171144,False,,0.0,457.2602354990944
PatchTST-SSL(HoD-cond),Hog_office_Miriam,123,spike,2,moderate,2,39.14258735448324,True,1.0,0.5,59.99948161007505
PatchTST-SSL(HoD-cond),Hog_office_Miriam,123,drift,1,subtle,120,230.44604934093218,False,,0.0,121.28167071564818
PatchTST-SSL(HoD-cond),Hog_office_Miriam,123,spike,2,moderate,1,35.66467994768293,True,0.0,1.0,41.9856755798247
PatchTST-SSL(HoD-cond),Hog_office_Miriam,123,drift,1,subtle,312,965.6784438539437,True,35.0,0.019230769230769232,1917.4650442018128
PatchTST-SSL(HoD-cond),Hog_office_Miriam,123,spike,1,subtle,3,34.72750862214191,True,1.0,0.6666666666666666,48.41871427273208
PatchTST-SSL(HoD-cond),Hog_office_Miriam,123,schedule,2,moderate,168,64.25366120822854,True,59.0,0.023809523809523808,509.8653597330956
PatchTST-SSL(HoD-cond),Hog_office_Napoleon,123,drift,3,obvious,240,20740.01444147993,True,160.0,0.0125,24239.81667545862
PatchTST-SSL(HoD-cond),Hog_office_Napoleon,123,drift,2,moderate,312,18377.3115541578,True,124.0,0.2532051282051282,21066.70113622965
PatchTST-SSL(HoD-cond),Hog_office_Napoleon,123,schedule,3,obvious,144,869.4953581851735,True,93.0,0.006944444444444444,3234.1841284787706
PatchTST-SSL(HoD-cond),Hog_office_Napoleon,123,schedule,3,obvious,96,837.4576324321979,False,,0.0,1163.3065311402743
PatchTST-SSL(HoD-cond),Hog_office_Napoleon,123,spike,3,obvious,4,585.2791629388853,True,2.0,0.5,658.2207399563265
PatchTST-SSL(HoD-cond),Hog_office_Napoleon,123,spike,3,obvious,3,439.4070634100892,True,2.0,0.3333333333333333,566.9386046749387
PatchTST-SSL(HoD-cond),Hog_office_Shawna,123,schedule,2,moderate,72,1034.6068860201226,False,,0.0,2889.096234739595
PatchTST-SSL(HoD-cond),Hog_office_Shawna,123,schedule,3,obvious,96,3263.734547318278,True,33.0,0.0625,7431.112076947376
PatchTST-SSL(HoD-cond),Hog_office_Shawna,123,spike,2,moderate,4,850.4716576235535,True,2.0,0.5,1110.7139661632839
PatchTST-SSL(HoD-cond),Hog_office_Shawna,123,spike,1,subtle,5,655.9893883147479,True,3.0,0.2,806.7642376030486
PatchTST-SSL(HoD-cond),Hog_office_Shawna,123,spike,1,subtle,3,316.8977482297006,True,2.0,0.3333333333333333,332.1224159262436
PatchTST-SSL(HoD-cond),Hog_office_Shawna,123,drift,2,moderate,312,23154.84143521574,True,61.0,0.01282051282051282,40593.635227583814
PatchTST-SSL(HoD-cond),Hog_office_Shawnna,123,spike,2,moderate,5,2371.412146578059,True,2.0,0.6,1961.5159963093258
PatchTST-SSL(HoD-cond),Hog_office_Shawnna,123,drift,1,subtle,144,4751.4831722333965,True,4.0,0.006944444444444444,6847.0113652363125
PatchTST-SSL(HoD-cond),Hog_office_Shawnna,123,schedule,2,moderate,216,653.0373692162267,True,43.0,0.013888888888888888,6219.212126953865
PatchTST-SSL(HoD-cond),Hog_office_Shawnna,123,schedule,3,obvious,144,8044.543420406057,True,63.0,0.1527777777777778,10883.41140365987
PatchTST-SSL(HoD-cond),Hog_office_Shawnna,123,spike,3,obvious,2,1558.1165318333533,True,1.0,0.5,1595.6457452181883
PatchTST-SSL(HoD-cond),Hog_office_Shawnna,123,spike,1,subtle,5,1317.6350904115675,True,2.0,0.6,1106.2807704046716
PatchTST-SSL(HoD-cond),Hog_office_Sherrie,123,drift,1,subtle,312,1502.6883443003737,True,78.0,0.03205128205128205,4670.054575446396
PatchTST-SSL(HoD-cond),Hog_office_Sherrie,123,drift,3,obvious,168,2843.888229420063,True,27.0,0.47023809523809523,4287.2615495933005
PatchTST-SSL(HoD-cond),Hog_office_Sherrie,123,spike,3,obvious,3,291.8020352741702,True,1.0,0.6666666666666666,319.18245418915114
PatchTST-SSL(HoD-cond),Hog_office_Sherrie,123,spike,2,moderate,5,282.5523283669032,True,2.0,0.6,270.1293918782467
PatchTST-SSL(HoD-cond),Hog_office_Sherrie,123,drift,2,moderate,144,1240.5414345171785,True,113.0,0.04861111111111111,2420.8747393147005
PatchTST-SSL(HoD-cond),Hog_office_Sherrie,123,spike,2,moderate,1,135.38450679958814,True,0.0,1.0,135.4136165725122
PatchTST-SSL(HoD-cond),Hog_office_Shon,123,drift,3,obvious,120,2948.463897397897,True,81.0,0.058333333333333334,4363.246072711727
PatchTST-SSL(HoD-cond),Hog_office_Shon,123,spike,2,moderate,4,269.0109492648661,True,2.0,0.5,261.2150495884399
PatchTST-SSL(HoD-cond),Hog_office_Shon,123,drift,2,moderate,120,1947.8557803483086,True,79.0,0.03333333333333333,4171.944419329717
PatchTST-SSL(HoD-cond),Hog_office_Shon,123,drift,3,obvious,216,11247.793831062876,True,102.0,0.12037037037037036,16320.165739708762
PatchTST-SSL(HoD-cond),Hog_office_Shon,123,drift,2,moderate,264,7232.998301440217,True,145.0,0.026515151515151516,10531.234734825981
PatchTST-SSL(HoD-cond),Hog_office_Shon,123,spike,3,obvious,2,191.61788634989614,True,1.0,0.5,192.20609409052983
PatchTST-SSL(HoD-cond),Hog_office_Sydney,123,spike,2,moderate,2,153.76692493643083,True,1.0,0.5,157.17323170752917
PatchTST-SSL(HoD-cond),Hog_office_Sydney,123,schedule,3,obvious,72,727.3023863134501,True,16.0,0.09722222222222222,472.19666070622554
PatchTST-SSL(HoD-cond),Hog_office_Sydney,123,spike,2,moderate,3,205.02813478194554,True,1.0,0.6666666666666666,213.95281712154815
PatchTST-SSL(HoD-cond),Hog_office_Sydney,123,drift,1,subtle,264,5315.767404450148,True,105.0,0.01893939393939394,3985.0507967645963
PatchTST-SSL(HoD-cond),Hog_office_Sydney,123,schedule,3,obvious,144,956.7663238616351,True,70.0,0.027777777777777776,2032.1198274018382
PatchTST-SSL(HoD-cond),Hog_office_Sydney,123,drift,2,moderate,168,6145.092488138226,True,18.0,0.2619047619047619,7558.346139571698
PatchTST-SSL(HoD-cond),Hog_office_Valda,123,spike,2,moderate,3,147.18737605936093,True,1.0,0.6666666666666666,148.84243714537175
PatchTST-SSL(HoD-cond),Hog_office_Valda,123,spike,2,moderate,1,78.9182213779984,True,0.0,1.0,82.05806984426283
PatchTST-SSL(HoD-cond),Hog_office_Valda,123,schedule,3,obvious,96,39.10848908515853,True,1.0,0.020833333333333332,1123.2341070911727
PatchTST-SSL(HoD-cond),Hog_office_Valda,123,spike,2,moderate,5,192.79737053892276,True,1.0,0.8,226.38282086206974
PatchTST-SSL(HoD-cond),Hog_office_Valda,123,spike,1,subtle,4,86.50562247331051,True,3.0,0.25,68.5217744731094
PatchTST-SSL(HoD-cond),Hog_office_Valda,123,spike,2,moderate,3,115.39396740012796,True,2.0,0.3333333333333333,157.91598153865112
PatchTST-SSL(HoD-cond),Lamb_education_Armando,123,schedule,2,moderate,72,203.13693771528114,False,,0.0,1902.5947740516644
PatchTST-SSL(HoD-cond),Lamb_education_Armando,123,schedule,1,subtle,168,87.28334918811282,True,20.0,0.023809523809523808,4938.388774369797
PatchTST-SSL(HoD-cond),Lamb_education_Armando,123,spike,3,obvious,1,377.12178654530476,True,0.0,1.0,354.40343185128995
PatchTST-SSL(HoD-cond),Lamb_education_Armando,123,drift,3,obvious,312,7857.0451735646675,True,155.0,0.060897435897435896,11667.215093251783
PatchTST-SSL(HoD-cond),Lamb_education_Armando,123,spike,2,moderate,3,386.59756392503573,True,1.0,0.6666666666666666,434.98872278182847
PatchTST-SSL(HoD-cond),Lamb_education_Armando,123,spike,2,moderate,4,413.23074896014316,True,2.0,0.5,810.3894875357587
PatchTST-SSL(HoD-cond),Lamb_education_Eula,123,spike,3,obvious,4,26.294354402095188,True,1.0,0.75,26.545828008459843
PatchTST-SSL(HoD-cond),Lamb_education_Eula,123,spike,1,subtle,1,5.799574332677247,True,0.0,1.0,5.788269611566815
PatchTST-SSL(HoD-cond),Lamb_education_Eula,123,spike,3,obvious,5,34.334959750450494,True,1.0,0.8,45.631550639091145
PatchTST-SSL(HoD-cond),Lamb_education_Eula,123,spike,1,subtle,2,7.181574523397411,True,1.0,0.5,11.617978983363724
PatchTST-SSL(HoD-cond),Lamb_education_Eula,123,spike,1,subtle,1,6.59423254631242,True,0.0,1.0,7.2013671677207025
PatchTST-SSL(HoD-cond),Lamb_education_Eula,123,spike,3,obvious,1,15.329047213601562,True,0.0,1.0,14.44870838306774
PatchTST-SSL(HoD-cond),Lamb_education_Lazaro,123,spike,2,moderate,5,374.47784520017035,True,3.0,0.4,682.7426948438098
PatchTST-SSL(HoD-cond),Lamb_education_Lazaro,123,drift,1,subtle,216,401.29286658232274,False,,0.0,84.3912803344494
PatchTST-SSL(HoD-cond),Lamb_education_Lazaro,123,spike,2,moderate,3,201.78794729269748,True,1.0,0.6666666666666666,227.44247588597824
PatchTST-SSL(HoD-cond),Lamb_education_Lazaro,123,drift,3,obvious,192,1592.6761325556072,False,,0.0,6471.313433942904
PatchTST-SSL(HoD-cond),Lamb_education_Lazaro,123,spike,3,obvious,2,231.02367481296838,True,1.0,0.5,232.40366300371488
PatchTST-SSL(HoD-cond),Lamb_education_Lazaro,123,drift,1,subtle,168,241.48661946843598,False,,0.0,37.994670645707686
PatchTST-SSL(HoD-cond),Lamb_education_Lucas,123,schedule,3,obvious,168,76.518357105516,True,29.0,0.017857142857142856,739.0714952700415
PatchTST-SSL(HoD-cond),Lamb_education_Lucas,123,spike,3,obvious,1,54.16916519743869,True,0.0,1.0,53.58843237489944
PatchTST-SSL(HoD-cond),Lamb_education_Lucas,123,schedule,3,obvious,72,5.869035981446744,False,,0.0,295.4968171085101
PatchTST-SSL(HoD-cond),Lamb_education_Lucas,123,spike,2,moderate,5,83.64456360822592,True,2.0,0.6,111.36907842163592
PatchTST-SSL(HoD-cond),Lamb_education_Lucas,123,spike,1,subtle,1,21.503552764624672,True,0.0,1.0,18.229410831933258
PatchTST-SSL(HoD-cond),Lamb_education_Lucas,123,drift,2,moderate,168,225.2261936276376,True,6.0,0.041666666666666664,760.8808400880127
PatchTST-SSL(HoD-cond),Lamb_education_Mae,123,drift,1,subtle,288,2090.9792705675427,True,138.0,0.017361111111111112,5284.69009779883
PatchTST-SSL(HoD-cond),Lamb_education_Mae,123,drift,3,obvious,168,3878.3792791977203,True,109.0,0.06547619047619048,8980.431977609307
PatchTST-SSL(HoD-cond),Lamb_education_Mae,123,drift,2,moderate,192,3616.5649037878884,False,,0.0,2120.2130006852676
PatchTST-SSL(HoD-cond),Lamb_education_Mae,123,spike,1,subtle,2,168.00759362156072,True,1.0,0.5,257.1976541993253
PatchTST-SSL(HoD-cond),Lamb_education_Mae,123,schedule,3,obvious,144,5.109533279254961,True,134.0,0.020833333333333332,4426.231034761029
PatchTST-SSL(HoD-cond),Lamb_education_Mae,123,spike,2,moderate,4,497.76086737073166,True,2.0,0.5,396.96063885695037
PatchTST-SSL(HoD-cond),Lamb_education_Williams,123,spike,3,obvious,3,424.58042233121216,True,2.0,0.3333333333333333,461.9974595430039
PatchTST-SSL(HoD-cond),Lamb_education_Williams,123,spike,1,subtle,3,170.23417353918882,True,1.0,0.6666666666666666,174.74515187199114
PatchTST-SSL(HoD-cond),Lamb_education_Williams,123,schedule,2,moderate,192,51.864066737421766,False,,0.0,4990.992457203202
PatchTST-SSL(HoD-cond),Lamb_education_Williams,123,spike,3,obvious,2,312.0306486506167,True,1.0,0.5,317.2082133216156
PatchTST-SSL(HoD-cond),Lamb_education_Williams,123,spike,2,moderate,3,345.7997785693358,True,2.0,0.3333333333333333,282.172385842994
PatchTST-SSL(HoD-cond),Lamb_education_Williams,123,spike,1,subtle,3,169.72626497152717,True,2.0,0.3333333333333333,237.3323136831699
PatchTST-SSL(HoD-cond),Lamb_office_Caitlin,123,drift,2,moderate,120,262.52918539532453,True,57.0,0.016666666666666666,166.57282144311947
PatchTST-SSL(HoD-cond),Lamb_office_Caitlin,123,spike,3,obvious,3,568.3639822512657,True,1.0,0.6666666666666666,548.4441255801787
PatchTST-SSL(HoD-cond),Lamb_office_Caitlin,123,drift,1,subtle,288,704.4995026024479,True,0.0,0.11805555555555555,4131.693384436963
PatchTST-SSL(HoD-cond),Lamb_office_Caitlin,123,spike,1,subtle,5,313.85656167965396,True,2.0,0.6,298.24571482705926
PatchTST-SSL(HoD-cond),Lamb_office_Caitlin,123,spike,2,moderate,5,568.2456667214833,True,2.0,0.6,408.3279829052749
PatchTST-SSL(HoD-cond),Lamb_office_Caitlin,123,spike,2,moderate,3,305.0811978420506,False,,0.0,197.48949607246516
PatchTST-SSL(HoD-cond),Lamb_office_Velma,123,spike,2,moderate,4,579.3785831747393,True,2.0,0.5,969.0337122831756
PatchTST-SSL(HoD-cond),Lamb_office_Velma,123,drift,1,subtle,264,3600.407790458008,True,7.0,0.030303030303030304,12284.737686988105
PatchTST-SSL(HoD-cond),Lamb_office_Velma,123,schedule,3,obvious,72,529.7124723853377,False,,0.0,2770.1372832884695
PatchTST-SSL(HoD-cond),Lamb_office_Velma,123,schedule,3,obvious,168,905.7834583344495,False,,0.0,6184.274668136652
PatchTST-SSL(HoD-cond),Lamb_office_Velma,123,drift,2,moderate,264,11018.856200311362,True,79.0,0.04924242424242424,18031.6684429456
PatchTST-SSL(HoD-cond),Lamb_office_Velma,123,spike,1,subtle,1,203.31928736081287,True,0.0,1.0,278.6445012109655
PatchTST-SSL(HoD-cond),Rat_retail_Jeffrey,123,spike,1,subtle,5,297.07819054346146,False,,0.0,182.68949247973
PatchTST-SSL(HoD-cond),Rat_retail_Jeffrey,123,drift,2,moderate,288,8884.572843683076,True,166.0,0.1111111111111111,9202.499715215989
PatchTST-SSL(HoD-cond),Rat_retail_Jeffrey,123,drift,3,obvious,312,16042.159321483588,True,57.0,0.20833333333333334,15438.737102681633
PatchTST-SSL(HoD-cond),Rat_retail_Jeffrey,123,drift,3,obvious,288,13433.287503070473,True,60.0,0.2847222222222222,19485.503534846004
PatchTST-SSL(HoD-cond),Rat_retail_Jeffrey,123,spike,2,moderate,4,396.18797784816087,False,,0.0,424.0620367561769
PatchTST-SSL(HoD-cond),Rat_retail_Jeffrey,123,spike,1,subtle,2,149.27212647463435,False,,0.0,171.2012342651503
PatchTST-SSL(HoD-cond),Robin_education_Zenia,123,drift,3,obvious,240,23393.72141148178,True,39.0,0.32083333333333336,42209.37654112359
PatchTST-SSL(HoD-cond),Robin_education_Zenia,123,drift,2,moderate,216,11875.093738761898,True,21.0,0.32407407407407407,29054.13580743763
PatchTST-SSL(HoD-cond),Robin_education_Zenia,123,spike,2,moderate,3,222.03735529951837,True,1.0,0.6666666666666666,357.6241641656377
PatchTST-SSL(HoD-cond),Robin_education_Zenia,123,drift,1,subtle,288,9160.385486153853,True,255.0,0.020833333333333332,28244.293860581034
PatchTST-SSL(HoD-cond),Robin_education_Zenia,123,spike,2,moderate,5,431.4815913558175,False,,0.0,850.3291842233032
PatchTST-SSL(HoD-cond),Robin_education_Zenia,123,spike,1,subtle,3,167.63958684164422,False,,0.0,386.2413462890733
PatchTST-SSL(HoD-cond),Robin_office_Dina,123,spike,1,subtle,4,68.4746983087544,False,,0.0,62.00059642713191
PatchTST-SSL(HoD-cond),Robin_office_Dina,123,spike,2,moderate,1,57.843807887198196,False,,0.0,52.73424119720039
PatchTST-SSL(HoD-cond),Robin_office_Dina,123,spike,2,moderate,4,105.04301321096541,True,2.0,0.5,106.5144281205572
PatchTST-SSL(HoD-cond),Robin_office_Dina,123,drift,1,subtle,312,2636.196139427071,True,54.0,0.10256410256410256,3783.5445135913137
PatchTST-SSL(HoD-cond),Robin_office_Dina,123,drift,3,obvious,240,5380.373982455583,True,47.0,0.3375,6123.112806125678
PatchTST-SSL(HoD-cond),Robin_office_Dina,123,spike,2,moderate,5,151.9427563095937,True,2.0,0.6,149.61557776179706
PatchTST-SSL(HoD-cond),Robin_office_Sammie,123,schedule,2,moderate,168,483.8792634429125,False,,0.0,2146.841230288141
PatchTST-SSL(HoD-cond),Robin_office_Sammie,123,schedule,3,obvious,192,977.3897562849763,False,,0.0,2140.9552890546133
PatchTST-SSL(HoD-cond),Robin_office_Sammie,123,drift,1,subtle,264,2755.0334119244794,True,93.0,0.04924242424242424,1942.0326607315744
PatchTST-SSL(HoD-cond),Robin_office_Sammie,123,spike,3,obvious,4,364.36019766409277,True,1.0,0.75,563.4527791587903
PatchTST-SSL(HoD-cond),Robin_office_Sammie,123,schedule,3,obvious,168,2314.2865402050898,False,,0.0,2173.1142589962046
PatchTST-SSL(HoD-cond),Robin_office_Sammie,123,spike,3,obvious,5,474.4082509322585,True,2.0,0.6,604.1880910911602
PatchTST-SSL(HoD-cond),Shrew_office_Doris,123,drift,3,obvious,312,44891.62811435338,True,49.0,0.41025641025641024,50071.29960399313
PatchTST-SSL(HoD-cond),Shrew_office_Doris,123,spike,1,subtle,2,237.15238122664746,True,1.0,0.5,298.5633148318816
PatchTST-SSL(HoD-cond),Shrew_office_Doris,123,schedule,3,obvious,216,1297.1953433177616,False,,0.0,4849.678113843858
PatchTST-SSL(HoD-cond),Shrew_office_Doris,123,schedule,3,obvious,72,35.91670620662419,True,20.0,0.027777777777777776,2716.7101401406117
PatchTST-SSL(HoD-cond),Shrew_office_Doris,123,schedule,3,obvious,120,5.573837452122518,False,,0.0,4608.355691245243
PatchTST-SSL(HoD-cond),Shrew_office_Doris,123,spike,3,obvious,2,454.8096962841917,True,1.0,0.5,472.9395219370607
PatchTST-SSL(HoD-cond),Shrew_office_Ila,123,drift,2,moderate,240,12234.707321185711,True,28.0,0.36666666666666664,15273.431782474265
PatchTST-SSL(HoD-cond),Shrew_office_Ila,123,schedule,3,obvious,192,57.235751088076555,True,93.0,0.015625,4084.1038265252373
PatchTST-SSL(HoD-cond),Shrew_office_Ila,123,drift,1,subtle,240,3195.899958049458,True,142.0,0.04583333333333333,8786.577343637884
PatchTST-SSL(HoD-cond),Shrew_office_Ila,123,spike,2,moderate,3,354.27865606545697,True,1.0,0.6666666666666666,363.7957893146822
PatchTST-SSL(HoD-cond),Shrew_office_Ila,123,schedule,3,obvious,192,3.1847764428720353,False,,0.0,4394.714856039909
PatchTST-SSL(HoD-cond),Shrew_office_Ila,123,drift,3,obvious,240,22688.051141610937,True,26.0,0.5166666666666667,26705.538997725966
PatchTST-SSL(HoD-cond),Shrew_office_Kenneth,123,spike,3,obvious,2,131.11670586022714,True,1.0,0.5,120.18880124872835
PatchTST-SSL(HoD-cond),Shrew_office_Kenneth,123,spike,2,moderate,5,227.0242444596504,True,1.0,0.8,198.03986556914478
PatchTST-SSL(HoD-cond),Shrew_office_Kenneth,123,drift,3,obvious,240,5053.890885911685,True,13.0,0.14166666666666666,6373.486947887181
PatchTST-SSL(HoD-cond),Shrew_office_Kenneth,123,drift,3,obvious,264,5293.377061299316,True,63.0,0.015151515151515152,5246.618509917353
PatchTST-SSL(HoD-cond),Shrew_office_Kenneth,123,drift,2,moderate,264,2846.954348101387,True,76.0,0.11742424242424243,1426.1776381761144
PatchTST-SSL(HoD-cond),Shrew_office_Kenneth,123,spike,2,moderate,4,176.17399675860463,True,3.0,0.25,177.70585980325723
PatchTST-SSL(HoD-cond),Shrew_office_Nora,123,spike,1,subtle,3,363.7027421884706,True,1.0,0.6666666666666666,629.1150678041671
PatchTST-SSL(HoD-cond),Shrew_office_Nora,123,schedule,3,obvious,168,2229.075651298478,True,100.0,0.005952380952380952,5369.953283758283
PatchTST-SSL(HoD-cond),Shrew_office_Nora,123,spike,3,obvious,5,1307.2052737697059,True,2.0,0.6,1714.9888610241983
PatchTST-SSL(HoD-cond),Shrew_office_Nora,123,spike,2,moderate,5,1074.4165419552485,True,2.0,0.6,1109.665600339623
PatchTST-SSL(HoD-cond),Shrew_office_Nora,123,schedule,3,obvious,72,981.9580003229489,True,0.0,0.1527777777777778,2736.9459421575257
PatchTST-SSL(HoD-cond),Shrew_office_Nora,123,spike,1,subtle,2,299.98487883646453,True,1.0,0.5,303.5976466441781
PatchTST-SSL(HoD-cond),Shrew_office_Sherill,123,spike,3,obvious,4,1938.3662349644947,True,1.0,0.75,1873.82856332771
PatchTST-SSL(HoD-cond),Shrew_office_Sherill,123,schedule,3,obvious,168,1063.2674640853456,False,,0.0,8309.05999964877
PatchTST-SSL(HoD-cond),Shrew_office_Sherill,123,schedule,2,moderate,144,52.89200787198175,False,,0.0,3166.849127286675
PatchTST-SSL(HoD-cond),Shrew_office_Sherill,123,drift,3,obvious,168,20296.48426102668,True,4.0,0.2916666666666667,23327.17689392835
PatchTST-SSL(HoD-cond),Shrew_office_Sherill,123,spike,3,obvious,2,891.9483588151319,True,1.0,0.5,1108.7907667560253
PatchTST-SSL(HoD-cond),Shrew_office_Sherill,123,spike,1,subtle,3,597.9218152987612,True,2.0,0.3333333333333333,1033.7793462483342
PatchTST-SSL(HoD-cond),Wolf_office_Darleen,123,drift,2,moderate,312,5118.617371022473,True,109.0,0.08333333333333333,5352.09396507951
PatchTST-SSL(HoD-cond),Wolf_office_Darleen,123,drift,2,moderate,144,1122.0444420374765,True,98.0,0.0763888888888889,1985.9260205990413
PatchTST-SSL(HoD-cond),Wolf_office_Darleen,123,drift,3,obvious,216,4625.169208288764,True,30.0,0.22685185185185186,4805.534428125531
PatchTST-SSL(HoD-cond),Wolf_office_Darleen,123,spike,2,moderate,4,240.52539583615456,True,1.0,0.75,325.616789696007
PatchTST-SSL(HoD-cond),Wolf_office_Darleen,123,drift,1,subtle,168,722.2431690015353,True,42.0,0.011904761904761904,1569.3258541988469
PatchTST-SSL(HoD-cond),Wolf_office_Darleen,123,schedule,2,moderate,216,6.372364314854387,True,39.0,0.009259259259259259,1781.2098451723218
PatchTST-SSL(HoD-cond),Wolf_retail_Harriett,123,schedule,2,moderate,144,41.589040571361394,True,124.0,0.027777777777777776,2105.4364552857005
PatchTST-SSL(HoD-cond),Wolf_retail_Harriett,123,schedule,2,moderate,96,20.026795522465733,True,69.0,0.010416666666666666,1134.1338202389995
PatchTST-SSL(HoD-cond),Wolf_retail_Harriett,123,spike,2,moderate,5,304.5069252343177,True,2.0,0.6,485.3115299199247
PatchTST-SSL(HoD-cond),Wolf_retail_Harriett,123,spike,2,moderate,4,204.21169334656463,True,2.0,0.5,324.479022351203
PatchTST-SSL(HoD-cond),Wolf_retail_Harriett,123,drift,1,subtle,192,1245.6474215603403,False,,0.0,2983.784392198398
PatchTST-SSL(HoD-cond),Wolf_retail_Harriett,123,drift,3,obvious,264,7344.239049400337,True,136.0,0.11742424242424243,11575.971146303997
PatchTST-SSL(HoD-cond),Wolf_retail_Marcella,123,spike,1,subtle,2,13.916313168209674,True,0.0,1.0,27.55631704395757
PatchTST-SSL(HoD-cond),Wolf_retail_Marcella,123,drift,3,obvious,264,1145.6896641735011,True,69.0,0.05303030303030303,1643.2755990711125
PatchTST-SSL(HoD-cond),Wolf_retail_Marcella,123,drift,2,moderate,144,198.96519574007425,True,14.0,0.006944444444444444,256.1495508590606
PatchTST-SSL(HoD-cond),Wolf_retail_Marcella,123,spike,3,obvious,4,59.222953564174716,True,2.0,0.5,53.169179316011174
PatchTST-SSL(HoD-cond),Wolf_retail_Marcella,123,spike,1,subtle,1,14.837894350572272,True,0.0,1.0,14.482628945898375
PatchTST-SSL(HoD-cond),Wolf_retail_Marcella,123,spike,2,moderate,4,32.44073899726534,True,1.0,0.75,37.68278477460788
PatchTST-SSL(HoD-cond),Wolf_retail_Toshia,123,spike,1,subtle,4,303.6671023696364,True,2.0,0.5,298.72599398647077
PatchTST-SSL(HoD-cond),Wolf_retail_Toshia,123,spike,1,subtle,4,332.1122316161035,True,2.0,0.5,388.34640622518054
PatchTST-SSL(HoD-cond),Wolf_retail_Toshia,123,schedule,2,moderate,144,83.30849022986973,False,,0.0,2745.876305145153
PatchTST-SSL(HoD-cond),Wolf_retail_Toshia,123,spike,2,moderate,2,312.40678412779,True,1.0,0.5,279.9115125353289
PatchTST-SSL(HoD-cond),Wolf_retail_Toshia,123,spike,3,obvious,2,471.3347275443462,True,1.0,0.5,601.4032375091501
PatchTST-SSL(HoD-cond),Wolf_retail_Toshia,123,schedule,2,moderate,120,6.526262952639762,False,,0.0,2864.3470956823676
HOW-profile(HoD-cond),Fox_education_Henrietta,123,spike,3,obvious,3,107.28066628343188,False,,0.0,117.40066628343189
HOW-profile(HoD-cond),Fox_education_Henrietta,123,spike,1,subtle,2,38.79410978520845,True,1.0,0.5,43.28410978520846
HOW-profile(HoD-cond),Fox_education_Henrietta,123,drift,3,obvious,216,1933.886031900874,False,,0.0,1666.3722189118987
HOW-profile(HoD-cond),Fox_education_Henrietta,123,schedule,3,obvious,72,4.398242775736969,False,,0.0,32.673005780504994
HOW-profile(HoD-cond),Fox_education_Henrietta,123,spike,3,obvious,4,160.57591003856936,True,2.0,0.5,154.56091003856935
HOW-profile(HoD-cond),Fox_education_Henrietta,123,spike,2,moderate,3,69.44453542686097,True,1.0,0.6666666666666666,81.49453542686098
HOW-profile(HoD-cond),Fox_retail_Manie,123,schedule,3,obvious,96,227.11597207258032,True,81.0,0.010416666666666666,249.97171217209916
HOW-profile(HoD-cond),Fox_retail_Manie,123,drift,1,subtle,192,1233.548743144401,True,140.0,0.09895833333333333,2329.8711406031484
HOW-profile(HoD-cond),Fox_retail_Manie,123,spike,3,obvious,2,256.61536206414166,True,1.0,0.5,233.79036206414165
HOW-profile(HoD-cond),Fox_retail_Manie,123,drift,3,obvious,240,8289.663100225807,True,16.0,0.3333333333333333,8926.855031280938
HOW-profile(HoD-cond),Fox_retail_Manie,123,spike,3,obvious,2,237.32739808430793,True,1.0,0.5,235.30739808430792
HOW-profile(HoD-cond),Fox_retail_Manie,123,spike,1,subtle,2,99.0726521706526,False,,0.0,110.13765217065259
HOW-profile(HoD-cond),Hog_education_Bruno,123,drift,2,moderate,168,12811.470511399853,True,11.0,0.9166666666666666,13311.006043094494
HOW-profile(HoD-cond),Hog_education_Bruno,123,spike,2,moderate,1,275.8232577143261,True,0.0,1.0,272.03125771432616
HOW-profile(HoD-cond),Hog_education_Bruno,123,drift,2,moderate,240,23664.966243209576,True,211.0,0.020833333333333332,26035.141721986587
HOW-profile(HoD-cond),Hog_education_Bruno,123,drift,2,moderate,192,17388.559118296256,True,56.0,0.6354166666666666,17372.556010652872
HOW-profile(HoD-cond),Hog_education_Bruno,123,spike,2,moderate,2,208.75207993954868,True,0.0,1.0,282.4695799395487
HOW-profile(HoD-cond),Hog_education_Bruno,123,schedule,3,obvious,216,76.45355843684771,True,110.0,0.013888888888888888,191.98325489164927
HOW-profile(HoD-cond),Hog_education_Caridad,123,spike,1,subtle,2,2731.6933904597063,True,1.0,0.5,2594.533390459706
HOW-profile(HoD-cond),Hog_education_Caridad,123,drift,3,obvious,168,99252.01194407106,True,10.0,0.8690476190476191,88138.7417610684
HOW-profile(HoD-cond),Hog_education_Caridad,123,spike,1,subtle,3,3519.2878507706814,True,2.0,0.3333333333333333,3242.0938507706815
HOW-profile(HoD-cond),Hog_education_Caridad,123,spike,3,obvious,1,6794.154067709553,True,0.0,1.0,6349.536067709554
HOW-profile(HoD-cond),Hog_education_Caridad,123,drift,1,subtle,264,43165.13655367314,True,176.0,0.026515151515151516,11352.481204946918
HOW-profile(HoD-cond),Hog_education_Caridad,123,drift,3,obvious,144,73297.95555006973,True,67.0,0.3125,65279.227824018424
HOW-profile(HoD-cond),Hog_education_Josh,123,drift,3,obvious,144,7959.513378869462,False,,0.0,14291.445378869461
HOW-profile(HoD-cond),Hog_education_Josh,123,spike,2,moderate,4,611.0395308891121,True,2.0,0.5,802.7370308891122
HOW-profile(HoD-cond),Hog_education_Josh,123,spike,1,subtle,3,366.67162677451927,True,2.0,0.3333333333333333,533.1761267745192
HOW-profile(HoD-cond),Hog_education_Josh,123,drift,3,obvious,168,13020.370345217947,False,,0.0,16746.931776572314
HOW-profile(HoD-cond),Hog_education_Josh,123,drift,1,subtle,192,4363.562263827134,False,,0.0,6152.038079183734
HOW-profile(HoD-cond),Hog_education_Josh,123,spike,1,subtle,2,238.78457205940967,True,1.0,0.5,366.2455720594097
HOW-profile(HoD-cond),Hog_education_Luvenia,123,spike,1,subtle,3,455.8344024507873,False,,0.0,498.33740245078735
HOW-profile(HoD-cond),Hog_education_Luvenia,123,drift,2,moderate,264,54929.1258237537,True,8.0,0.7878787878787878,62825.31632375369
HOW-profile(HoD-cond),Hog_education_Luvenia,123,spike,1,subtle,4,439.39032680624484,True,2.0,0.5,551.6223268062447
HOW-profile(HoD-cond),Hog_education_Luvenia,123,spike,3,obvious,1,715.5647282123108,True,0.0,1.0,729.5607282123109
HOW-profile(HoD-cond),Hog_education_Luvenia,123,drift,3,obvious,240,72870.03993593014,True,121.0,0.15833333333333333,78232.10136132932
HOW-profile(HoD-cond),Hog_education_Luvenia,123,schedule,3,obvious,72,2322.155392898221,False,,0.0,765.8771117112583
HOW-profile(HoD-cond),Hog_office_Almeda,123,schedule,2,moderate,72,28.67787876675679,True,38.0,0.027777777777777776,1249.563594275312
HOW-profile(HoD-cond),Hog_office_Almeda,123,schedule,2,moderate,216,70.12106487566511,True,3.0,0.11574074074074074,2658.0941577235553
HOW-profile(HoD-cond),Hog_office_Almeda,123,drift,3,obvious,312,15353.001099313558,True,0.0,0.4519230769230769,15636.282221325631
HOW-profile(HoD-cond),Hog_office_Almeda,123,drift,1,subtle,144,526.8887717240907,True,33.0,0.1875,2172.4324163165693
HOW-profile(HoD-cond),Hog_office_Almeda,123,spike,1,subtle,3,139.24990344202638,True,1.0,0.6666666666666666,198.70790344202635
HOW-profile(HoD-cond),Hog_office_Almeda,123,spike,1,subtle,1,82.28338102216038,True,0.0,1.0,103.8903810221604
HOW-profile(HoD-cond),Hog_office_Cortney,123,schedule,3,obvious,192,675.659755778285,False,,0.0,346.1169973036367
HOW-profile(HoD-cond),Hog_office_Cortney,123,spike,2,moderate,3,365.9656243934651,True,1.0,0.6666666666666666,368.6246243934651
HOW-profile(HoD-cond),Hog_office_Cortney,123,drift,3,obvious,264,9154.375686841197,True,10.0,0.3977272727272727,9878.85999892588
HOW-profile(HoD-cond),Hog_office_Cortney,123,spike,3,obvious,5,863.5552763422403,True,1.0,0.8,839.6132763422403
HOW-profile(HoD-cond),Hog_office_Cortney,123,drift,3,obvious,144,2657.890143930311,True,51.0,0.3888888888888889,2351.0957226799114
HOW-profile(HoD-cond),Hog_office_Cortney,123,spike,3,obvious,1,434.0589581084138,True,0.0,1.0,452.3859581084138
HOW-profile(HoD-cond),Hog_office_Denita,123,spike,2,moderate,2,148.04479456749272,True,1.0,0.5,155.22779456749268
HOW-profile(HoD-cond),Hog_office_Denita,123,schedule,2,moderate,192,80.75676933641031,True,123.0,0.010416666666666666,595.9918184464957
HOW-profile(HoD-cond),Hog_office_Denita,123,drift,3,obvious,144,2706.766864515737,True,88.0,0.11805555555555555,709.3160944179103
HOW-profile(HoD-cond),Hog_office_Denita,123,drift,2,moderate,168,2084.49776224874,True,90.0,0.13690476190476192,1777.6714949331827
HOW-profile(HoD-cond),Hog_office_Denita,123,schedule,2,moderate,144,168.49448279533027,True,33.0,0.013888888888888888,431.1137824509068
HOW-profile(HoD-cond),Hog_office_Denita,123,spike,3,obvious,2,281.2051967311053,True,1.0,0.5,284.9156967311053
HOW-profile(HoD-cond),Hog_office_Garrett,123,spike,1,subtle,2,800.6226854998857,True,1.0,0.5,784.5976854998858
HOW-profile(HoD-cond),Hog_office_Garrett,123,drift,1,subtle,216,9195.820381574535,True,98.0,0.11574074074074074,8984.096659668896
HOW-profile(HoD-cond),Hog_office_Garrett,123,schedule,3,obvious,96,2092.359428346967,True,14.0,0.20833333333333334,2527.8405065846723
HOW-profile(HoD-cond),Hog_office_Garrett,123,drift,1,subtle,144,3323.6156797907715,True,9.0,0.16666666666666666,2863.110881815861
HOW-profile(HoD-cond),Hog_office_Garrett,123,drift,3,obvious,264,67734.00437875827,True,5.0,0.4659090909090909,63618.84772346698
HOW-profile(HoD-cond),Hog_office_Garrett,123,spike,3,obvious,5,4328.092876349334,True,1.0,0.8,4109.166876349334
HOW-profile(HoD-cond),Hog_office_Lavon,123,spike,1,subtle,3,2374.6235557297014,True,1.0,0.6666666666666666,2508.3925557297016
HOW-profile(HoD-cond),Hog_office_Lavon,123,spike,2,moderate,3,3794.3724276334815,True,1.0,0.6666666666666666,4558.948427633481
HOW-profile(HoD-cond),Hog_office_Lavon,123,drift,2,moderate,312,2773.0338335095603,False,,0.0,989.2809172899811
HOW-profile(HoD-cond),Hog_office_Lavon,123,spike,3,obvious,2,4451.899146126511,True,1.0,0.5,5088.704146126512
HOW-profile(HoD-cond),Hog_office_Lavon,123,spike,1,subtle,5,4225.881840189359,True,3.0,0.4,5875.121840189359
HOW-profile(HoD-cond),Hog_office_Lavon,123,spike,3,obvious,3,4991.004728707769,True,1.0,0.6666666666666666,5779.613728707769
HOW-profile(HoD-cond),Hog_office_Merilyn,123,spike,3,obvious,2,74.71065509872955,True,1.0,0.5,66.37865509872954
HOW-profile(HoD-cond),Hog_office_Merilyn,123,spike,3,obvious,4,132.05847552916484,True,2.0,0.5,143.81697552916484
HOW-profile(HoD-cond),Hog_office_Merilyn,123,drift,3,obvious,120,1252.3499195421773,True,105.0,0.016666666666666666,542.207932716682
HOW-profile(HoD-cond),Hog_office_Merilyn,123,schedule,2,moderate,216,354.74336074839505,True,141.0,0.004629629629629629,0.0
HOW-profile(HoD-cond),Hog_office_Merilyn,123,drift,3,obvious,168,2663.5823665894623,True,60.0,0.24404761904761904,3390.6548665894625
HOW-profile(HoD-cond),Hog_office_Merilyn,123,schedule,3,obvious,72,44.434143945171144,False,,0.0,135.86399999999998
HOW-profile(HoD-cond),Hog_office_Miriam,123,spike,2,moderate,2,39.14258735448324,True,1.0,0.5,42.24258735448324
HOW-profile(HoD-cond),Hog_office_Miriam,123,drift,1,subtle,120,230.44604934093218,False,,0.0,69.94504913082415
HOW-profile(HoD-cond),Hog_office_Miriam,123,spike,2,moderate,1,35.66467994768293,True,0.0,1.0,35.680679947682926
HOW-profile(HoD-cond),Hog_office_Miriam,123,drift,1,subtle,312,965.6784438539437,True,35.0,0.041666666666666664,805.1048886664557
HOW-profile(HoD-cond),Hog_office_Miriam,123,spike,1,subtle,3,34.72750862214191,True,0.0,1.0,38.10950862214192
HOW-profile(HoD-cond),Hog_office_Miriam,123,schedule,2,moderate,168,64.25366120822854,False,,0.0,180.6494667828745
HOW-profile(HoD-cond),Hog_office_Napoleon,123,drift,3,obvious,240,20740.01444147993,True,140.0,0.075,21200.781518230175
HOW-profile(HoD-cond),Hog_office_Napoleon,123,drift,2,moderate,312,18377.3115541578,True,29.0,0.34294871794871795,16380.354167854075
HOW-profile(HoD-cond),Hog_office_Napoleon,123,schedule,3,obvious,144,869.4953581851735,True,93.0,0.006944444444444444,1406.3964533006433
HOW-profile(HoD-cond),Hog_office_Napoleon,123,schedule,3,obvious,96,837.4576324321979,True,3.0,0.041666666666666664,907.7593059457581
HOW-profile(HoD-cond),Hog_office_Napoleon,123,spike,3,obvious,4,585.2791629388853,True,2.0,0.5,529.2446629388853
HOW-profile(HoD-cond),Hog_office_Napoleon,123,spike,3,obvious,3,439.4070634100892,True,2.0,0.3333333333333333,471.25006341008935
HOW-profile(HoD-cond),Hog_office_Shawna,123,schedule,2,moderate,72,1034.6068860201226,False,,0.0,1181.2726824359506
HOW-profile(HoD-cond),Hog_office_Shawna,123,schedule,3,obvious,96,3263.734547318278,True,8.0,0.3333333333333333,4395.377547318279
HOW-profile(HoD-cond),Hog_office_Shawna,123,spike,2,moderate,4,850.4716576235535,True,1.0,0.75,814.4596576235537
HOW-profile(HoD-cond),Hog_office_Shawna,123,spike,1,subtle,5,655.9893883147479,True,3.0,0.2,820.5583883147478
HOW-profile(HoD-cond),Hog_office_Shawna,123,spike,1,subtle,3,316.8977482297006,True,2.0,0.3333333333333333,261.9167482297006
HOW-profile(HoD-cond),Hog_office_Shawna,123,drift,2,moderate,312,23154.84143521574,True,4.0,0.24358974358974358,28986.163140647306
HOW-profile(HoD-cond),Hog_office_Shawnna,123,spike,2,moderate,5,2371.412146578059,True,2.0,0.6,1630.2121356120388
HOW-profile(HoD-cond),Hog_office_Shawnna,123,drift,1,subtle,144,4751.4831722333965,True,4.0,0.11805555555555555,1837.0919918754546
HOW-profile(HoD-cond),Hog_office_Shawnna,123,schedule,2,moderate,216,653.0373692162267,True,1.0,0.06481481481481481,934.1069406027932
HOW-profile(HoD-cond),Hog_office_Shawnna,123,schedule,3,obvious,144,8044.543420406057,True,13.0,0.2986111111111111,5831.568269078622
HOW-profile(HoD-cond),Hog_office_Shawnna,123,spike,3,obvious,2,1558.1165318333533,True,1.0,0.5,1563.2045318333535
HOW-profile(HoD-cond),Hog_office_Shawnna,123,spike,1,subtle,5,1317.6350904115675,True,2.0,0.6,926.9420790019644
HOW-profile(HoD-cond),Hog_office_Sherrie,123,drift,1,subtle,312,1502.6883443003737,True,76.0,0.12179487179487179,2023.5007047650697
HOW-profile(HoD-cond),Hog_office_Sherrie,123,drift,3,obvious,168,2843.888229420063,True,33.0,0.7142857142857143,3334.781894102458
HOW-profile(HoD-cond),Hog_office_Sherrie,123,spike,3,obvious,3,291.8020352741702,True,1.0,0.6666666666666666,263.5600352741702
HOW-profile(HoD-cond),Hog_office_Sherrie,123,spike,2,moderate,5,282.5523283669032,True,2.0,0.6,266.82682836690327
HOW-profile(HoD-cond),Hog_office_Sherrie,123,drift,2,moderate,144,1240.5414345171785,False,,0.0,1353.352745541923
HOW-profile(HoD-cond),Hog_office_Sherrie,123,spike,2,moderate,1,135.38450679958814,True,0.0,1.0,134.73150679958815
HOW-profile(HoD-cond),Hog_office_Shon,123,drift,3,obvious,120,2948.463897397897,True,66.0,0.15833333333333333,3244.1439284193143
HOW-profile(HoD-cond),Hog_office_Shon,123,spike,2,moderate,4,269.0109492648661,True,1.0,0.75,236.91294926486614
HOW-profile(HoD-cond),Hog_office_Shon,123,drift,2,moderate,120,1947.8557803483086,True,54.0,0.08333333333333333,2891.6140123636524
HOW-profile(HoD-cond),Hog_office_Shon,123,drift,3,obvious,216,11247.793831062876,True,87.0,0.17592592592592593,13370.640412030847
HOW-profile(HoD-cond),Hog_office_Shon,123,drift,2,moderate,264,7232.998301440217,True,176.0,0.07954545454545454,7965.224270700578
HOW-profile(HoD-cond),Hog_office_Shon,123,spike,3,obvious,2,191.61788634989614,True,1.0,0.5,182.93888634989614
HOW-profile(HoD-cond),Hog_office_Sydney,123,spike,2,moderate,2,153.76692493643083,True,1.0,0.5,149.6424249364308
HOW-profile(HoD-cond),Hog_office_Sydney,123,schedule,3,obvious,72,727.3023863134501,True,14.0,0.2638888888888889,479.63963017383037
HOW-profile(HoD-cond),Hog_office_Sydney,123,spike,2,moderate,3,205.02813478194554,True,1.0,0.6666666666666666,185.48013478194554
HOW-profile(HoD-cond),Hog_office_Sydney,123,drift,1,subtle,264,5315.767404450148,True,101.0,0.041666666666666664,1994.4629032788105
HOW-profile(HoD-cond),Hog_office_Sydney,123,schedule,3,obvious,144,956.7663238616351,False,,0.0,697.9147421069181
HOW-profile(HoD-cond),Hog_office_Sydney,123,drift,2,moderate,168,6145.092488138226,True,18.0,0.36904761904761907,5357.419556376299
HOW-profile(HoD-cond),Hog_office_Valda,123,spike,2,moderate,3,147.18737605936093,True,1.0,0.6666666666666666,148.34537605936092
HOW-profile(HoD-cond),Hog_office_Valda,123,spike,2,moderate,1,78.9182213779984,True,0.0,1.0,71.5692213779984
HOW-profile(HoD-cond),Hog_office_Valda,123,schedule,3,obvious,96,39.10848908515853,True,0.0,0.13541666666666666,507.8654899583459
HOW-profile(HoD-cond),Hog_office_Valda,123,spike,2,moderate,5,192.79737053892276,True,0.0,1.0,218.58637053892278
HOW-profile(HoD-cond),Hog_office_Valda,123,spike,1,subtle,4,86.50562247331051,True,2.0,0.5,74.50512247331051
HOW-profile(HoD-cond),Hog_office_Valda,123,spike,2,moderate,3,115.39396740012796,True,1.0,0.6666666666666666,110.32196740012796
HOW-profile(HoD-cond),Lamb_education_Armando,123,schedule,2,moderate,72,203.13693771528114,False,,0.0,691.5157052825618
HOW-profile(HoD-cond),Lamb_education_Armando,123,schedule,1,subtle,168,87.28334918811282,True,97.0,0.005952380952380952,1759.45
HOW-profile(HoD-cond),Lamb_education_Armando,123,spike,3,obvious,1,377.12178654530476,True,0.0,1.0,379.62178654530476
HOW-profile(HoD-cond),Lamb_education_Armando,123,drift,3,obvious,312,7857.0451735646675,True,43.0,0.34935897435897434,7057.824897965821
HOW-profile(HoD-cond),Lamb_education_Armando,123,spike,2,moderate,3,386.59756392503573,True,1.0,0.6666666666666666,388.49756392503576
HOW-profile(HoD-cond),Lamb_education_Armando,123,spike,2,moderate,4,413.23074896014316,True,1.0,0.75,538.0307489601431
HOW-profile(HoD-cond),Lamb_education_Eula,123,spike,3,obvious,4,26.294354402095188,True,1.0,0.75,26.89435440209519
HOW-profile(HoD-cond),Lamb_education_Eula,123,spike,1,subtle,1,5.799574332677247,True,0.0,1.0,5.849574332677247
HOW-profile(HoD-cond),Lamb_education_Eula,123,spike,3,obvious,5,34.334959750450494,True,0.0,1.0,43.13495975045049
HOW-profile(HoD-cond),Lamb_education_Eula,123,spike,1,subtle,2,7.181574523397411,True,1.0,0.5,10.881574523397411
HOW-profile(HoD-cond),Lamb_education_Eula,123,spike,1,subtle,1,6.59423254631242,True,0.0,1.0,6.29423254631242
HOW-profile(HoD-cond),Lamb_education_Eula,123,spike,3,obvious,1,15.329047213601562,True,0.0,1.0,15.029047213601563
HOW-profile(HoD-cond),Lamb_education_Lazaro,123,spike,2,moderate,5,374.47784520017035,True,4.0,0.2,550.8778452001703
HOW-profile(HoD-cond),Lamb_education_Lazaro,123,drift,1,subtle,216,401.29286658232274,False,,0.0,63.81826164004757
HOW-profile(HoD-cond),Lamb_education_Lazaro,123,spike,2,moderate,3,201.78794729269748,True,1.0,0.6666666666666666,216.53794729269748
HOW-profile(HoD-cond),Lamb_education_Lazaro,123,drift,3,obvious,192,1592.6761325556072,True,115.0,0.16666666666666666,4258.076132555608
HOW-profile(HoD-cond),Lamb_education_Lazaro,123,spike,3,obvious,2,231.02367481296838,True,1.0,0.5,216.71997481296842
HOW-profile(HoD-cond),Lamb_education_Lazaro,123,drift,1,subtle,168,241.48661946843598,True,49.0,0.005952380952380952,0.0
HOW-profile(HoD-cond),Lamb_education_Lucas,123,schedule,3,obvious,168,76.518357105516,True,28.0,0.041666666666666664,267.3626569900033
HOW-profile(HoD-cond),Lamb_education_Lucas,123,spike,3,obvious,1,54.16916519743869,True,0.0,1.0,54.18016519743869
HOW-profile(HoD-cond),Lamb_education_Lucas,123,schedule,3,obvious,72,5.869035981446744,False,,0.0,106.36980222999023
HOW-profile(HoD-cond),Lamb_education_Lucas,123,spike,2,moderate,5,83.64456360822592,True,1.0,0.8,113.88156360822592
HOW-profile(HoD-cond),Lamb_education_Lucas,123,spike,1,subtle,1,21.503552764624672,True,0.0,1.0,21.31305276462467
HOW-profile(HoD-cond),Lamb_education_Lucas,123,drift,2,moderate,168,225.2261936276376,True,0.0,0.20833333333333334,431.3940397325105
HOW-profile(HoD-cond),Lamb_education_Mae,123,drift,1,subtle,288,2090.9792705675427,True,6.0,0.09722222222222222,2431.1052754472994
HOW-profile(HoD-cond),Lamb_education_Mae,123,drift,3,obvious,168,3878.3792791977203,True,10.0,0.34523809523809523,7085.687479197721
HOW-profile(HoD-cond),Lamb_education_Mae,123,drift,2,moderate,192,3616.5649037878884,True,147.0,0.026041666666666668,1289.7101905756745
HOW-profile(HoD-cond),Lamb_education_Mae,123,spike,1,subtle,2,168.00759362156072,True,1.0,0.5,227.4729936215607
HOW-profile(HoD-cond),Lamb_education_Mae,123,schedule,3,obvious,144,5.109533279254961,True,134.0,0.020833333333333332,3106.9451555195037
HOW-profile(HoD-cond),Lamb_education_Mae,123,spike,2,moderate,4,497.76086737073166,True,1.0,0.75,494.56086737073167
HOW-profile(HoD-cond),Lamb_education_Williams,123,spike,3,obvious,3,424.58042233121216,True,1.0,0.6666666666666666,425.2804223312121
HOW-profile(HoD-cond),Lamb_education_Williams,123,spike,1,subtle,3,170.23417353918882,True,1.0,0.6666666666666666,166.8841735391888
HOW-profile(HoD-cond),Lamb_education_Williams,123,schedule,2,moderate,192,51.864066737421766,True,37.0,0.140625,1805.7290984160677
HOW-profile(HoD-cond),Lamb_education_Williams,123,spike,3,obvious,2,312.0306486506167,True,1.0,0.5,310.18064865061666
HOW-profile(HoD-cond),Lamb_education_Williams,123,spike,2,moderate,3,345.7997785693358,True,1.0,0.6666666666666666,209.49977856933575
HOW-profile(HoD-cond),Lamb_education_Williams,123,spike,1,subtle,3,169.72626497152717,True,1.0,0.6666666666666666,175.82626497152714
HOW-profile(HoD-cond),Lamb_office_Caitlin,123,drift,2,moderate,120,262.52918539532453,False,,0.0,0.0
HOW-profile(HoD-cond),Lamb_office_Caitlin,123,spike,3,obvious,3,568.3639822512657,True,1.0,0.6666666666666666,541.9639822512657
HOW-profile(HoD-cond),Lamb_office_Caitlin,123,drift,1,subtle,288,704.4995026024479,True,2.0,0.11458333333333333,4148.783994736099
HOW-profile(HoD-cond),Lamb_office_Caitlin,123,spike,1,subtle,5,313.85656167965396,True,2.0,0.6,245.73912019775923
HOW-profile(HoD-cond),Lamb_office_Caitlin,123,spike,2,moderate,5,568.2456667214833,True,3.0,0.4,267.3025041874716
HOW-profile(HoD-cond),Lamb_office_Caitlin,123,spike,2,moderate,3,305.0811978420506,False,,0.0,299.68119784205055
HOW-profile(HoD-cond),Lamb_office_Velma,123,spike,2,moderate,4,579.3785831747393,True,2.0,0.5,827.8785831747393
HOW-profile(HoD-cond),Lamb_office_Velma,123,drift,1,subtle,264,3600.407790458008,True,5.0,0.1893939393939394,6827.037870684793
HOW-profile(HoD-cond),Lamb_office_Velma,123,schedule,3,obvious,72,529.7124723853377,False,,0.0,1186.1194178525475
HOW-profile(HoD-cond),Lamb_office_Velma,123,schedule,3,obvious,168,905.7834583344495,True,23.0,0.023809523809523808,2191.638027535125
HOW-profile(HoD-cond),Lamb_office_Velma,123,drift,2,moderate,264,11018.856200311362,True,61.0,0.2537878787878788,13939.946805443715
HOW-profile(HoD-cond),Lamb_office_Velma,123,spike,1,subtle,1,203.31928736081287,True,0.0,1.0,229.76928736081285
HOW-profile(HoD-cond),Rat_retail_Jeffrey,123,spike,1,subtle,5,297.07819054346146,False,,0.0,255.9681905434615
HOW-profile(HoD-cond),Rat_retail_Jeffrey,123,drift,2,moderate,288,8884.572843683076,True,69.0,0.1909722222222222,9939.87949378119
HOW-profile(HoD-cond),Rat_retail_Jeffrey,123,drift,3,obvious,312,16042.159321483588,True,10.0,0.24358974358974358,16604.800327156856
HOW-profile(HoD-cond),Rat_retail_Jeffrey,123,drift,3,obvious,288,13433.287503070473,True,34.0,0.4861111111111111,20164.738828194448
HOW-profile(HoD-cond),Rat_retail_Jeffrey,123,spike,2,moderate,4,396.18797784816087,False,,0.0,572.3079778481608
HOW-profile(HoD-cond),Rat_retail_Jeffrey,123,spike,1,subtle,2,149.27212647463435,False,,0.0,199.83212647463435
HOW-profile(HoD-cond),Robin_education_Zenia,123,drift,3,obvious,240,23393.72141148178,True,13.0,0.325,40664.80356148178
HOW-profile(HoD-cond),Robin_education_Zenia,123,drift,2,moderate,216,11875.093738761898,True,18.0,0.2824074074074074,27955.7099887619
HOW-profile(HoD-cond),Robin_education_Zenia,123,spike,2,moderate,3,222.03735529951837,True,1.0,0.6666666666666666,375.18735529951834
HOW-profile(HoD-cond),Robin_education_Zenia,123,drift,1,subtle,288,9160.385486153853,True,182.0,0.017361111111111112,26255.105686153853
HOW-profile(HoD-cond),Robin_education_Zenia,123,spike,2,moderate,5,431.4815913558175,False,,0.0,848.9873913558175
HOW-profile(HoD-cond),Robin_education_Zenia,123,spike,1,subtle,3,167.63958684164422,False,,0.0,355.0953868416442
HOW-profile(HoD-cond),Robin_office_Dina,123,spike,1,subtle,4,68.4746983087544,False,,0.0,90.7030983087544
HOW-profile(HoD-cond),Robin_office_Dina,123,spike,2,moderate,1,57.843807887198196,False,,0.0,47.843807887198196
HOW-profile(HoD-cond),Robin_office_Dina,123,spike,2,moderate,4,105.04301321096541,True,2.0,0.5,104.54301321096541
HOW-profile(HoD-cond),Robin_office_Dina,123,drift,1,subtle,312,2636.196139427071,True,54.0,0.1794871794871795,3124.8700422898883
HOW-profile(HoD-cond),Robin_office_Dina,123,drift,3,obvious,240,5380.373982455583,True,23.0,0.4708333333333333,5941.528332455582
HOW-profile(HoD-cond),Robin_office_Dina,123,spike,2,moderate,5,151.9427563095937,True,2.0,0.6,154.1927563095937
HOW-profile(HoD-cond),Robin_office_Sammie,123,schedule,2,moderate,168,483.8792634429125,True,89.0,0.02976190476190476,1031.0061605738188
HOW-profile(HoD-cond),Robin_office_Sammie,123,schedule,3,obvious,192,977.3897562849763,False,,0.0,1212.2838139929754
HOW-profile(HoD-cond),Robin_office_Sammie,123,drift,1,subtle,264,2755.0334119244794,True,96.0,0.06060606060606061,579.1946776337188
HOW-profile(HoD-cond),Robin_office_Sammie,123,spike,3,obvious,4,364.36019766409277,True,1.0,0.75,467.01019766409274
HOW-profile(HoD-cond),Robin_office_Sammie,123,schedule,3,obvious,168,2314.2865402050898,False,,0.0,1070.173444473086
HOW-profile(HoD-cond),Robin_office_Sammie,123,spike,3,obvious,5,474.4082509322585,True,2.0,0.6,505.44245093225845
HOW-profile(HoD-cond),Shrew_office_Doris,123,drift,3,obvious,312,44891.62811435338,True,36.0,0.5256410256410257,44937.198093784
HOW-profile(HoD-cond),Shrew_office_Doris,123,spike,1,subtle,2,237.15238122664746,True,1.0,0.5,224.75238122664743
HOW-profile(HoD-cond),Shrew_office_Doris,123,schedule,3,obvious,216,1297.1953433177616,False,,0.0,1309.7791705416353
HOW-profile(HoD-cond),Shrew_office_Doris,123,schedule,3,obvious,72,35.91670620662419,True,9.0,0.08333333333333333,722.0723877306593
HOW-profile(HoD-cond),Shrew_office_Doris,123,schedule,3,obvious,120,5.573837452122518,True,32.0,0.025,2241.6738374521224
HOW-profile(HoD-cond),Shrew_office_Doris,123,spike,3,obvious,2,454.8096962841917,True,1.0,0.5,468.6596962841917
HOW-profile(HoD-cond),Shrew_office_Ila,123,drift,2,moderate,240,12234.707321185711,True,28.0,0.49166666666666664,12476.807321185712
HOW-profile(HoD-cond),Shrew_office_Ila,123,schedule,3,obvious,192,57.235751088076555,False,,0.0,794.7708548013782
HOW-profile(HoD-cond),Shrew_office_Ila,123,drift,1,subtle,240,3195.899958049458,True,57.0,0.22916666666666666,7070.299958049458
HOW-profile(HoD-cond),Shrew_office_Ila,123,spike,2,moderate,3,354.27865606545697,True,1.0,0.6666666666666666,396.228656065457
HOW-profile(HoD-cond),Shrew_office_Ila,123,schedule,3,obvious,192,3.1847764428720353,False,,0.0,3233.3347764428718
HOW-profile(HoD-cond),Shrew_office_Ila,123,drift,3,obvious,240,22688.051141610937,True,22.0,0.7875,24080.95114161094
HOW-profile(HoD-cond),Shrew_office_Kenneth,123,spike,3,obvious,2,131.11670586022714,True,1.0,0.5,127.71670586022714
HOW-profile(HoD-cond),Shrew_office_Kenneth,123,spike,2,moderate,5,227.0242444596504,True,2.0,0.6,164.4212258956391
HOW-profile(HoD-cond),Shrew_office_Kenneth,123,drift,3,obvious,240,5053.890885911685,True,58.0,0.25,6238.140885911685
HOW-profile(HoD-cond),Shrew_office_Kenneth,123,drift,3,obvious,264,5293.377061299316,True,63.0,0.3333333333333333,5147.923441879122
HOW-profile(HoD-cond),Shrew_office_Kenneth,123,drift,2,moderate,264,2846.954348101387,True,44.0,0.4393939393939394,1079.6329688518706
HOW-profile(HoD-cond),Shrew_office_Kenneth,123,spike,2,moderate,4,176.17399675860463,True,2.0,0.5,194.77399675860465
HOW-profile(HoD-cond),Shrew_office_Nora,123,spike,1,subtle,3,363.7027421884706,True,1.0,0.6666666666666666,349.10274218847064
HOW-profile(HoD-cond),Shrew_office_Nora,123,schedule,3,obvious,168,2229.075651298478,True,0.0,0.35714285714285715,2317.8334222819167
HOW-profile(HoD-cond),Shrew_office_Nora,123,spike,3,obvious,5,1307.2052737697059,True,1.0,0.8,1329.005273769706
HOW-profile(HoD-cond),Shrew_office_Nora,123,spike,2,moderate,5,1074.4165419552485,True,1.0,0.8,1061.9665419552484
HOW-profile(HoD-cond),Shrew_office_Nora,123,schedule,3,obvious,72,981.9580003229489,True,0.0,0.4861111111111111,1347.7364276650956
HOW-profile(HoD-cond),Shrew_office_Nora,123,spike,1,subtle,2,299.98487883646453,True,1.0,0.5,282.3848788364645
HOW-profile(HoD-cond),Shrew_office_Sherill,123,spike,3,obvious,4,1938.3662349644947,True,1.0,0.75,1924.6162349644944
HOW-profile(HoD-cond),Shrew_office_Sherill,123,schedule,3,obvious,168,1063.2674640853456,True,9.0,0.08928571428571429,2092.788640478903
HOW-profile(HoD-cond),Shrew_office_Sherill,123,schedule,2,moderate,144,52.89200787198175,False,,0.0,100.55000000000001
HOW-profile(HoD-cond),Shrew_office_Sherill,123,drift,3,obvious,168,20296.48426102668,True,30.0,0.7857142857142857,21276.881433544826
HOW-profile(HoD-cond),Shrew_office_Sherill,123,spike,3,obvious,2,891.9483588151319,True,1.0,0.5,887.9483588151321
HOW-profile(HoD-cond),Shrew_office_Sherill,123,spike,1,subtle,3,597.9218152987612,True,1.0,0.6666666666666666,676.4218152987612
HOW-profile(HoD-cond),Wolf_office_Darleen,123,drift,2,moderate,312,5118.617371022473,True,89.0,0.2724358974358974,3947.9166682452333
HOW-profile(HoD-cond),Wolf_office_Darleen,123,drift,2,moderate,144,1122.0444420374765,True,90.0,0.18055555555555555,1567.7231180739277
HOW-profile(HoD-cond),Wolf_office_Darleen,123,drift,3,obvious,216,4625.169208288764,True,57.0,0.37962962962962965,4342.961659204142
HOW-profile(HoD-cond),Wolf_office_Darleen,123,spike,2,moderate,4,240.52539583615456,True,1.0,0.75,256.52539583615453
HOW-profile(HoD-cond),Wolf_office_Darleen,123,drift,1,subtle,168,722.2431690015353,True,0.0,0.25595238095238093,1079.895915492705
HOW-profile(HoD-cond),Wolf_office_Darleen,123,schedule,2,moderate,216,6.372364314854387,True,214.0,0.009259259259259259,204.6241214382848
HOW-profile(HoD-cond),Wolf_retail_Harriett,123,schedule,2,moderate,144,41.589040571361394,True,35.0,0.020833333333333332,1067.713152412676
HOW-profile(HoD-cond),Wolf_retail_Harriett,123,schedule,2,moderate,96,20.026795522465733,False,,0.0,763.3515858373044
HOW-profile(HoD-cond),Wolf_retail_Harriett,123,spike,2,moderate,5,304.5069252343177,True,2.0,0.6,426.28942523431766
HOW-profile(HoD-cond),Wolf_retail_Harriett,123,spike,2,moderate,4,204.21169334656463,True,2.0,0.5,256.19919334656464
HOW-profile(HoD-cond),Wolf_retail_Harriett,123,drift,1,subtle,192,1245.6474215603403,False,,0.0,2470.512861125024
HOW-profile(HoD-cond),Wolf_retail_Harriett,123,drift,3,obvious,264,7344.239049400337,True,2.0,0.30303030303030304,10805.26891437931
HOW-profile(HoD-cond),Wolf_retail_Marcella,123,spike,1,subtle,2,13.916313168209674,True,0.0,1.0,26.321313168209674
HOW-profile(HoD-cond),Wolf_retail_Marcella,123,drift,3,obvious,264,1145.6896641735011,True,24.0,0.24621212121212122,1610.1162605147892
HOW-profile(HoD-cond),Wolf_retail_Marcella,123,drift,2,moderate,144,198.96519574007425,True,14.0,0.006944444444444444,192.60136325806135
HOW-profile(HoD-cond),Wolf_retail_Marcella,123,spike,3,obvious,4,59.222953564174716,True,2.0,0.5,60.80920356417471
HOW-profile(HoD-cond),Wolf_retail_Marcella,123,spike,1,subtle,1,14.837894350572272,True,0.0,1.0,13.635394350572271
HOW-profile(HoD-cond),Wolf_retail_Marcella,123,spike,2,moderate,4,32.44073899726534,True,1.0,0.75,33.81823899726534
HOW-profile(HoD-cond),Wolf_retail_Toshia,123,spike,1,subtle,4,303.6671023696364,True,1.0,0.75,296.0296023696364
HOW-profile(HoD-cond),Wolf_retail_Toshia,123,spike,1,subtle,4,332.1122316161035,True,2.0,0.5,332.0822316161035
HOW-profile(HoD-cond),Wolf_retail_Toshia,123,schedule,2,moderate,144,83.30849022986973,True,5.0,0.006944444444444444,553.9109431789058
HOW-profile(HoD-cond),Wolf_retail_Toshia,123,spike,2,moderate,2,312.40678412779,True,1.0,0.5,209.35428412778998
HOW-profile(HoD-cond),Wolf_retail_Toshia,123,spike,3,obvious,2,471.3347275443462,True,1.0,0.5,479.8697275443461
HOW-profile(HoD-cond),Wolf_retail_Toshia,123,schedule,2,moderate,120,6.526262952639762,False,,0.0,668.925
"PatchTST-SSL(HoW-cond, patch-mask train)",Fox_education_Henrietta,123,spike,3,obvious,3,107.28066628343188,False,,0.0,121.52337989121379
"PatchTST-SSL(HoW-cond, patch-mask train)",Fox_education_Henrietta,123,spike,1,subtle,2,38.79410978520845,True,1.0,0.5,50.87302291016079
"PatchTST-SSL(HoW-cond, patch-mask train)",Fox_education_Henrietta,123,drift,3,obvious,216,1933.886031900874,False,,0.0,2246.0438435651813
"PatchTST-SSL(HoW-cond, patch-mask train)",Fox_education_Henrietta,123,schedule,3,obvious,72,4.398242775736969,False,,0.0,80.75636480435577
"PatchTST-SSL(HoW-cond, patch-mask train)",Fox_education_Henrietta,123,spike,3,obvious,4,160.57591003856936,True,2.0,0.5,157.01531551641932
"PatchTST-SSL(HoW-cond, patch-mask train)",Fox_education_Henrietta,123,spike,2,moderate,3,69.44453542686097,True,1.0,0.6666666666666666,78.5359272337922
"PatchTST-SSL(HoW-cond, patch-mask train)",Fox_retail_Manie,123,schedule,3,obvious,96,227.11597207258032,False,,0.0,586.9896688757326
"PatchTST-SSL(HoW-cond, patch-mask train)",Fox_retail_Manie,123,drift,1,subtle,192,1233.548743144401,True,139.0,0.09895833333333333,3294.1313156793913
"PatchTST-SSL(HoW-cond, patch-mask train)",Fox_retail_Manie,123,spike,3,obvious,2,256.61536206414166,False,,0.0,245.7814861336882
"PatchTST-SSL(HoW-cond, patch-mask train)",Fox_retail_Manie,123,drift,3,obvious,240,8289.663100225807,True,17.0,0.37916666666666665,10003.313780331036
"PatchTST-SSL(HoW-cond, patch-mask train)",Fox_retail_Manie,123,spike,3,obvious,2,237.32739808430793,True,1.0,0.5,259.3079085387766
"PatchTST-SSL(HoW-cond, patch-mask train)",Fox_retail_Manie,123,spike,1,subtle,2,99.0726521706526,False,,0.0,118.98166152518095
"PatchTST-SSL(HoW-cond, patch-mask train)",Hog_education_Bruno,123,drift,2,moderate,168,12811.470511399853,True,11.0,0.8690476190476191,16152.264910401747
"PatchTST-SSL(HoW-cond, patch-mask train)",Hog_education_Bruno,123,spike,2,moderate,1,275.8232577143261,True,0.0,1.0,277.6260442025429
"PatchTST-SSL(HoW-cond, patch-mask train)",Hog_education_Bruno,123,drift,2,moderate,240,23664.966243209576,True,84.0,0.0125,28857.010747453856
"PatchTST-SSL(HoW-cond, patch-mask train)",Hog_education_Bruno,123,drift,2,moderate,192,17388.559118296256,True,54.0,0.6302083333333334,19951.795513794546
"PatchTST-SSL(HoW-cond, patch-mask train)",Hog_education_Bruno,123,spike,2,moderate,2,208.75207993954868,True,0.0,1.0,293.3396608409938
"PatchTST-SSL(HoW-cond, patch-mask train)",Hog_education_Bruno,123,schedule,3,obvious,216,76.45355843684771,False,,0.0,3182.56850792592
"PatchTST-SSL(HoW-cond, patch-mask train)",Hog_education_Caridad,123,spike,1,subtle,2,2731.6933904597063,True,1.0,0.5,2380.026616618398
"PatchTST-SSL(HoW-cond, patch-mask train)",Hog_education_Caridad,123,drift,3,obvious,168,99252.01194407106,True,22.0,0.7321428571428571,63704.48554924954
"PatchTST-SSL(HoW-cond, patch-mask train)",Hog_education_Caridad,123,spike,1,subtle,3,3519.2878507706814,True,2.0,0.3333333333333333,2237.3989539888585
"PatchTST-SSL(HoW-cond, patch-mask train)",Hog_education_Caridad,123,spike,3,obvious,1,6794.154067709553,True,0.0,1.0,6360.9740811237725
"PatchTST-SSL(HoW-cond, patch-mask train)",Hog_education_Caridad,123,drift,1,subtle,264,43165.13655367314,True,137.0,0.13636363636363635,23946.964064718748
"PatchTST-SSL(HoW-cond, patch-mask train)",Hog_education_Caridad,123,drift,3,obvious,144,73297.95555006973,True,97.0,0.18055555555555555,62878.68513961324
"PatchTST-SSL(HoW-cond, patch-mask train)",Hog_education_Josh,123,drift,3,obvious,144,7959.513378869462,False,,0.0,16987.14815610343
"PatchTST-SSL(HoW-cond, patch-mask train)",Hog_education_Josh,123,spike,2,moderate,4,611.0395308891121,True,2.0,0.5,823.5188853713905
"PatchTST-SSL(HoW-cond, patch-mask train)",Hog_education_Josh,123,spike,1,subtle,3,366.67162677451927,False,,0.0,656.089881698438
"PatchTST-SSL(HoW-cond, patch-mask train)",Hog_education_Josh,123,drift,3,obvious,168,13020.370345217947,True,134.0,0.005952380952380952,19574.76388738159
"PatchTST-SSL(HoW-cond, patch-mask train)",Hog_education_Josh,123,drift,1,subtle,192,4363.562263827134,False,,0.0,9923.360435244107
"PatchTST-SSL(HoW-cond, patch-mask train)",Hog_education_Josh,123,spike,1,subtle,2,238.78457205940967,True,1.0,0.5,372.93801590581097
"PatchTST-SSL(HoW-cond, patch-mask train)",Hog_education_Luvenia,123,spike,1,subtle,3,455.8344024507873,False,,0.0,451.0631108386443
"PatchTST-SSL(HoW-cond, patch-mask train)",Hog_education_Luvenia,123,drift,2,moderate,264,54929.1258237537,True,9.0,0.6590909090909091,68918.77111382375
"PatchTST-SSL(HoW-cond, patch-mask train)",Hog_education_Luvenia,123,spike,1,subtle,4,439.39032680624484,True,2.0,0.5,891.6157807270174
"PatchTST-SSL(HoW-cond, patch-mask train)",Hog_education_Luvenia,123,spike,3,obvious,1,715.5647282123108,True,0.0,1.0,733.2127847974502
"PatchTST-SSL(HoW-cond, patch-mask train)",Hog_education_Luvenia,123,drift,3,obvious,240,72870.03993593014,True,139.0,0.07083333333333333,84074.69271546093
"PatchTST-SSL(HoW-cond, patch-mask train)",Hog_education_Luvenia,123,schedule,3,obvious,72,2322.155392898221,False,,0.0,337.0045077702133
"PatchTST-SSL(HoW-cond, patch-mask train)",Hog_office_Almeda,123,schedule,2,moderate,72,28.67787876675679,True,42.0,0.19444444444444445,1253.6386411135848
"PatchTST-SSL(HoW-cond, patch-mask train)",Hog_office_Almeda,123,schedule,2,moderate,216,70.12106487566511,True,19.0,0.10185185185185185,4120.10571836735
"PatchTST-SSL(HoW-cond, patch-mask train)",Hog_office_Almeda,123,drift,3,obvious,312,15353.001099313558,True,2.0,0.4230769230769231,15943.544015315885
"PatchTST-SSL(HoW-cond, patch-mask train)",Hog_office_Almeda,123,drift,1,subtle,144,526.8887717240907,True,33.0,0.1736111111111111,2985.442020253673
"PatchTST-SSL(HoW-cond, patch-mask train)",Hog_office_Almeda,123,spike,1,subtle,3,139.24990344202638,True,1.0,0.6666666666666666,262.1328005759276
"PatchTST-SSL(HoW-cond, patch-mask train)",Hog_office_Almeda,123,spike,1,subtle,1,82.28338102216038,True,0.0,1.0,113.38892786374252
"PatchTST-SSL(HoW-cond, patch-mask train)",Hog_office_Cortney,123,schedule,3,obvious,192,675.659755778285,False,,0.0,1263.877497951048
"PatchTST-SSL(HoW-cond, patch-mask train)",Hog_office_Cortney,123,spike,2,moderate,3,365.9656243934651,True,1.0,0.6666666666666666,505.6874047789292
"PatchTST-SSL(HoW-cond, patch-mask train)",Hog_office_Cortney,123,drift,3,obvious,264,9154.375686841197,True,12.0,0.11742424242424243,12251.1332998623
"PatchTST-SSL(HoW-cond, patch-mask train)",Hog_office_Cortney,123,spike,3,obvious,5,863.5552763422403,True,1.0,0.8,824.5181790180671
"PatchTST-SSL(HoW-cond, patch-mask train)",Hog_office_Cortney,123,drift,3,obvious,144,2657.890143930311,True,50.0,0.1875,5035.279603436616
"PatchTST-SSL(HoW-cond, patch-mask train)",Hog_office_Cortney,123,spike,3,obvious,1,434.0589581084138,True,0.0,1.0,478.64362839634254
"PatchTST-SSL(HoW-cond, patch-mask train)",Hog_office_Denita,123,spike,2,moderate,2,148.04479456749272,True,1.0,0.5,189.861650402084
"PatchTST-SSL(HoW-cond, patch-mask train)",Hog_office_Denita,123,schedule,2,moderate,192,80.75676933641031,False,,0.0,2326.3247045926796
"PatchTST-SSL(HoW-cond, patch-mask train)",Hog_office_Denita,123,drift,3,obvious,144,2706.766864515737,True,107.0,0.09722222222222222,1063.1293629831428
"PatchTST-SSL(HoW-cond, patch-mask train)",Hog_office_Denita,123,drift,2,moderate,168,2084.49776224874,True,86.0,0.15476190476190477,3660.9763491695303
"PatchTST-SSL(HoW-cond, patch-mask train)",Hog_office_Denita,123,schedule,2,moderate,144,168.49448279533027,True,129.0,0.006944444444444444,2397.4520508607106
"PatchTST-SSL(HoW-cond, patch-mask train)",Hog_office_Denita,123,spike,3,obvious,2,281.2051967311053,True,1.0,0.5,259.718407429539
"PatchTST-SSL(HoW-cond, patch-mask train)",Hog_office_Garrett,123,spike,1,subtle,2,800.6226854998857,True,1.0,0.5,828.7292089249689
"PatchTST-SSL(HoW-cond, patch-mask train)",Hog_office_Garrett,123,drift,1,subtle,216,9195.820381574535,True,147.0,0.0787037037037037,11077.414359267379
"PatchTST-SSL(HoW-cond, patch-mask train)",Hog_office_Garrett,123,schedule,3,obvious,96,2092.359428346967,True,90.0,0.020833333333333332,473.3053677308066
"PatchTST-SSL(HoW-cond, patch-mask train)",Hog_office_Garrett,123,drift,1,subtle,144,3323.6156797907715,False,,0.0,5981.255819575932
"PatchTST-SSL(HoW-cond, patch-mask train)",Hog_office_Garrett,123,drift,3,obvious,264,67734.00437875827,True,32.0,0.5568181818181818,61126.911958786484
"PatchTST-SSL(HoW-cond, patch-mask train)",Hog_office_Garrett,123,spike,3,obvious,5,4328.092876349334,True,1.0,0.8,4368.922464287779
"PatchTST-SSL(HoW-cond, patch-mask train)",Hog_office_Lavon,123,spike,1,subtle,3,2374.6235557297014,True,1.0,0.6666666666666666,2224.793832390175
"PatchTST-SSL(HoW-cond, patch-mask train)",Hog_office_Lavon,123,spike,2,moderate,3,3794.3724276334815,True,1.0,0.6666666666666666,4536.249543010613
"PatchTST-SSL(HoW-cond, patch-mask train)",Hog_office_Lavon,123,drift,2,moderate,312,2773.0338335095603,False,,0.0,3671.3042675634474
"PatchTST-SSL(HoW-cond, patch-mask train)",Hog_office_Lavon,123,spike,3,obvious,2,4451.899146126511,True,1.0,0.5,4707.031668470366
"PatchTST-SSL(HoW-cond, patch-mask train)",Hog_office_Lavon,123,spike,1,subtle,5,4225.881840189359,True,3.0,0.4,6724.109581248418
"PatchTST-SSL(HoW-cond, patch-mask train)",Hog_office_Lavon,123,spike,3,obvious,3,4991.004728707769,True,1.0,0.6666666666666666,4792.010824776841
"PatchTST-SSL(HoW-cond, patch-mask train)",Hog_office_Merilyn,123,spike,3,obvious,2,74.71065509872955,True,1.0,0.5,65.07371640170878
"PatchTST-SSL(HoW-cond, patch-mask train)",Hog_office_Merilyn,123,spike,3,obvious,4,132.05847552916484,True,2.0,0.5,145.91168992824427
"PatchTST-SSL(HoW-cond, patch-mask train)",Hog_office_Merilyn,123,drift,3,obvious,120,1252.3499195421773,False,,0.0,690.0307235404313
"PatchTST-SSL(HoW-cond, patch-mask train)",Hog_office_Merilyn,123,schedule,2,moderate,216,354.74336074839505,False,,0.0,0.0
"PatchTST-SSL(HoW-cond, patch-mask train)",Hog_office_Merilyn,123,drift,3,obvious,168,2663.5823665894623,True,130.0,0.10714285714285714,3923.4659590203055
"PatchTST-SSL(HoW-cond, patch-mask train)",Hog_office_Merilyn,123,schedule,3,obvious,72,44.434143945171144,False,,0.0,454.4399938502645
"PatchTST-SSL(HoW-cond, patch-mask train)",Hog_office_Miriam,123,spike,2,moderate,2,39.14258735448324,True,1.0,0.5,51.90527302333062
"PatchTST-SSL(HoW-cond, patch-mask train)",Hog_office_Miriam,123,drift,1,subtle,120,230.44604934093218,False,,0.0,87.68204071739154
"PatchTST-SSL(HoW-cond, patch-mask train)",Hog_office_Miriam,123,spike,2,moderate,1,35.66467994768293,True,0.0,1.0,41.63363124911676
"PatchTST-SSL(HoW-cond, patch-mask train)",Hog_office_Miriam,123,drift,1,subtle,312,965.6784438539437,True,7.0,0.04487179487179487,1363.6898489311661
"PatchTST-SSL(HoW-cond, patch-mask train)",Hog_office_Miriam,123,spike,1,subtle,3,34.72750862214191,True,1.0,0.6666666666666666,47.483993840921144
"PatchTST-SSL(HoW-cond, patch-mask train)",Hog_office_Miriam,123,schedule,2,moderate,168,64.25366120822854,True,145.0,0.005952380952380952,540.9071357288932
"PatchTST-SSL(HoW-cond, patch-mask train)",Hog_office_Napoleon,123,drift,3,obvious,240,20740.01444147993,True,144.0,0.029166666666666667,23748.338644813797
"PatchTST-SSL(HoW-cond, patch-mask train)",Hog_office_Napoleon,123,drift,2,moderate,312,18377.3115541578,True,57.0,0.3173076923076923,18705.30150507015
"PatchTST-SSL(HoW-cond, patch-mask train)",Hog_office_Napoleon,123,schedule,3,obvious,144,869.4953581851735,True,93.0,0.013888888888888888,2884.7448719158133
"PatchTST-SSL(HoW-cond, patch-mask train)",Hog_office_Napoleon,123,schedule,3,obvious,96,837.4576324321979,True,3.0,0.010416666666666666,811.7569972767649
"PatchTST-SSL(HoW-cond, patch-mask train)",Hog_office_Napoleon,123,spike,3,obvious,4,585.2791629388853,True,1.0,0.75,604.2737370549098
"PatchTST-SSL(HoW-cond, patch-mask train)",Hog_office_Napoleon,123,spike,3,obvious,3,439.4070634100892,True,2.0,0.3333333333333333,555.4827953169494
"PatchTST-SSL(HoW-cond, patch-mask train)",Hog_office_Shawna,123,schedule,2,moderate,72,1034.6068860201226,False,,0.0,3011.26507730915
"PatchTST-SSL(HoW-cond, patch-mask train)",Hog_office_Shawna,123,schedule,3,obvious,96,3263.734547318278,True,8.0,0.3333333333333333,6487.766010986259
"PatchTST-SSL(HoW-cond, patch-mask train)",Hog_office_Shawna,123,spike,2,moderate,4,850.4716576235535,True,1.0,0.75,1075.067135280294
"PatchTST-SSL(HoW-cond, patch-mask train)",Hog_office_Shawna,123,spike,1,subtle,5,655.9893883147479,False,,0.0,641.8291385087396
"PatchTST-SSL(HoW-cond, patch-mask train)",Hog_office_Shawna,123,spike,1,subtle,3,316.8977482297006,True,2.0,0.3333333333333333,287.77969213404936
"PatchTST-SSL(HoW-cond, patch-mask train)",Hog_office_Shawna,123,drift,2,moderate,312,23154.84143521574,True,4.0,0.0673076923076923,32280.950263253606
"PatchTST-SSL(HoW-cond, patch-mask train)",Hog_office_Shawnna,123,spike,2,moderate,5,2371.412146578059,True,2.0,0.6,1929.2367450677457
"PatchTST-SSL(HoW-cond, patch-mask train)",Hog_office_Shawnna,123,drift,1,subtle,144,4751.4831722333965,True,4.0,0.10416666666666667,7046.622531240671
"PatchTST-SSL(HoW-cond, patch-mask train)",Hog_office_Shawnna,123,schedule,2,moderate,216,653.0373692162267,True,1.0,0.023148148148148147,4254.65859225135
"PatchTST-SSL(HoW-cond, patch-mask train)",Hog_office_Shawnna,123,schedule,3,obvious,144,8044.543420406057,True,13.0,0.2708333333333333,3684.2383405728606
"PatchTST-SSL(HoW-cond, patch-mask train)",Hog_office_Shawnna,123,spike,3,obvious,2,1558.1165318333533,True,1.0,0.5,1488.963197894319
"PatchTST-SSL(HoW-cond, patch-mask train)",Hog_office_Shawnna,123,spike,1,subtle,5,1317.6350904115675,True,2.0,0.6,858.7854134269458
"PatchTST-SSL(HoW-cond, patch-mask train)",Hog_office_Sherrie,123,drift,1,subtle,312,1502.6883443003737,True,78.0,0.04487179487179487,2744.7151574262703
"PatchTST-SSL(HoW-cond, patch-mask train)",Hog_office_Sherrie,123,drift,3,obvious,168,2843.888229420063,True,23.0,0.5535714285714286,3962.266838041943
"PatchTST-SSL(HoW-cond, patch-mask train)",Hog_office_Sherrie,123,spike,3,obvious,3,291.8020352741702,True,1.0,0.6666666666666666,310.5853094370538
"PatchTST-SSL(HoW-cond, patch-mask train)",Hog_office_Sherrie,123,spike,2,moderate,5,282.5523283669032,True,1.0,0.8,238.12349712775716
"PatchTST-SSL(HoW-cond, patch-mask train)",Hog_office_Sherrie,123,drift,2,moderate,144,1240.5414345171785,True,111.0,0.027777777777777776,1959.4493065420652
"PatchTST-SSL(HoW-cond, patch-mask train)",Hog_office_Sherrie,123,spike,2,moderate,1,135.38450679958814,True,0.0,1.0,125.60360116640398
"PatchTST-SSL(HoW-cond, patch-mask train)",Hog_office_Shon,123,drift,3,obvious,120,2948.463897397897,True,20.0,0.2,4131.589146575357
"PatchTST-SSL(HoW-cond, patch-mask train)",Hog_office_Shon,123,spike,2,moderate,4,269.0109492648661,True,2.0,0.5,257.6548080618278
"PatchTST-SSL(HoW-cond, patch-mask train)",Hog_office_Shon,123,drift,2,moderate,120,1947.8557803483086,True,57.0,0.14166666666666666,3710.4586709603773
"PatchTST-SSL(HoW-cond, patch-mask train)",Hog_office_Shon,123,drift,3,obvious,216,11247.793831062876,True,39.0,0.1111111111111111,14663.141930324193
"PatchTST-SSL(HoW-cond, patch-mask train)",Hog_office_Shon,123,drift,2,moderate,264,7232.998301440217,True,34.0,0.06818181818181818,9450.841931781142
"PatchTST-SSL(HoW-cond, patch-mask train)",Hog_office_Shon,123,spike,3,obvious,2,191.61788634989614,True,1.0,0.5,183.91465357251238
"PatchTST-SSL(HoW-cond, patch-mask train)",Hog_office_Sydney,123,spike,2,moderate,2,153.76692493643083,True,1.0,0.5,139.03705080600858
"PatchTST-SSL(HoW-cond, patch-mask train)",Hog_office_Sydney,123,schedule,3,obvious,72,727.3023863134501,True,14.0,0.2638888888888889,195.09137180187014
"PatchTST-SSL(HoW-cond, patch-mask train)",Hog_office_Sydney,123,spike,2,moderate,3,205.02813478194554,True,1.0,0.6666666666666666,231.9113447939161
"PatchTST-SSL(HoW-cond, patch-mask train)",Hog_office_Sydney,123,drift,1,subtle,264,5315.767404450148,True,148.0,0.045454545454545456,3650.1876886265986
"PatchTST-SSL(HoW-cond, patch-mask train)",Hog_office_Sydney,123,schedule,3,obvious,144,956.7663238616351,False,,0.0,884.0943202759786
"PatchTST-SSL(HoW-cond, patch-mask train)",Hog_office_Sydney,123,drift,2,moderate,168,6145.092488138226,True,18.0,0.43452380952380953,5840.033684500359
"PatchTST-SSL(HoW-cond, patch-mask train)",Hog_office_Valda,123,spike,2,moderate,3,147.18737605936093,True,1.0,0.6666666666666666,128.40362537375006
"PatchTST-SSL(HoW-cond, patch-mask train)",Hog_office_Valda,123,spike,2,moderate,1,78.9182213779984,True,0.0,1.0,75.1458235752446
"PatchTST-SSL(HoW-cond, patch-mask train)",Hog_office_Valda,123,schedule,3,obvious,96,39.10848908515853,True,15.0,0.07291666666666667,1076.7182107745075
"PatchTST-SSL(HoW-cond, patch-mask train)",Hog_office_Valda,123,spike,2,moderate,5,192.79737053892276,True,1.0,0.8,214.63264845600725
"PatchTST-SSL(HoW-cond, patch-mask train)",Hog_office_Valda,123,spike,1,subtle,4,86.50562247331051,True,2.0,0.5,61.98946717587679
"PatchTST-SSL(HoW-cond, patch-mask train)",Hog_office_Valda,123,spike,2,moderate,3,115.39396740012796,True,1.0,0.6666666666666666,146.6185568225699
"PatchTST-SSL(HoW-cond, patch-mask train)",Lamb_education_Armando,123,schedule,2,moderate,72,203.13693771528114,False,,0.0,1873.163398701841
"PatchTST-SSL(HoW-cond, patch-mask train)",Lamb_education_Armando,123,schedule,1,subtle,168,87.28334918811282,True,16.0,0.005952380952380952,4901.19073011084
"PatchTST-SSL(HoW-cond, patch-mask train)",Lamb_education_Armando,123,spike,3,obvious,1,377.12178654530476,True,0.0,1.0,364.7723423146755
"PatchTST-SSL(HoW-cond, patch-mask train)",Lamb_education_Armando,123,drift,3,obvious,312,7857.0451735646675,True,83.0,0.16987179487179488,10305.891385663723
"PatchTST-SSL(HoW-cond, patch-mask train)",Lamb_education_Armando,123,spike,2,moderate,3,386.59756392503573,True,1.0,0.6666666666666666,394.2132852346375
"PatchTST-SSL(HoW-cond, patch-mask train)",Lamb_education_Armando,123,spike,2,moderate,4,413.23074896014316,True,2.0,0.5,842.0337697343663
"PatchTST-SSL(HoW-cond, patch-mask train)",Lamb_education_Eula,123,spike,3,obvious,4,26.294354402095188,True,1.0,0.75,26.207729830476133
"PatchTST-SSL(HoW-cond, patch-mask train)",Lamb_education_Eula,123,spike,1,subtle,1,5.799574332677247,True,0.0,1.0,5.5599431376918265
"PatchTST-SSL(HoW-cond, patch-mask train)",Lamb_education_Eula,123,spike,3,obvious,5,34.334959750450494,True,1.0,0.8,43.32781258882698
"PatchTST-SSL(HoW-cond, patch-mask train)",Lamb_education_Eula,123,spike,1,subtle,2,7.181574523397411,True,1.0,0.5,11.081463213427782
"PatchTST-SSL(HoW-cond, patch-mask train)",Lamb_education_Eula,123,spike,1,subtle,1,6.59423254631242,True,0.0,1.0,6.765340714351024
"PatchTST-SSL(HoW-cond, patch-mask train)",Lamb_education_Eula,123,spike,3,obvious,1,15.329047213601562,True,0.0,1.0,13.45895551733722
"PatchTST-SSL(HoW-cond, patch-mask train)",Lamb_education_Lazaro,123,spike,2,moderate,5,374.47784520017035,True,3.0,0.4,679.040855924189
"PatchTST-SSL(HoW-cond, patch-mask train)",Lamb_education_Lazaro,123,drift,1,subtle,216,401.29286658232274,False,,0.0,114.12910306484991
"PatchTST-SSL(HoW-cond, patch-mask train)",Lamb_education_Lazaro,123,spike,2,moderate,3,201.78794729269748,True,1.0,0.6666666666666666,207.98316415483924
"PatchTST-SSL(HoW-cond, patch-mask train)",Lamb_education_Lazaro,123,drift,3,obvious,192,1592.6761325556072,True,111.0,0.18229166666666666,6639.389573877847
"PatchTST-SSL(HoW-cond, patch-mask train)",Lamb_education_Lazaro,123,spike,3,obvious,2,231.02367481296838,True,1.0,0.5,226.87989437924276
"PatchTST-SSL(HoW-cond, patch-mask train)",Lamb_education_Lazaro,123,drift,1,subtle,168,241.48661946843598,False,,0.0,0.0
"PatchTST-SSL(HoW-cond, patch-mask train)",Lamb_education_Lucas,123,schedule,3,obvious,168,76.518357105516,True,29.0,0.023809523809523808,690.8063579717443
"PatchTST-SSL(HoW-cond, patch-mask train)",Lamb_education_Lucas,123,spike,3,obvious,1,54.16916519743869,True,0.0,1.0,52.96077546666685
"PatchTST-SSL(HoW-cond, patch-mask train)",Lamb_education_Lucas,123,schedule,3,obvious,72,5.869035981446744,False,,0.0,260.16316177448005
"PatchTST-SSL(HoW-cond, patch-mask train)",Lamb_education_Lucas,123,spike,2,moderate,5,83.64456360822592,True,1.0,0.8,109.97163096534553
"PatchTST-SSL(HoW-cond, patch-mask train)",Lamb_education_Lucas,123,spike,1,subtle,1,21.503552764624672,True,0.0,1.0,18.643246149550514
"PatchTST-SSL(HoW-cond, patch-mask train)",Lamb_education_Lucas,123,drift,2,moderate,168,225.2261936276376,True,6.0,0.07142857142857142,804.9796438023927
"PatchTST-SSL(HoW-cond, patch-mask train)",Lamb_education_Mae,123,drift,1,subtle,288,2090.9792705675427,True,17.0,0.041666666666666664,5023.148250282744
"PatchTST-SSL(HoW-cond, patch-mask train)",Lamb_education_Mae,123,drift,3,obvious,168,3878.3792791977203,True,48.0,0.26785714285714285,8804.625473292252
"PatchTST-SSL(HoW-cond, patch-mask train)",Lamb_education_Mae,123,drift,2,moderate,192,3616.5649037878884,True,102.0,0.010416666666666666,1495.4594534587372
"PatchTST-SSL(HoW-cond, patch-mask train)",Lamb_education_Mae,123,spike,1,subtle,2,168.00759362156072,True,1.0,0.5,281.7630247116612
"PatchTST-SSL(HoW-cond, patch-mask train)",Lamb_education_Mae,123,schedule,3,obvious,144,5.109533279254961,True,110.0,0.020833333333333332,5313.205758064278
"PatchTST-SSL(HoW-cond, patch-mask train)",Lamb_education_Mae,123,spike,2,moderate,4,497.76086737073166,True,1.0,0.75,387.30013657218717
"PatchTST-SSL(HoW-cond, patch-mask train)",Lamb_education_Williams,123,spike,3,obvious,3,424.58042233121216,True,1.0,0.6666666666666666,462.0450642374352
"PatchTST-SSL(HoW-cond, patch-mask train)",Lamb_education_Williams,123,spike,1,subtle,3,170.23417353918882,True,1.0,0.6666666666666666,165.07829815685406
"PatchTST-SSL(HoW-cond, patch-mask train)",Lamb_education_Williams,123,schedule,2,moderate,192,51.864066737421766,True,61.0,0.026041666666666668,4684.275274576797
"PatchTST-SSL(HoW-cond, patch-mask train)",Lamb_education_Williams,123,spike,3,obvious,2,312.0306486506167,True,1.0,0.5,304.11342789807804
"PatchTST-SSL(HoW-cond, patch-mask train)",Lamb_education_Williams,123,spike,2,moderate,3,345.7997785693358,True,1.0,0.6666666666666666,291.8252947371574
"PatchTST-SSL(HoW-cond, patch-mask train)",Lamb_education_Williams,123,spike,1,subtle,3,169.72626497152717,True,1.0,0.6666666666666666,281.13729644138164
"PatchTST-SSL(HoW-cond, patch-mask train)",Lamb_office_Caitlin,123,drift,2,moderate,120,262.52918539532453,False,,0.0,12.338090218051683
"PatchTST-SSL(HoW-cond, patch-mask train)",Lamb_office_Caitlin,123,spike,3,obvious,3,568.3639822512657,True,1.0,0.6666666666666666,536.1334888197841
"PatchTST-SSL(HoW-cond, patch-mask train)",Lamb_office_Caitlin,123,drift,1,subtle,288,704.4995026024479,True,0.0,0.24305555555555555,4067.665750712905
"PatchTST-SSL(HoW-cond, patch-mask train)",Lamb_office_Caitlin,123,spike,1,subtle,5,313.85656167965396,True,2.0,0.6,255.01397164942836
"PatchTST-SSL(HoW-cond, patch-mask train)",Lamb_office_Caitlin,123,spike,2,moderate,5,568.2456667214833,True,3.0,0.4,435.2858101213012
"PatchTST-SSL(HoW-cond, patch-mask train)",Lamb_office_Caitlin,123,spike,2,moderate,3,305.0811978420506,False,,0.0,218.46115899988843
"PatchTST-SSL(HoW-cond, patch-mask train)",Lamb_office_Velma,123,spike,2,moderate,4,579.3785831747393,True,2.0,0.5,931.6765183070141
"PatchTST-SSL(HoW-cond, patch-mask train)",Lamb_office_Velma,123,drift,1,subtle,264,3600.407790458008,True,5.0,0.11363636363636363,12213.88458574298
"PatchTST-SSL(HoW-cond, patch-mask train)",Lamb_office_Velma,123,schedule,3,obvious,72,529.7124723853377,False,,0.0,2958.3883733650227
"PatchTST-SSL(HoW-cond, patch-mask train)",Lamb_office_Velma,123,schedule,3,obvious,168,905.7834583344495,True,22.0,0.023809523809523808,4909.605742440355
"PatchTST-SSL(HoW-cond, patch-mask train)",Lamb_office_Velma,123,drift,2,moderate,264,11018.856200311362,True,79.0,0.06060606060606061,18717.143621059375
"PatchTST-SSL(HoW-cond, patch-mask train)",Lamb_office_Velma,123,spike,1,subtle,1,203.31928736081287,True,0.0,1.0,289.96960257921444
"PatchTST-SSL(HoW-cond, patch-mask train)",Rat_retail_Jeffrey,123,spike,1,subtle,5,297.07819054346146,False,,0.0,170.0052626305099
"PatchTST-SSL(HoW-cond, patch-mask train)",Rat_retail_Jeffrey,123,drift,2,moderate,288,8884.572843683076,True,117.0,0.13541666666666666,8532.878961531482
"PatchTST-SSL(HoW-cond, patch-mask train)",Rat_retail_Jeffrey,123,drift,3,obvious,312,16042.159321483588,True,9.0,0.23076923076923078,14574.424771693544
"PatchTST-SSL(HoW-cond, patch-mask train)",Rat_retail_Jeffrey,123,drift,3,obvious,288,13433.287503070473,True,34.0,0.5347222222222222,19050.214800183865
"PatchTST-SSL(HoW-cond, patch-mask train)",Rat_retail_Jeffrey,123,spike,2,moderate,4,396.18797784816087,False,,0.0,475.0326005328659
"PatchTST-SSL(HoW-cond, patch-mask train)",Rat_retail_Jeffrey,123,spike,1,subtle,2,149.27212647463435,False,,0.0,174.99287341960598
"PatchTST-SSL(HoW-cond, patch-mask train)",Robin_education_Zenia,123,drift,3,obvious,240,23393.72141148178,True,39.0,0.2625,42212.35278527974
"PatchTST-SSL(HoW-cond, patch-mask train)",Robin_education_Zenia,123,drift,2,moderate,216,11875.093738761898,True,19.0,0.2916666666666667,29322.168231015152
"PatchTST-SSL(HoW-cond, patch-mask train)",Robin_education_Zenia,123,spike,2,moderate,3,222.03735529951837,True,1.0,0.6666666666666666,360.3395871699589
"PatchTST-SSL(HoW-cond, patch-mask train)",Robin_education_Zenia,123,drift,1,subtle,288,9160.385486153853,True,226.0,0.020833333333333332,28853.437477538064
"PatchTST-SSL(HoW-cond, patch-mask train)",Robin_education_Zenia,123,spike,2,moderate,5,431.4815913558175,False,,0.0,891.2260123375742
"PatchTST-SSL(HoW-cond, patch-mask train)",Robin_education_Zenia,123,spike,1,subtle,3,167.63958684164422,False,,0.0,391.44483309065333
"PatchTST-SSL(HoW-cond, patch-mask train)",Robin_office_Dina,123,spike,1,subtle,4,68.4746983087544,False,,0.0,66.77670904799504
"PatchTST-SSL(HoW-cond, patch-mask train)",Robin_office_Dina,123,spike,2,moderate,1,57.843807887198196,False,,0.0,51.209348150125386
"PatchTST-SSL(HoW-cond, patch-mask train)",Robin_office_Dina,123,spike,2,moderate,4,105.04301321096541,True,2.0,0.5,94.09619130274531
"PatchTST-SSL(HoW-cond, patch-mask train)",Robin_office_Dina,123,drift,1,subtle,312,2636.196139427071,True,54.0,0.23076923076923078,3736.300346263277
"PatchTST-SSL(HoW-cond, patch-mask train)",Robin_office_Dina,123,drift,3,obvious,240,5380.373982455583,True,23.0,0.4625,6195.2294786693565
"PatchTST-SSL(HoW-cond, patch-mask train)",Robin_office_Dina,123,spike,2,moderate,5,151.9427563095937,True,2.0,0.6,136.53259316600327
"PatchTST-SSL(HoW-cond, patch-mask train)",Robin_office_Sammie,123,schedule,2,moderate,168,483.8792634429125,True,160.0,0.011904761904761904,2280.904664267923
"PatchTST-SSL(HoW-cond, patch-mask train)",Robin_office_Sammie,123,schedule,3,obvious,192,977.3897562849763,False,,0.0,1966.5323081614642
"PatchTST-SSL(HoW-cond, patch-mask train)",Robin_office_Sammie,123,drift,1,subtle,264,2755.0334119244794,True,96.0,0.030303030303030304,2240.565425297024
"PatchTST-SSL(HoW-cond, patch-mask train)",Robin_office_Sammie,123,spike,3,obvious,4,364.36019766409277,True,1.0,0.75,567.3055675300366
"PatchTST-SSL(HoW-cond, patch-mask train)",Robin_office_Sammie,123,schedule,3,obvious,168,2314.2865402050898,False,,0.0,1944.0925079727904
"PatchTST-SSL(HoW-cond, patch-mask train)",Robin_office_Sammie,123,spike,3,obvious,5,474.4082509322585,True,2.0,0.6,602.5756042015364
"PatchTST-SSL(HoW-cond, patch-mask train)",Shrew_office_Doris,123,drift,3,obvious,312,44891.62811435338,True,36.0,0.5384615384615384,50129.55239299547
"PatchTST-SSL(HoW-cond, patch-mask train)",Shrew_office_Doris,123,spike,1,subtle,2,237.15238122664746,True,1.0,0.5,290.2116157145009
"PatchTST-SSL(HoW-cond, patch-mask train)",Shrew_office_Doris,123,schedule,3,obvious,216,1297.1953433177616,False,,0.0,4716.907882825311
"PatchTST-SSL(HoW-cond, patch-mask train)",Shrew_office_Doris,123,schedule,3,obvious,72,35.91670620662419,True,20.0,0.027777777777777776,3649.0071240826483
"PatchTST-SSL(HoW-cond, patch-mask train)",Shrew_office_Doris,123,schedule,3,obvious,120,5.573837452122518,True,57.0,0.016666666666666666,5198.375833146498
"PatchTST-SSL(HoW-cond, patch-mask train)",Shrew_office_Doris,123,spike,3,obvious,2,454.8096962841917,True,1.0,0.5,474.1683536303583
"PatchTST-SSL(HoW-cond, patch-mask train)",Shrew_office_Ila,123,drift,2,moderate,240,12234.707321185711,True,14.0,0.4083333333333333,14768.916947301992
"PatchTST-SSL(HoW-cond, patch-mask train)",Shrew_office_Ila,123,schedule,3,obvious,192,57.235751088076555,False,,0.0,3945.1745448892025
"PatchTST-SSL(HoW-cond, patch-mask train)",Shrew_office_Ila,123,drift,1,subtle,240,3195.899958049458,True,44.0,0.25833333333333336,8946.906681665398
"PatchTST-SSL(HoW-cond, patch-mask train)",Shrew_office_Ila,123,spike,2,moderate,3,354.27865606545697,True,1.0,0.6666666666666666,354.35503658410073
"PatchTST-SSL(HoW-cond, patch-mask train)",Shrew_office_Ila,123,schedule,3,obvious,192,3.1847764428720353,False,,0.0,4729.838242004629
"PatchTST-SSL(HoW-cond, patch-mask train)",Shrew_office_Ila,123,drift,3,obvious,240,22688.051141610937,True,4.0,0.8041666666666667,26542.60991811985
"PatchTST-SSL(HoW-cond, patch-mask train)",Shrew_office_Kenneth,123,spike,3,obvious,2,131.11670586022714,True,1.0,0.5,120.85662097153467
"PatchTST-SSL(HoW-cond, patch-mask train)",Shrew_office_Kenneth,123,spike,2,moderate,5,227.0242444596504,True,1.0,0.8,196.3020489837735
"PatchTST-SSL(HoW-cond, patch-mask train)",Shrew_office_Kenneth,123,drift,3,obvious,240,5053.890885911685,True,7.0,0.37083333333333335,6260.451069031026
"PatchTST-SSL(HoW-cond, patch-mask train)",Shrew_office_Kenneth,123,drift,3,obvious,264,5293.377061299316,True,116.0,0.13636363636363635,5398.205978876407
"PatchTST-SSL(HoW-cond, patch-mask train)",Shrew_office_Kenneth,123,drift,2,moderate,264,2846.954348101387,True,8.0,0.36363636363636365,1334.004271072561
"PatchTST-SSL(HoW-cond, patch-mask train)",Shrew_office_Kenneth,123,spike,2,moderate,4,176.17399675860463,True,2.0,0.5,171.6776821509259
"PatchTST-SSL(HoW-cond, patch-mask train)",Shrew_office_Nora,123,spike,1,subtle,3,363.7027421884706,True,1.0,0.6666666666666666,631.1591149381636
"PatchTST-SSL(HoW-cond, patch-mask train)",Shrew_office_Nora,123,schedule,3,obvious,168,2229.075651298478,True,3.0,0.13095238095238096,5866.0336649815
"PatchTST-SSL(HoW-cond, patch-mask train)",Shrew_office_Nora,123,spike,3,obvious,5,1307.2052737697059,True,1.0,0.8,1787.7105599353163
"PatchTST-SSL(HoW-cond, patch-mask train)",Shrew_office_Nora,123,spike,2,moderate,5,1074.4165419552485,True,1.0,0.8,1100.4108929507208
"PatchTST-SSL(HoW-cond, patch-mask train)",Shrew_office_Nora,123,schedule,3,obvious,72,981.9580003229489,True,0.0,0.5,3191.594017224056
"PatchTST-SSL(HoW-cond, patch-mask train)",Shrew_office_Nora,123,spike,1,subtle,2,299.98487883646453,True,1.0,0.5,293.9232225940969
"PatchTST-SSL(HoW-cond, patch-mask train)",Shrew_office_Sherill,123,spike,3,obvious,4,1938.3662349644947,True,1.0,0.75,1765.493200927944
"PatchTST-SSL(HoW-cond, patch-mask train)",Shrew_office_Sherill,123,schedule,3,obvious,168,1063.2674640853456,True,9.0,0.10119047619047619,9875.335452270976
"PatchTST-SSL(HoW-cond, patch-mask train)",Shrew_office_Sherill,123,schedule,2,moderate,144,52.89200787198175,False,,0.0,4118.544196140432
"PatchTST-SSL(HoW-cond, patch-mask train)",Shrew_office_Sherill,123,drift,3,obvious,168,20296.48426102668,True,31.0,0.625,24883.60285939558
"PatchTST-SSL(HoW-cond, patch-mask train)",Shrew_office_Sherill,123,spike,3,obvious,2,891.9483588151319,True,1.0,0.5,1074.9633010625423
"PatchTST-SSL(HoW-cond, patch-mask train)",Shrew_office_Sherill,123,spike,1,subtle,3,597.9218152987612,True,1.0,0.6666666666666666,1024.694536429882
"PatchTST-SSL(HoW-cond, patch-mask train)",Wolf_office_Darleen,123,drift,2,moderate,312,5118.617371022473,True,85.0,0.09615384615384616,5862.522812399184
"PatchTST-SSL(HoW-cond, patch-mask train)",Wolf_office_Darleen,123,drift,2,moderate,144,1122.0444420374765,True,90.0,0.16666666666666666,2392.2939575797573
"PatchTST-SSL(HoW-cond, patch-mask train)",Wolf_office_Darleen,123,drift,3,obvious,216,4625.169208288764,True,77.0,0.48148148148148145,5013.738304997606
"PatchTST-SSL(HoW-cond, patch-mask train)",Wolf_office_Darleen,123,spike,2,moderate,4,240.52539583615456,True,1.0,0.75,331.9116940864938
"PatchTST-SSL(HoW-cond, patch-mask train)",Wolf_office_Darleen,123,drift,1,subtle,168,722.2431690015353,True,0.0,0.1130952380952381,1871.9180108793448
"PatchTST-SSL(HoW-cond, patch-mask train)",Wolf_office_Darleen,123,schedule,2,moderate,216,6.372364314854387,True,148.0,0.004629629629629629,1862.6828000773073
"PatchTST-SSL(HoW-cond, patch-mask train)",Wolf_retail_Harriett,123,schedule,2,moderate,144,41.589040571361394,False,,0.0,2088.9236795278566
"PatchTST-SSL(HoW-cond, patch-mask train)",Wolf_retail_Harriett,123,schedule,2,moderate,96,20.026795522465733,True,87.0,0.010416666666666666,1322.2358216536588
"PatchTST-SSL(HoW-cond, patch-mask train)",Wolf_retail_Harriett,123,spike,2,moderate,5,304.5069252343177,True,2.0,0.6,513.156538636601
"PatchTST-SSL(HoW-cond, patch-mask train)",Wolf_retail_Harriett,123,spike,2,moderate,4,204.21169334656463,True,2.0,0.5,341.22297985888343
"PatchTST-SSL(HoW-cond, patch-mask train)",Wolf_retail_Harriett,123,drift,1,subtle,192,1245.6474215603403,False,,0.0,3509.2690005887753
"PatchTST-SSL(HoW-cond, patch-mask train)",Wolf_retail_Harriett,123,drift,3,obvious,264,7344.239049400337,True,26.0,0.22727272727272727,11922.096896520285
"PatchTST-SSL(HoW-cond, patch-mask train)",Wolf_retail_Marcella,123,spike,1,subtle,2,13.916313168209674,True,0.0,1.0,28.143333521507117
"PatchTST-SSL(HoW-cond, patch-mask train)",Wolf_retail_Marcella,123,drift,3,obvious,264,1145.6896641735011,True,42.0,0.2537878787878788,1731.6135027994023
"PatchTST-SSL(HoW-cond, patch-mask train)",Wolf_retail_Marcella,123,drift,2,moderate,144,198.96519574007425,False,,0.0,278.42954849654757
"PatchTST-SSL(HoW-cond, patch-mask train)",Wolf_retail_Marcella,123,spike,3,obvious,4,59.222953564174716,True,2.0,0.5,53.68591428135623
"PatchTST-SSL(HoW-cond, patch-mask train)",Wolf_retail_Marcella,123,spike,1,subtle,1,14.837894350572272,True,0.0,1.0,15.109166019107475
"PatchTST-SSL(HoW-cond, patch-mask train)",Wolf_retail_Marcella,123,spike,2,moderate,4,32.44073899726534,True,1.0,0.75,36.286420061335356
"PatchTST-SSL(HoW-cond, patch-mask train)",Wolf_retail_Toshia,123,spike,1,subtle,4,303.6671023696364,True,1.0,0.75,280.5688856088126
"PatchTST-SSL(HoW-cond, patch-mask train)",Wolf_retail_Toshia,123,spike,1,subtle,4,332.1122316161035,True,2.0,0.5,311.5053519689924
"PatchTST-SSL(HoW-cond, patch-mask train)",Wolf_retail_Toshia,123,schedule,2,moderate,144,83.30849022986973,True,5.0,0.006944444444444444,3055.7947580406335
"PatchTST-SSL(HoW-cond, patch-mask train)",Wolf_retail_Toshia,123,spike,2,moderate,2,312.40678412779,True,1.0,0.5,296.6597375951741
"PatchTST-SSL(HoW-cond, patch-mask train)",Wolf_retail_Toshia,123,spike,3,obvious,2,471.3347275443462,True,1.0,0.5,635.0645915925122
"PatchTST-SSL(HoW-cond, patch-mask train)",Wolf_retail_Toshia,123,schedule,2,moderate,120,6.526262952639762,True,42.0,0.016666666666666666,3474.686363303843
TOWT(HoW-cond),Fox_education_Henrietta,123,spike,3,obvious,3,107.28066628343188,False,,0.0,124.26966902567932
TOWT(HoW-cond),Fox_education_Henrietta,123,spike,1,subtle,2,38.79410978520845,True,1.0,0.5,47.67922805288873
TOWT(HoW-cond),Fox_education_Henrietta,123,drift,3,obvious,216,1933.886031900874,True,147.0,0.046296296296296294,1793.0917699966396
TOWT(HoW-cond),Fox_education_Henrietta,123,schedule,3,obvious,72,4.398242775736969,False,,0.0,176.21009579195587
TOWT(HoW-cond),Fox_education_Henrietta,123,spike,3,obvious,4,160.57591003856936,True,2.0,0.5,149.5538267914025
TOWT(HoW-cond),Fox_education_Henrietta,123,spike,2,moderate,3,69.44453542686097,True,1.0,0.6666666666666666,99.18627290071382
TOWT(HoW-cond),Fox_retail_Manie,123,schedule,3,obvious,96,227.11597207258032,False,,0.0,124.39856727303179
TOWT(HoW-cond),Fox_retail_Manie,123,drift,1,subtle,192,1233.548743144401,True,140.0,0.08854166666666667,2580.024608369129
TOWT(HoW-cond),Fox_retail_Manie,123,spike,3,obvious,2,256.61536206414166,False,,0.0,218.02080322965503
TOWT(HoW-cond),Fox_retail_Manie,123,drift,3,obvious,240,8289.663100225807,True,43.0,0.35833333333333334,7980.021676064965
TOWT(HoW-cond),Fox_retail_Manie,123,spike,3,obvious,2,237.32739808430793,True,1.0,0.5,228.45536720644122
TOWT(HoW-cond),Fox_retail_Manie,123,spike,1,subtle,2,99.0726521706526,False,,0.0,119.51409307087977
TOWT(HoW-cond),Hog_education_Bruno,123,drift,2,moderate,168,12811.470511399853,True,10.0,0.8928571428571429,12915.071384785428
TOWT(HoW-cond),Hog_education_Bruno,123,spike,2,moderate,1,275.8232577143261,True,0.0,1.0,273.6581319528917
TOWT(HoW-cond),Hog_education_Bruno,123,drift,2,moderate,240,23664.966243209576,True,111.0,0.0375,29533.10930069654
TOWT(HoW-cond),Hog_education_Bruno,123,drift,2,moderate,192,17388.559118296256,True,33.0,0.6979166666666666,17715.658496966444
TOWT(HoW-cond),Hog_education_Bruno,123,spike,2,moderate,2,208.75207993954868,True,0.0,1.0,268.1517000938303
TOWT(HoW-cond),Hog_education_Bruno,123,schedule,3,obvious,216,76.45355843684771,False,,0.0,169.198737399767
TOWT(HoW-cond),Hog_education_Caridad,123,spike,1,subtle,2,2731.6933904597063,True,1.0,0.5,2709.3650059623014
TOWT(HoW-cond),Hog_education_Caridad,123,drift,3,obvious,168,99252.01194407106,True,10.0,0.3392857142857143,81879.884395206
TOWT(HoW-cond),Hog_education_Caridad,123,spike,1,subtle,3,3519.2878507706814,True,2.0,0.3333333333333333,3875.03192974014
TOWT(HoW-cond),Hog_education_Caridad,123,spike,3,obvious,1,6794.154067709553,True,0.0,1.0,6523.556100258053
TOWT(HoW-cond),Hog_education_Caridad,123,drift,1,subtle,264,43165.13655367314,True,178.0,0.003787878787878788,16751.70568094933
TOWT(HoW-cond),Hog_education_Caridad,123,drift,3,obvious,144,73297.95555006973,True,95.0,0.08333333333333333,97507.22807416416
TOWT(HoW-cond),Hog_education_Josh,123,drift,3,obvious,144,7959.513378869462,False,,0.0,13309.164966860902
TOWT(HoW-cond),Hog_education_Josh,123,spike,2,moderate,4,611.0395308891121,True,2.0,0.5,723.1524173084744
TOWT(HoW-cond),Hog_education_Josh,123,spike,1,subtle,3,366.67162677451927,False,,0.0,471.454248798393
TOWT(HoW-cond),Hog_education_Josh,123,drift,3,obvious,168,13020.370345217947,True,104.0,0.017857142857142856,14907.039366279772
TOWT(HoW-cond),Hog_education_Josh,123,drift,1,subtle,192,4363.562263827134,False,,0.0,3618.859717511208
TOWT(HoW-cond),Hog_education_Josh,123,spike,1,subtle,2,238.78457205940967,True,1.0,0.5,351.08400296601155
TOWT(HoW-cond),Hog_education_Luvenia,123,spike,1,subtle,3,455.8344024507873,False,,0.0,496.55494522375426
TOWT(HoW-cond),Hog_education_Luvenia,123,drift,2,moderate,264,54929.1258237537,True,9.0,0.7234848484848485,62843.009650639986
TOWT(HoW-cond),Hog_education_Luvenia,123,spike,1,subtle,4,439.39032680624484,True,2.0,0.5,563.3780665626211
TOWT(HoW-cond),Hog_education_Luvenia,123,spike,3,obvious,1,715.5647282123108,True,0.0,1.0,728.9987434410907
TOWT(HoW-cond),Hog_education_Luvenia,123,drift,3,obvious,240,72870.03993593014,True,124.0,0.19583333333333333,78291.72336265656
TOWT(HoW-cond),Hog_education_Luvenia,123,schedule,3,obvious,72,2322.155392898221,False,,0.0,813.5289644310751
TOWT(HoW-cond),Hog_office_Almeda,123,schedule,2,moderate,72,28.67787876675679,True,20.0,0.2222222222222222,1066.1267379564981
TOWT(HoW-cond),Hog_office_Almeda,123,schedule,2,moderate,216,70.12106487566511,True,3.0,0.1111111111111111,2302.415054760619
TOWT(HoW-cond),Hog_office_Almeda,123,drift,3,obvious,312,15353.001099313558,True,2.0,0.4775641025641026,13708.496052237986
TOWT(HoW-cond),Hog_office_Almeda,123,drift,1,subtle,144,526.8887717240907,True,33.0,0.2152777777777778,1957.58728627283
TOWT(HoW-cond),Hog_office_Almeda,123,spike,1,subtle,3,139.24990344202638,True,1.0,0.6666666666666666,198.63888782775476
TOWT(HoW-cond),Hog_office_Almeda,123,spike,1,subtle,1,82.28338102216038,True,0.0,1.0,103.44184822347836
TOWT(HoW-cond),Hog_office_Cortney,123,schedule,3,obvious,192,675.659755778285,False,,0.0,136.57313491837408
TOWT(HoW-cond),Hog_office_Cortney,123,spike,2,moderate,3,365.9656243934651,True,1.0,0.6666666666666666,359.9927060355308
TOWT(HoW-cond),Hog_office_Cortney,123,drift,3,obvious,264,9154.375686841197,True,12.0,0.44696969696969696,9351.835581816871
TOWT(HoW-cond),Hog_office_Cortney,123,spike,3,obvious,5,863.5552763422403,True,1.0,0.8,834.203073260614
TOWT(HoW-cond),Hog_office_Cortney,123,drift,3,obvious,144,2657.890143930311,True,56.0,0.3194444444444444,2295.7350886967097
TOWT(HoW-cond),Hog_office_Cortney,123,spike,3,obvious,1,434.0589581084138,True,0.0,1.0,445.4032653594053
TOWT(HoW-cond),Hog_office_Denita,123,spike,2,moderate,2,148.04479456749272,True,1.0,0.5,148.14531682230103
TOWT(HoW-cond),Hog_office_Denita,123,schedule,2,moderate,192,80.75676933641031,True,51.0,0.005208333333333333,366.1988541234887
TOWT(HoW-cond),Hog_office_Denita,123,drift,3,obvious,144,2706.766864515737,True,86.0,0.125,578.696472572889
TOWT(HoW-cond),Hog_office_Denita,123,drift,2,moderate,168,2084.49776224874,True,70.0,0.10714285714285714,1934.2460867947207
TOWT(HoW-cond),Hog_office_Denita,123,schedule,2,moderate,144,168.49448279533027,True,129.0,0.006944444444444444,507.43682748398066
TOWT(HoW-cond),Hog_office_Denita,123,spike,3,obvious,2,281.2051967311053,True,1.0,0.5,281.6193128634885
TOWT(HoW-cond),Hog_office_Garrett,123,spike,1,subtle,2,800.6226854998857,True,1.0,0.5,775.7649108221141
TOWT(HoW-cond),Hog_office_Garrett,123,drift,1,subtle,216,9195.820381574535,True,184.0,0.046296296296296294,6471.484547972503
TOWT(HoW-cond),Hog_office_Garrett,123,schedule,3,obvious,96,2092.359428346967,False,,0.0,3687.9248636485704
TOWT(HoW-cond),Hog_office_Garrett,123,drift,1,subtle,144,3323.6156797907715,False,,0.0,1834.3741429944944
TOWT(HoW-cond),Hog_office_Garrett,123,drift,3,obvious,264,67734.00437875827,True,54.0,0.24621212121212122,68079.40839597782
TOWT(HoW-cond),Hog_office_Garrett,123,spike,3,obvious,5,4328.092876349334,True,1.0,0.8,3879.473526734546
TOWT(HoW-cond),Hog_office_Lavon,123,spike,1,subtle,3,2374.6235557297014,True,1.0,0.6666666666666666,2737.269745811082
TOWT(HoW-cond),Hog_office_Lavon,123,spike,2,moderate,3,3794.3724276334815,True,1.0,0.6666666666666666,4262.84431593477
TOWT(HoW-cond),Hog_office_Lavon,123,drift,2,moderate,312,2773.0338335095603,False,,0.0,19276.175283629964
TOWT(HoW-cond),Hog_office_Lavon,123,spike,3,obvious,2,4451.899146126511,True,1.0,0.5,4841.20916505667
TOWT(HoW-cond),Hog_office_Lavon,123,spike,1,subtle,5,4225.881840189359,False,,0.0,5475.209009093132
TOWT(HoW-cond),Hog_office_Lavon,123,spike,3,obvious,3,4991.004728707769,True,1.0,0.6666666666666666,5439.946054793551
TOWT(HoW-cond),Hog_office_Merilyn,123,spike,3,obvious,2,74.71065509872955,True,1.0,0.5,75.9215216570085
TOWT(HoW-cond),Hog_office_Merilyn,123,spike,3,obvious,4,132.05847552916484,True,2.0,0.5,135.02691373083422
TOWT(HoW-cond),Hog_office_Merilyn,123,drift,3,obvious,120,1252.3499195421773,True,106.0,0.08333333333333333,791.3432416988283
TOWT(HoW-cond),Hog_office_Merilyn,123,schedule,2,moderate,216,354.74336074839505,True,4.0,0.046296296296296294,108.54171111366071
TOWT(HoW-cond),Hog_office_Merilyn,123,drift,3,obvious,168,2663.5823665894623,True,3.0,0.6369047619047619,3694.0407416337184
TOWT(HoW-cond),Hog_office_Merilyn,123,schedule,3,obvious,72,44.434143945171144,False,,0.0,176.77181932380736
TOWT(HoW-cond),Hog_office_Miriam,123,spike,2,moderate,2,39.14258735448324,True,1.0,0.5,44.16303677210349
TOWT(HoW-cond),Hog_office_Miriam,123,drift,1,subtle,120,230.44604934093218,False,,0.0,89.59349778698605
TOWT(HoW-cond),Hog_office_Miriam,123,spike,2,moderate,1,35.66467994768293,True,0.0,1.0,35.95661441134332
TOWT(HoW-cond),Hog_office_Miriam,123,drift,1,subtle,312,965.6784438539437,True,22.0,0.09294871794871795,1061.7208548977756
TOWT(HoW-cond),Hog_office_Miriam,123,spike,1,subtle,3,34.72750862214191,True,0.0,1.0,39.3918603332861
TOWT(HoW-cond),Hog_office_Miriam,123,schedule,2,moderate,168,64.25366120822854,True,58.0,0.011904761904761904,150.9819173259237
TOWT(HoW-cond),Hog_office_Napoleon,123,drift,3,obvious,240,20740.01444147993,True,190.0,0.05416666666666667,21199.22070737851
TOWT(HoW-cond),Hog_office_Napoleon,123,drift,2,moderate,312,18377.3115541578,True,29.0,0.36217948717948717,16407.537780260198
TOWT(HoW-cond),Hog_office_Napoleon,123,schedule,3,obvious,144,869.4953581851735,True,93.0,0.006944444444444444,1391.7935988163272
TOWT(HoW-cond),Hog_office_Napoleon,123,schedule,3,obvious,96,837.4576324321979,True,3.0,0.0625,838.6571197260855
TOWT(HoW-cond),Hog_office_Napoleon,123,spike,3,obvious,4,585.2791629388853,True,2.0,0.5,538.0563412767694
TOWT(HoW-cond),Hog_office_Napoleon,123,spike,3,obvious,3,439.4070634100892,True,2.0,0.3333333333333333,476.3380587969663
TOWT(HoW-cond),Hog_office_Shawna,123,schedule,2,moderate,72,1034.6068860201226,False,,0.0,1101.7707011186696
TOWT(HoW-cond),Hog_office_Shawna,123,schedule,3,obvious,96,3263.734547318278,True,8.0,0.34375,3975.0380289871887
TOWT(HoW-cond),Hog_office_Shawna,123,spike,2,moderate,4,850.4716576235535,True,1.0,0.75,815.2687406491848
TOWT(HoW-cond),Hog_office_Shawna,123,spike,1,subtle,5,655.9893883147479,True,4.0,0.2,796.5030155836514
TOWT(HoW-cond),Hog_office_Shawna,123,spike,1,subtle,3,316.8977482297006,True,2.0,0.3333333333333333,256.0862516305053
TOWT(HoW-cond),Hog_office_Shawna,123,drift,2,moderate,312,23154.84143521574,True,4.0,0.26282051282051283,27424.306817346187
TOWT(HoW-cond),Hog_office_Shawnna,123,spike,2,moderate,5,2371.412146578059,True,2.0,0.6,1761.5356612721134
TOWT(HoW-cond),Hog_office_Shawnna,123,drift,1,subtle,144,4751.4831722333965,True,4.0,0.027777777777777776,2507.458912393029
TOWT(HoW-cond),Hog_office_Shawnna,123,schedule,2,moderate,216,653.0373692162267,False,,0.0,3228.528642031443
TOWT(HoW-cond),Hog_office_Shawnna,123,schedule,3,obvious,144,8044.543420406057,True,14.0,0.22916666666666666,8204.728718330247
TOWT(HoW-cond),Hog_office_Shawnna,123,spike,3,obvious,2,1558.1165318333533,True,1.0,0.5,1570.6582339639501
TOWT(HoW-cond),Hog_office_Shawnna,123,spike,1,subtle,5,1317.6350904115675,True,3.0,0.4,1024.7966841160737
TOWT(HoW-cond),Hog_office_Sherrie,123,drift,1,subtle,312,1502.6883443003737,True,78.0,0.07692307692307693,3280.380788086709
TOWT(HoW-cond),Hog_office_Sherrie,123,drift,3,obvious,168,2843.888229420063,True,33.0,0.5773809523809523,3142.0772621803812
TOWT(HoW-cond),Hog_office_Sherrie,123,spike,3,obvious,3,291.8020352741702,True,1.0,0.6666666666666666,277.61898076458476
TOWT(HoW-cond),Hog_office_Sherrie,123,spike,2,moderate,5,282.5523283669032,True,1.0,0.8,288.4510652900833
TOWT(HoW-cond),Hog_office_Sherrie,123,drift,2,moderate,144,1240.5414345171785,True,64.0,0.06944444444444445,1348.552930588866
TOWT(HoW-cond),Hog_office_Sherrie,123,spike,2,moderate,1,135.38450679958814,True,0.0,1.0,136.87283646210332
TOWT(HoW-cond),Hog_office_Shon,123,drift,3,obvious,120,2948.463897397897,True,66.0,0.075,2854.659347153108
TOWT(HoW-cond),Hog_office_Shon,123,spike,2,moderate,4,269.0109492648661,True,2.0,0.5,235.31868457936753
TOWT(HoW-cond),Hog_office_Shon,123,drift,2,moderate,120,1947.8557803483086,True,57.0,0.10833333333333334,2473.8592621061375
TOWT(HoW-cond),Hog_office_Shon,123,drift,3,obvious,216,11247.793831062876,True,87.0,0.06944444444444445,12058.823146628118
TOWT(HoW-cond),Hog_office_Shon,123,drift,2,moderate,264,7232.998301440217,True,218.0,0.030303030303030304,6577.566387886442
TOWT(HoW-cond),Hog_office_Shon,123,spike,3,obvious,2,191.61788634989614,True,1.0,0.5,181.5576037166363
TOWT(HoW-cond),Hog_office_Sydney,123,spike,2,moderate,2,153.76692493643083,True,1.0,0.5,149.79747569080072
TOWT(HoW-cond),Hog_office_Sydney,123,schedule,3,obvious,72,727.3023863134501,True,14.0,0.2638888888888889,489.3463612034898
TOWT(HoW-cond),Hog_office_Sydney,123,spike,2,moderate,3,205.02813478194554,True,1.0,0.6666666666666666,191.1184377793477
TOWT(HoW-cond),Hog_office_Sydney,123,drift,1,subtle,264,5315.767404450148,True,101.0,0.011363636363636364,2413.7965427598874
TOWT(HoW-cond),Hog_office_Sydney,123,schedule,3,obvious,144,956.7663238616351,False,,0.0,695.7235050745953
TOWT(HoW-cond),Hog_office_Sydney,123,drift,2,moderate,168,6145.092488138226,True,19.0,0.35119047619047616,3893.474722916818
TOWT(HoW-cond),Hog_office_Valda,123,spike,2,moderate,3,147.18737605936093,True,1.0,0.6666666666666666,129.1196729530051
TOWT(HoW-cond),Hog_office_Valda,123,spike,2,moderate,1,78.9182213779984,True,0.0,1.0,75.10697842758317
TOWT(HoW-cond),Hog_office_Valda,123,schedule,3,obvious,96,39.10848908515853,True,45.0,0.010416666666666666,463.6728111927617
TOWT(HoW-cond),Hog_office_Valda,123,spike,2,moderate,5,192.79737053892276,True,1.0,0.8,200.87521508823795
TOWT(HoW-cond),Hog_office_Valda,123,spike,1,subtle,4,86.50562247331051,True,1.0,0.75,92.84313569057429
TOWT(HoW-cond),Hog_office_Valda,123,spike,2,moderate,3,115.39396740012796,True,1.0,0.6666666666666666,118.32813892897624
TOWT(HoW-cond),Lamb_education_Armando,123,schedule,2,moderate,72,203.13693771528114,False,,0.0,892.6755381582552
TOWT(HoW-cond),Lamb_education_Armando,123,schedule,1,subtle,168,87.28334918811282,False,,0.0,2216.7187536763663
TOWT(HoW-cond),Lamb_education_Armando,123,spike,3,obvious,1,377.12178654530476,True,0.0,1.0,382.0861824891415
TOWT(HoW-cond),Lamb_education_Armando,123,drift,3,obvious,312,7857.0451735646675,True,66.0,0.23397435897435898,7156.059061937236
TOWT(HoW-cond),Lamb_education_Armando,123,spike,2,moderate,3,386.59756392503573,True,1.0,0.6666666666666666,385.1933256346247
TOWT(HoW-cond),Lamb_education_Armando,123,spike,2,moderate,4,413.23074896014316,True,1.0,0.75,568.3226959597225
TOWT(HoW-cond),Lamb_education_Eula,123,spike,3,obvious,4,26.294354402095188,True,1.0,0.75,26.503403199063165
TOWT(HoW-cond),Lamb_education_Eula,123,spike,1,subtle,1,5.799574332677247,True,0.0,1.0,5.779312738526391
TOWT(HoW-cond),Lamb_education_Eula,123,spike,3,obvious,5,34.334959750450494,True,0.0,1.0,43.62757738871948
TOWT(HoW-cond),Lamb_education_Eula,123,spike,1,subtle,2,7.181574523397411,True,1.0,0.5,10.941967290027502
TOWT(HoW-cond),Lamb_education_Eula,123,spike,1,subtle,1,6.59423254631242,True,0.0,1.0,6.403326221517069
TOWT(HoW-cond),Lamb_education_Eula,123,spike,3,obvious,1,15.329047213601562,True,0.0,1.0,15.58539692063721
TOWT(HoW-cond),Lamb_education_Lazaro,123,spike,2,moderate,5,374.47784520017035,False,,0.0,614.9622587734214
TOWT(HoW-cond),Lamb_education_Lazaro,123,drift,1,subtle,216,401.29286658232274,False,,0.0,47.83490671130365
TOWT(HoW-cond),Lamb_education_Lazaro,123,spike,2,moderate,3,201.78794729269748,True,1.0,0.6666666666666666,217.1497912905823
TOWT(HoW-cond),Lamb_education_Lazaro,123,drift,3,obvious,192,1592.6761325556072,True,111.0,0.23958333333333334,5338.796490947146
TOWT(HoW-cond),Lamb_education_Lazaro,123,spike,3,obvious,2,231.02367481296838,True,1.0,0.5,219.10606337871988
TOWT(HoW-cond),Lamb_education_Lazaro,123,drift,1,subtle,168,241.48661946843598,False,,0.0,0.0
TOWT(HoW-cond),Lamb_education_Lucas,123,schedule,3,obvious,168,76.518357105516,True,28.0,0.02976190476190476,223.6186333071618
TOWT(HoW-cond),Lamb_education_Lucas,123,spike,3,obvious,1,54.16916519743869,True,0.0,1.0,54.464698094954585
TOWT(HoW-cond),Lamb_education_Lucas,123,schedule,3,obvious,72,5.869035981446744,True,8.0,0.027777777777777776,90.5095964183013
TOWT(HoW-cond),Lamb_education_Lucas,123,spike,2,moderate,5,83.64456360822592,True,1.0,0.8,106.38331732084463
TOWT(HoW-cond),Lamb_education_Lucas,123,spike,1,subtle,1,21.503552764624672,True,0.0,1.0,20.387984342764586
TOWT(HoW-cond),Lamb_education_Lucas,123,drift,2,moderate,168,225.2261936276376,True,6.0,0.09523809523809523,372.2498763928173
TOWT(HoW-cond),Lamb_education_Mae,123,drift,1,subtle,288,2090.9792705675427,True,64.0,0.010416666666666666,2955.5300820251214
TOWT(HoW-cond),Lamb_education_Mae,123,drift,3,obvious,168,3878.3792791977203,True,73.0,0.23809523809523808,5492.158098062353
TOWT(HoW-cond),Lamb_education_Mae,123,drift,2,moderate,192,3616.5649037878884,False,,0.0,652.9555641455407
TOWT(HoW-cond),Lamb_education_Mae,123,spike,1,subtle,2,168.00759362156072,True,1.0,0.5,191.99057634156915
TOWT(HoW-cond),Lamb_education_Mae,123,schedule,3,obvious,144,5.109533279254961,False,,0.0,2594.561515226541
TOWT(HoW-cond),Lamb_education_Mae,123,spike,2,moderate,4,497.76086737073166,True,1.0,0.75,474.6649804696413
TOWT(HoW-cond),Lamb_education_Williams,123,spike,3,obvious,3,424.58042233121216,True,1.0,0.6666666666666666,421.247718846009
TOWT(HoW-cond),Lamb_education_Williams,123,spike,1,subtle,3,170.23417353918882,True,1.0,0.6666666666666666,159.88547257291253
TOWT(HoW-cond),Lamb_education_Williams,123,schedule,2,moderate,192,51.864066737421766,True,37.0,0.057291666666666664,1655.2792894352199
TOWT(HoW-cond),Lamb_education_Williams,123,spike,3,obvious,2,312.0306486506167,True,1.0,0.5,308.05558278952714
TOWT(HoW-cond),Lamb_education_Williams,123,spike,2,moderate,3,345.7997785693358,True,1.0,0.6666666666666666,227.83402168502477
TOWT(HoW-cond),Lamb_education_Williams,123,spike,1,subtle,3,169.72626497152717,True,1.0,0.6666666666666666,195.2438031397641
TOWT(HoW-cond),Lamb_office_Caitlin,123,drift,2,moderate,120,262.52918539532453,False,,0.0,3.534349879499171
TOWT(HoW-cond),Lamb_office_Caitlin,123,spike,3,obvious,3,568.3639822512657,True,1.0,0.6666666666666666,522.3490867736414
TOWT(HoW-cond),Lamb_office_Caitlin,123,drift,1,subtle,288,704.4995026024479,True,29.0,0.059027777777777776,3139.629049419271
TOWT(HoW-cond),Lamb_office_Caitlin,123,spike,1,subtle,5,313.85656167965396,True,2.0,0.6,225.2105216997037
TOWT(HoW-cond),Lamb_office_Caitlin,123,spike,2,moderate,5,568.2456667214833,True,3.0,0.4,269.65425899786555
TOWT(HoW-cond),Lamb_office_Caitlin,123,spike,2,moderate,3,305.0811978420506,False,,0.0,305.5452817613087
TOWT(HoW-cond),Lamb_office_Velma,123,spike,2,moderate,4,579.3785831747393,True,2.0,0.5,780.4018690707574
TOWT(HoW-cond),Lamb_office_Velma,123,drift,1,subtle,264,3600.407790458008,True,5.0,0.09090909090909091,8133.1111221099445
TOWT(HoW-cond),Lamb_office_Velma,123,schedule,3,obvious,72,529.7124723853377,False,,0.0,1731.355390067039
TOWT(HoW-cond),Lamb_office_Velma,123,schedule,3,obvious,168,905.7834583344495,True,23.0,0.02976190476190476,1897.824899666798
TOWT(HoW-cond),Lamb_office_Velma,123,drift,2,moderate,264,11018.856200311362,True,114.0,0.03787878787878788,14209.496247095101
TOWT(HoW-cond),Lamb_office_Velma,123,spike,1,subtle,1,203.31928736081287,True,0.0,1.0,229.28433635859963
TOWT(HoW-cond),Rat_retail_Jeffrey,123,spike,1,subtle,5,297.07819054346146,False,,0.0,258.36900972800595
TOWT(HoW-cond),Rat_retail_Jeffrey,123,drift,2,moderate,288,8884.572843683076,True,175.0,0.09722222222222222,10087.349083802945
TOWT(HoW-cond),Rat_retail_Jeffrey,123,drift,3,obvious,312,16042.159321483588,True,195.0,0.11538461538461539,18720.26940613814
TOWT(HoW-cond),Rat_retail_Jeffrey,123,drift,3,obvious,288,13433.287503070473,True,14.0,0.4513888888888889,15947.221960097137
TOWT(HoW-cond),Rat_retail_Jeffrey,123,spike,2,moderate,4,396.18797784816087,False,,0.0,451.9647474182686
TOWT(HoW-cond),Rat_retail_Jeffrey,123,spike,1,subtle,2,149.27212647463435,False,,0.0,155.895081240358
TOWT(HoW-cond),Robin_education_Zenia,123,drift,3,obvious,240,23393.72141148178,True,13.0,0.2625,43614.285857670955
TOWT(HoW-cond),Robin_education_Zenia,123,drift,2,moderate,216,11875.093738761898,True,11.0,0.4398148148148148,30670.149828867903
TOWT(HoW-cond),Robin_education_Zenia,123,spike,2,moderate,3,222.03735529951837,True,2.0,0.3333333333333333,385.4592253194758
TOWT(HoW-cond),Robin_education_Zenia,123,drift,1,subtle,288,9160.385486153853,True,183.0,0.017361111111111112,29012.311270357364
TOWT(HoW-cond),Robin_education_Zenia,123,spike,2,moderate,5,431.4815913558175,False,,0.0,911.2058283704803
TOWT(HoW-cond),Robin_education_Zenia,123,spike,1,subtle,3,167.63958684164422,False,,0.0,340.45604073010156
TOWT(HoW-cond),Robin_office_Dina,123,spike,1,subtle,4,68.4746983087544,False,,0.0,89.17549299086218
TOWT(HoW-cond),Robin_office_Dina,123,spike,2,moderate,1,57.843807887198196,False,,0.0,44.87228102199764
TOWT(HoW-cond),Robin_office_Dina,123,spike,2,moderate,4,105.04301321096541,True,2.0,0.5,97.6224056679521
TOWT(HoW-cond),Robin_office_Dina,123,drift,1,subtle,312,2636.196139427071,True,54.0,0.266025641025641,2900.8775172483056
TOWT(HoW-cond),Robin_office_Dina,123,drift,3,obvious,240,5380.373982455583,True,23.0,0.5458333333333333,5618.76441548045
TOWT(HoW-cond),Robin_office_Dina,123,spike,2,moderate,5,151.9427563095937,True,2.0,0.6,142.6761264916047
TOWT(HoW-cond),Robin_office_Sammie,123,schedule,2,moderate,168,483.8792634429125,True,160.0,0.011904761904761904,618.8238917997068
TOWT(HoW-cond),Robin_office_Sammie,123,schedule,3,obvious,192,977.3897562849763,False,,0.0,901.5484949440822
TOWT(HoW-cond),Robin_office_Sammie,123,drift,1,subtle,264,2755.0334119244794,True,144.0,0.007575757575757576,668.5902679842513
TOWT(HoW-cond),Robin_office_Sammie,123,spike,3,obvious,4,364.36019766409277,True,1.0,0.75,441.9083543049486
TOWT(HoW-cond),Robin_office_Sammie,123,schedule,3,obvious,168,2314.2865402050898,False,,0.0,999.933156449958
TOWT(HoW-cond),Robin_office_Sammie,123,spike,3,obvious,5,474.4082509322585,True,2.0,0.6,486.5443957048751
TOWT(HoW-cond),Shrew_office_Doris,123,drift,3,obvious,312,44891.62811435338,True,32.0,0.6185897435897436,46149.776343329555
TOWT(HoW-cond),Shrew_office_Doris,123,spike,1,subtle,2,237.15238122664746,True,1.0,0.5,218.89634152913794
TOWT(HoW-cond),Shrew_office_Doris,123,schedule,3,obvious,216,1297.1953433177616,False,,0.0,1497.424160049286
TOWT(HoW-cond),Shrew_office_Doris,123,schedule,3,obvious,72,35.91670620662419,True,20.0,0.027777777777777776,1024.432840669546
TOWT(HoW-cond),Shrew_office_Doris,123,schedule,3,obvious,120,5.573837452122518,True,77.0,0.05,2513.802292888793
TOWT(HoW-cond),Shrew_office_Doris,123,spike,3,obvious,2,454.8096962841917,True,1.0,0.5,472.471208694848
TOWT(HoW-cond),Shrew_office_Ila,123,drift,2,moderate,240,12234.707321185711,True,11.0,0.5541666666666667,10350.4887709588
TOWT(HoW-cond),Shrew_office_Ila,123,schedule,3,obvious,192,57.235751088076555,False,,0.0,817.2435442932133
TOWT(HoW-cond),Shrew_office_Ila,123,drift,1,subtle,240,3195.899958049458,True,57.0,0.20833333333333334,5160.163009434305
TOWT(HoW-cond),Shrew_office_Ila,123,spike,2,moderate,3,354.27865606545697,True,1.0,0.6666666666666666,351.53520451957655
TOWT(HoW-cond),Shrew_office_Ila,123,schedule,3,obvious,192,3.1847764428720353,False,,0.0,1259.232604954861
TOWT(HoW-cond),Shrew_office_Ila,123,drift,3,obvious,240,22688.051141610937,True,11.0,0.8,24292.369959100168
TOWT(HoW-cond),Shrew_office_Kenneth,123,spike,3,obvious,2,131.11670586022714,True,1.0,0.5,120.86650573680302
TOWT(HoW-cond),Shrew_office_Kenneth,123,spike,2,moderate,5,227.0242444596504,True,1.0,0.8,159.96538311048414
TOWT(HoW-cond),Shrew_office_Kenneth,123,drift,3,obvious,240,5053.890885911685,True,106.0,0.2125,3699.8024183030816
TOWT(HoW-cond),Shrew_office_Kenneth,123,drift,3,obvious,264,5293.377061299316,True,200.0,0.022727272727272728,3694.6916715311277
TOWT(HoW-cond),Shrew_office_Kenneth,123,drift,2,moderate,264,2846.954348101387,True,28.0,0.17803030303030304,578.9153354131283
TOWT(HoW-cond),Shrew_office_Kenneth,123,spike,2,moderate,4,176.17399675860463,True,2.0,0.5,113.12867797003084
TOWT(HoW-cond),Shrew_office_Nora,123,spike,1,subtle,3,363.7027421884706,True,1.0,0.6666666666666666,367.817909230543
TOWT(HoW-cond),Shrew_office_Nora,123,schedule,3,obvious,168,2229.075651298478,True,0.0,0.32142857142857145,3015.8609216719997
TOWT(HoW-cond),Shrew_office_Nora,123,spike,3,obvious,5,1307.2052737697059,True,1.0,0.8,1338.7100502348362
TOWT(HoW-cond),Shrew_office_Nora,123,spike,2,moderate,5,1074.4165419552485,True,1.0,0.8,1110.9270905391977
TOWT(HoW-cond),Shrew_office_Nora,123,schedule,3,obvious,72,981.9580003229489,True,0.0,0.4444444444444444,1664.1503453434952
TOWT(HoW-cond),Shrew_office_Nora,123,spike,1,subtle,2,299.98487883646453,True,1.0,0.5,283.652226003456
TOWT(HoW-cond),Shrew_office_Sherill,123,spike,3,obvious,4,1938.3662349644947,True,1.0,0.75,1954.3085992104625
TOWT(HoW-cond),Shrew_office_Sherill,123,schedule,3,obvious,168,1063.2674640853456,True,9.0,0.1488095238095238,3424.848098709628
TOWT(HoW-cond),Shrew_office_Sherill,123,schedule,2,moderate,144,52.89200787198175,True,47.0,0.006944444444444444,334.0091399928758
TOWT(HoW-cond),Shrew_office_Sherill,123,drift,3,obvious,168,20296.48426102668,True,31.0,0.7083333333333334,22101.24528488153
TOWT(HoW-cond),Shrew_office_Sherill,123,spike,3,obvious,2,891.9483588151319,True,1.0,0.5,912.7735736858505
TOWT(HoW-cond),Shrew_office_Sherill,123,spike,1,subtle,3,597.9218152987612,True,1.0,0.6666666666666666,732.7945737454969
TOWT(HoW-cond),Wolf_office_Darleen,123,drift,2,moderate,312,5118.617371022473,True,112.0,0.266025641025641,4251.379121998775
TOWT(HoW-cond),Wolf_office_Darleen,123,drift,2,moderate,144,1122.0444420374765,True,90.0,0.1527777777777778,1419.8691724205955
TOWT(HoW-cond),Wolf_office_Darleen,123,drift,3,obvious,216,4625.169208288764,True,57.0,0.4166666666666667,4394.525313098642
TOWT(HoW-cond),Wolf_office_Darleen,123,spike,2,moderate,4,240.52539583615456,True,1.0,0.75,268.33522316724213
TOWT(HoW-cond),Wolf_office_Darleen,123,drift,1,subtle,168,722.2431690015353,True,0.0,0.1488095238095238,1214.9396947079777
TOWT(HoW-cond),Wolf_office_Darleen,123,schedule,2,moderate,216,6.372364314854387,False,,0.0,422.7806343836874
TOWT(HoW-cond),Wolf_retail_Harriett,123,schedule,2,moderate,144,41.589040571361394,False,,0.0,888.8197724945617
TOWT(HoW-cond),Wolf_retail_Harriett,123,schedule,2,moderate,96,20.026795522465733,False,,0.0,783.3962239507243
TOWT(HoW-cond),Wolf_retail_Harriett,123,spike,2,moderate,5,304.5069252343177,True,2.0,0.6,424.09090992059964
TOWT(HoW-cond),Wolf_retail_Harriett,123,spike,2,moderate,4,204.21169334656463,True,2.0,0.5,264.57581843439664
TOWT(HoW-cond),Wolf_retail_Harriett,123,drift,1,subtle,192,1245.6474215603403,False,,0.0,2172.87257995009
TOWT(HoW-cond),Wolf_retail_Harriett,123,drift,3,obvious,264,7344.239049400337,True,2.0,0.25757575757575757,10131.31200769408
TOWT(HoW-cond),Wolf_retail_Marcella,123,spike,1,subtle,2,13.916313168209674,True,0.0,1.0,24.971067262714882
TOWT(HoW-cond),Wolf_retail_Marcella,123,drift,3,obvious,264,1145.6896641735011,True,17.0,0.3181818181818182,1488.956297778436
TOWT(HoW-cond),Wolf_retail_Marcella,123,drift,2,moderate,144,198.96519574007425,True,14.0,0.013888888888888888,155.0430684495956
TOWT(HoW-cond),Wolf_retail_Marcella,123,spike,3,obvious,4,59.222953564174716,True,2.0,0.5,60.50143881332262
TOWT(HoW-cond),Wolf_retail_Marcella,123,spike,1,subtle,1,14.837894350572272,True,0.0,1.0,13.629309430861957
TOWT(HoW-cond),Wolf_retail_Marcella,123,spike,2,moderate,4,32.44073899726534,True,1.0,0.75,32.41213213195171
TOWT(HoW-cond),Wolf_retail_Toshia,123,spike,1,subtle,4,303.6671023696364,True,1.0,0.75,296.0081351395444
TOWT(HoW-cond),Wolf_retail_Toshia,123,spike,1,subtle,4,332.1122316161035,True,2.0,0.5,281.04361647845917
TOWT(HoW-cond),Wolf_retail_Toshia,123,schedule,2,moderate,144,83.30849022986973,True,5.0,0.006944444444444444,1069.9897646511304
TOWT(HoW-cond),Wolf_retail_Toshia,123,spike,2,moderate,2,312.40678412779,True,1.0,0.5,220.3252558102642
TOWT(HoW-cond),Wolf_retail_Toshia,123,spike,3,obvious,2,471.3347275443462,True,1.0,0.5,522.255465175108
TOWT(HoW-cond),Wolf_retail_Toshia,123,schedule,2,moderate,120,6.526262952639762,True,56.0,0.016666666666666666,1589.1052448002174
HOW-profile+z(slot),Fox_education_Henrietta,123,spike,3,obvious,3,107.28066628343188,False,,0.0,
HOW-profile+z(slot),Fox_education_Henrietta,123,spike,1,subtle,2,38.79410978520845,True,1.0,0.5,
HOW-profile+z(slot),Fox_education_Henrietta,123,drift,3,obvious,216,1933.886031900874,True,193.0,0.004629629629629629,
HOW-profile+z(slot),Fox_education_Henrietta,123,schedule,3,obvious,72,4.398242775736969,False,,0.0,
HOW-profile+z(slot),Fox_education_Henrietta,123,spike,3,obvious,4,160.57591003856936,True,2.0,0.5,
HOW-profile+z(slot),Fox_education_Henrietta,123,spike,2,moderate,3,69.44453542686097,True,1.0,0.6666666666666666,
HOW-profile+z(slot),Fox_retail_Manie,123,schedule,3,obvious,96,227.11597207258032,True,50.0,0.010416666666666666,
HOW-profile+z(slot),Fox_retail_Manie,123,drift,1,subtle,192,1233.548743144401,True,139.0,0.10416666666666667,
HOW-profile+z(slot),Fox_retail_Manie,123,spike,3,obvious,2,256.61536206414166,True,1.0,0.5,
HOW-profile+z(slot),Fox_retail_Manie,123,drift,3,obvious,240,8289.663100225807,True,16.0,0.4,
HOW-profile+z(slot),Fox_retail_Manie,123,spike,3,obvious,2,237.32739808430793,True,1.0,0.5,
HOW-profile+z(slot),Fox_retail_Manie,123,spike,1,subtle,2,99.0726521706526,False,,0.0,
HOW-profile+z(slot),Hog_education_Bruno,123,drift,2,moderate,168,12811.470511399853,True,11.0,0.8809523809523809,
HOW-profile+z(slot),Hog_education_Bruno,123,spike,2,moderate,1,275.8232577143261,True,0.0,1.0,
HOW-profile+z(slot),Hog_education_Bruno,123,drift,2,moderate,240,23664.966243209576,True,139.0,0.0125,
HOW-profile+z(slot),Hog_education_Bruno,123,drift,2,moderate,192,17388.559118296256,True,53.0,0.6458333333333334,
HOW-profile+z(slot),Hog_education_Bruno,123,spike,2,moderate,2,208.75207993954868,True,0.0,1.0,
HOW-profile+z(slot),Hog_education_Bruno,123,schedule,3,obvious,216,76.45355843684771,True,81.0,0.018518518518518517,
HOW-profile+z(slot),Hog_education_Caridad,123,spike,1,subtle,2,2731.6933904597063,True,1.0,0.5,
HOW-profile+z(slot),Hog_education_Caridad,123,drift,3,obvious,168,99252.01194407106,True,10.0,0.9404761904761905,
HOW-profile+z(slot),Hog_education_Caridad,123,spike,1,subtle,3,3519.2878507706814,True,1.0,0.6666666666666666,
HOW-profile+z(slot),Hog_education_Caridad,123,spike,3,obvious,1,6794.154067709553,True,0.0,1.0,
HOW-profile+z(slot),Hog_education_Caridad,123,drift,1,subtle,264,43165.13655367314,True,177.0,0.015151515151515152,
HOW-profile+z(slot),Hog_education_Caridad,123,drift,3,obvious,144,73297.95555006973,True,51.0,0.2777777777777778,
HOW-profile+z(slot),Hog_education_Josh,123,drift,3,obvious,144,7959.513378869462,True,132.0,0.020833333333333332,
HOW-profile+z(slot),Hog_education_Josh,123,spike,2,moderate,4,611.0395308891121,True,1.0,0.75,
HOW-profile+z(slot),Hog_education_Josh,123,spike,1,subtle,3,366.67162677451927,False,,0.0,
HOW-profile+z(slot),Hog_education_Josh,123,drift,3,obvious,168,13020.370345217947,True,106.0,0.005952380952380952,
HOW-profile+z(slot),Hog_education_Josh,123,drift,1,subtle,192,4363.562263827134,False,,0.0,
HOW-profile+z(slot),Hog_education_Josh,123,spike,1,subtle,2,238.78457205940967,True,1.0,0.5,
HOW-profile+z(slot),Hog_education_Luvenia,123,spike,1,subtle,3,455.8344024507873,False,,0.0,
HOW-profile+z(slot),Hog_education_Luvenia,123,drift,2,moderate,264,54929.1258237537,True,9.0,0.7045454545454546,
HOW-profile+z(slot),Hog_education_Luvenia,123,spike,1,subtle,4,439.39032680624484,True,2.0,0.5,
HOW-profile+z(slot),Hog_education_Luvenia,123,spike,3,obvious,1,715.5647282123108,True,0.0,1.0,
HOW-profile+z(slot),Hog_education_Luvenia,123,drift,3,obvious,240,72870.03993593014,True,127.0,0.13333333333333333,
HOW-profile+z(slot),Hog_education_Luvenia,123,schedule,3,obvious,72,2322.155392898221,False,,0.0,
HOW-profile+z(slot),Hog_office_Almeda,123,schedule,2,moderate,72,28.67787876675679,True,21.0,0.16666666666666666,
HOW-profile+z(slot),Hog_office_Almeda,123,schedule,2,moderate,216,70.12106487566511,True,25.0,0.10648148148148148,
HOW-profile+z(slot),Hog_office_Almeda,123,drift,3,obvious,312,15353.001099313558,True,0.0,0.5192307692307693,
HOW-profile+z(slot),Hog_office_Almeda,123,drift,1,subtle,144,526.8887717240907,True,33.0,0.18055555555555555,
HOW-profile+z(slot),Hog_office_Almeda,123,spike,1,subtle,3,139.24990344202638,True,1.0,0.6666666666666666,
HOW-profile+z(slot),Hog_office_Almeda,123,spike,1,subtle,1,82.28338102216038,True,0.0,1.0,
HOW-profile+z(slot),Hog_office_Cortney,123,schedule,3,obvious,192,675.659755778285,False,,0.0,
HOW-profile+z(slot),Hog_office_Cortney,123,spike,2,moderate,3,365.9656243934651,True,1.0,0.6666666666666666,
HOW-profile+z(slot),Hog_office_Cortney,123,drift,3,obvious,264,9154.375686841197,True,11.0,0.5227272727272727,
HOW-profile+z(slot),Hog_office_Cortney,123,spike,3,obvious,5,863.5552763422403,True,1.0,0.8,
HOW-profile+z(slot),Hog_office_Cortney,123,drift,3,obvious,144,2657.890143930311,True,51.0,0.3125,
HOW-profile+z(slot),Hog_office_Cortney,123,spike,3,obvious,1,434.0589581084138,True,0.0,1.0,
HOW-profile+z(slot),Hog_office_Denita,123,spike,2,moderate,2,148.04479456749272,True,1.0,0.5,
HOW-profile+z(slot),Hog_office_Denita,123,schedule,2,moderate,192,80.75676933641031,True,167.0,0.005208333333333333,
HOW-profile+z(slot),Hog_office_Denita,123,drift,3,obvious,144,2706.766864515737,True,107.0,0.10416666666666667,
HOW-profile+z(slot),Hog_office_Denita,123,drift,2,moderate,168,2084.49776224874,True,110.0,0.08928571428571429,
HOW-profile+z(slot),Hog_office_Denita,123,schedule,2,moderate,144,168.49448279533027,False,,0.0,
HOW-profile+z(slot),Hog_office_Denita,123,spike,3,obvious,2,281.2051967311053,True,1.0,0.5,
HOW-profile+z(slot),Hog_office_Garrett,123,spike,1,subtle,2,800.6226854998857,True,1.0,0.5,
HOW-profile+z(slot),Hog_office_Garrett,123,drift,1,subtle,216,9195.820381574535,True,97.0,0.12962962962962962,
HOW-profile+z(slot),Hog_office_Garrett,123,schedule,3,obvious,96,2092.359428346967,True,14.0,0.19791666666666666,
HOW-profile+z(slot),Hog_office_Garrett,123,drift,1,subtle,144,3323.6156797907715,True,8.0,0.2013888888888889,
HOW-profile+z(slot),Hog_office_Garrett,123,drift,3,obvious,264,67734.00437875827,True,5.0,0.5606060606060606,
HOW-profile+z(slot),Hog_office_Garrett,123,spike,3,obvious,5,4328.092876349334,True,1.0,0.8,
HOW-profile+z(slot),Hog_office_Lavon,123,spike,1,subtle,3,2374.6235557297014,True,1.0,0.6666666666666666,
HOW-profile+z(slot),Hog_office_Lavon,123,spike,2,moderate,3,3794.3724276334815,True,1.0,0.6666666666666666,
HOW-profile+z(slot),Hog_office_Lavon,123,drift,2,moderate,312,2773.0338335095603,True,299.0,0.003205128205128205,
HOW-profile+z(slot),Hog_office_Lavon,123,spike,3,obvious,2,4451.899146126511,True,1.0,0.5,
HOW-profile+z(slot),Hog_office_Lavon,123,spike,1,subtle,5,4225.881840189359,True,2.0,0.6,
HOW-profile+z(slot),Hog_office_Lavon,123,spike,3,obvious,3,4991.004728707769,True,1.0,0.6666666666666666,
HOW-profile+z(slot),Hog_office_Merilyn,123,spike,3,obvious,2,74.71065509872955,True,1.0,0.5,
HOW-profile+z(slot),Hog_office_Merilyn,123,spike,3,obvious,4,132.05847552916484,True,2.0,0.5,
HOW-profile+z(slot),Hog_office_Merilyn,123,drift,3,obvious,120,1252.3499195421773,True,104.0,0.058333333333333334,
HOW-profile+z(slot),Hog_office_Merilyn,123,schedule,2,moderate,216,354.74336074839505,True,141.0,0.004629629629629629,
HOW-profile+z(slot),Hog_office_Merilyn,123,drift,3,obvious,168,2663.5823665894623,True,53.0,0.3333333333333333,
HOW-profile+z(slot),Hog_office_Merilyn,123,schedule,3,obvious,72,44.434143945171144,False,,0.0,
HOW-profile+z(slot),Hog_office_Miriam,123,spike,2,moderate,2,39.14258735448324,True,1.0,0.5,
HOW-profile+z(slot),Hog_office_Miriam,123,drift,1,subtle,120,230.44604934093218,False,,0.0,
HOW-profile+z(slot),Hog_office_Miriam,123,spike,2,moderate,1,35.66467994768293,True,0.0,1.0,
HOW-profile+z(slot),Hog_office_Miriam,123,drift,1,subtle,312,965.6784438539437,True,14.0,0.02564102564102564,
HOW-profile+z(slot),Hog_office_Miriam,123,spike,1,subtle,3,34.72750862214191,True,0.0,1.0,
HOW-profile+z(slot),Hog_office_Miriam,123,schedule,2,moderate,168,64.25366120822854,False,,0.0,
HOW-profile+z(slot),Hog_office_Napoleon,123,drift,3,obvious,240,20740.01444147993,True,139.0,0.05416666666666667,
HOW-profile+z(slot),Hog_office_Napoleon,123,drift,2,moderate,312,18377.3115541578,True,29.0,0.3525641025641026,
HOW-profile+z(slot),Hog_office_Napoleon,123,schedule,3,obvious,144,869.4953581851735,True,93.0,0.006944444444444444,
HOW-profile+z(slot),Hog_office_Napoleon,123,schedule,3,obvious,96,837.4576324321979,True,3.0,0.07291666666666667,
HOW-profile+z(slot),Hog_office_Napoleon,123,spike,3,obvious,4,585.2791629388853,True,1.0,0.75,
HOW-profile+z(slot),Hog_office_Napoleon,123,spike,3,obvious,3,439.4070634100892,True,2.0,0.3333333333333333,
HOW-profile+z(slot),Hog_office_Shawna,123,schedule,2,moderate,72,1034.6068860201226,False,,0.0,
HOW-profile+z(slot),Hog_office_Shawna,123,schedule,3,obvious,96,3263.734547318278,True,8.0,0.34375,
HOW-profile+z(slot),Hog_office_Shawna,123,spike,2,moderate,4,850.4716576235535,True,1.0,0.75,
HOW-profile+z(slot),Hog_office_Shawna,123,spike,1,subtle,5,655.9893883147479,True,4.0,0.2,
HOW-profile+z(slot),Hog_office_Shawna,123,spike,1,subtle,3,316.8977482297006,True,2.0,0.3333333333333333,
HOW-profile+z(slot),Hog_office_Shawna,123,drift,2,moderate,312,23154.84143521574,True,4.0,0.4198717948717949,
HOW-profile+z(slot),Hog_office_Shawnna,123,spike,2,moderate,5,2371.412146578059,True,2.0,0.6,
HOW-profile+z(slot),Hog_office_Shawnna,123,drift,1,subtle,144,4751.4831722333965,True,4.0,0.10416666666666667,
HOW-profile+z(slot),Hog_office_Shawnna,123,schedule,2,moderate,216,653.0373692162267,True,1.0,0.07407407407407407,
HOW-profile+z(slot),Hog_office_Shawnna,123,schedule,3,obvious,144,8044.543420406057,True,13.0,0.3055555555555556,
HOW-profile+z(slot),Hog_office_Shawnna,123,spike,3,obvious,2,1558.1165318333533,True,1.0,0.5,
HOW-profile+z(slot),Hog_office_Shawnna,123,spike,1,subtle,5,1317.6350904115675,True,2.0,0.6,
HOW-profile+z(slot),Hog_office_Sherrie,123,drift,1,subtle,312,1502.6883443003737,True,63.0,0.08012820512820513,
HOW-profile+z(slot),Hog_office_Sherrie,123,drift,3,obvious,168,2843.888229420063,True,28.0,0.6726190476190477,
HOW-profile+z(slot),Hog_office_Sherrie,123,spike,3,obvious,3,291.8020352741702,True,1.0,0.6666666666666666,
HOW-profile+z(slot),Hog_office_Sherrie,123,spike,2,moderate,5,282.5523283669032,True,2.0,0.6,
HOW-profile+z(slot),Hog_office_Sherrie,123,drift,2,moderate,144,1240.5414345171785,True,140.0,0.006944444444444444,
HOW-profile+z(slot),Hog_office_Sherrie,123,spike,2,moderate,1,135.38450679958814,True,0.0,1.0,
HOW-profile+z(slot),Hog_office_Shon,123,drift,3,obvious,120,2948.463897397897,True,66.0,0.125,
HOW-profile+z(slot),Hog_office_Shon,123,spike,2,moderate,4,269.0109492648661,True,2.0,0.5,
HOW-profile+z(slot),Hog_office_Shon,123,drift,2,moderate,120,1947.8557803483086,True,57.0,0.14166666666666666,
HOW-profile+z(slot),Hog_office_Shon,123,drift,3,obvious,216,11247.793831062876,True,124.0,0.21296296296296297,
HOW-profile+z(slot),Hog_office_Shon,123,drift,2,moderate,264,7232.998301440217,True,119.0,0.08712121212121213,
HOW-profile+z(slot),Hog_office_Shon,123,spike,3,obvious,2,191.61788634989614,True,1.0,0.5,
HOW-profile+z(slot),Hog_office_Sydney,123,spike,2,moderate,2,153.76692493643083,True,1.0,0.5,
HOW-profile+z(slot),Hog_office_Sydney,123,schedule,3,obvious,72,727.3023863134501,True,14.0,0.2638888888888889,
HOW-profile+z(slot),Hog_office_Sydney,123,spike,2,moderate,3,205.02813478194554,True,1.0,0.6666666666666666,
HOW-profile+z(slot),Hog_office_Sydney,123,drift,1,subtle,264,5315.767404450148,True,173.0,0.003787878787878788,
HOW-profile+z(slot),Hog_office_Sydney,123,schedule,3,obvious,144,956.7663238616351,False,,0.0,
HOW-profile+z(slot),Hog_office_Sydney,123,drift,2,moderate,168,6145.092488138226,True,18.0,0.30952380952380953,
HOW-profile+z(slot),Hog_office_Valda,123,spike,2,moderate,3,147.18737605936093,True,1.0,0.6666666666666666,
HOW-profile+z(slot),Hog_office_Valda,123,spike,2,moderate,1,78.9182213779984,True,0.0,1.0,
HOW-profile+z(slot),Hog_office_Valda,123,schedule,3,obvious,96,39.10848908515853,True,1.0,0.15625,
HOW-profile+z(slot),Hog_office_Valda,123,spike,2,moderate,5,192.79737053892276,True,1.0,0.8,
HOW-profile+z(slot),Hog_office_Valda,123,spike,1,subtle,4,86.50562247331051,True,2.0,0.5,
HOW-profile+z(slot),Hog_office_Valda,123,spike,2,moderate,3,115.39396740012796,True,1.0,0.6666666666666666,
HOW-profile+z(slot),Lamb_education_Armando,123,schedule,2,moderate,72,203.13693771528114,False,,0.0,
HOW-profile+z(slot),Lamb_education_Armando,123,schedule,1,subtle,168,87.28334918811282,True,10.0,0.041666666666666664,
HOW-profile+z(slot),Lamb_education_Armando,123,spike,3,obvious,1,377.12178654530476,True,0.0,1.0,
HOW-profile+z(slot),Lamb_education_Armando,123,drift,3,obvious,312,7857.0451735646675,True,38.0,0.36217948717948717,
HOW-profile+z(slot),Lamb_education_Armando,123,spike,2,moderate,3,386.59756392503573,True,1.0,0.6666666666666666,
HOW-profile+z(slot),Lamb_education_Armando,123,spike,2,moderate,4,413.23074896014316,True,1.0,0.75,
HOW-profile+z(slot),Lamb_education_Eula,123,spike,3,obvious,4,26.294354402095188,True,1.0,0.75,
HOW-profile+z(slot),Lamb_education_Eula,123,spike,1,subtle,1,5.799574332677247,True,0.0,1.0,
HOW-profile+z(slot),Lamb_education_Eula,123,spike,3,obvious,5,34.334959750450494,True,0.0,1.0,
HOW-profile+z(slot),Lamb_education_Eula,123,spike,1,subtle,2,7.181574523397411,True,0.0,1.0,
HOW-profile+z(slot),Lamb_education_Eula,123,spike,1,subtle,1,6.59423254631242,True,0.0,1.0,
HOW-profile+z(slot),Lamb_education_Eula,123,spike,3,obvious,1,15.329047213601562,True,0.0,1.0,
HOW-profile+z(slot),Lamb_education_Lazaro,123,spike,2,moderate,5,374.47784520017035,True,4.0,0.2,
HOW-profile+z(slot),Lamb_education_Lazaro,123,drift,1,subtle,216,401.29286658232274,False,,0.0,
HOW-profile+z(slot),Lamb_education_Lazaro,123,spike,2,moderate,3,201.78794729269748,True,1.0,0.6666666666666666,
HOW-profile+z(slot),Lamb_education_Lazaro,123,drift,3,obvious,192,1592.6761325556072,True,111.0,0.23958333333333334,
HOW-profile+z(slot),Lamb_education_Lazaro,123,spike,3,obvious,2,231.02367481296838,True,1.0,0.5,
HOW-profile+z(slot),Lamb_education_Lazaro,123,drift,1,subtle,168,241.48661946843598,False,,0.0,
HOW-profile+z(slot),Lamb_education_Lucas,123,schedule,3,obvious,168,76.518357105516,True,101.0,0.017857142857142856,
HOW-profile+z(slot),Lamb_education_Lucas,123,spike,3,obvious,1,54.16916519743869,True,0.0,1.0,
HOW-profile+z(slot),Lamb_education_Lucas,123,schedule,3,obvious,72,5.869035981446744,False,,0.0,
HOW-profile+z(slot),Lamb_education_Lucas,123,spike,2,moderate,5,83.64456360822592,True,1.0,0.8,
HOW-profile+z(slot),Lamb_education_Lucas,123,spike,1,subtle,1,21.503552764624672,True,0.0,1.0,
HOW-profile+z(slot),Lamb_education_Lucas,123,drift,2,moderate,168,225.2261936276376,True,5.0,0.14285714285714285,
HOW-profile+z(slot),Lamb_education_Mae,123,drift,1,subtle,288,2090.9792705675427,True,63.0,0.020833333333333332,
HOW-profile+z(slot),Lamb_education_Mae,123,drift,3,obvious,168,3878.3792791977203,True,25.0,0.30357142857142855,
HOW-profile+z(slot),Lamb_education_Mae,123,drift,2,moderate,192,3616.5649037878884,True,126.0,0.036458333333333336,
HOW-profile+z(slot),Lamb_education_Mae,123,spike,1,subtle,2,168.00759362156072,True,1.0,0.5,
HOW-profile+z(slot),Lamb_education_Mae,123,schedule,3,obvious,144,5.109533279254961,False,,0.0,
HOW-profile+z(slot),Lamb_education_Mae,123,spike,2,moderate,4,497.76086737073166,True,1.0,0.75,
HOW-profile+z(slot),Lamb_education_Williams,123,spike,3,obvious,3,424.58042233121216,True,1.0,0.6666666666666666,
HOW-profile+z(slot),Lamb_education_Williams,123,spike,1,subtle,3,170.23417353918882,True,1.0,0.6666666666666666,
HOW-profile+z(slot),Lamb_education_Williams,123,schedule,2,moderate,192,51.864066737421766,True,29.0,0.13020833333333334,
HOW-profile+z(slot),Lamb_education_Williams,123,spike,3,obvious,2,312.0306486506167,True,1.0,0.5,
HOW-profile+z(slot),Lamb_education_Williams,123,spike,2,moderate,3,345.7997785693358,True,2.0,0.3333333333333333,
HOW-profile+z(slot),Lamb_education_Williams,123,spike,1,subtle,3,169.72626497152717,True,2.0,0.3333333333333333,
HOW-profile+z(slot),Lamb_office_Caitlin,123,drift,2,moderate,120,262.52918539532453,False,,0.0,
HOW-profile+z(slot),Lamb_office_Caitlin,123,spike,3,obvious,3,568.3639822512657,True,1.0,0.6666666666666666,
HOW-profile+z(slot),Lamb_office_Caitlin,123,drift,1,subtle,288,704.4995026024479,True,1.0,0.2152777777777778,
HOW-profile+z(slot),Lamb_office_Caitlin,123,spike,1,subtle,5,313.85656167965396,True,2.0,0.6,
HOW-profile+z(slot),Lamb_office_Caitlin,123,spike,2,moderate,5,568.2456667214833,True,3.0,0.4,
HOW-profile+z(slot),Lamb_office_Caitlin,123,spike,2,moderate,3,305.0811978420506,False,,0.0,
HOW-profile+z(slot),Lamb_office_Velma,123,spike,2,moderate,4,579.3785831747393,True,2.0,0.5,
HOW-profile+z(slot),Lamb_office_Velma,123,drift,1,subtle,264,3600.407790458008,True,5.0,0.2196969696969697,
HOW-profile+z(slot),Lamb_office_Velma,123,schedule,3,obvious,72,529.7124723853377,False,,0.0,
HOW-profile+z(slot),Lamb_office_Velma,123,schedule,3,obvious,168,905.7834583344495,True,7.0,0.06547619047619048,
HOW-profile+z(slot),Lamb_office_Velma,123,drift,2,moderate,264,11018.856200311362,True,65.0,0.2537878787878788,
HOW-profile+z(slot),Lamb_office_Velma,123,spike,1,subtle,1,203.31928736081287,True,0.0,1.0,
HOW-profile+z(slot),Rat_retail_Jeffrey,123,spike,1,subtle,5,297.07819054346146,False,,0.0,
HOW-profile+z(slot),Rat_retail_Jeffrey,123,drift,2,moderate,288,8884.572843683076,True,140.0,0.16319444444444445,
HOW-profile+z(slot),Rat_retail_Jeffrey,123,drift,3,obvious,312,16042.159321483588,True,106.0,0.16987179487179488,
HOW-profile+z(slot),Rat_retail_Jeffrey,123,drift,3,obvious,288,13433.287503070473,True,35.0,0.4027777777777778,
HOW-profile+z(slot),Rat_retail_Jeffrey,123,spike,2,moderate,4,396.18797784816087,False,,0.0,
HOW-profile+z(slot),Rat_retail_Jeffrey,123,spike,1,subtle,2,149.27212647463435,False,,0.0,
HOW-profile+z(slot),Robin_education_Zenia,123,drift,3,obvious,240,23393.72141148178,True,9.0,0.2708333333333333,
HOW-profile+z(slot),Robin_education_Zenia,123,drift,2,moderate,216,11875.093738761898,True,11.0,0.35185185185185186,
HOW-profile+z(slot),Robin_education_Zenia,123,spike,2,moderate,3,222.03735529951837,True,1.0,0.6666666666666666,
HOW-profile+z(slot),Robin_education_Zenia,123,drift,1,subtle,288,9160.385486153853,True,87.0,0.052083333333333336,
HOW-profile+z(slot),Robin_education_Zenia,123,spike,2,moderate,5,431.4815913558175,True,1.0,0.2,
HOW-profile+z(slot),Robin_education_Zenia,123,spike,1,subtle,3,167.63958684164422,False,,0.0,
HOW-profile+z(slot),Robin_office_Dina,123,spike,1,subtle,4,68.4746983087544,False,,0.0,
HOW-profile+z(slot),Robin_office_Dina,123,spike,2,moderate,1,57.843807887198196,False,,0.0,
HOW-profile+z(slot),Robin_office_Dina,123,spike,2,moderate,4,105.04301321096541,True,2.0,0.5,
HOW-profile+z(slot),Robin_office_Dina,123,drift,1,subtle,312,2636.196139427071,True,46.0,0.23397435897435898,
HOW-profile+z(slot),Robin_office_Dina,123,drift,3,obvious,240,5380.373982455583,True,23.0,0.5625,
HOW-profile+z(slot),Robin_office_Dina,123,spike,2,moderate,5,151.9427563095937,True,2.0,0.6,
HOW-profile+z(slot),Robin_office_Sammie,123,schedule,2,moderate,168,483.8792634429125,True,136.0,0.023809523809523808,
HOW-profile+z(slot),Robin_office_Sammie,123,schedule,3,obvious,192,977.3897562849763,True,44.0,0.005208333333333333,
HOW-profile+z(slot),Robin_office_Sammie,123,drift,1,subtle,264,2755.0334119244794,True,96.0,0.011363636363636364,
HOW-profile+z(slot),Robin_office_Sammie,123,spike,3,obvious,4,364.36019766409277,True,1.0,0.75,
HOW-profile+z(slot),Robin_office_Sammie,123,schedule,3,obvious,168,2314.2865402050898,False,,0.0,
HOW-profile+z(slot),Robin_office_Sammie,123,spike,3,obvious,5,474.4082509322585,True,2.0,0.6,
HOW-profile+z(slot),Shrew_office_Doris,123,drift,3,obvious,312,44891.62811435338,True,36.0,0.6089743589743589,
HOW-profile+z(slot),Shrew_office_Doris,123,spike,1,subtle,2,237.15238122664746,True,1.0,0.5,
HOW-profile+z(slot),Shrew_office_Doris,123,schedule,3,obvious,216,1297.1953433177616,False,,0.0,
HOW-profile+z(slot),Shrew_office_Doris,123,schedule,3,obvious,72,35.91670620662419,True,20.0,0.027777777777777776,
HOW-profile+z(slot),Shrew_office_Doris,123,schedule,3,obvious,120,5.573837452122518,True,75.0,0.058333333333333334,
HOW-profile+z(slot),Shrew_office_Doris,123,spike,3,obvious,2,454.8096962841917,True,1.0,0.5,
HOW-profile+z(slot),Shrew_office_Ila,123,drift,2,moderate,240,12234.707321185711,True,27.0,0.4666666666666667,
HOW-profile+z(slot),Shrew_office_Ila,123,schedule,3,obvious,192,57.235751088076555,True,70.0,0.015625,
HOW-profile+z(slot),Shrew_office_Ila,123,drift,1,subtle,240,3195.899958049458,True,75.0,0.30833333333333335,
HOW-profile+z(slot),Shrew_office_Ila,123,spike,2,moderate,3,354.27865606545697,True,1.0,0.6666666666666666,
HOW-profile+z(slot),Shrew_office_Ila,123,schedule,3,obvious,192,3.1847764428720353,False,,0.0,
HOW-profile+z(slot),Shrew_office_Ila,123,drift,3,obvious,240,22688.051141610937,True,16.0,0.8291666666666667,
HOW-profile+z(slot),Shrew_office_Kenneth,123,spike,3,obvious,2,131.11670586022714,True,1.0,0.5,
HOW-profile+z(slot),Shrew_office_Kenneth,123,spike,2,moderate,5,227.0242444596504,True,1.0,0.8,
HOW-profile+z(slot),Shrew_office_Kenneth,123,drift,3,obvious,240,5053.890885911685,True,7.0,0.4041666666666667,
HOW-profile+z(slot),Shrew_office_Kenneth,123,drift,3,obvious,264,5293.377061299316,True,61.0,0.3068181818181818,
HOW-profile+z(slot),Shrew_office_Kenneth,123,drift,2,moderate,264,2846.954348101387,True,28.0,0.49242424242424243,
HOW-profile+z(slot),Shrew_office_Kenneth,123,spike,2,moderate,4,176.17399675860463,True,2.0,0.5,
HOW-profile+z(slot),Shrew_office_Nora,123,spike,1,subtle,3,363.7027421884706,True,1.0,0.6666666666666666,
HOW-profile+z(slot),Shrew_office_Nora,123,schedule,3,obvious,168,2229.075651298478,True,0.0,0.34523809523809523,
HOW-profile+z(slot),Shrew_office_Nora,123,spike,3,obvious,5,1307.2052737697059,True,1.0,0.8,
HOW-profile+z(slot),Shrew_office_Nora,123,spike,2,moderate,5,1074.4165419552485,True,1.0,0.8,
HOW-profile+z(slot),Shrew_office_Nora,123,schedule,3,obvious,72,981.9580003229489,True,0.0,0.4444444444444444,
HOW-profile+z(slot),Shrew_office_Nora,123,spike,1,subtle,2,299.98487883646453,True,1.0,0.5,
HOW-profile+z(slot),Shrew_office_Sherill,123,spike,3,obvious,4,1938.3662349644947,True,1.0,0.75,
HOW-profile+z(slot),Shrew_office_Sherill,123,schedule,3,obvious,168,1063.2674640853456,True,9.0,0.16666666666666666,
HOW-profile+z(slot),Shrew_office_Sherill,123,schedule,2,moderate,144,52.89200787198175,False,,0.0,
HOW-profile+z(slot),Shrew_office_Sherill,123,drift,3,obvious,168,20296.48426102668,True,24.0,0.7202380952380952,
HOW-profile+z(slot),Shrew_office_Sherill,123,spike,3,obvious,2,891.9483588151319,True,1.0,0.5,
HOW-profile+z(slot),Shrew_office_Sherill,123,spike,1,subtle,3,597.9218152987612,True,1.0,0.6666666666666666,
HOW-profile+z(slot),Wolf_office_Darleen,123,drift,2,moderate,312,5118.617371022473,True,88.0,0.2564102564102564,
HOW-profile+z(slot),Wolf_office_Darleen,123,drift,2,moderate,144,1122.0444420374765,True,90.0,0.1597222222222222,
HOW-profile+z(slot),Wolf_office_Darleen,123,drift,3,obvious,216,4625.169208288764,True,56.0,0.3888888888888889,
HOW-profile+z(slot),Wolf_office_Darleen,123,spike,2,moderate,4,240.52539583615456,True,1.0,0.75,
HOW-profile+z(slot),Wolf_office_Darleen,123,drift,1,subtle,168,722.2431690015353,True,0.0,0.20238095238095238,
HOW-profile+z(slot),Wolf_office_Darleen,123,schedule,2,moderate,216,6.372364314854387,True,148.0,0.009259259259259259,
HOW-profile+z(slot),Wolf_retail_Harriett,123,schedule,2,moderate,144,41.589040571361394,True,34.0,0.05555555555555555,
HOW-profile+z(slot),Wolf_retail_Harriett,123,schedule,2,moderate,96,20.026795522465733,True,87.0,0.010416666666666666,
HOW-profile+z(slot),Wolf_retail_Harriett,123,spike,2,moderate,5,304.5069252343177,True,2.0,0.6,
HOW-profile+z(slot),Wolf_retail_Harriett,123,spike,2,moderate,4,204.21169334656463,True,2.0,0.5,
HOW-profile+z(slot),Wolf_retail_Harriett,123,drift,1,subtle,192,1245.6474215603403,False,,0.0,
HOW-profile+z(slot),Wolf_retail_Harriett,123,drift,3,obvious,264,7344.239049400337,True,2.0,0.3446969696969697,
HOW-profile+z(slot),Wolf_retail_Marcella,123,spike,1,subtle,2,13.916313168209674,True,0.0,1.0,
HOW-profile+z(slot),Wolf_retail_Marcella,123,drift,3,obvious,264,1145.6896641735011,True,25.0,0.24242424242424243,
HOW-profile+z(slot),Wolf_retail_Marcella,123,drift,2,moderate,144,198.96519574007425,True,14.0,0.027777777777777776,
HOW-profile+z(slot),Wolf_retail_Marcella,123,spike,3,obvious,4,59.222953564174716,True,1.0,0.75,
HOW-profile+z(slot),Wolf_retail_Marcella,123,spike,1,subtle,1,14.837894350572272,True,0.0,1.0,
HOW-profile+z(slot),Wolf_retail_Marcella,123,spike,2,moderate,4,32.44073899726534,True,1.0,0.75,
HOW-profile+z(slot),Wolf_retail_Toshia,123,spike,1,subtle,4,303.6671023696364,True,1.0,0.75,
HOW-profile+z(slot),Wolf_retail_Toshia,123,spike,1,subtle,4,332.1122316161035,True,2.0,0.5,
HOW-profile+z(slot),Wolf_retail_Toshia,123,schedule,2,moderate,144,83.30849022986973,True,4.0,0.013888888888888888,
HOW-profile+z(slot),Wolf_retail_Toshia,123,spike,2,moderate,2,312.40678412779,True,1.0,0.5,
HOW-profile+z(slot),Wolf_retail_Toshia,123,spike,3,obvious,2,471.3347275443462,True,1.0,0.5,
HOW-profile+z(slot),Wolf_retail_Toshia,123,schedule,2,moderate,120,6.526262952639762,True,42.0,0.016666666666666666,
Autoencoder(t),Fox_education_Henrietta,123,spike,3,obvious,3,107.28066628343188,False,,0.0,
Autoencoder(t),Fox_education_Henrietta,123,spike,1,subtle,2,38.79410978520845,True,1.0,0.5,
Autoencoder(t),Fox_education_Henrietta,123,drift,3,obvious,216,1933.886031900874,True,24.0,0.18518518518518517,
Autoencoder(t),Fox_education_Henrietta,123,schedule,3,obvious,72,4.398242775736969,True,7.0,0.041666666666666664,
Autoencoder(t),Fox_education_Henrietta,123,spike,3,obvious,4,160.57591003856936,True,2.0,0.5,
Autoencoder(t),Fox_education_Henrietta,123,spike,2,moderate,3,69.44453542686097,True,1.0,0.6666666666666666,
Autoencoder(t),Fox_retail_Manie,123,schedule,3,obvious,96,227.11597207258032,True,11.0,0.03125,
Autoencoder(t),Fox_retail_Manie,123,drift,1,subtle,192,1233.548743144401,True,183.0,0.020833333333333332,
Autoencoder(t),Fox_retail_Manie,123,spike,3,obvious,2,256.61536206414166,True,1.0,0.5,
Autoencoder(t),Fox_retail_Manie,123,drift,3,obvious,240,8289.663100225807,True,57.0,0.25,
Autoencoder(t),Fox_retail_Manie,123,spike,3,obvious,2,237.32739808430793,True,1.0,0.5,
Autoencoder(t),Fox_retail_Manie,123,spike,1,subtle,2,99.0726521706526,False,,0.0,
Autoencoder(t),Hog_education_Bruno,123,drift,2,moderate,168,12811.470511399853,True,14.0,0.5297619047619048,
Autoencoder(t),Hog_education_Bruno,123,spike,2,moderate,1,275.8232577143261,True,0.0,1.0,
Autoencoder(t),Hog_education_Bruno,123,drift,2,moderate,240,23664.966243209576,True,95.0,0.1625,
Autoencoder(t),Hog_education_Bruno,123,drift,2,moderate,192,17388.559118296256,True,135.0,0.19791666666666666,
Autoencoder(t),Hog_education_Bruno,123,spike,2,moderate,2,208.75207993954868,True,1.0,0.5,
Autoencoder(t),Hog_education_Bruno,123,schedule,3,obvious,216,76.45355843684771,True,57.0,0.1712962962962963,
Autoencoder(t),Hog_education_Caridad,123,spike,1,subtle,2,2731.6933904597063,True,1.0,0.5,
Autoencoder(t),Hog_education_Caridad,123,drift,3,obvious,168,99252.01194407106,True,114.0,0.041666666666666664,
Autoencoder(t),Hog_education_Caridad,123,spike,1,subtle,3,3519.2878507706814,True,1.0,0.6666666666666666,
Autoencoder(t),Hog_education_Caridad,123,spike,3,obvious,1,6794.154067709553,True,0.0,1.0,
Autoencoder(t),Hog_education_Caridad,123,drift,1,subtle,264,43165.13655367314,True,178.0,0.003787878787878788,
Autoencoder(t),Hog_education_Caridad,123,drift,3,obvious,144,73297.95555006973,True,100.0,0.027777777777777776,
Autoencoder(t),Hog_education_Josh,123,drift,3,obvious,144,7959.513378869462,True,91.0,0.1388888888888889,
Autoencoder(t),Hog_education_Josh,123,spike,2,moderate,4,611.0395308891121,True,2.0,0.5,
Autoencoder(t),Hog_education_Josh,123,spike,1,subtle,3,366.67162677451927,True,1.0,0.6666666666666666,
Autoencoder(t),Hog_education_Josh,123,drift,3,obvious,168,13020.370345217947,True,165.0,0.017857142857142856,
Autoencoder(t),Hog_education_Josh,123,drift,1,subtle,192,4363.562263827134,True,162.0,0.005208333333333333,
Autoencoder(t),Hog_education_Josh,123,spike,1,subtle,2,238.78457205940967,True,1.0,0.5,
Autoencoder(t),Hog_education_Luvenia,123,spike,1,subtle,3,455.8344024507873,True,2.0,0.3333333333333333,
Autoencoder(t),Hog_education_Luvenia,123,drift,2,moderate,264,54929.1258237537,True,1.0,0.571969696969697,
Autoencoder(t),Hog_education_Luvenia,123,spike,1,subtle,4,439.39032680624484,True,1.0,0.75,
Autoencoder(t),Hog_education_Luvenia,123,spike,3,obvious,1,715.5647282123108,True,0.0,1.0,
Autoencoder(t),Hog_education_Luvenia,123,drift,3,obvious,240,72870.03993593014,True,57.0,0.4041666666666667,
Autoencoder(t),Hog_education_Luvenia,123,schedule,3,obvious,72,2322.155392898221,False,,0.0,
Autoencoder(t),Hog_office_Almeda,123,schedule,2,moderate,72,28.67787876675679,True,10.0,0.027777777777777776,
Autoencoder(t),Hog_office_Almeda,123,schedule,2,moderate,216,70.12106487566511,True,55.0,0.0787037037037037,
Autoencoder(t),Hog_office_Almeda,123,drift,3,obvious,312,15353.001099313558,True,6.0,0.2532051282051282,
Autoencoder(t),Hog_office_Almeda,123,drift,1,subtle,144,526.8887717240907,True,54.0,0.0625,
Autoencoder(t),Hog_office_Almeda,123,spike,1,subtle,3,139.24990344202638,True,1.0,0.6666666666666666,
Autoencoder(t),Hog_office_Almeda,123,spike,1,subtle,1,82.28338102216038,True,0.0,1.0,
Autoencoder(t),Hog_office_Cortney,123,schedule,3,obvious,192,675.659755778285,True,136.0,0.010416666666666666,
Autoencoder(t),Hog_office_Cortney,123,spike,2,moderate,3,365.9656243934651,True,1.0,0.6666666666666666,
Autoencoder(t),Hog_office_Cortney,123,drift,3,obvious,264,9154.375686841197,True,15.0,0.22727272727272727,
Autoencoder(t),Hog_office_Cortney,123,spike,3,obvious,5,863.5552763422403,True,3.0,0.4,
Autoencoder(t),Hog_office_Cortney,123,drift,3,obvious,144,2657.890143930311,True,45.0,0.2152777777777778,
Autoencoder(t),Hog_office_Cortney,123,spike,3,obvious,1,434.0589581084138,True,0.0,1.0,
Autoencoder(t),Hog_office_Denita,123,spike,2,moderate,2,148.04479456749272,True,1.0,0.5,
Autoencoder(t),Hog_office_Denita,123,schedule,2,moderate,192,80.75676933641031,True,7.0,0.078125,
Autoencoder(t),Hog_office_Denita,123,drift,3,obvious,144,2706.766864515737,True,118.0,0.034722222222222224,
Autoencoder(t),Hog_office_Denita,123,drift,2,moderate,168,2084.49776224874,True,81.0,0.18452380952380953,
Autoencoder(t),Hog_office_Denita,123,schedule,2,moderate,144,168.49448279533027,True,39.0,0.1111111111111111,
Autoencoder(t),Hog_office_Denita,123,spike,3,obvious,2,281.2051967311053,True,1.0,0.5,
Autoencoder(t),Hog_office_Garrett,123,spike,1,subtle,2,800.6226854998857,True,1.0,0.5,
Autoencoder(t),Hog_office_Garrett,123,drift,1,subtle,216,9195.820381574535,True,133.0,0.08796296296296297,
Autoencoder(t),Hog_office_Garrett,123,schedule,3,obvious,96,2092.359428346967,True,73.0,0.020833333333333332,
Autoencoder(t),Hog_office_Garrett,123,drift,1,subtle,144,3323.6156797907715,True,50.0,0.11805555555555555,
Autoencoder(t),Hog_office_Garrett,123,drift,3,obvious,264,67734.00437875827,True,87.0,0.2537878787878788,
Autoencoder(t),Hog_office_Garrett,123,spike,3,obvious,5,4328.092876349334,True,2.0,0.6,
Autoencoder(t),Hog_office_Lavon,123,spike,1,subtle,3,2374.6235557297014,True,2.0,0.3333333333333333,
Autoencoder(t),Hog_office_Lavon,123,spike,2,moderate,3,3794.3724276334815,True,1.0,0.6666666666666666,
Autoencoder(t),Hog_office_Lavon,123,drift,2,moderate,312,2773.0338335095603,False,,0.0,
Autoencoder(t),Hog_office_Lavon,123,spike,3,obvious,2,4451.899146126511,True,1.0,0.5,
Autoencoder(t),Hog_office_Lavon,123,spike,1,subtle,5,4225.881840189359,True,1.0,0.6,
Autoencoder(t),Hog_office_Lavon,123,spike,3,obvious,3,4991.004728707769,True,1.0,0.6666666666666666,
Autoencoder(t),Hog_office_Merilyn,123,spike,3,obvious,2,74.71065509872955,True,1.0,0.5,
Autoencoder(t),Hog_office_Merilyn,123,spike,3,obvious,4,132.05847552916484,True,1.0,0.75,
Autoencoder(t),Hog_office_Merilyn,123,drift,3,obvious,120,1252.3499195421773,True,41.0,0.041666666666666664,
Autoencoder(t),Hog_office_Merilyn,123,schedule,2,moderate,216,354.74336074839505,True,126.0,0.06018518518518518,
Autoencoder(t),Hog_office_Merilyn,123,drift,3,obvious,168,2663.5823665894623,True,1.0,0.4523809523809524,
Autoencoder(t),Hog_office_Merilyn,123,schedule,3,obvious,72,44.434143945171144,True,24.0,0.06944444444444445,
Autoencoder(t),Hog_office_Miriam,123,spike,2,moderate,2,39.14258735448324,True,1.0,0.5,
Autoencoder(t),Hog_office_Miriam,123,drift,1,subtle,120,230.44604934093218,True,11.0,0.23333333333333334,
Autoencoder(t),Hog_office_Miriam,123,spike,2,moderate,1,35.66467994768293,True,0.0,1.0,
Autoencoder(t),Hog_office_Miriam,123,drift,1,subtle,312,965.6784438539437,True,71.0,0.10576923076923077,
Autoencoder(t),Hog_office_Miriam,123,spike,1,subtle,3,34.72750862214191,True,2.0,0.3333333333333333,
Autoencoder(t),Hog_office_Miriam,123,schedule,2,moderate,168,64.25366120822854,True,27.0,0.10714285714285714,
Autoencoder(t),Hog_office_Napoleon,123,drift,3,obvious,240,20740.01444147993,True,148.0,0.24583333333333332,
Autoencoder(t),Hog_office_Napoleon,123,drift,2,moderate,312,18377.3115541578,True,124.0,0.22756410256410256,
Autoencoder(t),Hog_office_Napoleon,123,schedule,3,obvious,144,869.4953581851735,True,9.0,0.06944444444444445,
Autoencoder(t),Hog_office_Napoleon,123,schedule,3,obvious,96,837.4576324321979,True,60.0,0.020833333333333332,
Autoencoder(t),Hog_office_Napoleon,123,spike,3,obvious,4,585.2791629388853,True,1.0,0.75,
Autoencoder(t),Hog_office_Napoleon,123,spike,3,obvious,3,439.4070634100892,True,1.0,0.6666666666666666,
Autoencoder(t),Hog_office_Shawna,123,schedule,2,moderate,72,1034.6068860201226,False,,0.0,
Autoencoder(t),Hog_office_Shawna,123,schedule,3,obvious,96,3263.734547318278,True,23.0,0.11458333333333333,
Autoencoder(t),Hog_office_Shawna,123,spike,2,moderate,4,850.4716576235535,True,1.0,0.75,
Autoencoder(t),Hog_office_Shawna,123,spike,1,subtle,5,655.9893883147479,True,4.0,0.2,
Autoencoder(t),Hog_office_Shawna,123,spike,1,subtle,3,316.8977482297006,False,,0.0,
Autoencoder(t),Hog_office_Shawna,123,drift,2,moderate,312,23154.84143521574,True,7.0,0.2532051282051282,
Autoencoder(t),Hog_office_Shawnna,123,spike,2,moderate,5,2371.412146578059,True,2.0,0.6,
Autoencoder(t),Hog_office_Shawnna,123,drift,1,subtle,144,4751.4831722333965,True,62.0,0.10416666666666667,
Autoencoder(t),Hog_office_Shawnna,123,schedule,2,moderate,216,653.0373692162267,True,154.0,0.004629629629629629,
Autoencoder(t),Hog_office_Shawnna,123,schedule,3,obvious,144,8044.543420406057,True,9.0,0.027777777777777776,
Autoencoder(t),Hog_office_Shawnna,123,spike,3,obvious,2,1558.1165318333533,True,1.0,0.5,
Autoencoder(t),Hog_office_Shawnna,123,spike,1,subtle,5,1317.6350904115675,False,,0.0,
Autoencoder(t),Hog_office_Sherrie,123,drift,1,subtle,312,1502.6883443003737,True,106.0,0.04807692307692308,
Autoencoder(t),Hog_office_Sherrie,123,drift,3,obvious,168,2843.888229420063,True,64.0,0.2857142857142857,
Autoencoder(t),Hog_office_Sherrie,123,spike,3,obvious,3,291.8020352741702,True,1.0,0.6666666666666666,
Autoencoder(t),Hog_office_Sherrie,123,spike,2,moderate,5,282.5523283669032,True,4.0,0.2,
Autoencoder(t),Hog_office_Sherrie,123,drift,2,moderate,144,1240.5414345171785,True,27.0,0.25,
Autoencoder(t),Hog_office_Sherrie,123,spike,2,moderate,1,135.38450679958814,True,0.0,1.0,
Autoencoder(t),Hog_office_Shon,123,drift,3,obvious,120,2948.463897397897,True,0.0,0.25833333333333336,
Autoencoder(t),Hog_office_Shon,123,spike,2,moderate,4,269.0109492648661,True,3.0,0.25,
Autoencoder(t),Hog_office_Shon,123,drift,2,moderate,120,1947.8557803483086,True,21.0,0.20833333333333334,
Autoencoder(t),Hog_office_Shon,123,drift,3,obvious,216,11247.793831062876,True,19.0,0.27314814814814814,
Autoencoder(t),Hog_office_Shon,123,drift,2,moderate,264,7232.998301440217,True,38.0,0.13257575757575757,
Autoencoder(t),Hog_office_Shon,123,spike,3,obvious,2,191.61788634989614,True,1.0,0.5,
Autoencoder(t),Hog_office_Sydney,123,spike,2,moderate,2,153.76692493643083,True,1.0,0.5,
Autoencoder(t),Hog_office_Sydney,123,schedule,3,obvious,72,727.3023863134501,True,27.0,0.013888888888888888,
Autoencoder(t),Hog_office_Sydney,123,spike,2,moderate,3,205.02813478194554,True,0.0,1.0,
Autoencoder(t),Hog_office_Sydney,123,drift,1,subtle,264,5315.767404450148,True,164.0,0.06439393939393939,
Autoencoder(t),Hog_office_Sydney,123,schedule,3,obvious,144,956.7663238616351,True,6.0,0.006944444444444444,
Autoencoder(t),Hog_office_Sydney,123,drift,2,moderate,168,6145.092488138226,True,50.0,0.25595238095238093,
Autoencoder(t),Hog_office_Valda,123,spike,2,moderate,3,147.18737605936093,True,2.0,0.3333333333333333,
Autoencoder(t),Hog_office_Valda,123,spike,2,moderate,1,78.9182213779984,True,0.0,1.0,
Autoencoder(t),Hog_office_Valda,123,schedule,3,obvious,96,39.10848908515853,True,8.0,0.3020833333333333,
Autoencoder(t),Hog_office_Valda,123,spike,2,moderate,5,192.79737053892276,True,3.0,0.4,
Autoencoder(t),Hog_office_Valda,123,spike,1,subtle,4,86.50562247331051,False,,0.0,
Autoencoder(t),Hog_office_Valda,123,spike,2,moderate,3,115.39396740012796,True,1.0,0.6666666666666666,
Autoencoder(t),Lamb_education_Armando,123,schedule,2,moderate,72,203.13693771528114,True,7.0,0.20833333333333334,
Autoencoder(t),Lamb_education_Armando,123,schedule,1,subtle,168,87.28334918811282,True,31.0,0.2261904761904762,
Autoencoder(t),Lamb_education_Armando,123,spike,3,obvious,1,377.12178654530476,True,0.0,1.0,
Autoencoder(t),Lamb_education_Armando,123,drift,3,obvious,312,7857.0451735646675,True,0.0,0.16346153846153846,
Autoencoder(t),Lamb_education_Armando,123,spike,2,moderate,3,386.59756392503573,True,2.0,0.3333333333333333,
Autoencoder(t),Lamb_education_Armando,123,spike,2,moderate,4,413.23074896014316,True,0.0,1.0,
Autoencoder(t),Lamb_education_Eula,123,spike,3,obvious,4,26.294354402095188,True,2.0,0.5,
Autoencoder(t),Lamb_education_Eula,123,spike,1,subtle,1,5.799574332677247,True,0.0,1.0,
Autoencoder(t),Lamb_education_Eula,123,spike,3,obvious,5,34.334959750450494,True,2.0,0.6,
Autoencoder(t),Lamb_education_Eula,123,spike,1,subtle,2,7.181574523397411,True,1.0,0.5,
Autoencoder(t),Lamb_education_Eula,123,spike,1,subtle,1,6.59423254631242,False,,0.0,
Autoencoder(t),Lamb_education_Eula,123,spike,3,obvious,1,15.329047213601562,True,0.0,1.0,
Autoencoder(t),Lamb_education_Lazaro,123,spike,2,moderate,5,374.47784520017035,True,1.0,0.8,
Autoencoder(t),Lamb_education_Lazaro,123,drift,1,subtle,216,401.29286658232274,False,,0.0,
Autoencoder(t),Lamb_education_Lazaro,123,spike,2,moderate,3,201.78794729269748,True,2.0,0.3333333333333333,
Autoencoder(t),Lamb_education_Lazaro,123,drift,3,obvious,192,1592.6761325556072,True,5.0,0.22395833333333334,
Autoencoder(t),Lamb_education_Lazaro,123,spike,3,obvious,2,231.02367481296838,True,1.0,0.5,
Autoencoder(t),Lamb_education_Lazaro,123,drift,1,subtle,168,241.48661946843598,False,,0.0,
Autoencoder(t),Lamb_education_Lucas,123,schedule,3,obvious,168,76.518357105516,True,30.0,0.17261904761904762,
Autoencoder(t),Lamb_education_Lucas,123,spike,3,obvious,1,54.16916519743869,True,0.0,1.0,
Autoencoder(t),Lamb_education_Lucas,123,schedule,3,obvious,72,5.869035981446744,True,9.0,0.19444444444444445,
Autoencoder(t),Lamb_education_Lucas,123,spike,2,moderate,5,83.64456360822592,True,3.0,0.4,
Autoencoder(t),Lamb_education_Lucas,123,spike,1,subtle,1,21.503552764624672,True,0.0,1.0,
Autoencoder(t),Lamb_education_Lucas,123,drift,2,moderate,168,225.2261936276376,True,6.0,0.20238095238095238,
Autoencoder(t),Lamb_education_Mae,123,drift,1,subtle,288,2090.9792705675427,True,5.0,0.09375,
Autoencoder(t),Lamb_education_Mae,123,drift,3,obvious,168,3878.3792791977203,True,4.0,0.2619047619047619,
Autoencoder(t),Lamb_education_Mae,123,drift,2,moderate,192,3616.5649037878884,True,106.0,0.036458333333333336,
Autoencoder(t),Lamb_education_Mae,123,spike,1,subtle,2,168.00759362156072,True,1.0,0.5,
Autoencoder(t),Lamb_education_Mae,123,schedule,3,obvious,144,5.109533279254961,True,53.0,0.1875,
Autoencoder(t),Lamb_education_Mae,123,spike,2,moderate,4,497.76086737073166,True,1.0,0.75,
Autoencoder(t),Lamb_education_Williams,123,spike,3,obvious,3,424.58042233121216,True,1.0,0.6666666666666666,
Autoencoder(t),Lamb_education_Williams,123,spike,1,subtle,3,170.23417353918882,True,2.0,0.3333333333333333,
Autoencoder(t),Lamb_education_Williams,123,schedule,2,moderate,192,51.864066737421766,True,39.0,0.17708333333333334,
Autoencoder(t),Lamb_education_Williams,123,spike,3,obvious,2,312.0306486506167,True,1.0,0.5,
Autoencoder(t),Lamb_education_Williams,123,spike,2,moderate,3,345.7997785693358,True,1.0,0.6666666666666666,
Autoencoder(t),Lamb_education_Williams,123,spike,1,subtle,3,169.72626497152717,True,2.0,0.3333333333333333,
Autoencoder(t),Lamb_office_Caitlin,123,drift,2,moderate,120,262.52918539532453,False,,0.0,
Autoencoder(t),Lamb_office_Caitlin,123,spike,3,obvious,3,568.3639822512657,True,2.0,0.3333333333333333,
Autoencoder(t),Lamb_office_Caitlin,123,drift,1,subtle,288,704.4995026024479,True,17.0,0.04861111111111111,
Autoencoder(t),Lamb_office_Caitlin,123,spike,1,subtle,5,313.85656167965396,False,,0.0,
Autoencoder(t),Lamb_office_Caitlin,123,spike,2,moderate,5,568.2456667214833,True,2.0,0.6,
Autoencoder(t),Lamb_office_Caitlin,123,spike,2,moderate,3,305.0811978420506,False,,0.0,
Autoencoder(t),Lamb_office_Velma,123,spike,2,moderate,4,579.3785831747393,True,2.0,0.5,
Autoencoder(t),Lamb_office_Velma,123,drift,1,subtle,264,3600.407790458008,True,0.0,0.14393939393939395,
Autoencoder(t),Lamb_office_Velma,123,schedule,3,obvious,72,529.7124723853377,True,15.0,0.2222222222222222,
Autoencoder(t),Lamb_office_Velma,123,schedule,3,obvious,168,905.7834583344495,True,85.0,0.09523809523809523,
Autoencoder(t),Lamb_office_Velma,123,drift,2,moderate,264,11018.856200311362,True,0.0,0.20454545454545456,
Autoencoder(t),Lamb_office_Velma,123,spike,1,subtle,1,203.31928736081287,True,0.0,1.0,
Autoencoder(t),Rat_retail_Jeffrey,123,spike,1,subtle,5,297.07819054346146,True,4.0,0.2,
Autoencoder(t),Rat_retail_Jeffrey,123,drift,2,moderate,288,8884.572843683076,True,6.0,0.1284722222222222,
Autoencoder(t),Rat_retail_Jeffrey,123,drift,3,obvious,312,16042.159321483588,True,0.0,0.16025641025641027,
Autoencoder(t),Rat_retail_Jeffrey,123,drift,3,obvious,288,13433.287503070473,True,21.0,0.3541666666666667,
Autoencoder(t),Rat_retail_Jeffrey,123,spike,2,moderate,4,396.18797784816087,False,,0.0,
Autoencoder(t),Rat_retail_Jeffrey,123,spike,1,subtle,2,149.27212647463435,False,,0.0,
Autoencoder(t),Robin_education_Zenia,123,drift,3,obvious,240,23393.72141148178,True,43.0,0.5125,
Autoencoder(t),Robin_education_Zenia,123,drift,2,moderate,216,11875.093738761898,True,0.0,0.44907407407407407,
Autoencoder(t),Robin_education_Zenia,123,spike,2,moderate,3,222.03735529951837,True,2.0,0.3333333333333333,
Autoencoder(t),Robin_education_Zenia,123,drift,1,subtle,288,9160.385486153853,True,23.0,0.09027777777777778,
Autoencoder(t),Robin_education_Zenia,123,spike,2,moderate,5,431.4815913558175,True,2.0,0.6,
Autoencoder(t),Robin_education_Zenia,123,spike,1,subtle,3,167.63958684164422,False,,0.0,
Autoencoder(t),Robin_office_Dina,123,spike,1,subtle,4,68.4746983087544,False,,0.0,
Autoencoder(t),Robin_office_Dina,123,spike,2,moderate,1,57.843807887198196,True,0.0,1.0,
Autoencoder(t),Robin_office_Dina,123,spike,2,moderate,4,105.04301321096541,True,3.0,0.25,
Autoencoder(t),Robin_office_Dina,123,drift,1,subtle,312,2636.196139427071,True,82.0,0.1955128205128205,
Autoencoder(t),Robin_office_Dina,123,drift,3,obvious,240,5380.373982455583,True,24.0,0.35833333333333334,
Autoencoder(t),Robin_office_Dina,123,spike,2,moderate,5,151.9427563095937,True,3.0,0.4,
Autoencoder(t),Robin_office_Sammie,123,schedule,2,moderate,168,483.8792634429125,True,25.0,0.03571428571428571,
Autoencoder(t),Robin_office_Sammie,123,schedule,3,obvious,192,977.3897562849763,True,75.0,0.015625,
Autoencoder(t),Robin_office_Sammie,123,drift,1,subtle,264,2755.0334119244794,True,171.0,0.015151515151515152,
Autoencoder(t),Robin_office_Sammie,123,spike,3,obvious,4,364.36019766409277,True,1.0,0.75,
Autoencoder(t),Robin_office_Sammie,123,schedule,3,obvious,168,2314.2865402050898,True,23.0,0.005952380952380952,
Autoencoder(t),Robin_office_Sammie,123,spike,3,obvious,5,474.4082509322585,True,2.0,0.6,
Autoencoder(t),Shrew_office_Doris,123,drift,3,obvious,312,44891.62811435338,True,12.0,0.40384615384615385,
Autoencoder(t),Shrew_office_Doris,123,spike,1,subtle,2,237.15238122664746,False,,0.0,
Autoencoder(t),Shrew_office_Doris,123,schedule,3,obvious,216,1297.1953433177616,False,,0.0,
Autoencoder(t),Shrew_office_Doris,123,schedule,3,obvious,72,35.91670620662419,True,32.0,0.19444444444444445,
Autoencoder(t),Shrew_office_Doris,123,schedule,3,obvious,120,5.573837452122518,True,37.0,0.2,
Autoencoder(t),Shrew_office_Doris,123,spike,3,obvious,2,454.8096962841917,True,1.0,0.5,
Autoencoder(t),Shrew_office_Ila,123,drift,2,moderate,240,12234.707321185711,True,41.0,0.225,
Autoencoder(t),Shrew_office_Ila,123,schedule,3,obvious,192,57.235751088076555,True,9.0,0.09375,
Autoencoder(t),Shrew_office_Ila,123,drift,1,subtle,240,3195.899958049458,True,61.0,0.1875,
Autoencoder(t),Shrew_office_Ila,123,spike,2,moderate,3,354.27865606545697,True,2.0,0.3333333333333333,
Autoencoder(t),Shrew_office_Ila,123,schedule,3,obvious,192,3.1847764428720353,True,157.0,0.005208333333333333,
Autoencoder(t),Shrew_office_Ila,123,drift,3,obvious,240,22688.051141610937,True,55.0,0.42916666666666664,
Autoencoder(t),Shrew_office_Kenneth,123,spike,3,obvious,2,131.11670586022714,True,1.0,0.5,
Autoencoder(t),Shrew_office_Kenneth,123,spike,2,moderate,5,227.0242444596504,True,2.0,0.6,
Autoencoder(t),Shrew_office_Kenneth,123,drift,3,obvious,240,5053.890885911685,True,10.0,0.36666666666666664,
Autoencoder(t),Shrew_office_Kenneth,123,drift,3,obvious,264,5293.377061299316,True,44.0,0.20833333333333334,
Autoencoder(t),Shrew_office_Kenneth,123,drift,2,moderate,264,2846.954348101387,True,221.0,0.011363636363636364,
Autoencoder(t),Shrew_office_Kenneth,123,spike,2,moderate,4,176.17399675860463,True,2.0,0.5,
Autoencoder(t),Shrew_office_Nora,123,spike,1,subtle,3,363.7027421884706,True,2.0,0.3333333333333333,
Autoencoder(t),Shrew_office_Nora,123,schedule,3,obvious,168,2229.075651298478,True,37.0,0.017857142857142856,
Autoencoder(t),Shrew_office_Nora,123,spike,3,obvious,5,1307.2052737697059,True,1.0,0.8,
Autoencoder(t),Shrew_office_Nora,123,spike,2,moderate,5,1074.4165419552485,True,3.0,0.4,
Autoencoder(t),Shrew_office_Nora,123,schedule,3,obvious,72,981.9580003229489,True,54.0,0.027777777777777776,
Autoencoder(t),Shrew_office_Nora,123,spike,1,subtle,2,299.98487883646453,True,1.0,0.5,
Autoencoder(t),Shrew_office_Sherill,123,spike,3,obvious,4,1938.3662349644947,True,2.0,0.5,
Autoencoder(t),Shrew_office_Sherill,123,schedule,3,obvious,168,1063.2674640853456,True,8.0,0.10714285714285714,
Autoencoder(t),Shrew_office_Sherill,123,schedule,2,moderate,144,52.89200787198175,True,31.0,0.020833333333333332,
Autoencoder(t),Shrew_office_Sherill,123,drift,3,obvious,168,20296.48426102668,True,5.0,0.26785714285714285,
Autoencoder(t),Shrew_office_Sherill,123,spike,3,obvious,2,891.9483588151319,True,1.0,0.5,
Autoencoder(t),Shrew_office_Sherill,123,spike,1,subtle,3,597.9218152987612,True,2.0,0.3333333333333333,
Autoencoder(t),Wolf_office_Darleen,123,drift,2,moderate,312,5118.617371022473,True,27.0,0.14423076923076922,
Autoencoder(t),Wolf_office_Darleen,123,drift,2,moderate,144,1122.0444420374765,True,90.0,0.08333333333333333,
Autoencoder(t),Wolf_office_Darleen,123,drift,3,obvious,216,4625.169208288764,True,91.0,0.19907407407407407,
Autoencoder(t),Wolf_office_Darleen,123,spike,2,moderate,4,240.52539583615456,True,2.0,0.5,
Autoencoder(t),Wolf_office_Darleen,123,drift,1,subtle,168,722.2431690015353,True,3.0,0.10714285714285714,
Autoencoder(t),Wolf_office_Darleen,123,schedule,2,moderate,216,6.372364314854387,True,52.0,0.1388888888888889,
Autoencoder(t),Wolf_retail_Harriett,123,schedule,2,moderate,144,41.589040571361394,False,,0.0,
Autoencoder(t),Wolf_retail_Harriett,123,schedule,2,moderate,96,20.026795522465733,True,69.0,0.020833333333333332,
Autoencoder(t),Wolf_retail_Harriett,123,spike,2,moderate,5,304.5069252343177,True,2.0,0.6,
Autoencoder(t),Wolf_retail_Harriett,123,spike,2,moderate,4,204.21169334656463,True,1.0,0.75,
Autoencoder(t),Wolf_retail_Harriett,123,drift,1,subtle,192,1245.6474215603403,True,102.0,0.03125,
Autoencoder(t),Wolf_retail_Harriett,123,drift,3,obvious,264,7344.239049400337,True,11.0,0.25757575757575757,
Autoencoder(t),Wolf_retail_Marcella,123,spike,1,subtle,2,13.916313168209674,True,0.0,1.0,
Autoencoder(t),Wolf_retail_Marcella,123,drift,3,obvious,264,1145.6896641735011,True,18.0,0.29545454545454547,
Autoencoder(t),Wolf_retail_Marcella,123,drift,2,moderate,144,198.96519574007425,True,6.0,0.09027777777777778,
Autoencoder(t),Wolf_retail_Marcella,123,spike,3,obvious,4,59.222953564174716,True,2.0,0.5,
Autoencoder(t),Wolf_retail_Marcella,123,spike,1,subtle,1,14.837894350572272,True,0.0,1.0,
Autoencoder(t),Wolf_retail_Marcella,123,spike,2,moderate,4,32.44073899726534,True,3.0,0.25,
Autoencoder(t),Wolf_retail_Toshia,123,spike,1,subtle,4,303.6671023696364,False,,0.0,
Autoencoder(t),Wolf_retail_Toshia,123,spike,1,subtle,4,332.1122316161035,False,,0.0,
Autoencoder(t),Wolf_retail_Toshia,123,schedule,2,moderate,144,83.30849022986973,True,40.0,0.1111111111111111,
Autoencoder(t),Wolf_retail_Toshia,123,spike,2,moderate,2,312.40678412779,True,1.0,0.5,
Autoencoder(t),Wolf_retail_Toshia,123,spike,3,obvious,2,471.3347275443462,True,1.0,0.5,
Autoencoder(t),Wolf_retail_Toshia,123,schedule,2,moderate,120,6.526262952639762,True,44.0,0.10833333333333334,
IsolationForest(t),Fox_education_Henrietta,123,spike,3,obvious,3,107.28066628343188,False,,0.0,
IsolationForest(t),Fox_education_Henrietta,123,spike,1,subtle,2,38.79410978520845,True,1.0,0.5,
IsolationForest(t),Fox_education_Henrietta,123,drift,3,obvious,216,1933.886031900874,True,113.0,0.17592592592592593,
IsolationForest(t),Fox_education_Henrietta,123,schedule,3,obvious,72,4.398242775736969,True,47.0,0.041666666666666664,
IsolationForest(t),Fox_education_Henrietta,123,spike,3,obvious,4,160.57591003856936,True,2.0,0.5,
IsolationForest(t),Fox_education_Henrietta,123,spike,2,moderate,3,69.44453542686097,True,1.0,0.6666666666666666,
IsolationForest(t),Fox_retail_Manie,123,schedule,3,obvious,96,227.11597207258032,True,30.0,0.08333333333333333,
IsolationForest(t),Fox_retail_Manie,123,drift,1,subtle,192,1233.548743144401,True,138.0,0.10416666666666667,
IsolationForest(t),Fox_retail_Manie,123,spike,3,obvious,2,256.61536206414166,True,1.0,0.5,
IsolationForest(t),Fox_retail_Manie,123,drift,3,obvious,240,8289.663100225807,True,69.0,0.36666666666666664,
IsolationForest(t),Fox_retail_Manie,123,spike,3,obvious,2,237.32739808430793,True,1.0,0.5,
IsolationForest(t),Fox_retail_Manie,123,spike,1,subtle,2,99.0726521706526,False,,0.0,
IsolationForest(t),Hog_education_Bruno,123,drift,2,moderate,168,12811.470511399853,True,13.0,0.7083333333333334,
IsolationForest(t),Hog_education_Bruno,123,spike,2,moderate,1,275.8232577143261,True,0.0,1.0,
IsolationForest(t),Hog_education_Bruno,123,drift,2,moderate,240,23664.966243209576,True,68.0,0.03333333333333333,
IsolationForest(t),Hog_education_Bruno,123,drift,2,moderate,192,17388.559118296256,True,57.0,0.625,
IsolationForest(t),Hog_education_Bruno,123,spike,2,moderate,2,208.75207993954868,True,0.0,1.0,
IsolationForest(t),Hog_education_Bruno,123,schedule,3,obvious,216,76.45355843684771,True,129.0,0.004629629629629629,
IsolationForest(t),Hog_education_Caridad,123,spike,1,subtle,2,2731.6933904597063,False,,0.0,
IsolationForest(t),Hog_education_Caridad,123,drift,3,obvious,168,99252.01194407106,True,12.0,0.36904761904761907,
IsolationForest(t),Hog_education_Caridad,123,spike,1,subtle,3,3519.2878507706814,False,,0.0,
IsolationForest(t),Hog_education_Caridad,123,spike,3,obvious,1,6794.154067709553,True,0.0,1.0,
IsolationForest(t),Hog_education_Caridad,123,drift,1,subtle,264,43165.13655367314,True,6.0,0.06818181818181818,
IsolationForest(t),Hog_education_Caridad,123,drift,3,obvious,144,73297.95555006973,True,14.0,0.027777777777777776,
IsolationForest(t),Hog_education_Josh,123,drift,3,obvious,144,7959.513378869462,True,115.0,0.06944444444444445,
IsolationForest(t),Hog_education_Josh,123,spike,2,moderate,4,611.0395308891121,True,1.0,0.75,
IsolationForest(t),Hog_education_Josh,123,spike,1,subtle,3,366.67162677451927,True,2.0,0.3333333333333333,
IsolationForest(t),Hog_education_Josh,123,drift,3,obvious,168,13020.370345217947,True,99.0,0.005952380952380952,
IsolationForest(t),Hog_education_Josh,123,drift,1,subtle,192,4363.562263827134,False,,0.0,
IsolationForest(t),Hog_education_Josh,123,spike,1,subtle,2,238.78457205940967,True,1.0,0.5,
IsolationForest(t),Hog_education_Luvenia,123,spike,1,subtle,3,455.8344024507873,False,,0.0,
IsolationForest(t),Hog_education_Luvenia,123,drift,2,moderate,264,54929.1258237537,True,1.0,0.5909090909090909,
IsolationForest(t),Hog_education_Luvenia,123,spike,1,subtle,4,439.39032680624484,True,0.0,1.0,
IsolationForest(t),Hog_education_Luvenia,123,spike,3,obvious,1,715.5647282123108,True,0.0,1.0,
IsolationForest(t),Hog_education_Luvenia,123,drift,3,obvious,240,72870.03993593014,False,,0.0,
IsolationForest(t),Hog_education_Luvenia,123,schedule,3,obvious,72,2322.155392898221,False,,0.0,
IsolationForest(t),Hog_office_Almeda,123,schedule,2,moderate,72,28.67787876675679,True,10.0,0.2638888888888889,
IsolationForest(t),Hog_office_Almeda,123,schedule,2,moderate,216,70.12106487566511,True,27.0,0.21296296296296297,
IsolationForest(t),Hog_office_Almeda,123,drift,3,obvious,312,15353.001099313558,True,2.0,0.391025641025641,
IsolationForest(t),Hog_office_Almeda,123,drift,1,subtle,144,526.8887717240907,True,74.0,0.0625,
IsolationForest(t),Hog_office_Almeda,123,spike,1,subtle,3,139.24990344202638,True,0.0,1.0,
IsolationForest(t),Hog_office_Almeda,123,spike,1,subtle,1,82.28338102216038,True,0.0,1.0,
IsolationForest(t),Hog_office_Cortney,123,schedule,3,obvious,192,675.659755778285,False,,0.0,
IsolationForest(t),Hog_office_Cortney,123,spike,2,moderate,3,365.9656243934651,True,1.0,0.6666666666666666,
IsolationForest(t),Hog_office_Cortney,123,drift,3,obvious,264,9154.375686841197,True,59.0,0.3143939393939394,
IsolationForest(t),Hog_office_Cortney,123,spike,3,obvious,5,863.5552763422403,True,2.0,0.6,
IsolationForest(t),Hog_office_Cortney,123,drift,3,obvious,144,2657.890143930311,True,91.0,0.1527777777777778,
IsolationForest(t),Hog_office_Cortney,123,spike,3,obvious,1,434.0589581084138,True,0.0,1.0,
IsolationForest(t),Hog_office_Denita,123,spike,2,moderate,2,148.04479456749272,True,1.0,0.5,
IsolationForest(t),Hog_office_Denita,123,schedule,2,moderate,192,80.75676933641031,True,31.0,0.4010416666666667,
IsolationForest(t),Hog_office_Denita,123,drift,3,obvious,144,2706.766864515737,False,,0.0,
IsolationForest(t),Hog_office_Denita,123,drift,2,moderate,168,2084.49776224874,True,81.0,0.125,
IsolationForest(t),Hog_office_Denita,123,schedule,2,moderate,144,168.49448279533027,True,10.0,0.041666666666666664,
IsolationForest(t),Hog_office_Denita,123,spike,3,obvious,2,281.2051967311053,True,1.0,0.5,
IsolationForest(t),Hog_office_Garrett,123,spike,1,subtle,2,800.6226854998857,True,1.0,0.5,
IsolationForest(t),Hog_office_Garrett,123,drift,1,subtle,216,9195.820381574535,False,,0.0,
IsolationForest(t),Hog_office_Garrett,123,schedule,3,obvious,96,2092.359428346967,False,,0.0,
IsolationForest(t),Hog_office_Garrett,123,drift,1,subtle,144,3323.6156797907715,True,113.0,0.020833333333333332,
IsolationForest(t),Hog_office_Garrett,123,drift,3,obvious,264,67734.00437875827,True,128.0,0.3143939393939394,
IsolationForest(t),Hog_office_Garrett,123,spike,3,obvious,5,4328.092876349334,True,2.0,0.6,
IsolationForest(t),Hog_office_Lavon,123,spike,1,subtle,3,2374.6235557297014,True,1.0,0.6666666666666666,
IsolationForest(t),Hog_office_Lavon,123,spike,2,moderate,3,3794.3724276334815,True,1.0,0.6666666666666666,
IsolationForest(t),Hog_office_Lavon,123,drift,2,moderate,312,2773.0338335095603,True,93.0,0.21153846153846154,
IsolationForest(t),Hog_office_Lavon,123,spike,3,obvious,2,4451.899146126511,True,1.0,0.5,
IsolationForest(t),Hog_office_Lavon,123,spike,1,subtle,5,4225.881840189359,True,2.0,0.6,
IsolationForest(t),Hog_office_Lavon,123,spike,3,obvious,3,4991.004728707769,True,1.0,0.6666666666666666,
IsolationForest(t),Hog_office_Merilyn,123,spike,3,obvious,2,74.71065509872955,True,1.0,0.5,
IsolationForest(t),Hog_office_Merilyn,123,spike,3,obvious,4,132.05847552916484,True,2.0,0.5,
IsolationForest(t),Hog_office_Merilyn,123,drift,3,obvious,120,1252.3499195421773,True,104.0,0.13333333333333333,
IsolationForest(t),Hog_office_Merilyn,123,schedule,2,moderate,216,354.74336074839505,False,,0.0,
IsolationForest(t),Hog_office_Merilyn,123,drift,3,obvious,168,2663.5823665894623,True,17.0,0.75,
IsolationForest(t),Hog_office_Merilyn,123,schedule,3,obvious,72,44.434143945171144,False,,0.0,
IsolationForest(t),Hog_office_Miriam,123,spike,2,moderate,2,39.14258735448324,True,0.0,1.0,
IsolationForest(t),Hog_office_Miriam,123,drift,1,subtle,120,230.44604934093218,False,,0.0,
IsolationForest(t),Hog_office_Miriam,123,spike,2,moderate,1,35.66467994768293,True,0.0,1.0,
IsolationForest(t),Hog_office_Miriam,123,drift,1,subtle,312,965.6784438539437,True,134.0,0.0673076923076923,
IsolationForest(t),Hog_office_Miriam,123,spike,1,subtle,3,34.72750862214191,True,2.0,0.3333333333333333,
IsolationForest(t),Hog_office_Miriam,123,schedule,2,moderate,168,64.25366120822854,True,28.0,0.03571428571428571,
IsolationForest(t),Hog_office_Napoleon,123,drift,3,obvious,240,20740.01444147993,False,,0.0,
IsolationForest(t),Hog_office_Napoleon,123,drift,2,moderate,312,18377.3115541578,True,37.0,0.5,
IsolationForest(t),Hog_office_Napoleon,123,schedule,3,obvious,144,869.4953581851735,True,93.0,0.013888888888888888,
IsolationForest(t),Hog_office_Napoleon,123,schedule,3,obvious,96,837.4576324321979,False,,0.0,
IsolationForest(t),Hog_office_Napoleon,123,spike,3,obvious,4,585.2791629388853,True,2.0,0.5,
IsolationForest(t),Hog_office_Napoleon,123,spike,3,obvious,3,439.4070634100892,True,1.0,0.6666666666666666,
IsolationForest(t),Hog_office_Shawna,123,schedule,2,moderate,72,1034.6068860201226,False,,0.0,
IsolationForest(t),Hog_office_Shawna,123,schedule,3,obvious,96,3263.734547318278,True,12.0,0.07291666666666667,
IsolationForest(t),Hog_office_Shawna,123,spike,2,moderate,4,850.4716576235535,True,2.0,0.5,
IsolationForest(t),Hog_office_Shawna,123,spike,1,subtle,5,655.9893883147479,False,,0.0,
IsolationForest(t),Hog_office_Shawna,123,spike,1,subtle,3,316.8977482297006,True,2.0,0.3333333333333333,
IsolationForest(t),Hog_office_Shawna,123,drift,2,moderate,312,23154.84143521574,True,29.0,0.42628205128205127,
IsolationForest(t),Hog_office_Shawnna,123,spike,2,moderate,5,2371.412146578059,True,4.0,0.2,
IsolationForest(t),Hog_office_Shawnna,123,drift,1,subtle,144,4751.4831722333965,True,1.0,0.013888888888888888,
IsolationForest(t),Hog_office_Shawnna,123,schedule,2,moderate,216,653.0373692162267,True,19.0,0.1111111111111111,
IsolationForest(t),Hog_office_Shawnna,123,schedule,3,obvious,144,8044.543420406057,False,,0.0,
IsolationForest(t),Hog_office_Shawnna,123,spike,3,obvious,2,1558.1165318333533,True,1.0,0.5,
IsolationForest(t),Hog_office_Shawnna,123,spike,1,subtle,5,1317.6350904115675,False,,0.0,
IsolationForest(t),Hog_office_Sherrie,123,drift,1,subtle,312,1502.6883443003737,True,78.0,0.057692307692307696,
IsolationForest(t),Hog_office_Sherrie,123,drift,3,obvious,168,2843.888229420063,True,63.0,0.36904761904761907,
IsolationForest(t),Hog_office_Sherrie,123,spike,3,obvious,3,291.8020352741702,True,1.0,0.6666666666666666,
IsolationForest(t),Hog_office_Sherrie,123,spike,2,moderate,5,282.5523283669032,True,2.0,0.6,
IsolationForest(t),Hog_office_Sherrie,123,drift,2,moderate,144,1240.5414345171785,True,71.0,0.06944444444444445,
IsolationForest(t),Hog_office_Sherrie,123,spike,2,moderate,1,135.38450679958814,True,0.0,1.0,
IsolationForest(t),Hog_office_Shon,123,drift,3,obvious,120,2948.463897397897,True,0.0,0.4,
IsolationForest(t),Hog_office_Shon,123,spike,2,moderate,4,269.0109492648661,True,2.0,0.5,
IsolationForest(t),Hog_office_Shon,123,drift,2,moderate,120,1947.8557803483086,True,0.0,0.25,
IsolationForest(t),Hog_office_Shon,123,drift,3,obvious,216,11247.793831062876,True,16.0,0.17592592592592593,
IsolationForest(t),Hog_office_Shon,123,drift,2,moderate,264,7232.998301440217,True,11.0,0.26515151515151514,
IsolationForest(t),Hog_office_Shon,123,spike,3,obvious,2,191.61788634989614,True,1.0,0.5,
IsolationForest(t),Hog_office_Sydney,123,spike,2,moderate,2,153.76692493643083,True,1.0,0.5,
IsolationForest(t),Hog_office_Sydney,123,schedule,3,obvious,72,727.3023863134501,True,51.0,0.1111111111111111,
IsolationForest(t),Hog_office_Sydney,123,spike,2,moderate,3,205.02813478194554,True,1.0,0.6666666666666666,
IsolationForest(t),Hog_office_Sydney,123,drift,1,subtle,264,5315.767404450148,True,231.0,0.030303030303030304,
IsolationForest(t),Hog_office_Sydney,123,schedule,3,obvious,144,956.7663238616351,True,66.0,0.013888888888888888,
IsolationForest(t),Hog_office_Sydney,123,drift,2,moderate,168,6145.092488138226,True,18.0,0.6607142857142857,
IsolationForest(t),Hog_office_Valda,123,spike,2,moderate,3,147.18737605936093,True,1.0,0.6666666666666666,
IsolationForest(t),Hog_office_Valda,123,spike,2,moderate,1,78.9182213779984,True,0.0,1.0,
IsolationForest(t),Hog_office_Valda,123,schedule,3,obvious,96,39.10848908515853,True,9.0,0.09375,
IsolationForest(t),Hog_office_Valda,123,spike,2,moderate,5,192.79737053892276,True,1.0,0.8,
IsolationForest(t),Hog_office_Valda,123,spike,1,subtle,4,86.50562247331051,True,2.0,0.5,
IsolationForest(t),Hog_office_Valda,123,spike,2,moderate,3,115.39396740012796,True,1.0,0.6666666666666666,
IsolationForest(t),Lamb_education_Armando,123,schedule,2,moderate,72,203.13693771528114,True,10.0,0.1111111111111111,
IsolationForest(t),Lamb_education_Armando,123,schedule,1,subtle,168,87.28334918811282,True,32.0,0.13690476190476192,
IsolationForest(t),Lamb_education_Armando,123,spike,3,obvious,1,377.12178654530476,True,0.0,1.0,
IsolationForest(t),Lamb_education_Armando,123,drift,3,obvious,312,7857.0451735646675,True,1.0,0.08333333333333333,
IsolationForest(t),Lamb_education_Armando,123,spike,2,moderate,3,386.59756392503573,True,1.0,0.6666666666666666,
IsolationForest(t),Lamb_education_Armando,123,spike,2,moderate,4,413.23074896014316,True,1.0,0.75,
IsolationForest(t),Lamb_education_Eula,123,spike,3,obvious,4,26.294354402095188,True,2.0,0.5,
IsolationForest(t),Lamb_education_Eula,123,spike,1,subtle,1,5.799574332677247,True,0.0,1.0,
IsolationForest(t),Lamb_education_Eula,123,spike,3,obvious,5,34.334959750450494,True,1.0,0.8,
IsolationForest(t),Lamb_education_Eula,123,spike,1,subtle,2,7.181574523397411,True,1.0,0.5,
IsolationForest(t),Lamb_education_Eula,123,spike,1,subtle,1,6.59423254631242,True,0.0,1.0,
IsolationForest(t),Lamb_education_Eula,123,spike,3,obvious,1,15.329047213601562,True,0.0,1.0,
IsolationForest(t),Lamb_education_Lazaro,123,spike,2,moderate,5,374.47784520017035,True,1.0,0.8,
IsolationForest(t),Lamb_education_Lazaro,123,drift,1,subtle,216,401.29286658232274,True,10.0,0.21296296296296297,
IsolationForest(t),Lamb_education_Lazaro,123,spike,2,moderate,3,201.78794729269748,True,1.0,0.6666666666666666,
IsolationForest(t),Lamb_education_Lazaro,123,drift,3,obvious,192,1592.6761325556072,True,5.0,0.46875,
IsolationForest(t),Lamb_education_Lazaro,123,spike,3,obvious,2,231.02367481296838,True,1.0,0.5,
IsolationForest(t),Lamb_education_Lazaro,123,drift,1,subtle,168,241.48661946843598,False,,0.0,
IsolationForest(t),Lamb_education_Lucas,123,schedule,3,obvious,168,76.518357105516,True,30.0,0.1130952380952381,
IsolationForest(t),Lamb_education_Lucas,123,spike,3,obvious,1,54.16916519743869,True,0.0,1.0,
IsolationForest(t),Lamb_education_Lucas,123,schedule,3,obvious,72,5.869035981446744,True,11.0,0.09722222222222222,
IsolationForest(t),Lamb_education_Lucas,123,spike,2,moderate,5,83.64456360822592,True,3.0,0.4,
IsolationForest(t),Lamb_education_Lucas,123,spike,1,subtle,1,21.503552764624672,True,0.0,1.0,
IsolationForest(t),Lamb_education_Lucas,123,drift,2,moderate,168,225.2261936276376,True,6.0,0.23214285714285715,
IsolationForest(t),Lamb_education_Mae,123,drift,1,subtle,288,2090.9792705675427,True,32.0,0.06944444444444445,
IsolationForest(t),Lamb_education_Mae,123,drift,3,obvious,168,3878.3792791977203,True,5.0,0.27380952380952384,
IsolationForest(t),Lamb_education_Mae,123,drift,2,moderate,192,3616.5649037878884,True,101.0,0.08333333333333333,
IsolationForest(t),Lamb_education_Mae,123,spike,1,subtle,2,168.00759362156072,True,1.0,0.5,
IsolationForest(t),Lamb_education_Mae,123,schedule,3,obvious,144,5.109533279254961,False,,0.0,
IsolationForest(t),Lamb_education_Mae,123,spike,2,moderate,4,497.76086737073166,True,2.0,0.5,
IsolationForest(t),Lamb_education_Williams,123,spike,3,obvious,3,424.58042233121216,True,1.0,0.6666666666666666,
IsolationForest(t),Lamb_education_Williams,123,spike,1,subtle,3,170.23417353918882,True,1.0,0.6666666666666666,
IsolationForest(t),Lamb_education_Williams,123,schedule,2,moderate,192,51.864066737421766,True,39.0,0.13020833333333334,
IsolationForest(t),Lamb_education_Williams,123,spike,3,obvious,2,312.0306486506167,True,1.0,0.5,
IsolationForest(t),Lamb_education_Williams,123,spike,2,moderate,3,345.7997785693358,True,1.0,0.6666666666666666,
IsolationForest(t),Lamb_education_Williams,123,spike,1,subtle,3,169.72626497152717,True,1.0,0.6666666666666666,
IsolationForest(t),Lamb_office_Caitlin,123,drift,2,moderate,120,262.52918539532453,False,,0.0,
IsolationForest(t),Lamb_office_Caitlin,123,spike,3,obvious,3,568.3639822512657,True,1.0,0.6666666666666666,
IsolationForest(t),Lamb_office_Caitlin,123,drift,1,subtle,288,704.4995026024479,True,136.0,0.05555555555555555,
IsolationForest(t),Lamb_office_Caitlin,123,spike,1,subtle,5,313.85656167965396,True,3.0,0.4,
IsolationForest(t),Lamb_office_Caitlin,123,spike,2,moderate,5,568.2456667214833,True,0.0,0.6,
IsolationForest(t),Lamb_office_Caitlin,123,spike,2,moderate,3,305.0811978420506,False,,0.0,
IsolationForest(t),Lamb_office_Velma,123,spike,2,moderate,4,579.3785831747393,True,1.0,0.75,
IsolationForest(t),Lamb_office_Velma,123,drift,1,subtle,264,3600.407790458008,True,5.0,0.0946969696969697,
IsolationForest(t),Lamb_office_Velma,123,schedule,3,obvious,72,529.7124723853377,False,,0.0,
IsolationForest(t),Lamb_office_Velma,123,schedule,3,obvious,168,905.7834583344495,True,22.0,0.011904761904761904,
IsolationForest(t),Lamb_office_Velma,123,drift,2,moderate,264,11018.856200311362,True,61.0,0.32954545454545453,
IsolationForest(t),Lamb_office_Velma,123,spike,1,subtle,1,203.31928736081287,True,0.0,1.0,
IsolationForest(t),Rat_retail_Jeffrey,123,spike,1,subtle,5,297.07819054346146,False,,0.0,
IsolationForest(t),Rat_retail_Jeffrey,123,drift,2,moderate,288,8884.572843683076,True,192.0,0.1423611111111111,
IsolationForest(t),Rat_retail_Jeffrey,123,drift,3,obvious,312,16042.159321483588,True,68.0,0.2564102564102564,
IsolationForest(t),Rat_retail_Jeffrey,123,drift,3,obvious,288,13433.287503070473,True,88.0,0.4583333333333333,
IsolationForest(t),Rat_retail_Jeffrey,123,spike,2,moderate,4,396.18797784816087,False,,0.0,
IsolationForest(t),Rat_retail_Jeffrey,123,spike,1,subtle,2,149.27212647463435,False,,0.0,
IsolationForest(t),Robin_education_Zenia,123,drift,3,obvious,240,23393.72141148178,False,,0.0,
IsolationForest(t),Robin_education_Zenia,123,drift,2,moderate,216,11875.093738761898,False,,0.0,
IsolationForest(t),Robin_education_Zenia,123,spike,2,moderate,3,222.03735529951837,False,,0.0,
IsolationForest(t),Robin_education_Zenia,123,drift,1,subtle,288,9160.385486153853,False,,0.0,
IsolationForest(t),Robin_education_Zenia,123,spike,2,moderate,5,431.4815913558175,False,,0.0,
IsolationForest(t),Robin_education_Zenia,123,spike,1,subtle,3,167.63958684164422,False,,0.0,
IsolationForest(t),Robin_office_Dina,123,spike,1,subtle,4,68.4746983087544,False,,0.0,
IsolationForest(t),Robin_office_Dina,123,spike,2,moderate,1,57.843807887198196,False,,0.0,
IsolationForest(t),Robin_office_Dina,123,spike,2,moderate,4,105.04301321096541,True,2.0,0.5,
IsolationForest(t),Robin_office_Dina,123,drift,1,subtle,312,2636.196139427071,True,44.0,0.28846153846153844,
IsolationForest(t),Robin_office_Dina,123,drift,3,obvious,240,5380.373982455583,True,26.0,0.5083333333333333,
IsolationForest(t),Robin_office_Dina,123,spike,2,moderate,5,151.9427563095937,True,2.0,0.6,
IsolationForest(t),Robin_office_Sammie,123,schedule,2,moderate,168,483.8792634429125,True,121.0,0.08928571428571429,
IsolationForest(t),Robin_office_Sammie,123,schedule,3,obvious,192,977.3897562849763,True,163.0,0.041666666666666664,
IsolationForest(t),Robin_office_Sammie,123,drift,1,subtle,264,2755.0334119244794,False,,0.0,
IsolationForest(t),Robin_office_Sammie,123,spike,3,obvious,4,364.36019766409277,True,1.0,0.75,
IsolationForest(t),Robin_office_Sammie,123,schedule,3,obvious,168,2314.2865402050898,False,,0.0,
IsolationForest(t),Robin_office_Sammie,123,spike,3,obvious,5,474.4082509322585,True,1.0,0.8,
IsolationForest(t),Shrew_office_Doris,123,drift,3,obvious,312,44891.62811435338,True,18.0,0.5673076923076923,
IsolationForest(t),Shrew_office_Doris,123,spike,1,subtle,2,237.15238122664746,True,1.0,0.5,
IsolationForest(t),Shrew_office_Doris,123,schedule,3,obvious,216,1297.1953433177616,False,,0.0,
IsolationForest(t),Shrew_office_Doris,123,schedule,3,obvious,72,35.91670620662419,True,20.0,0.013888888888888888,
IsolationForest(t),Shrew_office_Doris,123,schedule,3,obvious,120,5.573837452122518,True,37.0,0.075,
IsolationForest(t),Shrew_office_Doris,123,spike,3,obvious,2,454.8096962841917,True,1.0,0.5,
IsolationForest(t),Shrew_office_Ila,123,drift,2,moderate,240,12234.707321185711,True,40.0,0.35833333333333334,
IsolationForest(t),Shrew_office_Ila,123,schedule,3,obvious,192,57.235751088076555,True,141.0,0.005208333333333333,
IsolationForest(t),Shrew_office_Ila,123,drift,1,subtle,240,3195.899958049458,True,62.0,0.10833333333333334,
IsolationForest(t),Shrew_office_Ila,123,spike,2,moderate,3,354.27865606545697,True,1.0,0.6666666666666666,
IsolationForest(t),Shrew_office_Ila,123,schedule,3,obvious,192,3.1847764428720353,False,,0.0,
IsolationForest(t),Shrew_office_Ila,123,drift,3,obvious,240,22688.051141610937,True,42.0,0.725,
IsolationForest(t),Shrew_office_Kenneth,123,spike,3,obvious,2,131.11670586022714,True,1.0,0.5,
IsolationForest(t),Shrew_office_Kenneth,123,spike,2,moderate,5,227.0242444596504,True,3.0,0.4,
IsolationForest(t),Shrew_office_Kenneth,123,drift,3,obvious,240,5053.890885911685,True,16.0,0.5541666666666667,
IsolationForest(t),Shrew_office_Kenneth,123,drift,3,obvious,264,5293.377061299316,True,82.0,0.45075757575757575,
IsolationForest(t),Shrew_office_Kenneth,123,drift,2,moderate,264,2846.954348101387,True,261.0,0.007575757575757576,
IsolationForest(t),Shrew_office_Kenneth,123,spike,2,moderate,4,176.17399675860463,True,2.0,0.5,
IsolationForest(t),Shrew_office_Nora,123,spike,1,subtle,3,363.7027421884706,True,1.0,0.6666666666666666,
IsolationForest(t),Shrew_office_Nora,123,schedule,3,obvious,168,2229.075651298478,False,,0.0,
IsolationForest(t),Shrew_office_Nora,123,spike,3,obvious,5,1307.2052737697059,True,1.0,0.8,
IsolationForest(t),Shrew_office_Nora,123,spike,2,moderate,5,1074.4165419552485,True,2.0,0.6,
IsolationForest(t),Shrew_office_Nora,123,schedule,3,obvious,72,981.9580003229489,False,,0.0,
IsolationForest(t),Shrew_office_Nora,123,spike,1,subtle,2,299.98487883646453,True,1.0,0.5,
IsolationForest(t),Shrew_office_Sherill,123,spike,3,obvious,4,1938.3662349644947,True,1.0,0.75,
IsolationForest(t),Shrew_office_Sherill,123,schedule,3,obvious,168,1063.2674640853456,True,162.0,0.005952380952380952,
IsolationForest(t),Shrew_office_Sherill,123,schedule,2,moderate,144,52.89200787198175,False,,0.0,
IsolationForest(t),Shrew_office_Sherill,123,drift,3,obvious,168,20296.48426102668,True,1.0,0.7678571428571429,
IsolationForest(t),Shrew_office_Sherill,123,spike,3,obvious,2,891.9483588151319,True,1.0,0.5,
IsolationForest(t),Shrew_office_Sherill,123,spike,1,subtle,3,597.9218152987612,True,2.0,0.3333333333333333,
IsolationForest(t),Wolf_office_Darleen,123,drift,2,moderate,312,5118.617371022473,True,179.0,0.04487179487179487,
IsolationForest(t),Wolf_office_Darleen,123,drift,2,moderate,144,1122.0444420374765,True,90.0,0.11805555555555555,
IsolationForest(t),Wolf_office_Darleen,123,drift,3,obvious,216,4625.169208288764,True,2.0,0.37037037037037035,
IsolationForest(t),Wolf_office_Darleen,123,spike,2,moderate,4,240.52539583615456,True,1.0,0.75,
IsolationForest(t),Wolf_office_Darleen,123,drift,1,subtle,168,722.2431690015353,True,0.0,0.11904761904761904,
IsolationForest(t),Wolf_office_Darleen,123,schedule,2,moderate,216,6.372364314854387,True,196.0,0.027777777777777776,
IsolationForest(t),Wolf_retail_Harriett,123,schedule,2,moderate,144,41.589040571361394,True,124.0,0.034722222222222224,
IsolationForest(t),Wolf_retail_Harriett,123,schedule,2,moderate,96,20.026795522465733,True,69.0,0.10416666666666667,
IsolationForest(t),Wolf_retail_Harriett,123,spike,2,moderate,5,304.5069252343177,True,2.0,0.6,
IsolationForest(t),Wolf_retail_Harriett,123,spike,2,moderate,4,204.21169334656463,True,2.0,0.5,
IsolationForest(t),Wolf_retail_Harriett,123,drift,1,subtle,192,1245.6474215603403,False,,0.0,
IsolationForest(t),Wolf_retail_Harriett,123,drift,3,obvious,264,7344.239049400337,True,7.0,0.3371212121212121,
IsolationForest(t),Wolf_retail_Marcella,123,spike,1,subtle,2,13.916313168209674,True,0.0,1.0,
IsolationForest(t),Wolf_retail_Marcella,123,drift,3,obvious,264,1145.6896641735011,True,18.0,0.32196969696969696,
IsolationForest(t),Wolf_retail_Marcella,123,drift,2,moderate,144,198.96519574007425,True,14.0,0.020833333333333332,
IsolationForest(t),Wolf_retail_Marcella,123,spike,3,obvious,4,59.222953564174716,True,2.0,0.5,
IsolationForest(t),Wolf_retail_Marcella,123,spike,1,subtle,1,14.837894350572272,True,0.0,1.0,
IsolationForest(t),Wolf_retail_Marcella,123,spike,2,moderate,4,32.44073899726534,True,1.0,0.75,
IsolationForest(t),Wolf_retail_Toshia,123,spike,1,subtle,4,303.6671023696364,True,2.0,0.5,
IsolationForest(t),Wolf_retail_Toshia,123,spike,1,subtle,4,332.1122316161035,True,1.0,0.75,
IsolationForest(t),Wolf_retail_Toshia,123,schedule,2,moderate,144,83.30849022986973,True,16.0,0.0625,
IsolationForest(t),Wolf_retail_Toshia,123,spike,2,moderate,2,312.40678412779,True,0.0,1.0,
IsolationForest(t),Wolf_retail_Toshia,123,spike,3,obvious,2,471.3347275443462,True,1.0,0.5,
IsolationForest(t),Wolf_retail_Toshia,123,schedule,2,moderate,120,6.526262952639762,True,38.0,0.08333333333333333,
OC-SVM(t),Fox_education_Henrietta,123,spike,3,obvious,3,107.28066628343188,False,,0.0,
OC-SVM(t),Fox_education_Henrietta,123,spike,1,subtle,2,38.79410978520845,True,1.0,0.5,
OC-SVM(t),Fox_education_Henrietta,123,drift,3,obvious,216,1933.886031900874,False,,0.0,
OC-SVM(t),Fox_education_Henrietta,123,schedule,3,obvious,72,4.398242775736969,False,,0.0,
OC-SVM(t),Fox_education_Henrietta,123,spike,3,obvious,4,160.57591003856936,True,2.0,0.5,
OC-SVM(t),Fox_education_Henrietta,123,spike,2,moderate,3,69.44453542686097,True,1.0,0.6666666666666666,
OC-SVM(t),Fox_retail_Manie,123,schedule,3,obvious,96,227.11597207258032,True,42.0,0.020833333333333332,
OC-SVM(t),Fox_retail_Manie,123,drift,1,subtle,192,1233.548743144401,False,,0.0,
OC-SVM(t),Fox_retail_Manie,123,spike,3,obvious,2,256.61536206414166,True,1.0,0.5,
OC-SVM(t),Fox_retail_Manie,123,drift,3,obvious,240,8289.663100225807,True,114.0,0.20833333333333334,
OC-SVM(t),Fox_retail_Manie,123,spike,3,obvious,2,237.32739808430793,True,1.0,0.5,
OC-SVM(t),Fox_retail_Manie,123,spike,1,subtle,2,99.0726521706526,False,,0.0,
OC-SVM(t),Hog_education_Bruno,123,drift,2,moderate,168,12811.470511399853,True,14.0,0.47023809523809523,
OC-SVM(t),Hog_education_Bruno,123,spike,2,moderate,1,275.8232577143261,True,0.0,1.0,
OC-SVM(t),Hog_education_Bruno,123,drift,2,moderate,240,23664.966243209576,True,69.0,0.3333333333333333,
OC-SVM(t),Hog_education_Bruno,123,drift,2,moderate,192,17388.559118296256,True,79.0,0.5260416666666666,
OC-SVM(t),Hog_education_Bruno,123,spike,2,moderate,2,208.75207993954868,True,1.0,0.5,
OC-SVM(t),Hog_education_Bruno,123,schedule,3,obvious,216,76.45355843684771,False,,0.0,
OC-SVM(t),Hog_education_Caridad,123,spike,1,subtle,2,2731.6933904597063,True,1.0,0.5,
OC-SVM(t),Hog_education_Caridad,123,drift,3,obvious,168,99252.01194407106,True,12.0,0.11904761904761904,
OC-SVM(t),Hog_education_Caridad,123,spike,1,subtle,3,3519.2878507706814,False,,0.0,
OC-SVM(t),Hog_education_Caridad,123,spike,3,obvious,1,6794.154067709553,True,0.0,1.0,
OC-SVM(t),Hog_education_Caridad,123,drift,1,subtle,264,43165.13655367314,False,,0.0,
OC-SVM(t),Hog_education_Caridad,123,drift,3,obvious,144,73297.95555006973,False,,0.0,
OC-SVM(t),Hog_education_Josh,123,drift,3,obvious,144,7959.513378869462,True,115.0,0.125,
OC-SVM(t),Hog_education_Josh,123,spike,2,moderate,4,611.0395308891121,True,2.0,0.5,
OC-SVM(t),Hog_education_Josh,123,spike,1,subtle,3,366.67162677451927,True,1.0,0.6666666666666666,
OC-SVM(t),Hog_education_Josh,123,drift,3,obvious,168,13020.370345217947,True,99.0,0.05357142857142857,
OC-SVM(t),Hog_education_Josh,123,drift,1,subtle,192,4363.562263827134,False,,0.0,
OC-SVM(t),Hog_education_Josh,123,spike,1,subtle,2,238.78457205940967,True,1.0,0.5,
OC-SVM(t),Hog_education_Luvenia,123,spike,1,subtle,3,455.8344024507873,True,2.0,0.3333333333333333,
OC-SVM(t),Hog_education_Luvenia,123,drift,2,moderate,264,54929.1258237537,True,50.0,0.6287878787878788,
OC-SVM(t),Hog_education_Luvenia,123,spike,1,subtle,4,439.39032680624484,True,2.0,0.5,
OC-SVM(t),Hog_education_Luvenia,123,spike,3,obvious,1,715.5647282123108,True,0.0,1.0,
OC-SVM(t),Hog_education_Luvenia,123,drift,3,obvious,240,72870.03993593014,True,54.0,0.6,
OC-SVM(t),Hog_education_Luvenia,123,schedule,3,obvious,72,2322.155392898221,False,,0.0,
OC-SVM(t),Hog_office_Almeda,123,schedule,2,moderate,72,28.67787876675679,False,,0.0,
OC-SVM(t),Hog_office_Almeda,123,schedule,2,moderate,216,70.12106487566511,True,104.0,0.018518518518518517,
OC-SVM(t),Hog_office_Almeda,123,drift,3,obvious,312,15353.001099313558,True,3.0,0.5416666666666666,
OC-SVM(t),Hog_office_Almeda,123,drift,1,subtle,144,526.8887717240907,True,76.0,0.006944444444444444,
OC-SVM(t),Hog_office_Almeda,123,spike,1,subtle,3,139.24990344202638,True,1.0,0.6666666666666666,
OC-SVM(t),Hog_office_Almeda,123,spike,1,subtle,1,82.28338102216038,True,0.0,1.0,
OC-SVM(t),Hog_office_Cortney,123,schedule,3,obvious,192,675.659755778285,False,,0.0,
OC-SVM(t),Hog_office_Cortney,123,spike,2,moderate,3,365.9656243934651,True,1.0,0.6666666666666666,
OC-SVM(t),Hog_office_Cortney,123,drift,3,obvious,264,9154.375686841197,True,133.0,0.1553030303030303,
OC-SVM(t),Hog_office_Cortney,123,spike,3,obvious,5,863.5552763422403,True,2.0,0.6,
OC-SVM(t),Hog_office_Cortney,123,drift,3,obvious,144,2657.890143930311,True,42.0,0.013888888888888888,
OC-SVM(t),Hog_office_Cortney,123,spike,3,obvious,1,434.0589581084138,True,0.0,1.0,
OC-SVM(t),Hog_office_Denita,123,spike,2,moderate,2,148.04479456749272,True,1.0,0.5,
OC-SVM(t),Hog_office_Denita,123,schedule,2,moderate,192,80.75676933641031,True,35.0,0.2916666666666667,
OC-SVM(t),Hog_office_Denita,123,drift,3,obvious,144,2706.766864515737,False,,0.0,
OC-SVM(t),Hog_office_Denita,123,drift,2,moderate,168,2084.49776224874,False,,0.0,
OC-SVM(t),Hog_office_Denita,123,schedule,2,moderate,144,168.49448279533027,False,,0.0,
OC-SVM(t),Hog_office_Denita,123,spike,3,obvious,2,281.2051967311053,True,1.0,0.5,
OC-SVM(t),Hog_office_Garrett,123,spike,1,subtle,2,800.6226854998857,True,1.0,0.5,
OC-SVM(t),Hog_office_Garrett,123,drift,1,subtle,216,9195.820381574535,False,,0.0,
OC-SVM(t),Hog_office_Garrett,123,schedule,3,obvious,96,2092.359428346967,True,0.0,0.03125,
OC-SVM(t),Hog_office_Garrett,123,drift,1,subtle,144,3323.6156797907715,False,,0.0,
OC-SVM(t),Hog_office_Garrett,123,drift,3,obvious,264,67734.00437875827,True,252.0,0.007575757575757576,
OC-SVM(t),Hog_office_Garrett,123,spike,3,obvious,5,4328.092876349334,True,2.0,0.6,
OC-SVM(t),Hog_office_Lavon,123,spike,1,subtle,3,2374.6235557297014,True,2.0,0.3333333333333333,
OC-SVM(t),Hog_office_Lavon,123,spike,2,moderate,3,3794.3724276334815,True,1.0,0.6666666666666666,
OC-SVM(t),Hog_office_Lavon,123,drift,2,moderate,312,2773.0338335095603,True,139.0,0.05448717948717949,
OC-SVM(t),Hog_office_Lavon,123,spike,3,obvious,2,4451.899146126511,True,1.0,0.5,
OC-SVM(t),Hog_office_Lavon,123,spike,1,subtle,5,4225.881840189359,True,2.0,0.6,
OC-SVM(t),Hog_office_Lavon,123,spike,3,obvious,3,4991.004728707769,True,1.0,0.6666666666666666,
OC-SVM(t),Hog_office_Merilyn,123,spike,3,obvious,2,74.71065509872955,True,1.0,0.5,
OC-SVM(t),Hog_office_Merilyn,123,spike,3,obvious,4,132.05847552916484,True,2.0,0.5,
OC-SVM(t),Hog_office_Merilyn,123,drift,3,obvious,120,1252.3499195421773,True,119.0,0.008333333333333333,
OC-SVM(t),Hog_office_Merilyn,123,schedule,2,moderate,216,354.74336074839505,False,,0.0,
OC-SVM(t),Hog_office_Merilyn,123,drift,3,obvious,168,2663.5823665894623,True,62.0,0.48214285714285715,
OC-SVM(t),Hog_office_Merilyn,123,schedule,3,obvious,72,44.434143945171144,True,54.0,0.041666666666666664,
OC-SVM(t),Hog_office_Miriam,123,spike,2,moderate,2,39.14258735448324,True,1.0,0.5,
OC-SVM(t),Hog_office_Miriam,123,drift,1,subtle,120,230.44604934093218,False,,0.0,
OC-SVM(t),Hog_office_Miriam,123,spike,2,moderate,1,35.66467994768293,True,0.0,1.0,
OC-SVM(t),Hog_office_Miriam,123,drift,1,subtle,312,965.6784438539437,True,254.0,0.03205128205128205,
OC-SVM(t),Hog_office_Miriam,123,spike,1,subtle,3,34.72750862214191,True,2.0,0.3333333333333333,
OC-SVM(t),Hog_office_Miriam,123,schedule,2,moderate,168,64.25366120822854,True,62.0,0.011904761904761904,
OC-SVM(t),Hog_office_Napoleon,123,drift,3,obvious,240,20740.01444147993,True,146.0,0.32083333333333336,
OC-SVM(t),Hog_office_Napoleon,123,drift,2,moderate,312,18377.3115541578,True,149.0,0.2692307692307692,
OC-SVM(t),Hog_office_Napoleon,123,schedule,3,obvious,144,869.4953581851735,True,93.0,0.006944444444444444,
OC-SVM(t),Hog_office_Napoleon,123,schedule,3,obvious,96,837.4576324321979,False,,0.0,
OC-SVM(t),Hog_office_Napoleon,123,spike,3,obvious,4,585.2791629388853,True,2.0,0.5,
OC-SVM(t),Hog_office_Napoleon,123,spike,3,obvious,3,439.4070634100892,True,1.0,0.6666666666666666,
OC-SVM(t),Hog_office_Shawna,123,schedule,2,moderate,72,1034.6068860201226,False,,0.0,
OC-SVM(t),Hog_office_Shawna,123,schedule,3,obvious,96,3263.734547318278,False,,0.0,
OC-SVM(t),Hog_office_Shawna,123,spike,2,moderate,4,850.4716576235535,True,2.0,0.5,
OC-SVM(t),Hog_office_Shawna,123,spike,1,subtle,5,655.9893883147479,True,3.0,0.4,
OC-SVM(t),Hog_office_Shawna,123,spike,1,subtle,3,316.8977482297006,True,2.0,0.3333333333333333,
OC-SVM(t),Hog_office_Shawna,123,drift,2,moderate,312,23154.84143521574,True,88.0,0.266025641025641,
OC-SVM(t),Hog_office_Shawnna,123,spike,2,moderate,5,2371.412146578059,True,3.0,0.4,
OC-SVM(t),Hog_office_Shawnna,123,drift,1,subtle,144,4751.4831722333965,False,,0.0,
OC-SVM(t),Hog_office_Shawnna,123,schedule,2,moderate,216,653.0373692162267,True,160.0,0.05555555555555555,
OC-SVM(t),Hog_office_Shawnna,123,schedule,3,obvious,144,8044.543420406057,False,,0.0,
OC-SVM(t),Hog_office_Shawnna,123,spike,3,obvious,2,1558.1165318333533,True,1.0,0.5,
OC-SVM(t),Hog_office_Shawnna,123,spike,1,subtle,5,1317.6350904115675,True,4.0,0.2,
OC-SVM(t),Hog_office_Sherrie,123,drift,1,subtle,312,1502.6883443003737,False,,0.0,
OC-SVM(t),Hog_office_Sherrie,123,drift,3,obvious,168,2843.888229420063,True,63.0,0.017857142857142856,
OC-SVM(t),Hog_office_Sherrie,123,spike,3,obvious,3,291.8020352741702,True,1.0,0.6666666666666666,
OC-SVM(t),Hog_office_Sherrie,123,spike,2,moderate,5,282.5523283669032,True,2.0,0.6,
OC-SVM(t),Hog_office_Sherrie,123,drift,2,moderate,144,1240.5414345171785,False,,0.0,
OC-SVM(t),Hog_office_Sherrie,123,spike,2,moderate,1,135.38450679958814,True,0.0,1.0,
OC-SVM(t),Hog_office_Shon,123,drift,3,obvious,120,2948.463897397897,True,70.0,0.06666666666666667,
OC-SVM(t),Hog_office_Shon,123,spike,2,moderate,4,269.0109492648661,True,2.0,0.5,
OC-SVM(t),Hog_office_Shon,123,drift,2,moderate,120,1947.8557803483086,True,48.0,0.06666666666666667,
OC-SVM(t),Hog_office_Shon,123,drift,3,obvious,216,11247.793831062876,True,16.0,0.5740740740740741,
OC-SVM(t),Hog_office_Shon,123,drift,2,moderate,264,7232.998301440217,True,85.0,0.1590909090909091,
OC-SVM(t),Hog_office_Shon,123,spike,3,obvious,2,191.61788634989614,True,1.0,0.5,
OC-SVM(t),Hog_office_Sydney,123,spike,2,moderate,2,153.76692493643083,True,1.0,0.5,
OC-SVM(t),Hog_office_Sydney,123,schedule,3,obvious,72,727.3023863134501,True,51.0,0.1111111111111111,
OC-SVM(t),Hog_office_Sydney,123,spike,2,moderate,3,205.02813478194554,True,2.0,0.3333333333333333,
OC-SVM(t),Hog_office_Sydney,123,drift,1,subtle,264,5315.767404450148,False,,0.0,
OC-SVM(t),Hog_office_Sydney,123,schedule,3,obvious,144,956.7663238616351,False,,0.0,
OC-SVM(t),Hog_office_Sydney,123,drift,2,moderate,168,6145.092488138226,True,21.0,0.5654761904761905,
OC-SVM(t),Hog_office_Valda,123,spike,2,moderate,3,147.18737605936093,True,0.0,1.0,
OC-SVM(t),Hog_office_Valda,123,spike,2,moderate,1,78.9182213779984,True,0.0,1.0,
OC-SVM(t),Hog_office_Valda,123,schedule,3,obvious,96,39.10848908515853,False,,0.0,
OC-SVM(t),Hog_office_Valda,123,spike,2,moderate,5,192.79737053892276,True,2.0,0.6,
OC-SVM(t),Hog_office_Valda,123,spike,1,subtle,4,86.50562247331051,False,,0.0,
OC-SVM(t),Hog_office_Valda,123,spike,2,moderate,3,115.39396740012796,True,1.0,0.6666666666666666,
OC-SVM(t),Lamb_education_Armando,123,schedule,2,moderate,72,203.13693771528114,True,32.0,0.05555555555555555,
OC-SVM(t),Lamb_education_Armando,123,schedule,1,subtle,168,87.28334918811282,True,128.0,0.03571428571428571,
OC-SVM(t),Lamb_education_Armando,123,spike,3,obvious,1,377.12178654530476,True,0.0,1.0,
OC-SVM(t),Lamb_education_Armando,123,drift,3,obvious,312,7857.0451735646675,False,,0.0,
OC-SVM(t),Lamb_education_Armando,123,spike,2,moderate,3,386.59756392503573,True,1.0,0.6666666666666666,
OC-SVM(t),Lamb_education_Armando,123,spike,2,moderate,4,413.23074896014316,True,1.0,0.75,
OC-SVM(t),Lamb_education_Eula,123,spike,3,obvious,4,26.294354402095188,True,2.0,0.5,
OC-SVM(t),Lamb_education_Eula,123,spike,1,subtle,1,5.799574332677247,True,0.0,1.0,
OC-SVM(t),Lamb_education_Eula,123,spike,3,obvious,5,34.334959750450494,True,2.0,0.6,
OC-SVM(t),Lamb_education_Eula,123,spike,1,subtle,2,7.181574523397411,True,1.0,0.5,
OC-SVM(t),Lamb_education_Eula,123,spike,1,subtle,1,6.59423254631242,True,0.0,1.0,
OC-SVM(t),Lamb_education_Eula,123,spike,3,obvious,1,15.329047213601562,True,0.0,1.0,
OC-SVM(t),Lamb_education_Lazaro,123,spike,2,moderate,5,374.47784520017035,True,1.0,0.8,
OC-SVM(t),Lamb_education_Lazaro,123,drift,1,subtle,216,401.29286658232274,True,12.0,0.05555555555555555,
OC-SVM(t),Lamb_education_Lazaro,123,spike,2,moderate,3,201.78794729269748,True,1.0,0.6666666666666666,
OC-SVM(t),Lamb_education_Lazaro,123,drift,3,obvious,192,1592.6761325556072,True,6.0,0.3229166666666667,
OC-SVM(t),Lamb_education_Lazaro,123,spike,3,obvious,2,231.02367481296838,True,1.0,0.5,
OC-SVM(t),Lamb_education_Lazaro,123,drift,1,subtle,168,241.48661946843598,False,,0.0,
OC-SVM(t),Lamb_education_Lucas,123,schedule,3,obvious,168,76.518357105516,True,30.0,0.05952380952380952,
OC-SVM(t),Lamb_education_Lucas,123,spike,3,obvious,1,54.16916519743869,True,0.0,1.0,
OC-SVM(t),Lamb_education_Lucas,123,schedule,3,obvious,72,5.869035981446744,True,11.0,0.09722222222222222,
OC-SVM(t),Lamb_education_Lucas,123,spike,2,moderate,5,83.64456360822592,True,3.0,0.4,
OC-SVM(t),Lamb_education_Lucas,123,spike,1,subtle,1,21.503552764624672,True,0.0,1.0,
OC-SVM(t),Lamb_education_Lucas,123,drift,2,moderate,168,225.2261936276376,True,7.0,0.047619047619047616,
OC-SVM(t),Lamb_education_Mae,123,drift,1,subtle,288,2090.9792705675427,True,56.0,0.017361111111111112,
OC-SVM(t),Lamb_education_Mae,123,drift,3,obvious,168,3878.3792791977203,True,5.0,0.23809523809523808,
OC-SVM(t),Lamb_education_Mae,123,drift,2,moderate,192,3616.5649037878884,True,106.0,0.036458333333333336,
OC-SVM(t),Lamb_education_Mae,123,spike,1,subtle,2,168.00759362156072,True,1.0,0.5,
OC-SVM(t),Lamb_education_Mae,123,schedule,3,obvious,144,5.109533279254961,True,53.0,0.027777777777777776,
OC-SVM(t),Lamb_education_Mae,123,spike,2,moderate,4,497.76086737073166,True,2.0,0.5,
OC-SVM(t),Lamb_education_Williams,123,spike,3,obvious,3,424.58042233121216,True,1.0,0.6666666666666666,
OC-SVM(t),Lamb_education_Williams,123,spike,1,subtle,3,170.23417353918882,True,2.0,0.3333333333333333,
OC-SVM(t),Lamb_education_Williams,123,schedule,2,moderate,192,51.864066737421766,True,39.0,0.07291666666666667,
OC-SVM(t),Lamb_education_Williams,123,spike,3,obvious,2,312.0306486506167,True,1.0,0.5,
OC-SVM(t),Lamb_education_Williams,123,spike,2,moderate,3,345.7997785693358,True,2.0,0.3333333333333333,
OC-SVM(t),Lamb_education_Williams,123,spike,1,subtle,3,169.72626497152717,True,2.0,0.3333333333333333,
OC-SVM(t),Lamb_office_Caitlin,123,drift,2,moderate,120,262.52918539532453,False,,0.0,
OC-SVM(t),Lamb_office_Caitlin,123,spike,3,obvious,3,568.3639822512657,True,1.0,0.6666666666666666,
OC-SVM(t),Lamb_office_Caitlin,123,drift,1,subtle,288,704.4995026024479,False,,0.0,
OC-SVM(t),Lamb_office_Caitlin,123,spike,1,subtle,5,313.85656167965396,True,4.0,0.2,
OC-SVM(t),Lamb_office_Caitlin,123,spike,2,moderate,5,568.2456667214833,True,3.0,0.4,
OC-SVM(t),Lamb_office_Caitlin,123,spike,2,moderate,3,305.0811978420506,False,,0.0,
OC-SVM(t),Lamb_office_Velma,123,spike,2,moderate,4,579.3785831747393,True,1.0,0.75,
OC-SVM(t),Lamb_office_Velma,123,drift,1,subtle,264,3600.407790458008,True,5.0,0.01893939393939394,
OC-SVM(t),Lamb_office_Velma,123,schedule,3,obvious,72,529.7124723853377,False,,0.0,
OC-SVM(t),Lamb_office_Velma,123,schedule,3,obvious,168,905.7834583344495,False,,0.0,
OC-SVM(t),Lamb_office_Velma,123,drift,2,moderate,264,11018.856200311362,True,78.0,0.12121212121212122,
OC-SVM(t),Lamb_office_Velma,123,spike,1,subtle,1,203.31928736081287,True,0.0,1.0,
OC-SVM(t),Rat_retail_Jeffrey,123,spike,1,subtle,5,297.07819054346146,False,,0.0,
OC-SVM(t),Rat_retail_Jeffrey,123,drift,2,moderate,288,8884.572843683076,True,248.0,0.003472222222222222,
OC-SVM(t),Rat_retail_Jeffrey,123,drift,3,obvious,312,16042.159321483588,True,219.0,0.09935897435897435,
OC-SVM(t),Rat_retail_Jeffrey,123,drift,3,obvious,288,13433.287503070473,True,100.0,0.17708333333333334,
OC-SVM(t),Rat_retail_Jeffrey,123,spike,2,moderate,4,396.18797784816087,False,,0.0,
OC-SVM(t),Rat_retail_Jeffrey,123,spike,1,subtle,2,149.27212647463435,False,,0.0,
OC-SVM(t),Robin_education_Zenia,123,drift,3,obvious,240,23393.72141148178,False,,0.0,
OC-SVM(t),Robin_education_Zenia,123,drift,2,moderate,216,11875.093738761898,True,0.0,0.5138888888888888,
OC-SVM(t),Robin_education_Zenia,123,spike,2,moderate,3,222.03735529951837,True,1.0,0.6666666666666666,
OC-SVM(t),Robin_education_Zenia,123,drift,1,subtle,288,9160.385486153853,True,286.0,0.003472222222222222,
OC-SVM(t),Robin_education_Zenia,123,spike,2,moderate,5,431.4815913558175,False,,0.0,
OC-SVM(t),Robin_education_Zenia,123,spike,1,subtle,3,167.63958684164422,False,,0.0,
OC-SVM(t),Robin_office_Dina,123,spike,1,subtle,4,68.4746983087544,False,,0.0,
OC-SVM(t),Robin_office_Dina,123,spike,2,moderate,1,57.843807887198196,True,0.0,1.0,
OC-SVM(t),Robin_office_Dina,123,spike,2,moderate,4,105.04301321096541,True,2.0,0.5,
OC-SVM(t),Robin_office_Dina,123,drift,1,subtle,312,2636.196139427071,True,117.0,0.1346153846153846,
OC-SVM(t),Robin_office_Dina,123,drift,3,obvious,240,5380.373982455583,True,26.0,0.6,
OC-SVM(t),Robin_office_Dina,123,spike,2,moderate,5,151.9427563095937,True,2.0,0.6,
OC-SVM(t),Robin_office_Sammie,123,schedule,2,moderate,168,483.8792634429125,True,108.0,0.125,
OC-SVM(t),Robin_office_Sammie,123,schedule,3,obvious,192,977.3897562849763,True,163.0,0.010416666666666666,
OC-SVM(t),Robin_office_Sammie,123,drift,1,subtle,264,2755.0334119244794,False,,0.0,
OC-SVM(t),Robin_office_Sammie,123,spike,3,obvious,4,364.36019766409277,True,1.0,0.75,
OC-SVM(t),Robin_office_Sammie,123,schedule,3,obvious,168,2314.2865402050898,False,,0.0,
OC-SVM(t),Robin_office_Sammie,123,spike,3,obvious,5,474.4082509322585,True,1.0,0.8,
OC-SVM(t),Shrew_office_Doris,123,drift,3,obvious,312,44891.62811435338,True,42.0,0.5416666666666666,
OC-SVM(t),Shrew_office_Doris,123,spike,1,subtle,2,237.15238122664746,True,1.0,0.5,
OC-SVM(t),Shrew_office_Doris,123,schedule,3,obvious,216,1297.1953433177616,False,,0.0,
OC-SVM(t),Shrew_office_Doris,123,schedule,3,obvious,72,35.91670620662419,False,,0.0,
OC-SVM(t),Shrew_office_Doris,123,schedule,3,obvious,120,5.573837452122518,False,,0.0,
OC-SVM(t),Shrew_office_Doris,123,spike,3,obvious,2,454.8096962841917,True,1.0,0.5,
OC-SVM(t),Shrew_office_Ila,123,drift,2,moderate,240,12234.707321185711,True,41.0,0.0875,
OC-SVM(t),Shrew_office_Ila,123,schedule,3,obvious,192,57.235751088076555,False,,0.0,
OC-SVM(t),Shrew_office_Ila,123,drift,1,subtle,240,3195.899958049458,True,161.0,0.04583333333333333,
OC-SVM(t),Shrew_office_Ila,123,spike,2,moderate,3,354.27865606545697,True,1.0,0.6666666666666666,
OC-SVM(t),Shrew_office_Ila,123,schedule,3,obvious,192,3.1847764428720353,False,,0.0,
OC-SVM(t),Shrew_office_Ila,123,drift,3,obvious,240,22688.051141610937,True,60.0,0.5458333333333333,
OC-SVM(t),Shrew_office_Kenneth,123,spike,3,obvious,2,131.11670586022714,True,0.0,1.0,
OC-SVM(t),Shrew_office_Kenneth,123,spike,2,moderate,5,227.0242444596504,True,3.0,0.4,
OC-SVM(t),Shrew_office_Kenneth,123,drift,3,obvious,240,5053.890885911685,True,58.0,0.375,
OC-SVM(t),Shrew_office_Kenneth,123,drift,3,obvious,264,5293.377061299316,True,170.0,0.2196969696969697,
OC-SVM(t),Shrew_office_Kenneth,123,drift,2,moderate,264,2846.954348101387,False,,0.0,
OC-SVM(t),Shrew_office_Kenneth,123,spike,2,moderate,4,176.17399675860463,True,2.0,0.5,
OC-SVM(t),Shrew_office_Nora,123,spike,1,subtle,3,363.7027421884706,True,1.0,0.6666666666666666,
OC-SVM(t),Shrew_office_Nora,123,schedule,3,obvious,168,2229.075651298478,False,,0.0,
OC-SVM(t),Shrew_office_Nora,123,spike,3,obvious,5,1307.2052737697059,True,2.0,0.6,
OC-SVM(t),Shrew_office_Nora,123,spike,2,moderate,5,1074.4165419552485,True,2.0,0.6,
OC-SVM(t),Shrew_office_Nora,123,schedule,3,obvious,72,981.9580003229489,False,,0.0,
OC-SVM(t),Shrew_office_Nora,123,spike,1,subtle,2,299.98487883646453,True,1.0,0.5,
OC-SVM(t),Shrew_office_Sherill,123,spike,3,obvious,4,1938.3662349644947,True,2.0,0.5,
OC-SVM(t),Shrew_office_Sherill,123,schedule,3,obvious,168,1063.2674640853456,False,,0.0,
OC-SVM(t),Shrew_office_Sherill,123,schedule,2,moderate,144,52.89200787198175,False,,0.0,
OC-SVM(t),Shrew_office_Sherill,123,drift,3,obvious,168,20296.48426102668,True,35.0,0.3392857142857143,
OC-SVM(t),Shrew_office_Sherill,123,spike,3,obvious,2,891.9483588151319,True,1.0,0.5,
OC-SVM(t),Shrew_office_Sherill,123,spike,1,subtle,3,597.9218152987612,True,1.0,0.6666666666666666,
OC-SVM(t),Wolf_office_Darleen,123,drift,2,moderate,312,5118.617371022473,True,104.0,0.019230769230769232,
OC-SVM(t),Wolf_office_Darleen,123,drift,2,moderate,144,1122.0444420374765,True,92.0,0.034722222222222224,
OC-SVM(t),Wolf_office_Darleen,123,drift,3,obvious,216,4625.169208288764,True,42.0,0.09722222222222222,
OC-SVM(t),Wolf_office_Darleen,123,spike,2,moderate,4,240.52539583615456,True,1.0,0.75,
OC-SVM(t),Wolf_office_Darleen,123,drift,1,subtle,168,722.2431690015353,True,0.0,0.023809523809523808,
OC-SVM(t),Wolf_office_Darleen,123,schedule,2,moderate,216,6.372364314854387,True,199.0,0.013888888888888888,
OC-SVM(t),Wolf_retail_Harriett,123,schedule,2,moderate,144,41.589040571361394,True,124.0,0.027777777777777776,
OC-SVM(t),Wolf_retail_Harriett,123,schedule,2,moderate,96,20.026795522465733,True,73.0,0.020833333333333332,
OC-SVM(t),Wolf_retail_Harriett,123,spike,2,moderate,5,304.5069252343177,True,2.0,0.6,
OC-SVM(t),Wolf_retail_Harriett,123,spike,2,moderate,4,204.21169334656463,True,2.0,0.5,
OC-SVM(t),Wolf_retail_Harriett,123,drift,1,subtle,192,1245.6474215603403,False,,0.0,
OC-SVM(t),Wolf_retail_Harriett,123,drift,3,obvious,264,7344.239049400337,True,12.0,0.4090909090909091,
OC-SVM(t),Wolf_retail_Marcella,123,spike,1,subtle,2,13.916313168209674,True,1.0,0.5,
OC-SVM(t),Wolf_retail_Marcella,123,drift,3,obvious,264,1145.6896641735011,True,24.0,0.36742424242424243,
OC-SVM(t),Wolf_retail_Marcella,123,drift,2,moderate,144,198.96519574007425,False,,0.0,
OC-SVM(t),Wolf_retail_Marcella,123,spike,3,obvious,4,59.222953564174716,True,2.0,0.5,
OC-SVM(t),Wolf_retail_Marcella,123,spike,1,subtle,1,14.837894350572272,True,0.0,1.0,
OC-SVM(t),Wolf_retail_Marcella,123,spike,2,moderate,4,32.44073899726534,True,2.0,0.5,
OC-SVM(t),Wolf_retail_Toshia,123,spike,1,subtle,4,303.6671023696364,True,3.0,0.25,
OC-SVM(t),Wolf_retail_Toshia,123,spike,1,subtle,4,332.1122316161035,True,2.0,0.5,
OC-SVM(t),Wolf_retail_Toshia,123,schedule,2,moderate,144,83.30849022986973,True,15.0,0.06944444444444445,
OC-SVM(t),Wolf_retail_Toshia,123,spike,2,moderate,2,312.40678412779,True,0.0,1.0,
OC-SVM(t),Wolf_retail_Toshia,123,spike,3,obvious,2,471.3347275443462,True,1.0,0.5,
OC-SVM(t),Wolf_retail_Toshia,123,schedule,2,moderate,120,6.526262952639762,True,39.0,0.175,
LSTM-AE(t),Fox_education_Henrietta,123,spike,3,obvious,3,107.28066628343188,False,,0.0,
LSTM-AE(t),Fox_education_Henrietta,123,spike,1,subtle,2,38.79410978520845,False,,0.0,
LSTM-AE(t),Fox_education_Henrietta,123,drift,3,obvious,216,1933.886031900874,False,,0.0,
LSTM-AE(t),Fox_education_Henrietta,123,schedule,3,obvious,72,4.398242775736969,False,,0.0,
LSTM-AE(t),Fox_education_Henrietta,123,spike,3,obvious,4,160.57591003856936,True,0.0,1.0,
LSTM-AE(t),Fox_education_Henrietta,123,spike,2,moderate,3,69.44453542686097,True,0.0,1.0,
LSTM-AE(t),Fox_retail_Manie,123,schedule,3,obvious,96,227.11597207258032,True,0.0,0.17708333333333334,
LSTM-AE(t),Fox_retail_Manie,123,drift,1,subtle,192,1233.548743144401,False,,0.0,
LSTM-AE(t),Fox_retail_Manie,123,spike,3,obvious,2,256.61536206414166,True,0.0,1.0,
LSTM-AE(t),Fox_retail_Manie,123,drift,3,obvious,240,8289.663100225807,True,182.0,0.24166666666666667,
LSTM-AE(t),Fox_retail_Manie,123,spike,3,obvious,2,237.32739808430793,True,0.0,1.0,
LSTM-AE(t),Fox_retail_Manie,123,spike,1,subtle,2,99.0726521706526,False,,0.0,
LSTM-AE(t),Hog_education_Bruno,123,drift,2,moderate,168,12811.470511399853,True,70.0,0.5833333333333334,
LSTM-AE(t),Hog_education_Bruno,123,spike,2,moderate,1,275.8232577143261,True,0.0,1.0,
LSTM-AE(t),Hog_education_Bruno,123,drift,2,moderate,240,23664.966243209576,True,101.0,0.008333333333333333,
LSTM-AE(t),Hog_education_Bruno,123,drift,2,moderate,192,17388.559118296256,True,96.0,0.5,
LSTM-AE(t),Hog_education_Bruno,123,spike,2,moderate,2,208.75207993954868,True,0.0,1.0,
LSTM-AE(t),Hog_education_Bruno,123,schedule,3,obvious,216,76.45355843684771,False,,0.0,
LSTM-AE(t),Hog_education_Caridad,123,spike,1,subtle,2,2731.6933904597063,False,,0.0,
LSTM-AE(t),Hog_education_Caridad,123,drift,3,obvious,168,99252.01194407106,True,133.0,0.20833333333333334,
LSTM-AE(t),Hog_education_Caridad,123,spike,1,subtle,3,3519.2878507706814,True,0.0,1.0,
LSTM-AE(t),Hog_education_Caridad,123,spike,3,obvious,1,6794.154067709553,True,0.0,1.0,
LSTM-AE(t),Hog_education_Caridad,123,drift,1,subtle,264,43165.13655367314,False,,0.0,
LSTM-AE(t),Hog_education_Caridad,123,drift,3,obvious,144,73297.95555006973,True,110.0,0.2361111111111111,
LSTM-AE(t),Hog_education_Josh,123,drift,3,obvious,144,7959.513378869462,False,,0.0,
LSTM-AE(t),Hog_education_Josh,123,spike,2,moderate,4,611.0395308891121,True,0.0,1.0,
LSTM-AE(t),Hog_education_Josh,123,spike,1,subtle,3,366.67162677451927,False,,0.0,
LSTM-AE(t),Hog_education_Josh,123,drift,3,obvious,168,13020.370345217947,False,,0.0,
LSTM-AE(t),Hog_education_Josh,123,drift,1,subtle,192,4363.562263827134,False,,0.0,
LSTM-AE(t),Hog_education_Josh,123,spike,1,subtle,2,238.78457205940967,False,,0.0,
LSTM-AE(t),Hog_education_Luvenia,123,spike,1,subtle,3,455.8344024507873,False,,0.0,
LSTM-AE(t),Hog_education_Luvenia,123,drift,2,moderate,264,54929.1258237537,True,105.0,0.6022727272727273,
LSTM-AE(t),Hog_education_Luvenia,123,spike,1,subtle,4,439.39032680624484,False,,0.0,
LSTM-AE(t),Hog_education_Luvenia,123,spike,3,obvious,1,715.5647282123108,True,0.0,1.0,
LSTM-AE(t),Hog_education_Luvenia,123,drift,3,obvious,240,72870.03993593014,True,135.0,0.4375,
LSTM-AE(t),Hog_education_Luvenia,123,schedule,3,obvious,72,2322.155392898221,False,,0.0,
LSTM-AE(t),Hog_office_Almeda,123,schedule,2,moderate,72,28.67787876675679,False,,0.0,
LSTM-AE(t),Hog_office_Almeda,123,schedule,2,moderate,216,70.12106487566511,False,,0.0,
LSTM-AE(t),Hog_office_Almeda,123,drift,3,obvious,312,15353.001099313558,True,110.0,0.5416666666666666,
LSTM-AE(t),Hog_office_Almeda,123,drift,1,subtle,144,526.8887717240907,False,,0.0,
LSTM-AE(t),Hog_office_Almeda,123,spike,1,subtle,3,139.24990344202638,False,,0.0,
LSTM-AE(t),Hog_office_Almeda,123,spike,1,subtle,1,82.28338102216038,False,,0.0,
LSTM-AE(t),Hog_office_Cortney,123,schedule,3,obvious,192,675.659755778285,False,,0.0,
LSTM-AE(t),Hog_office_Cortney,123,spike,2,moderate,3,365.9656243934651,True,0.0,1.0,
LSTM-AE(t),Hog_office_Cortney,123,drift,3,obvious,264,9154.375686841197,True,93.0,0.4583333333333333,
LSTM-AE(t),Hog_office_Cortney,123,spike,3,obvious,5,863.5552763422403,True,0.0,1.0,
LSTM-AE(t),Hog_office_Cortney,123,drift,3,obvious,144,2657.890143930311,True,27.0,0.7569444444444444,
LSTM-AE(t),Hog_office_Cortney,123,spike,3,obvious,1,434.0589581084138,True,0.0,1.0,
LSTM-AE(t),Hog_office_Denita,123,spike,2,moderate,2,148.04479456749272,True,0.0,1.0,
LSTM-AE(t),Hog_office_Denita,123,schedule,2,moderate,192,80.75676933641031,False,,0.0,
LSTM-AE(t),Hog_office_Denita,123,drift,3,obvious,144,2706.766864515737,False,,0.0,
LSTM-AE(t),Hog_office_Denita,123,drift,2,moderate,168,2084.49776224874,True,111.0,0.08928571428571429,
LSTM-AE(t),Hog_office_Denita,123,schedule,2,moderate,144,168.49448279533027,False,,0.0,
LSTM-AE(t),Hog_office_Denita,123,spike,3,obvious,2,281.2051967311053,True,0.0,1.0,
LSTM-AE(t),Hog_office_Garrett,123,spike,1,subtle,2,800.6226854998857,True,0.0,1.0,
LSTM-AE(t),Hog_office_Garrett,123,drift,1,subtle,216,9195.820381574535,False,,0.0,
LSTM-AE(t),Hog_office_Garrett,123,schedule,3,obvious,96,2092.359428346967,False,,0.0,
LSTM-AE(t),Hog_office_Garrett,123,drift,1,subtle,144,3323.6156797907715,False,,0.0,
LSTM-AE(t),Hog_office_Garrett,123,drift,3,obvious,264,67734.00437875827,True,44.0,0.5606060606060606,
LSTM-AE(t),Hog_office_Garrett,123,spike,3,obvious,5,4328.092876349334,True,0.0,1.0,
LSTM-AE(t),Hog_office_Lavon,123,spike,1,subtle,3,2374.6235557297014,True,0.0,1.0,
LSTM-AE(t),Hog_office_Lavon,123,spike,2,moderate,3,3794.3724276334815,False,,0.0,
LSTM-AE(t),Hog_office_Lavon,123,drift,2,moderate,312,2773.0338335095603,False,,0.0,
LSTM-AE(t),Hog_office_Lavon,123,spike,3,obvious,2,4451.899146126511,False,,0.0,
LSTM-AE(t),Hog_office_Lavon,123,spike,1,subtle,5,4225.881840189359,True,0.0,1.0,
LSTM-AE(t),Hog_office_Lavon,123,spike,3,obvious,3,4991.004728707769,True,0.0,1.0,
LSTM-AE(t),Hog_office_Merilyn,123,spike,3,obvious,2,74.71065509872955,True,0.0,1.0,
LSTM-AE(t),Hog_office_Merilyn,123,spike,3,obvious,4,132.05847552916484,True,0.0,1.0,
LSTM-AE(t),Hog_office_Merilyn,123,drift,3,obvious,120,1252.3499195421773,False,,0.0,
LSTM-AE(t),Hog_office_Merilyn,123,schedule,2,moderate,216,354.74336074839505,False,,0.0,
LSTM-AE(t),Hog_office_Merilyn,123,drift,3,obvious,168,2663.5823665894623,True,57.0,0.6607142857142857,
LSTM-AE(t),Hog_office_Merilyn,123,schedule,3,obvious,72,44.434143945171144,False,,0.0,
LSTM-AE(t),Hog_office_Miriam,123,spike,2,moderate,2,39.14258735448324,False,,0.0,
LSTM-AE(t),Hog_office_Miriam,123,drift,1,subtle,120,230.44604934093218,False,,0.0,
LSTM-AE(t),Hog_office_Miriam,123,spike,2,moderate,1,35.66467994768293,True,0.0,1.0,
LSTM-AE(t),Hog_office_Miriam,123,drift,1,subtle,312,965.6784438539437,False,,0.0,
LSTM-AE(t),Hog_office_Miriam,123,spike,1,subtle,3,34.72750862214191,True,0.0,1.0,
LSTM-AE(t),Hog_office_Miriam,123,schedule,2,moderate,168,64.25366120822854,False,,0.0,
LSTM-AE(t),Hog_office_Napoleon,123,drift,3,obvious,240,20740.01444147993,True,132.0,0.45,
LSTM-AE(t),Hog_office_Napoleon,123,drift,2,moderate,312,18377.3115541578,True,22.0,0.6987179487179487,
LSTM-AE(t),Hog_office_Napoleon,123,schedule,3,obvious,144,869.4953581851735,False,,0.0,
LSTM-AE(t),Hog_office_Napoleon,123,schedule,3,obvious,96,837.4576324321979,False,,0.0,
LSTM-AE(t),Hog_office_Napoleon,123,spike,3,obvious,4,585.2791629388853,True,0.0,1.0,
LSTM-AE(t),Hog_office_Napoleon,123,spike,3,obvious,3,439.4070634100892,False,,0.0,
LSTM-AE(t),Hog_office_Shawna,123,schedule,2,moderate,72,1034.6068860201226,False,,0.0,
LSTM-AE(t),Hog_office_Shawna,123,schedule,3,obvious,96,3263.734547318278,True,0.0,0.2708333333333333,
LSTM-AE(t),Hog_office_Shawna,123,spike,2,moderate,4,850.4716576235535,True,0.0,1.0,
LSTM-AE(t),Hog_office_Shawna,123,spike,1,subtle,5,655.9893883147479,False,,0.0,
LSTM-AE(t),Hog_office_Shawna,123,spike,1,subtle,3,316.8977482297006,False,,0.0,
LSTM-AE(t),Hog_office_Shawna,123,drift,2,moderate,312,23154.84143521574,True,110.0,0.46474358974358976,
LSTM-AE(t),Hog_office_Shawnna,123,spike,2,moderate,5,2371.412146578059,True,0.0,1.0,
LSTM-AE(t),Hog_office_Shawnna,123,drift,1,subtle,144,4751.4831722333965,False,,0.0,
LSTM-AE(t),Hog_office_Shawnna,123,schedule,2,moderate,216,653.0373692162267,True,133.0,0.2222222222222222,
LSTM-AE(t),Hog_office_Shawnna,123,schedule,3,obvious,144,8044.543420406057,False,,0.0,
LSTM-AE(t),Hog_office_Shawnna,123,spike,3,obvious,2,1558.1165318333533,True,0.0,1.0,
LSTM-AE(t),Hog_office_Shawnna,123,spike,1,subtle,5,1317.6350904115675,False,,0.0,
LSTM-AE(t),Hog_office_Sherrie,123,drift,1,subtle,312,1502.6883443003737,False,,0.0,
LSTM-AE(t),Hog_office_Sherrie,123,drift,3,obvious,168,2843.888229420063,True,24.0,0.8571428571428571,
LSTM-AE(t),Hog_office_Sherrie,123,spike,3,obvious,3,291.8020352741702,True,0.0,1.0,
LSTM-AE(t),Hog_office_Sherrie,123,spike,2,moderate,5,282.5523283669032,True,0.0,1.0,
LSTM-AE(t),Hog_office_Sherrie,123,drift,2,moderate,144,1240.5414345171785,False,,0.0,
LSTM-AE(t),Hog_office_Sherrie,123,spike,2,moderate,1,135.38450679958814,True,0.0,1.0,
LSTM-AE(t),Hog_office_Shon,123,drift,3,obvious,120,2948.463897397897,True,53.0,0.4,
LSTM-AE(t),Hog_office_Shon,123,spike,2,moderate,4,269.0109492648661,True,0.0,1.0,
LSTM-AE(t),Hog_office_Shon,123,drift,2,moderate,120,1947.8557803483086,False,,0.0,
LSTM-AE(t),Hog_office_Shon,123,drift,3,obvious,216,11247.793831062876,True,48.0,0.24074074074074073,
LSTM-AE(t),Hog_office_Shon,123,drift,2,moderate,264,7232.998301440217,True,139.0,0.2765151515151515,
LSTM-AE(t),Hog_office_Shon,123,spike,3,obvious,2,191.61788634989614,True,0.0,1.0,
LSTM-AE(t),Hog_office_Sydney,123,spike,2,moderate,2,153.76692493643083,True,0.0,1.0,
LSTM-AE(t),Hog_office_Sydney,123,schedule,3,obvious,72,727.3023863134501,True,0.0,0.6666666666666666,
LSTM-AE(t),Hog_office_Sydney,123,spike,2,moderate,3,205.02813478194554,True,0.0,1.0,
LSTM-AE(t),Hog_office_Sydney,123,drift,1,subtle,264,5315.767404450148,True,241.0,0.08712121212121213,
LSTM-AE(t),Hog_office_Sydney,123,schedule,3,obvious,144,956.7663238616351,False,,0.0,
LSTM-AE(t),Hog_office_Sydney,123,drift,2,moderate,168,6145.092488138226,True,30.0,0.8214285714285714,
LSTM-AE(t),Hog_office_Valda,123,spike,2,moderate,3,147.18737605936093,True,0.0,1.0,
LSTM-AE(t),Hog_office_Valda,123,spike,2,moderate,1,78.9182213779984,False,,0.0,
LSTM-AE(t),Hog_office_Valda,123,schedule,3,obvious,96,39.10848908515853,False,,0.0,
LSTM-AE(t),Hog_office_Valda,123,spike,2,moderate,5,192.79737053892276,True,0.0,1.0,
LSTM-AE(t),Hog_office_Valda,123,spike,1,subtle,4,86.50562247331051,False,,0.0,
LSTM-AE(t),Hog_office_Valda,123,spike,2,moderate,3,115.39396740012796,True,0.0,1.0,
LSTM-AE(t),Lamb_education_Armando,123,schedule,2,moderate,72,203.13693771528114,False,,0.0,
LSTM-AE(t),Lamb_education_Armando,123,schedule,1,subtle,168,87.28334918811282,False,,0.0,
LSTM-AE(t),Lamb_education_Armando,123,spike,3,obvious,1,377.12178654530476,False,,0.0,
LSTM-AE(t),Lamb_education_Armando,123,drift,3,obvious,312,7857.0451735646675,False,,0.0,
LSTM-AE(t),Lamb_education_Armando,123,spike,2,moderate,3,386.59756392503573,True,0.0,1.0,
LSTM-AE(t),Lamb_education_Armando,123,spike,2,moderate,4,413.23074896014316,True,0.0,1.0,
LSTM-AE(t),Lamb_education_Eula,123,spike,3,obvious,4,26.294354402095188,True,0.0,1.0,
LSTM-AE(t),Lamb_education_Eula,123,spike,1,subtle,1,5.799574332677247,False,,0.0,
LSTM-AE(t),Lamb_education_Eula,123,spike,3,obvious,5,34.334959750450494,True,0.0,1.0,
LSTM-AE(t),Lamb_education_Eula,123,spike,1,subtle,2,7.181574523397411,True,0.0,1.0,
LSTM-AE(t),Lamb_education_Eula,123,spike,1,subtle,1,6.59423254631242,False,,0.0,
LSTM-AE(t),Lamb_education_Eula,123,spike,3,obvious,1,15.329047213601562,True,0.0,1.0,
LSTM-AE(t),Lamb_education_Lazaro,123,spike,2,moderate,5,374.47784520017035,False,,0.0,
LSTM-AE(t),Lamb_education_Lazaro,123,drift,1,subtle,216,401.29286658232274,False,,0.0,
LSTM-AE(t),Lamb_education_Lazaro,123,spike,2,moderate,3,201.78794729269748,False,,0.0,
LSTM-AE(t),Lamb_education_Lazaro,123,drift,3,obvious,192,1592.6761325556072,False,,0.0,
LSTM-AE(t),Lamb_education_Lazaro,123,spike,3,obvious,2,231.02367481296838,True,0.0,1.0,
LSTM-AE(t),Lamb_education_Lazaro,123,drift,1,subtle,168,241.48661946843598,False,,0.0,
LSTM-AE(t),Lamb_education_Lucas,123,schedule,3,obvious,168,76.518357105516,True,152.0,0.09523809523809523,
LSTM-AE(t),Lamb_education_Lucas,123,spike,3,obvious,1,54.16916519743869,True,0.0,1.0,
LSTM-AE(t),Lamb_education_Lucas,123,schedule,3,obvious,72,5.869035981446744,False,,0.0,
LSTM-AE(t),Lamb_education_Lucas,123,spike,2,moderate,5,83.64456360822592,True,0.0,1.0,
LSTM-AE(t),Lamb_education_Lucas,123,spike,1,subtle,1,21.503552764624672,False,,0.0,
LSTM-AE(t),Lamb_education_Lucas,123,drift,2,moderate,168,225.2261936276376,False,,0.0,
LSTM-AE(t),Lamb_education_Mae,123,drift,1,subtle,288,2090.9792705675427,False,,0.0,
LSTM-AE(t),Lamb_education_Mae,123,drift,3,obvious,168,3878.3792791977203,True,55.0,0.6726190476190477,
LSTM-AE(t),Lamb_education_Mae,123,drift,2,moderate,192,3616.5649037878884,False,,0.0,
LSTM-AE(t),Lamb_education_Mae,123,spike,1,subtle,2,168.00759362156072,False,,0.0,
LSTM-AE(t),Lamb_education_Mae,123,schedule,3,obvious,144,5.109533279254961,False,,0.0,
LSTM-AE(t),Lamb_education_Mae,123,spike,2,moderate,4,497.76086737073166,True,0.0,1.0,
LSTM-AE(t),Lamb_education_Williams,123,spike,3,obvious,3,424.58042233121216,False,,0.0,
LSTM-AE(t),Lamb_education_Williams,123,spike,1,subtle,3,170.23417353918882,False,,0.0,
LSTM-AE(t),Lamb_education_Williams,123,schedule,2,moderate,192,51.864066737421766,True,17.0,0.2552083333333333,
LSTM-AE(t),Lamb_education_Williams,123,spike,3,obvious,2,312.0306486506167,False,,0.0,
LSTM-AE(t),Lamb_education_Williams,123,spike,2,moderate,3,345.7997785693358,True,0.0,1.0,
LSTM-AE(t),Lamb_education_Williams,123,spike,1,subtle,3,169.72626497152717,True,0.0,1.0,
LSTM-AE(t),Lamb_office_Caitlin,123,drift,2,moderate,120,262.52918539532453,False,,0.0,
LSTM-AE(t),Lamb_office_Caitlin,123,spike,3,obvious,3,568.3639822512657,True,0.0,1.0,
LSTM-AE(t),Lamb_office_Caitlin,123,drift,1,subtle,288,704.4995026024479,False,,0.0,
LSTM-AE(t),Lamb_office_Caitlin,123,spike,1,subtle,5,313.85656167965396,True,0.0,1.0,
LSTM-AE(t),Lamb_office_Caitlin,123,spike,2,moderate,5,568.2456667214833,True,0.0,1.0,
LSTM-AE(t),Lamb_office_Caitlin,123,spike,2,moderate,3,305.0811978420506,False,,0.0,
LSTM-AE(t),Lamb_office_Velma,123,spike,2,moderate,4,579.3785831747393,False,,0.0,
LSTM-AE(t),Lamb_office_Velma,123,drift,1,subtle,264,3600.407790458008,True,214.0,0.1893939393939394,
LSTM-AE(t),Lamb_office_Velma,123,schedule,3,obvious,72,529.7124723853377,False,,0.0,
LSTM-AE(t),Lamb_office_Velma,123,schedule,3,obvious,168,905.7834583344495,False,,0.0,
LSTM-AE(t),Lamb_office_Velma,123,drift,2,moderate,264,11018.856200311362,True,145.0,0.2727272727272727,
LSTM-AE(t),Lamb_office_Velma,123,spike,1,subtle,1,203.31928736081287,True,0.0,1.0,
LSTM-AE(t),Rat_retail_Jeffrey,123,spike,1,subtle,5,297.07819054346146,False,,0.0,
LSTM-AE(t),Rat_retail_Jeffrey,123,drift,2,moderate,288,8884.572843683076,True,252.0,0.125,
LSTM-AE(t),Rat_retail_Jeffrey,123,drift,3,obvious,312,16042.159321483588,True,0.0,0.15384615384615385,
LSTM-AE(t),Rat_retail_Jeffrey,123,drift,3,obvious,288,13433.287503070473,True,148.0,0.4166666666666667,
LSTM-AE(t),Rat_retail_Jeffrey,123,spike,2,moderate,4,396.18797784816087,False,,0.0,
LSTM-AE(t),Rat_retail_Jeffrey,123,spike,1,subtle,2,149.27212647463435,False,,0.0,
LSTM-AE(t),Robin_education_Zenia,123,drift,3,obvious,240,23393.72141148178,True,90.0,0.625,
LSTM-AE(t),Robin_education_Zenia,123,drift,2,moderate,216,11875.093738761898,True,96.0,0.5555555555555556,
LSTM-AE(t),Robin_education_Zenia,123,spike,2,moderate,3,222.03735529951837,False,,0.0,
LSTM-AE(t),Robin_education_Zenia,123,drift,1,subtle,288,9160.385486153853,False,,0.0,
LSTM-AE(t),Robin_education_Zenia,123,spike,2,moderate,5,431.4815913558175,False,,0.0,
LSTM-AE(t),Robin_education_Zenia,123,spike,1,subtle,3,167.63958684164422,False,,0.0,
LSTM-AE(t),Robin_office_Dina,123,spike,1,subtle,4,68.4746983087544,False,,0.0,
LSTM-AE(t),Robin_office_Dina,123,spike,2,moderate,1,57.843807887198196,False,,0.0,
LSTM-AE(t),Robin_office_Dina,123,spike,2,moderate,4,105.04301321096541,True,0.0,1.0,
LSTM-AE(t),Robin_office_Dina,123,drift,1,subtle,312,2636.196139427071,True,209.0,0.3301282051282051,
LSTM-AE(t),Robin_office_Dina,123,drift,3,obvious,240,5380.373982455583,True,25.0,0.8958333333333334,
LSTM-AE(t),Robin_office_Dina,123,spike,2,moderate,5,151.9427563095937,True,0.0,1.0,
LSTM-AE(t),Robin_office_Sammie,123,schedule,2,moderate,168,483.8792634429125,True,0.0,0.1130952380952381,
LSTM-AE(t),Robin_office_Sammie,123,schedule,3,obvious,192,977.3897562849763,False,,0.0,
LSTM-AE(t),Robin_office_Sammie,123,drift,1,subtle,264,2755.0334119244794,False,,0.0,
LSTM-AE(t),Robin_office_Sammie,123,spike,3,obvious,4,364.36019766409277,True,0.0,1.0,
LSTM-AE(t),Robin_office_Sammie,123,schedule,3,obvious,168,2314.2865402050898,False,,0.0,
LSTM-AE(t),Robin_office_Sammie,123,spike,3,obvious,5,474.4082509322585,True,0.0,1.0,
LSTM-AE(t),Shrew_office_Doris,123,drift,3,obvious,312,44891.62811435338,True,0.0,0.7916666666666666,
LSTM-AE(t),Shrew_office_Doris,123,spike,1,subtle,2,237.15238122664746,False,,0.0,
LSTM-AE(t),Shrew_office_Doris,123,schedule,3,obvious,216,1297.1953433177616,False,,0.0,
LSTM-AE(t),Shrew_office_Doris,123,schedule,3,obvious,72,35.91670620662419,False,,0.0,
LSTM-AE(t),Shrew_office_Doris,123,schedule,3,obvious,120,5.573837452122518,False,,0.0,
LSTM-AE(t),Shrew_office_Doris,123,spike,3,obvious,2,454.8096962841917,True,0.0,1.0,
LSTM-AE(t),Shrew_office_Ila,123,drift,2,moderate,240,12234.707321185711,False,,0.0,
LSTM-AE(t),Shrew_office_Ila,123,schedule,3,obvious,192,57.235751088076555,True,57.0,0.25,
LSTM-AE(t),Shrew_office_Ila,123,drift,1,subtle,240,3195.899958049458,True,206.0,0.14166666666666666,
LSTM-AE(t),Shrew_office_Ila,123,spike,2,moderate,3,354.27865606545697,False,,0.0,
LSTM-AE(t),Shrew_office_Ila,123,schedule,3,obvious,192,3.1847764428720353,False,,0.0,
LSTM-AE(t),Shrew_office_Ila,123,drift,3,obvious,240,22688.051141610937,True,33.0,0.8625,
LSTM-AE(t),Shrew_office_Kenneth,123,spike,3,obvious,2,131.11670586022714,True,0.0,1.0,
LSTM-AE(t),Shrew_office_Kenneth,123,spike,2,moderate,5,227.0242444596504,True,0.0,1.0,
LSTM-AE(t),Shrew_office_Kenneth,123,drift,3,obvious,240,5053.890885911685,True,12.0,0.5541666666666667,
LSTM-AE(t),Shrew_office_Kenneth,123,drift,3,obvious,264,5293.377061299316,True,142.0,0.4621212121212121,
LSTM-AE(t),Shrew_office_Kenneth,123,drift,2,moderate,264,2846.954348101387,True,0.0,0.18181818181818182,
LSTM-AE(t),Shrew_office_Kenneth,123,spike,2,moderate,4,176.17399675860463,False,,0.0,
LSTM-AE(t),Shrew_office_Nora,123,spike,1,subtle,3,363.7027421884706,False,,0.0,
LSTM-AE(t),Shrew_office_Nora,123,schedule,3,obvious,168,2229.075651298478,False,,0.0,
LSTM-AE(t),Shrew_office_Nora,123,spike,3,obvious,5,1307.2052737697059,True,0.0,1.0,
LSTM-AE(t),Shrew_office_Nora,123,spike,2,moderate,5,1074.4165419552485,True,0.0,1.0,
LSTM-AE(t),Shrew_office_Nora,123,schedule,3,obvious,72,981.9580003229489,True,0.0,0.9722222222222222,
LSTM-AE(t),Shrew_office_Nora,123,spike,1,subtle,2,299.98487883646453,True,0.0,1.0,
LSTM-AE(t),Shrew_office_Sherill,123,spike,3,obvious,4,1938.3662349644947,True,0.0,1.0,
LSTM-AE(t),Shrew_office_Sherill,123,schedule,3,obvious,168,1063.2674640853456,True,0.0,0.07142857142857142,
LSTM-AE(t),Shrew_office_Sherill,123,schedule,2,moderate,144,52.89200787198175,True,123.0,0.14583333333333334,
LSTM-AE(t),Shrew_office_Sherill,123,drift,3,obvious,168,20296.48426102668,True,21.0,0.5892857142857143,
LSTM-AE(t),Shrew_office_Sherill,123,spike,3,obvious,2,891.9483588151319,True,0.0,1.0,
LSTM-AE(t),Shrew_office_Sherill,123,spike,1,subtle,3,597.9218152987612,False,,0.0,
LSTM-AE(t),Wolf_office_Darleen,123,drift,2,moderate,312,5118.617371022473,True,173.0,0.23076923076923078,
LSTM-AE(t),Wolf_office_Darleen,123,drift,2,moderate,144,1122.0444420374765,True,91.0,0.09027777777777778,
LSTM-AE(t),Wolf_office_Darleen,123,drift,3,obvious,216,4625.169208288764,True,94.0,0.3472222222222222,
LSTM-AE(t),Wolf_office_Darleen,123,spike,2,moderate,4,240.52539583615456,True,0.0,1.0,
LSTM-AE(t),Wolf_office_Darleen,123,drift,1,subtle,168,722.2431690015353,False,,0.0,
LSTM-AE(t),Wolf_office_Darleen,123,schedule,2,moderate,216,6.372364314854387,False,,0.0,
LSTM-AE(t),Wolf_retail_Harriett,123,schedule,2,moderate,144,41.589040571361394,False,,0.0,
LSTM-AE(t),Wolf_retail_Harriett,123,schedule,2,moderate,96,20.026795522465733,False,,0.0,
LSTM-AE(t),Wolf_retail_Harriett,123,spike,2,moderate,5,304.5069252343177,True,0.0,1.0,
LSTM-AE(t),Wolf_retail_Harriett,123,spike,2,moderate,4,204.21169334656463,True,0.0,1.0,
LSTM-AE(t),Wolf_retail_Harriett,123,drift,1,subtle,192,1245.6474215603403,False,,0.0,
LSTM-AE(t),Wolf_retail_Harriett,123,drift,3,obvious,264,7344.239049400337,True,32.0,0.4621212121212121,
LSTM-AE(t),Wolf_retail_Marcella,123,spike,1,subtle,2,13.916313168209674,True,0.0,1.0,
LSTM-AE(t),Wolf_retail_Marcella,123,drift,3,obvious,264,1145.6896641735011,True,0.0,0.7159090909090909,
LSTM-AE(t),Wolf_retail_Marcella,123,drift,2,moderate,144,198.96519574007425,False,,0.0,
LSTM-AE(t),Wolf_retail_Marcella,123,spike,3,obvious,4,59.222953564174716,False,,0.0,
LSTM-AE(t),Wolf_retail_Marcella,123,spike,1,subtle,1,14.837894350572272,True,0.0,1.0,
LSTM-AE(t),Wolf_retail_Marcella,123,spike,2,moderate,4,32.44073899726534,True,0.0,1.0,
LSTM-AE(t),Wolf_retail_Toshia,123,spike,1,subtle,4,303.6671023696364,True,0.0,1.0,
LSTM-AE(t),Wolf_retail_Toshia,123,spike,1,subtle,4,332.1122316161035,False,,0.0,
LSTM-AE(t),Wolf_retail_Toshia,123,schedule,2,moderate,144,83.30849022986973,False,,0.0,
LSTM-AE(t),Wolf_retail_Toshia,123,spike,2,moderate,2,312.40678412779,True,0.0,1.0,
LSTM-AE(t),Wolf_retail_Toshia,123,spike,3,obvious,2,471.3347275443462,True,0.0,1.0,
LSTM-AE(t),Wolf_retail_Toshia,123,schedule,2,moderate,120,6.526262952639762,False,,0.0,
