n_events,tp_events,precision,recall,f1,detection_delay_h,detection_rate,false_alarm_rate,range_precision,range_recall,range_f1,model,building_id,seed,btype,site,seen
6,3,0.76,0.5,0.6031746031746031,8.666666666666666,0.5,0.01955671447196871,0.76,0.15208333333333332,0.25344906349931473,PatchTST-SSL(HoW-cond),Fox_education_Henrietta,125,education,Fox,False
6,5,0.23076923076923078,0.8333333333333334,0.3614457831325301,50.4,0.8333333333333334,0.08803471791692498,0.19153069153069152,0.4949074074074074,0.2761791868226426,PatchTST-SSL(HoW-cond),Fox_retail_Manie,125,retail,Fox,False
6,5,0.6097560975609756,0.8333333333333334,0.7042253521126761,10.4,0.8333333333333334,0.022629969418960245,0.6097560975609756,0.5768683862433862,0.5928564947089991,PatchTST-SSL(HoW-cond),Hog_education_Bruno,125,education,Hog,False
6,6,0.875,1.0,0.9333333333333333,31.333333333333332,1.0,0.008849557522123894,0.875,0.3102513227513228,0.4580799062552313,PatchTST-SSL(HoW-cond),Hog_education_Caridad,125,education,Hog,False
6,5,0.5789473684210527,0.8333333333333334,0.6832298136645962,17.8,0.8333333333333334,0.012542759407069556,0.5789473684210527,0.3587191358024691,0.44297092567488555,PatchTST-SSL(HoW-cond),Hog_education_Josh,125,education,Hog,False
6,6,0.4666666666666667,1.0,0.6363636363636364,21.666666666666668,1.0,0.015743073047858942,0.4666666666666667,0.3756172839506173,0.41622083791376574,PatchTST-SSL(HoW-cond),Hog_education_Luvenia,125,education,Hog,False
6,5,0.7272727272727273,0.8333333333333334,0.7766990291262137,11.6,0.8333333333333334,0.018433179723502304,0.7272727272727273,0.2907738095238095,0.4154463550110293,PatchTST-SSL(HoW-cond),Hog_office_Almeda,125,office,Hog,True
6,6,0.3333333333333333,1.0,0.5,18.666666666666668,1.0,0.014895729890764648,0.3333333333333333,0.6273809523809524,0.4353572903758777,PatchTST-SSL(HoW-cond),Hog_office_Cortney,125,office,Hog,True
6,4,0.6904761904761905,0.6666666666666666,0.6783625730994152,10.5,0.6666666666666666,0.00832870627429206,0.6904761904761905,0.42638888888888893,0.5272102800971162,PatchTST-SSL(HoW-cond),Hog_office_Denita,125,office,Hog,True
6,6,0.43243243243243246,1.0,0.6037735849056604,48.166666666666664,1.0,0.04828002414001207,0.43243243243243246,0.4914351851851852,0.4600497050876611,PatchTST-SSL(HoW-cond),Hog_office_Garrett,125,office,Hog,True
6,3,0.15,0.5,0.23076923076923075,0.3333333333333333,0.5,0.033941236068895646,0.15,0.4444444444444444,0.22429906542056074,PatchTST-SSL(HoW-cond),Hog_office_Lavon,125,office,Hog,True
6,5,0.8125,0.8333333333333334,0.8227848101265822,82.8,0.8333333333333334,0.0036310820624546117,0.8125,0.29560185185185184,0.43349174848548155,PatchTST-SSL(HoW-cond),Hog_office_Merilyn,125,office,Hog,True
6,4,0.38461538461538464,0.6666666666666666,0.4878048780487804,2.0,0.6666666666666666,0.00636574074074074,0.38461538461538464,0.2850694444444445,0.3274438639173613,PatchTST-SSL(HoW-cond),Hog_office_Miriam,125,office,Hog,True
6,6,0.3902439024390244,1.0,0.5614035087719299,14.5,1.0,0.020788912579957356,0.3902439024390244,0.47602513227513227,0.4288873267630944,PatchTST-SSL(HoW-cond),Hog_office_Napoleon,125,office,Hog,True
6,4,0.28205128205128205,0.6666666666666666,0.3963963963963964,2.5,0.6666666666666666,0.025513033832501388,0.28205128205128205,0.25046296296296294,0.2653202255957555,PatchTST-SSL(HoW-cond),Hog_office_Shawna,125,office,Hog,True
6,5,0.46808510638297873,0.8333333333333334,0.5994550408719346,5.2,0.8333333333333334,0.02403282532239156,0.46808510638297873,0.36753196649029984,0.41175855596681116,PatchTST-SSL(HoW-cond),Hog_office_Shawnna,125,office,Hog,True
6,4,0.9523809523809523,0.6666666666666666,0.7843137254901961,32.0,0.6666666666666666,0.0015910898965791568,0.9523809523809523,0.3999050332383665,0.5632860807073513,PatchTST-SSL(HoW-cond),Hog_office_Sherrie,125,office,Hog,True
6,5,0.6666666666666666,0.8333333333333334,0.7407407407407408,23.4,0.8333333333333334,0.010857142857142857,0.6666666666666666,0.3852564102564102,0.48832013000203134,PatchTST-SSL(HoW-cond),Hog_office_Shon,125,office,Hog,True
6,5,0.7692307692307693,0.8333333333333334,0.8,24.2,0.8333333333333334,0.007792207792207792,0.7692307692307693,0.3549902065527066,0.48579308790360287,PatchTST-SSL(HoW-cond),Hog_office_Sydney,125,office,Hog,True
6,2,0.5,0.3333333333333333,0.4,11.0,0.3333333333333333,0.026385224274406333,0.5,0.24305555555555555,0.32710280373831774,PatchTST-SSL(HoW-cond),Hog_office_Valda,125,office,Hog,True
6,5,0.75,0.8333333333333334,0.7894736842105262,8.4,0.8333333333333334,0.007023230686115613,0.75,0.5061728395061728,0.6044226044226043,PatchTST-SSL(HoW-cond),Lamb_education_Armando,125,education,Lamb,False
6,5,0.38461538461538464,0.8333333333333334,0.5263157894736842,3.4,0.8333333333333334,0.03795180722891566,0.37541806020066887,0.34632936507936507,0.36028752961100796,PatchTST-SSL(HoW-cond),Lamb_education_Eula,125,education,Lamb,False
6,3,0.23076923076923078,0.5,0.3157894736842105,72.33333333333333,0.5,0.0385470719051149,0.23076923076923078,0.23674242424242423,0.23371766905578062,PatchTST-SSL(HoW-cond),Lamb_education_Lazaro,125,education,Lamb,False
6,6,0.25862068965517243,1.0,0.4109589041095891,26.166666666666668,1.0,0.028506271379703536,0.25862068965517243,0.4395833333333334,0.3256507871180163,PatchTST-SSL(HoW-cond),Lamb_education_Lucas,125,education,Lamb,False
6,5,0.6176470588235294,0.8333333333333334,0.7094594594594594,35.6,0.8333333333333334,0.012345679012345678,0.6176470588235294,0.27745535714285713,0.38290475422100306,PatchTST-SSL(HoW-cond),Lamb_education_Mae,125,education,Lamb,False
6,6,0.3333333333333333,1.0,0.5,9.0,1.0,0.02562733582487987,0.3333333333333333,0.49652777777777773,0.398884239888424,PatchTST-SSL(HoW-cond),Lamb_education_Williams,125,education,Lamb,False
6,5,0.5294117647058824,0.8333333333333334,0.6474820143884893,37.0,0.8333333333333334,0.0384900074019245,0.5294117647058824,0.22184343434343434,0.3126674509881462,PatchTST-SSL(HoW-cond),Lamb_office_Caitlin,125,office,Lamb,True
6,5,0.5454545454545454,0.8333333333333334,0.6593406593406592,13.8,0.8333333333333334,0.022259321090706732,0.5454545454545454,0.5208333333333334,0.5328596802841918,PatchTST-SSL(HoW-cond),Lamb_office_Velma,125,office,Lamb,True
6,6,0.3275862068965517,1.0,0.49350649350649356,3.6666666666666665,1.0,0.08101135190918472,0.31527093596059114,0.6,0.4133476856835307,PatchTST-SSL(HoW-cond),Rat_retail_Jeffrey,125,retail,Rat,False
6,6,0.4166666666666667,1.0,0.5882352941176471,11.0,1.0,0.03171641791044776,0.4166666666666667,0.5297453703703704,0.46645061350943706,PatchTST-SSL(HoW-cond),Robin_education_Zenia,125,education,Robin,False
6,6,0.6521739130434783,1.0,0.7894736842105263,11.333333333333334,1.0,0.014745308310991957,0.6521739130434783,0.25798059964726633,0.3697135262535991,PatchTST-SSL(HoW-cond),Robin_office_Dina,125,office,Robin,True
6,3,0.8297872340425532,0.5,0.624,41.333333333333336,0.5,0.009454545454545455,0.8297872340425532,0.24404761904761904,0.37716711876400516,PatchTST-SSL(HoW-cond),Robin_office_Sammie,125,office,Robin,True
6,4,0.9210526315789473,0.6666666666666666,0.7734806629834254,6.0,0.6666666666666666,0.0024737167594310453,0.9210526315789473,0.29189814814814813,0.44330497493948307,PatchTST-SSL(HoW-cond),Shrew_office_Doris,125,office,Shrew,True
6,5,0.5833333333333334,0.8333333333333334,0.6862745098039216,12.2,0.8333333333333334,0.0128,0.5833333333333334,0.4234375000000001,0.4906880496637352,PatchTST-SSL(HoW-cond),Shrew_office_Ila,125,office,Shrew,True
6,4,0.8,0.6666666666666666,0.7272727272727272,15.5,0.6666666666666666,0.00973393900064893,0.8,0.26438492063492064,0.3974275328548793,PatchTST-SSL(HoW-cond),Shrew_office_Kenneth,125,office,Shrew,True
6,4,0.7941176470588235,0.6666666666666666,0.7248322147651006,3.0,0.6666666666666666,0.007054673721340388,0.7941176470588235,0.26773288439955106,0.4004544931717219,PatchTST-SSL(HoW-cond),Shrew_office_Nora,125,office,Shrew,True
6,6,0.7674418604651163,1.0,0.868421052631579,11.666666666666666,1.0,0.008455467869222097,0.7674418604651163,0.5151813271604938,0.6165048628582002,PatchTST-SSL(HoW-cond),Shrew_office_Sherill,125,office,Shrew,True
6,4,0.30434782608695654,0.6666666666666666,0.41791044776119407,17.5,0.6666666666666666,0.034757834757834755,0.30434782608695654,0.28472222222222215,0.29420809841107126,PatchTST-SSL(HoW-cond),Wolf_office_Darleen,125,office,Wolf,True
6,6,0.4666666666666667,1.0,0.6363636363636364,38.333333333333336,1.0,0.01563562202583277,0.4666666666666667,0.21188822751322747,0.29144634778300316,PatchTST-SSL(HoW-cond),Wolf_retail_Harriett,125,retail,Wolf,False
6,3,0.42105263157894735,0.5,0.45714285714285713,79.0,0.5,0.009809932556713672,0.42105263157894735,0.13599537037037038,0.20558805839575703,PatchTST-SSL(HoW-cond),Wolf_retail_Marcella,125,retail,Wolf,False
6,6,0.30434782608695654,1.0,0.4666666666666667,27.166666666666668,1.0,0.016998827667057445,0.28019323671497587,0.3966435185185185,0.32840069755780416,PatchTST-SSL(HoW-cond),Wolf_retail_Toshia,125,retail,Wolf,False
6,2,0.4444444444444444,0.3333333333333333,0.380952380952381,31.0,0.3333333333333333,0.016297262059973925,0.4444444444444444,0.03680555555555556,0.06798140131473465,PatchTST-SSL(global-MAD),Fox_education_Henrietta,125,education,Fox,False
6,5,0.28,0.8333333333333334,0.41916167664670667,39.4,0.8333333333333334,0.05083694978301302,0.24,0.475462962962963,0.3189853759544454,PatchTST-SSL(global-MAD),Fox_retail_Manie,125,retail,Fox,False
6,5,0.7142857142857143,0.8333333333333334,0.7692307692307692,19.6,0.8333333333333334,0.018960244648318043,0.7142857142857143,0.48533399470899474,0.5779617265014149,PatchTST-SSL(global-MAD),Hog_education_Bruno,125,education,Hog,False
6,4,0.625,0.6666666666666666,0.6451612903225806,34.0,0.6666666666666666,0.006126616746085773,0.625,0.19226190476190474,0.2940640932265113,PatchTST-SSL(global-MAD),Hog_education_Caridad,125,education,Hog,False
6,4,0.6666666666666666,0.6666666666666666,0.6666666666666666,26.25,0.6666666666666666,0.0068415051311288486,0.6666666666666666,0.28194444444444444,0.3962908735968765,PatchTST-SSL(global-MAD),Hog_education_Josh,125,education,Hog,False
6,6,0.53125,1.0,0.6938775510204082,16.666666666666668,1.0,0.03400503778337532,0.53125,0.38950617283950617,0.44946786223078855,PatchTST-SSL(global-MAD),Hog_education_Luvenia,125,education,Hog,False
6,4,0.9230769230769231,0.6666666666666666,0.7741935483870968,71.5,0.6666666666666666,0.0006583278472679394,0.9230769230769231,0.20019841269841274,0.32903515088930263,PatchTST-SSL(global-MAD),Hog_office_Almeda,125,office,Hog,True
6,6,0.2647058823529412,1.0,0.4186046511627907,15.833333333333334,1.0,0.05858987090367428,0.2647058823529412,0.5831349206349207,0.36412317773219716,PatchTST-SSL(global-MAD),Hog_office_Cortney,125,office,Hog,True
6,4,0.6666666666666666,0.6666666666666666,0.6666666666666666,40.0,0.6666666666666666,0.007773459189339256,0.6666666666666666,0.2801767676767677,0.3945414944214784,PatchTST-SSL(global-MAD),Hog_office_Denita,125,office,Hog,True
6,4,0.4666666666666667,0.6666666666666666,0.5490196078431373,14.75,0.6666666666666666,0.00724200362100181,0.4666666666666667,0.45607638888888896,0.46131075572279717,PatchTST-SSL(global-MAD),Hog_office_Garrett,125,office,Hog,True
6,3,0.5,0.5,0.5,0.3333333333333333,0.5,0.0035460992907801418,0.5,0.4444444444444444,0.47058823529411764,PatchTST-SSL(global-MAD),Hog_office_Lavon,125,office,Hog,True
6,5,0.875,0.8333333333333334,0.8536585365853658,83.6,0.8333333333333334,0.012345679012345678,0.875,0.3567129629629629,0.5068126292050366,PatchTST-SSL(global-MAD),Hog_office_Merilyn,125,office,Hog,True
6,4,0.4583333333333333,0.6666666666666666,0.5432098765432098,1.75,0.6666666666666666,0.020833333333333332,0.4583333333333333,0.2717013888888889,0.34116131589377724,PatchTST-SSL(global-MAD),Hog_office_Miriam,125,office,Hog,True
6,5,0.7777777777777778,0.8333333333333334,0.8045977011494253,24.2,0.8333333333333334,0.0015991471215351812,0.7777777777777778,0.4525462962962963,0.5721751855336051,PatchTST-SSL(global-MAD),Hog_office_Napoleon,125,office,Hog,True
6,2,1.0,0.3333333333333333,0.5,1.0,0.3333333333333333,0.0,1.0,0.19444444444444442,0.3255813953488372,PatchTST-SSL(global-MAD),Hog_office_Shawna,125,office,Hog,True
6,3,0.42857142857142855,0.5,0.4615384615384615,55.333333333333336,0.5,0.004689331770222743,0.35714285714285715,0.29464285714285715,0.32289628180039137,PatchTST-SSL(global-MAD),Hog_office_Shawnna,125,office,Hog,True
6,4,1.0,0.6666666666666666,0.8,60.25,0.6666666666666666,0.0,1.0,0.21822174738841404,0.3582627676057024,PatchTST-SSL(global-MAD),Hog_office_Sherrie,125,office,Hog,True
6,4,0.2857142857142857,0.6666666666666666,0.4,18.25,0.6666666666666666,0.024,0.2857142857142857,0.2986111111111111,0.2920203735144312,PatchTST-SSL(global-MAD),Hog_office_Shon,125,office,Hog,True
6,5,1.0,0.8333333333333334,0.9090909090909091,46.0,0.8333333333333334,0.0,1.0,0.2544515669515669,0.4056777856635911,PatchTST-SSL(global-MAD),Hog_office_Sydney,125,office,Hog,True
6,3,0.32142857142857145,0.5,0.391304347826087,1.3333333333333333,0.5,0.056068601583113456,0.32142857142857145,0.25252525252525254,0.28284098051539913,PatchTST-SSL(global-MAD),Hog_office_Valda,125,office,Hog,True
6,6,0.40476190476190477,1.0,0.576271186440678,6.333333333333333,1.0,0.05672609400324149,0.40476190476190477,0.4776234567901234,0.43818446804080785,PatchTST-SSL(global-MAD),Lamb_education_Armando,125,education,Lamb,False
6,4,0.09803921568627451,0.6666666666666666,0.17094017094017092,8.25,0.6666666666666666,0.0789156626506024,0.09803921568627451,0.2828373015873016,0.14560701937170903,PatchTST-SSL(global-MAD),Lamb_education_Eula,125,education,Lamb,False
6,5,0.65,0.8333333333333334,0.7303370786516855,39.2,0.8333333333333334,0.05189028910303929,0.65,0.17868792087542087,0.2803157754401112,PatchTST-SSL(global-MAD),Lamb_education_Lazaro,125,education,Lamb,False
6,5,0.24561403508771928,0.8333333333333334,0.37940379403794033,17.2,0.8333333333333334,0.10148232611174458,0.24561403508771928,0.3956018518518518,0.30306600039267095,PatchTST-SSL(global-MAD),Lamb_education_Lucas,125,education,Lamb,False
6,4,0.41935483870967744,0.6666666666666666,0.5148514851485149,30.0,0.6666666666666666,0.030539311241065625,0.41935483870967744,0.1794312169312169,0.2513263237405714,PatchTST-SSL(global-MAD),Lamb_education_Mae,125,education,Lamb,False
6,6,0.2916666666666667,1.0,0.45161290322580644,11.833333333333334,1.0,0.0811532301121196,0.2916666666666667,0.47170138888888885,0.36045409749071333,PatchTST-SSL(global-MAD),Lamb_education_Williams,125,education,Lamb,False
6,4,0.5,0.6666666666666666,0.5714285714285715,43.25,0.6666666666666666,0.013323464100666173,0.5,0.1962857744107744,0.28190404231205135,PatchTST-SSL(global-MAD),Lamb_office_Caitlin,125,office,Lamb,True
6,5,0.6153846153846154,0.8333333333333334,0.7079646017699115,12.4,0.8333333333333334,0.012799109627156371,0.6153846153846154,0.4128787878787879,0.49419098894871066,PatchTST-SSL(global-MAD),Lamb_office_Velma,125,office,Lamb,True
6,6,0.5263157894736842,1.0,0.6896551724137931,9.666666666666666,1.0,0.0196078431372549,0.5263157894736842,0.5680555555555555,0.5463896867276735,PatchTST-SSL(global-MAD),Rat_retail_Jeffrey,125,retail,Rat,False
6,6,0.36363636363636365,1.0,0.5333333333333333,28.333333333333332,1.0,0.08271144278606965,0.32575757575757575,0.5548611111111111,0.41050732430042775,PatchTST-SSL(global-MAD),Robin_education_Zenia,125,education,Robin,False
6,6,0.5806451612903226,1.0,0.7346938775510204,32.333333333333336,1.0,0.030160857908847184,0.5698924731182795,0.19673721340388006,0.29249860544735146,PatchTST-SSL(global-MAD),Robin_office_Dina,125,office,Robin,True
6,3,0.42424242424242425,0.5,0.4590163934426229,42.0,0.5,0.03490909090909091,0.4090909090909091,0.22844516594516595,0.2931750665517818,PatchTST-SSL(global-MAD),Robin_office_Sammie,125,office,Robin,True
6,4,0.7727272727272727,0.6666666666666666,0.7157894736842105,30.25,0.6666666666666666,0.0030921459492888066,0.7727272727272727,0.30081018518518515,0.433043546442678,PatchTST-SSL(global-MAD),Shrew_office_Doris,125,office,Shrew,True
6,4,0.6363636363636364,0.6666666666666666,0.6511627906976744,19.25,0.6666666666666666,0.007466666666666667,0.6363636363636364,0.2986111111111111,0.40648210668467255,PatchTST-SSL(global-MAD),Shrew_office_Ila,125,office,Shrew,True
6,4,0.8461538461538461,0.6666666666666666,0.7457627118644068,20.0,0.6666666666666666,0.003893575600259572,0.8461538461538461,0.22450396825396823,0.3548564138019516,PatchTST-SSL(global-MAD),Shrew_office_Kenneth,125,office,Shrew,True
6,3,0.8,0.5,0.6153846153846154,81.66666666666667,0.5,0.0005878894767783657,0.8,0.11919191919191918,0.20747252747252748,PatchTST-SSL(global-MAD),Shrew_office_Nora,125,office,Shrew,True
6,6,0.9,1.0,0.9473684210526316,32.166666666666664,1.0,0.0011273957158962795,0.9,0.3437307098765432,0.49746723536254367,PatchTST-SSL(global-MAD),Shrew_office_Sherill,125,office,Shrew,True
6,4,0.14285714285714285,0.6666666666666666,0.23529411764705882,10.5,0.6666666666666666,0.043304843304843306,0.14285714285714285,0.23194444444444443,0.17681312863949175,PatchTST-SSL(global-MAD),Wolf_office_Darleen,125,office,Wolf,True
6,3,0.3,0.5,0.37499999999999994,37.333333333333336,0.5,0.008157715839564922,0.3,0.14062499999999997,0.19148936170212763,PatchTST-SSL(global-MAD),Wolf_retail_Harriett,125,retail,Wolf,False
6,4,0.39285714285714285,0.6666666666666666,0.49438202247191004,30.5,0.6666666666666666,0.019619865113427344,0.39285714285714285,0.09282407407407406,0.15016681418941918,PatchTST-SSL(global-MAD),Wolf_retail_Marcella,125,retail,Wolf,False
6,4,0.4666666666666667,0.6666666666666666,0.5490196078431373,9.0,0.6666666666666666,0.008792497069167644,0.4533333333333333,0.29166666666666663,0.354958985831469,PatchTST-SSL(global-MAD),Wolf_retail_Toshia,125,retail,Wolf,False
6,3,0.631578947368421,0.5,0.5581395348837209,18.0,0.5,0.011734028683181226,0.631578947368421,0.125,0.20869565217391303,HOW-profile(HoW-cond),Fox_education_Henrietta,125,education,Fox,False
6,5,0.3333333333333333,0.8333333333333334,0.47619047619047616,34.0,0.8333333333333334,0.10043397396156231,0.29248366013071897,0.5222222222222223,0.37496100191647724,HOW-profile(HoW-cond),Fox_retail_Manie,125,retail,Fox,False
6,5,0.64,0.8333333333333334,0.7239819004524887,4.2,0.8333333333333334,0.026299694189602447,0.63,0.661276455026455,0.6452594485789358,HOW-profile(HoW-cond),Hog_education_Bruno,125,education,Hog,False
6,5,0.7692307692307693,0.8333333333333334,0.8,45.6,0.8333333333333334,0.0068073519400953025,0.7692307692307693,0.31080246913580245,0.4427249346024489,HOW-profile(HoW-cond),Hog_education_Caridad,125,education,Hog,False
6,5,0.5945945945945946,0.8333333333333334,0.694006309148265,15.6,0.8333333333333334,0.013683010262257697,0.5945945945945946,0.29814814814814816,0.3971519874418344,HOW-profile(HoW-cond),Hog_education_Josh,125,education,Hog,False
6,6,0.5517241379310345,1.0,0.7111111111111111,41.5,1.0,0.018261964735516372,0.5517241379310345,0.3847993827160494,0.45338553282402844,HOW-profile(HoW-cond),Hog_education_Luvenia,125,education,Hog,False
6,5,0.7068965517241379,0.8333333333333334,0.7649253731343283,17.2,0.8333333333333334,0.025016458196181698,0.7018255578093305,0.32076719576719576,0.44029769487193954,HOW-profile(HoW-cond),Hog_office_Almeda,125,office,Hog,True
6,6,0.2631578947368421,1.0,0.4166666666666667,21.833333333333332,1.0,0.02035749751737835,0.25,0.6214285714285714,0.35655737704918034,HOW-profile(HoW-cond),Hog_office_Cortney,125,office,Hog,True
6,4,0.7352941176470589,0.6666666666666666,0.6993006993006994,14.75,0.6666666666666666,0.006107717934480844,0.7352941176470589,0.4527777777777778,0.560445605831385,HOW-profile(HoW-cond),Hog_office_Denita,125,office,Hog,True
6,6,0.4166666666666667,1.0,0.5882352941176471,24.5,1.0,0.04284852142426071,0.4166666666666667,0.5223958333333333,0.4635792198188205,HOW-profile(HoW-cond),Hog_office_Garrett,125,office,Hog,True
6,3,0.15,0.5,0.23076923076923075,0.3333333333333333,0.5,0.07092198581560284,0.15,0.4444444444444444,0.22429906542056074,HOW-profile(HoW-cond),Hog_office_Lavon,125,office,Hog,True
6,5,0.9230769230769231,0.8333333333333334,0.8759124087591241,82.6,0.8333333333333334,0.0007262164124909223,0.9230769230769231,0.2986111111111111,0.45124617402710976,HOW-profile(HoW-cond),Hog_office_Merilyn,125,office,Hog,True
6,4,0.4166666666666667,0.6666666666666666,0.5128205128205129,2.0,0.6666666666666666,0.004629629629629629,0.4166666666666667,0.2850694444444445,0.3385287811314531,HOW-profile(HoW-cond),Hog_office_Miriam,125,office,Hog,True
6,6,0.25,1.0,0.4,12.166666666666666,1.0,0.0314498933901919,0.24404761904761904,0.4740410052910053,0.32221253686830476,HOW-profile(HoW-cond),Hog_office_Napoleon,125,office,Hog,True
6,5,0.27450980392156865,0.8333333333333334,0.41297935103244837,21.6,0.8333333333333334,0.036605657237936774,0.27450980392156865,0.28425925925925927,0.2792994768820873,HOW-profile(HoW-cond),Hog_office_Shawna,125,office,Hog,True
6,5,0.42857142857142855,0.8333333333333334,0.5660377358490566,4.6,0.8333333333333334,0.031652989449003514,0.42857142857142855,0.3985615079365079,0.41302206039837225,HOW-profile(HoW-cond),Hog_office_Shawnna,125,office,Hog,True
6,4,0.9827586206896551,0.6666666666666666,0.794425087108014,31.25,0.6666666666666666,0.0007955449482895784,0.9827586206896551,0.4036977682811016,0.572304278861519,HOW-profile(HoW-cond),Hog_office_Sherrie,125,office,Hog,True
6,5,0.5384615384615384,0.8333333333333334,0.6542056074766356,23.6,0.8333333333333334,0.015428571428571429,0.5384615384615384,0.4132478632478633,0.46761769887050536,HOW-profile(HoW-cond),Hog_office_Shon,125,office,Hog,True
6,5,0.75,0.8333333333333334,0.7894736842105262,38.4,0.8333333333333334,0.008441558441558441,0.75,0.35067218660968663,0.4778973124911528,HOW-profile(HoW-cond),Hog_office_Sydney,125,office,Hog,True
6,3,0.7307692307692307,0.5,0.5937499999999999,7.333333333333333,0.5,0.008575197889182058,0.7307692307692307,0.3106060606060606,0.4359261331841074,HOW-profile(HoW-cond),Hog_office_Valda,125,office,Hog,True
6,6,0.7692307692307693,1.0,0.8695652173913044,18.333333333333332,1.0,0.010804970286331712,0.7692307692307693,0.5537037037037037,0.6439108431140304,HOW-profile(HoW-cond),Lamb_education_Armando,125,education,Lamb,False
6,5,0.34782608695652173,0.8333333333333334,0.49079754601227,3.4,0.8333333333333334,0.06626506024096386,0.3433667781493869,0.3696428571428571,0.35602065004648775,HOW-profile(HoW-cond),Lamb_education_Eula,125,education,Lamb,False
6,2,0.14285714285714285,0.3333333333333333,0.2,1.0,0.3333333333333333,0.04373610081541883,0.14285714285714285,0.23611111111111108,0.17801047120418845,HOW-profile(HoW-cond),Lamb_education_Lazaro,125,education,Lamb,False
6,6,0.45454545454545453,1.0,0.625,4.666666666666667,1.0,0.033637400228050174,0.45454545454545453,0.4810185185185185,0.46740744073057716,HOW-profile(HoW-cond),Lamb_education_Lucas,125,education,Lamb,False
6,5,0.5454545454545454,0.8333333333333334,0.6593406593406592,35.0,0.8333333333333334,0.023391812865497075,0.5454545454545454,0.3888310185185186,0.45401460676055383,HOW-profile(HoW-cond),Lamb_education_Mae,125,education,Lamb,False
6,6,0.5,1.0,0.6666666666666666,3.1666666666666665,1.0,0.02402562733582488,0.5,0.5947916666666666,0.5432921027592769,HOW-profile(HoW-cond),Lamb_education_Williams,125,education,Lamb,False
6,4,0.5909090909090909,0.6666666666666666,0.6265060240963856,34.0,0.6666666666666666,0.07475943745373798,0.5909090909090909,0.281618265993266,0.38144544632334804,HOW-profile(HoW-cond),Lamb_office_Caitlin,125,office,Lamb,True
6,5,0.5526315789473685,0.8333333333333334,0.6645569620253164,10.2,0.8333333333333334,0.027824151363383415,0.5361842105263158,0.5536616161616161,0.5447827743902439,HOW-profile(HoW-cond),Lamb_office_Velma,125,office,Lamb,True
6,6,0.36363636363636365,1.0,0.5333333333333333,1.8333333333333333,1.0,0.09752321981424149,0.3528138528138528,0.5743055555555555,0.4371021767397218,HOW-profile(HoW-cond),Rat_retail_Jeffrey,125,retail,Rat,False
6,6,0.3953488372093023,1.0,0.5666666666666667,2.3333333333333335,1.0,0.055970149253731345,0.3953488372093023,0.5818287037037038,0.4707953096206764,HOW-profile(HoW-cond),Robin_education_Zenia,125,education,Robin,False
6,6,0.7,1.0,0.8235294117647058,15.0,1.0,0.00871313672922252,0.7,0.3104828042328042,0.43016657394377716,HOW-profile(HoW-cond),Robin_office_Dina,125,office,Robin,True
6,4,0.75,0.6666666666666666,0.7058823529411765,40.75,0.6666666666666666,0.016,0.75,0.293910082972583,0.42232097538850316,HOW-profile(HoW-cond),Robin_office_Sammie,125,office,Robin,True
6,3,0.5806451612903226,0.5,0.537313432835821,5.666666666666667,0.5,0.01422387136672851,0.5806451612903226,0.3136574074074074,0.4072976245146746,HOW-profile(HoW-cond),Shrew_office_Doris,125,office,Shrew,True
6,5,0.7058823529411765,0.8333333333333334,0.7643312101910827,10.0,0.8333333333333334,0.007466666666666667,0.6911764705882353,0.4675347222222222,0.5577731555336195,HOW-profile(HoW-cond),Shrew_office_Ila,125,office,Shrew,True
6,5,0.7,0.8333333333333334,0.7608695652173915,12.6,0.8333333333333334,0.02336145360155743,0.7,0.4149305555555556,0.5210214886328247,HOW-profile(HoW-cond),Shrew_office_Kenneth,125,office,Shrew,True
6,4,0.515625,0.6666666666666666,0.5814977973568283,4.25,0.6666666666666666,0.02292768959435626,0.5111607142857143,0.35409652076318743,0.418373226244488,HOW-profile(HoW-cond),Shrew_office_Nora,125,office,Shrew,True
6,6,0.5094339622641509,1.0,0.6749999999999999,10.666666666666666,1.0,0.021984216459977453,0.5094339622641509,0.5828896604938271,0.5436919665958168,HOW-profile(HoW-cond),Shrew_office_Sherill,125,office,Shrew,True
6,5,0.37142857142857144,0.8333333333333334,0.5138339920948616,25.2,0.8333333333333334,0.045584045584045586,0.37142857142857144,0.3847222222222222,0.37795854106533716,HOW-profile(HoW-cond),Wolf_office_Darleen,125,office,Wolf,True
6,6,0.5606060606060606,1.0,0.7184466019417475,7.666666666666667,1.0,0.026512576478585997,0.5606060606060606,0.2691385582010582,0.3636798683604689,HOW-profile(HoW-cond),Wolf_retail_Harriett,125,retail,Wolf,False
6,4,0.38095238095238093,0.6666666666666666,0.4848484848484849,38.25,0.6666666666666666,0.010423053341508276,0.38095238095238093,0.16238425925925926,0.2277066025582504,HOW-profile(HoW-cond),Wolf_retail_Marcella,125,retail,Wolf,False
6,6,0.6060606060606061,1.0,0.7547169811320755,21.166666666666668,1.0,0.03634232121922626,0.5892255892255892,0.4435185185185184,0.5060933457705811,HOW-profile(HoW-cond),Wolf_retail_Toshia,125,retail,Wolf,False
6,3,0.625,0.5,0.5555555555555556,6.0,0.5,0.01303780964797914,0.625,0.1416666666666667,0.23097826086956524,HOW-profile(global-MAD),Fox_education_Henrietta,125,education,Fox,False
6,5,0.32558139534883723,0.8333333333333334,0.4682274247491639,32.6,0.8333333333333334,0.10229386236825791,0.28833517903285344,0.5449074074074074,0.377119406588101,HOW-profile(global-MAD),Fox_retail_Manie,125,retail,Fox,False
6,5,0.5185185185185185,0.8333333333333334,0.639269406392694,4.6,0.8333333333333334,0.028134556574923548,0.5185185185185185,0.6013392857142857,0.5568663349525315,HOW-profile(global-MAD),Hog_education_Bruno,125,education,Hog,False
6,6,0.8181818181818182,1.0,0.9,6.833333333333333,1.0,0.014295439074200136,0.8181818181818182,0.43205467372134043,0.565491858202232,HOW-profile(global-MAD),Hog_education_Caridad,125,education,Hog,False
6,6,0.6666666666666666,1.0,0.8,8.333333333333334,1.0,0.011972633979475485,0.6666666666666666,0.29544753086419756,0.40944208303258744,HOW-profile(global-MAD),Hog_education_Josh,125,education,Hog,False
6,6,0.4878048780487805,1.0,0.6557377049180327,20.0,1.0,0.045969773299748114,0.4878048780487805,0.4037037037037037,0.4417874151383119,HOW-profile(global-MAD),Hog_education_Luvenia,125,education,Hog,False
6,5,0.54,0.8333333333333334,0.6553398058252428,19.2,0.8333333333333334,0.03489137590520079,0.54,0.27371031746031743,0.3632830216283436,HOW-profile(global-MAD),Hog_office_Almeda,125,office,Hog,True
6,6,0.19696969696969696,1.0,0.3291139240506329,15.833333333333334,1.0,0.11171797418073486,0.19696969696969696,0.6234126984126984,0.2993565219940489,HOW-profile(global-MAD),Hog_office_Cortney,125,office,Hog,True
6,4,0.39622641509433965,0.6666666666666666,0.4970414201183432,8.0,0.6666666666666666,0.04441976679622432,0.39622641509433965,0.502020202020202,0.44289321253527403,HOW-profile(global-MAD),Hog_office_Denita,125,office,Hog,True
6,4,0.5454545454545454,0.6666666666666666,0.6,7.75,0.6666666666666666,0.0030175015087507543,0.5454545454545454,0.5479166666666666,0.5466828338818639,HOW-profile(global-MAD),Hog_office_Garrett,125,office,Hog,True
6,3,0.12,0.5,0.1935483870967742,0.3333333333333333,0.5,0.10182370820668693,0.12,0.4444444444444444,0.1889763779527559,HOW-profile(global-MAD),Hog_office_Lavon,125,office,Hog,True
6,5,0.8666666666666667,0.8333333333333334,0.8496732026143791,82.4,0.8333333333333334,0.002178649237472767,0.8666666666666667,0.3108796296296296,0.45761090361051043,HOW-profile(global-MAD),Hog_office_Merilyn,125,office,Hog,True
6,4,0.2222222222222222,0.6666666666666666,0.3333333333333333,2.0,0.6666666666666666,0.013310185185185185,0.2222222222222222,0.2859375,0.25008541168431836,HOW-profile(global-MAD),Hog_office_Miriam,125,office,Hog,True
6,6,0.4,1.0,0.5714285714285715,9.833333333333334,1.0,0.008528784648187633,0.4,0.4682539682539682,0.43144424131627057,HOW-profile(global-MAD),Hog_office_Napoleon,125,office,Hog,True
6,5,0.25,0.8333333333333334,0.3846153846153846,8.8,0.8333333333333334,0.048252911813643926,0.2421875,0.2520833333333333,0.247036354056902,HOW-profile(global-MAD),Hog_office_Shawna,125,office,Hog,True
6,2,0.3333333333333333,0.3333333333333333,0.3333333333333333,0.5,0.3333333333333333,0.0023446658851113715,0.3333333333333333,0.2916666666666667,0.3111111111111111,HOW-profile(global-MAD),Hog_office_Shawnna,125,office,Hog,True
6,5,0.8,0.8333333333333334,0.816326530612245,15.0,0.8333333333333334,0.00954653937947494,0.8,0.42946343779677115,0.5588954330404557,HOW-profile(global-MAD),Hog_office_Sherrie,125,office,Hog,True
6,5,0.1511627906976744,0.8333333333333334,0.2559055118110236,20.8,0.8333333333333334,0.13314285714285715,0.1511627906976744,0.3542735042735043,0.21190789861769274,HOW-profile(global-MAD),Hog_office_Shon,125,office,Hog,True
6,5,0.59375,0.8333333333333334,0.6934306569343065,24.2,0.8333333333333334,0.01103896103896104,0.59375,0.3478676994301994,0.4387055312610802,HOW-profile(global-MAD),Hog_office_Sydney,125,office,Hog,True
6,3,0.575,0.5,0.5348837209302325,3.0,0.5,0.032321899736147755,0.575,0.27335858585858586,0.37055365381753236,HOW-profile(global-MAD),Hog_office_Valda,125,office,Hog,True
6,6,0.425,1.0,0.5964912280701754,10.833333333333334,1.0,0.03079416531604538,0.425,0.5305555555555556,0.4719476744186047,HOW-profile(global-MAD),Lamb_education_Armando,125,education,Lamb,False
6,5,0.17391304347826086,0.8333333333333334,0.28776978417266186,11.2,0.8333333333333334,0.07771084337349397,0.17391304347826086,0.2976190476190476,0.2195389681668496,HOW-profile(global-MAD),Lamb_education_Eula,125,education,Lamb,False
6,3,0.6666666666666666,0.5,0.5714285714285715,56.666666666666664,0.5,0.06968124536693847,0.6666666666666666,0.2384259259259259,0.351236146632566,HOW-profile(global-MAD),Lamb_education_Lazaro,125,education,Lamb,False
6,6,0.22105263157894736,1.0,0.3620689655172414,16.333333333333332,1.0,0.1259977194982896,0.22105263157894736,0.47986111111111107,0.30267507952234446,HOW-profile(global-MAD),Lamb_education_Lucas,125,education,Lamb,False
6,4,0.3333333333333333,0.6666666666666666,0.4444444444444444,17.5,0.6666666666666666,0.06107862248213125,0.32783882783882784,0.3096560846560847,0.3184881505313089,HOW-profile(global-MAD),Lamb_education_Mae,125,education,Lamb,False
6,6,0.3448275862068966,1.0,0.5128205128205129,12.166666666666666,1.0,0.057127602776294716,0.3448275862068966,0.5293402777777777,0.4176111655172886,HOW-profile(global-MAD),Lamb_education_Williams,125,education,Lamb,False
6,2,0.5,0.3333333333333333,0.4,1.0,0.3333333333333333,0.006661732050333087,0.5,0.19444444444444442,0.27999999999999997,HOW-profile(global-MAD),Lamb_office_Caitlin,125,office,Lamb,True
6,5,0.5,0.8333333333333334,0.625,12.4,0.8333333333333334,0.032276015581524764,0.48161764705882354,0.5296717171717171,0.5045029744418331,HOW-profile(global-MAD),Lamb_office_Velma,125,office,Lamb,True
6,6,0.38235294117647056,1.0,0.5531914893617021,1.8333333333333333,1.0,0.06449948400412797,0.38235294117647056,0.5465277777777778,0.4499318351730507,HOW-profile(global-MAD),Rat_retail_Jeffrey,125,retail,Rat,False
6,6,0.5,1.0,0.6666666666666666,75.0,1.0,0.027985074626865673,0.4513888888888889,0.4842592592592592,0.46724668755841436,HOW-profile(global-MAD),Robin_education_Zenia,125,education,Robin,False
6,6,0.7894736842105263,1.0,0.8823529411764706,10.0,1.0,0.013404825737265416,0.7894736842105263,0.23727402998236327,0.3648834081211582,HOW-profile(global-MAD),Robin_office_Dina,125,office,Robin,True
6,4,0.58,0.6666666666666666,0.6203208556149732,46.75,0.6666666666666666,0.028363636363636365,0.58,0.3099972943722944,0.40404264568633474,HOW-profile(global-MAD),Robin_office_Sammie,125,office,Robin,True
6,4,0.8888888888888888,0.6666666666666666,0.761904761904762,14.25,0.6666666666666666,0.0012368583797155227,0.8888888888888888,0.28055555555555556,0.42649775666402745,HOW-profile(global-MAD),Shrew_office_Doris,125,office,Shrew,True
6,5,0.7241379310344828,0.8333333333333334,0.7749077490774907,8.8,0.8333333333333334,0.008,0.7241379310344828,0.49895833333333334,0.5908196528736307,HOW-profile(global-MAD),Shrew_office_Ila,125,office,Shrew,True
6,4,0.6521739130434783,0.6666666666666666,0.6593406593406593,14.5,0.6666666666666666,0.007787151200519144,0.6521739130434783,0.39801587301587293,0.4943403045885425,HOW-profile(global-MAD),Shrew_office_Kenneth,125,office,Shrew,True
6,4,0.5208333333333334,0.6666666666666666,0.5847953216374269,5.25,0.6666666666666666,0.02175191064079953,0.5148809523809524,0.3228114478114478,0.39682696333512774,HOW-profile(global-MAD),Shrew_office_Nora,125,office,Shrew,True
6,6,0.6444444444444445,1.0,0.7837837837837839,8.166666666666666,1.0,0.017474633596392335,0.6444444444444445,0.6276427469135802,0.6359326374672497,HOW-profile(global-MAD),Shrew_office_Sherill,125,office,Shrew,True
6,4,0.18181818181818182,0.6666666666666666,0.28571428571428575,15.25,0.6666666666666666,0.05982905982905983,0.18181818181818182,0.40138888888888885,0.2502706213466118,HOW-profile(global-MAD),Wolf_office_Darleen,125,office,Wolf,True
6,5,0.4,0.8333333333333334,0.5405405405405406,26.4,0.8333333333333334,0.01495581237253569,0.4,0.20247740299823633,0.26885974742369423,HOW-profile(global-MAD),Wolf_retail_Harriett,125,retail,Wolf,False
6,4,0.34285714285714286,0.6666666666666666,0.4528301886792453,2.25,0.6666666666666666,0.03494788473329246,0.34285714285714286,0.23854166666666665,0.28134118249296136,HOW-profile(global-MAD),Wolf_retail_Marcella,125,retail,Wolf,False
6,6,0.43243243243243246,1.0,0.6037735849056604,22.833333333333332,1.0,0.04572098475967175,0.41741741741741745,0.4302083333333333,0.42371636607877655,HOW-profile(global-MAD),Wolf_retail_Toshia,125,retail,Wolf,False
6,3,0.7,0.5,0.5833333333333334,17.666666666666668,0.5,0.009126466753585397,0.7,0.11944444444444445,0.2040677966101695,PatchTST-SSL(HoD-cond),Fox_education_Henrietta,125,education,Fox,False
6,5,0.2903225806451613,0.8333333333333334,0.430622009569378,50.6,0.8333333333333334,0.07749535027898326,0.23924731182795697,0.49259259259259264,0.322068946752646,PatchTST-SSL(HoD-cond),Fox_retail_Manie,125,retail,Fox,False
6,5,0.7666666666666667,0.8333333333333334,0.7986111111111112,12.0,0.8333333333333334,0.0061162079510703364,0.7666666666666667,0.48384589947089945,0.5932743628053752,PatchTST-SSL(HoD-cond),Hog_education_Bruno,125,education,Hog,False
6,6,0.75,1.0,0.8571428571428571,40.5,1.0,0.014295439074200136,0.75,0.29424603174603176,0.4226676800304009,PatchTST-SSL(HoD-cond),Hog_education_Caridad,125,education,Hog,False
6,6,0.6666666666666666,1.0,0.8,18.833333333333332,1.0,0.00798175598631699,0.6666666666666666,0.33634259259259264,0.44711131625509665,PatchTST-SSL(HoD-cond),Hog_education_Josh,125,education,Hog,False
6,6,0.47619047619047616,1.0,0.6451612903225806,24.833333333333332,1.0,0.010705289672544081,0.47619047619047616,0.3717592592592593,0.4175441333229338,PatchTST-SSL(HoD-cond),Hog_education_Luvenia,125,education,Hog,False
6,5,0.7741935483870968,0.8333333333333334,0.802675585284281,31.2,0.8333333333333334,0.007241606319947334,0.7741935483870968,0.27212301587301585,0.4027000822748223,PatchTST-SSL(HoD-cond),Hog_office_Almeda,125,office,Hog,True
6,5,0.7142857142857143,0.8333333333333334,0.7692307692307692,0.8,0.8333333333333334,0.0009930486593843098,0.7142857142857143,0.6055555555555555,0.655441972339146,PatchTST-SSL(HoD-cond),Hog_office_Cortney,125,office,Hog,True
6,4,0.8947368421052632,0.6666666666666666,0.7640449438202247,29.25,0.6666666666666666,0.002220988339811216,0.8947368421052632,0.32108585858585853,0.4725809889755515,PatchTST-SSL(HoD-cond),Hog_office_Denita,125,office,Hog,True
6,5,0.44,0.8333333333333334,0.5759162303664922,38.4,0.8333333333333334,0.03138201569100785,0.44,0.4395833333333334,0.439791567977262,PatchTST-SSL(HoD-cond),Hog_office_Garrett,125,office,Hog,True
6,3,0.3,0.5,0.37499999999999994,0.3333333333333333,0.5,0.014690982776089158,0.3,0.4444444444444444,0.3582089552238806,PatchTST-SSL(HoD-cond),Hog_office_Lavon,125,office,Hog,True
6,5,0.9,0.8333333333333334,0.8653846153846153,77.4,0.8333333333333334,0.015250544662309368,0.9,0.3543981481481482,0.5085440118102972,PatchTST-SSL(HoD-cond),Hog_office_Merilyn,125,office,Hog,True
6,4,0.45454545454545453,0.6666666666666666,0.5405405405405405,19.5,0.6666666666666666,0.004629629629629629,0.45454545454545453,0.2517361111111111,0.3240223463687151,PatchTST-SSL(HoD-cond),Hog_office_Miriam,125,office,Hog,True
6,5,0.5555555555555556,0.8333333333333334,0.6666666666666667,24.6,0.8333333333333334,0.0021321961620469083,0.5555555555555556,0.44675925925925924,0.49525275853220424,PatchTST-SSL(HoD-cond),Hog_office_Napoleon,125,office,Hog,True
6,4,0.5454545454545454,0.6666666666666666,0.6,23.75,0.6666666666666666,0.0033277870216306157,0.5454545454545454,0.2148148148148148,0.308237378210806,PatchTST-SSL(HoD-cond),Hog_office_Shawna,125,office,Hog,True
6,5,0.5909090909090909,0.8333333333333334,0.6914893617021277,19.4,0.8333333333333334,0.014654161781946073,0.5909090909090909,0.32327491181657847,0.4179160512231683,PatchTST-SSL(HoD-cond),Hog_office_Shawnna,125,office,Hog,True
6,4,0.9607843137254902,0.6666666666666666,0.78714859437751,26.25,0.6666666666666666,0.0031821797931583136,0.9607843137254902,0.30829772079772083,0.46680609455015254,PatchTST-SSL(HoD-cond),Hog_office_Sherrie,125,office,Hog,True
6,5,0.875,0.8333333333333334,0.8536585365853658,25.2,0.8333333333333334,0.002285714285714286,0.875,0.26784188034188033,0.41013835654856506,PatchTST-SSL(HoD-cond),Hog_office_Shon,125,office,Hog,True
6,6,0.875,1.0,0.9333333333333333,32.0,1.0,0.001948051948051948,0.875,0.38855502136752135,0.5381414152090049,PatchTST-SSL(HoD-cond),Hog_office_Sydney,125,office,Hog,True
6,2,0.7692307692307693,0.3333333333333333,0.4651162790697674,17.0,0.3333333333333333,0.009234828496042216,0.7692307692307693,0.21906565656565657,0.3410151835290649,PatchTST-SSL(HoD-cond),Hog_office_Valda,125,office,Hog,True
6,3,0.75,0.5,0.6,0.6666666666666666,0.5,0.0010804970286331713,0.75,0.3611111111111111,0.48749999999999993,PatchTST-SSL(HoD-cond),Lamb_education_Armando,125,education,Lamb,False
6,4,0.3793103448275862,0.6666666666666666,0.48351648351648346,6.0,0.6666666666666666,0.01746987951807229,0.3793103448275862,0.2972222222222222,0.3332861390344046,PatchTST-SSL(HoD-cond),Lamb_education_Eula,125,education,Lamb,False
6,3,0.3,0.5,0.37499999999999994,55.666666666666664,0.5,0.06671608598962195,0.3,0.19212962962962962,0.23424270931326435,PatchTST-SSL(HoD-cond),Lamb_education_Lazaro,125,education,Lamb,False
6,5,0.32432432432432434,0.8333333333333334,0.46692607003891057,16.6,0.8333333333333334,0.014253135689851768,0.32432432432432434,0.4368055555555556,0.3722535940620916,PatchTST-SSL(HoD-cond),Lamb_education_Lucas,125,education,Lamb,False
6,4,0.5357142857142857,0.6666666666666666,0.594059405940594,17.25,0.6666666666666666,0.015594541910331383,0.5357142857142857,0.20962301587301588,0.3013348291532772,PatchTST-SSL(HoD-cond),Lamb_education_Mae,125,education,Lamb,False
6,5,0.75,0.8333333333333334,0.7894736842105262,3.2,0.8333333333333334,0.004271222637479978,0.75,0.47500000000000003,0.5816326530612245,PatchTST-SSL(HoD-cond),Lamb_education_Williams,125,education,Lamb,False
6,5,0.4782608695652174,0.8333333333333334,0.6077348066298343,26.8,0.8333333333333334,0.08364174685418209,0.4782608695652174,0.2734848484848485,0.3479822985584717,PatchTST-SSL(HoD-cond),Lamb_office_Caitlin,125,office,Lamb,True
6,5,0.5789473684210527,0.8333333333333334,0.6832298136645962,14.4,0.8333333333333334,0.011686143572621035,0.5526315789473685,0.4128787878787879,0.4726409250464588,PatchTST-SSL(HoD-cond),Lamb_office_Velma,125,office,Lamb,True
6,6,0.40476190476190477,1.0,0.576271186440678,8.166666666666666,1.0,0.0412796697626419,0.40476190476190477,0.55625,0.4685661195416538,PatchTST-SSL(HoD-cond),Rat_retail_Jeffrey,125,retail,Rat,False
6,6,0.39622641509433965,1.0,0.5675675675675675,14.5,1.0,0.054104477611940295,0.39622641509433965,0.5079861111111111,0.44519957397169957,PatchTST-SSL(HoD-cond),Robin_education_Zenia,125,education,Robin,False
6,4,0.7058823529411765,0.6666666666666666,0.6857142857142857,29.75,0.6666666666666666,0.004021447721179625,0.7058823529411765,0.11245590828924162,0.19400447200401877,PatchTST-SSL(HoD-cond),Robin_office_Dina,125,office,Robin,True
6,3,0.7352941176470589,0.5,0.5952380952380952,30.0,0.5,0.011636363636363636,0.7352941176470589,0.21185064935064934,0.32893078590512675,PatchTST-SSL(HoD-cond),Robin_office_Sammie,125,office,Robin,True
6,4,1.0,0.6666666666666666,0.8,38.25,0.6666666666666666,0.0,1.0,0.2738425925925926,0.42994730147192445,PatchTST-SSL(HoD-cond),Shrew_office_Doris,125,office,Shrew,True
6,5,0.7037037037037037,0.8333333333333334,0.7630522088353413,13.4,0.8333333333333334,0.005866666666666667,0.7037037037037037,0.3657986111111111,0.48137125816905046,PatchTST-SSL(HoD-cond),Shrew_office_Ila,125,office,Shrew,True
6,3,0.9375,0.5,0.6521739130434783,36.0,0.5,0.001946787800129786,0.9375,0.22549603174603172,0.36354815320310496,PatchTST-SSL(HoD-cond),Shrew_office_Kenneth,125,office,Shrew,True
6,4,0.625,0.6666666666666666,0.6451612903225806,8.0,0.6666666666666666,0.00411522633744856,0.625,0.2288720538720539,0.3350502760252366,PatchTST-SSL(HoD-cond),Shrew_office_Nora,125,office,Shrew,True
6,6,0.75,1.0,0.8571428571428571,14.666666666666666,1.0,0.009582863585118376,0.75,0.35999228395061733,0.48647944110388935,PatchTST-SSL(HoD-cond),Shrew_office_Sherill,125,office,Shrew,True
6,4,0.29411764705882354,0.6666666666666666,0.40816326530612246,19.0,0.6666666666666666,0.009686609686609686,0.29411764705882354,0.28472222222222215,0.28934368383909664,PatchTST-SSL(HoD-cond),Wolf_office_Darleen,125,office,Wolf,True
6,5,0.6666666666666666,0.8333333333333334,0.7407407407407408,63.4,0.8333333333333334,0.004758667573079538,0.6666666666666666,0.20519179894179887,0.31379986092673356,PatchTST-SSL(HoD-cond),Wolf_retail_Harriett,125,retail,Wolf,False
6,3,0.6666666666666666,0.5,0.5714285714285715,49.666666666666664,0.5,0.0018393623543838135,0.6666666666666666,0.12962962962962962,0.21705426356589147,PatchTST-SSL(HoD-cond),Wolf_retail_Marcella,125,retail,Wolf,False
6,5,0.5,0.8333333333333334,0.625,12.0,0.8333333333333334,0.004689331770222743,0.5,0.3524305555555555,0.41344195519348265,PatchTST-SSL(HoD-cond),Wolf_retail_Toshia,125,retail,Wolf,False
6,3,0.6111111111111112,0.5,0.55,18.666666666666668,0.5,0.00847457627118644,0.6111111111111112,0.1375,0.22448979591836737,HOW-profile(HoD-cond),Fox_education_Henrietta,125,education,Fox,False
6,5,0.3673469387755102,0.8333333333333334,0.509915014164306,32.6,0.8333333333333334,0.10167389956602604,0.3350340136054421,0.555324074074074,0.4179272496387596,HOW-profile(HoD-cond),Fox_retail_Manie,125,retail,Fox,False
6,5,0.5806451612903226,0.8333333333333334,0.6844106463878328,4.4,0.8333333333333334,0.029357798165137616,0.5601173020527859,0.6100198412698413,0.5840044812533984,HOW-profile(HoD-cond),Hog_education_Bruno,125,education,Hog,False
6,5,0.6363636363636364,0.8333333333333334,0.7216494845360825,23.2,0.8333333333333334,0.009530292716133424,0.6363636363636364,0.33447971781305114,0.4384862472440815,HOW-profile(HoD-cond),Hog_education_Caridad,125,education,Hog,False
6,6,0.52,1.0,0.6842105263157895,30.666666666666668,1.0,0.020524515393386546,0.52,0.3591049382716049,0.4248288452761296,HOW-profile(HoD-cond),Hog_education_Josh,125,education,Hog,False
6,5,0.42857142857142855,0.8333333333333334,0.5660377358490566,16.6,0.8333333333333334,0.022670025188916875,0.42857142857142855,0.3792438271604938,0.4024015828614314,HOW-profile(HoD-cond),Hog_education_Luvenia,125,education,Hog,False
6,5,0.5833333333333334,0.8333333333333334,0.6862745098039216,15.4,0.8333333333333334,0.028966425279789335,0.5833333333333334,0.3319113756613757,0.42308896677144686,HOW-profile(HoD-cond),Hog_office_Almeda,125,office,Hog,True
6,6,0.2112676056338028,1.0,0.3488372093023256,13.666666666666666,1.0,0.04816285998013903,0.2112676056338028,0.6392857142857142,0.31758235259329354,HOW-profile(HoD-cond),Hog_office_Cortney,125,office,Hog,True
6,4,0.7,0.6666666666666666,0.6829268292682926,10.75,0.6666666666666666,0.007773459189339256,0.7,0.35858585858585856,0.474236641221374,HOW-profile(HoD-cond),Hog_office_Denita,125,office,Hog,True
6,6,0.4318181818181818,1.0,0.6031746031746031,28.0,1.0,0.04164152082076041,0.4318181818181818,0.551099537037037,0.4842212028924226,HOW-profile(HoD-cond),Hog_office_Garrett,125,office,Hog,True
6,3,0.13043478260869565,0.5,0.20689655172413793,0.3333333333333333,0.5,0.10030395136778116,0.13043478260869565,0.4444444444444444,0.20168067226890754,HOW-profile(HoD-cond),Hog_office_Lavon,125,office,Hog,True
6,5,0.8888888888888888,0.8333333333333334,0.8602150537634408,82.6,0.8333333333333334,0.0007262164124909223,0.8888888888888888,0.3013888888888889,0.4501490989238947,HOW-profile(HoD-cond),Hog_office_Merilyn,125,office,Hog,True
6,4,0.26666666666666666,0.6666666666666666,0.3809523809523809,2.0,0.6666666666666666,0.015046296296296295,0.26666666666666666,0.28767361111111117,0.2767721056477712,HOW-profile(HoD-cond),Hog_office_Miriam,125,office,Hog,True
6,5,0.20634920634920634,0.8333333333333334,0.3307888040712468,16.8,0.8333333333333334,0.03411513859275053,0.20634920634920634,0.4710648148148148,0.2869850568166409,HOW-profile(HoD-cond),Hog_office_Napoleon,125,office,Hog,True
6,5,0.2857142857142857,0.8333333333333334,0.42553191489361697,21.0,0.8333333333333334,0.04547975596228508,0.2777777777777778,0.2743055555555555,0.27603074772886094,HOW-profile(HoD-cond),Hog_office_Shawna,125,office,Hog,True
6,5,0.4444444444444444,0.8333333333333334,0.5797101449275363,4.6,0.8333333333333334,0.03048065650644783,0.4444444444444444,0.3944554673721341,0.41796056617684635,HOW-profile(HoD-cond),Hog_office_Shawnna,125,office,Hog,True
6,4,0.94,0.6666666666666666,0.7800829875518672,29.5,0.6666666666666666,0.002386634844868735,0.94,0.37470322886989554,0.5358183161084455,HOW-profile(HoD-cond),Hog_office_Sherrie,125,office,Hog,True
6,5,0.5384615384615384,0.8333333333333334,0.6542056074766356,21.0,0.8333333333333334,0.018285714285714287,0.5384615384615384,0.36698717948717946,0.4364874063989108,HOW-profile(HoD-cond),Hog_office_Shon,125,office,Hog,True
6,5,0.7058823529411765,0.8333333333333334,0.7643312101910827,24.2,0.8333333333333334,0.012337662337662338,0.7058823529411765,0.35803952991452986,0.47509838813287747,HOW-profile(HoD-cond),Hog_office_Sydney,125,office,Hog,True
6,3,0.7222222222222222,0.5,0.5909090909090908,4.0,0.5,0.020448548812664908,0.7222222222222222,0.2948232323232323,0.4187185323125732,HOW-profile(HoD-cond),Hog_office_Valda,125,office,Hog,True
6,6,0.8181818181818182,1.0,0.9,19.166666666666668,1.0,0.002701242571582928,0.8181818181818182,0.5003086419753086,0.6209274116320146,HOW-profile(HoD-cond),Lamb_education_Armando,125,education,Lamb,False
6,5,0.27419354838709675,0.8333333333333334,0.412621359223301,5.4,0.8333333333333334,0.07228915662650602,0.27419354838709675,0.32549603174603176,0.29765036741358974,HOW-profile(HoD-cond),Lamb_education_Eula,125,education,Lamb,False
6,2,0.2857142857142857,0.3333333333333333,0.30769230769230765,1.5,0.3333333333333333,0.09859154929577464,0.2857142857142857,0.18055555555555555,0.22127659574468084,HOW-profile(HoD-cond),Lamb_education_Lazaro,125,education,Lamb,False
6,6,0.2631578947368421,1.0,0.4166666666666667,17.833333333333332,1.0,0.05131128848346636,0.2631578947368421,0.462037037037037,0.33532692695383376,HOW-profile(HoD-cond),Lamb_education_Lucas,125,education,Lamb,False
6,5,0.49019607843137253,0.8333333333333334,0.6172839506172839,37.0,0.8333333333333334,0.03378817413905133,0.49019607843137253,0.3040509259259259,0.3753103775390954,HOW-profile(HoD-cond),Lamb_education_Mae,125,education,Lamb,False
6,6,0.5384615384615384,1.0,0.7000000000000001,3.1666666666666665,1.0,0.02402562733582488,0.5384615384615384,0.5868055555555555,0.5615950629005458,HOW-profile(HoD-cond),Lamb_education_Williams,125,education,Lamb,False
6,3,0.29411764705882354,0.5,0.37037037037037035,85.33333333333333,0.5,0.05107327905255366,0.29411764705882354,0.19733796296296294,0.23619865623051878,HOW-profile(HoD-cond),Lamb_office_Caitlin,125,office,Lamb,True
6,5,0.5161290322580645,0.8333333333333334,0.6374501992031872,13.8,0.8333333333333334,0.02949360044518642,0.4959677419354839,0.5441919191919192,0.518961939071188,HOW-profile(HoD-cond),Lamb_office_Velma,125,office,Lamb,True
6,6,0.3142857142857143,1.0,0.4782608695652174,1.8333333333333333,1.0,0.11816305469556243,0.3040816326530612,0.5736111111111111,0.39746165025028257,HOW-profile(HoD-cond),Rat_retail_Jeffrey,125,retail,Rat,False
6,6,0.375,1.0,0.5454545454545454,1.8333333333333333,1.0,0.04975124378109453,0.375,0.5789351851851853,0.455168648386314,HOW-profile(HoD-cond),Robin_education_Zenia,125,education,Robin,False
6,6,0.7948717948717948,1.0,0.8857142857142858,15.0,1.0,0.006032171581769437,0.7948717948717948,0.23288139329805999,0.3602243285913902,HOW-profile(HoD-cond),Robin_office_Dina,125,office,Robin,True
6,3,0.723404255319149,0.5,0.591304347826087,18.0,0.5,0.01309090909090909,0.723404255319149,0.29103535353535354,0.41507885015160945,HOW-profile(HoD-cond),Robin_office_Sammie,125,office,Robin,True
6,4,0.8636363636363636,0.6666666666666666,0.7524752475247524,14.25,0.6666666666666666,0.0018552875695732839,0.8636363636363636,0.2988425925925926,0.44403613258268326,HOW-profile(HoD-cond),Shrew_office_Doris,125,office,Shrew,True
6,5,0.8888888888888888,0.8333333333333334,0.8602150537634408,6.2,0.8333333333333334,0.0026666666666666666,0.8703703703703703,0.49600694444444443,0.631904150137177,HOW-profile(HoD-cond),Shrew_office_Ila,125,office,Shrew,True
6,4,0.875,0.6666666666666666,0.7567567567567567,15.0,0.6666666666666666,0.003244646333549643,0.875,0.3849206349206349,0.5346456692913385,HOW-profile(HoD-cond),Shrew_office_Kenneth,125,office,Shrew,True
6,4,0.5094339622641509,0.6666666666666666,0.5775401069518716,4.25,0.6666666666666666,0.021164021164021163,0.5040431266846361,0.3611812570145903,0.42081784451605725,HOW-profile(HoD-cond),Shrew_office_Nora,125,office,Shrew,True
6,6,0.5957446808510638,1.0,0.7466666666666666,8.166666666666666,1.0,0.015219842164599774,0.5957446808510638,0.6102816358024692,0.6029255470299228,HOW-profile(HoD-cond),Shrew_office_Sherill,125,office,Shrew,True
6,5,0.3,0.8333333333333334,0.4411764705882353,20.0,0.8333333333333334,0.05014245014245014,0.3,0.38749999999999996,0.33818181818181814,HOW-profile(HoD-cond),Wolf_office_Darleen,125,office,Wolf,True
6,6,0.5571428571428572,1.0,0.7155963302752294,8.166666666666666,1.0,0.026512576478585997,0.5523809523809523,0.2640128968253968,0.35726799149954347,HOW-profile(HoD-cond),Wolf_retail_Harriett,125,retail,Wolf,False
6,3,0.3,0.5,0.37499999999999994,29.333333333333332,0.5,0.0061312078479460455,0.3,0.12696759259259258,0.17842233667660612,HOW-profile(HoD-cond),Wolf_retail_Marcella,125,retail,Wolf,False
6,6,0.631578947368421,1.0,0.7741935483870968,18.833333333333332,1.0,0.038686987104337635,0.6169590643274854,0.4537037037037037,0.522884741819653,HOW-profile(HoD-cond),Wolf_retail_Toshia,125,retail,Wolf,False
6,3,0.6666666666666666,0.5,0.5714285714285715,26.666666666666668,0.5,0.014341590612777053,0.6666666666666666,0.11458333333333333,0.19555555555555554,"PatchTST-SSL(HoW-cond, patch-mask train)",Fox_education_Henrietta,125,education,Fox,False
6,5,0.32558139534883723,0.8333333333333334,0.4682274247491639,37.2,0.8333333333333334,0.09237445753254804,0.28875968992248063,0.5342592592592593,0.3748942553395603,"PatchTST-SSL(HoW-cond, patch-mask train)",Fox_retail_Manie,125,retail,Fox,False
6,5,0.75,0.8333333333333334,0.7894736842105262,10.6,0.8333333333333334,0.017737003058103974,0.75,0.5432043650793651,0.630067891526984,"PatchTST-SSL(HoW-cond, patch-mask train)",Hog_education_Bruno,125,education,Hog,False
6,5,0.7692307692307693,0.8333333333333334,0.8,11.4,0.8333333333333334,0.008849557522123894,0.7692307692307693,0.2898809523809524,0.42107993601660115,"PatchTST-SSL(HoW-cond, patch-mask train)",Hog_education_Caridad,125,education,Hog,False
6,5,0.6428571428571429,0.8333333333333334,0.7258064516129034,8.0,0.8333333333333334,0.01653363740022805,0.6428571428571429,0.3768518518518518,0.47515890517576853,"PatchTST-SSL(HoW-cond, patch-mask train)",Hog_education_Josh,125,education,Hog,False
6,6,0.46511627906976744,1.0,0.6349206349206349,13.166666666666666,1.0,0.03400503778337532,0.46511627906976744,0.3819444444444444,0.4194470924690181,"PatchTST-SSL(HoW-cond, patch-mask train)",Hog_education_Luvenia,125,education,Hog,False
6,5,0.85,0.8333333333333334,0.8415841584158417,26.0,0.8333333333333334,0.02106649111257406,0.8442028985507246,0.31081349206349207,0.4543479262127849,"PatchTST-SSL(HoW-cond, patch-mask train)",Hog_office_Almeda,125,office,Hog,True
6,6,0.35714285714285715,1.0,0.5263157894736842,19.5,1.0,0.012909632571996028,0.35714285714285715,0.6164682539682539,0.4522693528195872,"PatchTST-SSL(HoW-cond, patch-mask train)",Hog_office_Cortney,125,office,Hog,True
6,4,0.96875,0.6666666666666666,0.7898089171974522,28.25,0.6666666666666666,0.000555247084952804,0.96875,0.4025252525252525,0.5687353252612679,"PatchTST-SSL(HoW-cond, patch-mask train)",Hog_office_Denita,125,office,Hog,True
6,6,0.41379310344827586,1.0,0.5853658536585366,42.666666666666664,1.0,0.022933011466505733,0.41379310344827586,0.4824652777777778,0.44549832677625567,"PatchTST-SSL(HoW-cond, patch-mask train)",Hog_office_Garrett,125,office,Hog,True
6,3,0.25,0.5,0.3333333333333333,0.3333333333333333,0.5,0.02127659574468085,0.25,0.4444444444444444,0.32,"PatchTST-SSL(HoW-cond, patch-mask train)",Hog_office_Lavon,125,office,Hog,True
6,5,0.8,0.8333333333333334,0.816326530612245,83.4,0.8333333333333334,0.0014524328249818446,0.8,0.2798611111111111,0.4146623794212219,"PatchTST-SSL(HoW-cond, patch-mask train)",Hog_office_Merilyn,125,office,Hog,True
6,5,0.5833333333333334,0.8333333333333334,0.6862745098039216,18.2,0.8333333333333334,0.003472222222222222,0.5833333333333334,0.287921626984127,0.3855456555362616,"PatchTST-SSL(HoW-cond, patch-mask train)",Hog_office_Miriam,125,office,Hog,True
6,5,0.35,0.8333333333333334,0.49295774647887325,25.2,0.8333333333333334,0.007995735607675906,0.35,0.4479166666666667,0.39295039164490864,"PatchTST-SSL(HoW-cond, patch-mask train)",Hog_office_Napoleon,125,office,Hog,True
6,4,0.3902439024390244,0.6666666666666666,0.4923076923076923,2.5,0.6666666666666666,0.02384914032168608,0.3902439024390244,0.2571759259259259,0.3100347951966931,"PatchTST-SSL(HoW-cond, patch-mask train)",Hog_office_Shawna,125,office,Hog,True
6,5,0.675,0.8333333333333334,0.7458563535911604,4.6,0.8333333333333334,0.00996483001172333,0.675,0.3509700176366843,0.46181615024281225,"PatchTST-SSL(HoW-cond, patch-mask train)",Hog_office_Shawnna,125,office,Hog,True
6,4,0.9787234042553191,0.6666666666666666,0.793103448275862,46.25,0.6666666666666666,0.0007955449482895784,0.9787234042553191,0.3800213675213675,0.5474697150428531,"PatchTST-SSL(HoW-cond, patch-mask train)",Hog_office_Sherrie,125,office,Hog,True
6,5,0.631578947368421,0.8333333333333334,0.718562874251497,24.4,0.8333333333333334,0.010857142857142857,0.631578947368421,0.36485042735042733,0.4625151660506193,"PatchTST-SSL(HoW-cond, patch-mask train)",Hog_office_Shon,125,office,Hog,True
6,5,0.717391304347826,0.8333333333333334,0.7710280373831776,29.0,0.8333333333333334,0.011688311688311689,0.717391304347826,0.3689458689458689,0.4872862029646522,"PatchTST-SSL(HoW-cond, patch-mask train)",Hog_office_Sydney,125,office,Hog,True
6,3,0.6666666666666666,0.5,0.5714285714285715,18.0,0.5,0.013192612137203167,0.6666666666666666,0.3036616161616162,0.4172630665799176,"PatchTST-SSL(HoW-cond, patch-mask train)",Hog_office_Valda,125,office,Hog,True
6,5,0.8235294117647058,0.8333333333333334,0.8284023668639053,6.6,0.8333333333333334,0.0021609940572663426,0.8235294117647058,0.5015432098765432,0.6234157703637733,"PatchTST-SSL(HoW-cond, patch-mask train)",Lamb_education_Armando,125,education,Lamb,False
6,4,0.25,0.6666666666666666,0.36363636363636365,8.75,0.6666666666666666,0.04216867469879518,0.2451923076923077,0.3138888888888889,0.27532008408178865,"PatchTST-SSL(HoW-cond, patch-mask train)",Lamb_education_Eula,125,education,Lamb,False
6,4,0.26666666666666666,0.6666666666666666,0.3809523809523809,107.0,0.6666666666666666,0.061527057079318014,0.26666666666666666,0.23814534231200893,0.25160029273082657,"PatchTST-SSL(HoW-cond, patch-mask train)",Lamb_education_Lazaro,125,education,Lamb,False
6,6,0.30434782608695654,1.0,0.4666666666666667,30.166666666666668,1.0,0.021094640820980615,0.30434782608695654,0.4395833333333334,0.35967368805552175,"PatchTST-SSL(HoW-cond, patch-mask train)",Lamb_education_Lucas,125,education,Lamb,False
6,4,0.59375,0.6666666666666666,0.628099173553719,13.75,0.6666666666666666,0.014294996751137101,0.59375,0.3150462962962963,0.411662633723892,"PatchTST-SSL(HoW-cond, patch-mask train)",Lamb_education_Mae,125,education,Lamb,False
6,6,0.5384615384615384,1.0,0.7000000000000001,16.833333333333332,1.0,0.012279765082754938,0.5384615384615384,0.48993055555555554,0.5130509310962782,"PatchTST-SSL(HoW-cond, patch-mask train)",Lamb_education_Williams,125,education,Lamb,False
6,4,0.38461538461538464,0.6666666666666666,0.4878048780487804,76.25,0.6666666666666666,0.0540340488527017,0.38461538461538464,0.22990319865319866,0.28778399736582155,"PatchTST-SSL(HoW-cond, patch-mask train)",Lamb_office_Caitlin,125,office,Lamb,True
6,5,0.625,0.8333333333333334,0.7142857142857143,13.6,0.8333333333333334,0.020589872008903727,0.60546875,0.5340909090909091,0.5675444063571206,"PatchTST-SSL(HoW-cond, patch-mask train)",Lamb_office_Velma,125,office,Lamb,True
6,6,0.40816326530612246,1.0,0.5797101449275363,4.0,1.0,0.06140350877192982,0.401360544217687,0.525,0.4549293188911327,"PatchTST-SSL(HoW-cond, patch-mask train)",Rat_retail_Jeffrey,125,retail,Rat,False
6,6,0.4098360655737705,1.0,0.5813953488372093,2.8333333333333335,1.0,0.03793532338308458,0.4098360655737705,0.5332175925925926,0.4634557076376133,"PatchTST-SSL(HoW-cond, patch-mask train)",Robin_education_Zenia,125,education,Robin,False
6,6,0.7352941176470589,1.0,0.8474576271186441,31.666666666666668,1.0,0.00804289544235925,0.7352941176470589,0.2889908509700176,0.41491045809051846,"PatchTST-SSL(HoW-cond, patch-mask train)",Robin_office_Dina,125,office,Robin,True
6,3,0.8478260869565217,0.5,0.6290322580645161,18.0,0.5,0.007272727272727273,0.8478260869565217,0.2698412698412698,0.40938561284347025,"PatchTST-SSL(HoW-cond, patch-mask train)",Robin_office_Sammie,125,office,Robin,True
6,4,0.9285714285714286,0.6666666666666666,0.7761194029850746,38.5,0.6666666666666666,0.0012368583797155227,0.9285714285714286,0.29606481481481484,0.4489779385953069,"PatchTST-SSL(HoW-cond, patch-mask train)",Shrew_office_Doris,125,office,Shrew,True
6,5,0.6666666666666666,0.8333333333333334,0.7407407407407408,12.0,0.8333333333333334,0.011733333333333333,0.6666666666666666,0.4432291666666666,0.5324573752541842,"PatchTST-SSL(HoW-cond, patch-mask train)",Shrew_office_Ila,125,office,Shrew,True
6,5,0.7906976744186046,0.8333333333333334,0.8114558472553699,27.8,0.8333333333333334,0.015574302401038288,0.7906976744186046,0.3293154761904762,0.4649748639688047,"PatchTST-SSL(HoW-cond, patch-mask train)",Shrew_office_Kenneth,125,office,Shrew,True
6,4,0.675,0.6666666666666666,0.670807453416149,2.5,0.6666666666666666,0.011757789535567314,0.675,0.31909371492704824,0.4333359206311125,"PatchTST-SSL(HoW-cond, patch-mask train)",Shrew_office_Nora,125,office,Shrew,True
6,6,0.5789473684210527,1.0,0.7333333333333334,10.5,1.0,0.019165727170236752,0.5789473684210527,0.5283950617283949,0.5525173101748619,"PatchTST-SSL(HoW-cond, patch-mask train)",Shrew_office_Sherill,125,office,Shrew,True
6,4,0.23809523809523808,0.6666666666666666,0.3508771929824562,15.5,0.6666666666666666,0.036467236467236465,0.23809523809523808,0.34027777777777773,0.2801600914808462,"PatchTST-SSL(HoW-cond, patch-mask train)",Wolf_office_Darleen,125,office,Wolf,True
6,6,0.5098039215686274,1.0,0.6753246753246753,11.666666666666666,1.0,0.023113528212100613,0.5098039215686274,0.22606646825396828,0.31323334555920135,"PatchTST-SSL(HoW-cond, patch-mask train)",Wolf_retail_Harriett,125,retail,Wolf,False
6,4,0.38461538461538464,0.6666666666666666,0.4878048780487804,77.25,0.6666666666666666,0.005518087063151441,0.38461538461538464,0.16238425925925926,0.22835658132456585,"PatchTST-SSL(HoW-cond, patch-mask train)",Wolf_retail_Marcella,125,retail,Wolf,False
6,6,0.4117647058823529,1.0,0.5833333333333334,42.5,1.0,0.03927315357561548,0.3954248366013072,0.4128472222222222,0.4039482587735184,"PatchTST-SSL(HoW-cond, patch-mask train)",Wolf_retail_Toshia,125,retail,Wolf,False
6,3,0.5517241379310345,0.5,0.5245901639344263,6.666666666666667,0.5,0.02346805736636245,0.5517241379310345,0.15416666666666667,0.24099328312639934,TOWT(HoW-cond),Fox_education_Henrietta,125,education,Fox,False
6,5,0.358974358974359,0.8333333333333334,0.5017921146953405,36.8,0.8333333333333334,0.08865468071915684,0.3161745661745662,0.5111111111111112,0.3906760101365865,TOWT(HoW-cond),Fox_retail_Manie,125,retail,Fox,False
6,5,0.6578947368421053,0.8333333333333334,0.7352941176470588,7.6,0.8333333333333334,0.020795107033639144,0.6578947368421053,0.6342427248677248,0.6458522609796062,TOWT(HoW-cond),Hog_education_Bruno,125,education,Hog,False
6,4,0.7692307692307693,0.6666666666666666,0.7142857142857142,17.75,0.6666666666666666,0.0020422055820285907,0.7692307692307693,0.28075396825396826,0.4113671051675267,TOWT(HoW-cond),Hog_education_Caridad,125,education,Hog,False
6,6,0.5,1.0,0.6666666666666666,6.666666666666667,1.0,0.027936145952109463,0.5,0.3631172839506173,0.4207044519935634,TOWT(HoW-cond),Hog_education_Josh,125,education,Hog,False
6,6,0.5483870967741935,1.0,0.7083333333333333,47.0,1.0,0.018261964735516372,0.5483870967741935,0.38047839506172837,0.44925652699360363,TOWT(HoW-cond),Hog_education_Luvenia,125,education,Hog,False
6,5,0.7903225806451613,0.8333333333333334,0.8112582781456954,10.4,0.8333333333333334,0.026333113890717578,0.7851906158357771,0.3396164021164021,0.47414997892028765,TOWT(HoW-cond),Hog_office_Almeda,125,office,Hog,True
6,6,0.2,1.0,0.33333333333333337,18.666666666666668,1.0,0.03028798411122145,0.2,0.6253968253968254,0.30307692307692313,TOWT(HoW-cond),Hog_office_Cortney,125,office,Hog,True
6,4,0.7419354838709677,0.6666666666666666,0.7022900763358778,22.25,0.6666666666666666,0.004997223764575236,0.7419354838709677,0.43636363636363634,0.5495271279243404,TOWT(HoW-cond),Hog_office_Denita,125,office,Hog,True
6,5,0.9444444444444444,0.8333333333333334,0.8854166666666667,46.8,0.8333333333333334,0.0006035003017501509,0.9444444444444444,0.4538194444444445,0.6130563143227657,TOWT(HoW-cond),Hog_office_Garrett,125,office,Hog,True
6,4,0.5714285714285714,0.6666666666666666,0.6153846153846153,1.5,0.6666666666666666,0.002026342451874367,0.5714285714285714,0.44675925925925924,0.5014615134784021,TOWT(HoW-cond),Hog_office_Lavon,125,office,Hog,True
6,5,0.84375,0.8333333333333334,0.8385093167701863,78.6,0.8333333333333334,0.005809731299927378,0.84375,0.3747685185185185,0.5190088335866262,TOWT(HoW-cond),Hog_office_Merilyn,125,office,Hog,True
6,5,0.25925925925925924,0.8333333333333334,0.39548022598870053,8.0,0.8333333333333334,0.013310185185185185,0.25925925925925924,0.2869295634920635,0.2723935129826119,TOWT(HoW-cond),Hog_office_Miriam,125,office,Hog,True
6,6,0.21153846153846154,1.0,0.34920634920634924,16.0,1.0,0.03251599147121535,0.20512820512820512,0.4720568783068783,0.28598438605387877,TOWT(HoW-cond),Hog_office_Napoleon,125,office,Hog,True
6,5,0.26,0.8333333333333334,0.39634146341463417,21.6,0.8333333333333334,0.036605657237936774,0.26,0.2733796296296296,0.2665220032983248,TOWT(HoW-cond),Hog_office_Shawna,125,office,Hog,True
6,5,0.8,0.8333333333333334,0.816326530612245,11.0,0.8333333333333334,0.0035169988276670576,0.8,0.3036541005291005,0.4402163328289563,TOWT(HoW-cond),Hog_office_Shawnna,125,office,Hog,True
6,4,0.9615384615384616,0.6666666666666666,0.7874015748031495,45.5,0.6666666666666666,0.002386634844868735,0.9615384615384616,0.36685660018993355,0.5310870856338401,TOWT(HoW-cond),Hog_office_Sherrie,125,office,Hog,True
6,5,0.6571428571428571,0.8333333333333334,0.7348242811501599,16.6,0.8333333333333334,0.010857142857142857,0.6571428571428571,0.3678418803418803,0.4716649046264723,TOWT(HoW-cond),Hog_office_Shon,125,office,Hog,True
6,5,0.65625,0.8333333333333334,0.7342657342657342,38.4,0.8333333333333334,0.007142857142857143,0.65625,0.3369836182336183,0.44530409645034064,TOWT(HoW-cond),Hog_office_Sydney,125,office,Hog,True
6,4,0.7435897435897436,0.6666666666666666,0.7030303030303031,15.75,0.6666666666666666,0.008575197889182058,0.7435897435897436,0.30916305916305914,0.43674161548532214,TOWT(HoW-cond),Hog_office_Valda,125,office,Hog,True
6,6,0.9375,1.0,0.967741935483871,23.0,1.0,0.0005402485143165856,0.9375,0.5237654320987654,0.67206146372373,TOWT(HoW-cond),Lamb_education_Armando,125,education,Lamb,False
6,5,0.40298507462686567,0.8333333333333334,0.5432595573440644,6.0,0.8333333333333334,0.053614457831325305,0.3972992181947406,0.3745039682539683,0.38556496373837557,TOWT(HoW-cond),Lamb_education_Eula,125,education,Lamb,False
6,3,0.23076923076923078,0.5,0.3157894736842105,59.333333333333336,0.5,0.06893995552260934,0.23076923076923078,0.23674242424242423,0.23371766905578062,TOWT(HoW-cond),Lamb_education_Lazaro,125,education,Lamb,False
6,6,0.3409090909090909,1.0,0.5084745762711864,31.0,1.0,0.020524515393386546,0.3409090909090909,0.4474537037037037,0.3869818220644369,TOWT(HoW-cond),Lamb_education_Lucas,125,education,Lamb,False
6,4,1.0,0.6666666666666666,0.8,15.0,0.6666666666666666,0.0,1.0,0.2871693121693122,0.4462028568492447,TOWT(HoW-cond),Lamb_education_Mae,125,education,Lamb,False
6,6,0.4444444444444444,1.0,0.6153846153846153,12.833333333333334,1.0,0.025093432995194873,0.4444444444444444,0.5032986111111111,0.47204412692597336,TOWT(HoW-cond),Lamb_education_Williams,125,education,Lamb,False
6,3,0.3076923076923077,0.5,0.380952380952381,77.0,0.5,0.033308660251665435,0.3076923076923077,0.19618055555555555,0.2395971375563212,TOWT(HoW-cond),Lamb_office_Caitlin,125,office,Lamb,True
6,5,0.6774193548387096,0.8333333333333334,0.7473309608540925,13.8,0.8333333333333334,0.019476905954368393,0.6612903225806451,0.5296717171717171,0.588208135975787,TOWT(HoW-cond),Lamb_office_Velma,125,office,Lamb,True
6,6,0.27906976744186046,1.0,0.43636363636363634,1.8333333333333333,1.0,0.04540763673890609,0.27906976744186046,0.525,0.3644251626898048,TOWT(HoW-cond),Rat_retail_Jeffrey,125,retail,Rat,False
6,6,0.43137254901960786,1.0,0.6027397260273972,2.1666666666666665,1.0,0.08022388059701492,0.43137254901960786,0.5939814814814816,0.49978309562384365,TOWT(HoW-cond),Robin_education_Zenia,125,education,Robin,False
6,6,0.6944444444444444,1.0,0.819672131147541,15.0,1.0,0.00871313672922252,0.6944444444444444,0.3074266975308642,0.42618407343940207,TOWT(HoW-cond),Robin_office_Dina,125,office,Robin,True
6,3,0.9607843137254902,0.5,0.6577181208053691,28.0,0.5,0.0036363636363636364,0.9607843137254902,0.28923160173160173,0.44461703653718015,TOWT(HoW-cond),Robin_office_Sammie,125,office,Robin,True
6,3,0.5,0.5,0.5,22.333333333333332,0.5,0.013605442176870748,0.5,0.3078703703703704,0.38108882521489973,TOWT(HoW-cond),Shrew_office_Doris,125,office,Shrew,True
6,5,0.7272727272727273,0.8333333333333334,0.7766990291262137,5.2,0.8333333333333334,0.0096,0.7121212121212122,0.44722222222222224,0.549408262542656,TOWT(HoW-cond),Shrew_office_Ila,125,office,Shrew,True
6,5,0.8095238095238095,0.8333333333333334,0.8212560386473431,33.8,0.8333333333333334,0.0025957170668397143,0.8095238095238095,0.23060515873015874,0.358956191566235,TOWT(HoW-cond),Shrew_office_Kenneth,125,office,Shrew,True
6,4,0.5666666666666667,0.6666666666666666,0.6126126126126126,4.25,0.6666666666666666,0.0188124632569077,0.5638888888888889,0.3538860830527497,0.4348613467714952,TOWT(HoW-cond),Shrew_office_Nora,125,office,Shrew,True
6,6,0.6274509803921569,1.0,0.7710843373493976,6.333333333333333,1.0,0.012401352874859075,0.6274509803921569,0.5842399691358023,0.605074984774546,TOWT(HoW-cond),Shrew_office_Sherill,125,office,Shrew,True
6,5,0.42857142857142855,0.8333333333333334,0.5660377358490566,24.0,0.8333333333333334,0.046723646723646726,0.42857142857142855,0.39583333333333326,0.411552346570397,TOWT(HoW-cond),Wolf_office_Darleen,125,office,Wolf,True
6,6,0.6428571428571429,1.0,0.782608695652174,10.666666666666666,1.0,0.020394289598912305,0.6369047619047619,0.2575507054673721,0.36678242065203676,TOWT(HoW-cond),Wolf_retail_Harriett,125,retail,Wolf,False
6,4,0.625,0.6666666666666666,0.6451612903225806,9.0,0.6666666666666666,0.003678724708767627,0.625,0.16631944444444446,0.26272487933304084,TOWT(HoW-cond),Wolf_retail_Marcella,125,retail,Wolf,False
6,6,0.525,1.0,0.6885245901639345,22.333333333333332,1.0,0.05216881594372802,0.509090909090909,0.44953703703703707,0.47746410853053517,TOWT(HoW-cond),Wolf_retail_Toshia,125,retail,Wolf,False
6,3,0.5,0.5,0.5,18.0,0.5,0.01499348109517601,0.5,0.14444444444444446,0.22413793103448276,HOW-profile+z(slot),Fox_education_Henrietta,125,education,Fox,False
6,5,0.34615384615384615,0.8333333333333334,0.48913043478260876,36.0,0.8333333333333334,0.10043397396156231,0.31570512820512814,0.5229166666666666,0.3937113828906299,HOW-profile+z(slot),Fox_retail_Manie,125,retail,Fox,False
6,5,0.6585365853658537,0.8333333333333334,0.7356948228882834,4.2,0.8333333333333334,0.025688073394495414,0.6422764227642277,0.6626818783068783,0.6523196118684702,HOW-profile+z(slot),Hog_education_Bruno,125,education,Hog,False
6,4,0.7142857142857143,0.6666666666666666,0.689655172413793,9.0,0.6666666666666666,0.0068073519400953025,0.7142857142857143,0.31342592592592594,0.4356779715554412,HOW-profile+z(slot),Hog_education_Caridad,125,education,Hog,False
6,6,0.5853658536585366,1.0,0.7384615384615384,18.666666666666668,1.0,0.01710376282782212,0.5853658536585366,0.3178240740740741,0.4119695198564758,HOW-profile+z(slot),Hog_education_Josh,125,education,Hog,False
6,6,0.5862068965517241,1.0,0.7391304347826086,41.666666666666664,1.0,0.012594458438287154,0.5862068965517241,0.38094135802469137,0.46179156132305166,HOW-profile+z(slot),Hog_education_Luvenia,125,education,Hog,False
6,5,0.639344262295082,0.8333333333333334,0.7235621521335807,16.2,0.8333333333333334,0.027649769585253458,0.6345226615236258,0.3455357142857143,0.4474228198886213,HOW-profile+z(slot),Hog_office_Almeda,125,office,Hog,True
6,6,0.25,1.0,0.4,9.0,1.0,0.022343594836146972,0.23263888888888892,0.6313492063492063,0.33999630012375454,HOW-profile+z(slot),Hog_office_Cortney,125,office,Hog,True
6,4,0.8857142857142857,0.6666666666666666,0.7607361963190183,15.25,0.6666666666666666,0.00277623542476402,0.8857142857142857,0.4455808080808081,0.5928922730906282,HOW-profile+z(slot),Hog_office_Denita,125,office,Hog,True
6,6,0.48936170212765956,1.0,0.6571428571428571,20.666666666666668,1.0,0.036813518406759206,0.48936170212765956,0.5209490740740741,0.5046615984224908,HOW-profile+z(slot),Hog_office_Garrett,125,office,Hog,True
6,3,0.15789473684210525,0.5,0.23999999999999996,0.3333333333333333,0.5,0.07649442755825735,0.15789473684210525,0.4444444444444444,0.23300970873786406,HOW-profile+z(slot),Hog_office_Lavon,125,office,Hog,True
6,5,0.9285714285714286,0.8333333333333334,0.8783783783783784,82.4,0.8333333333333334,0.0007262164124909223,0.9285714285714286,0.2974537037037037,0.4505731625084288,HOW-profile+z(slot),Hog_office_Merilyn,125,office,Hog,True
6,5,0.36,0.8333333333333334,0.5027932960893855,27.6,0.8333333333333334,0.010416666666666666,0.36,0.28990575396825397,0.32117294174216343,HOW-profile+z(slot),Hog_office_Miriam,125,office,Hog,True
6,6,0.3076923076923077,1.0,0.47058823529411764,16.0,1.0,0.027185501066098083,0.30128205128205127,0.4672619047619047,0.3663489226491907,HOW-profile+z(slot),Hog_office_Napoleon,125,office,Hog,True
6,5,0.2857142857142857,0.8333333333333334,0.42553191489361697,21.6,0.8333333333333334,0.036605657237936774,0.2857142857142857,0.2983796296296296,0.29190964162373323,HOW-profile+z(slot),Hog_office_Shawna,125,office,Hog,True
6,5,0.4107142857142857,0.8333333333333334,0.5502392344497608,5.2,0.8333333333333334,0.029308323563892145,0.4107142857142857,0.39773478835978837,0.40412034534644203,HOW-profile+z(slot),Hog_office_Shawnna,125,office,Hog,True
6,4,0.9538461538461539,0.6666666666666666,0.7848101265822784,25.5,0.6666666666666666,0.002386634844868735,0.9538461538461539,0.4021130104463438,0.5657308251253588,HOW-profile+z(slot),Hog_office_Sherrie,125,office,Hog,True
6,5,0.6875,0.8333333333333334,0.7534246575342466,16.4,0.8333333333333334,0.010857142857142857,0.6875,0.4115384615384616,0.5148731408573929,HOW-profile+z(slot),Hog_office_Shon,125,office,Hog,True
6,5,0.75,0.8333333333333334,0.7894736842105262,38.6,0.8333333333333334,0.005844155844155844,0.75,0.3400551994301994,0.46794217339812955,HOW-profile+z(slot),Hog_office_Sydney,125,office,Hog,True
6,3,0.75,0.5,0.6,4.333333333333333,0.5,0.017150395778364115,0.75,0.29419191919191917,0.42261185006045954,HOW-profile+z(slot),Hog_office_Valda,125,office,Hog,True
6,6,0.6521739130434783,1.0,0.7894736842105263,18.333333333333332,1.0,0.012965964343598054,0.6521739130434783,0.5513888888888888,0.5975615874767949,HOW-profile+z(slot),Lamb_education_Armando,125,education,Lamb,False
6,5,0.42857142857142855,0.8333333333333334,0.5660377358490566,3.6,0.8333333333333334,0.05301204819277108,0.4210526315789474,0.3580357142857143,0.3869955968393751,HOW-profile+z(slot),Lamb_education_Eula,125,education,Lamb,False
6,2,0.15384615384615385,0.3333333333333333,0.21052631578947367,1.0,0.3333333333333333,0.05263157894736842,0.15384615384615385,0.23611111111111108,0.1863013698630137,HOW-profile+z(slot),Lamb_education_Lazaro,125,education,Lamb,False
6,6,0.3888888888888889,1.0,0.56,9.0,1.0,0.037058152793614595,0.3888888888888889,0.46319444444444446,0.4228017748800145,HOW-profile+z(slot),Lamb_education_Lucas,125,education,Lamb,False
6,4,0.5757575757575758,0.6666666666666666,0.6178861788617886,13.5,0.6666666666666666,0.011695906432748537,0.5757575757575758,0.33488756613756615,0.4234669342867298,HOW-profile+z(slot),Lamb_education_Mae,125,education,Lamb,False
6,6,0.42,1.0,0.5915492957746479,3.0,1.0,0.032568072610784836,0.42,0.5907986111111111,0.49096904950018894,HOW-profile+z(slot),Lamb_education_Williams,125,education,Lamb,False
6,4,0.5483870967741935,0.6666666666666666,0.6017699115044248,34.5,0.6666666666666666,0.06513693560325684,0.5483870967741935,0.2576809764309764,0.35061287565214094,HOW-profile+z(slot),Lamb_office_Caitlin,125,office,Lamb,True
6,5,0.5,0.8333333333333334,0.625,5.8,0.8333333333333334,0.028380634390651086,0.5,0.5505050505050505,0.5240384615384615,HOW-profile+z(slot),Lamb_office_Velma,125,office,Lamb,True
6,6,0.3728813559322034,1.0,0.54320987654321,2.0,1.0,0.06862745098039216,0.36077481840193704,0.5368055555555555,0.43152888017998947,HOW-profile+z(slot),Rat_retail_Jeffrey,125,retail,Rat,False
6,5,0.3626373626373626,0.8333333333333334,0.5053598774885145,2.0,0.8333333333333334,0.07462686567164178,0.35769230769230764,0.5100694444444445,0.4205023238634615,HOW-profile+z(slot),Robin_education_Zenia,125,education,Robin,False
6,6,0.7931034482758621,1.0,0.8846153846153846,20.666666666666668,1.0,0.005361930294906166,0.7931034482758621,0.29846781305114634,0.43371580054690567,HOW-profile+z(slot),Robin_office_Dina,125,office,Robin,True
6,4,0.8676470588235294,0.6666666666666666,0.7539936102236422,59.25,0.6666666666666666,0.008727272727272728,0.8676470588235294,0.2803593975468976,0.42378334258533457,HOW-profile+z(slot),Robin_office_Sammie,125,office,Robin,True
6,3,0.47619047619047616,0.5,0.4878048780487805,5.666666666666667,0.5,0.021645021645021644,0.47619047619047616,0.3130787037037037,0.3777801054432457,HOW-profile+z(slot),Shrew_office_Doris,125,office,Shrew,True
6,5,0.6285714285714286,0.8333333333333334,0.7166123778501629,5.4,0.8333333333333334,0.010133333333333333,0.6285714285714286,0.4991319444444444,0.5564230574677252,HOW-profile+z(slot),Shrew_office_Ila,125,office,Shrew,True
6,4,0.7714285714285715,0.6666666666666666,0.7152317880794701,12.75,0.6666666666666666,0.009085009733939001,0.7714285714285715,0.40218253968253964,0.5287187537736988,HOW-profile+z(slot),Shrew_office_Kenneth,125,office,Shrew,True
6,4,0.5373134328358209,0.6666666666666666,0.5950413223140495,4.25,0.6666666666666666,0.023515579071134628,0.5330490405117271,0.3531846240179573,0.4248647563082079,HOW-profile+z(slot),Shrew_office_Nora,125,office,Shrew,True
6,6,0.5192307692307693,1.0,0.6835443037974684,10.666666666666666,1.0,0.021984216459977453,0.5192307692307693,0.5853973765432098,0.5503324015254604,HOW-profile+z(slot),Shrew_office_Sherill,125,office,Shrew,True
6,5,0.4146341463414634,0.8333333333333334,0.5537459283387621,25.2,0.8333333333333334,0.045014245014245016,0.4146341463414634,0.375,0.39382239382239387,HOW-profile+z(slot),Wolf_office_Darleen,125,office,Wolf,True
6,6,0.569620253164557,1.0,0.7258064516129034,7.5,1.0,0.03535010197144799,0.5645569620253165,0.3332093253968254,0.4190748685934613,HOW-profile+z(slot),Wolf_retail_Harriett,125,retail,Wolf,False
6,3,0.5,0.5,0.5,45.333333333333336,0.5,0.010423053341508276,0.5,0.13136574074074073,0.2080659945004583,HOW-profile+z(slot),Wolf_retail_Marcella,125,retail,Wolf,False
6,6,0.5581395348837209,1.0,0.7164179104477612,17.333333333333332,1.0,0.038686987104337635,0.545219638242894,0.45868055555555554,0.4982201380454318,HOW-profile+z(slot),Wolf_retail_Toshia,125,retail,Wolf,False
6,4,0.37142857142857144,0.6666666666666666,0.4770642201834863,11.75,0.6666666666666666,0.08083441981747067,0.37142857142857144,0.12962962962962962,0.19218585005279828,Autoencoder(t),Fox_education_Henrietta,125,education,Fox,False
6,5,0.21428571428571427,0.8333333333333334,0.3409090909090909,34.8,0.8333333333333334,0.07439553626782393,0.20833333333333334,0.3060763888888889,0.24791877601529982,Autoencoder(t),Fox_retail_Manie,125,retail,Fox,False
6,6,0.5555555555555556,1.0,0.7142857142857143,13.666666666666666,1.0,0.027522935779816515,0.5555555555555556,0.40081018518518524,0.46566353355655066,Autoencoder(t),Hog_education_Bruno,125,education,Hog,False
6,6,0.4105263157894737,1.0,0.582089552238806,8.833333333333334,1.0,0.0762423417290674,0.4105263157894737,0.24552469135802468,0.30727594617013115,Autoencoder(t),Hog_education_Caridad,125,education,Hog,False
6,6,0.4326923076923077,1.0,0.6040268456375839,4.833333333333333,1.0,0.06442417331812998,0.4326923076923077,0.4268518518518518,0.42975223732184287,Autoencoder(t),Hog_education_Josh,125,education,Hog,False
6,6,0.36363636363636365,1.0,0.5333333333333333,6.833333333333333,1.0,0.07367758186397985,0.3552188552188552,0.37993827160493826,0.3671629722925474,Autoencoder(t),Hog_education_Luvenia,125,education,Hog,False
6,4,0.5283018867924528,0.6666666666666666,0.5894736842105263,19.5,0.6666666666666666,0.055299539170506916,0.5235849056603774,0.1402116402116402,0.22119035981501672,Autoencoder(t),Hog_office_Almeda,125,office,Hog,True
6,6,0.10606060606060606,1.0,0.19178082191780824,21.0,1.0,0.05461767626613704,0.10606060606060606,0.43174603174603177,0.170288882926393,Autoencoder(t),Hog_office_Cortney,125,office,Hog,True
6,3,0.4177215189873418,0.5,0.45517241379310347,19.0,0.5,0.03387007218212104,0.4177215189873418,0.11982323232323233,0.18622725826641018,Autoencoder(t),Hog_office_Denita,125,office,Hog,True
6,5,0.3069306930693069,0.8333333333333334,0.44862518089725034,11.8,0.8333333333333334,0.06336753168376584,0.3069306930693069,0.3483217592592593,0.3263189282257155,Autoencoder(t),Hog_office_Garrett,125,office,Hog,True
6,5,0.18072289156626506,0.8333333333333334,0.29702970297029707,8.2,0.8333333333333334,0.07700101317122594,0.18072289156626506,0.4131944444444444,0.25146157638937805,Autoencoder(t),Hog_office_Lavon,125,office,Hog,True
6,6,0.5294117647058824,1.0,0.6923076923076924,23.666666666666668,1.0,0.04793028322440087,0.5294117647058824,0.35324074074074074,0.42374502483724663,Autoencoder(t),Hog_office_Merilyn,125,office,Hog,True
6,5,0.19811320754716982,0.8333333333333334,0.32012195121951226,5.6,0.8333333333333334,0.0763888888888889,0.19811320754716982,0.2424603174603175,0.21805482385330457,Autoencoder(t),Hog_office_Miriam,125,office,Hog,True
6,6,0.24358974358974358,1.0,0.3917525773195876,4.0,1.0,0.048507462686567165,0.24358974358974358,0.4786706349206349,0.3228731928082131,Autoencoder(t),Hog_office_Napoleon,125,office,Hog,True
6,5,0.175,0.8333333333333334,0.2892561983471075,26.4,0.8333333333333334,0.05435385468663339,0.175,0.16157407407407406,0.16801925722145805,Autoencoder(t),Hog_office_Shawna,125,office,Hog,True
6,5,0.15454545454545454,0.8333333333333334,0.2607361963190184,12.0,0.8333333333333334,0.0738569753810082,0.15454545454545454,0.2744157848324515,0.19773214131366673,Autoencoder(t),Hog_office_Shawnna,125,office,Hog,True
6,4,0.6666666666666666,0.6666666666666666,0.6666666666666666,4.5,0.6666666666666666,0.035003977724741446,0.6666666666666666,0.2751839981006648,0.38956493974359785,Autoencoder(t),Hog_office_Sherrie,125,office,Hog,True
6,5,0.3017241379310345,0.8333333333333334,0.44303797468354433,6.4,0.8333333333333334,0.11142857142857143,0.3017241379310345,0.36452991452991457,0.33016676988410154,Autoencoder(t),Hog_office_Shon,125,office,Hog,True
6,6,0.46846846846846846,1.0,0.6380368098159509,13.666666666666666,1.0,0.047402597402597405,0.46846846846846846,0.3350694444444444,0.39069586374695864,Autoencoder(t),Hog_office_Sydney,125,office,Hog,True
6,5,0.3804347826086957,0.8333333333333334,0.5223880597014925,14.8,0.8333333333333334,0.05738786279683377,0.3804347826086957,0.2653589466089466,0.31264401804813685,Autoencoder(t),Hog_office_Valda,125,office,Hog,True
6,6,0.26262626262626265,1.0,0.4160000000000001,2.5,1.0,0.09994597514856834,0.2558922558922559,0.4901234567901234,0.3362363416523188,Autoencoder(t),Lamb_education_Armando,125,education,Lamb,False
6,4,0.3235294117647059,0.6666666666666666,0.43564356435643564,7.5,0.6666666666666666,0.10421686746987951,0.31151960784313726,0.23601190476190478,0.26855928590460965,Autoencoder(t),Lamb_education_Eula,125,education,Lamb,False
6,6,0.4583333333333333,1.0,0.6285714285714286,2.8333333333333335,1.0,0.12527798369162343,0.4583333333333333,0.24550439915023248,0.31974088463110506,Autoencoder(t),Lamb_education_Lazaro,125,education,Lamb,False
6,6,0.21100917431192662,1.0,0.3484848484848485,8.833333333333334,1.0,0.12827822120866592,0.20445609436435125,0.46041666666666664,0.2831669425017351,Autoencoder(t),Lamb_education_Lucas,125,education,Lamb,False
6,5,0.3069306930693069,0.8333333333333334,0.44862518089725034,27.6,0.8333333333333334,0.13515269655620532,0.29867986798679863,0.1382853835978836,0.18904505549460285,Autoencoder(t),Lamb_education_Mae,125,education,Lamb,False
6,6,0.18518518518518517,1.0,0.3125,15.833333333333334,1.0,0.09503470368392952,0.18518518518518517,0.4383680555555555,0.2603763856664088,Autoencoder(t),Lamb_education_Williams,125,education,Lamb,False
6,6,0.39215686274509803,1.0,0.5633802816901409,6.666666666666667,1.0,0.07475943745373798,0.39215686274509803,0.2551076238576238,0.3091231096563041,Autoencoder(t),Lamb_office_Caitlin,125,office,Lamb,True
6,5,0.26136363636363635,0.8333333333333334,0.39792387543252594,3.0,0.8333333333333334,0.09070673344462994,0.26136363636363635,0.4898989898989899,0.34087089381207025,Autoencoder(t),Lamb_office_Velma,125,office,Lamb,True
6,6,0.2727272727272727,1.0,0.42857142857142855,6.166666666666667,1.0,0.058307533539731685,0.2727272727272727,0.45,0.339622641509434,Autoencoder(t),Rat_retail_Jeffrey,125,retail,Rat,False
6,6,0.3595505617977528,1.0,0.5289256198347108,12.166666666666666,1.0,0.10758706467661691,0.3430711610486891,0.5649305555555556,0.42689650925142186,Autoencoder(t),Robin_education_Zenia,125,education,Robin,False
6,6,0.4421052631578947,1.0,0.6131386861313868,14.833333333333334,1.0,0.08646112600536193,0.4333333333333334,0.33717757936507936,0.37925558738640147,Autoencoder(t),Robin_office_Dina,125,office,Robin,True
6,6,0.5106382978723404,1.0,0.676056338028169,32.0,1.0,0.05890909090909091,0.5106382978723404,0.40162788600288596,0.4496200422893904,Autoencoder(t),Robin_office_Sammie,125,office,Robin,True
6,5,0.3157894736842105,0.8333333333333334,0.4580152671755725,23.8,0.8333333333333334,0.08348794063079777,0.3157894736842105,0.3194444444444445,0.31760644418872264,Autoencoder(t),Shrew_office_Doris,125,office,Shrew,True
6,4,0.26605504587155965,0.6666666666666666,0.380327868852459,4.5,0.6666666666666666,0.08853333333333334,0.26605504587155965,0.2982638888888889,0.2812402978250194,Autoencoder(t),Shrew_office_Ila,125,office,Shrew,True
6,6,0.43956043956043955,1.0,0.6106870229007634,31.5,1.0,0.04737183646982479,0.43772893772893773,0.23897156084656088,0.3091611952318391,Autoencoder(t),Shrew_office_Kenneth,125,office,Shrew,True
6,3,0.367816091954023,0.5,0.423841059602649,26.0,0.5,0.05173427395649618,0.367816091954023,0.06987934904601571,0.11744581581965488,Autoencoder(t),Shrew_office_Nora,125,office,Shrew,True
6,6,0.37777777777777777,1.0,0.5483870967741935,2.3333333333333335,1.0,0.05129650507328072,0.37407407407407406,0.5826388888888889,0.45562276527676965,Autoencoder(t),Shrew_office_Sherill,125,office,Shrew,True
6,6,0.26262626262626265,1.0,0.4160000000000001,6.166666666666667,1.0,0.09287749287749288,0.26262626262626265,0.27291666666666664,0.26767260010216515,Autoencoder(t),Wolf_office_Darleen,125,office,Wolf,True
6,6,0.373015873015873,1.0,0.5433526011560694,12.166666666666666,1.0,0.11352821210061183,0.36706349206349204,0.2237929894179894,0.2780581707054353,Autoencoder(t),Wolf_retail_Harriett,125,retail,Wolf,False
6,5,0.32653061224489793,0.8333333333333334,0.46920821114369493,10.2,0.8333333333333334,0.09625996321275292,0.32653061224489793,0.2207175925925926,0.26339437938907906,Autoencoder(t),Wolf_retail_Marcella,125,retail,Wolf,False
6,5,0.20408163265306123,0.8333333333333334,0.3278688524590165,25.2,0.8333333333333334,0.09495896834701055,0.20204081632653062,0.3254629629629629,0.2493131056223245,Autoencoder(t),Wolf_retail_Toshia,125,retail,Wolf,False
6,4,0.33962264150943394,0.6666666666666666,0.44999999999999996,58.5,0.6666666666666666,0.06584093872229466,0.33962264150943394,0.10613425925925928,0.16172760274543044,IsolationForest(t),Fox_education_Henrietta,125,education,Fox,False
6,5,0.3023255813953488,0.8333333333333334,0.44368600682593856,33.6,0.8333333333333334,0.06819590824550527,0.28964059196617337,0.475462962962963,0.35998623497008414,IsolationForest(t),Fox_retail_Manie,125,retail,Fox,False
6,5,0.7714285714285715,0.8333333333333334,0.8011869436201781,5.4,0.8333333333333334,0.007339449541284404,0.7714285714285715,0.5840443121693121,0.6647841868910679,IsolationForest(t),Hog_education_Bruno,125,education,Hog,False
6,6,0.5116279069767442,1.0,0.676923076923077,8.5,1.0,0.05445881552076242,0.5116279069767442,0.3629188712522045,0.4246300532423176,IsolationForest(t),Hog_education_Caridad,125,education,Hog,False
6,6,0.5853658536585366,1.0,0.7384615384615384,17.666666666666668,1.0,0.036488027366020526,0.5853658536585366,0.4088734567901235,0.4814546308056612,IsolationForest(t),Hog_education_Josh,125,education,Hog,False
6,6,0.5405405405405406,1.0,0.7017543859649124,6.0,1.0,0.0787153652392947,0.536036036036036,0.3996141975308642,0.4578796706362385,IsolationForest(t),Hog_education_Luvenia,125,education,Hog,False
6,4,0.48936170212765956,0.6666666666666666,0.5644171779141104,16.0,0.6666666666666666,0.03686635944700461,0.48936170212765956,0.3527777777777778,0.40999368376728196,IsolationForest(t),Hog_office_Almeda,125,office,Hog,True
6,6,0.3448275862068966,1.0,0.5128205128205129,16.0,1.0,0.02730883813306852,0.3448275862068966,0.47400793650793643,0.39922794762744296,IsolationForest(t),Hog_office_Cortney,125,office,Hog,True
6,4,0.5555555555555556,0.6666666666666666,0.606060606060606,9.0,0.6666666666666666,0.03053858967240422,0.5555555555555556,0.4131313131313132,0.47387324759587535,IsolationForest(t),Hog_office_Denita,125,office,Hog,True
6,5,0.68,0.8333333333333334,0.748898678414097,19.6,0.8333333333333334,0.013277006638503319,0.68,0.359375,0.47023451593505705,IsolationForest(t),Hog_office_Garrett,125,office,Hog,True
6,3,0.09090909090909091,0.5,0.15384615384615385,0.3333333333333333,0.5,0.05876393110435663,0.09090909090909091,0.4444444444444444,0.1509433962264151,IsolationForest(t),Hog_office_Lavon,125,office,Hog,True
6,6,0.7419354838709677,1.0,0.8518518518518519,50.666666666666664,1.0,0.020334059549745823,0.7419354838709677,0.3788773148148148,0.5016047715095178,IsolationForest(t),Hog_office_Merilyn,125,office,Hog,True
6,5,0.20588235294117646,0.8333333333333334,0.330188679245283,12.2,0.8333333333333334,0.07233796296296297,0.20588235294117646,0.3044146825396825,0.24563580328093818,IsolationForest(t),Hog_office_Miriam,125,office,Hog,True
6,6,0.19298245614035087,1.0,0.3235294117647059,5.166666666666667,1.0,0.062366737739872065,0.19298245614035087,0.47784391534391535,0.27493102941303654,IsolationForest(t),Hog_office_Napoleon,125,office,Hog,True
6,5,0.2765957446808511,0.8333333333333334,0.415335463258786,39.2,0.8333333333333334,0.04603438713255685,0.26595744680851063,0.2134259259259259,0.23681344648324326,IsolationForest(t),Hog_office_Shawna,125,office,Hog,True
6,3,0.08108108108108109,0.5,0.13953488372093023,30.333333333333332,0.5,0.043962485345838215,0.08108108108108109,0.29243827160493824,0.12696108536653455,IsolationForest(t),Hog_office_Shawnna,125,office,Hog,True
6,5,0.9534883720930233,0.8333333333333334,0.8893709327548808,31.6,0.8333333333333334,0.0015910898965791568,0.9534883720930233,0.41976495726495733,0.5829092086765684,IsolationForest(t),Hog_office_Sherrie,125,office,Hog,True
6,5,0.11475409836065574,0.8333333333333334,0.2017291066282421,16.4,0.8333333333333334,0.14285714285714285,0.10819672131147541,0.3063034188034188,0.15990839294693301,IsolationForest(t),Hog_office_Shon,125,office,Hog,True
6,5,0.6041666666666666,0.8333333333333334,0.7004830917874396,49.0,0.8333333333333334,0.033766233766233764,0.6041666666666666,0.3128116096866097,0.4122024531935207,IsolationForest(t),Hog_office_Sydney,125,office,Hog,True
6,3,0.47619047619047616,0.5,0.4878048780487805,2.0,0.5,0.07453825857519789,0.4547619047619048,0.2664141414141414,0.33599286345522156,IsolationForest(t),Hog_office_Valda,125,office,Hog,True
6,6,0.30612244897959184,1.0,0.46874999999999994,4.166666666666667,1.0,0.05402485143165856,0.3020408163265306,0.5608024691358025,0.39262108990035405,IsolationForest(t),Lamb_education_Armando,125,education,Lamb,False
6,5,0.2535211267605634,0.8333333333333334,0.3887688984881209,7.0,0.8333333333333334,0.0789156626506024,0.2535211267605634,0.33968253968253964,0.290344463706942,IsolationForest(t),Lamb_education_Eula,125,education,Lamb,False
6,6,0.5813953488372093,1.0,0.7352941176470588,13.166666666666666,1.0,0.05337286879169755,0.5697674418604651,0.3135709776334776,0.4045166152068104,IsolationForest(t),Lamb_education_Lazaro,125,education,Lamb,False
6,6,0.2191780821917808,1.0,0.3595505617977528,16.833333333333332,1.0,0.11744583808437856,0.2191780821917808,0.3925925925925926,0.2813070160889036,IsolationForest(t),Lamb_education_Lucas,125,education,Lamb,False
6,4,0.34285714285714286,0.6666666666666666,0.4528301886792453,20.0,0.6666666666666666,0.06692657569850552,0.33428571428571424,0.2900793650793651,0.31061758884308777,IsolationForest(t),Lamb_education_Mae,125,education,Lamb,False
6,6,0.2545454545454545,1.0,0.4057971014492754,1.1666666666666667,1.0,0.08222103577148959,0.2545454545454545,0.46197916666666666,0.32823630476442206,IsolationForest(t),Lamb_education_Williams,125,education,Lamb,False
6,5,0.4166666666666667,0.8333333333333334,0.5555555555555556,14.6,0.8333333333333334,0.12139156180606958,0.3861111111111111,0.2699239417989418,0.3177288549481508,IsolationForest(t),Lamb_office_Caitlin,125,office,Lamb,True
6,5,0.3050847457627119,0.8333333333333334,0.44665012406947896,11.4,0.8333333333333334,0.10072342793544797,0.2953995157384988,0.5094696969696969,0.3739666007646157,IsolationForest(t),Lamb_office_Velma,125,office,Lamb,True
6,6,0.36666666666666664,1.0,0.5365853658536585,13.166666666666666,1.0,0.033023735810113516,0.3416666666666667,0.5673611111111111,0.4264960529666412,IsolationForest(t),Rat_retail_Jeffrey,125,retail,Rat,False
6,0,0.0,0.0,0.0,,0.0,0.0,0.0,0.0,0.0,IsolationForest(t),Robin_education_Zenia,125,education,Robin,False
6,6,0.6136363636363636,1.0,0.7605633802816901,9.833333333333334,1.0,0.06099195710455764,0.6136363636363636,0.3488618827160494,0.44483060188938794,IsolationForest(t),Robin_office_Dina,125,office,Robin,True
6,4,0.6470588235294118,0.6666666666666666,0.6567164179104478,41.25,0.6666666666666666,0.03127272727272727,0.6470588235294118,0.2674512987012987,0.37846868718510973,IsolationForest(t),Robin_office_Sammie,125,office,Robin,True
6,4,0.5245901639344263,0.6666666666666666,0.5871559633027523,12.25,0.6666666666666666,0.06369820655534941,0.5245901639344263,0.3423611111111111,0.4143237955169199,IsolationForest(t),Shrew_office_Doris,125,office,Shrew,True
6,5,0.48484848484848486,0.8333333333333334,0.6130268199233716,17.8,0.8333333333333334,0.031466666666666664,0.48484848484848486,0.43159722222222224,0.45667573680524465,IsolationForest(t),Shrew_office_Ila,125,office,Shrew,True
6,4,0.48484848484848486,0.6666666666666666,0.5614035087719298,32.75,0.6666666666666666,0.04153147306943543,0.4621212121212121,0.28859126984126987,0.35530019982620326,IsolationForest(t),Shrew_office_Kenneth,125,office,Shrew,True
6,3,0.22448979591836735,0.5,0.30985915492957744,26.666666666666668,0.5,0.08289241622574955,0.22448979591836735,0.2311868686868687,0.22778911891607623,IsolationForest(t),Shrew_office_Nora,125,office,Shrew,True
6,6,0.3939393939393939,1.0,0.5652173913043478,29.333333333333332,1.0,0.032130777903043965,0.3939393939393939,0.42181712962962964,0.40740191368016904,IsolationForest(t),Shrew_office_Sherill,125,office,Shrew,True
6,5,0.2553191489361702,0.8333333333333334,0.3908794788273615,40.4,0.8333333333333334,0.0660968660968661,0.2553191489361702,0.3595486111111111,0.29859963834503805,IsolationForest(t),Wolf_office_Darleen,125,office,Wolf,True
6,5,0.1864406779661017,0.8333333333333334,0.3047091412742382,30.0,0.8333333333333334,0.10605030591434399,0.1864406779661017,0.21475418871252205,0.19959834915682428,IsolationForest(t),Wolf_retail_Harriett,125,retail,Wolf,False
6,5,0.2727272727272727,0.8333333333333334,0.4109589041095891,52.0,0.8333333333333334,0.06069895769466585,0.2727272727272727,0.21805555555555556,0.24234628248006174,IsolationForest(t),Wolf_retail_Marcella,125,retail,Wolf,False
6,6,0.2926829268292683,1.0,0.45283018867924524,26.833333333333332,1.0,0.08558030480656506,0.2791327913279133,0.4393518518518518,0.34137823249706195,IsolationForest(t),Wolf_retail_Toshia,125,retail,Wolf,False
6,2,0.8888888888888888,0.3333333333333333,0.48484848484848486,19.5,0.3333333333333333,0.001955671447196871,0.8888888888888888,0.06944444444444445,0.1288244766505636,OC-SVM(t),Fox_education_Henrietta,125,education,Fox,False
6,6,0.75,1.0,0.8571428571428571,51.5,1.0,0.007439553626782393,0.7023809523809524,0.4529513888888888,0.5507409713128537,OC-SVM(t),Fox_retail_Manie,125,retail,Fox,False
6,5,0.9,0.8333333333333334,0.8653846153846153,58.6,0.8333333333333334,0.0006116207951070336,0.9,0.4295304232804233,0.5815246859843304,OC-SVM(t),Hog_education_Bruno,125,education,Hog,False
6,2,0.4,0.3333333333333333,0.3636363636363636,2.0,0.3333333333333333,0.02450646698434309,0.4,0.13888888888888887,0.20618556701030927,OC-SVM(t),Hog_education_Caridad,125,education,Hog,False
6,6,0.41935483870967744,1.0,0.5909090909090909,50.5,1.0,0.03819840364880274,0.41935483870967744,0.31535493827160493,0.35999417298773273,OC-SVM(t),Hog_education_Josh,125,education,Hog,False
6,5,0.6470588235294118,0.8333333333333334,0.728476821192053,28.0,0.8333333333333334,0.014483627204030227,0.6470588235294118,0.34398148148148144,0.4491769943117803,OC-SVM(t),Hog_education_Luvenia,125,education,Hog,False
6,4,0.6,0.6666666666666666,0.631578947368421,36.5,0.6666666666666666,0.03489137590520079,0.6,0.24672619047619046,0.3496660808435852,OC-SVM(t),Hog_office_Almeda,125,office,Hog,True
6,5,0.45454545454545453,0.8333333333333334,0.5882352941176471,1.2,0.8333333333333334,0.025819265143992055,0.45454545454545453,0.5166666666666667,0.483619344773791,OC-SVM(t),Hog_office_Cortney,125,office,Hog,True
6,4,0.5,0.6666666666666666,0.5714285714285715,68.5,0.6666666666666666,0.02220988339811216,0.5,0.2758838383838384,0.355573637103336,OC-SVM(t),Hog_office_Denita,125,office,Hog,True
6,3,0.5,0.5,0.5,2.0,0.5,0.022329511164755584,0.5,0.3,0.37499999999999994,OC-SVM(t),Hog_office_Garrett,125,office,Hog,True
6,3,0.42857142857142855,0.5,0.4615384615384615,0.6666666666666666,0.5,0.021783181357649443,0.42857142857142855,0.3888888888888889,0.4077669902912621,OC-SVM(t),Hog_office_Lavon,125,office,Hog,True
6,5,0.8571428571428571,0.8333333333333334,0.8450704225352113,104.6,0.8333333333333334,0.0036310820624546117,0.8571428571428571,0.3101851851851852,0.4555240793201133,OC-SVM(t),Hog_office_Merilyn,125,office,Hog,True
6,3,0.23076923076923078,0.5,0.3157894736842105,2.0,0.5,0.02199074074074074,0.23076923076923078,0.25,0.24000000000000002,OC-SVM(t),Hog_office_Miriam,125,office,Hog,True
6,5,0.30434782608695654,0.8333333333333334,0.4458598726114649,23.2,0.8333333333333334,0.03571428571428571,0.30434782608695654,0.46064814814814814,0.3665307196421524,OC-SVM(t),Hog_office_Napoleon,125,office,Hog,True
6,2,0.16666666666666666,0.3333333333333333,0.2222222222222222,1.0,0.3333333333333333,0.03050471436494731,0.16666666666666666,0.19444444444444442,0.17948717948717946,OC-SVM(t),Hog_office_Shawna,125,office,Hog,True
6,2,0.25,0.3333333333333333,0.28571428571428575,1.0,0.3333333333333333,0.022274325908558032,0.25,0.25,0.25,OC-SVM(t),Hog_office_Shawnna,125,office,Hog,True
6,5,1.0,0.8333333333333334,0.9090909090909091,101.8,0.8333333333333334,0.0,1.0,0.3321699905033238,0.49869009641603246,OC-SVM(t),Hog_office_Sherrie,125,office,Hog,True
6,5,0.5357142857142857,0.8333333333333334,0.6521739130434783,29.2,0.8333333333333334,0.02857142857142857,0.5357142857142857,0.3329059829059829,0.4106339612032611,OC-SVM(t),Hog_office_Shon,125,office,Hog,True
6,6,0.9444444444444444,1.0,0.9714285714285714,56.333333333333336,1.0,0.0006493506493506494,0.9444444444444444,0.30909455128205127,0.46575755961576015,OC-SVM(t),Hog_office_Sydney,125,office,Hog,True
6,2,0.2857142857142857,0.3333333333333333,0.30769230769230765,1.0,0.3333333333333333,0.026385224274406333,0.2857142857142857,0.2222222222222222,0.25,OC-SVM(t),Hog_office_Valda,125,office,Hog,True
6,6,0.6086956521739131,1.0,0.7567567567567568,22.333333333333332,1.0,0.012965964343598054,0.6086956521739131,0.41759259259259257,0.49535166516298595,OC-SVM(t),Lamb_education_Armando,125,education,Lamb,False
6,4,0.5384615384615384,0.6666666666666666,0.5957446808510638,14.0,0.6666666666666666,0.019879518072289156,0.5384615384615384,0.31875000000000003,0.4004486819966349,OC-SVM(t),Lamb_education_Eula,125,education,Lamb,False
6,4,0.5862068965517241,0.6666666666666666,0.6238532110091743,9.5,0.6666666666666666,0.028169014084507043,0.5862068965517241,0.2045454545454545,0.3032705649157581,OC-SVM(t),Lamb_education_Lazaro,125,education,Lamb,False
6,5,0.35,0.8333333333333334,0.49295774647887325,27.0,0.8333333333333334,0.03876852907639681,0.35,0.3613425925925926,0.35558086560364466,OC-SVM(t),Lamb_education_Lucas,125,education,Lamb,False
6,4,0.3103448275862069,0.6666666666666666,0.4235294117647059,23.0,0.6666666666666666,0.037037037037037035,0.29310344827586204,0.16785714285714284,0.21346513491851452,OC-SVM(t),Lamb_education_Mae,125,education,Lamb,False
6,4,0.19047619047619047,0.6666666666666666,0.2962962962962963,17.0,0.6666666666666666,0.02616123865456487,0.19047619047619047,0.3125,0.23668639053254437,OC-SVM(t),Lamb_education_Williams,125,education,Lamb,False
6,3,0.6,0.5,0.5454545454545454,14.0,0.5,0.008142116950407105,0.6,0.15575396825396826,0.2473090049881859,OC-SVM(t),Lamb_office_Caitlin,125,office,Lamb,True
6,5,0.5217391304347826,0.8333333333333334,0.6417112299465241,14.6,0.8333333333333334,0.027824151363383415,0.5217391304347826,0.3794191919191919,0.43934086686363494,OC-SVM(t),Lamb_office_Velma,125,office,Lamb,True
6,5,0.8333333333333334,0.8333333333333334,0.8333333333333334,2.2,0.8333333333333334,0.006191950464396285,0.8333333333333334,0.39999999999999997,0.5405405405405405,OC-SVM(t),Rat_retail_Jeffrey,125,retail,Rat,False
6,6,0.38181818181818183,1.0,0.5526315789473685,11.5,1.0,0.16169154228855723,0.33573002754820935,0.5988425925925925,0.43024894112104906,OC-SVM(t),Robin_education_Zenia,125,education,Robin,False
6,6,0.7083333333333334,1.0,0.8292682926829268,44.833333333333336,1.0,0.021447721179624665,0.7083333333333334,0.22350363756613756,0.33979136169394786,OC-SVM(t),Robin_office_Dina,125,office,Robin,True
6,4,0.7142857142857143,0.6666666666666666,0.689655172413793,23.25,0.6666666666666666,0.017454545454545455,0.7142857142857143,0.33062770562770566,0.45202337796848413,OC-SVM(t),Robin_office_Sammie,125,office,Robin,True
6,3,0.6,0.5,0.5454545454545454,55.666666666666664,0.5,0.014842300556586271,0.6,0.2662037037037037,0.36878674505611975,OC-SVM(t),Shrew_office_Doris,125,office,Shrew,True
6,5,0.5789473684210527,0.8333333333333334,0.6832298136645962,28.0,0.8333333333333334,0.013333333333333334,0.5789473684210527,0.3128472222222222,0.4061968482960716,OC-SVM(t),Shrew_office_Ila,125,office,Shrew,True
6,3,0.8571428571428571,0.5,0.631578947368421,48.333333333333336,0.5,0.003893575600259572,0.8571428571428571,0.19444444444444442,0.3169811320754717,OC-SVM(t),Shrew_office_Kenneth,125,office,Shrew,True
6,2,0.2857142857142857,0.3333333333333333,0.30769230769230765,2.0,0.3333333333333333,0.015873015873015872,0.2857142857142857,0.15,0.1967213114754098,OC-SVM(t),Shrew_office_Nora,125,office,Shrew,True
6,5,0.6153846153846154,0.8333333333333334,0.7079646017699115,27.2,0.8333333333333334,0.009582863585118376,0.6153846153846154,0.30756172839506174,0.41014032334821027,OC-SVM(t),Shrew_office_Sherill,125,office,Shrew,True
6,5,0.46153846153846156,0.8333333333333334,0.594059405940594,46.8,0.8333333333333334,0.008547008547008548,0.46153846153846156,0.2295138888888889,0.30657442121130135,OC-SVM(t),Wolf_office_Darleen,125,office,Wolf,True
6,5,0.3225806451612903,0.8333333333333334,0.4651162790697674,35.0,0.8333333333333334,0.03195105370496261,0.3225806451612903,0.15039406966490299,0.2051450722424527,OC-SVM(t),Wolf_retail_Harriett,125,retail,Wolf,False
6,4,0.2222222222222222,0.6666666666666666,0.3333333333333333,29.5,0.6666666666666666,0.025137952176578784,0.2222222222222222,0.15601851851851853,0.18332653338773286,OC-SVM(t),Wolf_retail_Marcella,125,retail,Wolf,False
6,4,0.38461538461538464,0.6666666666666666,0.4878048780487804,6.25,0.6666666666666666,0.01875732708089097,0.38461538461538464,0.24479166666666663,0.299172501591343,OC-SVM(t),Wolf_retail_Toshia,125,retail,Wolf,False
6,2,0.4,0.3333333333333333,0.3636363636363636,85.0,0.3333333333333333,0.11538461538461539,0.1597222222222222,0.2152777777777778,0.18338477366255143,LSTM-AE(t),Fox_education_Henrietta,125,education,Fox,False
6,3,0.75,0.5,0.6,98.66666666666667,0.5,0.08493490390576565,0.29388727390180874,0.23194444444444443,0.2592674351742365,LSTM-AE(t),Fox_retail_Manie,125,retail,Fox,False
6,4,1.0,0.6666666666666666,0.8,18.25,0.6666666666666666,0.08623853211009175,0.7232672652423876,0.6105324074074074,0.6621355720835425,LSTM-AE(t),Hog_education_Bruno,125,education,Hog,False
6,3,0.6666666666666666,0.5,0.5714285714285715,50.333333333333336,0.5,0.0987066031313819,0.08796296296296297,0.35019841269841273,0.14060796645702306,LSTM-AE(t),Hog_education_Caridad,125,education,Hog,False
6,4,0.8,0.6666666666666666,0.7272727272727272,35.5,0.6666666666666666,0.08209806157354618,0.5178603603603603,0.44328703703703703,0.47768070821329367,LSTM-AE(t),Hog_education_Josh,125,education,Hog,False
6,4,1.0,0.6666666666666666,0.8,59.25,0.6666666666666666,0.10327455919395466,0.4513888888888889,0.4388888888888889,0.4450511353787485,LSTM-AE(t),Hog_education_Luvenia,125,education,Hog,False
6,3,1.0,0.5,0.6666666666666666,88.0,0.5,0.015141540487162607,0.8935185185185185,0.18303571428571427,0.3038319766548917,LSTM-AE(t),Hog_office_Almeda,125,office,Hog,True
6,5,1.0,0.8333333333333334,0.9090909090909091,10.0,0.8333333333333334,0.1365441906653426,0.28298611111111116,0.6785714285714285,0.3994067578024246,LSTM-AE(t),Hog_office_Cortney,125,office,Hog,True
6,2,1.0,0.3333333333333333,0.5,59.5,0.3333333333333333,0.012770682953914493,0.6805555555555555,0.19065656565656566,0.29786634460547506,LSTM-AE(t),Hog_office_Denita,125,office,Hog,True
6,4,1.0,0.6666666666666666,0.8,28.75,0.6666666666666666,0.12070006035003017,0.24739583333333334,0.5668402777777778,0.3444551794598436,LSTM-AE(t),Hog_office_Garrett,125,office,Hog,True
6,3,0.75,0.5,0.6,0.0,0.5,0.10688956433637285,0.019097222222222224,0.5,0.03678929765886288,LSTM-AE(t),Hog_office_Lavon,125,office,Hog,True
6,6,1.0,1.0,1.0,15.333333333333334,1.0,0.1539578794480755,0.4652777777777778,0.5122685185185185,0.48764372352461394,LSTM-AE(t),Hog_office_Merilyn,125,office,Hog,True
6,3,0.5,0.5,0.5,0.0,0.5,0.18344907407407407,0.024975633528265106,0.39999999999999997,0.04701565277220343,LSTM-AE(t),Hog_office_Miriam,125,office,Hog,True
6,4,0.75,0.6666666666666666,0.7058823529411765,18.25,0.6666666666666666,0.09968017057569296,0.20572916666666666,0.5821759259259259,0.30402283021177623,LSTM-AE(t),Hog_office_Napoleon,125,office,Hog,True
6,2,1.0,0.3333333333333333,0.5,0.0,0.3333333333333333,0.07709373266777593,0.034722222222222224,0.3333333333333333,0.06289308176100629,LSTM-AE(t),Hog_office_Shawna,125,office,Hog,True
6,3,0.5,0.5,0.5,2.3333333333333335,0.5,0.16588511137162953,0.17824074074074073,0.4166666666666667,0.24967574578469517,LSTM-AE(t),Hog_office_Shawnna,125,office,Hog,True
6,4,0.8,0.6666666666666666,0.7272727272727272,36.0,0.6666666666666666,0.09307875894988067,0.6083333333333333,0.4646367521367521,0.5268628231936008,LSTM-AE(t),Hog_office_Sherrie,125,office,Hog,True
6,3,0.6666666666666666,0.5,0.5714285714285715,97.0,0.5,0.02857142857142857,0.49652777777777785,0.2983974358974359,0.37277120713213724,LSTM-AE(t),Hog_office_Shon,125,office,Hog,True
6,3,1.0,0.5,0.6666666666666666,92.0,0.5,0.06883116883116883,0.5710378614916286,0.3455528846153846,0.4305602715303759,LSTM-AE(t),Hog_office_Sydney,125,office,Hog,True
6,2,1.0,0.3333333333333333,0.5,76.5,0.3333333333333333,0.04683377308707124,0.5069444444444444,0.2272727272727273,0.3138435081685297,LSTM-AE(t),Hog_office_Valda,125,office,Hog,True
6,2,1.0,0.3333333333333333,0.5,47.0,0.3333333333333333,0.018368449486763912,0.49503968253968256,0.26080246913580246,0.34162575146241475,LSTM-AE(t),Lamb_education_Armando,125,education,Lamb,False
6,2,0.6666666666666666,0.3333333333333333,0.4444444444444444,0.0,0.3333333333333333,0.08012048192771085,0.125,0.17222222222222225,0.14485981308411214,LSTM-AE(t),Lamb_education_Eula,125,education,Lamb,False
6,1,0.5,0.16666666666666666,0.25,18.0,0.16666666666666666,0.1245366938472943,0.5,0.00954861111111111,0.018739352640545142,LSTM-AE(t),Lamb_education_Lazaro,125,education,Lamb,False
6,2,0.5,0.3333333333333333,0.4,78.0,0.3333333333333333,0.10433295324971494,0.42517006802721086,0.05416666666666667,0.0960913015197209,LSTM-AE(t),Lamb_education_Lucas,125,education,Lamb,False
6,2,0.6666666666666666,0.3333333333333333,0.4444444444444444,60.0,0.3333333333333333,0.023391812865497075,0.6196078431372549,0.15591931216931218,0.2491436387639637,LSTM-AE(t),Lamb_education_Mae,125,education,Lamb,False
6,3,1.0,0.5,0.6666666666666666,14.333333333333334,0.5,0.06193272824345969,0.3630007558578987,0.43333333333333335,0.3950611424865138,LSTM-AE(t),Lamb_education_Williams,125,education,Lamb,False
6,3,1.0,0.5,0.6666666666666666,0.0,0.5,0.15099925980754997,0.24206349206349206,0.3529040404040404,0.2871591464133529,LSTM-AE(t),Lamb_office_Caitlin,125,office,Lamb,True
6,5,1.0,0.8333333333333334,0.9090909090909091,11.6,0.8333333333333334,0.13856427378964942,0.2925347222222222,0.773358585858586,0.4244969686500004,LSTM-AE(t),Lamb_office_Velma,125,office,Lamb,True
6,4,0.42857142857142855,0.6666666666666666,0.5217391304347826,50.25,0.6666666666666666,0.17905056759545923,0.10416666666666666,0.5270833333333333,0.17395489548954896,LSTM-AE(t),Rat_retail_Jeffrey,125,retail,Rat,False
6,2,0.75,0.3333333333333333,0.46153846153846156,141.5,0.3333333333333333,0.06032338308457712,0.75,0.056712962962962965,0.1054519368723099,LSTM-AE(t),Robin_education_Zenia,125,education,Robin,False
6,2,0.6666666666666666,0.3333333333333333,0.4444444444444444,87.0,0.3333333333333333,0.10120643431635389,0.4299768518518518,0.17993551587301584,0.2537023701946609,LSTM-AE(t),Robin_office_Dina,125,office,Robin,True
6,3,0.75,0.5,0.6,27.333333333333332,0.5,0.07054545454545455,0.5034722222222222,0.39826839826839827,0.44473337667316765,LSTM-AE(t),Robin_office_Sammie,125,office,Robin,True
6,2,1.0,0.3333333333333333,0.5,38.5,0.3333333333333333,0.0,1.0,0.21168981481481483,0.34941255134205756,LSTM-AE(t),Shrew_office_Doris,125,office,Shrew,True
6,3,1.0,0.5,0.6666666666666666,17.333333333333332,0.5,0.037866666666666667,0.5208333333333334,0.4548611111111111,0.4856168446026098,LSTM-AE(t),Shrew_office_Ila,125,office,Shrew,True
6,3,1.0,0.5,0.6666666666666666,88.66666666666667,0.5,0.08565866320571058,0.34742063492063496,0.2685515873015873,0.3029369169689672,LSTM-AE(t),Shrew_office_Kenneth,125,office,Shrew,True
6,1,0.3333333333333333,0.16666666666666666,0.2222222222222222,0.0,0.16666666666666666,0.0975896531452087,0.009259259259259259,0.16666666666666666,0.017543859649122806,LSTM-AE(t),Shrew_office_Nora,125,office,Shrew,True
6,4,1.0,0.6666666666666666,0.8,26.75,0.6666666666666666,0.12175873731679819,0.234375,0.5841049382716049,0.33452156493047375,LSTM-AE(t),Shrew_office_Sherill,125,office,Shrew,True
6,2,0.25,0.3333333333333333,0.28571428571428575,55.5,0.3333333333333333,0.10313390313390314,0.041666666666666664,0.17916666666666667,0.06761006289308176,LSTM-AE(t),Wolf_office_Darleen,125,office,Wolf,True
6,1,1.0,0.16666666666666666,0.2857142857142857,0.0,0.16666666666666666,0.04758667573079538,0.027777777777777776,0.16666666666666666,0.04761904761904762,LSTM-AE(t),Wolf_retail_Harriett,125,retail,Wolf,False
6,2,0.2,0.3333333333333333,0.25,49.5,0.3333333333333333,0.11833231146535868,0.06944444444444445,0.19583333333333333,0.1025305410122164,LSTM-AE(t),Wolf_retail_Marcella,125,retail,Wolf,False
6,2,0.5,0.3333333333333333,0.4,0.0,0.3333333333333333,0.1025791324736225,0.04194078947368421,0.3333333333333333,0.07450693937180422,LSTM-AE(t),Wolf_retail_Toshia,125,retail,Wolf,False
