model,building_id,seed,type,severity,severity_name,duration_h,true_kwh,detected,delay_h,range_cov,oracle_clip_kwh
PatchTST-SSL(HoW-cond),Fox_education_Henrietta,125,drift,3,obvious,120,543.6776343474405,True,17.0,0.24166666666666667,719.3363344665258
PatchTST-SSL(HoW-cond),Fox_education_Henrietta,125,drift,3,obvious,240,2141.019036959888,True,6.0,0.2708333333333333,3262.8627174504995
PatchTST-SSL(HoW-cond),Fox_education_Henrietta,125,drift,1,subtle,288,476.4946025631397,False,,0.0,823.2188887530327
PatchTST-SSL(HoW-cond),Fox_education_Henrietta,125,spike,1,subtle,4,62.13982155094737,False,,0.0,101.12940261205475
PatchTST-SSL(HoW-cond),Fox_education_Henrietta,125,spike,2,moderate,5,140.44990776891177,False,,0.0,124.04037126449504
PatchTST-SSL(HoW-cond),Fox_education_Henrietta,125,spike,1,subtle,5,66.13491765552413,True,3.0,0.4,33.14378654631399
PatchTST-SSL(HoW-cond),Fox_retail_Manie,125,schedule,3,obvious,144,368.04709591272024,True,87.0,0.1111111111111111,1425.7348026024927
PatchTST-SSL(HoW-cond),Fox_retail_Manie,125,spike,1,subtle,1,123.19706914419866,True,0.0,1.0,127.15221710292505
PatchTST-SSL(HoW-cond),Fox_retail_Manie,125,spike,2,moderate,5,421.05161512855886,True,1.0,0.8,544.9439128983631
PatchTST-SSL(HoW-cond),Fox_retail_Manie,125,drift,3,obvious,240,8151.129348647555,True,164.0,0.058333333333333334,8856.162484016988
PatchTST-SSL(HoW-cond),Fox_retail_Manie,125,spike,1,subtle,1,120.95524489933428,True,0.0,1.0,167.6879393232584
PatchTST-SSL(HoW-cond),Fox_retail_Manie,125,schedule,3,obvious,192,426.66194710076456,False,,0.0,1550.6839836525746
PatchTST-SSL(HoW-cond),Hog_education_Bruno,125,spike,1,subtle,5,400.40328920967283,True,1.0,0.8,427.91577209279
PatchTST-SSL(HoW-cond),Hog_education_Bruno,125,drift,1,subtle,288,10943.930462314776,True,46.0,0.3993055555555556,14296.112440270172
PatchTST-SSL(HoW-cond),Hog_education_Bruno,125,drift,3,obvious,168,19882.024337608516,True,3.0,0.9285714285714286,24758.730065420514
PatchTST-SSL(HoW-cond),Hog_education_Bruno,125,schedule,3,obvious,96,3.769674119454777,False,,0.0,1671.3716314208648
PatchTST-SSL(HoW-cond),Hog_education_Bruno,125,spike,3,obvious,1,404.27360964432347,True,0.0,1.0,422.2924603395523
PatchTST-SSL(HoW-cond),Hog_education_Bruno,125,spike,2,moderate,3,327.13560661465135,True,2.0,0.3333333333333333,347.4602170557874
PatchTST-SSL(HoW-cond),Hog_education_Caridad,125,drift,1,subtle,216,28386.38275238724,True,4.0,0.041666666666666664,33170.92065922671
PatchTST-SSL(HoW-cond),Hog_education_Caridad,125,schedule,3,obvious,168,40300.39042463366,True,21.0,0.005952380952380952,15408.875507168785
PatchTST-SSL(HoW-cond),Hog_education_Caridad,125,drift,2,moderate,120,28596.337097434516,True,5.0,0.38333333333333336,26319.830105950925
PatchTST-SSL(HoW-cond),Hog_education_Caridad,125,spike,1,subtle,3,3615.9659871725003,True,1.0,0.6666666666666666,3461.381162396044
PatchTST-SSL(HoW-cond),Hog_education_Caridad,125,schedule,2,moderate,216,9175.068368269809,True,156.0,0.013888888888888888,4240.4149149260775
PatchTST-SSL(HoW-cond),Hog_education_Caridad,125,spike,3,obvious,4,14222.668954687539,True,1.0,0.75,13701.896812714363
PatchTST-SSL(HoW-cond),Hog_education_Josh,125,drift,3,obvious,144,7730.505083483085,True,32.0,0.020833333333333332,13157.986380140228
PatchTST-SSL(HoW-cond),Hog_education_Josh,125,schedule,3,obvious,72,11.784679011288034,False,,0.0,6500.848365053683
PatchTST-SSL(HoW-cond),Hog_education_Josh,125,spike,1,subtle,5,575.7182019786903,True,3.0,0.4,562.2481637218098
PatchTST-SSL(HoW-cond),Hog_education_Josh,125,spike,1,subtle,1,242.4107462956211,True,0.0,1.0,310.57958289913233
PatchTST-SSL(HoW-cond),Hog_education_Josh,125,drift,2,moderate,216,11163.141504512632,True,52.0,0.23148148148148148,23476.490176473737
PatchTST-SSL(HoW-cond),Hog_education_Josh,125,spike,1,subtle,4,389.0732811986469,True,2.0,0.5,719.223949544754
PatchTST-SSL(HoW-cond),Hog_education_Luvenia,125,schedule,3,obvious,216,78.81606669111721,True,2.0,0.037037037037037035,10649.107344860227
PatchTST-SSL(HoW-cond),Hog_education_Luvenia,125,spike,3,obvious,1,701.6027863582609,True,0.0,1.0,716.6878302294747
PatchTST-SSL(HoW-cond),Hog_education_Luvenia,125,schedule,3,obvious,144,243.05596690490262,True,9.0,0.020833333333333332,4362.304464813724
PatchTST-SSL(HoW-cond),Hog_education_Luvenia,125,drift,1,subtle,240,15728.352545379583,True,116.0,0.029166666666666667,21134.412288059306
PatchTST-SSL(HoW-cond),Hog_education_Luvenia,125,spike,1,subtle,4,601.5568549222517,True,2.0,0.5,551.9606333135594
PatchTST-SSL(HoW-cond),Hog_education_Luvenia,125,spike,3,obvious,3,1008.5508595886322,True,1.0,0.6666666666666666,1006.8659747101419
PatchTST-SSL(HoW-cond),Hog_office_Almeda,125,schedule,3,obvious,144,920.7290323005243,True,14.0,0.0625,583.8908333949063
PatchTST-SSL(HoW-cond),Hog_office_Almeda,125,spike,1,subtle,1,97.60946352752082,True,0.0,1.0,93.70735501722646
PatchTST-SSL(HoW-cond),Hog_office_Almeda,125,drift,3,obvious,120,2352.246882309896,True,4.0,0.15,3629.7189047757315
PatchTST-SSL(HoW-cond),Hog_office_Almeda,125,drift,3,obvious,168,4911.399663120952,True,34.0,0.31547619047619047,6851.306166558661
PatchTST-SSL(HoW-cond),Hog_office_Almeda,125,drift,3,obvious,240,8255.633995193115,True,6.0,0.21666666666666667,12247.087980867174
PatchTST-SSL(HoW-cond),Hog_office_Almeda,125,spike,2,moderate,4,290.3558219807369,False,,0.0,353.90190693841066
PatchTST-SSL(HoW-cond),Hog_office_Cortney,125,spike,2,moderate,3,421.20877656343674,True,1.0,0.6666666666666666,414.2989838123052
PatchTST-SSL(HoW-cond),Hog_office_Cortney,125,spike,3,obvious,2,402.6129107386708,True,1.0,0.5,405.3101936761155
PatchTST-SSL(HoW-cond),Hog_office_Cortney,125,drift,2,moderate,168,1926.319983944104,True,108.0,0.13095238095238096,4636.695012497847
PatchTST-SSL(HoW-cond),Hog_office_Cortney,125,spike,3,obvious,3,566.8997263540168,True,1.0,0.6666666666666666,528.9371327976808
PatchTST-SSL(HoW-cond),Hog_office_Cortney,125,spike,3,obvious,5,1037.6594788568552,True,1.0,0.8,991.2689789548276
PatchTST-SSL(HoW-cond),Hog_office_Cortney,125,spike,1,subtle,1,177.95406087120688,True,0.0,1.0,181.67057298060266
PatchTST-SSL(HoW-cond),Hog_office_Denita,125,spike,1,subtle,1,104.74801112459913,True,0.0,1.0,128.6105624815032
PatchTST-SSL(HoW-cond),Hog_office_Denita,125,spike,3,obvious,4,461.0964849863213,True,1.0,0.75,392.18642089259424
PatchTST-SSL(HoW-cond),Hog_office_Denita,125,drift,3,obvious,120,2328.7237572547915,True,14.0,0.43333333333333335,3365.692661963643
PatchTST-SSL(HoW-cond),Hog_office_Denita,125,drift,3,obvious,264,9184.383096629303,True,27.0,0.375,10866.94212152816
PatchTST-SSL(HoW-cond),Hog_office_Denita,125,spike,3,obvious,1,240.12967598509266,False,,0.0,231.0307012051859
PatchTST-SSL(HoW-cond),Hog_office_Denita,125,spike,2,moderate,5,370.8999155280089,False,,0.0,298.51184047579966
PatchTST-SSL(HoW-cond),Hog_office_Garrett,125,drift,1,subtle,144,5415.773917719659,True,126.0,0.027777777777777776,3.924200855402554
PatchTST-SSL(HoW-cond),Hog_office_Garrett,125,spike,2,moderate,1,1358.321923582699,True,0.0,1.0,1312.1756104809185
PatchTST-SSL(HoW-cond),Hog_office_Garrett,125,spike,1,subtle,5,1923.2920380500757,True,1.0,0.8,1715.1096972306832
PatchTST-SSL(HoW-cond),Hog_office_Garrett,125,drift,1,subtle,192,9343.256500347154,True,133.0,0.052083333333333336,10442.025110947096
PatchTST-SSL(HoW-cond),Hog_office_Garrett,125,drift,3,obvious,192,38185.77099119585,True,27.0,0.46875,32196.48480127589
PatchTST-SSL(HoW-cond),Hog_office_Garrett,125,spike,1,subtle,5,2007.8707973715864,True,2.0,0.6,2182.230717761976
PatchTST-SSL(HoW-cond),Hog_office_Lavon,125,spike,1,subtle,1,1899.2445559390694,True,0.0,1.0,2201.293249493422
PatchTST-SSL(HoW-cond),Hog_office_Lavon,125,schedule,3,obvious,144,551.1258275222517,False,,0.0,5452.944553291876
PatchTST-SSL(HoW-cond),Hog_office_Lavon,125,schedule,2,moderate,72,28.97657684753743,False,,0.0,7903.176264976244
PatchTST-SSL(HoW-cond),Hog_office_Lavon,125,spike,1,subtle,1,1451.4329425254064,True,0.0,1.0,1468.8980728553702
PatchTST-SSL(HoW-cond),Hog_office_Lavon,125,spike,1,subtle,3,2051.267962265602,True,1.0,0.6666666666666666,2325.367975903552
PatchTST-SSL(HoW-cond),Hog_office_Lavon,125,spike,2,moderate,1,2651.549822779352,False,,0.0,2465.991667690917
PatchTST-SSL(HoW-cond),Hog_office_Merilyn,125,schedule,3,obvious,192,182.75521306496756,False,,0.0,1184.8712529554944
PatchTST-SSL(HoW-cond),Hog_office_Merilyn,125,drift,2,moderate,144,1169.519183928402,True,112.0,0.19444444444444445,1556.891179079807
PatchTST-SSL(HoW-cond),Hog_office_Merilyn,125,spike,3,obvious,2,68.9364713067383,True,1.0,0.5,62.08536046229632
PatchTST-SSL(HoW-cond),Hog_office_Merilyn,125,drift,3,obvious,240,4985.299664411465,True,69.0,0.075,3564.1183777713463
PatchTST-SSL(HoW-cond),Hog_office_Merilyn,125,drift,1,subtle,240,835.1560058605207,True,232.0,0.004166666666666667,2494.033717369569
PatchTST-SSL(HoW-cond),Hog_office_Merilyn,125,spike,3,obvious,1,84.91700938866047,True,0.0,1.0,79.95911270062753
PatchTST-SSL(HoW-cond),Hog_office_Miriam,125,schedule,3,obvious,168,579.523393038525,False,,0.0,442.6936006938069
PatchTST-SSL(HoW-cond),Hog_office_Miriam,125,spike,3,obvious,5,157.02585229495435,True,1.0,0.8,167.99776223541468
PatchTST-SSL(HoW-cond),Hog_office_Miriam,125,spike,1,subtle,5,62.78051802257753,True,3.0,0.4,64.01528711020302
PatchTST-SSL(HoW-cond),Hog_office_Miriam,125,schedule,3,obvious,96,157.6681316218665,False,,0.0,433.71522342650974
PatchTST-SSL(HoW-cond),Hog_office_Miriam,125,spike,2,moderate,2,44.26055572448596,True,1.0,0.5,44.047853454501336
PatchTST-SSL(HoW-cond),Hog_office_Miriam,125,schedule,2,moderate,192,28.056166232973396,True,3.0,0.010416666666666666,552.3224745785373
PatchTST-SSL(HoW-cond),Hog_office_Napoleon,125,drift,2,moderate,144,4716.952247147733,True,65.0,0.1597222222222222,5181.428856120767
PatchTST-SSL(HoW-cond),Hog_office_Napoleon,125,spike,1,subtle,2,137.95448590699337,True,1.0,0.5,126.58283197376862
PatchTST-SSL(HoW-cond),Hog_office_Napoleon,125,schedule,3,obvious,168,1082.6103935191493,True,19.0,0.02976190476190476,3407.743190194333
PatchTST-SSL(HoW-cond),Hog_office_Napoleon,125,spike,3,obvious,1,273.71167561006234,True,0.0,1.0,326.0694208518587
PatchTST-SSL(HoW-cond),Hog_office_Napoleon,125,spike,3,obvious,3,412.9367145410827,True,1.0,0.6666666666666666,471.7204594277341
PatchTST-SSL(HoW-cond),Hog_office_Napoleon,125,spike,1,subtle,2,120.95556051409783,True,1.0,0.5,109.61417496649025
PatchTST-SSL(HoW-cond),Hog_office_Shawna,125,spike,1,subtle,2,313.6379115139518,True,1.0,0.5,361.82130606763843
PatchTST-SSL(HoW-cond),Hog_office_Shawna,125,schedule,1,subtle,120,16.141511134777772,False,,0.0,4767.491089408595
PatchTST-SSL(HoW-cond),Hog_office_Shawna,125,spike,2,moderate,3,683.8372554129211,True,1.0,0.6666666666666666,692.924595353487
PatchTST-SSL(HoW-cond),Hog_office_Shawna,125,schedule,3,obvious,120,3559.624181799263,True,0.0,0.225,6082.289229558515
PatchTST-SSL(HoW-cond),Hog_office_Shawna,125,schedule,2,moderate,144,2117.593778393931,True,8.0,0.1111111111111111,6239.853661634776
PatchTST-SSL(HoW-cond),Hog_office_Shawna,125,spike,1,subtle,4,454.5232692677954,False,,0.0,364.08277127310896
PatchTST-SSL(HoW-cond),Hog_office_Shawnna,125,schedule,2,moderate,168,2552.153783435699,True,10.0,0.17857142857142858,4169.172524815451
PatchTST-SSL(HoW-cond),Hog_office_Shawnna,125,spike,2,moderate,1,979.2760644445437,True,0.0,1.0,1052.8945340614864
PatchTST-SSL(HoW-cond),Hog_office_Shawnna,125,spike,3,obvious,4,2905.0130249591653,True,1.0,0.75,2921.193046689535
PatchTST-SSL(HoW-cond),Hog_office_Shawnna,125,schedule,2,moderate,96,2594.702781314817,True,15.0,0.11458333333333333,157.39922614649
PatchTST-SSL(HoW-cond),Hog_office_Shawnna,125,spike,2,moderate,5,1926.5792375601536,False,,0.0,2391.7163729997656
PatchTST-SSL(HoW-cond),Hog_office_Shawnna,125,schedule,3,obvious,216,6193.786109199689,True,0.0,0.16203703703703703,13132.862846443815
PatchTST-SSL(HoW-cond),Hog_office_Sherrie,125,spike,1,subtle,2,67.78790463192944,False,,0.0,72.61881754581154
PatchTST-SSL(HoW-cond),Hog_office_Sherrie,125,drift,2,moderate,312,5893.056392735663,True,62.0,0.38461538461538464,7552.90978414493
PatchTST-SSL(HoW-cond),Hog_office_Sherrie,125,drift,3,obvious,216,4222.303088303819,True,65.0,0.39814814814814814,4915.932426662659
PatchTST-SSL(HoW-cond),Hog_office_Sherrie,125,drift,3,obvious,240,5690.77195280197,True,1.0,0.6166666666666667,6899.937287669965
PatchTST-SSL(HoW-cond),Hog_office_Sherrie,125,drift,2,moderate,168,1160.5145644277036,False,,0.0,1850.9913041307786
PatchTST-SSL(HoW-cond),Hog_office_Sherrie,125,spike,3,obvious,1,200.1296932408524,True,0.0,1.0,198.79505756128668
PatchTST-SSL(HoW-cond),Hog_office_Shon,125,spike,1,subtle,5,216.7285392605703,False,,0.0,230.1672565326465
PatchTST-SSL(HoW-cond),Hog_office_Shon,125,drift,2,moderate,120,2000.517973275528,True,67.0,0.20833333333333334,2707.346144824741
PatchTST-SSL(HoW-cond),Hog_office_Shon,125,drift,3,obvious,312,21736.11668917782,True,46.0,0.5032051282051282,19835.513254098518
PatchTST-SSL(HoW-cond),Hog_office_Shon,125,spike,3,obvious,5,435.00855328869727,True,2.0,0.6,381.87154660536214
PatchTST-SSL(HoW-cond),Hog_office_Shon,125,spike,2,moderate,2,137.69489830862938,True,1.0,0.5,188.41729679486934
PatchTST-SSL(HoW-cond),Hog_office_Shon,125,spike,3,obvious,2,215.0601984522419,True,1.0,0.5,202.6651170414182
PatchTST-SSL(HoW-cond),Hog_office_Sydney,125,drift,1,subtle,312,10090.72902848742,True,67.0,0.08653846153846154,7667.83766703083
PatchTST-SSL(HoW-cond),Hog_office_Sydney,125,drift,3,obvious,192,11552.378159444106,True,30.0,0.6822916666666666,12555.045744252611
PatchTST-SSL(HoW-cond),Hog_office_Sydney,125,spike,1,subtle,2,107.40101118162318,True,1.0,0.5,94.46401783686444
PatchTST-SSL(HoW-cond),Hog_office_Sydney,125,drift,1,subtle,144,1436.3776215795922,True,22.0,0.19444444444444445,2290.6119658469433
PatchTST-SSL(HoW-cond),Hog_office_Sydney,125,spike,1,subtle,3,120.35248606515015,False,,0.0,94.44603521751915
PatchTST-SSL(HoW-cond),Hog_office_Sydney,125,spike,1,subtle,3,134.44551911738682,True,1.0,0.6666666666666666,139.367106709291
PatchTST-SSL(HoW-cond),Hog_office_Valda,125,drift,1,subtle,240,661.3711408953283,False,,0.0,1314.4489520373209
PatchTST-SSL(HoW-cond),Hog_office_Valda,125,schedule,2,moderate,168,82.79700716384005,False,,0.0,43.928008781546644
PatchTST-SSL(HoW-cond),Hog_office_Valda,125,spike,2,moderate,4,173.4631733998353,False,,0.0,160.26366596541902
PatchTST-SSL(HoW-cond),Hog_office_Valda,125,drift,2,moderate,264,2769.782873715905,True,22.0,0.4583333333333333,4562.750145802847
PatchTST-SSL(HoW-cond),Hog_office_Valda,125,spike,1,subtle,3,91.82340690935975,False,,0.0,43.959255153329266
PatchTST-SSL(HoW-cond),Hog_office_Valda,125,spike,3,obvious,1,143.2802443165958,True,0.0,1.0,153.14349486017898
PatchTST-SSL(HoW-cond),Lamb_education_Armando,125,schedule,3,obvious,120,1.1934745829660691,False,,0.0,3112.6891675619822
PatchTST-SSL(HoW-cond),Lamb_education_Armando,125,spike,3,obvious,2,399.74267508277626,True,1.0,0.5,382.9998381135109
PatchTST-SSL(HoW-cond),Lamb_education_Armando,125,spike,1,subtle,1,181.88666623841328,True,0.0,1.0,176.151525828936
PatchTST-SSL(HoW-cond),Lamb_education_Armando,125,spike,2,moderate,3,311.1701632346293,True,1.0,0.6666666666666666,274.28704381845307
PatchTST-SSL(HoW-cond),Lamb_education_Armando,125,drift,3,obvious,216,4189.596198085895,True,39.0,0.2037037037037037,11354.379659884678
PatchTST-SSL(HoW-cond),Lamb_education_Armando,125,spike,2,moderate,3,298.4435139285549,True,1.0,0.6666666666666666,295.51198472550584
PatchTST-SSL(HoW-cond),Lamb_education_Eula,125,spike,1,subtle,1,6.690699674565021,True,0.0,1.0,6.409474293182898
PatchTST-SSL(HoW-cond),Lamb_education_Eula,125,drift,2,moderate,240,84.1414837512204,True,16.0,0.04583333333333333,319.1976678401485
PatchTST-SSL(HoW-cond),Lamb_education_Eula,125,drift,2,moderate,168,44.64918931234279,True,0.0,0.023809523809523808,47.212354872536736
PatchTST-SSL(HoW-cond),Lamb_education_Eula,125,spike,1,subtle,4,10.101430544618829,False,,0.0,9.252338281614314
PatchTST-SSL(HoW-cond),Lamb_education_Eula,125,drift,3,obvious,120,39.955048544124566,True,0.0,0.3416666666666667,201.6785351838546
PatchTST-SSL(HoW-cond),Lamb_education_Eula,125,spike,3,obvious,3,22.257380646063886,True,1.0,0.6666666666666666,29.478634882991138
PatchTST-SSL(HoW-cond),Lamb_education_Lazaro,125,drift,1,subtle,168,199.56667718910816,False,,0.0,12.542264644504261
PatchTST-SSL(HoW-cond),Lamb_education_Lazaro,125,spike,1,subtle,3,146.2616500912896,True,1.0,0.6666666666666666,129.64888931539298
PatchTST-SSL(HoW-cond),Lamb_education_Lazaro,125,spike,3,obvious,4,445.1755338537366,True,1.0,0.75,427.07667926958413
PatchTST-SSL(HoW-cond),Lamb_education_Lazaro,125,drift,2,moderate,264,2062.639357213663,True,215.0,0.003787878787878788,9427.018677586955
PatchTST-SSL(HoW-cond),Lamb_education_Lazaro,125,drift,1,subtle,192,416.463144323934,False,,0.0,2739.508046264662
PatchTST-SSL(HoW-cond),Lamb_education_Lazaro,125,drift,1,subtle,216,491.99455646137983,False,,0.0,824.6810160752163
PatchTST-SSL(HoW-cond),Lamb_education_Lucas,125,drift,2,moderate,120,119.5016707324252,True,98.0,0.008333333333333333,36.33547164646127
PatchTST-SSL(HoW-cond),Lamb_education_Lucas,125,spike,2,moderate,4,64.4787362913023,True,1.0,0.75,64.03678372557337
PatchTST-SSL(HoW-cond),Lamb_education_Lucas,125,spike,3,obvious,1,60.67999960371594,True,0.0,1.0,61.393641524375845
PatchTST-SSL(HoW-cond),Lamb_education_Lucas,125,schedule,3,obvious,72,15.547596446667187,True,15.0,0.041666666666666664,360.81104053349975
PatchTST-SSL(HoW-cond),Lamb_education_Lucas,125,drift,1,subtle,240,204.83694269880996,True,42.0,0.0375,963.5361574014128
PatchTST-SSL(HoW-cond),Lamb_education_Lucas,125,spike,3,obvious,5,123.35494196224937,True,1.0,0.8,115.19915475981867
PatchTST-SSL(HoW-cond),Lamb_education_Mae,125,schedule,3,obvious,192,707.7055646019003,True,122.0,0.005208333333333333,1051.288434192168
PatchTST-SSL(HoW-cond),Lamb_education_Mae,125,spike,2,moderate,4,434.5193321882207,True,2.0,0.5,307.8084467863273
PatchTST-SSL(HoW-cond),Lamb_education_Mae,125,drift,3,obvious,168,4279.320062963822,True,8.0,0.35119047619047616,9282.579059208869
PatchTST-SSL(HoW-cond),Lamb_education_Mae,125,spike,1,subtle,5,416.061573940696,True,2.0,0.6,416.96110421836204
PatchTST-SSL(HoW-cond),Lamb_education_Mae,125,drift,1,subtle,144,877.5414005948726,False,,0.0,3879.713041282819
PatchTST-SSL(HoW-cond),Lamb_education_Mae,125,drift,2,moderate,144,1987.2812368441187,True,44.0,0.20833333333333334,4633.872183852227
PatchTST-SSL(HoW-cond),Lamb_education_Williams,125,drift,2,moderate,192,993.7413147792987,True,10.0,0.1875,4326.463647374541
PatchTST-SSL(HoW-cond),Lamb_education_Williams,125,spike,1,subtle,5,265.7690347821638,True,2.0,0.6,251.13788738424785
PatchTST-SSL(HoW-cond),Lamb_education_Williams,125,spike,2,moderate,2,234.79118643839578,True,1.0,0.5,210.93547908935838
PatchTST-SSL(HoW-cond),Lamb_education_Williams,125,spike,3,obvious,3,445.97474150476165,True,1.0,0.6666666666666666,417.9807153752439
PatchTST-SSL(HoW-cond),Lamb_education_Williams,125,schedule,3,obvious,120,206.46617688107503,True,40.0,0.025,2627.8290480633814
PatchTST-SSL(HoW-cond),Lamb_education_Williams,125,spike,2,moderate,1,228.2045694366033,True,0.0,1.0,264.98836043704705
PatchTST-SSL(HoW-cond),Lamb_office_Caitlin,125,schedule,3,obvious,120,387.3312010228129,True,61.0,0.016666666666666666,105.26594303740991
PatchTST-SSL(HoW-cond),Lamb_office_Caitlin,125,drift,2,moderate,264,1503.7557897394063,True,88.0,0.06439393939393939,195.03008832307916
PatchTST-SSL(HoW-cond),Lamb_office_Caitlin,125,drift,3,obvious,288,3186.0441444924627,True,34.0,0.08333333333333333,611.8250322567015
PatchTST-SSL(HoW-cond),Lamb_office_Caitlin,125,drift,2,moderate,168,656.6603062278259,False,,0.0,14.44339299871692
PatchTST-SSL(HoW-cond),Lamb_office_Caitlin,125,spike,2,moderate,2,275.7887601997688,True,1.0,0.5,261.35744408786246
PatchTST-SSL(HoW-cond),Lamb_office_Caitlin,125,spike,2,moderate,3,394.2911673996349,True,1.0,0.6666666666666666,338.7930715621522
PatchTST-SSL(HoW-cond),Lamb_office_Velma,125,spike,3,obvious,4,835.24176345517,True,1.0,0.75,986.7383918613214
PatchTST-SSL(HoW-cond),Lamb_office_Velma,125,spike,2,moderate,4,488.9701505503433,True,1.0,0.75,800.0822307870508
PatchTST-SSL(HoW-cond),Lamb_office_Velma,125,drift,1,subtle,120,977.7376980269868,False,,0.0,3689.323362997025
PatchTST-SSL(HoW-cond),Lamb_office_Velma,125,drift,2,moderate,264,11288.878643994793,True,65.0,0.20833333333333334,18218.98188749583
PatchTST-SSL(HoW-cond),Lamb_office_Velma,125,spike,2,moderate,3,407.53838309396895,True,1.0,0.6666666666666666,380.0366159278184
PatchTST-SSL(HoW-cond),Lamb_office_Velma,125,spike,2,moderate,4,531.175643613273,True,1.0,0.75,476.0757154374475
PatchTST-SSL(HoW-cond),Rat_retail_Jeffrey,125,spike,1,subtle,4,274.0071717515276,True,3.0,0.25,195.59141970534293
PatchTST-SSL(HoW-cond),Rat_retail_Jeffrey,125,drift,2,moderate,240,5848.782780325441,True,15.0,0.25,4575.884852923247
PatchTST-SSL(HoW-cond),Rat_retail_Jeffrey,125,spike,2,moderate,5,605.3830290267529,True,2.0,0.6,460.79436592131526
PatchTST-SSL(HoW-cond),Rat_retail_Jeffrey,125,spike,1,subtle,4,237.823478890623,True,2.0,0.5,248.80153550656854
PatchTST-SSL(HoW-cond),Rat_retail_Jeffrey,125,spike,3,obvious,1,329.0382503598847,True,0.0,1.0,337.4967797929018
PatchTST-SSL(HoW-cond),Rat_retail_Jeffrey,125,spike,2,moderate,4,448.5396392666252,True,0.0,1.0,487.4969652769735
PatchTST-SSL(HoW-cond),Robin_education_Zenia,125,spike,2,moderate,5,318.0746005878816,True,1.0,0.8,623.1907214719827
PatchTST-SSL(HoW-cond),Robin_education_Zenia,125,drift,1,subtle,288,7684.58034520667,True,56.0,0.04513888888888889,25462.26061508753
PatchTST-SSL(HoW-cond),Robin_education_Zenia,125,spike,1,subtle,4,221.19370506177228,True,1.0,0.75,483.31711322755245
PatchTST-SSL(HoW-cond),Robin_education_Zenia,125,spike,1,subtle,2,115.38557172702771,True,1.0,0.5,384.0310915897646
PatchTST-SSL(HoW-cond),Robin_education_Zenia,125,drift,1,subtle,288,7316.344667072699,True,7.0,0.08333333333333333,28553.357366338118
PatchTST-SSL(HoW-cond),Robin_education_Zenia,125,spike,2,moderate,1,182.6560142466909,True,0.0,1.0,311.97015648155764
PatchTST-SSL(HoW-cond),Robin_office_Dina,125,schedule,3,obvious,216,169.6877846016588,True,6.0,0.032407407407407406,1381.9653974190383
PatchTST-SSL(HoW-cond),Robin_office_Dina,125,drift,3,obvious,168,2676.149080501228,True,5.0,0.31547619047619047,2742.1612558159472
PatchTST-SSL(HoW-cond),Robin_office_Dina,125,spike,3,obvious,3,109.70001649846563,True,2.0,0.3333333333333333,112.11702294995318
PatchTST-SSL(HoW-cond),Robin_office_Dina,125,drift,1,subtle,192,557.1814272127779,True,34.0,0.041666666666666664,970.5783487595272
PatchTST-SSL(HoW-cond),Robin_office_Dina,125,spike,1,subtle,5,72.51704449816964,True,1.0,0.8,80.19082669076906
PatchTST-SSL(HoW-cond),Robin_office_Dina,125,schedule,3,obvious,120,128.57224582658398,True,20.0,0.025,807.1630815403603
PatchTST-SSL(HoW-cond),Robin_office_Sammie,125,drift,3,obvious,264,18298.902736260905,True,82.0,0.25,19456.736499841983
PatchTST-SSL(HoW-cond),Robin_office_Sammie,125,schedule,2,moderate,192,18.074637820832336,False,,0.0,2180.701814494677
PatchTST-SSL(HoW-cond),Robin_office_Sammie,125,spike,3,obvious,1,204.63879598031215,True,0.0,1.0,229.51489558831304
PatchTST-SSL(HoW-cond),Robin_office_Sammie,125,drift,2,moderate,168,4294.326389896674,True,42.0,0.21428571428571427,4217.105492075265
PatchTST-SSL(HoW-cond),Robin_office_Sammie,125,drift,2,moderate,192,4966.157305493951,False,,0.0,6596.377645186173
PatchTST-SSL(HoW-cond),Robin_office_Sammie,125,spike,1,subtle,4,174.44843902348026,False,,0.0,314.01649108577146
PatchTST-SSL(HoW-cond),Shrew_office_Doris,125,drift,1,subtle,120,1082.0083293285486,True,7.0,0.05,4598.436930414432
PatchTST-SSL(HoW-cond),Shrew_office_Doris,125,spike,3,obvious,1,461.5699763173361,True,0.0,1.0,467.97443222722006
PatchTST-SSL(HoW-cond),Shrew_office_Doris,125,spike,1,subtle,2,241.8652026947672,True,1.0,0.5,234.21242126163216
PatchTST-SSL(HoW-cond),Shrew_office_Doris,125,drift,2,moderate,288,18382.782475357173,True,16.0,0.2013888888888889,20701.558282075763
PatchTST-SSL(HoW-cond),Shrew_office_Doris,125,schedule,3,obvious,72,48.69158738777398,False,,0.0,1066.5822806950925
PatchTST-SSL(HoW-cond),Shrew_office_Doris,125,schedule,3,obvious,96,120.65365213163807,False,,0.0,1283.705091385446
PatchTST-SSL(HoW-cond),Shrew_office_Ila,125,drift,3,obvious,120,4980.057438458025,True,41.0,0.5666666666666667,7307.512186522945
PatchTST-SSL(HoW-cond),Shrew_office_Ila,125,spike,3,obvious,3,466.4077483285107,True,1.0,0.6666666666666666,690.3746133850475
PatchTST-SSL(HoW-cond),Shrew_office_Ila,125,drift,1,subtle,192,3942.6429638529935,True,17.0,0.3072916666666667,7984.596021725433
PatchTST-SSL(HoW-cond),Shrew_office_Ila,125,spike,1,subtle,2,152.98568731421085,False,,0.0,141.5676634606616
PatchTST-SSL(HoW-cond),Shrew_office_Ila,125,spike,2,moderate,2,250.3241169224834,True,1.0,0.5,226.19567030952481
PatchTST-SSL(HoW-cond),Shrew_office_Ila,125,spike,1,subtle,2,122.0473460947881,True,1.0,0.5,122.21039896064583
PatchTST-SSL(HoW-cond),Shrew_office_Kenneth,125,schedule,2,moderate,96,45.06488055035239,False,,0.0,0.0
PatchTST-SSL(HoW-cond),Shrew_office_Kenneth,125,schedule,3,obvious,144,223.94966667746283,False,,0.0,279.28828300838035
PatchTST-SSL(HoW-cond),Shrew_office_Kenneth,125,spike,1,subtle,2,57.50642214860222,True,1.0,0.5,48.45418188644026
PatchTST-SSL(HoW-cond),Shrew_office_Kenneth,125,drift,3,obvious,240,4470.540824718164,True,38.0,0.37083333333333335,5068.787945443271
PatchTST-SSL(HoW-cond),Shrew_office_Kenneth,125,spike,1,subtle,5,148.21042491794591,True,3.0,0.4,139.8722716881365
PatchTST-SSL(HoW-cond),Shrew_office_Kenneth,125,drift,3,obvious,168,2316.4706616493195,True,20.0,0.31547619047619047,1181.1752506369423
PatchTST-SSL(HoW-cond),Shrew_office_Nora,125,schedule,3,obvious,216,4514.662713075832,True,2.0,0.22685185185185186,7400.294952610666
PatchTST-SSL(HoW-cond),Shrew_office_Nora,125,spike,1,subtle,5,492.7539341376733,True,1.0,0.8,510.11018638690734
PatchTST-SSL(HoW-cond),Shrew_office_Nora,125,spike,1,subtle,3,346.1721874953224,False,,0.0,515.8839036915397
PatchTST-SSL(HoW-cond),Shrew_office_Nora,125,spike,1,subtle,2,230.5830463599992,True,1.0,0.5,363.98098500724
PatchTST-SSL(HoW-cond),Shrew_office_Nora,125,drift,1,subtle,264,7615.654361754455,True,8.0,0.07954545454545454,12887.035279738971
PatchTST-SSL(HoW-cond),Shrew_office_Nora,125,spike,2,moderate,5,936.2217800892317,False,,0.0,1087.2999293029077
PatchTST-SSL(HoW-cond),Shrew_office_Sherill,125,spike,1,subtle,4,866.5897262353003,True,1.0,0.75,618.6650650402282
PatchTST-SSL(HoW-cond),Shrew_office_Sherill,125,drift,3,obvious,216,29783.352961436343,True,8.0,0.5046296296296297,35993.10148717161
PatchTST-SSL(HoW-cond),Shrew_office_Sherill,125,spike,2,moderate,3,856.8929742368821,True,2.0,0.3333333333333333,884.9500232039759
PatchTST-SSL(HoW-cond),Shrew_office_Sherill,125,spike,3,obvious,2,1071.2140890613477,True,1.0,0.5,1061.7894477102466
PatchTST-SSL(HoW-cond),Shrew_office_Sherill,125,spike,3,obvious,5,2463.4614158129157,True,1.0,0.8,2464.1334576927775
PatchTST-SSL(HoW-cond),Shrew_office_Sherill,125,drift,1,subtle,192,6998.702088032382,True,57.0,0.203125,12405.461357872253
PatchTST-SSL(HoW-cond),Wolf_office_Darleen,125,drift,2,moderate,120,604.8468589549041,True,66.0,0.041666666666666664,871.98833898458
PatchTST-SSL(HoW-cond),Wolf_office_Darleen,125,drift,2,moderate,120,809.9907742251621,False,,0.0,1209.9597586063155
PatchTST-SSL(HoW-cond),Wolf_office_Darleen,125,spike,1,subtle,3,122.46553220229873,True,2.0,0.3333333333333333,101.10304815028906
PatchTST-SSL(HoW-cond),Wolf_office_Darleen,125,spike,1,subtle,3,108.23648906363294,True,1.0,0.6666666666666666,102.68871264692643
PatchTST-SSL(HoW-cond),Wolf_office_Darleen,125,spike,2,moderate,3,163.1594691481757,True,1.0,0.6666666666666666,196.20795504820322
PatchTST-SSL(HoW-cond),Wolf_office_Darleen,125,schedule,3,obvious,192,273.8121535500858,False,,0.0,168.34698753185333
PatchTST-SSL(HoW-cond),Wolf_retail_Harriett,125,schedule,2,moderate,216,142.5025617723444,True,30.0,0.013888888888888888,3894.120232875268
PatchTST-SSL(HoW-cond),Wolf_retail_Harriett,125,spike,2,moderate,3,172.0596117916607,True,1.0,0.6666666666666666,169.23983549918432
PatchTST-SSL(HoW-cond),Wolf_retail_Harriett,125,spike,3,obvious,2,178.4149864623138,True,1.0,0.5,175.62389055365625
PatchTST-SSL(HoW-cond),Wolf_retail_Harriett,125,schedule,3,obvious,168,658.908355179765,True,18.0,0.05952380952380952,1850.5162117116092
PatchTST-SSL(HoW-cond),Wolf_retail_Harriett,125,schedule,1,subtle,192,5.625535634244642,True,112.0,0.010416666666666666,2374.7562273834183
PatchTST-SSL(HoW-cond),Wolf_retail_Harriett,125,schedule,2,moderate,144,9.462371733532182,True,68.0,0.020833333333333332,2302.9309964366494
PatchTST-SSL(HoW-cond),Wolf_retail_Marcella,125,drift,2,moderate,288,742.5704258791877,True,167.0,0.03125,666.1763983851896
PatchTST-SSL(HoW-cond),Wolf_retail_Marcella,125,spike,2,moderate,4,32.739046582217696,True,1.0,0.75,42.61307498127249
PatchTST-SSL(HoW-cond),Wolf_retail_Marcella,125,spike,3,obvious,4,55.581626180626806,False,,0.0,53.091005506685015
PatchTST-SSL(HoW-cond),Wolf_retail_Marcella,125,drift,3,obvious,144,366.00807132346256,True,69.0,0.034722222222222224,362.65019749728003
PatchTST-SSL(HoW-cond),Wolf_retail_Marcella,125,schedule,3,obvious,120,26.339615339195092,False,,0.0,247.916065008781
PatchTST-SSL(HoW-cond),Wolf_retail_Marcella,125,spike,1,subtle,5,25.69306637295704,False,,0.0,16.70385059198847
PatchTST-SSL(HoW-cond),Wolf_retail_Toshia,125,spike,2,moderate,3,362.2002037670109,True,1.0,0.6666666666666666,324.38310753657083
PatchTST-SSL(HoW-cond),Wolf_retail_Toshia,125,spike,3,obvious,4,937.5253054435932,True,0.0,1.0,1283.6445210238546
PatchTST-SSL(HoW-cond),Wolf_retail_Toshia,125,drift,2,moderate,240,4174.144085798001,True,38.0,0.029166666666666667,2927.591544281635
PatchTST-SSL(HoW-cond),Wolf_retail_Toshia,125,spike,1,subtle,3,225.5825258936449,True,1.0,0.6666666666666666,214.15709316352655
PatchTST-SSL(HoW-cond),Wolf_retail_Toshia,125,schedule,3,obvious,96,70.7135913640611,True,18.0,0.010416666666666666,1647.4103788612365
PatchTST-SSL(HoW-cond),Wolf_retail_Toshia,125,drift,2,moderate,144,1585.0846732926336,True,105.0,0.006944444444444444,4703.942667487003
PatchTST-SSL(global-MAD),Fox_education_Henrietta,125,drift,3,obvious,120,543.6776343474405,False,,0.0,719.3363344665258
PatchTST-SSL(global-MAD),Fox_education_Henrietta,125,drift,3,obvious,240,2141.019036959888,True,58.0,0.020833333333333332,3262.8627174504995
PatchTST-SSL(global-MAD),Fox_education_Henrietta,125,drift,1,subtle,288,476.4946025631397,False,,0.0,823.2188887530327
PatchTST-SSL(global-MAD),Fox_education_Henrietta,125,spike,1,subtle,4,62.13982155094737,False,,0.0,101.12940261205475
PatchTST-SSL(global-MAD),Fox_education_Henrietta,125,spike,2,moderate,5,140.44990776891177,False,,0.0,124.04037126449504
PatchTST-SSL(global-MAD),Fox_education_Henrietta,125,spike,1,subtle,5,66.13491765552413,True,4.0,0.2,33.14378654631399
PatchTST-SSL(global-MAD),Fox_retail_Manie,125,schedule,3,obvious,144,368.04709591272024,True,6.0,0.027777777777777776,1425.7348026024927
PatchTST-SSL(global-MAD),Fox_retail_Manie,125,spike,1,subtle,1,123.19706914419866,True,0.0,1.0,127.15221710292505
PatchTST-SSL(global-MAD),Fox_retail_Manie,125,spike,2,moderate,5,421.05161512855886,True,1.0,0.8,544.9439128983631
PatchTST-SSL(global-MAD),Fox_retail_Manie,125,drift,3,obvious,240,8151.129348647555,True,190.0,0.025,8856.162484016988
PatchTST-SSL(global-MAD),Fox_retail_Manie,125,spike,1,subtle,1,120.95524489933428,True,0.0,1.0,167.6879393232584
PatchTST-SSL(global-MAD),Fox_retail_Manie,125,schedule,3,obvious,192,426.66194710076456,False,,0.0,1550.6839836525746
PatchTST-SSL(global-MAD),Hog_education_Bruno,125,spike,1,subtle,5,400.40328920967283,True,2.0,0.6,427.91577209279
PatchTST-SSL(global-MAD),Hog_education_Bruno,125,drift,1,subtle,288,10943.930462314776,True,89.0,0.12152777777777778,14296.112440270172
PatchTST-SSL(global-MAD),Hog_education_Bruno,125,drift,3,obvious,168,19882.024337608516,True,5.0,0.8571428571428571,24758.730065420514
PatchTST-SSL(global-MAD),Hog_education_Bruno,125,schedule,3,obvious,96,3.769674119454777,False,,0.0,1671.3716314208648
PatchTST-SSL(global-MAD),Hog_education_Bruno,125,spike,3,obvious,1,404.27360964432347,True,0.0,1.0,422.2924603395523
PatchTST-SSL(global-MAD),Hog_education_Bruno,125,spike,2,moderate,3,327.13560661465135,True,2.0,0.3333333333333333,347.4602170557874
PatchTST-SSL(global-MAD),Hog_education_Caridad,125,drift,1,subtle,216,28386.38275238724,False,,0.0,33170.92065922671
PatchTST-SSL(global-MAD),Hog_education_Caridad,125,schedule,3,obvious,168,40300.39042463366,True,38.0,0.011904761904761904,15408.875507168785
PatchTST-SSL(global-MAD),Hog_education_Caridad,125,drift,2,moderate,120,28596.337097434516,True,95.0,0.058333333333333334,26319.830105950925
PatchTST-SSL(global-MAD),Hog_education_Caridad,125,spike,1,subtle,3,3615.9659871725003,True,2.0,0.3333333333333333,3461.381162396044
PatchTST-SSL(global-MAD),Hog_education_Caridad,125,schedule,2,moderate,216,9175.068368269809,False,,0.0,4240.4149149260775
PatchTST-SSL(global-MAD),Hog_education_Caridad,125,spike,3,obvious,4,14222.668954687539,True,1.0,0.75,13701.896812714363
PatchTST-SSL(global-MAD),Hog_education_Josh,125,drift,3,obvious,144,7730.505083483085,False,,0.0,13157.986380140228
PatchTST-SSL(global-MAD),Hog_education_Josh,125,schedule,3,obvious,72,11.784679011288034,False,,0.0,6500.848365053683
PatchTST-SSL(global-MAD),Hog_education_Josh,125,spike,1,subtle,5,575.7182019786903,True,3.0,0.4,562.2481637218098
PatchTST-SSL(global-MAD),Hog_education_Josh,125,spike,1,subtle,1,242.4107462956211,True,0.0,1.0,310.57958289913233
PatchTST-SSL(global-MAD),Hog_education_Josh,125,drift,2,moderate,216,11163.141504512632,True,99.0,0.041666666666666664,23476.490176473737
PatchTST-SSL(global-MAD),Hog_education_Josh,125,spike,1,subtle,4,389.0732811986469,True,3.0,0.25,719.223949544754
PatchTST-SSL(global-MAD),Hog_education_Luvenia,125,schedule,3,obvious,216,78.81606669111721,True,0.0,0.0787037037037037,10649.107344860227
PatchTST-SSL(global-MAD),Hog_education_Luvenia,125,spike,3,obvious,1,701.6027863582609,True,0.0,1.0,716.6878302294747
PatchTST-SSL(global-MAD),Hog_education_Luvenia,125,schedule,3,obvious,144,243.05596690490262,True,78.0,0.020833333333333332,4362.304464813724
PatchTST-SSL(global-MAD),Hog_education_Luvenia,125,drift,1,subtle,240,15728.352545379583,True,19.0,0.07083333333333333,21134.412288059306
PatchTST-SSL(global-MAD),Hog_education_Luvenia,125,spike,1,subtle,4,601.5568549222517,True,2.0,0.5,551.9606333135594
PatchTST-SSL(global-MAD),Hog_education_Luvenia,125,spike,3,obvious,3,1008.5508595886322,True,1.0,0.6666666666666666,1006.8659747101419
PatchTST-SSL(global-MAD),Hog_office_Almeda,125,schedule,3,obvious,144,920.7290323005243,False,,0.0,583.8908333949063
PatchTST-SSL(global-MAD),Hog_office_Almeda,125,spike,1,subtle,1,97.60946352752082,True,0.0,1.0,93.70735501722646
PatchTST-SSL(global-MAD),Hog_office_Almeda,125,drift,3,obvious,120,2352.246882309896,True,109.0,0.03333333333333333,3629.7189047757315
PatchTST-SSL(global-MAD),Hog_office_Almeda,125,drift,3,obvious,168,4911.399663120952,True,73.0,0.10119047619047619,6851.306166558661
PatchTST-SSL(global-MAD),Hog_office_Almeda,125,drift,3,obvious,240,8255.633995193115,True,104.0,0.06666666666666667,12247.087980867174
PatchTST-SSL(global-MAD),Hog_office_Almeda,125,spike,2,moderate,4,290.3558219807369,False,,0.0,353.90190693841066
PatchTST-SSL(global-MAD),Hog_office_Cortney,125,spike,2,moderate,3,421.20877656343674,True,1.0,0.6666666666666666,414.2989838123052
PatchTST-SSL(global-MAD),Hog_office_Cortney,125,spike,3,obvious,2,402.6129107386708,True,1.0,0.5,405.3101936761155
PatchTST-SSL(global-MAD),Hog_office_Cortney,125,drift,2,moderate,168,1926.319983944104,True,90.0,0.06547619047619048,4636.695012497847
PatchTST-SSL(global-MAD),Hog_office_Cortney,125,spike,3,obvious,3,566.8997263540168,True,1.0,0.6666666666666666,528.9371327976808
PatchTST-SSL(global-MAD),Hog_office_Cortney,125,spike,3,obvious,5,1037.6594788568552,True,2.0,0.6,991.2689789548276
PatchTST-SSL(global-MAD),Hog_office_Cortney,125,spike,1,subtle,1,177.95406087120688,True,0.0,1.0,181.67057298060266
PatchTST-SSL(global-MAD),Hog_office_Denita,125,spike,1,subtle,1,104.74801112459913,True,0.0,1.0,128.6105624815032
PatchTST-SSL(global-MAD),Hog_office_Denita,125,spike,3,obvious,4,461.0964849863213,True,2.0,0.5,392.18642089259424
PatchTST-SSL(global-MAD),Hog_office_Denita,125,drift,3,obvious,120,2328.7237572547915,True,21.0,0.11666666666666667,3365.692661963643
PatchTST-SSL(global-MAD),Hog_office_Denita,125,drift,3,obvious,264,9184.383096629303,True,137.0,0.06439393939393939,10866.94212152816
PatchTST-SSL(global-MAD),Hog_office_Denita,125,spike,3,obvious,1,240.12967598509266,False,,0.0,231.0307012051859
PatchTST-SSL(global-MAD),Hog_office_Denita,125,spike,2,moderate,5,370.8999155280089,False,,0.0,298.51184047579966
PatchTST-SSL(global-MAD),Hog_office_Garrett,125,drift,1,subtle,144,5415.773917719659,False,,0.0,3.924200855402554
PatchTST-SSL(global-MAD),Hog_office_Garrett,125,spike,2,moderate,1,1358.321923582699,True,0.0,1.0,1312.1756104809185
PatchTST-SSL(global-MAD),Hog_office_Garrett,125,spike,1,subtle,5,1923.2920380500757,True,2.0,0.6,1715.1096972306832
PatchTST-SSL(global-MAD),Hog_office_Garrett,125,drift,1,subtle,192,9343.256500347154,False,,0.0,10442.025110947096
PatchTST-SSL(global-MAD),Hog_office_Garrett,125,drift,3,obvious,192,38185.77099119585,True,55.0,0.5364583333333334,32196.48480127589
PatchTST-SSL(global-MAD),Hog_office_Garrett,125,spike,1,subtle,5,2007.8707973715864,True,2.0,0.6,2182.230717761976
PatchTST-SSL(global-MAD),Hog_office_Lavon,125,spike,1,subtle,1,1899.2445559390694,True,0.0,1.0,2201.293249493422
PatchTST-SSL(global-MAD),Hog_office_Lavon,125,schedule,3,obvious,144,551.1258275222517,False,,0.0,5452.944553291876
PatchTST-SSL(global-MAD),Hog_office_Lavon,125,schedule,2,moderate,72,28.97657684753743,False,,0.0,7903.176264976244
PatchTST-SSL(global-MAD),Hog_office_Lavon,125,spike,1,subtle,1,1451.4329425254064,True,0.0,1.0,1468.8980728553702
PatchTST-SSL(global-MAD),Hog_office_Lavon,125,spike,1,subtle,3,2051.267962265602,True,1.0,0.6666666666666666,2325.367975903552
PatchTST-SSL(global-MAD),Hog_office_Lavon,125,spike,2,moderate,1,2651.549822779352,False,,0.0,2465.991667690917
PatchTST-SSL(global-MAD),Hog_office_Merilyn,125,schedule,3,obvious,192,182.75521306496756,False,,0.0,1184.8712529554944
PatchTST-SSL(global-MAD),Hog_office_Merilyn,125,drift,2,moderate,144,1169.519183928402,True,116.0,0.13194444444444445,1556.891179079807
PatchTST-SSL(global-MAD),Hog_office_Merilyn,125,spike,3,obvious,2,68.9364713067383,True,1.0,0.5,62.08536046229632
PatchTST-SSL(global-MAD),Hog_office_Merilyn,125,drift,3,obvious,240,4985.299664411465,True,69.0,0.5041666666666667,3564.1183777713463
PatchTST-SSL(global-MAD),Hog_office_Merilyn,125,drift,1,subtle,240,835.1560058605207,True,232.0,0.004166666666666667,2494.033717369569
PatchTST-SSL(global-MAD),Hog_office_Merilyn,125,spike,3,obvious,1,84.91700938866047,True,0.0,1.0,79.95911270062753
PatchTST-SSL(global-MAD),Hog_office_Miriam,125,schedule,3,obvious,168,579.523393038525,False,,0.0,442.6936006938069
PatchTST-SSL(global-MAD),Hog_office_Miriam,125,spike,3,obvious,5,157.02585229495435,True,2.0,0.6,167.99776223541468
PatchTST-SSL(global-MAD),Hog_office_Miriam,125,spike,1,subtle,5,62.78051802257753,True,3.0,0.4,64.01528711020302
PatchTST-SSL(global-MAD),Hog_office_Miriam,125,schedule,3,obvious,96,157.6681316218665,False,,0.0,433.71522342650974
PatchTST-SSL(global-MAD),Hog_office_Miriam,125,spike,2,moderate,2,44.26055572448596,True,1.0,0.5,44.047853454501336
PatchTST-SSL(global-MAD),Hog_office_Miriam,125,schedule,2,moderate,192,28.056166232973396,True,1.0,0.13020833333333334,552.3224745785373
PatchTST-SSL(global-MAD),Hog_office_Napoleon,125,drift,2,moderate,144,4716.952247147733,True,118.0,0.04861111111111111,5181.428856120767
PatchTST-SSL(global-MAD),Hog_office_Napoleon,125,spike,1,subtle,2,137.95448590699337,True,1.0,0.5,126.58283197376862
PatchTST-SSL(global-MAD),Hog_office_Napoleon,125,schedule,3,obvious,168,1082.6103935191493,False,,0.0,3407.743190194333
PatchTST-SSL(global-MAD),Hog_office_Napoleon,125,spike,3,obvious,1,273.71167561006234,True,0.0,1.0,326.0694208518587
PatchTST-SSL(global-MAD),Hog_office_Napoleon,125,spike,3,obvious,3,412.9367145410827,True,1.0,0.6666666666666666,471.7204594277341
PatchTST-SSL(global-MAD),Hog_office_Napoleon,125,spike,1,subtle,2,120.95556051409783,True,1.0,0.5,109.61417496649025
PatchTST-SSL(global-MAD),Hog_office_Shawna,125,spike,1,subtle,2,313.6379115139518,True,1.0,0.5,361.82130606763843
PatchTST-SSL(global-MAD),Hog_office_Shawna,125,schedule,1,subtle,120,16.141511134777772,False,,0.0,4767.491089408595
PatchTST-SSL(global-MAD),Hog_office_Shawna,125,spike,2,moderate,3,683.8372554129211,True,1.0,0.6666666666666666,692.924595353487
PatchTST-SSL(global-MAD),Hog_office_Shawna,125,schedule,3,obvious,120,3559.624181799263,False,,0.0,6082.289229558515
PatchTST-SSL(global-MAD),Hog_office_Shawna,125,schedule,2,moderate,144,2117.593778393931,False,,0.0,6239.853661634776
PatchTST-SSL(global-MAD),Hog_office_Shawna,125,spike,1,subtle,4,454.5232692677954,False,,0.0,364.08277127310896
PatchTST-SSL(global-MAD),Hog_office_Shawnna,125,schedule,2,moderate,168,2552.153783435699,True,165.0,0.017857142857142856,4169.172524815451
PatchTST-SSL(global-MAD),Hog_office_Shawnna,125,spike,2,moderate,1,979.2760644445437,True,0.0,1.0,1052.8945340614864
PatchTST-SSL(global-MAD),Hog_office_Shawnna,125,spike,3,obvious,4,2905.0130249591653,True,1.0,0.75,2921.193046689535
PatchTST-SSL(global-MAD),Hog_office_Shawnna,125,schedule,2,moderate,96,2594.702781314817,False,,0.0,157.39922614649
PatchTST-SSL(global-MAD),Hog_office_Shawnna,125,spike,2,moderate,5,1926.5792375601536,False,,0.0,2391.7163729997656
PatchTST-SSL(global-MAD),Hog_office_Shawnna,125,schedule,3,obvious,216,6193.786109199689,False,,0.0,13132.862846443815
PatchTST-SSL(global-MAD),Hog_office_Sherrie,125,spike,1,subtle,2,67.78790463192944,False,,0.0,72.61881754581154
PatchTST-SSL(global-MAD),Hog_office_Sherrie,125,drift,2,moderate,312,5893.056392735663,True,99.0,0.07692307692307693,7552.90978414493
PatchTST-SSL(global-MAD),Hog_office_Sherrie,125,drift,3,obvious,216,4222.303088303819,True,68.0,0.07407407407407407,4915.932426662659
PatchTST-SSL(global-MAD),Hog_office_Sherrie,125,drift,3,obvious,240,5690.77195280197,True,74.0,0.15833333333333333,6899.937287669965
PatchTST-SSL(global-MAD),Hog_office_Sherrie,125,drift,2,moderate,168,1160.5145644277036,False,,0.0,1850.9913041307786
PatchTST-SSL(global-MAD),Hog_office_Sherrie,125,spike,3,obvious,1,200.1296932408524,True,0.0,1.0,198.79505756128668
PatchTST-SSL(global-MAD),Hog_office_Shon,125,spike,1,subtle,5,216.7285392605703,False,,0.0,230.1672565326465
PatchTST-SSL(global-MAD),Hog_office_Shon,125,drift,2,moderate,120,2000.517973275528,True,69.0,0.19166666666666668,2707.346144824741
PatchTST-SSL(global-MAD),Hog_office_Shon,125,drift,3,obvious,312,21736.11668917782,False,,0.0,19835.513254098518
PatchTST-SSL(global-MAD),Hog_office_Shon,125,spike,3,obvious,5,435.00855328869727,True,2.0,0.6,381.87154660536214
PatchTST-SSL(global-MAD),Hog_office_Shon,125,spike,2,moderate,2,137.69489830862938,True,1.0,0.5,188.41729679486934
PatchTST-SSL(global-MAD),Hog_office_Shon,125,spike,3,obvious,2,215.0601984522419,True,1.0,0.5,202.6651170414182
PatchTST-SSL(global-MAD),Hog_office_Sydney,125,drift,1,subtle,312,10090.72902848742,True,102.0,0.01282051282051282,7667.83766703083
PatchTST-SSL(global-MAD),Hog_office_Sydney,125,drift,3,obvious,192,11552.378159444106,True,30.0,0.6666666666666666,12555.045744252611
PatchTST-SSL(global-MAD),Hog_office_Sydney,125,spike,1,subtle,2,107.40101118162318,True,1.0,0.5,94.46401783686444
PatchTST-SSL(global-MAD),Hog_office_Sydney,125,drift,1,subtle,144,1436.3776215795922,True,95.0,0.013888888888888888,2290.6119658469433
PatchTST-SSL(global-MAD),Hog_office_Sydney,125,spike,1,subtle,3,120.35248606515015,False,,0.0,94.44603521751915
PatchTST-SSL(global-MAD),Hog_office_Sydney,125,spike,1,subtle,3,134.44551911738682,True,2.0,0.3333333333333333,139.367106709291
PatchTST-SSL(global-MAD),Hog_office_Valda,125,drift,1,subtle,240,661.3711408953283,False,,0.0,1314.4489520373209
PatchTST-SSL(global-MAD),Hog_office_Valda,125,schedule,2,moderate,168,82.79700716384005,False,,0.0,43.928008781546644
PatchTST-SSL(global-MAD),Hog_office_Valda,125,spike,2,moderate,4,173.4631733998353,False,,0.0,160.26366596541902
PatchTST-SSL(global-MAD),Hog_office_Valda,125,drift,2,moderate,264,2769.782873715905,True,2.0,0.18181818181818182,4562.750145802847
PatchTST-SSL(global-MAD),Hog_office_Valda,125,spike,1,subtle,3,91.82340690935975,True,2.0,0.3333333333333333,43.959255153329266
PatchTST-SSL(global-MAD),Hog_office_Valda,125,spike,3,obvious,1,143.2802443165958,True,0.0,1.0,153.14349486017898
PatchTST-SSL(global-MAD),Lamb_education_Armando,125,schedule,3,obvious,120,1.1934745829660691,True,14.0,0.16666666666666666,3112.6891675619822
PatchTST-SSL(global-MAD),Lamb_education_Armando,125,spike,3,obvious,2,399.74267508277626,True,1.0,0.5,382.9998381135109
PatchTST-SSL(global-MAD),Lamb_education_Armando,125,spike,1,subtle,1,181.88666623841328,True,0.0,1.0,176.151525828936
PatchTST-SSL(global-MAD),Lamb_education_Armando,125,spike,2,moderate,3,311.1701632346293,True,2.0,0.3333333333333333,274.28704381845307
PatchTST-SSL(global-MAD),Lamb_education_Armando,125,drift,3,obvious,216,4189.596198085895,True,20.0,0.19907407407407407,11354.379659884678
PatchTST-SSL(global-MAD),Lamb_education_Armando,125,spike,2,moderate,3,298.4435139285549,True,1.0,0.6666666666666666,295.51198472550584
PatchTST-SSL(global-MAD),Lamb_education_Eula,125,spike,1,subtle,1,6.690699674565021,True,0.0,1.0,6.409474293182898
PatchTST-SSL(global-MAD),Lamb_education_Eula,125,drift,2,moderate,240,84.1414837512204,True,12.0,0.0125,319.1976678401485
PatchTST-SSL(global-MAD),Lamb_education_Eula,125,drift,2,moderate,168,44.64918931234279,True,20.0,0.017857142857142856,47.212354872536736
PatchTST-SSL(global-MAD),Lamb_education_Eula,125,spike,1,subtle,4,10.101430544618829,False,,0.0,9.252338281614314
PatchTST-SSL(global-MAD),Lamb_education_Eula,125,drift,3,obvious,120,39.955048544124566,False,,0.0,201.6785351838546
PatchTST-SSL(global-MAD),Lamb_education_Eula,125,spike,3,obvious,3,22.257380646063886,True,1.0,0.6666666666666666,29.478634882991138
PatchTST-SSL(global-MAD),Lamb_education_Lazaro,125,drift,1,subtle,168,199.56667718910816,False,,0.0,12.542264644504261
PatchTST-SSL(global-MAD),Lamb_education_Lazaro,125,spike,1,subtle,3,146.2616500912896,True,2.0,0.3333333333333333,129.64888931539298
PatchTST-SSL(global-MAD),Lamb_education_Lazaro,125,spike,3,obvious,4,445.1755338537366,True,2.0,0.5,427.07667926958413
PatchTST-SSL(global-MAD),Lamb_education_Lazaro,125,drift,2,moderate,264,2062.639357213663,True,11.0,0.13636363636363635,9427.018677586955
PatchTST-SSL(global-MAD),Lamb_education_Lazaro,125,drift,1,subtle,192,416.463144323934,True,16.0,0.046875,2739.508046264662
PatchTST-SSL(global-MAD),Lamb_education_Lazaro,125,drift,1,subtle,216,491.99455646137983,True,165.0,0.05555555555555555,824.6810160752163
PatchTST-SSL(global-MAD),Lamb_education_Lucas,125,drift,2,moderate,120,119.5016707324252,False,,0.0,36.33547164646127
PatchTST-SSL(global-MAD),Lamb_education_Lucas,125,spike,2,moderate,4,64.4787362913023,True,2.0,0.5,64.03678372557337
PatchTST-SSL(global-MAD),Lamb_education_Lucas,125,spike,3,obvious,1,60.67999960371594,True,0.0,1.0,61.393641524375845
PatchTST-SSL(global-MAD),Lamb_education_Lucas,125,schedule,3,obvious,72,15.547596446667187,True,15.0,0.1527777777777778,360.81104053349975
PatchTST-SSL(global-MAD),Lamb_education_Lucas,125,drift,1,subtle,240,204.83694269880996,True,67.0,0.12083333333333333,963.5361574014128
PatchTST-SSL(global-MAD),Lamb_education_Lucas,125,spike,3,obvious,5,123.35494196224937,True,2.0,0.6,115.19915475981867
PatchTST-SSL(global-MAD),Lamb_education_Mae,125,schedule,3,obvious,192,707.7055646019003,False,,0.0,1051.288434192168
PatchTST-SSL(global-MAD),Lamb_education_Mae,125,spike,2,moderate,4,434.5193321882207,True,2.0,0.5,307.8084467863273
PatchTST-SSL(global-MAD),Lamb_education_Mae,125,drift,3,obvious,168,4279.320062963822,True,47.0,0.06547619047619048,9282.579059208869
PatchTST-SSL(global-MAD),Lamb_education_Mae,125,spike,1,subtle,5,416.061573940696,True,3.0,0.4,416.96110421836204
PatchTST-SSL(global-MAD),Lamb_education_Mae,125,drift,1,subtle,144,877.5414005948726,False,,0.0,3879.713041282819
PatchTST-SSL(global-MAD),Lamb_education_Mae,125,drift,2,moderate,144,1987.2812368441187,True,68.0,0.1111111111111111,4633.872183852227
PatchTST-SSL(global-MAD),Lamb_education_Williams,125,drift,2,moderate,192,993.7413147792987,True,1.0,0.13020833333333334,4326.463647374541
PatchTST-SSL(global-MAD),Lamb_education_Williams,125,spike,1,subtle,5,265.7690347821638,True,3.0,0.4,251.13788738424785
PatchTST-SSL(global-MAD),Lamb_education_Williams,125,spike,2,moderate,2,234.79118643839578,True,1.0,0.5,210.93547908935838
PatchTST-SSL(global-MAD),Lamb_education_Williams,125,spike,3,obvious,3,445.97474150476165,True,1.0,0.6666666666666666,417.9807153752439
PatchTST-SSL(global-MAD),Lamb_education_Williams,125,schedule,3,obvious,120,206.46617688107503,True,65.0,0.13333333333333333,2627.8290480633814
PatchTST-SSL(global-MAD),Lamb_education_Williams,125,spike,2,moderate,1,228.2045694366033,True,0.0,1.0,264.98836043704705
PatchTST-SSL(global-MAD),Lamb_office_Caitlin,125,schedule,3,obvious,120,387.3312010228129,False,,0.0,105.26594303740991
PatchTST-SSL(global-MAD),Lamb_office_Caitlin,125,drift,2,moderate,264,1503.7557897394063,True,86.0,0.007575757575757576,195.03008832307916
PatchTST-SSL(global-MAD),Lamb_office_Caitlin,125,drift,3,obvious,288,3186.0441444924627,True,85.0,0.003472222222222222,611.8250322567015
PatchTST-SSL(global-MAD),Lamb_office_Caitlin,125,drift,2,moderate,168,656.6603062278259,False,,0.0,14.44339299871692
PatchTST-SSL(global-MAD),Lamb_office_Caitlin,125,spike,2,moderate,2,275.7887601997688,True,1.0,0.5,261.35744408786246
PatchTST-SSL(global-MAD),Lamb_office_Caitlin,125,spike,2,moderate,3,394.2911673996349,True,1.0,0.6666666666666666,338.7930715621522
PatchTST-SSL(global-MAD),Lamb_office_Velma,125,spike,3,obvious,4,835.24176345517,True,1.0,0.75,986.7383918613214
PatchTST-SSL(global-MAD),Lamb_office_Velma,125,spike,2,moderate,4,488.9701505503433,True,1.0,0.75,800.0822307870508
PatchTST-SSL(global-MAD),Lamb_office_Velma,125,drift,1,subtle,120,977.7376980269868,False,,0.0,3689.323362997025
PatchTST-SSL(global-MAD),Lamb_office_Velma,125,drift,2,moderate,264,11288.878643994793,True,56.0,0.14393939393939395,18218.98188749583
PatchTST-SSL(global-MAD),Lamb_office_Velma,125,spike,2,moderate,3,407.53838309396895,True,2.0,0.3333333333333333,380.0366159278184
PatchTST-SSL(global-MAD),Lamb_office_Velma,125,spike,2,moderate,4,531.175643613273,True,2.0,0.5,476.0757154374475
PatchTST-SSL(global-MAD),Rat_retail_Jeffrey,125,spike,1,subtle,4,274.0071717515276,True,2.0,0.5,195.59141970534293
PatchTST-SSL(global-MAD),Rat_retail_Jeffrey,125,drift,2,moderate,240,5848.782780325441,True,51.0,0.058333333333333334,4575.884852923247
PatchTST-SSL(global-MAD),Rat_retail_Jeffrey,125,spike,2,moderate,5,605.3830290267529,True,2.0,0.6,460.79436592131526
PatchTST-SSL(global-MAD),Rat_retail_Jeffrey,125,spike,1,subtle,4,237.823478890623,True,2.0,0.5,248.80153550656854
PatchTST-SSL(global-MAD),Rat_retail_Jeffrey,125,spike,3,obvious,1,329.0382503598847,True,0.0,1.0,337.4967797929018
PatchTST-SSL(global-MAD),Rat_retail_Jeffrey,125,spike,2,moderate,4,448.5396392666252,True,1.0,0.75,487.4969652769735
PatchTST-SSL(global-MAD),Robin_education_Zenia,125,spike,2,moderate,5,318.0746005878816,True,2.0,0.6,623.1907214719827
PatchTST-SSL(global-MAD),Robin_education_Zenia,125,drift,1,subtle,288,7684.58034520667,True,153.0,0.020833333333333332,25462.26061508753
PatchTST-SSL(global-MAD),Robin_education_Zenia,125,spike,1,subtle,4,221.19370506177228,True,2.0,0.5,483.31711322755245
PatchTST-SSL(global-MAD),Robin_education_Zenia,125,spike,1,subtle,2,115.38557172702771,True,0.0,1.0,384.0310915897646
PatchTST-SSL(global-MAD),Robin_education_Zenia,125,drift,1,subtle,288,7316.344667072699,True,13.0,0.20833333333333334,28553.357366338118
PatchTST-SSL(global-MAD),Robin_education_Zenia,125,spike,2,moderate,1,182.6560142466909,True,0.0,1.0,311.97015648155764
PatchTST-SSL(global-MAD),Robin_office_Dina,125,schedule,3,obvious,216,169.6877846016588,True,7.0,0.06018518518518518,1381.9653974190383
PatchTST-SSL(global-MAD),Robin_office_Dina,125,drift,3,obvious,168,2676.149080501228,True,0.0,0.30357142857142855,2742.1612558159472
PatchTST-SSL(global-MAD),Robin_office_Dina,125,spike,3,obvious,3,109.70001649846563,True,2.0,0.3333333333333333,112.11702294995318
PatchTST-SSL(global-MAD),Robin_office_Dina,125,drift,1,subtle,192,557.1814272127779,True,158.0,0.041666666666666664,970.5783487595272
PatchTST-SSL(global-MAD),Robin_office_Dina,125,spike,1,subtle,5,72.51704449816964,True,3.0,0.4,80.19082669076906
PatchTST-SSL(global-MAD),Robin_office_Dina,125,schedule,3,obvious,120,128.57224582658398,True,24.0,0.041666666666666664,807.1630815403603
PatchTST-SSL(global-MAD),Robin_office_Sammie,125,drift,3,obvious,264,18298.902736260905,True,84.0,0.17424242424242425,19456.736499841983
PatchTST-SSL(global-MAD),Robin_office_Sammie,125,schedule,2,moderate,192,18.074637820832336,False,,0.0,2180.701814494677
PatchTST-SSL(global-MAD),Robin_office_Sammie,125,spike,3,obvious,1,204.63879598031215,True,0.0,1.0,229.51489558831304
PatchTST-SSL(global-MAD),Robin_office_Sammie,125,drift,2,moderate,168,4294.326389896674,True,42.0,0.19642857142857142,4217.105492075265
PatchTST-SSL(global-MAD),Robin_office_Sammie,125,drift,2,moderate,192,4966.157305493951,False,,0.0,6596.377645186173
PatchTST-SSL(global-MAD),Robin_office_Sammie,125,spike,1,subtle,4,174.44843902348026,False,,0.0,314.01649108577146
PatchTST-SSL(global-MAD),Shrew_office_Doris,125,drift,1,subtle,120,1082.0083293285486,True,29.0,0.18333333333333332,4598.436930414432
PatchTST-SSL(global-MAD),Shrew_office_Doris,125,spike,3,obvious,1,461.5699763173361,True,0.0,1.0,467.97443222722006
PatchTST-SSL(global-MAD),Shrew_office_Doris,125,spike,1,subtle,2,241.8652026947672,True,1.0,0.5,234.21242126163216
PatchTST-SSL(global-MAD),Shrew_office_Doris,125,drift,2,moderate,288,18382.782475357173,True,91.0,0.12152777777777778,20701.558282075763
PatchTST-SSL(global-MAD),Shrew_office_Doris,125,schedule,3,obvious,72,48.69158738777398,False,,0.0,1066.5822806950925
PatchTST-SSL(global-MAD),Shrew_office_Doris,125,schedule,3,obvious,96,120.65365213163807,False,,0.0,1283.705091385446
PatchTST-SSL(global-MAD),Shrew_office_Ila,125,drift,3,obvious,120,4980.057438458025,False,,0.0,7307.512186522945
PatchTST-SSL(global-MAD),Shrew_office_Ila,125,spike,3,obvious,3,466.4077483285107,True,1.0,0.6666666666666666,690.3746133850475
PatchTST-SSL(global-MAD),Shrew_office_Ila,125,drift,1,subtle,192,3942.6429638529935,True,74.0,0.125,7984.596021725433
PatchTST-SSL(global-MAD),Shrew_office_Ila,125,spike,1,subtle,2,152.98568731421085,False,,0.0,141.5676634606616
PatchTST-SSL(global-MAD),Shrew_office_Ila,125,spike,2,moderate,2,250.3241169224834,True,1.0,0.5,226.19567030952481
PatchTST-SSL(global-MAD),Shrew_office_Ila,125,spike,1,subtle,2,122.0473460947881,True,1.0,0.5,122.21039896064583
PatchTST-SSL(global-MAD),Shrew_office_Kenneth,125,schedule,2,moderate,96,45.06488055035239,False,,0.0,0.0
PatchTST-SSL(global-MAD),Shrew_office_Kenneth,125,schedule,3,obvious,144,223.94966667746283,False,,0.0,279.28828300838035
PatchTST-SSL(global-MAD),Shrew_office_Kenneth,125,spike,1,subtle,2,57.50642214860222,True,1.0,0.5,48.45418188644026
PatchTST-SSL(global-MAD),Shrew_office_Kenneth,125,drift,3,obvious,240,4470.540824718164,True,40.0,0.12916666666666668,5068.787945443271
PatchTST-SSL(global-MAD),Shrew_office_Kenneth,125,spike,1,subtle,5,148.21042491794591,True,4.0,0.2,139.8722716881365
PatchTST-SSL(global-MAD),Shrew_office_Kenneth,125,drift,3,obvious,168,2316.4706616493195,True,35.0,0.5178571428571429,1181.1752506369423
PatchTST-SSL(global-MAD),Shrew_office_Nora,125,schedule,3,obvious,216,4514.662713075832,False,,0.0,7400.294952610666
PatchTST-SSL(global-MAD),Shrew_office_Nora,125,spike,1,subtle,5,492.7539341376733,True,4.0,0.2,510.11018638690734
PatchTST-SSL(global-MAD),Shrew_office_Nora,125,spike,1,subtle,3,346.1721874953224,False,,0.0,515.8839036915397
PatchTST-SSL(global-MAD),Shrew_office_Nora,125,spike,1,subtle,2,230.5830463599992,True,1.0,0.5,363.98098500724
PatchTST-SSL(global-MAD),Shrew_office_Nora,125,drift,1,subtle,264,7615.654361754455,True,240.0,0.015151515151515152,12887.035279738971
PatchTST-SSL(global-MAD),Shrew_office_Nora,125,spike,2,moderate,5,936.2217800892317,False,,0.0,1087.2999293029077
PatchTST-SSL(global-MAD),Shrew_office_Sherill,125,spike,1,subtle,4,866.5897262353003,True,2.0,0.5,618.6650650402282
PatchTST-SSL(global-MAD),Shrew_office_Sherill,125,drift,3,obvious,216,29783.352961436343,True,128.0,0.09259259259259259,35993.10148717161
PatchTST-SSL(global-MAD),Shrew_office_Sherill,125,spike,2,moderate,3,856.8929742368821,True,2.0,0.3333333333333333,884.9500232039759
PatchTST-SSL(global-MAD),Shrew_office_Sherill,125,spike,3,obvious,2,1071.2140890613477,True,1.0,0.5,1061.7894477102466
PatchTST-SSL(global-MAD),Shrew_office_Sherill,125,spike,3,obvious,5,2463.4614158129157,True,2.0,0.6,2464.1334576927775
PatchTST-SSL(global-MAD),Shrew_office_Sherill,125,drift,1,subtle,192,6998.702088032382,True,58.0,0.036458333333333336,12405.461357872253
PatchTST-SSL(global-MAD),Wolf_office_Darleen,125,drift,2,moderate,120,604.8468589549041,True,37.0,0.058333333333333334,871.98833898458
PatchTST-SSL(global-MAD),Wolf_office_Darleen,125,drift,2,moderate,120,809.9907742251621,False,,0.0,1209.9597586063155
PatchTST-SSL(global-MAD),Wolf_office_Darleen,125,spike,1,subtle,3,122.46553220229873,True,2.0,0.3333333333333333,101.10304815028906
PatchTST-SSL(global-MAD),Wolf_office_Darleen,125,spike,1,subtle,3,108.23648906363294,True,2.0,0.3333333333333333,102.68871264692643
PatchTST-SSL(global-MAD),Wolf_office_Darleen,125,spike,2,moderate,3,163.1594691481757,True,1.0,0.6666666666666666,196.20795504820322
PatchTST-SSL(global-MAD),Wolf_office_Darleen,125,schedule,3,obvious,192,273.8121535500858,False,,0.0,168.34698753185333
PatchTST-SSL(global-MAD),Wolf_retail_Harriett,125,schedule,2,moderate,216,142.5025617723444,False,,0.0,3894.120232875268
PatchTST-SSL(global-MAD),Wolf_retail_Harriett,125,spike,2,moderate,3,172.0596117916607,True,2.0,0.3333333333333333,169.23983549918432
PatchTST-SSL(global-MAD),Wolf_retail_Harriett,125,spike,3,obvious,2,178.4149864623138,True,1.0,0.5,175.62389055365625
PatchTST-SSL(global-MAD),Wolf_retail_Harriett,125,schedule,3,obvious,168,658.908355179765,False,,0.0,1850.5162117116092
PatchTST-SSL(global-MAD),Wolf_retail_Harriett,125,schedule,1,subtle,192,5.625535634244642,True,109.0,0.010416666666666666,2374.7562273834183
PatchTST-SSL(global-MAD),Wolf_retail_Harriett,125,schedule,2,moderate,144,9.462371733532182,False,,0.0,2302.9309964366494
PatchTST-SSL(global-MAD),Wolf_retail_Marcella,125,drift,2,moderate,288,742.5704258791877,True,7.0,0.034722222222222224,666.1763983851896
PatchTST-SSL(global-MAD),Wolf_retail_Marcella,125,spike,2,moderate,4,32.739046582217696,True,2.0,0.5,42.61307498127249
PatchTST-SSL(global-MAD),Wolf_retail_Marcella,125,spike,3,obvious,4,55.581626180626806,False,,0.0,53.091005506685015
PatchTST-SSL(global-MAD),Wolf_retail_Marcella,125,drift,3,obvious,144,366.00807132346256,True,34.0,0.013888888888888888,362.65019749728003
PatchTST-SSL(global-MAD),Wolf_retail_Marcella,125,schedule,3,obvious,120,26.339615339195092,True,79.0,0.008333333333333333,247.916065008781
PatchTST-SSL(global-MAD),Wolf_retail_Marcella,125,spike,1,subtle,5,25.69306637295704,False,,0.0,16.70385059198847
PatchTST-SSL(global-MAD),Wolf_retail_Toshia,125,spike,2,moderate,3,362.2002037670109,True,2.0,0.3333333333333333,324.38310753657083
PatchTST-SSL(global-MAD),Wolf_retail_Toshia,125,spike,3,obvious,4,937.5253054435932,True,0.0,1.0,1283.6445210238546
PatchTST-SSL(global-MAD),Wolf_retail_Toshia,125,drift,2,moderate,240,4174.144085798001,False,,0.0,2927.591544281635
PatchTST-SSL(global-MAD),Wolf_retail_Toshia,125,spike,1,subtle,3,225.5825258936449,True,2.0,0.3333333333333333,214.15709316352655
PatchTST-SSL(global-MAD),Wolf_retail_Toshia,125,schedule,3,obvious,96,70.7135913640611,False,,0.0,1647.4103788612365
PatchTST-SSL(global-MAD),Wolf_retail_Toshia,125,drift,2,moderate,144,1585.0846732926336,True,32.0,0.08333333333333333,4703.942667487003
HOW-profile(HoW-cond),Fox_education_Henrietta,125,drift,3,obvious,120,543.6776343474405,True,41.0,0.10833333333333334,437.71243167996647
HOW-profile(HoW-cond),Fox_education_Henrietta,125,drift,3,obvious,240,2141.019036959888,True,10.0,0.24166666666666667,3200.2104503002565
HOW-profile(HoW-cond),Fox_education_Henrietta,125,drift,1,subtle,288,476.4946025631397,False,,0.0,391.31628966192
HOW-profile(HoW-cond),Fox_education_Henrietta,125,spike,1,subtle,4,62.13982155094737,False,,0.0,75.24982155094736
HOW-profile(HoW-cond),Fox_education_Henrietta,125,spike,2,moderate,5,140.44990776891177,False,,0.0,134.9899077689118
HOW-profile(HoW-cond),Fox_education_Henrietta,125,spike,1,subtle,5,66.13491765552413,True,3.0,0.4,38.84155510232887
HOW-profile(HoW-cond),Fox_retail_Manie,125,schedule,3,obvious,144,368.04709591272024,True,6.0,0.2708333333333333,1474.4990393869816
HOW-profile(HoW-cond),Fox_retail_Manie,125,spike,1,subtle,1,123.19706914419866,True,0.0,1.0,139.39706914419864
HOW-profile(HoW-cond),Fox_retail_Manie,125,spike,2,moderate,5,421.05161512855886,True,1.0,0.8,649.9716151285588
HOW-profile(HoW-cond),Fox_retail_Manie,125,drift,3,obvious,240,8151.129348647555,True,163.0,0.0625,8354.282975809543
HOW-profile(HoW-cond),Fox_retail_Manie,125,spike,1,subtle,1,120.95524489933428,True,0.0,1.0,175.62524489933426
HOW-profile(HoW-cond),Fox_retail_Manie,125,schedule,3,obvious,192,426.66194710076456,False,,0.0,1324.9463510354258
HOW-profile(HoW-cond),Hog_education_Bruno,125,spike,1,subtle,5,400.40328920967283,True,1.0,0.8,422.52028920967285
HOW-profile(HoW-cond),Hog_education_Bruno,125,drift,1,subtle,288,10943.930462314776,True,16.0,0.5486111111111112,10142.087424979169
HOW-profile(HoW-cond),Hog_education_Bruno,125,drift,3,obvious,168,19882.024337608516,True,3.0,0.9523809523809523,21700.279337608514
HOW-profile(HoW-cond),Hog_education_Bruno,125,schedule,3,obvious,96,3.769674119454777,False,,0.0,535.7365449412968
HOW-profile(HoW-cond),Hog_education_Bruno,125,spike,3,obvious,1,404.27360964432347,True,0.0,1.0,403.4426096443235
HOW-profile(HoW-cond),Hog_education_Bruno,125,spike,2,moderate,3,327.13560661465135,True,1.0,0.6666666666666666,347.9256066146514
HOW-profile(HoW-cond),Hog_education_Caridad,125,drift,1,subtle,216,28386.38275238724,True,5.0,0.018518518518518517,23173.061403577296
HOW-profile(HoW-cond),Hog_education_Caridad,125,schedule,3,obvious,168,40300.39042463366,False,,0.0,2979.4078855049465
HOW-profile(HoW-cond),Hog_education_Caridad,125,drift,2,moderate,120,28596.337097434516,True,44.0,0.425,22849.637128541362
HOW-profile(HoW-cond),Hog_education_Caridad,125,spike,1,subtle,3,3615.9659871725003,True,1.0,0.6666666666666666,3404.8809871725
HOW-profile(HoW-cond),Hog_education_Caridad,125,schedule,2,moderate,216,9175.068368269809,True,177.0,0.004629629629629629,8542.384451189775
HOW-profile(HoW-cond),Hog_education_Caridad,125,spike,3,obvious,4,14222.668954687539,True,1.0,0.75,14098.93295468754
HOW-profile(HoW-cond),Hog_education_Josh,125,drift,3,obvious,144,7730.505083483085,True,32.0,0.013888888888888888,11799.695736284839
HOW-profile(HoW-cond),Hog_education_Josh,125,schedule,3,obvious,72,11.784679011288034,False,,0.0,5086.929679011289
HOW-profile(HoW-cond),Hog_education_Josh,125,spike,1,subtle,5,575.7182019786903,True,3.0,0.4,420.25754141192033
HOW-profile(HoW-cond),Hog_education_Josh,125,spike,1,subtle,1,242.4107462956211,True,0.0,1.0,275.5247462956211
HOW-profile(HoW-cond),Hog_education_Josh,125,drift,2,moderate,216,11163.141504512632,True,40.0,0.125,20933.345928239454
HOW-profile(HoW-cond),Hog_education_Josh,125,spike,1,subtle,4,389.0732811986469,True,3.0,0.25,552.2922811986468
HOW-profile(HoW-cond),Hog_education_Luvenia,125,schedule,3,obvious,216,78.81606669111721,True,2.0,0.10185185185185185,5644.286349229635
HOW-profile(HoW-cond),Hog_education_Luvenia,125,spike,3,obvious,1,701.6027863582609,True,0.0,1.0,674.8597863582611
HOW-profile(HoW-cond),Hog_education_Luvenia,125,schedule,3,obvious,144,243.05596690490262,True,78.0,0.006944444444444444,1482.2813089984916
HOW-profile(HoW-cond),Hog_education_Luvenia,125,drift,1,subtle,240,15728.352545379583,True,166.0,0.03333333333333333,14439.438369210804
HOW-profile(HoW-cond),Hog_education_Luvenia,125,spike,1,subtle,4,601.5568549222517,True,2.0,0.5,503.09485492225167
HOW-profile(HoW-cond),Hog_education_Luvenia,125,spike,3,obvious,3,1008.5508595886322,True,1.0,0.6666666666666666,1054.9378595886324
HOW-profile(HoW-cond),Hog_office_Almeda,125,schedule,3,obvious,144,920.7290323005243,True,12.0,0.24305555555555555,789.58630565285
HOW-profile(HoW-cond),Hog_office_Almeda,125,spike,1,subtle,1,97.60946352752082,True,0.0,1.0,97.90246352752085
HOW-profile(HoW-cond),Hog_office_Almeda,125,drift,3,obvious,120,2352.246882309896,True,32.0,0.14166666666666666,3438.0613823098956
HOW-profile(HoW-cond),Hog_office_Almeda,125,drift,3,obvious,168,4911.399663120952,True,36.0,0.3273809523809524,5985.785215982549
HOW-profile(HoW-cond),Hog_office_Almeda,125,drift,3,obvious,240,8255.633995193115,True,6.0,0.2125,11440.358461721986
HOW-profile(HoW-cond),Hog_office_Almeda,125,spike,2,moderate,4,290.3558219807369,False,,0.0,318.62782198073694
HOW-profile(HoW-cond),Hog_office_Cortney,125,spike,2,moderate,3,421.20877656343674,True,1.0,0.6666666666666666,411.12377656343676
HOW-profile(HoW-cond),Hog_office_Cortney,125,spike,3,obvious,2,402.6129107386708,True,1.0,0.5,411.83891073867073
HOW-profile(HoW-cond),Hog_office_Cortney,125,drift,2,moderate,168,1926.319983944104,True,127.0,0.09523809523809523,2033.7605243307464
HOW-profile(HoW-cond),Hog_office_Cortney,125,spike,3,obvious,3,566.8997263540168,True,1.0,0.6666666666666666,551.8327263540168
HOW-profile(HoW-cond),Hog_office_Cortney,125,spike,3,obvious,5,1037.6594788568552,True,1.0,0.8,1022.7924788568553
HOW-profile(HoW-cond),Hog_office_Cortney,125,spike,1,subtle,1,177.95406087120688,True,0.0,1.0,177.18256087120687
HOW-profile(HoW-cond),Hog_office_Denita,125,spike,1,subtle,1,104.74801112459913,True,0.0,1.0,99.49701112459914
HOW-profile(HoW-cond),Hog_office_Denita,125,spike,3,obvious,4,461.0964849863213,True,1.0,0.75,426.3629849863213
HOW-profile(HoW-cond),Hog_office_Denita,125,drift,3,obvious,120,2328.7237572547915,True,31.0,0.5083333333333333,2419.6812213779335
HOW-profile(HoW-cond),Hog_office_Denita,125,drift,3,obvious,264,9184.383096629303,True,27.0,0.4583333333333333,8695.491775451294
HOW-profile(HoW-cond),Hog_office_Denita,125,spike,3,obvious,1,240.12967598509266,False,,0.0,241.46867598509263
HOW-profile(HoW-cond),Hog_office_Denita,125,spike,2,moderate,5,370.8999155280089,False,,0.0,348.1159155280088
HOW-profile(HoW-cond),Hog_office_Garrett,125,drift,1,subtle,144,5415.773917719659,True,102.0,0.0625,951.3447724630398
HOW-profile(HoW-cond),Hog_office_Garrett,125,spike,2,moderate,1,1358.321923582699,True,0.0,1.0,1355.8579235826992
HOW-profile(HoW-cond),Hog_office_Garrett,125,spike,1,subtle,5,1923.2920380500757,True,1.0,0.8,1913.4140380500753
HOW-profile(HoW-cond),Hog_office_Garrett,125,drift,1,subtle,192,9343.256500347154,True,38.0,0.171875,9405.46559278824
HOW-profile(HoW-cond),Hog_office_Garrett,125,drift,3,obvious,192,38185.77099119585,True,4.0,0.5,33618.30587671148
HOW-profile(HoW-cond),Hog_office_Garrett,125,spike,1,subtle,5,2007.8707973715864,True,2.0,0.6,2073.1367973715865
HOW-profile(HoW-cond),Hog_office_Lavon,125,spike,1,subtle,1,1899.2445559390694,True,0.0,1.0,2269.2635559390696
HOW-profile(HoW-cond),Hog_office_Lavon,125,schedule,3,obvious,144,551.1258275222517,False,,0.0,1.2017538990744265
HOW-profile(HoW-cond),Hog_office_Lavon,125,schedule,2,moderate,72,28.97657684753743,False,,0.0,14606.51906409417
HOW-profile(HoW-cond),Hog_office_Lavon,125,spike,1,subtle,1,1451.4329425254064,True,0.0,1.0,1452.8059425254064
HOW-profile(HoW-cond),Hog_office_Lavon,125,spike,1,subtle,3,2051.267962265602,True,1.0,0.6666666666666666,2036.378962265602
HOW-profile(HoW-cond),Hog_office_Lavon,125,spike,2,moderate,1,2651.549822779352,False,,0.0,2639.9488227793518
HOW-profile(HoW-cond),Hog_office_Merilyn,125,schedule,3,obvious,192,182.75521306496756,False,,0.0,733.8365767045058
HOW-profile(HoW-cond),Hog_office_Merilyn,125,drift,2,moderate,144,1169.519183928402,True,111.0,0.20833333333333334,1240.661683928402
HOW-profile(HoW-cond),Hog_office_Merilyn,125,spike,3,obvious,2,68.9364713067383,True,1.0,0.5,55.54747130673831
HOW-profile(HoW-cond),Hog_office_Merilyn,125,drift,3,obvious,240,4985.299664411465,True,69.0,0.07916666666666666,2967.9531011075514
HOW-profile(HoW-cond),Hog_office_Merilyn,125,drift,1,subtle,240,835.1560058605207,True,232.0,0.004166666666666667,2052.494591690692
HOW-profile(HoW-cond),Hog_office_Merilyn,125,spike,3,obvious,1,84.91700938866047,True,0.0,1.0,83.23800938866049
HOW-profile(HoW-cond),Hog_office_Miriam,125,schedule,3,obvious,168,579.523393038525,False,,0.0,294.13930608681073
HOW-profile(HoW-cond),Hog_office_Miriam,125,spike,3,obvious,5,157.02585229495435,True,1.0,0.8,158.90435229495435
HOW-profile(HoW-cond),Hog_office_Miriam,125,spike,1,subtle,5,62.78051802257753,True,3.0,0.4,50.275551121410594
HOW-profile(HoW-cond),Hog_office_Miriam,125,schedule,3,obvious,96,157.6681316218665,False,,0.0,334.1646285216836
HOW-profile(HoW-cond),Hog_office_Miriam,125,spike,2,moderate,2,44.26055572448596,True,1.0,0.5,45.99255572448597
HOW-profile(HoW-cond),Hog_office_Miriam,125,schedule,2,moderate,192,28.056166232973396,True,3.0,0.010416666666666666,130.4930514728851
HOW-profile(HoW-cond),Hog_office_Napoleon,125,drift,2,moderate,144,4716.952247147733,True,48.0,0.1597222222222222,3839.7636304081734
HOW-profile(HoW-cond),Hog_office_Napoleon,125,spike,1,subtle,2,137.95448590699337,True,1.0,0.5,133.0964859069934
HOW-profile(HoW-cond),Hog_office_Napoleon,125,schedule,3,obvious,168,1082.6103935191493,True,22.0,0.017857142857142856,1865.2200285368997
HOW-profile(HoW-cond),Hog_office_Napoleon,125,spike,3,obvious,1,273.71167561006234,True,0.0,1.0,293.66867561006234
HOW-profile(HoW-cond),Hog_office_Napoleon,125,spike,3,obvious,3,412.9367145410827,True,1.0,0.6666666666666666,440.5737145410827
HOW-profile(HoW-cond),Hog_office_Napoleon,125,spike,1,subtle,2,120.95556051409783,True,1.0,0.5,128.6115605140978
HOW-profile(HoW-cond),Hog_office_Shawna,125,spike,1,subtle,2,313.6379115139518,True,1.0,0.5,339.57241151395186
HOW-profile(HoW-cond),Hog_office_Shawna,125,schedule,1,subtle,120,16.141511134777772,True,98.0,0.008333333333333333,1517.528
HOW-profile(HoW-cond),Hog_office_Shawna,125,spike,2,moderate,3,683.8372554129211,True,1.0,0.6666666666666666,664.2367554129211
HOW-profile(HoW-cond),Hog_office_Shawna,125,schedule,3,obvious,120,3559.624181799263,True,0.0,0.35,4387.871681799263
HOW-profile(HoW-cond),Hog_office_Shawna,125,schedule,2,moderate,144,2117.593778393931,True,8.0,0.18055555555555555,3707.9852783939314
HOW-profile(HoW-cond),Hog_office_Shawna,125,spike,1,subtle,4,454.5232692677954,False,,0.0,431.79576926779544
HOW-profile(HoW-cond),Hog_office_Shawnna,125,schedule,2,moderate,168,2552.153783435699,True,7.0,0.21428571428571427,1616.8066120230797
HOW-profile(HoW-cond),Hog_office_Shawnna,125,spike,2,moderate,1,979.2760644445437,True,0.0,1.0,983.3820644445439
HOW-profile(HoW-cond),Hog_office_Shawnna,125,spike,3,obvious,4,2905.0130249591653,True,1.0,0.75,2772.6760249591653
HOW-profile(HoW-cond),Hog_office_Shawnna,125,schedule,2,moderate,96,2594.702781314817,True,15.0,0.17708333333333334,696.866351179282
HOW-profile(HoW-cond),Hog_office_Shawnna,125,spike,2,moderate,5,1926.5792375601536,False,,0.0,2090.8492375601536
HOW-profile(HoW-cond),Hog_office_Shawnna,125,schedule,3,obvious,216,6193.786109199689,True,0.0,0.25,9733.006982193101
HOW-profile(HoW-cond),Hog_office_Sherrie,125,spike,1,subtle,2,67.78790463192944,False,,0.0,58.064904631929444
HOW-profile(HoW-cond),Hog_office_Sherrie,125,drift,2,moderate,312,5893.056392735663,True,5.0,0.46153846153846156,6990.198884219474
HOW-profile(HoW-cond),Hog_office_Sherrie,125,drift,3,obvious,216,4222.303088303819,True,85.0,0.27314814814814814,4313.023791158538
HOW-profile(HoW-cond),Hog_office_Sherrie,125,drift,3,obvious,240,5690.77195280197,True,35.0,0.6875,6023.09280225664
HOW-profile(HoW-cond),Hog_office_Sherrie,125,drift,2,moderate,168,1160.5145644277036,False,,0.0,1399.8128992109666
HOW-profile(HoW-cond),Hog_office_Sherrie,125,spike,3,obvious,1,200.1296932408524,True,0.0,1.0,201.82369324085238
HOW-profile(HoW-cond),Hog_office_Shon,125,spike,1,subtle,5,216.7285392605703,False,,0.0,199.0055392605703
HOW-profile(HoW-cond),Hog_office_Shon,125,drift,2,moderate,120,2000.517973275528,True,69.0,0.125,1994.2796670923274
HOW-profile(HoW-cond),Hog_office_Shon,125,drift,3,obvious,312,21736.11668917782,True,46.0,0.5544871794871795,18079.706731024435
HOW-profile(HoW-cond),Hog_office_Shon,125,spike,3,obvious,5,435.00855328869727,True,1.0,0.8,441.2915532886972
HOW-profile(HoW-cond),Hog_office_Shon,125,spike,2,moderate,2,137.69489830862938,True,1.0,0.5,181.8008983086294
HOW-profile(HoW-cond),Hog_office_Shon,125,spike,3,obvious,2,215.0601984522419,True,1.0,0.5,205.73919845224188
HOW-profile(HoW-cond),Hog_office_Sydney,125,drift,1,subtle,312,10090.72902848742,True,138.0,0.022435897435897436,5904.269313170065
HOW-profile(HoW-cond),Hog_office_Sydney,125,drift,3,obvious,192,11552.378159444106,True,30.0,0.734375,11298.363581801583
HOW-profile(HoW-cond),Hog_office_Sydney,125,spike,1,subtle,2,107.40101118162318,True,1.0,0.5,100.32301118162314
HOW-profile(HoW-cond),Hog_office_Sydney,125,drift,1,subtle,144,1436.3776215795922,True,22.0,0.18055555555555555,1135.325923564927
HOW-profile(HoW-cond),Hog_office_Sydney,125,spike,1,subtle,3,120.35248606515015,False,,0.0,117.08848606515015
HOW-profile(HoW-cond),Hog_office_Sydney,125,spike,1,subtle,3,134.44551911738682,True,1.0,0.6666666666666666,168.0325191173868
HOW-profile(HoW-cond),Hog_office_Valda,125,drift,1,subtle,240,661.3711408953283,False,,0.0,457.5022668896177
HOW-profile(HoW-cond),Hog_office_Valda,125,schedule,2,moderate,168,82.79700716384005,False,,0.0,16.215778666818647
HOW-profile(HoW-cond),Hog_office_Valda,125,spike,2,moderate,4,173.4631733998353,False,,0.0,169.47517339983528
HOW-profile(HoW-cond),Hog_office_Valda,125,drift,2,moderate,264,2769.782873715905,True,20.0,0.5303030303030303,3736.4053544551903
HOW-profile(HoW-cond),Hog_office_Valda,125,spike,1,subtle,3,91.82340690935975,True,2.0,0.3333333333333333,30.93904143217511
HOW-profile(HoW-cond),Hog_office_Valda,125,spike,3,obvious,1,143.2802443165958,True,0.0,1.0,144.7342443165958
HOW-profile(HoW-cond),Lamb_education_Armando,125,schedule,3,obvious,120,1.1934745829660691,True,99.0,0.016666666666666666,1740.493474582966
HOW-profile(HoW-cond),Lamb_education_Armando,125,spike,3,obvious,2,399.74267508277626,True,1.0,0.5,411.6426750827762
HOW-profile(HoW-cond),Lamb_education_Armando,125,spike,1,subtle,1,181.88666623841328,True,0.0,1.0,184.3366662384133
HOW-profile(HoW-cond),Lamb_education_Armando,125,spike,2,moderate,3,311.1701632346293,True,1.0,0.6666666666666666,300.7701632346293
HOW-profile(HoW-cond),Lamb_education_Armando,125,drift,3,obvious,216,4189.596198085895,True,8.0,0.4722222222222222,7936.246198085895
HOW-profile(HoW-cond),Lamb_education_Armando,125,spike,2,moderate,3,298.4435139285549,True,1.0,0.6666666666666666,296.1935139285549
HOW-profile(HoW-cond),Lamb_education_Eula,125,spike,1,subtle,1,6.690699674565021,True,0.0,1.0,6.39069967456502
HOW-profile(HoW-cond),Lamb_education_Eula,125,drift,2,moderate,240,84.1414837512204,True,16.0,0.09166666666666666,230.70946203351855
HOW-profile(HoW-cond),Lamb_education_Eula,125,drift,2,moderate,168,44.64918931234279,True,0.0,0.05952380952380952,34.37925858177596
HOW-profile(HoW-cond),Lamb_education_Eula,125,spike,1,subtle,4,10.101430544618829,False,,0.0,11.451430544618828
HOW-profile(HoW-cond),Lamb_education_Eula,125,drift,3,obvious,120,39.955048544124566,True,0.0,0.4,147.1528572248332
HOW-profile(HoW-cond),Lamb_education_Eula,125,spike,3,obvious,3,22.257380646063886,True,1.0,0.6666666666666666,23.307380646063887
HOW-profile(HoW-cond),Lamb_education_Lazaro,125,drift,1,subtle,168,199.56667718910816,False,,0.0,0.0
HOW-profile(HoW-cond),Lamb_education_Lazaro,125,spike,1,subtle,3,146.2616500912896,True,1.0,0.6666666666666666,149.0116500912896
HOW-profile(HoW-cond),Lamb_education_Lazaro,125,spike,3,obvious,4,445.1755338537366,True,1.0,0.75,476.5755338537366
HOW-profile(HoW-cond),Lamb_education_Lazaro,125,drift,2,moderate,264,2062.639357213663,False,,0.0,5937.939357213662
HOW-profile(HoW-cond),Lamb_education_Lazaro,125,drift,1,subtle,192,416.463144323934,False,,0.0,1019.334570644136
HOW-profile(HoW-cond),Lamb_education_Lazaro,125,drift,1,subtle,216,491.99455646137983,False,,0.0,339.01152889941795
HOW-profile(HoW-cond),Lamb_education_Lucas,125,drift,2,moderate,120,119.5016707324252,True,3.0,0.11666666666666667,41.49787267401421
HOW-profile(HoW-cond),Lamb_education_Lucas,125,spike,2,moderate,4,64.4787362913023,True,1.0,0.75,63.531736291302295
HOW-profile(HoW-cond),Lamb_education_Lucas,125,spike,3,obvious,1,60.67999960371594,True,0.0,1.0,52.505999603715935
HOW-profile(HoW-cond),Lamb_education_Lucas,125,schedule,3,obvious,72,15.547596446667187,True,13.0,0.06944444444444445,114.89721195462278
HOW-profile(HoW-cond),Lamb_education_Lucas,125,drift,1,subtle,240,204.83694269880996,True,10.0,0.15,452.4951736483827
HOW-profile(HoW-cond),Lamb_education_Lucas,125,spike,3,obvious,5,123.35494196224937,True,1.0,0.8,123.23944196224937
HOW-profile(HoW-cond),Lamb_education_Mae,125,schedule,3,obvious,192,707.7055646019003,True,122.0,0.005208333333333333,587.1982686919349
HOW-profile(HoW-cond),Lamb_education_Mae,125,spike,2,moderate,4,434.5193321882207,True,1.0,0.75,405.1193321882207
HOW-profile(HoW-cond),Lamb_education_Mae,125,drift,3,obvious,168,4279.320062963822,True,7.0,0.5833333333333334,6977.228262963823
HOW-profile(HoW-cond),Lamb_education_Mae,125,spike,1,subtle,5,416.061573940696,True,1.0,0.8,437.441173940696
HOW-profile(HoW-cond),Lamb_education_Mae,125,drift,1,subtle,144,877.5414005948726,False,,0.0,2258.041709147844
HOW-profile(HoW-cond),Lamb_education_Mae,125,drift,2,moderate,144,1987.2812368441187,True,44.0,0.19444444444444445,3417.9894368441187
HOW-profile(HoW-cond),Lamb_education_Williams,125,drift,2,moderate,192,993.7413147792987,True,10.0,0.4270833333333333,1931.7804546890757
HOW-profile(HoW-cond),Lamb_education_Williams,125,spike,1,subtle,5,265.7690347821638,True,1.0,0.8,258.26903478216377
HOW-profile(HoW-cond),Lamb_education_Williams,125,spike,2,moderate,2,234.79118643839578,True,1.0,0.5,233.5911864383958
HOW-profile(HoW-cond),Lamb_education_Williams,125,spike,3,obvious,3,445.97474150476165,True,1.0,0.6666666666666666,446.77474150476166
HOW-profile(HoW-cond),Lamb_education_Williams,125,schedule,3,obvious,120,206.46617688107503,True,6.0,0.175,997.4918934023609
HOW-profile(HoW-cond),Lamb_education_Williams,125,spike,2,moderate,1,228.2045694366033,True,0.0,1.0,225.1045694366033
HOW-profile(HoW-cond),Lamb_office_Caitlin,125,schedule,3,obvious,120,387.3312010228129,False,,0.0,69.12453943142378
HOW-profile(HoW-cond),Lamb_office_Caitlin,125,drift,2,moderate,264,1503.7557897394063,True,101.0,0.026515151515151516,60.90967525344168
HOW-profile(HoW-cond),Lamb_office_Caitlin,125,drift,3,obvious,288,3186.0441444924627,True,33.0,0.4965277777777778,1490.1488998343316
HOW-profile(HoW-cond),Lamb_office_Caitlin,125,drift,2,moderate,168,656.6603062278259,False,,0.0,0.0
HOW-profile(HoW-cond),Lamb_office_Caitlin,125,spike,2,moderate,2,275.7887601997688,True,1.0,0.5,202.23876019976876
HOW-profile(HoW-cond),Lamb_office_Caitlin,125,spike,2,moderate,3,394.2911673996349,True,1.0,0.6666666666666666,378.9911673996349
HOW-profile(HoW-cond),Lamb_office_Velma,125,spike,3,obvious,4,835.24176345517,True,1.0,0.75,899.5917634551702
HOW-profile(HoW-cond),Lamb_office_Velma,125,spike,2,moderate,4,488.9701505503433,True,1.0,0.75,612.3701505503434
HOW-profile(HoW-cond),Lamb_office_Velma,125,drift,1,subtle,120,977.7376980269868,False,,0.0,1941.2722644148214
HOW-profile(HoW-cond),Lamb_office_Velma,125,drift,2,moderate,264,11288.878643994793,True,47.0,0.4053030303030303,15294.44492312961
HOW-profile(HoW-cond),Lamb_office_Velma,125,spike,2,moderate,3,407.53838309396895,True,1.0,0.6666666666666666,419.1883830939689
HOW-profile(HoW-cond),Lamb_office_Velma,125,spike,2,moderate,4,531.175643613273,True,1.0,0.75,574.875643613273
HOW-profile(HoW-cond),Rat_retail_Jeffrey,125,spike,1,subtle,4,274.0071717515276,True,3.0,0.25,207.2771717515276
HOW-profile(HoW-cond),Rat_retail_Jeffrey,125,drift,2,moderate,240,5848.782780325441,True,3.0,0.3458333333333333,6594.528436215444
HOW-profile(HoW-cond),Rat_retail_Jeffrey,125,spike,2,moderate,5,605.3830290267529,True,2.0,0.6,581.6230290267529
HOW-profile(HoW-cond),Rat_retail_Jeffrey,125,spike,1,subtle,4,237.823478890623,True,2.0,0.5,244.64347889062296
HOW-profile(HoW-cond),Rat_retail_Jeffrey,125,spike,3,obvious,1,329.0382503598847,True,0.0,1.0,332.22325035988473
HOW-profile(HoW-cond),Rat_retail_Jeffrey,125,spike,2,moderate,4,448.5396392666252,True,1.0,0.75,453.68963926662525
HOW-profile(HoW-cond),Robin_education_Zenia,125,spike,2,moderate,5,318.0746005878816,True,1.0,0.8,682.2304005878816
HOW-profile(HoW-cond),Robin_education_Zenia,125,drift,1,subtle,288,7684.58034520667,True,5.0,0.09027777777777778,23529.43654520667
HOW-profile(HoW-cond),Robin_education_Zenia,125,spike,1,subtle,4,221.19370506177228,True,0.0,1.0,584.0216050617723
HOW-profile(HoW-cond),Robin_education_Zenia,125,spike,1,subtle,2,115.38557172702771,True,1.0,0.5,298.3995717270277
HOW-profile(HoW-cond),Robin_education_Zenia,125,drift,1,subtle,288,7316.344667072699,True,7.0,0.10069444444444445,26569.022767072696
HOW-profile(HoW-cond),Robin_education_Zenia,125,spike,2,moderate,1,182.6560142466909,True,0.0,1.0,281.5560142466909
HOW-profile(HoW-cond),Robin_office_Dina,125,schedule,3,obvious,216,169.6877846016588,True,6.0,0.027777777777777776,1055.4506519391346
HOW-profile(HoW-cond),Robin_office_Dina,125,drift,3,obvious,168,2676.149080501228,True,28.0,0.5059523809523809,2738.3156305012285
HOW-profile(HoW-cond),Robin_office_Dina,125,spike,3,obvious,3,109.70001649846563,True,1.0,0.6666666666666666,109.58521649846561
HOW-profile(HoW-cond),Robin_office_Dina,125,drift,1,subtle,192,557.1814272127779,True,33.0,0.020833333333333332,767.0304066313881
HOW-profile(HoW-cond),Robin_office_Dina,125,spike,1,subtle,5,72.51704449816964,True,2.0,0.6,84.26704449816964
HOW-profile(HoW-cond),Robin_office_Dina,125,schedule,3,obvious,120,128.57224582658398,True,20.0,0.041666666666666664,634.7010747901631
HOW-profile(HoW-cond),Robin_office_Sammie,125,drift,3,obvious,264,18298.902736260905,True,13.0,0.29545454545454547,19102.174433458007
HOW-profile(HoW-cond),Robin_office_Sammie,125,schedule,2,moderate,192,18.074637820832336,True,132.0,0.015625,850.6381500000001
HOW-profile(HoW-cond),Robin_office_Sammie,125,spike,3,obvious,1,204.63879598031215,True,0.0,1.0,201.9637959803122
HOW-profile(HoW-cond),Robin_office_Sammie,125,drift,2,moderate,168,4294.326389896674,True,18.0,0.4523809523809524,3566.3371913155033
HOW-profile(HoW-cond),Robin_office_Sammie,125,drift,2,moderate,192,4966.157305493951,False,,0.0,5514.761464971498
HOW-profile(HoW-cond),Robin_office_Sammie,125,spike,1,subtle,4,174.44843902348026,False,,0.0,271.5484390234803
HOW-profile(HoW-cond),Shrew_office_Doris,125,drift,1,subtle,120,1082.0083293285486,False,,0.0,2884.983444920199
HOW-profile(HoW-cond),Shrew_office_Doris,125,spike,3,obvious,1,461.5699763173361,True,0.0,1.0,460.069976317336
HOW-profile(HoW-cond),Shrew_office_Doris,125,spike,1,subtle,2,241.8652026947672,True,1.0,0.5,251.3652026947672
HOW-profile(HoW-cond),Shrew_office_Doris,125,drift,2,moderate,288,18382.782475357173,True,16.0,0.3819444444444444,17465.296059786746
HOW-profile(HoW-cond),Shrew_office_Doris,125,schedule,3,obvious,72,48.69158738777398,False,,0.0,405.8532699102191
HOW-profile(HoW-cond),Shrew_office_Doris,125,schedule,3,obvious,96,120.65365213163807,False,,0.0,133.36828983628365
HOW-profile(HoW-cond),Shrew_office_Ila,125,drift,3,obvious,120,4980.057438458025,True,47.0,0.5083333333333333,6851.807438458023
HOW-profile(HoW-cond),Shrew_office_Ila,125,spike,3,obvious,3,466.4077483285107,True,1.0,0.6666666666666666,561.7077483285107
HOW-profile(HoW-cond),Shrew_office_Ila,125,drift,1,subtle,192,3942.6429638529935,True,0.0,0.6302083333333334,7183.842963852994
HOW-profile(HoW-cond),Shrew_office_Ila,125,spike,1,subtle,2,152.98568731421085,False,,0.0,143.93568731421084
HOW-profile(HoW-cond),Shrew_office_Ila,125,spike,2,moderate,2,250.3241169224834,True,1.0,0.5,274.9241169224834
HOW-profile(HoW-cond),Shrew_office_Ila,125,spike,1,subtle,2,122.0473460947881,True,1.0,0.5,139.59734609478807
HOW-profile(HoW-cond),Shrew_office_Kenneth,125,schedule,2,moderate,96,45.06488055035239,True,17.0,0.010416666666666666,0.0
HOW-profile(HoW-cond),Shrew_office_Kenneth,125,schedule,3,obvious,144,223.94966667746283,False,,0.0,101.34046028124891
HOW-profile(HoW-cond),Shrew_office_Kenneth,125,spike,1,subtle,2,57.50642214860222,True,1.0,0.5,47.80642214860221
HOW-profile(HoW-cond),Shrew_office_Kenneth,125,drift,3,obvious,240,4470.540824718164,True,22.0,0.5458333333333333,5140.214428946848
HOW-profile(HoW-cond),Shrew_office_Kenneth,125,spike,1,subtle,5,148.21042491794591,True,2.0,0.6,186.81042491794597
HOW-profile(HoW-cond),Shrew_office_Kenneth,125,drift,3,obvious,168,2316.4706616493195,True,21.0,0.8333333333333334,1397.7894082134485
HOW-profile(HoW-cond),Shrew_office_Nora,125,schedule,3,obvious,216,4514.662713075832,True,0.0,0.39351851851851855,4417.939921832007
HOW-profile(HoW-cond),Shrew_office_Nora,125,spike,1,subtle,5,492.7539341376733,True,0.0,1.0,561.8539341376734
HOW-profile(HoW-cond),Shrew_office_Nora,125,spike,1,subtle,3,346.1721874953224,False,,0.0,331.8221874953225
HOW-profile(HoW-cond),Shrew_office_Nora,125,spike,1,subtle,2,230.5830463599992,True,1.0,0.5,229.58304635999917
HOW-profile(HoW-cond),Shrew_office_Nora,125,drift,1,subtle,264,7615.654361754455,True,16.0,0.23106060606060605,7685.3748068917375
HOW-profile(HoW-cond),Shrew_office_Nora,125,spike,2,moderate,5,936.2217800892317,False,,0.0,873.3217800892317
HOW-profile(HoW-cond),Shrew_office_Sherill,125,spike,1,subtle,4,866.5897262353003,True,1.0,0.75,822.8397262353003
HOW-profile(HoW-cond),Shrew_office_Sherill,125,drift,3,obvious,216,29783.352961436343,True,8.0,0.7129629629629629,29135.557004598766
HOW-profile(HoW-cond),Shrew_office_Sherill,125,spike,2,moderate,3,856.8929742368821,True,2.0,0.3333333333333333,844.2929742368821
HOW-profile(HoW-cond),Shrew_office_Sherill,125,spike,3,obvious,2,1071.2140890613477,True,1.0,0.5,1071.7140890613477
HOW-profile(HoW-cond),Shrew_office_Sherill,125,spike,3,obvious,5,2463.4614158129157,True,1.0,0.8,2526.6614158129155
HOW-profile(HoW-cond),Shrew_office_Sherill,125,drift,1,subtle,192,6998.702088032382,True,51.0,0.4010416666666667,7470.444302813625
HOW-profile(HoW-cond),Wolf_office_Darleen,125,drift,2,moderate,120,604.8468589549041,True,54.0,0.15,446.4759597284302
HOW-profile(HoW-cond),Wolf_office_Darleen,125,drift,2,moderate,120,809.9907742251621,True,69.0,0.15833333333333333,645.4324752986333
HOW-profile(HoW-cond),Wolf_office_Darleen,125,spike,1,subtle,3,122.46553220229873,True,1.0,0.6666666666666666,120.46553220229872
HOW-profile(HoW-cond),Wolf_office_Darleen,125,spike,1,subtle,3,108.23648906363294,True,1.0,0.6666666666666666,103.73648906363294
HOW-profile(HoW-cond),Wolf_office_Darleen,125,spike,2,moderate,3,163.1594691481757,True,1.0,0.6666666666666666,184.15946914817567
HOW-profile(HoW-cond),Wolf_office_Darleen,125,schedule,3,obvious,192,273.8121535500858,False,,0.0,0.9078682608578458
HOW-profile(HoW-cond),Wolf_retail_Harriett,125,schedule,2,moderate,216,142.5025617723444,True,13.0,0.06944444444444445,3033.3640736215734
HOW-profile(HoW-cond),Wolf_retail_Harriett,125,spike,2,moderate,3,172.0596117916607,True,1.0,0.6666666666666666,192.8283617916607
HOW-profile(HoW-cond),Wolf_retail_Harriett,125,spike,3,obvious,2,178.4149864623138,True,1.0,0.5,182.1087364623138
HOW-profile(HoW-cond),Wolf_retail_Harriett,125,schedule,3,obvious,168,658.908355179765,True,12.0,0.23809523809523808,1352.9915944559343
HOW-profile(HoW-cond),Wolf_retail_Harriett,125,schedule,1,subtle,192,5.625535634244642,True,19.0,0.057291666666666664,1397.6289285447483
HOW-profile(HoW-cond),Wolf_retail_Harriett,125,schedule,2,moderate,144,9.462371733532182,True,0.0,0.08333333333333333,1438.608347181329
HOW-profile(HoW-cond),Wolf_retail_Marcella,125,drift,2,moderate,288,742.5704258791877,True,8.0,0.017361111111111112,586.6339466265968
HOW-profile(HoW-cond),Wolf_retail_Marcella,125,spike,2,moderate,4,32.739046582217696,True,1.0,0.75,34.3565465822177
HOW-profile(HoW-cond),Wolf_retail_Marcella,125,spike,3,obvious,4,55.581626180626806,False,,0.0,51.459126180626804
HOW-profile(HoW-cond),Wolf_retail_Marcella,125,drift,3,obvious,144,366.00807132346256,True,140.0,0.006944444444444444,381.7059116515179
HOW-profile(HoW-cond),Wolf_retail_Marcella,125,schedule,3,obvious,120,26.339615339195092,False,,0.0,188.88538106895732
HOW-profile(HoW-cond),Wolf_retail_Marcella,125,spike,1,subtle,5,25.69306637295704,True,4.0,0.2,25.338066372957044
HOW-profile(HoW-cond),Wolf_retail_Toshia,125,spike,2,moderate,3,362.2002037670109,True,1.0,0.6666666666666666,370.83895376701093
HOW-profile(HoW-cond),Wolf_retail_Toshia,125,spike,3,obvious,4,937.5253054435932,True,0.0,1.0,1444.2828054435931
HOW-profile(HoW-cond),Wolf_retail_Toshia,125,drift,2,moderate,240,4174.144085798001,True,41.0,0.13333333333333333,2028.3187714762284
HOW-profile(HoW-cond),Wolf_retail_Toshia,125,spike,1,subtle,3,225.5825258936449,True,1.0,0.6666666666666666,247.82627589364492
HOW-profile(HoW-cond),Wolf_retail_Toshia,125,schedule,3,obvious,96,70.7135913640611,True,17.0,0.041666666666666664,855.3023942427074
HOW-profile(HoW-cond),Wolf_retail_Toshia,125,drift,2,moderate,144,1585.0846732926336,True,67.0,0.1527777777777778,2405.944645956918
HOW-profile(global-MAD),Fox_education_Henrietta,125,drift,3,obvious,120,543.6776343474405,True,5.0,0.25,437.71243167996647
HOW-profile(global-MAD),Fox_education_Henrietta,125,drift,3,obvious,240,2141.019036959888,True,10.0,0.2,3200.2104503002565
HOW-profile(global-MAD),Fox_education_Henrietta,125,drift,1,subtle,288,476.4946025631397,False,,0.0,391.31628966192
HOW-profile(global-MAD),Fox_education_Henrietta,125,spike,1,subtle,4,62.13982155094737,False,,0.0,75.24982155094736
HOW-profile(global-MAD),Fox_education_Henrietta,125,spike,2,moderate,5,140.44990776891177,False,,0.0,134.9899077689118
HOW-profile(global-MAD),Fox_education_Henrietta,125,spike,1,subtle,5,66.13491765552413,True,3.0,0.4,38.84155510232887
HOW-profile(global-MAD),Fox_retail_Manie,125,schedule,3,obvious,144,368.04709591272024,True,1.0,0.2152777777777778,1474.4990393869816
HOW-profile(global-MAD),Fox_retail_Manie,125,spike,1,subtle,1,123.19706914419866,True,0.0,1.0,139.39706914419864
HOW-profile(global-MAD),Fox_retail_Manie,125,spike,2,moderate,5,421.05161512855886,True,0.0,1.0,649.9716151285588
HOW-profile(global-MAD),Fox_retail_Manie,125,drift,3,obvious,240,8151.129348647555,True,162.0,0.05416666666666667,8354.282975809543
HOW-profile(global-MAD),Fox_retail_Manie,125,spike,1,subtle,1,120.95524489933428,True,0.0,1.0,175.62524489933426
HOW-profile(global-MAD),Fox_retail_Manie,125,schedule,3,obvious,192,426.66194710076456,False,,0.0,1324.9463510354258
HOW-profile(global-MAD),Hog_education_Bruno,125,spike,1,subtle,5,400.40328920967283,True,1.0,0.8,422.52028920967285
HOW-profile(global-MAD),Hog_education_Bruno,125,drift,1,subtle,288,10943.930462314776,True,16.0,0.5104166666666666,10142.087424979169
HOW-profile(global-MAD),Hog_education_Bruno,125,drift,3,obvious,168,19882.024337608516,True,4.0,0.9642857142857143,21700.279337608514
HOW-profile(global-MAD),Hog_education_Bruno,125,schedule,3,obvious,96,3.769674119454777,False,,0.0,535.7365449412968
HOW-profile(global-MAD),Hog_education_Bruno,125,spike,3,obvious,1,404.27360964432347,True,0.0,1.0,403.4426096443235
HOW-profile(global-MAD),Hog_education_Bruno,125,spike,2,moderate,3,327.13560661465135,True,2.0,0.3333333333333333,347.9256066146514
HOW-profile(global-MAD),Hog_education_Caridad,125,drift,1,subtle,216,28386.38275238724,True,2.0,0.05092592592592592,23173.061403577296
HOW-profile(global-MAD),Hog_education_Caridad,125,schedule,3,obvious,168,40300.39042463366,True,14.0,0.23214285714285715,2979.4078855049465
HOW-profile(global-MAD),Hog_education_Caridad,125,drift,2,moderate,120,28596.337097434516,True,18.0,0.8416666666666667,22849.637128541362
HOW-profile(global-MAD),Hog_education_Caridad,125,spike,1,subtle,3,3615.9659871725003,True,1.0,0.6666666666666666,3404.8809871725
HOW-profile(global-MAD),Hog_education_Caridad,125,schedule,2,moderate,216,9175.068368269809,True,5.0,0.05092592592592592,8542.384451189775
HOW-profile(global-MAD),Hog_education_Caridad,125,spike,3,obvious,4,14222.668954687539,True,1.0,0.75,14098.93295468754
HOW-profile(global-MAD),Hog_education_Josh,125,drift,3,obvious,144,7730.505083483085,True,32.0,0.006944444444444444,11799.695736284839
HOW-profile(global-MAD),Hog_education_Josh,125,schedule,3,obvious,72,11.784679011288034,True,9.0,0.013888888888888888,5086.929679011289
HOW-profile(global-MAD),Hog_education_Josh,125,spike,1,subtle,5,575.7182019786903,True,3.0,0.4,420.25754141192033
HOW-profile(global-MAD),Hog_education_Josh,125,spike,1,subtle,1,242.4107462956211,True,0.0,1.0,275.5247462956211
HOW-profile(global-MAD),Hog_education_Josh,125,drift,2,moderate,216,11163.141504512632,True,3.0,0.10185185185185185,20933.345928239454
HOW-profile(global-MAD),Hog_education_Josh,125,spike,1,subtle,4,389.0732811986469,True,3.0,0.25,552.2922811986468
HOW-profile(global-MAD),Hog_education_Luvenia,125,schedule,3,obvious,216,78.81606669111721,True,0.0,0.20833333333333334,5644.286349229635
HOW-profile(global-MAD),Hog_education_Luvenia,125,spike,3,obvious,1,701.6027863582609,True,0.0,1.0,674.8597863582611
HOW-profile(global-MAD),Hog_education_Luvenia,125,schedule,3,obvious,144,243.05596690490262,True,78.0,0.013888888888888888,1482.2813089984916
HOW-profile(global-MAD),Hog_education_Luvenia,125,drift,1,subtle,240,15728.352545379583,True,39.0,0.03333333333333333,14439.438369210804
HOW-profile(global-MAD),Hog_education_Luvenia,125,spike,1,subtle,4,601.5568549222517,True,2.0,0.5,503.09485492225167
HOW-profile(global-MAD),Hog_education_Luvenia,125,spike,3,obvious,3,1008.5508595886322,True,1.0,0.6666666666666666,1054.9378595886324
HOW-profile(global-MAD),Hog_office_Almeda,125,schedule,3,obvious,144,920.7290323005243,True,14.0,0.125,789.58630565285
HOW-profile(global-MAD),Hog_office_Almeda,125,spike,1,subtle,1,97.60946352752082,True,0.0,1.0,97.90246352752085
HOW-profile(global-MAD),Hog_office_Almeda,125,drift,3,obvious,120,2352.246882309896,True,14.0,0.11666666666666667,3438.0613823098956
HOW-profile(global-MAD),Hog_office_Almeda,125,drift,3,obvious,168,4911.399663120952,True,35.0,0.32142857142857145,5985.785215982549
HOW-profile(global-MAD),Hog_office_Almeda,125,drift,3,obvious,240,8255.633995193115,True,33.0,0.07916666666666666,11440.358461721986
HOW-profile(global-MAD),Hog_office_Almeda,125,spike,2,moderate,4,290.3558219807369,False,,0.0,318.62782198073694
HOW-profile(global-MAD),Hog_office_Cortney,125,spike,2,moderate,3,421.20877656343674,True,1.0,0.6666666666666666,411.12377656343676
HOW-profile(global-MAD),Hog_office_Cortney,125,spike,3,obvious,2,402.6129107386708,True,1.0,0.5,411.83891073867073
HOW-profile(global-MAD),Hog_office_Cortney,125,drift,2,moderate,168,1926.319983944104,True,91.0,0.10714285714285714,2033.7605243307464
HOW-profile(global-MAD),Hog_office_Cortney,125,spike,3,obvious,3,566.8997263540168,True,1.0,0.6666666666666666,551.8327263540168
HOW-profile(global-MAD),Hog_office_Cortney,125,spike,3,obvious,5,1037.6594788568552,True,1.0,0.8,1022.7924788568553
HOW-profile(global-MAD),Hog_office_Cortney,125,spike,1,subtle,1,177.95406087120688,True,0.0,1.0,177.18256087120687
HOW-profile(global-MAD),Hog_office_Denita,125,spike,1,subtle,1,104.74801112459913,True,0.0,1.0,99.49701112459914
HOW-profile(global-MAD),Hog_office_Denita,125,spike,3,obvious,4,461.0964849863213,True,1.0,0.75,426.3629849863213
HOW-profile(global-MAD),Hog_office_Denita,125,drift,3,obvious,120,2328.7237572547915,True,14.0,0.7583333333333333,2419.6812213779335
HOW-profile(global-MAD),Hog_office_Denita,125,drift,3,obvious,264,9184.383096629303,True,17.0,0.5037878787878788,8695.491775451294
HOW-profile(global-MAD),Hog_office_Denita,125,spike,3,obvious,1,240.12967598509266,False,,0.0,241.46867598509263
HOW-profile(global-MAD),Hog_office_Denita,125,spike,2,moderate,5,370.8999155280089,False,,0.0,348.1159155280088
HOW-profile(global-MAD),Hog_office_Garrett,125,drift,1,subtle,144,5415.773917719659,False,,0.0,951.3447724630398
HOW-profile(global-MAD),Hog_office_Garrett,125,spike,2,moderate,1,1358.321923582699,True,0.0,1.0,1355.8579235826992
HOW-profile(global-MAD),Hog_office_Garrett,125,spike,1,subtle,5,1923.2920380500757,True,1.0,0.8,1913.4140380500753
HOW-profile(global-MAD),Hog_office_Garrett,125,drift,1,subtle,192,9343.256500347154,False,,0.0,9405.46559278824
HOW-profile(global-MAD),Hog_office_Garrett,125,drift,3,obvious,192,38185.77099119585,True,29.0,0.6875,33618.30587671148
HOW-profile(global-MAD),Hog_office_Garrett,125,spike,1,subtle,5,2007.8707973715864,True,1.0,0.8,2073.1367973715865
HOW-profile(global-MAD),Hog_office_Lavon,125,spike,1,subtle,1,1899.2445559390694,True,0.0,1.0,2269.2635559390696
HOW-profile(global-MAD),Hog_office_Lavon,125,schedule,3,obvious,144,551.1258275222517,False,,0.0,1.2017538990744265
HOW-profile(global-MAD),Hog_office_Lavon,125,schedule,2,moderate,72,28.97657684753743,False,,0.0,14606.51906409417
HOW-profile(global-MAD),Hog_office_Lavon,125,spike,1,subtle,1,1451.4329425254064,True,0.0,1.0,1452.8059425254064
HOW-profile(global-MAD),Hog_office_Lavon,125,spike,1,subtle,3,2051.267962265602,True,1.0,0.6666666666666666,2036.378962265602
HOW-profile(global-MAD),Hog_office_Lavon,125,spike,2,moderate,1,2651.549822779352,False,,0.0,2639.9488227793518
HOW-profile(global-MAD),Hog_office_Merilyn,125,schedule,3,obvious,192,182.75521306496756,False,,0.0,733.8365767045058
HOW-profile(global-MAD),Hog_office_Merilyn,125,drift,2,moderate,144,1169.519183928402,True,110.0,0.2361111111111111,1240.661683928402
HOW-profile(global-MAD),Hog_office_Merilyn,125,spike,3,obvious,2,68.9364713067383,True,1.0,0.5,55.54747130673831
HOW-profile(global-MAD),Hog_office_Merilyn,125,drift,3,obvious,240,4985.299664411465,True,69.0,0.125,2967.9531011075514
HOW-profile(global-MAD),Hog_office_Merilyn,125,drift,1,subtle,240,835.1560058605207,True,232.0,0.004166666666666667,2052.494591690692
HOW-profile(global-MAD),Hog_office_Merilyn,125,spike,3,obvious,1,84.91700938866047,True,0.0,1.0,83.23800938866049
HOW-profile(global-MAD),Hog_office_Miriam,125,schedule,3,obvious,168,579.523393038525,False,,0.0,294.13930608681073
HOW-profile(global-MAD),Hog_office_Miriam,125,spike,3,obvious,5,157.02585229495435,True,1.0,0.8,158.90435229495435
HOW-profile(global-MAD),Hog_office_Miriam,125,spike,1,subtle,5,62.78051802257753,True,3.0,0.4,50.275551121410594
HOW-profile(global-MAD),Hog_office_Miriam,125,schedule,3,obvious,96,157.6681316218665,False,,0.0,334.1646285216836
HOW-profile(global-MAD),Hog_office_Miriam,125,spike,2,moderate,2,44.26055572448596,True,1.0,0.5,45.99255572448597
HOW-profile(global-MAD),Hog_office_Miriam,125,schedule,2,moderate,192,28.056166232973396,True,3.0,0.015625,130.4930514728851
HOW-profile(global-MAD),Hog_office_Napoleon,125,drift,2,moderate,144,4716.952247147733,True,49.0,0.125,3839.7636304081734
HOW-profile(global-MAD),Hog_office_Napoleon,125,spike,1,subtle,2,137.95448590699337,True,1.0,0.5,133.0964859069934
HOW-profile(global-MAD),Hog_office_Napoleon,125,schedule,3,obvious,168,1082.6103935191493,True,7.0,0.017857142857142856,1865.2200285368997
HOW-profile(global-MAD),Hog_office_Napoleon,125,spike,3,obvious,1,273.71167561006234,True,0.0,1.0,293.66867561006234
HOW-profile(global-MAD),Hog_office_Napoleon,125,spike,3,obvious,3,412.9367145410827,True,1.0,0.6666666666666666,440.5737145410827
HOW-profile(global-MAD),Hog_office_Napoleon,125,spike,1,subtle,2,120.95556051409783,True,1.0,0.5,128.6115605140978
HOW-profile(global-MAD),Hog_office_Shawna,125,spike,1,subtle,2,313.6379115139518,True,1.0,0.5,339.57241151395186
HOW-profile(global-MAD),Hog_office_Shawna,125,schedule,1,subtle,120,16.141511134777772,True,21.0,0.275,1517.528
HOW-profile(global-MAD),Hog_office_Shawna,125,spike,2,moderate,3,683.8372554129211,True,1.0,0.6666666666666666,664.2367554129211
HOW-profile(global-MAD),Hog_office_Shawna,125,schedule,3,obvious,120,3559.624181799263,True,11.0,0.008333333333333333,4387.871681799263
HOW-profile(global-MAD),Hog_office_Shawna,125,schedule,2,moderate,144,2117.593778393931,True,10.0,0.0625,3707.9852783939314
HOW-profile(global-MAD),Hog_office_Shawna,125,spike,1,subtle,4,454.5232692677954,False,,0.0,431.79576926779544
HOW-profile(global-MAD),Hog_office_Shawnna,125,schedule,2,moderate,168,2552.153783435699,False,,0.0,1616.8066120230797
HOW-profile(global-MAD),Hog_office_Shawnna,125,spike,2,moderate,1,979.2760644445437,True,0.0,1.0,983.3820644445439
HOW-profile(global-MAD),Hog_office_Shawnna,125,spike,3,obvious,4,2905.0130249591653,True,1.0,0.75,2772.6760249591653
HOW-profile(global-MAD),Hog_office_Shawnna,125,schedule,2,moderate,96,2594.702781314817,False,,0.0,696.866351179282
HOW-profile(global-MAD),Hog_office_Shawnna,125,spike,2,moderate,5,1926.5792375601536,False,,0.0,2090.8492375601536
HOW-profile(global-MAD),Hog_office_Shawnna,125,schedule,3,obvious,216,6193.786109199689,False,,0.0,9733.006982193101
HOW-profile(global-MAD),Hog_office_Sherrie,125,spike,1,subtle,2,67.78790463192944,True,1.0,0.5,58.064904631929444
HOW-profile(global-MAD),Hog_office_Sherrie,125,drift,2,moderate,312,5893.056392735663,True,5.0,0.2980769230769231,6990.198884219474
HOW-profile(global-MAD),Hog_office_Sherrie,125,drift,3,obvious,216,4222.303088303819,True,67.0,0.12037037037037036,4313.023791158538
HOW-profile(global-MAD),Hog_office_Sherrie,125,drift,3,obvious,240,5690.77195280197,True,2.0,0.6583333333333333,6023.09280225664
HOW-profile(global-MAD),Hog_office_Sherrie,125,drift,2,moderate,168,1160.5145644277036,False,,0.0,1399.8128992109666
HOW-profile(global-MAD),Hog_office_Sherrie,125,spike,3,obvious,1,200.1296932408524,True,0.0,1.0,201.82369324085238
HOW-profile(global-MAD),Hog_office_Shon,125,spike,1,subtle,5,216.7285392605703,False,,0.0,199.0055392605703
HOW-profile(global-MAD),Hog_office_Shon,125,drift,2,moderate,120,2000.517973275528,True,67.0,0.3,1994.2796670923274
HOW-profile(global-MAD),Hog_office_Shon,125,drift,3,obvious,312,21736.11668917782,True,34.0,0.02564102564102564,18079.706731024435
HOW-profile(global-MAD),Hog_office_Shon,125,spike,3,obvious,5,435.00855328869727,True,1.0,0.8,441.2915532886972
HOW-profile(global-MAD),Hog_office_Shon,125,spike,2,moderate,2,137.69489830862938,True,1.0,0.5,181.8008983086294
HOW-profile(global-MAD),Hog_office_Shon,125,spike,3,obvious,2,215.0601984522419,True,1.0,0.5,205.73919845224188
HOW-profile(global-MAD),Hog_office_Sydney,125,drift,1,subtle,312,10090.72902848742,True,67.0,0.016025641025641024,5904.269313170065
HOW-profile(global-MAD),Hog_office_Sydney,125,drift,3,obvious,192,11552.378159444106,True,30.0,0.7447916666666666,11298.363581801583
HOW-profile(global-MAD),Hog_office_Sydney,125,spike,1,subtle,2,107.40101118162318,True,1.0,0.5,100.32301118162314
HOW-profile(global-MAD),Hog_office_Sydney,125,drift,1,subtle,144,1436.3776215795922,True,22.0,0.1597222222222222,1135.325923564927
HOW-profile(global-MAD),Hog_office_Sydney,125,spike,1,subtle,3,120.35248606515015,False,,0.0,117.08848606515015
HOW-profile(global-MAD),Hog_office_Sydney,125,spike,1,subtle,3,134.44551911738682,True,1.0,0.6666666666666666,168.0325191173868
HOW-profile(global-MAD),Hog_office_Valda,125,drift,1,subtle,240,661.3711408953283,False,,0.0,457.5022668896177
HOW-profile(global-MAD),Hog_office_Valda,125,schedule,2,moderate,168,82.79700716384005,False,,0.0,16.215778666818647
HOW-profile(global-MAD),Hog_office_Valda,125,spike,2,moderate,4,173.4631733998353,False,,0.0,169.47517339983528
HOW-profile(global-MAD),Hog_office_Valda,125,drift,2,moderate,264,2769.782873715905,True,7.0,0.3068181818181818,3736.4053544551903
HOW-profile(global-MAD),Hog_office_Valda,125,spike,1,subtle,3,91.82340690935975,True,2.0,0.3333333333333333,30.93904143217511
HOW-profile(global-MAD),Hog_office_Valda,125,spike,3,obvious,1,143.2802443165958,True,0.0,1.0,144.7342443165958
HOW-profile(global-MAD),Lamb_education_Armando,125,schedule,3,obvious,120,1.1934745829660691,True,61.0,0.016666666666666666,1740.493474582966
HOW-profile(global-MAD),Lamb_education_Armando,125,spike,3,obvious,2,399.74267508277626,True,1.0,0.5,411.6426750827762
HOW-profile(global-MAD),Lamb_education_Armando,125,spike,1,subtle,1,181.88666623841328,True,0.0,1.0,184.3366662384133
HOW-profile(global-MAD),Lamb_education_Armando,125,spike,2,moderate,3,311.1701632346293,True,1.0,0.6666666666666666,300.7701632346293
HOW-profile(global-MAD),Lamb_education_Armando,125,drift,3,obvious,216,4189.596198085895,True,1.0,0.3333333333333333,7936.246198085895
HOW-profile(global-MAD),Lamb_education_Armando,125,spike,2,moderate,3,298.4435139285549,True,1.0,0.6666666666666666,296.1935139285549
HOW-profile(global-MAD),Lamb_education_Eula,125,spike,1,subtle,1,6.690699674565021,True,0.0,1.0,6.39069967456502
HOW-profile(global-MAD),Lamb_education_Eula,125,drift,2,moderate,240,84.1414837512204,True,12.0,0.008333333333333333,230.70946203351855
HOW-profile(global-MAD),Lamb_education_Eula,125,drift,2,moderate,168,44.64918931234279,True,0.0,0.03571428571428571,34.37925858177596
HOW-profile(global-MAD),Lamb_education_Eula,125,spike,1,subtle,4,10.101430544618829,False,,0.0,11.451430544618828
HOW-profile(global-MAD),Lamb_education_Eula,125,drift,3,obvious,120,39.955048544124566,True,43.0,0.075,147.1528572248332
HOW-profile(global-MAD),Lamb_education_Eula,125,spike,3,obvious,3,22.257380646063886,True,1.0,0.6666666666666666,23.307380646063887
HOW-profile(global-MAD),Lamb_education_Lazaro,125,drift,1,subtle,168,199.56667718910816,False,,0.0,0.0
HOW-profile(global-MAD),Lamb_education_Lazaro,125,spike,1,subtle,3,146.2616500912896,True,1.0,0.6666666666666666,149.0116500912896
HOW-profile(global-MAD),Lamb_education_Lazaro,125,spike,3,obvious,4,445.1755338537366,True,1.0,0.75,476.5755338537366
HOW-profile(global-MAD),Lamb_education_Lazaro,125,drift,2,moderate,264,2062.639357213663,False,,0.0,5937.939357213662
HOW-profile(global-MAD),Lamb_education_Lazaro,125,drift,1,subtle,192,416.463144323934,False,,0.0,1019.334570644136
HOW-profile(global-MAD),Lamb_education_Lazaro,125,drift,1,subtle,216,491.99455646137983,True,168.0,0.013888888888888888,339.01152889941795
HOW-profile(global-MAD),Lamb_education_Lucas,125,drift,2,moderate,120,119.5016707324252,True,80.0,0.025,41.49787267401421
HOW-profile(global-MAD),Lamb_education_Lucas,125,spike,2,moderate,4,64.4787362913023,True,1.0,0.75,63.531736291302295
HOW-profile(global-MAD),Lamb_education_Lucas,125,spike,3,obvious,1,60.67999960371594,True,0.0,1.0,52.505999603715935
HOW-profile(global-MAD),Lamb_education_Lucas,125,schedule,3,obvious,72,15.547596446667187,True,15.0,0.125,114.89721195462278
HOW-profile(global-MAD),Lamb_education_Lucas,125,drift,1,subtle,240,204.83694269880996,True,1.0,0.17916666666666667,452.4951736483827
HOW-profile(global-MAD),Lamb_education_Lucas,125,spike,3,obvious,5,123.35494196224937,True,1.0,0.8,123.23944196224937
HOW-profile(global-MAD),Lamb_education_Mae,125,schedule,3,obvious,192,707.7055646019003,False,,0.0,587.1982686919349
HOW-profile(global-MAD),Lamb_education_Mae,125,spike,2,moderate,4,434.5193321882207,True,2.0,0.5,405.1193321882207
HOW-profile(global-MAD),Lamb_education_Mae,125,drift,3,obvious,168,4279.320062963822,True,0.0,0.4107142857142857,6977.228262963823
HOW-profile(global-MAD),Lamb_education_Mae,125,spike,1,subtle,5,416.061573940696,True,2.0,0.6,437.441173940696
HOW-profile(global-MAD),Lamb_education_Mae,125,drift,1,subtle,144,877.5414005948726,False,,0.0,2258.041709147844
HOW-profile(global-MAD),Lamb_education_Mae,125,drift,2,moderate,144,1987.2812368441187,True,66.0,0.3472222222222222,3417.9894368441187
HOW-profile(global-MAD),Lamb_education_Williams,125,drift,2,moderate,192,993.7413147792987,True,6.0,0.234375,1931.7804546890757
HOW-profile(global-MAD),Lamb_education_Williams,125,spike,1,subtle,5,265.7690347821638,True,2.0,0.6,258.26903478216377
HOW-profile(global-MAD),Lamb_education_Williams,125,spike,2,moderate,2,234.79118643839578,True,1.0,0.5,233.5911864383958
HOW-profile(global-MAD),Lamb_education_Williams,125,spike,3,obvious,3,445.97474150476165,True,1.0,0.6666666666666666,446.77474150476166
HOW-profile(global-MAD),Lamb_education_Williams,125,schedule,3,obvious,120,206.46617688107503,True,63.0,0.175,997.4918934023609
HOW-profile(global-MAD),Lamb_education_Williams,125,spike,2,moderate,1,228.2045694366033,True,0.0,1.0,225.1045694366033
HOW-profile(global-MAD),Lamb_office_Caitlin,125,schedule,3,obvious,120,387.3312010228129,False,,0.0,69.12453943142378
HOW-profile(global-MAD),Lamb_office_Caitlin,125,drift,2,moderate,264,1503.7557897394063,False,,0.0,60.90967525344168
HOW-profile(global-MAD),Lamb_office_Caitlin,125,drift,3,obvious,288,3186.0441444924627,False,,0.0,1490.1488998343316
HOW-profile(global-MAD),Lamb_office_Caitlin,125,drift,2,moderate,168,656.6603062278259,False,,0.0,0.0
HOW-profile(global-MAD),Lamb_office_Caitlin,125,spike,2,moderate,2,275.7887601997688,True,1.0,0.5,202.23876019976876
HOW-profile(global-MAD),Lamb_office_Caitlin,125,spike,2,moderate,3,394.2911673996349,True,1.0,0.6666666666666666,378.9911673996349
HOW-profile(global-MAD),Lamb_office_Velma,125,spike,3,obvious,4,835.24176345517,True,1.0,0.75,899.5917634551702
HOW-profile(global-MAD),Lamb_office_Velma,125,spike,2,moderate,4,488.9701505503433,True,1.0,0.75,612.3701505503434
HOW-profile(global-MAD),Lamb_office_Velma,125,drift,1,subtle,120,977.7376980269868,False,,0.0,1941.2722644148214
HOW-profile(global-MAD),Lamb_office_Velma,125,drift,2,moderate,264,11288.878643994793,True,58.0,0.26136363636363635,15294.44492312961
HOW-profile(global-MAD),Lamb_office_Velma,125,spike,2,moderate,3,407.53838309396895,True,1.0,0.6666666666666666,419.1883830939689
HOW-profile(global-MAD),Lamb_office_Velma,125,spike,2,moderate,4,531.175643613273,True,1.0,0.75,574.875643613273
HOW-profile(global-MAD),Rat_retail_Jeffrey,125,spike,1,subtle,4,274.0071717515276,True,3.0,0.25,207.2771717515276
HOW-profile(global-MAD),Rat_retail_Jeffrey,125,drift,2,moderate,240,5848.782780325441,True,3.0,0.17916666666666667,6594.528436215444
HOW-profile(global-MAD),Rat_retail_Jeffrey,125,spike,2,moderate,5,605.3830290267529,True,2.0,0.6,581.6230290267529
HOW-profile(global-MAD),Rat_retail_Jeffrey,125,spike,1,subtle,4,237.823478890623,True,1.0,0.75,244.64347889062296
HOW-profile(global-MAD),Rat_retail_Jeffrey,125,spike,3,obvious,1,329.0382503598847,True,0.0,1.0,332.22325035988473
HOW-profile(global-MAD),Rat_retail_Jeffrey,125,spike,2,moderate,4,448.5396392666252,True,2.0,0.5,453.68963926662525
HOW-profile(global-MAD),Robin_education_Zenia,125,spike,2,moderate,5,318.0746005878816,True,2.0,0.6,682.2304005878816
HOW-profile(global-MAD),Robin_education_Zenia,125,drift,1,subtle,288,7684.58034520667,True,199.0,0.003472222222222222,23529.43654520667
HOW-profile(global-MAD),Robin_education_Zenia,125,spike,1,subtle,4,221.19370506177228,True,1.0,0.75,584.0216050617723
HOW-profile(global-MAD),Robin_education_Zenia,125,spike,1,subtle,2,115.38557172702771,True,1.0,0.5,298.3995717270277
HOW-profile(global-MAD),Robin_education_Zenia,125,drift,1,subtle,288,7316.344667072699,True,247.0,0.052083333333333336,26569.022767072696
HOW-profile(global-MAD),Robin_education_Zenia,125,spike,2,moderate,1,182.6560142466909,True,0.0,1.0,281.5560142466909
HOW-profile(global-MAD),Robin_office_Dina,125,schedule,3,obvious,216,169.6877846016588,True,7.0,0.0787037037037037,1055.4506519391346
HOW-profile(global-MAD),Robin_office_Dina,125,drift,3,obvious,168,2676.149080501228,True,19.0,0.2261904761904762,2738.3156305012285
HOW-profile(global-MAD),Robin_office_Dina,125,spike,3,obvious,3,109.70001649846563,True,2.0,0.3333333333333333,109.58521649846561
HOW-profile(global-MAD),Robin_office_Dina,125,drift,1,subtle,192,557.1814272127779,True,10.0,0.09375,767.0304066313881
HOW-profile(global-MAD),Robin_office_Dina,125,spike,1,subtle,5,72.51704449816964,True,2.0,0.6,84.26704449816964
HOW-profile(global-MAD),Robin_office_Dina,125,schedule,3,obvious,120,128.57224582658398,True,20.0,0.09166666666666666,634.7010747901631
HOW-profile(global-MAD),Robin_office_Sammie,125,drift,3,obvious,264,18298.902736260905,True,13.0,0.32575757575757575,19102.174433458007
HOW-profile(global-MAD),Robin_office_Sammie,125,schedule,2,moderate,192,18.074637820832336,True,133.0,0.010416666666666666,850.6381500000001
HOW-profile(global-MAD),Robin_office_Sammie,125,spike,3,obvious,1,204.63879598031215,True,0.0,1.0,201.9637959803122
HOW-profile(global-MAD),Robin_office_Sammie,125,drift,2,moderate,168,4294.326389896674,True,41.0,0.5238095238095238,3566.3371913155033
HOW-profile(global-MAD),Robin_office_Sammie,125,drift,2,moderate,192,4966.157305493951,False,,0.0,5514.761464971498
HOW-profile(global-MAD),Robin_office_Sammie,125,spike,1,subtle,4,174.44843902348026,False,,0.0,271.5484390234803
HOW-profile(global-MAD),Shrew_office_Doris,125,drift,1,subtle,120,1082.0083293285486,True,40.0,0.016666666666666666,2884.983444920199
HOW-profile(global-MAD),Shrew_office_Doris,125,spike,3,obvious,1,461.5699763173361,True,0.0,1.0,460.069976317336
HOW-profile(global-MAD),Shrew_office_Doris,125,spike,1,subtle,2,241.8652026947672,True,1.0,0.5,251.3652026947672
HOW-profile(global-MAD),Shrew_office_Doris,125,drift,2,moderate,288,18382.782475357173,True,16.0,0.16666666666666666,17465.296059786746
HOW-profile(global-MAD),Shrew_office_Doris,125,schedule,3,obvious,72,48.69158738777398,False,,0.0,405.8532699102191
HOW-profile(global-MAD),Shrew_office_Doris,125,schedule,3,obvious,96,120.65365213163807,False,,0.0,133.36828983628365
HOW-profile(global-MAD),Shrew_office_Ila,125,drift,3,obvious,120,4980.057438458025,True,41.0,0.6083333333333333,6851.807438458023
HOW-profile(global-MAD),Shrew_office_Ila,125,spike,3,obvious,3,466.4077483285107,True,1.0,0.6666666666666666,561.7077483285107
HOW-profile(global-MAD),Shrew_office_Ila,125,drift,1,subtle,192,3942.6429638529935,True,0.0,0.71875,7183.842963852994
HOW-profile(global-MAD),Shrew_office_Ila,125,spike,1,subtle,2,152.98568731421085,False,,0.0,143.93568731421084
HOW-profile(global-MAD),Shrew_office_Ila,125,spike,2,moderate,2,250.3241169224834,True,1.0,0.5,274.9241169224834
HOW-profile(global-MAD),Shrew_office_Ila,125,spike,1,subtle,2,122.0473460947881,True,1.0,0.5,139.59734609478807
HOW-profile(global-MAD),Shrew_office_Kenneth,125,schedule,2,moderate,96,45.06488055035239,False,,0.0,0.0
HOW-profile(global-MAD),Shrew_office_Kenneth,125,schedule,3,obvious,144,223.94966667746283,False,,0.0,101.34046028124891
HOW-profile(global-MAD),Shrew_office_Kenneth,125,spike,1,subtle,2,57.50642214860222,True,1.0,0.5,47.80642214860221
HOW-profile(global-MAD),Shrew_office_Kenneth,125,drift,3,obvious,240,4470.540824718164,True,29.0,0.6666666666666666,5140.214428946848
HOW-profile(global-MAD),Shrew_office_Kenneth,125,spike,1,subtle,5,148.21042491794591,True,3.0,0.4,186.81042491794597
HOW-profile(global-MAD),Shrew_office_Kenneth,125,drift,3,obvious,168,2316.4706616493195,True,25.0,0.8214285714285714,1397.7894082134485
HOW-profile(global-MAD),Shrew_office_Nora,125,schedule,3,obvious,216,4514.662713075832,True,0.0,0.3611111111111111,4417.939921832007
HOW-profile(global-MAD),Shrew_office_Nora,125,spike,1,subtle,5,492.7539341376733,True,0.0,1.0,561.8539341376734
HOW-profile(global-MAD),Shrew_office_Nora,125,spike,1,subtle,3,346.1721874953224,False,,0.0,331.8221874953225
HOW-profile(global-MAD),Shrew_office_Nora,125,spike,1,subtle,2,230.5830463599992,True,1.0,0.5,229.58304635999917
HOW-profile(global-MAD),Shrew_office_Nora,125,drift,1,subtle,264,7615.654361754455,True,20.0,0.07575757575757576,7685.3748068917375
HOW-profile(global-MAD),Shrew_office_Nora,125,spike,2,moderate,5,936.2217800892317,False,,0.0,873.3217800892317
HOW-profile(global-MAD),Shrew_office_Sherill,125,spike,1,subtle,4,866.5897262353003,True,1.0,0.75,822.8397262353003
HOW-profile(global-MAD),Shrew_office_Sherill,125,drift,3,obvious,216,29783.352961436343,True,8.0,0.8148148148148148,29135.557004598766
HOW-profile(global-MAD),Shrew_office_Sherill,125,spike,2,moderate,3,856.8929742368821,True,2.0,0.3333333333333333,844.2929742368821
HOW-profile(global-MAD),Shrew_office_Sherill,125,spike,3,obvious,2,1071.2140890613477,True,1.0,0.5,1071.7140890613477
HOW-profile(global-MAD),Shrew_office_Sherill,125,spike,3,obvious,5,2463.4614158129157,True,1.0,0.8,2526.6614158129155
HOW-profile(global-MAD),Shrew_office_Sherill,125,drift,1,subtle,192,6998.702088032382,True,36.0,0.5677083333333334,7470.444302813625
HOW-profile(global-MAD),Wolf_office_Darleen,125,drift,2,moderate,120,604.8468589549041,True,59.0,0.075,446.4759597284302
HOW-profile(global-MAD),Wolf_office_Darleen,125,drift,2,moderate,120,809.9907742251621,False,,0.0,645.4324752986333
HOW-profile(global-MAD),Wolf_office_Darleen,125,spike,1,subtle,3,122.46553220229873,True,1.0,0.6666666666666666,120.46553220229872
HOW-profile(global-MAD),Wolf_office_Darleen,125,spike,1,subtle,3,108.23648906363294,True,1.0,0.6666666666666666,103.73648906363294
HOW-profile(global-MAD),Wolf_office_Darleen,125,spike,2,moderate,3,163.1594691481757,True,0.0,1.0,184.15946914817567
HOW-profile(global-MAD),Wolf_office_Darleen,125,schedule,3,obvious,192,273.8121535500858,False,,0.0,0.9078682608578458
HOW-profile(global-MAD),Wolf_retail_Harriett,125,schedule,2,moderate,216,142.5025617723444,True,3.0,0.037037037037037035,3033.3640736215734
HOW-profile(global-MAD),Wolf_retail_Harriett,125,spike,2,moderate,3,172.0596117916607,True,1.0,0.6666666666666666,192.8283617916607
HOW-profile(global-MAD),Wolf_retail_Harriett,125,spike,3,obvious,2,178.4149864623138,True,1.0,0.5,182.1087364623138
HOW-profile(global-MAD),Wolf_retail_Harriett,125,schedule,3,obvious,168,658.908355179765,True,18.0,0.005952380952380952,1352.9915944559343
HOW-profile(global-MAD),Wolf_retail_Harriett,125,schedule,1,subtle,192,5.625535634244642,True,109.0,0.005208333333333333,1397.6289285447483
HOW-profile(global-MAD),Wolf_retail_Harriett,125,schedule,2,moderate,144,9.462371733532182,False,,0.0,1438.608347181329
HOW-profile(global-MAD),Wolf_retail_Marcella,125,drift,2,moderate,288,742.5704258791877,True,4.0,0.03125,586.6339466265968
HOW-profile(global-MAD),Wolf_retail_Marcella,125,spike,2,moderate,4,32.739046582217696,True,1.0,0.75,34.3565465822177
HOW-profile(global-MAD),Wolf_retail_Marcella,125,spike,3,obvious,4,55.581626180626806,False,,0.0,51.459126180626804
HOW-profile(global-MAD),Wolf_retail_Marcella,125,drift,3,obvious,144,366.00807132346256,False,,0.0,381.7059116515179
HOW-profile(global-MAD),Wolf_retail_Marcella,125,schedule,3,obvious,120,26.339615339195092,True,1.0,0.25,188.88538106895732
HOW-profile(global-MAD),Wolf_retail_Marcella,125,spike,1,subtle,5,25.69306637295704,True,3.0,0.4,25.338066372957044
HOW-profile(global-MAD),Wolf_retail_Toshia,125,spike,2,moderate,3,362.2002037670109,True,1.0,0.6666666666666666,370.83895376701093
HOW-profile(global-MAD),Wolf_retail_Toshia,125,spike,3,obvious,4,937.5253054435932,True,0.0,1.0,1444.2828054435931
HOW-profile(global-MAD),Wolf_retail_Toshia,125,drift,2,moderate,240,4174.144085798001,True,65.0,0.029166666666666667,2028.3187714762284
HOW-profile(global-MAD),Wolf_retail_Toshia,125,spike,1,subtle,3,225.5825258936449,True,1.0,0.6666666666666666,247.82627589364492
HOW-profile(global-MAD),Wolf_retail_Toshia,125,schedule,3,obvious,96,70.7135913640611,True,17.0,0.052083333333333336,855.3023942427074
HOW-profile(global-MAD),Wolf_retail_Toshia,125,drift,2,moderate,144,1585.0846732926336,True,53.0,0.16666666666666666,2405.944645956918
PatchTST-SSL(HoD-cond),Fox_education_Henrietta,125,drift,3,obvious,120,543.6776343474405,True,40.0,0.125,719.3363344665258
PatchTST-SSL(HoD-cond),Fox_education_Henrietta,125,drift,3,obvious,240,2141.019036959888,True,10.0,0.19166666666666668,3262.8627174504995
PatchTST-SSL(HoD-cond),Fox_education_Henrietta,125,drift,1,subtle,288,476.4946025631397,False,,0.0,823.2188887530327
PatchTST-SSL(HoD-cond),Fox_education_Henrietta,125,spike,1,subtle,4,62.13982155094737,False,,0.0,101.12940261205475
PatchTST-SSL(HoD-cond),Fox_education_Henrietta,125,spike,2,moderate,5,140.44990776891177,False,,0.0,124.04037126449504
PatchTST-SSL(HoD-cond),Fox_education_Henrietta,125,spike,1,subtle,5,66.13491765552413,True,3.0,0.4,33.14378654631399
PatchTST-SSL(HoD-cond),Fox_retail_Manie,125,schedule,3,obvious,144,368.04709591272024,True,88.0,0.09722222222222222,1425.7348026024927
PatchTST-SSL(HoD-cond),Fox_retail_Manie,125,spike,1,subtle,1,123.19706914419866,True,0.0,1.0,127.15221710292505
PatchTST-SSL(HoD-cond),Fox_retail_Manie,125,spike,2,moderate,5,421.05161512855886,True,1.0,0.8,544.9439128983631
PatchTST-SSL(HoD-cond),Fox_retail_Manie,125,drift,3,obvious,240,8151.129348647555,True,164.0,0.058333333333333334,8856.162484016988
PatchTST-SSL(HoD-cond),Fox_retail_Manie,125,spike,1,subtle,1,120.95524489933428,True,0.0,1.0,167.6879393232584
PatchTST-SSL(HoD-cond),Fox_retail_Manie,125,schedule,3,obvious,192,426.66194710076456,False,,0.0,1550.6839836525746
PatchTST-SSL(HoD-cond),Hog_education_Bruno,125,spike,1,subtle,5,400.40328920967283,True,2.0,0.6,427.91577209279
PatchTST-SSL(HoD-cond),Hog_education_Bruno,125,drift,1,subtle,288,10943.930462314776,True,51.0,0.22569444444444445,14296.112440270172
PatchTST-SSL(HoD-cond),Hog_education_Bruno,125,drift,3,obvious,168,19882.024337608516,True,5.0,0.7440476190476191,24758.730065420514
PatchTST-SSL(HoD-cond),Hog_education_Bruno,125,schedule,3,obvious,96,3.769674119454777,False,,0.0,1671.3716314208648
PatchTST-SSL(HoD-cond),Hog_education_Bruno,125,spike,3,obvious,1,404.27360964432347,True,0.0,1.0,422.2924603395523
PatchTST-SSL(HoD-cond),Hog_education_Bruno,125,spike,2,moderate,3,327.13560661465135,True,2.0,0.3333333333333333,347.4602170557874
PatchTST-SSL(HoD-cond),Hog_education_Caridad,125,drift,1,subtle,216,28386.38275238724,True,4.0,0.023148148148148147,33170.92065922671
PatchTST-SSL(HoD-cond),Hog_education_Caridad,125,schedule,3,obvious,168,40300.39042463366,True,15.0,0.10714285714285714,15408.875507168785
PatchTST-SSL(HoD-cond),Hog_education_Caridad,125,drift,2,moderate,120,28596.337097434516,True,73.0,0.2,26319.830105950925
PatchTST-SSL(HoD-cond),Hog_education_Caridad,125,spike,1,subtle,3,3615.9659871725003,True,1.0,0.6666666666666666,3461.381162396044
PatchTST-SSL(HoD-cond),Hog_education_Caridad,125,schedule,2,moderate,216,9175.068368269809,True,149.0,0.018518518518518517,4240.4149149260775
PatchTST-SSL(HoD-cond),Hog_education_Caridad,125,spike,3,obvious,4,14222.668954687539,True,1.0,0.75,13701.896812714363
PatchTST-SSL(HoD-cond),Hog_education_Josh,125,drift,3,obvious,144,7730.505083483085,True,32.0,0.006944444444444444,13157.986380140228
PatchTST-SSL(HoD-cond),Hog_education_Josh,125,schedule,3,obvious,72,11.784679011288034,True,22.0,0.013888888888888888,6500.848365053683
PatchTST-SSL(HoD-cond),Hog_education_Josh,125,spike,1,subtle,5,575.7182019786903,True,3.0,0.4,562.2481637218098
PatchTST-SSL(HoD-cond),Hog_education_Josh,125,spike,1,subtle,1,242.4107462956211,True,0.0,1.0,310.57958289913233
PatchTST-SSL(HoD-cond),Hog_education_Josh,125,drift,2,moderate,216,11163.141504512632,True,54.0,0.09722222222222222,23476.490176473737
PatchTST-SSL(HoD-cond),Hog_education_Josh,125,spike,1,subtle,4,389.0732811986469,True,2.0,0.5,719.223949544754
PatchTST-SSL(HoD-cond),Hog_education_Luvenia,125,schedule,3,obvious,216,78.81606669111721,True,29.0,0.041666666666666664,10649.107344860227
PatchTST-SSL(HoD-cond),Hog_education_Luvenia,125,spike,3,obvious,1,701.6027863582609,True,0.0,1.0,716.6878302294747
PatchTST-SSL(HoD-cond),Hog_education_Luvenia,125,schedule,3,obvious,144,243.05596690490262,True,78.0,0.013888888888888888,4362.304464813724
PatchTST-SSL(HoD-cond),Hog_education_Luvenia,125,drift,1,subtle,240,15728.352545379583,True,39.0,0.008333333333333333,21134.412288059306
PatchTST-SSL(HoD-cond),Hog_education_Luvenia,125,spike,1,subtle,4,601.5568549222517,True,2.0,0.5,551.9606333135594
PatchTST-SSL(HoD-cond),Hog_education_Luvenia,125,spike,3,obvious,3,1008.5508595886322,True,1.0,0.6666666666666666,1006.8659747101419
PatchTST-SSL(HoD-cond),Hog_office_Almeda,125,schedule,3,obvious,144,920.7290323005243,True,14.0,0.0625,583.8908333949063
PatchTST-SSL(HoD-cond),Hog_office_Almeda,125,spike,1,subtle,1,97.60946352752082,True,0.0,1.0,93.70735501722646
PatchTST-SSL(HoD-cond),Hog_office_Almeda,125,drift,3,obvious,120,2352.246882309896,True,32.0,0.19166666666666668,3629.7189047757315
PatchTST-SSL(HoD-cond),Hog_office_Almeda,125,drift,3,obvious,168,4911.399663120952,True,35.0,0.2619047619047619,6851.306166558661
PatchTST-SSL(HoD-cond),Hog_office_Almeda,125,drift,3,obvious,240,8255.633995193115,True,75.0,0.11666666666666667,12247.087980867174
PatchTST-SSL(HoD-cond),Hog_office_Almeda,125,spike,2,moderate,4,290.3558219807369,False,,0.0,353.90190693841066
PatchTST-SSL(HoD-cond),Hog_office_Cortney,125,spike,2,moderate,3,421.20877656343674,True,1.0,0.6666666666666666,414.2989838123052
PatchTST-SSL(HoD-cond),Hog_office_Cortney,125,spike,3,obvious,2,402.6129107386708,True,1.0,0.5,405.3101936761155
PatchTST-SSL(HoD-cond),Hog_office_Cortney,125,drift,2,moderate,168,1926.319983944104,False,,0.0,4636.695012497847
PatchTST-SSL(HoD-cond),Hog_office_Cortney,125,spike,3,obvious,3,566.8997263540168,True,1.0,0.6666666666666666,528.9371327976808
PatchTST-SSL(HoD-cond),Hog_office_Cortney,125,spike,3,obvious,5,1037.6594788568552,True,1.0,0.8,991.2689789548276
PatchTST-SSL(HoD-cond),Hog_office_Cortney,125,spike,1,subtle,1,177.95406087120688,True,0.0,1.0,181.67057298060266
PatchTST-SSL(HoD-cond),Hog_office_Denita,125,spike,1,subtle,1,104.74801112459913,True,0.0,1.0,128.6105624815032
PatchTST-SSL(HoD-cond),Hog_office_Denita,125,spike,3,obvious,4,461.0964849863213,True,2.0,0.5,392.18642089259424
PatchTST-SSL(HoD-cond),Hog_office_Denita,125,drift,3,obvious,120,2328.7237572547915,True,62.0,0.15,3365.692661963643
PatchTST-SSL(HoD-cond),Hog_office_Denita,125,drift,3,obvious,264,9184.383096629303,True,53.0,0.2765151515151515,10866.94212152816
PatchTST-SSL(HoD-cond),Hog_office_Denita,125,spike,3,obvious,1,240.12967598509266,False,,0.0,231.0307012051859
PatchTST-SSL(HoD-cond),Hog_office_Denita,125,spike,2,moderate,5,370.8999155280089,False,,0.0,298.51184047579966
PatchTST-SSL(HoD-cond),Hog_office_Garrett,125,drift,1,subtle,144,5415.773917719659,False,,0.0,3.924200855402554
PatchTST-SSL(HoD-cond),Hog_office_Garrett,125,spike,2,moderate,1,1358.321923582699,True,0.0,1.0,1312.1756104809185
PatchTST-SSL(HoD-cond),Hog_office_Garrett,125,spike,1,subtle,5,1923.2920380500757,True,2.0,0.6,1715.1096972306832
PatchTST-SSL(HoD-cond),Hog_office_Garrett,125,drift,1,subtle,192,9343.256500347154,True,138.0,0.005208333333333333,10442.025110947096
PatchTST-SSL(HoD-cond),Hog_office_Garrett,125,drift,3,obvious,192,38185.77099119585,True,50.0,0.4322916666666667,32196.48480127589
PatchTST-SSL(HoD-cond),Hog_office_Garrett,125,spike,1,subtle,5,2007.8707973715864,True,2.0,0.6,2182.230717761976
PatchTST-SSL(HoD-cond),Hog_office_Lavon,125,spike,1,subtle,1,1899.2445559390694,True,0.0,1.0,2201.293249493422
PatchTST-SSL(HoD-cond),Hog_office_Lavon,125,schedule,3,obvious,144,551.1258275222517,False,,0.0,5452.944553291876
PatchTST-SSL(HoD-cond),Hog_office_Lavon,125,schedule,2,moderate,72,28.97657684753743,False,,0.0,7903.176264976244
PatchTST-SSL(HoD-cond),Hog_office_Lavon,125,spike,1,subtle,1,1451.4329425254064,True,0.0,1.0,1468.8980728553702
PatchTST-SSL(HoD-cond),Hog_office_Lavon,125,spike,1,subtle,3,2051.267962265602,True,1.0,0.6666666666666666,2325.367975903552
PatchTST-SSL(HoD-cond),Hog_office_Lavon,125,spike,2,moderate,1,2651.549822779352,False,,0.0,2465.991667690917
PatchTST-SSL(HoD-cond),Hog_office_Merilyn,125,schedule,3,obvious,192,182.75521306496756,False,,0.0,1184.8712529554944
PatchTST-SSL(HoD-cond),Hog_office_Merilyn,125,drift,2,moderate,144,1169.519183928402,True,111.0,0.1597222222222222,1556.891179079807
PatchTST-SSL(HoD-cond),Hog_office_Merilyn,125,spike,3,obvious,2,68.9364713067383,True,1.0,0.5,62.08536046229632
PatchTST-SSL(HoD-cond),Hog_office_Merilyn,125,drift,3,obvious,240,4985.299664411465,True,43.0,0.4625,3564.1183777713463
PatchTST-SSL(HoD-cond),Hog_office_Merilyn,125,drift,1,subtle,240,835.1560058605207,True,232.0,0.004166666666666667,2494.033717369569
PatchTST-SSL(HoD-cond),Hog_office_Merilyn,125,spike,3,obvious,1,84.91700938866047,True,0.0,1.0,79.95911270062753
PatchTST-SSL(HoD-cond),Hog_office_Miriam,125,schedule,3,obvious,168,579.523393038525,False,,0.0,442.6936006938069
PatchTST-SSL(HoD-cond),Hog_office_Miriam,125,spike,3,obvious,5,157.02585229495435,True,2.0,0.6,167.99776223541468
PatchTST-SSL(HoD-cond),Hog_office_Miriam,125,spike,1,subtle,5,62.78051802257753,True,3.0,0.4,64.01528711020302
PatchTST-SSL(HoD-cond),Hog_office_Miriam,125,schedule,3,obvious,96,157.6681316218665,False,,0.0,433.71522342650974
PatchTST-SSL(HoD-cond),Hog_office_Miriam,125,spike,2,moderate,2,44.26055572448596,True,1.0,0.5,44.047853454501336
PatchTST-SSL(HoD-cond),Hog_office_Miriam,125,schedule,2,moderate,192,28.056166232973396,True,72.0,0.010416666666666666,552.3224745785373
PatchTST-SSL(HoD-cond),Hog_office_Napoleon,125,drift,2,moderate,144,4716.952247147733,True,120.0,0.013888888888888888,5181.428856120767
PatchTST-SSL(HoD-cond),Hog_office_Napoleon,125,spike,1,subtle,2,137.95448590699337,True,1.0,0.5,126.58283197376862
PatchTST-SSL(HoD-cond),Hog_office_Napoleon,125,schedule,3,obvious,168,1082.6103935191493,False,,0.0,3407.743190194333
PatchTST-SSL(HoD-cond),Hog_office_Napoleon,125,spike,3,obvious,1,273.71167561006234,True,0.0,1.0,326.0694208518587
PatchTST-SSL(HoD-cond),Hog_office_Napoleon,125,spike,3,obvious,3,412.9367145410827,True,1.0,0.6666666666666666,471.7204594277341
PatchTST-SSL(HoD-cond),Hog_office_Napoleon,125,spike,1,subtle,2,120.95556051409783,True,1.0,0.5,109.61417496649025
PatchTST-SSL(HoD-cond),Hog_office_Shawna,125,spike,1,subtle,2,313.6379115139518,True,1.0,0.5,361.82130606763843
PatchTST-SSL(HoD-cond),Hog_office_Shawna,125,schedule,1,subtle,120,16.141511134777772,False,,0.0,4767.491089408595
PatchTST-SSL(HoD-cond),Hog_office_Shawna,125,spike,2,moderate,3,683.8372554129211,True,1.0,0.6666666666666666,692.924595353487
PatchTST-SSL(HoD-cond),Hog_office_Shawna,125,schedule,3,obvious,120,3559.624181799263,True,45.0,0.10833333333333334,6082.289229558515
PatchTST-SSL(HoD-cond),Hog_office_Shawna,125,schedule,2,moderate,144,2117.593778393931,True,48.0,0.013888888888888888,6239.853661634776
PatchTST-SSL(HoD-cond),Hog_office_Shawna,125,spike,1,subtle,4,454.5232692677954,False,,0.0,364.08277127310896
PatchTST-SSL(HoD-cond),Hog_office_Shawnna,125,schedule,2,moderate,168,2552.153783435699,True,7.0,0.07738095238095238,4169.172524815451
PatchTST-SSL(HoD-cond),Hog_office_Shawnna,125,spike,2,moderate,1,979.2760644445437,True,0.0,1.0,1052.8945340614864
PatchTST-SSL(HoD-cond),Hog_office_Shawnna,125,spike,3,obvious,4,2905.0130249591653,True,1.0,0.75,2921.193046689535
PatchTST-SSL(HoD-cond),Hog_office_Shawnna,125,schedule,2,moderate,96,2594.702781314817,True,88.0,0.010416666666666666,157.39922614649
PatchTST-SSL(HoD-cond),Hog_office_Shawnna,125,spike,2,moderate,5,1926.5792375601536,False,,0.0,2391.7163729997656
PatchTST-SSL(HoD-cond),Hog_office_Shawnna,125,schedule,3,obvious,216,6193.786109199689,True,1.0,0.10185185185185185,13132.862846443815
PatchTST-SSL(HoD-cond),Hog_office_Sherrie,125,spike,1,subtle,2,67.78790463192944,False,,0.0,72.61881754581154
PatchTST-SSL(HoD-cond),Hog_office_Sherrie,125,drift,2,moderate,312,5893.056392735663,True,37.0,0.2692307692307692,7552.90978414493
PatchTST-SSL(HoD-cond),Hog_office_Sherrie,125,drift,3,obvious,216,4222.303088303819,True,66.0,0.2222222222222222,4915.932426662659
PatchTST-SSL(HoD-cond),Hog_office_Sherrie,125,drift,3,obvious,240,5690.77195280197,True,2.0,0.35833333333333334,6899.937287669965
PatchTST-SSL(HoD-cond),Hog_office_Sherrie,125,drift,2,moderate,168,1160.5145644277036,False,,0.0,1850.9913041307786
PatchTST-SSL(HoD-cond),Hog_office_Sherrie,125,spike,3,obvious,1,200.1296932408524,True,0.0,1.0,198.79505756128668
PatchTST-SSL(HoD-cond),Hog_office_Shon,125,spike,1,subtle,5,216.7285392605703,False,,0.0,230.1672565326465
PatchTST-SSL(HoD-cond),Hog_office_Shon,125,drift,2,moderate,120,2000.517973275528,True,69.0,0.041666666666666664,2707.346144824741
PatchTST-SSL(HoD-cond),Hog_office_Shon,125,drift,3,obvious,312,21736.11668917782,True,51.0,0.36538461538461536,19835.513254098518
PatchTST-SSL(HoD-cond),Hog_office_Shon,125,spike,3,obvious,5,435.00855328869727,True,4.0,0.2,381.87154660536214
PatchTST-SSL(HoD-cond),Hog_office_Shon,125,spike,2,moderate,2,137.69489830862938,True,1.0,0.5,188.41729679486934
PatchTST-SSL(HoD-cond),Hog_office_Shon,125,spike,3,obvious,2,215.0601984522419,True,1.0,0.5,202.6651170414182
PatchTST-SSL(HoD-cond),Hog_office_Sydney,125,drift,1,subtle,312,10090.72902848742,True,71.0,0.04487179487179487,7667.83766703083
PatchTST-SSL(HoD-cond),Hog_office_Sydney,125,drift,3,obvious,192,11552.378159444106,True,28.0,0.6822916666666666,12555.045744252611
PatchTST-SSL(HoD-cond),Hog_office_Sydney,125,spike,1,subtle,2,107.40101118162318,True,1.0,0.5,94.46401783686444
PatchTST-SSL(HoD-cond),Hog_office_Sydney,125,drift,1,subtle,144,1436.3776215795922,True,89.0,0.10416666666666667,2290.6119658469433
PatchTST-SSL(HoD-cond),Hog_office_Sydney,125,spike,1,subtle,3,120.35248606515015,True,2.0,0.3333333333333333,94.44603521751915
PatchTST-SSL(HoD-cond),Hog_office_Sydney,125,spike,1,subtle,3,134.44551911738682,True,1.0,0.6666666666666666,139.367106709291
PatchTST-SSL(HoD-cond),Hog_office_Valda,125,drift,1,subtle,240,661.3711408953283,False,,0.0,1314.4489520373209
PatchTST-SSL(HoD-cond),Hog_office_Valda,125,schedule,2,moderate,168,82.79700716384005,False,,0.0,43.928008781546644
PatchTST-SSL(HoD-cond),Hog_office_Valda,125,spike,2,moderate,4,173.4631733998353,False,,0.0,160.26366596541902
PatchTST-SSL(HoD-cond),Hog_office_Valda,125,drift,2,moderate,264,2769.782873715905,True,34.0,0.3143939393939394,4562.750145802847
PatchTST-SSL(HoD-cond),Hog_office_Valda,125,spike,1,subtle,3,91.82340690935975,False,,0.0,43.959255153329266
PatchTST-SSL(HoD-cond),Hog_office_Valda,125,spike,3,obvious,1,143.2802443165958,True,0.0,1.0,153.14349486017898
PatchTST-SSL(HoD-cond),Lamb_education_Armando,125,schedule,3,obvious,120,1.1934745829660691,False,,0.0,3112.6891675619822
PatchTST-SSL(HoD-cond),Lamb_education_Armando,125,spike,3,obvious,2,399.74267508277626,True,1.0,0.5,382.9998381135109
PatchTST-SSL(HoD-cond),Lamb_education_Armando,125,spike,1,subtle,1,181.88666623841328,True,0.0,1.0,176.151525828936
PatchTST-SSL(HoD-cond),Lamb_education_Armando,125,spike,2,moderate,3,311.1701632346293,False,,0.0,274.28704381845307
PatchTST-SSL(HoD-cond),Lamb_education_Armando,125,drift,3,obvious,216,4189.596198085895,False,,0.0,11354.379659884678
PatchTST-SSL(HoD-cond),Lamb_education_Armando,125,spike,2,moderate,3,298.4435139285549,True,1.0,0.6666666666666666,295.51198472550584
PatchTST-SSL(HoD-cond),Lamb_education_Eula,125,spike,1,subtle,1,6.690699674565021,True,0.0,1.0,6.409474293182898
PatchTST-SSL(HoD-cond),Lamb_education_Eula,125,drift,2,moderate,240,84.1414837512204,True,16.0,0.016666666666666666,319.1976678401485
PatchTST-SSL(HoD-cond),Lamb_education_Eula,125,drift,2,moderate,168,44.64918931234279,False,,0.0,47.212354872536736
PatchTST-SSL(HoD-cond),Lamb_education_Eula,125,spike,1,subtle,4,10.101430544618829,False,,0.0,9.252338281614314
PatchTST-SSL(HoD-cond),Lamb_education_Eula,125,drift,3,obvious,120,39.955048544124566,True,7.0,0.1,201.6785351838546
PatchTST-SSL(HoD-cond),Lamb_education_Eula,125,spike,3,obvious,3,22.257380646063886,True,1.0,0.6666666666666666,29.478634882991138
PatchTST-SSL(HoD-cond),Lamb_education_Lazaro,125,drift,1,subtle,168,199.56667718910816,False,,0.0,12.542264644504261
PatchTST-SSL(HoD-cond),Lamb_education_Lazaro,125,spike,1,subtle,3,146.2616500912896,True,2.0,0.3333333333333333,129.64888931539298
PatchTST-SSL(HoD-cond),Lamb_education_Lazaro,125,spike,3,obvious,4,445.1755338537366,True,1.0,0.75,427.07667926958413
PatchTST-SSL(HoD-cond),Lamb_education_Lazaro,125,drift,2,moderate,264,2062.639357213663,False,,0.0,9427.018677586955
PatchTST-SSL(HoD-cond),Lamb_education_Lazaro,125,drift,1,subtle,192,416.463144323934,False,,0.0,2739.508046264662
PatchTST-SSL(HoD-cond),Lamb_education_Lazaro,125,drift,1,subtle,216,491.99455646137983,True,164.0,0.06944444444444445,824.6810160752163
PatchTST-SSL(HoD-cond),Lamb_education_Lucas,125,drift,2,moderate,120,119.5016707324252,False,,0.0,36.33547164646127
PatchTST-SSL(HoD-cond),Lamb_education_Lucas,125,spike,2,moderate,4,64.4787362913023,True,1.0,0.75,64.03678372557337
PatchTST-SSL(HoD-cond),Lamb_education_Lucas,125,spike,3,obvious,1,60.67999960371594,True,0.0,1.0,61.393641524375845
PatchTST-SSL(HoD-cond),Lamb_education_Lucas,125,schedule,3,obvious,72,15.547596446667187,True,15.0,0.041666666666666664,360.81104053349975
PatchTST-SSL(HoD-cond),Lamb_education_Lucas,125,drift,1,subtle,240,204.83694269880996,True,66.0,0.029166666666666667,963.5361574014128
PatchTST-SSL(HoD-cond),Lamb_education_Lucas,125,spike,3,obvious,5,123.35494196224937,True,1.0,0.8,115.19915475981867
PatchTST-SSL(HoD-cond),Lamb_education_Mae,125,schedule,3,obvious,192,707.7055646019003,False,,0.0,1051.288434192168
PatchTST-SSL(HoD-cond),Lamb_education_Mae,125,spike,2,moderate,4,434.5193321882207,True,2.0,0.5,307.8084467863273
PatchTST-SSL(HoD-cond),Lamb_education_Mae,125,drift,3,obvious,168,4279.320062963822,True,8.0,0.09523809523809523,9282.579059208869
PatchTST-SSL(HoD-cond),Lamb_education_Mae,125,spike,1,subtle,5,416.061573940696,True,2.0,0.6,416.96110421836204
PatchTST-SSL(HoD-cond),Lamb_education_Mae,125,drift,1,subtle,144,877.5414005948726,False,,0.0,3879.713041282819
PatchTST-SSL(HoD-cond),Lamb_education_Mae,125,drift,2,moderate,144,1987.2812368441187,True,57.0,0.0625,4633.872183852227
PatchTST-SSL(HoD-cond),Lamb_education_Williams,125,drift,2,moderate,192,993.7413147792987,True,12.0,0.08333333333333333,4326.463647374541
PatchTST-SSL(HoD-cond),Lamb_education_Williams,125,spike,1,subtle,5,265.7690347821638,True,2.0,0.6,251.13788738424785
PatchTST-SSL(HoD-cond),Lamb_education_Williams,125,spike,2,moderate,2,234.79118643839578,True,1.0,0.5,210.93547908935838
PatchTST-SSL(HoD-cond),Lamb_education_Williams,125,spike,3,obvious,3,445.97474150476165,True,1.0,0.6666666666666666,417.9807153752439
PatchTST-SSL(HoD-cond),Lamb_education_Williams,125,schedule,3,obvious,120,206.46617688107503,False,,0.0,2627.8290480633814
PatchTST-SSL(HoD-cond),Lamb_education_Williams,125,spike,2,moderate,1,228.2045694366033,True,0.0,1.0,264.98836043704705
PatchTST-SSL(HoD-cond),Lamb_office_Caitlin,125,schedule,3,obvious,120,387.3312010228129,True,37.0,0.175,105.26594303740991
PatchTST-SSL(HoD-cond),Lamb_office_Caitlin,125,drift,2,moderate,264,1503.7557897394063,True,87.0,0.09090909090909091,195.03008832307916
PatchTST-SSL(HoD-cond),Lamb_office_Caitlin,125,drift,3,obvious,288,3186.0441444924627,True,8.0,0.20833333333333334,611.8250322567015
PatchTST-SSL(HoD-cond),Lamb_office_Caitlin,125,drift,2,moderate,168,656.6603062278259,False,,0.0,14.44339299871692
PatchTST-SSL(HoD-cond),Lamb_office_Caitlin,125,spike,2,moderate,2,275.7887601997688,True,1.0,0.5,261.35744408786246
PatchTST-SSL(HoD-cond),Lamb_office_Caitlin,125,spike,2,moderate,3,394.2911673996349,True,1.0,0.6666666666666666,338.7930715621522
PatchTST-SSL(HoD-cond),Lamb_office_Velma,125,spike,3,obvious,4,835.24176345517,True,1.0,0.75,986.7383918613214
PatchTST-SSL(HoD-cond),Lamb_office_Velma,125,spike,2,moderate,4,488.9701505503433,True,1.0,0.75,800.0822307870508
PatchTST-SSL(HoD-cond),Lamb_office_Velma,125,drift,1,subtle,120,977.7376980269868,False,,0.0,3689.323362997025
PatchTST-SSL(HoD-cond),Lamb_office_Velma,125,drift,2,moderate,264,11288.878643994793,True,66.0,0.14393939393939395,18218.98188749583
PatchTST-SSL(HoD-cond),Lamb_office_Velma,125,spike,2,moderate,3,407.53838309396895,True,2.0,0.3333333333333333,380.0366159278184
PatchTST-SSL(HoD-cond),Lamb_office_Velma,125,spike,2,moderate,4,531.175643613273,True,2.0,0.5,476.0757154374475
PatchTST-SSL(HoD-cond),Rat_retail_Jeffrey,125,spike,1,subtle,4,274.0071717515276,True,3.0,0.25,195.59141970534293
PatchTST-SSL(HoD-cond),Rat_retail_Jeffrey,125,drift,2,moderate,240,5848.782780325441,True,41.0,0.2375,4575.884852923247
PatchTST-SSL(HoD-cond),Rat_retail_Jeffrey,125,spike,2,moderate,5,605.3830290267529,True,2.0,0.6,460.79436592131526
PatchTST-SSL(HoD-cond),Rat_retail_Jeffrey,125,spike,1,subtle,4,237.823478890623,True,2.0,0.5,248.80153550656854
PatchTST-SSL(HoD-cond),Rat_retail_Jeffrey,125,spike,3,obvious,1,329.0382503598847,True,0.0,1.0,337.4967797929018
PatchTST-SSL(HoD-cond),Rat_retail_Jeffrey,125,spike,2,moderate,4,448.5396392666252,True,1.0,0.75,487.4969652769735
PatchTST-SSL(HoD-cond),Robin_education_Zenia,125,spike,2,moderate,5,318.0746005878816,True,2.0,0.6,623.1907214719827
PatchTST-SSL(HoD-cond),Robin_education_Zenia,125,drift,1,subtle,288,7684.58034520667,True,78.0,0.06944444444444445,25462.26061508753
PatchTST-SSL(HoD-cond),Robin_education_Zenia,125,spike,1,subtle,4,221.19370506177228,True,1.0,0.75,483.31711322755245
PatchTST-SSL(HoD-cond),Robin_education_Zenia,125,spike,1,subtle,2,115.38557172702771,True,1.0,0.5,384.0310915897646
PatchTST-SSL(HoD-cond),Robin_education_Zenia,125,drift,1,subtle,288,7316.344667072699,True,5.0,0.1284722222222222,28553.357366338118
PatchTST-SSL(HoD-cond),Robin_education_Zenia,125,spike,2,moderate,1,182.6560142466909,True,0.0,1.0,311.97015648155764
PatchTST-SSL(HoD-cond),Robin_office_Dina,125,schedule,3,obvious,216,169.6877846016588,True,7.0,0.009259259259259259,1381.9653974190383
PatchTST-SSL(HoD-cond),Robin_office_Dina,125,drift,3,obvious,168,2676.149080501228,True,42.0,0.31547619047619047,2742.1612558159472
PatchTST-SSL(HoD-cond),Robin_office_Dina,125,spike,3,obvious,3,109.70001649846563,True,2.0,0.3333333333333333,112.11702294995318
PatchTST-SSL(HoD-cond),Robin_office_Dina,125,drift,1,subtle,192,557.1814272127779,False,,0.0,970.5783487595272
PatchTST-SSL(HoD-cond),Robin_office_Dina,125,spike,1,subtle,5,72.51704449816964,False,,0.0,80.19082669076906
PatchTST-SSL(HoD-cond),Robin_office_Dina,125,schedule,3,obvious,120,128.57224582658398,True,68.0,0.016666666666666666,807.1630815403603
PatchTST-SSL(HoD-cond),Robin_office_Sammie,125,drift,3,obvious,264,18298.902736260905,True,48.0,0.18181818181818182,19456.736499841983
PatchTST-SSL(HoD-cond),Robin_office_Sammie,125,schedule,2,moderate,192,18.074637820832336,False,,0.0,2180.701814494677
PatchTST-SSL(HoD-cond),Robin_office_Sammie,125,spike,3,obvious,1,204.63879598031215,True,0.0,1.0,229.51489558831304
PatchTST-SSL(HoD-cond),Robin_office_Sammie,125,drift,2,moderate,168,4294.326389896674,True,42.0,0.08928571428571429,4217.105492075265
PatchTST-SSL(HoD-cond),Robin_office_Sammie,125,drift,2,moderate,192,4966.157305493951,False,,0.0,6596.377645186173
PatchTST-SSL(HoD-cond),Robin_office_Sammie,125,spike,1,subtle,4,174.44843902348026,False,,0.0,314.01649108577146
PatchTST-SSL(HoD-cond),Shrew_office_Doris,125,drift,1,subtle,120,1082.0083293285486,True,27.0,0.025,4598.436930414432
PatchTST-SSL(HoD-cond),Shrew_office_Doris,125,spike,3,obvious,1,461.5699763173361,True,0.0,1.0,467.97443222722006
PatchTST-SSL(HoD-cond),Shrew_office_Doris,125,spike,1,subtle,2,241.8652026947672,True,1.0,0.5,234.21242126163216
PatchTST-SSL(HoD-cond),Shrew_office_Doris,125,drift,2,moderate,288,18382.782475357173,True,125.0,0.11805555555555555,20701.558282075763
PatchTST-SSL(HoD-cond),Shrew_office_Doris,125,schedule,3,obvious,72,48.69158738777398,False,,0.0,1066.5822806950925
PatchTST-SSL(HoD-cond),Shrew_office_Doris,125,schedule,3,obvious,96,120.65365213163807,False,,0.0,1283.705091385446
PatchTST-SSL(HoD-cond),Shrew_office_Ila,125,drift,3,obvious,120,4980.057438458025,True,47.0,0.325,7307.512186522945
PatchTST-SSL(HoD-cond),Shrew_office_Ila,125,spike,3,obvious,3,466.4077483285107,True,1.0,0.6666666666666666,690.3746133850475
PatchTST-SSL(HoD-cond),Shrew_office_Ila,125,drift,1,subtle,192,3942.6429638529935,True,17.0,0.203125,7984.596021725433
PatchTST-SSL(HoD-cond),Shrew_office_Ila,125,spike,1,subtle,2,152.98568731421085,False,,0.0,141.5676634606616
PatchTST-SSL(HoD-cond),Shrew_office_Ila,125,spike,2,moderate,2,250.3241169224834,True,1.0,0.5,226.19567030952481
PatchTST-SSL(HoD-cond),Shrew_office_Ila,125,spike,1,subtle,2,122.0473460947881,True,1.0,0.5,122.21039896064583
PatchTST-SSL(HoD-cond),Shrew_office_Kenneth,125,schedule,2,moderate,96,45.06488055035239,False,,0.0,0.0
PatchTST-SSL(HoD-cond),Shrew_office_Kenneth,125,schedule,3,obvious,144,223.94966667746283,False,,0.0,279.28828300838035
PatchTST-SSL(HoD-cond),Shrew_office_Kenneth,125,spike,1,subtle,2,57.50642214860222,True,1.0,0.5,48.45418188644026
PatchTST-SSL(HoD-cond),Shrew_office_Kenneth,125,drift,3,obvious,240,4470.540824718164,True,73.0,0.2875,5068.787945443271
PatchTST-SSL(HoD-cond),Shrew_office_Kenneth,125,spike,1,subtle,5,148.21042491794591,False,,0.0,139.8722716881365
PatchTST-SSL(HoD-cond),Shrew_office_Kenneth,125,drift,3,obvious,168,2316.4706616493195,True,34.0,0.5654761904761905,1181.1752506369423
PatchTST-SSL(HoD-cond),Shrew_office_Nora,125,schedule,3,obvious,216,4514.662713075832,True,21.0,0.06944444444444445,7400.294952610666
PatchTST-SSL(HoD-cond),Shrew_office_Nora,125,spike,1,subtle,5,492.7539341376733,True,1.0,0.8,510.11018638690734
PatchTST-SSL(HoD-cond),Shrew_office_Nora,125,spike,1,subtle,3,346.1721874953224,False,,0.0,515.8839036915397
PatchTST-SSL(HoD-cond),Shrew_office_Nora,125,spike,1,subtle,2,230.5830463599992,True,1.0,0.5,363.98098500724
PatchTST-SSL(HoD-cond),Shrew_office_Nora,125,drift,1,subtle,264,7615.654361754455,True,9.0,0.003787878787878788,12887.035279738971
PatchTST-SSL(HoD-cond),Shrew_office_Nora,125,spike,2,moderate,5,936.2217800892317,False,,0.0,1087.2999293029077
PatchTST-SSL(HoD-cond),Shrew_office_Sherill,125,spike,1,subtle,4,866.5897262353003,True,3.0,0.25,618.6650650402282
PatchTST-SSL(HoD-cond),Shrew_office_Sherill,125,drift,3,obvious,216,29783.352961436343,True,20.0,0.24537037037037038,35993.10148717161
PatchTST-SSL(HoD-cond),Shrew_office_Sherill,125,spike,2,moderate,3,856.8929742368821,True,2.0,0.3333333333333333,884.9500232039759
PatchTST-SSL(HoD-cond),Shrew_office_Sherill,125,spike,3,obvious,2,1071.2140890613477,True,1.0,0.5,1061.7894477102466
PatchTST-SSL(HoD-cond),Shrew_office_Sherill,125,spike,3,obvious,5,2463.4614158129157,True,1.0,0.8,2464.1334576927775
PatchTST-SSL(HoD-cond),Shrew_office_Sherill,125,drift,1,subtle,192,6998.702088032382,True,61.0,0.03125,12405.461357872253
PatchTST-SSL(HoD-cond),Wolf_office_Darleen,125,drift,2,moderate,120,604.8468589549041,True,72.0,0.041666666666666664,871.98833898458
PatchTST-SSL(HoD-cond),Wolf_office_Darleen,125,drift,2,moderate,120,809.9907742251621,False,,0.0,1209.9597586063155
PatchTST-SSL(HoD-cond),Wolf_office_Darleen,125,spike,1,subtle,3,122.46553220229873,True,2.0,0.3333333333333333,101.10304815028906
PatchTST-SSL(HoD-cond),Wolf_office_Darleen,125,spike,1,subtle,3,108.23648906363294,True,1.0,0.6666666666666666,102.68871264692643
PatchTST-SSL(HoD-cond),Wolf_office_Darleen,125,spike,2,moderate,3,163.1594691481757,True,1.0,0.6666666666666666,196.20795504820322
PatchTST-SSL(HoD-cond),Wolf_office_Darleen,125,schedule,3,obvious,192,273.8121535500858,False,,0.0,168.34698753185333
PatchTST-SSL(HoD-cond),Wolf_retail_Harriett,125,schedule,2,moderate,216,142.5025617723444,False,,0.0,3894.120232875268
PatchTST-SSL(HoD-cond),Wolf_retail_Harriett,125,spike,2,moderate,3,172.0596117916607,True,1.0,0.6666666666666666,169.23983549918432
PatchTST-SSL(HoD-cond),Wolf_retail_Harriett,125,spike,3,obvious,2,178.4149864623138,True,1.0,0.5,175.62389055365625
PatchTST-SSL(HoD-cond),Wolf_retail_Harriett,125,schedule,3,obvious,168,658.908355179765,True,138.0,0.02976190476190476,1850.5162117116092
PatchTST-SSL(HoD-cond),Wolf_retail_Harriett,125,schedule,1,subtle,192,5.625535634244642,True,109.0,0.020833333333333332,2374.7562273834183
PatchTST-SSL(HoD-cond),Wolf_retail_Harriett,125,schedule,2,moderate,144,9.462371733532182,True,68.0,0.013888888888888888,2302.9309964366494
PatchTST-SSL(HoD-cond),Wolf_retail_Marcella,125,drift,2,moderate,288,742.5704258791877,True,8.0,0.006944444444444444,666.1763983851896
PatchTST-SSL(HoD-cond),Wolf_retail_Marcella,125,spike,2,moderate,4,32.739046582217696,True,1.0,0.75,42.61307498127249
PatchTST-SSL(HoD-cond),Wolf_retail_Marcella,125,spike,3,obvious,4,55.581626180626806,False,,0.0,53.091005506685015
PatchTST-SSL(HoD-cond),Wolf_retail_Marcella,125,drift,3,obvious,144,366.00807132346256,True,140.0,0.020833333333333332,362.65019749728003
PatchTST-SSL(HoD-cond),Wolf_retail_Marcella,125,schedule,3,obvious,120,26.339615339195092,False,,0.0,247.916065008781
PatchTST-SSL(HoD-cond),Wolf_retail_Marcella,125,spike,1,subtle,5,25.69306637295704,False,,0.0,16.70385059198847
PatchTST-SSL(HoD-cond),Wolf_retail_Toshia,125,spike,2,moderate,3,362.2002037670109,True,1.0,0.6666666666666666,324.38310753657083
PatchTST-SSL(HoD-cond),Wolf_retail_Toshia,125,spike,3,obvious,4,937.5253054435932,True,1.0,0.75,1283.6445210238546
PatchTST-SSL(HoD-cond),Wolf_retail_Toshia,125,drift,2,moderate,240,4174.144085798001,True,39.0,0.020833333333333332,2927.591544281635
PatchTST-SSL(HoD-cond),Wolf_retail_Toshia,125,spike,1,subtle,3,225.5825258936449,True,1.0,0.6666666666666666,214.15709316352655
PatchTST-SSL(HoD-cond),Wolf_retail_Toshia,125,schedule,3,obvious,96,70.7135913640611,True,18.0,0.010416666666666666,1647.4103788612365
PatchTST-SSL(HoD-cond),Wolf_retail_Toshia,125,drift,2,moderate,144,1585.0846732926336,False,,0.0,4703.942667487003
HOW-profile(HoD-cond),Fox_education_Henrietta,125,drift,3,obvious,120,543.6776343474405,True,41.0,0.23333333333333334,437.71243167996647
HOW-profile(HoD-cond),Fox_education_Henrietta,125,drift,3,obvious,240,2141.019036959888,True,12.0,0.19166666666666668,3200.2104503002565
HOW-profile(HoD-cond),Fox_education_Henrietta,125,drift,1,subtle,288,476.4946025631397,False,,0.0,391.31628966192
HOW-profile(HoD-cond),Fox_education_Henrietta,125,spike,1,subtle,4,62.13982155094737,False,,0.0,75.24982155094736
HOW-profile(HoD-cond),Fox_education_Henrietta,125,spike,2,moderate,5,140.44990776891177,False,,0.0,134.9899077689118
HOW-profile(HoD-cond),Fox_education_Henrietta,125,spike,1,subtle,5,66.13491765552413,True,3.0,0.4,38.84155510232887
HOW-profile(HoD-cond),Fox_retail_Manie,125,schedule,3,obvious,144,368.04709591272024,True,0.0,0.2777777777777778,1474.4990393869816
HOW-profile(HoD-cond),Fox_retail_Manie,125,spike,1,subtle,1,123.19706914419866,True,0.0,1.0,139.39706914419864
HOW-profile(HoD-cond),Fox_retail_Manie,125,spike,2,moderate,5,421.05161512855886,True,0.0,1.0,649.9716151285588
HOW-profile(HoD-cond),Fox_retail_Manie,125,drift,3,obvious,240,8151.129348647555,True,163.0,0.05416666666666667,8354.282975809543
HOW-profile(HoD-cond),Fox_retail_Manie,125,spike,1,subtle,1,120.95524489933428,True,0.0,1.0,175.62524489933426
HOW-profile(HoD-cond),Fox_retail_Manie,125,schedule,3,obvious,192,426.66194710076456,False,,0.0,1324.9463510354258
HOW-profile(HoD-cond),Hog_education_Bruno,125,spike,1,subtle,5,400.40328920967283,True,1.0,0.8,422.52028920967285
HOW-profile(HoD-cond),Hog_education_Bruno,125,drift,1,subtle,288,10943.930462314776,True,16.0,0.5625,10142.087424979169
HOW-profile(HoD-cond),Hog_education_Bruno,125,drift,3,obvious,168,19882.024337608516,True,3.0,0.9642857142857143,21700.279337608514
HOW-profile(HoD-cond),Hog_education_Bruno,125,schedule,3,obvious,96,3.769674119454777,False,,0.0,535.7365449412968
HOW-profile(HoD-cond),Hog_education_Bruno,125,spike,3,obvious,1,404.27360964432347,True,0.0,1.0,403.4426096443235
HOW-profile(HoD-cond),Hog_education_Bruno,125,spike,2,moderate,3,327.13560661465135,True,2.0,0.3333333333333333,347.9256066146514
HOW-profile(HoD-cond),Hog_education_Caridad,125,drift,1,subtle,216,28386.38275238724,True,4.0,0.009259259259259259,23173.061403577296
HOW-profile(HoD-cond),Hog_education_Caridad,125,schedule,3,obvious,168,40300.39042463366,True,66.0,0.005952380952380952,2979.4078855049465
HOW-profile(HoD-cond),Hog_education_Caridad,125,drift,2,moderate,120,28596.337097434516,True,44.0,0.575,22849.637128541362
HOW-profile(HoD-cond),Hog_education_Caridad,125,spike,1,subtle,3,3615.9659871725003,True,1.0,0.6666666666666666,3404.8809871725
HOW-profile(HoD-cond),Hog_education_Caridad,125,schedule,2,moderate,216,9175.068368269809,False,,0.0,8542.384451189775
HOW-profile(HoD-cond),Hog_education_Caridad,125,spike,3,obvious,4,14222.668954687539,True,1.0,0.75,14098.93295468754
HOW-profile(HoD-cond),Hog_education_Josh,125,drift,3,obvious,144,7730.505083483085,True,32.0,0.05555555555555555,11799.695736284839
HOW-profile(HoD-cond),Hog_education_Josh,125,schedule,3,obvious,72,11.784679011288034,True,9.0,0.06944444444444445,5086.929679011289
HOW-profile(HoD-cond),Hog_education_Josh,125,spike,1,subtle,5,575.7182019786903,True,3.0,0.4,420.25754141192033
HOW-profile(HoD-cond),Hog_education_Josh,125,spike,1,subtle,1,242.4107462956211,True,0.0,1.0,275.5247462956211
HOW-profile(HoD-cond),Hog_education_Josh,125,drift,2,moderate,216,11163.141504512632,True,138.0,0.12962962962962962,20933.345928239454
HOW-profile(HoD-cond),Hog_education_Josh,125,spike,1,subtle,4,389.0732811986469,True,2.0,0.5,552.2922811986468
HOW-profile(HoD-cond),Hog_education_Luvenia,125,schedule,3,obvious,216,78.81606669111721,True,2.0,0.10185185185185185,5644.286349229635
HOW-profile(HoD-cond),Hog_education_Luvenia,125,spike,3,obvious,1,701.6027863582609,True,0.0,1.0,674.8597863582611
HOW-profile(HoD-cond),Hog_education_Luvenia,125,schedule,3,obvious,144,243.05596690490262,True,78.0,0.006944444444444444,1482.2813089984916
HOW-profile(HoD-cond),Hog_education_Luvenia,125,drift,1,subtle,240,15728.352545379583,False,,0.0,14439.438369210804
HOW-profile(HoD-cond),Hog_education_Luvenia,125,spike,1,subtle,4,601.5568549222517,True,2.0,0.5,503.09485492225167
HOW-profile(HoD-cond),Hog_education_Luvenia,125,spike,3,obvious,3,1008.5508595886322,True,1.0,0.6666666666666666,1054.9378595886324
HOW-profile(HoD-cond),Hog_office_Almeda,125,schedule,3,obvious,144,920.7290323005243,True,13.0,0.2152777777777778,789.58630565285
HOW-profile(HoD-cond),Hog_office_Almeda,125,spike,1,subtle,1,97.60946352752082,True,0.0,1.0,97.90246352752085
HOW-profile(HoD-cond),Hog_office_Almeda,125,drift,3,obvious,120,2352.246882309896,True,22.0,0.21666666666666667,3438.0613823098956
HOW-profile(HoD-cond),Hog_office_Almeda,125,drift,3,obvious,168,4911.399663120952,True,36.0,0.39285714285714285,5985.785215982549
HOW-profile(HoD-cond),Hog_office_Almeda,125,drift,3,obvious,240,8255.633995193115,True,6.0,0.16666666666666666,11440.358461721986
HOW-profile(HoD-cond),Hog_office_Almeda,125,spike,2,moderate,4,290.3558219807369,False,,0.0,318.62782198073694
HOW-profile(HoD-cond),Hog_office_Cortney,125,spike,2,moderate,3,421.20877656343674,True,1.0,0.6666666666666666,411.12377656343676
HOW-profile(HoD-cond),Hog_office_Cortney,125,spike,3,obvious,2,402.6129107386708,True,1.0,0.5,411.83891073867073
HOW-profile(HoD-cond),Hog_office_Cortney,125,drift,2,moderate,168,1926.319983944104,True,78.0,0.20238095238095238,2033.7605243307464
HOW-profile(HoD-cond),Hog_office_Cortney,125,spike,3,obvious,3,566.8997263540168,True,1.0,0.6666666666666666,551.8327263540168
HOW-profile(HoD-cond),Hog_office_Cortney,125,spike,3,obvious,5,1037.6594788568552,True,1.0,0.8,1022.7924788568553
HOW-profile(HoD-cond),Hog_office_Cortney,125,spike,1,subtle,1,177.95406087120688,True,0.0,1.0,177.18256087120687
HOW-profile(HoD-cond),Hog_office_Denita,125,spike,1,subtle,1,104.74801112459913,True,0.0,1.0,99.49701112459914
HOW-profile(HoD-cond),Hog_office_Denita,125,spike,3,obvious,4,461.0964849863213,True,2.0,0.5,426.3629849863213
HOW-profile(HoD-cond),Hog_office_Denita,125,drift,3,obvious,120,2328.7237572547915,True,14.0,0.3333333333333333,2419.6812213779335
HOW-profile(HoD-cond),Hog_office_Denita,125,drift,3,obvious,264,9184.383096629303,True,27.0,0.3181818181818182,8695.491775451294
HOW-profile(HoD-cond),Hog_office_Denita,125,spike,3,obvious,1,240.12967598509266,False,,0.0,241.46867598509263
HOW-profile(HoD-cond),Hog_office_Denita,125,spike,2,moderate,5,370.8999155280089,False,,0.0,348.1159155280088
HOW-profile(HoD-cond),Hog_office_Garrett,125,drift,1,subtle,144,5415.773917719659,True,78.0,0.0763888888888889,951.3447724630398
HOW-profile(HoD-cond),Hog_office_Garrett,125,spike,2,moderate,1,1358.321923582699,True,0.0,1.0,1355.8579235826992
HOW-profile(HoD-cond),Hog_office_Garrett,125,spike,1,subtle,5,1923.2920380500757,True,1.0,0.8,1913.4140380500753
HOW-profile(HoD-cond),Hog_office_Garrett,125,drift,1,subtle,192,9343.256500347154,True,84.0,0.15104166666666666,9405.46559278824
HOW-profile(HoD-cond),Hog_office_Garrett,125,drift,3,obvious,192,38185.77099119585,True,4.0,0.4791666666666667,33618.30587671148
HOW-profile(HoD-cond),Hog_office_Garrett,125,spike,1,subtle,5,2007.8707973715864,True,1.0,0.8,2073.1367973715865
HOW-profile(HoD-cond),Hog_office_Lavon,125,spike,1,subtle,1,1899.2445559390694,True,0.0,1.0,2269.2635559390696
HOW-profile(HoD-cond),Hog_office_Lavon,125,schedule,3,obvious,144,551.1258275222517,False,,0.0,1.2017538990744265
HOW-profile(HoD-cond),Hog_office_Lavon,125,schedule,2,moderate,72,28.97657684753743,False,,0.0,14606.51906409417
HOW-profile(HoD-cond),Hog_office_Lavon,125,spike,1,subtle,1,1451.4329425254064,True,0.0,1.0,1452.8059425254064
HOW-profile(HoD-cond),Hog_office_Lavon,125,spike,1,subtle,3,2051.267962265602,True,1.0,0.6666666666666666,2036.378962265602
HOW-profile(HoD-cond),Hog_office_Lavon,125,spike,2,moderate,1,2651.549822779352,False,,0.0,2639.9488227793518
HOW-profile(HoD-cond),Hog_office_Merilyn,125,schedule,3,obvious,192,182.75521306496756,False,,0.0,733.8365767045058
HOW-profile(HoD-cond),Hog_office_Merilyn,125,drift,2,moderate,144,1169.519183928402,True,111.0,0.20833333333333334,1240.661683928402
HOW-profile(HoD-cond),Hog_office_Merilyn,125,spike,3,obvious,2,68.9364713067383,True,1.0,0.5,55.54747130673831
HOW-profile(HoD-cond),Hog_office_Merilyn,125,drift,3,obvious,240,4985.299664411465,True,69.0,0.09583333333333334,2967.9531011075514
HOW-profile(HoD-cond),Hog_office_Merilyn,125,drift,1,subtle,240,835.1560058605207,True,232.0,0.004166666666666667,2052.494591690692
HOW-profile(HoD-cond),Hog_office_Merilyn,125,spike,3,obvious,1,84.91700938866047,True,0.0,1.0,83.23800938866049
HOW-profile(HoD-cond),Hog_office_Miriam,125,schedule,3,obvious,168,579.523393038525,False,,0.0,294.13930608681073
HOW-profile(HoD-cond),Hog_office_Miriam,125,spike,3,obvious,5,157.02585229495435,True,1.0,0.8,158.90435229495435
HOW-profile(HoD-cond),Hog_office_Miriam,125,spike,1,subtle,5,62.78051802257753,True,3.0,0.4,50.275551121410594
HOW-profile(HoD-cond),Hog_office_Miriam,125,schedule,3,obvious,96,157.6681316218665,False,,0.0,334.1646285216836
HOW-profile(HoD-cond),Hog_office_Miriam,125,spike,2,moderate,2,44.26055572448596,True,1.0,0.5,45.99255572448597
HOW-profile(HoD-cond),Hog_office_Miriam,125,schedule,2,moderate,192,28.056166232973396,True,3.0,0.026041666666666668,130.4930514728851
HOW-profile(HoD-cond),Hog_office_Napoleon,125,drift,2,moderate,144,4716.952247147733,True,81.0,0.1597222222222222,3839.7636304081734
HOW-profile(HoD-cond),Hog_office_Napoleon,125,spike,1,subtle,2,137.95448590699337,True,1.0,0.5,133.0964859069934
HOW-profile(HoD-cond),Hog_office_Napoleon,125,schedule,3,obvious,168,1082.6103935191493,False,,0.0,1865.2200285368997
HOW-profile(HoD-cond),Hog_office_Napoleon,125,spike,3,obvious,1,273.71167561006234,True,0.0,1.0,293.66867561006234
HOW-profile(HoD-cond),Hog_office_Napoleon,125,spike,3,obvious,3,412.9367145410827,True,1.0,0.6666666666666666,440.5737145410827
HOW-profile(HoD-cond),Hog_office_Napoleon,125,spike,1,subtle,2,120.95556051409783,True,1.0,0.5,128.6115605140978
HOW-profile(HoD-cond),Hog_office_Shawna,125,spike,1,subtle,2,313.6379115139518,True,1.0,0.5,339.57241151395186
HOW-profile(HoD-cond),Hog_office_Shawna,125,schedule,1,subtle,120,16.141511134777772,True,95.0,0.016666666666666666,1517.528
HOW-profile(HoD-cond),Hog_office_Shawna,125,spike,2,moderate,3,683.8372554129211,True,1.0,0.6666666666666666,664.2367554129211
HOW-profile(HoD-cond),Hog_office_Shawna,125,schedule,3,obvious,120,3559.624181799263,True,0.0,0.31666666666666665,4387.871681799263
HOW-profile(HoD-cond),Hog_office_Shawna,125,schedule,2,moderate,144,2117.593778393931,True,8.0,0.14583333333333334,3707.9852783939314
HOW-profile(HoD-cond),Hog_office_Shawna,125,spike,1,subtle,4,454.5232692677954,False,,0.0,431.79576926779544
HOW-profile(HoD-cond),Hog_office_Shawnna,125,schedule,2,moderate,168,2552.153783435699,True,7.0,0.20238095238095238,1616.8066120230797
HOW-profile(HoD-cond),Hog_office_Shawnna,125,spike,2,moderate,1,979.2760644445437,True,0.0,1.0,983.3820644445439
HOW-profile(HoD-cond),Hog_office_Shawnna,125,spike,3,obvious,4,2905.0130249591653,True,1.0,0.75,2772.6760249591653
HOW-profile(HoD-cond),Hog_office_Shawnna,125,schedule,2,moderate,96,2594.702781314817,True,15.0,0.1875,696.866351179282
HOW-profile(HoD-cond),Hog_office_Shawnna,125,spike,2,moderate,5,1926.5792375601536,False,,0.0,2090.8492375601536
HOW-profile(HoD-cond),Hog_office_Shawnna,125,schedule,3,obvious,216,6193.786109199689,True,0.0,0.22685185185185186,9733.006982193101
HOW-profile(HoD-cond),Hog_office_Sherrie,125,spike,1,subtle,2,67.78790463192944,False,,0.0,58.064904631929444
HOW-profile(HoD-cond),Hog_office_Sherrie,125,drift,2,moderate,312,5893.056392735663,True,5.0,0.3685897435897436,6990.198884219474
HOW-profile(HoD-cond),Hog_office_Sherrie,125,drift,3,obvious,216,4222.303088303819,True,67.0,0.25462962962962965,4313.023791158538
HOW-profile(HoD-cond),Hog_office_Sherrie,125,drift,3,obvious,240,5690.77195280197,True,46.0,0.625,6023.09280225664
HOW-profile(HoD-cond),Hog_office_Sherrie,125,drift,2,moderate,168,1160.5145644277036,False,,0.0,1399.8128992109666
HOW-profile(HoD-cond),Hog_office_Sherrie,125,spike,3,obvious,1,200.1296932408524,True,0.0,1.0,201.82369324085238
HOW-profile(HoD-cond),Hog_office_Shon,125,spike,1,subtle,5,216.7285392605703,False,,0.0,199.0055392605703
HOW-profile(HoD-cond),Hog_office_Shon,125,drift,2,moderate,120,2000.517973275528,True,67.0,0.15,1994.2796670923274
HOW-profile(HoD-cond),Hog_office_Shon,125,drift,3,obvious,312,21736.11668917782,True,34.0,0.4519230769230769,18079.706731024435
HOW-profile(HoD-cond),Hog_office_Shon,125,spike,3,obvious,5,435.00855328869727,True,2.0,0.6,441.2915532886972
HOW-profile(HoD-cond),Hog_office_Shon,125,spike,2,moderate,2,137.69489830862938,True,1.0,0.5,181.8008983086294
HOW-profile(HoD-cond),Hog_office_Shon,125,spike,3,obvious,2,215.0601984522419,True,1.0,0.5,205.73919845224188
HOW-profile(HoD-cond),Hog_office_Sydney,125,drift,1,subtle,312,10090.72902848742,True,67.0,0.05448717948717949,5904.269313170065
HOW-profile(HoD-cond),Hog_office_Sydney,125,drift,3,obvious,192,11552.378159444106,True,30.0,0.71875,11298.363581801583
HOW-profile(HoD-cond),Hog_office_Sydney,125,spike,1,subtle,2,107.40101118162318,True,1.0,0.5,100.32301118162314
HOW-profile(HoD-cond),Hog_office_Sydney,125,drift,1,subtle,144,1436.3776215795922,True,22.0,0.20833333333333334,1135.325923564927
HOW-profile(HoD-cond),Hog_office_Sydney,125,spike,1,subtle,3,120.35248606515015,False,,0.0,117.08848606515015
HOW-profile(HoD-cond),Hog_office_Sydney,125,spike,1,subtle,3,134.44551911738682,True,1.0,0.6666666666666666,168.0325191173868
HOW-profile(HoD-cond),Hog_office_Valda,125,drift,1,subtle,240,661.3711408953283,False,,0.0,457.5022668896177
HOW-profile(HoD-cond),Hog_office_Valda,125,schedule,2,moderate,168,82.79700716384005,False,,0.0,16.215778666818647
HOW-profile(HoD-cond),Hog_office_Valda,125,spike,2,moderate,4,173.4631733998353,False,,0.0,169.47517339983528
HOW-profile(HoD-cond),Hog_office_Valda,125,drift,2,moderate,264,2769.782873715905,True,10.0,0.4356060606060606,3736.4053544551903
HOW-profile(HoD-cond),Hog_office_Valda,125,spike,1,subtle,3,91.82340690935975,True,2.0,0.3333333333333333,30.93904143217511
HOW-profile(HoD-cond),Hog_office_Valda,125,spike,3,obvious,1,143.2802443165958,True,0.0,1.0,144.7342443165958
HOW-profile(HoD-cond),Lamb_education_Armando,125,schedule,3,obvious,120,1.1934745829660691,True,97.0,0.025,1740.493474582966
HOW-profile(HoD-cond),Lamb_education_Armando,125,spike,3,obvious,2,399.74267508277626,True,1.0,0.5,411.6426750827762
HOW-profile(HoD-cond),Lamb_education_Armando,125,spike,1,subtle,1,181.88666623841328,True,0.0,1.0,184.3366662384133
HOW-profile(HoD-cond),Lamb_education_Armando,125,spike,2,moderate,3,311.1701632346293,True,2.0,0.3333333333333333,300.7701632346293
HOW-profile(HoD-cond),Lamb_education_Armando,125,drift,3,obvious,216,4189.596198085895,True,14.0,0.47685185185185186,7936.246198085895
HOW-profile(HoD-cond),Lamb_education_Armando,125,spike,2,moderate,3,298.4435139285549,True,1.0,0.6666666666666666,296.1935139285549
HOW-profile(HoD-cond),Lamb_education_Eula,125,spike,1,subtle,1,6.690699674565021,True,0.0,1.0,6.39069967456502
HOW-profile(HoD-cond),Lamb_education_Eula,125,drift,2,moderate,240,84.1414837512204,True,17.0,0.0375,230.70946203351855
HOW-profile(HoD-cond),Lamb_education_Eula,125,drift,2,moderate,168,44.64918931234279,True,0.0,0.023809523809523808,34.37925858177596
HOW-profile(HoD-cond),Lamb_education_Eula,125,spike,1,subtle,4,10.101430544618829,False,,0.0,11.451430544618828
HOW-profile(HoD-cond),Lamb_education_Eula,125,drift,3,obvious,120,39.955048544124566,True,9.0,0.225,147.1528572248332
HOW-profile(HoD-cond),Lamb_education_Eula,125,spike,3,obvious,3,22.257380646063886,True,1.0,0.6666666666666666,23.307380646063887
HOW-profile(HoD-cond),Lamb_education_Lazaro,125,drift,1,subtle,168,199.56667718910816,False,,0.0,0.0
HOW-profile(HoD-cond),Lamb_education_Lazaro,125,spike,1,subtle,3,146.2616500912896,True,2.0,0.3333333333333333,149.0116500912896
HOW-profile(HoD-cond),Lamb_education_Lazaro,125,spike,3,obvious,4,445.1755338537366,True,1.0,0.75,476.5755338537366
HOW-profile(HoD-cond),Lamb_education_Lazaro,125,drift,2,moderate,264,2062.639357213663,False,,0.0,5937.939357213662
HOW-profile(HoD-cond),Lamb_education_Lazaro,125,drift,1,subtle,192,416.463144323934,False,,0.0,1019.334570644136
HOW-profile(HoD-cond),Lamb_education_Lazaro,125,drift,1,subtle,216,491.99455646137983,False,,0.0,339.01152889941795
HOW-profile(HoD-cond),Lamb_education_Lucas,125,drift,2,moderate,120,119.5016707324252,True,80.0,0.08333333333333333,41.49787267401421
HOW-profile(HoD-cond),Lamb_education_Lucas,125,spike,2,moderate,4,64.4787362913023,True,1.0,0.75,63.531736291302295
HOW-profile(HoD-cond),Lamb_education_Lucas,125,spike,3,obvious,1,60.67999960371594,True,0.0,1.0,52.505999603715935
HOW-profile(HoD-cond),Lamb_education_Lucas,125,schedule,3,obvious,72,15.547596446667187,True,15.0,0.05555555555555555,114.89721195462278
HOW-profile(HoD-cond),Lamb_education_Lucas,125,drift,1,subtle,240,204.83694269880996,True,10.0,0.08333333333333333,452.4951736483827
HOW-profile(HoD-cond),Lamb_education_Lucas,125,spike,3,obvious,5,123.35494196224937,True,1.0,0.8,123.23944196224937
HOW-profile(HoD-cond),Lamb_education_Mae,125,schedule,3,obvious,192,707.7055646019003,True,97.0,0.010416666666666666,587.1982686919349
HOW-profile(HoD-cond),Lamb_education_Mae,125,spike,2,moderate,4,434.5193321882207,True,2.0,0.5,405.1193321882207
HOW-profile(HoD-cond),Lamb_education_Mae,125,drift,3,obvious,168,4279.320062963822,True,7.0,0.375,6977.228262963823
HOW-profile(HoD-cond),Lamb_education_Mae,125,spike,1,subtle,5,416.061573940696,True,1.0,0.8,437.441173940696
HOW-profile(HoD-cond),Lamb_education_Mae,125,drift,1,subtle,144,877.5414005948726,False,,0.0,2258.041709147844
HOW-profile(HoD-cond),Lamb_education_Mae,125,drift,2,moderate,144,1987.2812368441187,True,78.0,0.1388888888888889,3417.9894368441187
HOW-profile(HoD-cond),Lamb_education_Williams,125,drift,2,moderate,192,993.7413147792987,True,10.0,0.3958333333333333,1931.7804546890757
HOW-profile(HoD-cond),Lamb_education_Williams,125,spike,1,subtle,5,265.7690347821638,True,1.0,0.8,258.26903478216377
HOW-profile(HoD-cond),Lamb_education_Williams,125,spike,2,moderate,2,234.79118643839578,True,1.0,0.5,233.5911864383958
HOW-profile(HoD-cond),Lamb_education_Williams,125,spike,3,obvious,3,445.97474150476165,True,1.0,0.6666666666666666,446.77474150476166
HOW-profile(HoD-cond),Lamb_education_Williams,125,schedule,3,obvious,120,206.46617688107503,True,6.0,0.15833333333333333,997.4918934023609
HOW-profile(HoD-cond),Lamb_education_Williams,125,spike,2,moderate,1,228.2045694366033,True,0.0,1.0,225.1045694366033
HOW-profile(HoD-cond),Lamb_office_Caitlin,125,schedule,3,obvious,120,387.3312010228129,False,,0.0,69.12453943142378
HOW-profile(HoD-cond),Lamb_office_Caitlin,125,drift,2,moderate,264,1503.7557897394063,False,,0.0,60.90967525344168
HOW-profile(HoD-cond),Lamb_office_Caitlin,125,drift,3,obvious,288,3186.0441444924627,True,254.0,0.017361111111111112,1490.1488998343316
HOW-profile(HoD-cond),Lamb_office_Caitlin,125,drift,2,moderate,168,656.6603062278259,False,,0.0,0.0
HOW-profile(HoD-cond),Lamb_office_Caitlin,125,spike,2,moderate,2,275.7887601997688,True,1.0,0.5,202.23876019976876
HOW-profile(HoD-cond),Lamb_office_Caitlin,125,spike,2,moderate,3,394.2911673996349,True,1.0,0.6666666666666666,378.9911673996349
HOW-profile(HoD-cond),Lamb_office_Velma,125,spike,3,obvious,4,835.24176345517,True,1.0,0.75,899.5917634551702
HOW-profile(HoD-cond),Lamb_office_Velma,125,spike,2,moderate,4,488.9701505503433,True,1.0,0.75,612.3701505503434
HOW-profile(HoD-cond),Lamb_office_Velma,125,drift,1,subtle,120,977.7376980269868,False,,0.0,1941.2722644148214
HOW-profile(HoD-cond),Lamb_office_Velma,125,drift,2,moderate,264,11288.878643994793,True,65.0,0.3484848484848485,15294.44492312961
HOW-profile(HoD-cond),Lamb_office_Velma,125,spike,2,moderate,3,407.53838309396895,True,1.0,0.6666666666666666,419.1883830939689
HOW-profile(HoD-cond),Lamb_office_Velma,125,spike,2,moderate,4,531.175643613273,True,1.0,0.75,574.875643613273
HOW-profile(HoD-cond),Rat_retail_Jeffrey,125,spike,1,subtle,4,274.0071717515276,True,3.0,0.25,207.2771717515276
HOW-profile(HoD-cond),Rat_retail_Jeffrey,125,drift,2,moderate,240,5848.782780325441,True,3.0,0.3416666666666667,6594.528436215444
HOW-profile(HoD-cond),Rat_retail_Jeffrey,125,spike,2,moderate,5,605.3830290267529,True,2.0,0.6,581.6230290267529
HOW-profile(HoD-cond),Rat_retail_Jeffrey,125,spike,1,subtle,4,237.823478890623,True,2.0,0.5,244.64347889062296
HOW-profile(HoD-cond),Rat_retail_Jeffrey,125,spike,3,obvious,1,329.0382503598847,True,0.0,1.0,332.22325035988473
HOW-profile(HoD-cond),Rat_retail_Jeffrey,125,spike,2,moderate,4,448.5396392666252,True,1.0,0.75,453.68963926662525
HOW-profile(HoD-cond),Robin_education_Zenia,125,spike,2,moderate,5,318.0746005878816,True,1.0,0.8,682.2304005878816
HOW-profile(HoD-cond),Robin_education_Zenia,125,drift,1,subtle,288,7684.58034520667,True,5.0,0.09027777777777778,23529.43654520667
HOW-profile(HoD-cond),Robin_education_Zenia,125,spike,1,subtle,4,221.19370506177228,True,0.0,1.0,584.0216050617723
HOW-profile(HoD-cond),Robin_education_Zenia,125,spike,1,subtle,2,115.38557172702771,True,1.0,0.5,298.3995717270277
HOW-profile(HoD-cond),Robin_education_Zenia,125,drift,1,subtle,288,7316.344667072699,True,4.0,0.08333333333333333,26569.022767072696
HOW-profile(HoD-cond),Robin_education_Zenia,125,spike,2,moderate,1,182.6560142466909,True,0.0,1.0,281.5560142466909
HOW-profile(HoD-cond),Robin_office_Dina,125,schedule,3,obvious,216,169.6877846016588,True,6.0,0.032407407407407406,1055.4506519391346
HOW-profile(HoD-cond),Robin_office_Dina,125,drift,3,obvious,168,2676.149080501228,True,27.0,0.36904761904761907,2738.3156305012285
HOW-profile(HoD-cond),Robin_office_Dina,125,spike,3,obvious,3,109.70001649846563,True,2.0,0.3333333333333333,109.58521649846561
HOW-profile(HoD-cond),Robin_office_Dina,125,drift,1,subtle,192,557.1814272127779,True,33.0,0.020833333333333332,767.0304066313881
HOW-profile(HoD-cond),Robin_office_Dina,125,spike,1,subtle,5,72.51704449816964,True,2.0,0.6,84.26704449816964
HOW-profile(HoD-cond),Robin_office_Dina,125,schedule,3,obvious,120,128.57224582658398,True,20.0,0.041666666666666664,634.7010747901631
HOW-profile(HoD-cond),Robin_office_Sammie,125,drift,3,obvious,264,18298.902736260905,True,13.0,0.32954545454545453,19102.174433458007
HOW-profile(HoD-cond),Robin_office_Sammie,125,schedule,2,moderate,192,18.074637820832336,False,,0.0,850.6381500000001
HOW-profile(HoD-cond),Robin_office_Sammie,125,spike,3,obvious,1,204.63879598031215,True,0.0,1.0,201.9637959803122
HOW-profile(HoD-cond),Robin_office_Sammie,125,drift,2,moderate,168,4294.326389896674,True,41.0,0.4166666666666667,3566.3371913155033
HOW-profile(HoD-cond),Robin_office_Sammie,125,drift,2,moderate,192,4966.157305493951,False,,0.0,5514.761464971498
HOW-profile(HoD-cond),Robin_office_Sammie,125,spike,1,subtle,4,174.44843902348026,False,,0.0,271.5484390234803
HOW-profile(HoD-cond),Shrew_office_Doris,125,drift,1,subtle,120,1082.0083293285486,True,40.0,0.008333333333333333,2884.983444920199
HOW-profile(HoD-cond),Shrew_office_Doris,125,spike,3,obvious,1,461.5699763173361,True,0.0,1.0,460.069976317336
HOW-profile(HoD-cond),Shrew_office_Doris,125,spike,1,subtle,2,241.8652026947672,True,1.0,0.5,251.3652026947672
HOW-profile(HoD-cond),Shrew_office_Doris,125,drift,2,moderate,288,18382.782475357173,True,16.0,0.2847222222222222,17465.296059786746
HOW-profile(HoD-cond),Shrew_office_Doris,125,schedule,3,obvious,72,48.69158738777398,False,,0.0,405.8532699102191
HOW-profile(HoD-cond),Shrew_office_Doris,125,schedule,3,obvious,96,120.65365213163807,False,,0.0,133.36828983628365
HOW-profile(HoD-cond),Shrew_office_Ila,125,drift,3,obvious,120,4980.057438458025,True,28.0,0.6166666666666667,6851.807438458023
HOW-profile(HoD-cond),Shrew_office_Ila,125,spike,3,obvious,3,466.4077483285107,True,1.0,0.6666666666666666,561.7077483285107
HOW-profile(HoD-cond),Shrew_office_Ila,125,drift,1,subtle,192,3942.6429638529935,True,0.0,0.6927083333333334,7183.842963852994
HOW-profile(HoD-cond),Shrew_office_Ila,125,spike,1,subtle,2,152.98568731421085,False,,0.0,143.93568731421084
HOW-profile(HoD-cond),Shrew_office_Ila,125,spike,2,moderate,2,250.3241169224834,True,1.0,0.5,274.9241169224834
HOW-profile(HoD-cond),Shrew_office_Ila,125,spike,1,subtle,2,122.0473460947881,True,1.0,0.5,139.59734609478807
HOW-profile(HoD-cond),Shrew_office_Kenneth,125,schedule,2,moderate,96,45.06488055035239,False,,0.0,0.0
HOW-profile(HoD-cond),Shrew_office_Kenneth,125,schedule,3,obvious,144,223.94966667746283,False,,0.0,101.34046028124891
HOW-profile(HoD-cond),Shrew_office_Kenneth,125,spike,1,subtle,2,57.50642214860222,True,1.0,0.5,47.80642214860221
HOW-profile(HoD-cond),Shrew_office_Kenneth,125,drift,3,obvious,240,4470.540824718164,True,31.0,0.6,5140.214428946848
HOW-profile(HoD-cond),Shrew_office_Kenneth,125,spike,1,subtle,5,148.21042491794591,True,3.0,0.4,186.81042491794597
HOW-profile(HoD-cond),Shrew_office_Kenneth,125,drift,3,obvious,168,2316.4706616493195,True,25.0,0.8095238095238095,1397.7894082134485
HOW-profile(HoD-cond),Shrew_office_Nora,125,schedule,3,obvious,216,4514.662713075832,True,0.0,0.39814814814814814,4417.939921832007
HOW-profile(HoD-cond),Shrew_office_Nora,125,spike,1,subtle,5,492.7539341376733,True,0.0,1.0,561.8539341376734
HOW-profile(HoD-cond),Shrew_office_Nora,125,spike,1,subtle,3,346.1721874953224,False,,0.0,331.8221874953225
HOW-profile(HoD-cond),Shrew_office_Nora,125,spike,1,subtle,2,230.5830463599992,True,1.0,0.5,229.58304635999917
HOW-profile(HoD-cond),Shrew_office_Nora,125,drift,1,subtle,264,7615.654361754455,True,16.0,0.2689393939393939,7685.3748068917375
HOW-profile(HoD-cond),Shrew_office_Nora,125,spike,2,moderate,5,936.2217800892317,False,,0.0,873.3217800892317
HOW-profile(HoD-cond),Shrew_office_Sherill,125,spike,1,subtle,4,866.5897262353003,True,1.0,0.75,822.8397262353003
HOW-profile(HoD-cond),Shrew_office_Sherill,125,drift,3,obvious,216,29783.352961436343,True,8.0,0.7731481481481481,29135.557004598766
HOW-profile(HoD-cond),Shrew_office_Sherill,125,spike,2,moderate,3,856.8929742368821,True,2.0,0.3333333333333333,844.2929742368821
HOW-profile(HoD-cond),Shrew_office_Sherill,125,spike,3,obvious,2,1071.2140890613477,True,1.0,0.5,1071.7140890613477
HOW-profile(HoD-cond),Shrew_office_Sherill,125,spike,3,obvious,5,2463.4614158129157,True,1.0,0.8,2526.6614158129155
HOW-profile(HoD-cond),Shrew_office_Sherill,125,drift,1,subtle,192,6998.702088032382,True,36.0,0.5052083333333334,7470.444302813625
HOW-profile(HoD-cond),Wolf_office_Darleen,125,drift,2,moderate,120,604.8468589549041,True,30.0,0.16666666666666666,446.4759597284302
HOW-profile(HoD-cond),Wolf_office_Darleen,125,drift,2,moderate,120,809.9907742251621,True,67.0,0.15833333333333333,645.4324752986333
HOW-profile(HoD-cond),Wolf_office_Darleen,125,spike,1,subtle,3,122.46553220229873,True,1.0,0.6666666666666666,120.46553220229872
HOW-profile(HoD-cond),Wolf_office_Darleen,125,spike,1,subtle,3,108.23648906363294,True,1.0,0.6666666666666666,103.73648906363294
HOW-profile(HoD-cond),Wolf_office_Darleen,125,spike,2,moderate,3,163.1594691481757,True,1.0,0.6666666666666666,184.15946914817567
HOW-profile(HoD-cond),Wolf_office_Darleen,125,schedule,3,obvious,192,273.8121535500858,False,,0.0,0.9078682608578458
HOW-profile(HoD-cond),Wolf_retail_Harriett,125,schedule,2,moderate,216,142.5025617723444,True,15.0,0.08333333333333333,3033.3640736215734
HOW-profile(HoD-cond),Wolf_retail_Harriett,125,spike,2,moderate,3,172.0596117916607,True,1.0,0.6666666666666666,192.8283617916607
HOW-profile(HoD-cond),Wolf_retail_Harriett,125,spike,3,obvious,2,178.4149864623138,True,1.0,0.5,182.1087364623138
HOW-profile(HoD-cond),Wolf_retail_Harriett,125,schedule,3,obvious,168,658.908355179765,True,13.0,0.21428571428571427,1352.9915944559343
HOW-profile(HoD-cond),Wolf_retail_Harriett,125,schedule,1,subtle,192,5.625535634244642,True,19.0,0.057291666666666664,1397.6289285447483
HOW-profile(HoD-cond),Wolf_retail_Harriett,125,schedule,2,moderate,144,9.462371733532182,True,0.0,0.0625,1438.608347181329
HOW-profile(HoD-cond),Wolf_retail_Marcella,125,drift,2,moderate,288,742.5704258791877,True,8.0,0.003472222222222222,586.6339466265968
HOW-profile(HoD-cond),Wolf_retail_Marcella,125,spike,2,moderate,4,32.739046582217696,True,1.0,0.75,34.3565465822177
HOW-profile(HoD-cond),Wolf_retail_Marcella,125,spike,3,obvious,4,55.581626180626806,False,,0.0,51.459126180626804
HOW-profile(HoD-cond),Wolf_retail_Marcella,125,drift,3,obvious,144,366.00807132346256,False,,0.0,381.7059116515179
HOW-profile(HoD-cond),Wolf_retail_Marcella,125,schedule,3,obvious,120,26.339615339195092,True,79.0,0.008333333333333333,188.88538106895732
HOW-profile(HoD-cond),Wolf_retail_Marcella,125,spike,1,subtle,5,25.69306637295704,False,,0.0,25.338066372957044
HOW-profile(HoD-cond),Wolf_retail_Toshia,125,spike,2,moderate,3,362.2002037670109,True,1.0,0.6666666666666666,370.83895376701093
HOW-profile(HoD-cond),Wolf_retail_Toshia,125,spike,3,obvious,4,937.5253054435932,True,0.0,1.0,1444.2828054435931
HOW-profile(HoD-cond),Wolf_retail_Toshia,125,drift,2,moderate,240,4174.144085798001,True,41.0,0.16666666666666666,2028.3187714762284
HOW-profile(HoD-cond),Wolf_retail_Toshia,125,spike,1,subtle,3,225.5825258936449,True,1.0,0.6666666666666666,247.82627589364492
HOW-profile(HoD-cond),Wolf_retail_Toshia,125,schedule,3,obvious,96,70.7135913640611,True,17.0,0.0625,855.3023942427074
HOW-profile(HoD-cond),Wolf_retail_Toshia,125,drift,2,moderate,144,1585.0846732926336,True,53.0,0.1597222222222222,2405.944645956918
"PatchTST-SSL(HoW-cond, patch-mask train)",Fox_education_Henrietta,125,drift,3,obvious,120,543.6776343474405,True,43.0,0.1,285.88695954867865
"PatchTST-SSL(HoW-cond, patch-mask train)",Fox_education_Henrietta,125,drift,3,obvious,240,2141.019036959888,True,34.0,0.1875,2625.2956082837118
"PatchTST-SSL(HoW-cond, patch-mask train)",Fox_education_Henrietta,125,drift,1,subtle,288,476.4946025631397,False,,0.0,300.9407786466951
"PatchTST-SSL(HoW-cond, patch-mask train)",Fox_education_Henrietta,125,spike,1,subtle,4,62.13982155094737,False,,0.0,74.43487344641815
"PatchTST-SSL(HoW-cond, patch-mask train)",Fox_education_Henrietta,125,spike,2,moderate,5,140.44990776891177,False,,0.0,117.67602139085335
"PatchTST-SSL(HoW-cond, patch-mask train)",Fox_education_Henrietta,125,spike,1,subtle,5,66.13491765552413,True,3.0,0.4,33.07744859280774
"PatchTST-SSL(HoW-cond, patch-mask train)",Fox_retail_Manie,125,schedule,3,obvious,144,368.04709591272024,True,23.0,0.1597222222222222,944.3009948309007
"PatchTST-SSL(HoW-cond, patch-mask train)",Fox_retail_Manie,125,spike,1,subtle,1,123.19706914419866,True,0.0,1.0,115.08814293029968
"PatchTST-SSL(HoW-cond, patch-mask train)",Fox_retail_Manie,125,spike,2,moderate,5,421.05161512855886,True,0.0,1.0,515.5902309580426
"PatchTST-SSL(HoW-cond, patch-mask train)",Fox_retail_Manie,125,drift,3,obvious,240,8151.129348647555,True,163.0,0.04583333333333333,7492.354913178942
"PatchTST-SSL(HoW-cond, patch-mask train)",Fox_retail_Manie,125,spike,1,subtle,1,120.95524489933428,True,0.0,1.0,153.89358651041908
"PatchTST-SSL(HoW-cond, patch-mask train)",Fox_retail_Manie,125,schedule,3,obvious,192,426.66194710076456,False,,0.0,798.1965075606679
"PatchTST-SSL(HoW-cond, patch-mask train)",Hog_education_Bruno,125,spike,1,subtle,5,400.40328920967283,True,2.0,0.6,318.7131790983841
"PatchTST-SSL(HoW-cond, patch-mask train)",Hog_education_Bruno,125,drift,1,subtle,288,10943.930462314776,True,44.0,0.3854166666666667,10507.706654385634
"PatchTST-SSL(HoW-cond, patch-mask train)",Hog_education_Bruno,125,drift,3,obvious,168,19882.024337608516,True,5.0,0.9404761904761905,21065.64767014826
"PatchTST-SSL(HoW-cond, patch-mask train)",Hog_education_Bruno,125,schedule,3,obvious,96,3.769674119454777,False,,0.0,1125.3301970833004
"PatchTST-SSL(HoW-cond, patch-mask train)",Hog_education_Bruno,125,spike,3,obvious,1,404.27360964432347,True,0.0,1.0,395.0473317110012
"PatchTST-SSL(HoW-cond, patch-mask train)",Hog_education_Bruno,125,spike,2,moderate,3,327.13560661465135,True,2.0,0.3333333333333333,270.5415615264034
"PatchTST-SSL(HoW-cond, patch-mask train)",Hog_education_Caridad,125,drift,1,subtle,216,28386.38275238724,True,1.0,0.041666666666666664,7455.924375682404
"PatchTST-SSL(HoW-cond, patch-mask train)",Hog_education_Caridad,125,schedule,3,obvious,168,40300.39042463366,True,46.0,0.005952380952380952,1343.1711878625454
"PatchTST-SSL(HoW-cond, patch-mask train)",Hog_education_Caridad,125,drift,2,moderate,120,28596.337097434516,True,8.0,0.275,2003.9417169838396
"PatchTST-SSL(HoW-cond, patch-mask train)",Hog_education_Caridad,125,spike,1,subtle,3,3615.9659871725003,True,1.0,0.6666666666666666,2539.4508435409907
"PatchTST-SSL(HoW-cond, patch-mask train)",Hog_education_Caridad,125,schedule,2,moderate,216,9175.068368269809,False,,0.0,298.2695764269913
"PatchTST-SSL(HoW-cond, patch-mask train)",Hog_education_Caridad,125,spike,3,obvious,4,14222.668954687539,True,1.0,0.75,12832.653016460525
"PatchTST-SSL(HoW-cond, patch-mask train)",Hog_education_Josh,125,drift,3,obvious,144,7730.505083483085,True,32.0,0.041666666666666664,10455.546318385135
"PatchTST-SSL(HoW-cond, patch-mask train)",Hog_education_Josh,125,schedule,3,obvious,72,11.784679011288034,False,,0.0,4240.586027146516
"PatchTST-SSL(HoW-cond, patch-mask train)",Hog_education_Josh,125,spike,1,subtle,5,575.7182019786903,True,3.0,0.4,543.575577609276
"PatchTST-SSL(HoW-cond, patch-mask train)",Hog_education_Josh,125,spike,1,subtle,1,242.4107462956211,True,0.0,1.0,271.3818772125873
"PatchTST-SSL(HoW-cond, patch-mask train)",Hog_education_Josh,125,drift,2,moderate,216,11163.141504512632,True,3.0,0.3194444444444444,19524.825165759146
"PatchTST-SSL(HoW-cond, patch-mask train)",Hog_education_Josh,125,spike,1,subtle,4,389.0732811986469,True,2.0,0.5,558.7987488731126
"PatchTST-SSL(HoW-cond, patch-mask train)",Hog_education_Luvenia,125,schedule,3,obvious,216,78.81606669111721,True,28.0,0.08333333333333333,7698.88133030351
"PatchTST-SSL(HoW-cond, patch-mask train)",Hog_education_Luvenia,125,spike,3,obvious,1,701.6027863582609,True,0.0,1.0,681.0587936597293
"PatchTST-SSL(HoW-cond, patch-mask train)",Hog_education_Luvenia,125,schedule,3,obvious,144,243.05596690490262,True,9.0,0.020833333333333332,3081.5965204278914
"PatchTST-SSL(HoW-cond, patch-mask train)",Hog_education_Luvenia,125,drift,1,subtle,240,15728.352545379583,True,39.0,0.020833333333333332,11789.374948838826
"PatchTST-SSL(HoW-cond, patch-mask train)",Hog_education_Luvenia,125,spike,1,subtle,4,601.5568549222517,True,2.0,0.5,408.78125739604127
"PatchTST-SSL(HoW-cond, patch-mask train)",Hog_education_Luvenia,125,spike,3,obvious,3,1008.5508595886322,True,1.0,0.6666666666666666,952.5516442482693
"PatchTST-SSL(HoW-cond, patch-mask train)",Hog_office_Almeda,125,schedule,3,obvious,144,920.7290323005243,True,14.0,0.1875,33.13195529160616
"PatchTST-SSL(HoW-cond, patch-mask train)",Hog_office_Almeda,125,spike,1,subtle,1,97.60946352752082,True,0.0,1.0,75.15209150358288
"PatchTST-SSL(HoW-cond, patch-mask train)",Hog_office_Almeda,125,drift,3,obvious,120,2352.246882309896,True,27.0,0.2,2707.3550413409266
"PatchTST-SSL(HoW-cond, patch-mask train)",Hog_office_Almeda,125,drift,3,obvious,168,4911.399663120952,True,35.0,0.2857142857142857,5519.700039812152
"PatchTST-SSL(HoW-cond, patch-mask train)",Hog_office_Almeda,125,drift,3,obvious,240,8255.633995193115,True,54.0,0.19166666666666668,9878.545657771905
"PatchTST-SSL(HoW-cond, patch-mask train)",Hog_office_Almeda,125,spike,2,moderate,4,290.3558219807369,False,,0.0,346.1364473336958
"PatchTST-SSL(HoW-cond, patch-mask train)",Hog_office_Cortney,125,spike,2,moderate,3,421.20877656343674,True,1.0,0.6666666666666666,364.5832212950589
"PatchTST-SSL(HoW-cond, patch-mask train)",Hog_office_Cortney,125,spike,3,obvious,2,402.6129107386708,True,1.0,0.5,385.9788740383757
"PatchTST-SSL(HoW-cond, patch-mask train)",Hog_office_Cortney,125,drift,2,moderate,168,1926.319983944104,True,113.0,0.06547619047619048,3409.045430697098
"PatchTST-SSL(HoW-cond, patch-mask train)",Hog_office_Cortney,125,spike,3,obvious,3,566.8997263540168,True,1.0,0.6666666666666666,457.35101385732304
"PatchTST-SSL(HoW-cond, patch-mask train)",Hog_office_Cortney,125,spike,3,obvious,5,1037.6594788568552,True,1.0,0.8,873.1830642191765
"PatchTST-SSL(HoW-cond, patch-mask train)",Hog_office_Cortney,125,spike,1,subtle,1,177.95406087120688,True,0.0,1.0,156.03652946596355
"PatchTST-SSL(HoW-cond, patch-mask train)",Hog_office_Denita,125,spike,1,subtle,1,104.74801112459913,True,0.0,1.0,116.83701634223785
"PatchTST-SSL(HoW-cond, patch-mask train)",Hog_office_Denita,125,spike,3,obvious,4,461.0964849863213,True,1.0,0.75,373.25874251822233
"PatchTST-SSL(HoW-cond, patch-mask train)",Hog_office_Denita,125,drift,3,obvious,120,2328.7237572547915,True,61.0,0.31666666666666665,1791.8227838819175
"PatchTST-SSL(HoW-cond, patch-mask train)",Hog_office_Denita,125,drift,3,obvious,264,9184.383096629303,True,51.0,0.3484848484848485,8684.830698326296
"PatchTST-SSL(HoW-cond, patch-mask train)",Hog_office_Denita,125,spike,3,obvious,1,240.12967598509266,False,,0.0,221.4009945631884
"PatchTST-SSL(HoW-cond, patch-mask train)",Hog_office_Denita,125,spike,2,moderate,5,370.8999155280089,False,,0.0,256.73741950573867
"PatchTST-SSL(HoW-cond, patch-mask train)",Hog_office_Garrett,125,drift,1,subtle,144,5415.773917719659,True,128.0,0.020833333333333332,0.0
"PatchTST-SSL(HoW-cond, patch-mask train)",Hog_office_Garrett,125,spike,2,moderate,1,1358.321923582699,True,0.0,1.0,1212.7663577029414
"PatchTST-SSL(HoW-cond, patch-mask train)",Hog_office_Garrett,125,spike,1,subtle,5,1923.2920380500757,True,1.0,0.8,1262.8000125616027
"PatchTST-SSL(HoW-cond, patch-mask train)",Hog_office_Garrett,125,drift,1,subtle,192,9343.256500347154,True,94.0,0.005208333333333333,725.0720681370376
"PatchTST-SSL(HoW-cond, patch-mask train)",Hog_office_Garrett,125,drift,3,obvious,192,38185.77099119585,True,31.0,0.46875,17767.33449907185
"PatchTST-SSL(HoW-cond, patch-mask train)",Hog_office_Garrett,125,spike,1,subtle,5,2007.8707973715864,True,2.0,0.6,1945.7496290876452
"PatchTST-SSL(HoW-cond, patch-mask train)",Hog_office_Lavon,125,spike,1,subtle,1,1899.2445559390694,True,0.0,1.0,1962.3814084616884
"PatchTST-SSL(HoW-cond, patch-mask train)",Hog_office_Lavon,125,schedule,3,obvious,144,551.1258275222517,False,,0.0,72.53870089982276
"PatchTST-SSL(HoW-cond, patch-mask train)",Hog_office_Lavon,125,schedule,2,moderate,72,28.97657684753743,False,,0.0,264.894734334204
"PatchTST-SSL(HoW-cond, patch-mask train)",Hog_office_Lavon,125,spike,1,subtle,1,1451.4329425254064,True,0.0,1.0,1155.6189571812329
"PatchTST-SSL(HoW-cond, patch-mask train)",Hog_office_Lavon,125,spike,1,subtle,3,2051.267962265602,True,1.0,0.6666666666666666,1480.5067400945584
"PatchTST-SSL(HoW-cond, patch-mask train)",Hog_office_Lavon,125,spike,2,moderate,1,2651.549822779352,False,,0.0,2211.4879578899745
"PatchTST-SSL(HoW-cond, patch-mask train)",Hog_office_Merilyn,125,schedule,3,obvious,192,182.75521306496756,False,,0.0,699.8574835542579
"PatchTST-SSL(HoW-cond, patch-mask train)",Hog_office_Merilyn,125,drift,2,moderate,144,1169.519183928402,True,115.0,0.16666666666666666,1152.0259463693744
"PatchTST-SSL(HoW-cond, patch-mask train)",Hog_office_Merilyn,125,spike,3,obvious,2,68.9364713067383,True,1.0,0.5,55.73522329217046
"PatchTST-SSL(HoW-cond, patch-mask train)",Hog_office_Merilyn,125,drift,3,obvious,240,4985.299664411465,True,69.0,0.008333333333333333,2576.913797240166
"PatchTST-SSL(HoW-cond, patch-mask train)",Hog_office_Merilyn,125,drift,1,subtle,240,835.1560058605207,True,232.0,0.004166666666666667,1865.7626242728113
"PatchTST-SSL(HoW-cond, patch-mask train)",Hog_office_Merilyn,125,spike,3,obvious,1,84.91700938866047,True,0.0,1.0,79.7775780252297
"PatchTST-SSL(HoW-cond, patch-mask train)",Hog_office_Miriam,125,schedule,3,obvious,168,579.523393038525,True,83.0,0.011904761904761904,169.72813525556143
"PatchTST-SSL(HoW-cond, patch-mask train)",Hog_office_Miriam,125,spike,3,obvious,5,157.02585229495435,True,1.0,0.8,151.45947876488856
"PatchTST-SSL(HoW-cond, patch-mask train)",Hog_office_Miriam,125,spike,1,subtle,5,62.78051802257753,True,3.0,0.4,52.43871194168935
"PatchTST-SSL(HoW-cond, patch-mask train)",Hog_office_Miriam,125,schedule,3,obvious,96,157.6681316218665,False,,0.0,309.07709988296074
"PatchTST-SSL(HoW-cond, patch-mask train)",Hog_office_Miriam,125,spike,2,moderate,2,44.26055572448596,True,1.0,0.5,39.59470691877717
"PatchTST-SSL(HoW-cond, patch-mask train)",Hog_office_Miriam,125,schedule,2,moderate,192,28.056166232973396,True,3.0,0.015625,291.5094950424399
"PatchTST-SSL(HoW-cond, patch-mask train)",Hog_office_Napoleon,125,drift,2,moderate,144,4716.952247147733,True,123.0,0.020833333333333332,3882.751153251138
"PatchTST-SSL(HoW-cond, patch-mask train)",Hog_office_Napoleon,125,spike,1,subtle,2,137.95448590699337,True,1.0,0.5,114.39124420779363
"PatchTST-SSL(HoW-cond, patch-mask train)",Hog_office_Napoleon,125,schedule,3,obvious,168,1082.6103935191493,False,,0.0,2542.177410720512
"PatchTST-SSL(HoW-cond, patch-mask train)",Hog_office_Napoleon,125,spike,3,obvious,1,273.71167561006234,True,0.0,1.0,322.0130178985545
"PatchTST-SSL(HoW-cond, patch-mask train)",Hog_office_Napoleon,125,spike,3,obvious,3,412.9367145410827,True,1.0,0.6666666666666666,408.766303629697
"PatchTST-SSL(HoW-cond, patch-mask train)",Hog_office_Napoleon,125,spike,1,subtle,2,120.95556051409783,True,1.0,0.5,113.51793767349415
"PatchTST-SSL(HoW-cond, patch-mask train)",Hog_office_Shawna,125,spike,1,subtle,2,313.6379115139518,True,1.0,0.5,311.5817479214873
"PatchTST-SSL(HoW-cond, patch-mask train)",Hog_office_Shawna,125,schedule,1,subtle,120,16.141511134777772,False,,0.0,3632.894231502687
"PatchTST-SSL(HoW-cond, patch-mask train)",Hog_office_Shawna,125,spike,2,moderate,3,683.8372554129211,True,1.0,0.6666666666666666,609.7508866492722
"PatchTST-SSL(HoW-cond, patch-mask train)",Hog_office_Shawna,125,schedule,3,obvious,120,3559.624181799263,True,0.0,0.25833333333333336,3796.243273468029
"PatchTST-SSL(HoW-cond, patch-mask train)",Hog_office_Shawna,125,schedule,2,moderate,144,2117.593778393931,True,8.0,0.11805555555555555,4417.332359914914
"PatchTST-SSL(HoW-cond, patch-mask train)",Hog_office_Shawna,125,spike,1,subtle,4,454.5232692677954,False,,0.0,256.5433712978193
"PatchTST-SSL(HoW-cond, patch-mask train)",Hog_office_Shawnna,125,schedule,2,moderate,168,2552.153783435699,True,7.0,0.14285714285714285,1325.0912802386256
"PatchTST-SSL(HoW-cond, patch-mask train)",Hog_office_Shawnna,125,spike,2,moderate,1,979.2760644445437,True,0.0,1.0,950.9152691387984
"PatchTST-SSL(HoW-cond, patch-mask train)",Hog_office_Shawnna,125,spike,3,obvious,4,2905.0130249591653,True,1.0,0.75,2692.662924197836
"PatchTST-SSL(HoW-cond, patch-mask train)",Hog_office_Shawnna,125,schedule,2,moderate,96,2594.702781314817,True,15.0,0.08333333333333333,0.0
"PatchTST-SSL(HoW-cond, patch-mask train)",Hog_office_Shawnna,125,spike,2,moderate,5,1926.5792375601536,False,,0.0,2038.084813915334
"PatchTST-SSL(HoW-cond, patch-mask train)",Hog_office_Shawnna,125,schedule,3,obvious,216,6193.786109199689,True,0.0,0.12962962962962962,7075.259961153611
"PatchTST-SSL(HoW-cond, patch-mask train)",Hog_office_Sherrie,125,spike,1,subtle,2,67.78790463192944,False,,0.0,56.62884959457885
"PatchTST-SSL(HoW-cond, patch-mask train)",Hog_office_Sherrie,125,drift,2,moderate,312,5893.056392735663,True,59.0,0.3301282051282051,5413.382303369746
"PatchTST-SSL(HoW-cond, patch-mask train)",Hog_office_Sherrie,125,drift,3,obvious,216,4222.303088303819,True,66.0,0.375,3158.697149561247
"PatchTST-SSL(HoW-cond, patch-mask train)",Hog_office_Sherrie,125,drift,3,obvious,240,5690.77195280197,True,60.0,0.575,3557.760582367262
"PatchTST-SSL(HoW-cond, patch-mask train)",Hog_office_Sherrie,125,drift,2,moderate,168,1160.5145644277036,False,,0.0,996.5249371749433
"PatchTST-SSL(HoW-cond, patch-mask train)",Hog_office_Sherrie,125,spike,3,obvious,1,200.1296932408524,True,0.0,1.0,185.69775799697837
"PatchTST-SSL(HoW-cond, patch-mask train)",Hog_office_Shon,125,spike,1,subtle,5,216.7285392605703,False,,0.0,189.6169168537594
"PatchTST-SSL(HoW-cond, patch-mask train)",Hog_office_Shon,125,drift,2,moderate,120,2000.517973275528,True,69.0,0.15,1955.8920665424014
"PatchTST-SSL(HoW-cond, patch-mask train)",Hog_office_Shon,125,drift,3,obvious,312,21736.11668917782,True,49.0,0.4391025641025641,15743.016624230646
"PatchTST-SSL(HoW-cond, patch-mask train)",Hog_office_Shon,125,spike,3,obvious,5,435.00855328869727,True,2.0,0.6,343.8142973754958
"PatchTST-SSL(HoW-cond, patch-mask train)",Hog_office_Shon,125,spike,2,moderate,2,137.69489830862938,True,1.0,0.5,179.46009415733678
"PatchTST-SSL(HoW-cond, patch-mask train)",Hog_office_Shon,125,spike,3,obvious,2,215.0601984522419,True,1.0,0.5,185.72442246387263
"PatchTST-SSL(HoW-cond, patch-mask train)",Hog_office_Sydney,125,drift,1,subtle,312,10090.72902848742,True,91.0,0.060897435897435896,5917.494540137823
"PatchTST-SSL(HoW-cond, patch-mask train)",Hog_office_Sydney,125,drift,3,obvious,192,11552.378159444106,True,30.0,0.7083333333333334,10907.40021126817
"PatchTST-SSL(HoW-cond, patch-mask train)",Hog_office_Sydney,125,spike,1,subtle,2,107.40101118162318,True,1.0,0.5,78.94871062699335
"PatchTST-SSL(HoW-cond, patch-mask train)",Hog_office_Sydney,125,drift,1,subtle,144,1436.3776215795922,True,22.0,0.2777777777777778,502.0943466445568
"PatchTST-SSL(HoW-cond, patch-mask train)",Hog_office_Sydney,125,spike,1,subtle,3,120.35248606515015,False,,0.0,65.67163131218967
"PatchTST-SSL(HoW-cond, patch-mask train)",Hog_office_Sydney,125,spike,1,subtle,3,134.44551911738682,True,1.0,0.6666666666666666,96.05844036013359
"PatchTST-SSL(HoW-cond, patch-mask train)",Hog_office_Valda,125,drift,1,subtle,240,661.3711408953283,False,,0.0,679.9970959973317
"PatchTST-SSL(HoW-cond, patch-mask train)",Hog_office_Valda,125,schedule,2,moderate,168,82.79700716384005,False,,0.0,0.0
"PatchTST-SSL(HoW-cond, patch-mask train)",Hog_office_Valda,125,spike,2,moderate,4,173.4631733998353,False,,0.0,155.4664026552589
"PatchTST-SSL(HoW-cond, patch-mask train)",Hog_office_Valda,125,drift,2,moderate,264,2769.782873715905,True,52.0,0.48863636363636365,3198.4087886612724
"PatchTST-SSL(HoW-cond, patch-mask train)",Hog_office_Valda,125,spike,1,subtle,3,91.82340690935975,True,2.0,0.3333333333333333,37.77951760576094
"PatchTST-SSL(HoW-cond, patch-mask train)",Hog_office_Valda,125,spike,3,obvious,1,143.2802443165958,True,0.0,1.0,142.73044169324316
"PatchTST-SSL(HoW-cond, patch-mask train)",Lamb_education_Armando,125,schedule,3,obvious,120,1.1934745829660691,False,,0.0,2727.167084902556
"PatchTST-SSL(HoW-cond, patch-mask train)",Lamb_education_Armando,125,spike,3,obvious,2,399.74267508277626,True,1.0,0.5,391.1361811372106
"PatchTST-SSL(HoW-cond, patch-mask train)",Lamb_education_Armando,125,spike,1,subtle,1,181.88666623841328,True,0.0,1.0,169.76294073389832
"PatchTST-SSL(HoW-cond, patch-mask train)",Lamb_education_Armando,125,spike,2,moderate,3,311.1701632346293,True,1.0,0.6666666666666666,255.33461601058332
"PatchTST-SSL(HoW-cond, patch-mask train)",Lamb_education_Armando,125,drift,3,obvious,216,4189.596198085895,True,30.0,0.17592592592592593,7450.050205530186
"PatchTST-SSL(HoW-cond, patch-mask train)",Lamb_education_Armando,125,spike,2,moderate,3,298.4435139285549,True,1.0,0.6666666666666666,258.5106509214744
"PatchTST-SSL(HoW-cond, patch-mask train)",Lamb_education_Eula,125,spike,1,subtle,1,6.690699674565021,True,0.0,1.0,5.479593110504042
"PatchTST-SSL(HoW-cond, patch-mask train)",Lamb_education_Eula,125,drift,2,moderate,240,84.1414837512204,True,34.0,0.016666666666666666,253.22884001783575
"PatchTST-SSL(HoW-cond, patch-mask train)",Lamb_education_Eula,125,drift,2,moderate,168,44.64918931234279,False,,0.0,21.412577279615448
"PatchTST-SSL(HoW-cond, patch-mask train)",Lamb_education_Eula,125,spike,1,subtle,4,10.101430544618829,False,,0.0,9.64166198236195
"PatchTST-SSL(HoW-cond, patch-mask train)",Lamb_education_Eula,125,drift,3,obvious,120,39.955048544124566,True,0.0,0.2,132.0770388186948
"PatchTST-SSL(HoW-cond, patch-mask train)",Lamb_education_Eula,125,spike,3,obvious,3,22.257380646063886,True,1.0,0.6666666666666666,28.616868481841024
"PatchTST-SSL(HoW-cond, patch-mask train)",Lamb_education_Lazaro,125,drift,1,subtle,168,199.56667718910816,False,,0.0,0.0
"PatchTST-SSL(HoW-cond, patch-mask train)",Lamb_education_Lazaro,125,spike,1,subtle,3,146.2616500912896,True,1.0,0.6666666666666666,116.78522863810507
"PatchTST-SSL(HoW-cond, patch-mask train)",Lamb_education_Lazaro,125,spike,3,obvious,4,445.1755338537366,True,1.0,0.75,415.4789780495022
"PatchTST-SSL(HoW-cond, patch-mask train)",Lamb_education_Lazaro,125,drift,2,moderate,264,2062.639357213663,True,262.0,0.007575757575757576,6796.942579031878
"PatchTST-SSL(HoW-cond, patch-mask train)",Lamb_education_Lazaro,125,drift,1,subtle,192,416.463144323934,False,,0.0,2173.375383569305
"PatchTST-SSL(HoW-cond, patch-mask train)",Lamb_education_Lazaro,125,drift,1,subtle,216,491.99455646137983,True,164.0,0.004629629629629629,676.74320687717
"PatchTST-SSL(HoW-cond, patch-mask train)",Lamb_education_Lucas,125,drift,2,moderate,120,119.5016707324252,True,98.0,0.016666666666666666,13.493990839105736
"PatchTST-SSL(HoW-cond, patch-mask train)",Lamb_education_Lucas,125,spike,2,moderate,4,64.4787362913023,True,1.0,0.75,50.627942177194114
"PatchTST-SSL(HoW-cond, patch-mask train)",Lamb_education_Lucas,125,spike,3,obvious,1,60.67999960371594,True,0.0,1.0,56.372705870498734
"PatchTST-SSL(HoW-cond, patch-mask train)",Lamb_education_Lucas,125,schedule,3,obvious,72,15.547596446667187,True,15.0,0.041666666666666664,284.46333314785323
"PatchTST-SSL(HoW-cond, patch-mask train)",Lamb_education_Lucas,125,drift,1,subtle,240,204.83694269880996,True,66.0,0.029166666666666667,666.417182509622
"PatchTST-SSL(HoW-cond, patch-mask train)",Lamb_education_Lucas,125,spike,3,obvious,5,123.35494196224937,True,1.0,0.8,114.85561138887479
"PatchTST-SSL(HoW-cond, patch-mask train)",Lamb_education_Mae,125,schedule,3,obvious,192,707.7055646019003,False,,0.0,352.4402386371938
"PatchTST-SSL(HoW-cond, patch-mask train)",Lamb_education_Mae,125,spike,2,moderate,4,434.5193321882207,True,2.0,0.5,277.57554638673196
"PatchTST-SSL(HoW-cond, patch-mask train)",Lamb_education_Mae,125,drift,3,obvious,168,4279.320062963822,True,8.0,0.4166666666666667,6776.15197954295
"PatchTST-SSL(HoW-cond, patch-mask train)",Lamb_education_Mae,125,spike,1,subtle,5,416.061573940696,True,1.0,0.8,364.5020211411297
"PatchTST-SSL(HoW-cond, patch-mask train)",Lamb_education_Mae,125,drift,1,subtle,144,877.5414005948726,False,,0.0,3082.8876462815465
"PatchTST-SSL(HoW-cond, patch-mask train)",Lamb_education_Mae,125,drift,2,moderate,144,1987.2812368441187,True,44.0,0.1736111111111111,3282.51309734424
"PatchTST-SSL(HoW-cond, patch-mask train)",Lamb_education_Williams,125,drift,2,moderate,192,993.7413147792987,True,10.0,0.15625,2946.011124100717
"PatchTST-SSL(HoW-cond, patch-mask train)",Lamb_education_Williams,125,spike,1,subtle,5,265.7690347821638,True,2.0,0.6,172.8313545066812
"PatchTST-SSL(HoW-cond, patch-mask train)",Lamb_education_Williams,125,spike,2,moderate,2,234.79118643839578,True,1.0,0.5,212.791554674002
"PatchTST-SSL(HoW-cond, patch-mask train)",Lamb_education_Williams,125,spike,3,obvious,3,445.97474150476165,True,1.0,0.6666666666666666,403.7620467924123
"PatchTST-SSL(HoW-cond, patch-mask train)",Lamb_education_Williams,125,schedule,3,obvious,120,206.46617688107503,True,87.0,0.016666666666666666,1815.4371549645148
"PatchTST-SSL(HoW-cond, patch-mask train)",Lamb_education_Williams,125,spike,2,moderate,1,228.2045694366033,True,0.0,1.0,251.55526375705966
"PatchTST-SSL(HoW-cond, patch-mask train)",Lamb_office_Caitlin,125,schedule,3,obvious,120,387.3312010228129,False,,0.0,0.0
"PatchTST-SSL(HoW-cond, patch-mask train)",Lamb_office_Caitlin,125,drift,2,moderate,264,1503.7557897394063,True,103.0,0.05303030303030303,0.0
"PatchTST-SSL(HoW-cond, patch-mask train)",Lamb_office_Caitlin,125,drift,3,obvious,288,3186.0441444924627,True,200.0,0.1597222222222222,97.00447549536366
"PatchTST-SSL(HoW-cond, patch-mask train)",Lamb_office_Caitlin,125,drift,2,moderate,168,656.6603062278259,False,,0.0,0.0
"PatchTST-SSL(HoW-cond, patch-mask train)",Lamb_office_Caitlin,125,spike,2,moderate,2,275.7887601997688,True,1.0,0.5,260.54628201268605
"PatchTST-SSL(HoW-cond, patch-mask train)",Lamb_office_Caitlin,125,spike,2,moderate,3,394.2911673996349,True,1.0,0.6666666666666666,297.5000766869311
"PatchTST-SSL(HoW-cond, patch-mask train)",Lamb_office_Velma,125,spike,3,obvious,4,835.24176345517,True,1.0,0.75,876.3720161958945
"PatchTST-SSL(HoW-cond, patch-mask train)",Lamb_office_Velma,125,spike,2,moderate,4,488.9701505503433,True,1.0,0.75,715.740281988556
"PatchTST-SSL(HoW-cond, patch-mask train)",Lamb_office_Velma,125,drift,1,subtle,120,977.7376980269868,False,,0.0,2314.6498056921455
"PatchTST-SSL(HoW-cond, patch-mask train)",Lamb_office_Velma,125,drift,2,moderate,264,11288.878643994793,True,64.0,0.2878787878787879,14532.763700005227
"PatchTST-SSL(HoW-cond, patch-mask train)",Lamb_office_Velma,125,spike,2,moderate,3,407.53838309396895,True,1.0,0.6666666666666666,367.91306672792933
"PatchTST-SSL(HoW-cond, patch-mask train)",Lamb_office_Velma,125,spike,2,moderate,4,531.175643613273,True,1.0,0.75,430.04694171814884
"PatchTST-SSL(HoW-cond, patch-mask train)",Rat_retail_Jeffrey,125,spike,1,subtle,4,274.0071717515276,True,3.0,0.25,156.3959078385437
"PatchTST-SSL(HoW-cond, patch-mask train)",Rat_retail_Jeffrey,125,drift,2,moderate,240,5848.782780325441,True,15.0,0.25,2236.4049022020417
"PatchTST-SSL(HoW-cond, patch-mask train)",Rat_retail_Jeffrey,125,spike,2,moderate,5,605.3830290267529,True,3.0,0.4,437.31796711525726
"PatchTST-SSL(HoW-cond, patch-mask train)",Rat_retail_Jeffrey,125,spike,1,subtle,4,237.823478890623,True,2.0,0.5,155.38859627794494
"PatchTST-SSL(HoW-cond, patch-mask train)",Rat_retail_Jeffrey,125,spike,3,obvious,1,329.0382503598847,True,0.0,1.0,323.2741241473897
"PatchTST-SSL(HoW-cond, patch-mask train)",Rat_retail_Jeffrey,125,spike,2,moderate,4,448.5396392666252,True,1.0,0.75,380.94384560856804
"PatchTST-SSL(HoW-cond, patch-mask train)",Robin_education_Zenia,125,spike,2,moderate,5,318.0746005878816,True,1.0,0.8,592.8610455038774
"PatchTST-SSL(HoW-cond, patch-mask train)",Robin_education_Zenia,125,drift,1,subtle,288,7684.58034520667,True,7.0,0.052083333333333336,22400.288077787678
"PatchTST-SSL(HoW-cond, patch-mask train)",Robin_education_Zenia,125,spike,1,subtle,4,221.19370506177228,True,1.0,0.75,464.8079545703335
"PatchTST-SSL(HoW-cond, patch-mask train)",Robin_education_Zenia,125,spike,1,subtle,2,115.38557172702771,True,1.0,0.5,359.1974856075446
"PatchTST-SSL(HoW-cond, patch-mask train)",Robin_education_Zenia,125,drift,1,subtle,288,7316.344667072699,True,7.0,0.09722222222222222,25248.630774156572
"PatchTST-SSL(HoW-cond, patch-mask train)",Robin_education_Zenia,125,spike,2,moderate,1,182.6560142466909,True,0.0,1.0,315.85041594834416
"PatchTST-SSL(HoW-cond, patch-mask train)",Robin_office_Dina,125,schedule,3,obvious,216,169.6877846016588,True,6.0,0.004629629629629629,1041.4192254267969
"PatchTST-SSL(HoW-cond, patch-mask train)",Robin_office_Dina,125,drift,3,obvious,168,2676.149080501228,True,28.0,0.39285714285714285,2436.794919066806
"PatchTST-SSL(HoW-cond, patch-mask train)",Robin_office_Dina,125,spike,3,obvious,3,109.70001649846563,True,1.0,0.6666666666666666,99.95984997031404
"PatchTST-SSL(HoW-cond, patch-mask train)",Robin_office_Dina,125,drift,1,subtle,192,557.1814272127779,True,133.0,0.036458333333333336,777.6769073638777
"PatchTST-SSL(HoW-cond, patch-mask train)",Robin_office_Dina,125,spike,1,subtle,5,72.51704449816964,True,2.0,0.6,65.03782229699372
"PatchTST-SSL(HoW-cond, patch-mask train)",Robin_office_Dina,125,schedule,3,obvious,120,128.57224582658398,True,20.0,0.03333333333333333,575.5722481836278
"PatchTST-SSL(HoW-cond, patch-mask train)",Robin_office_Sammie,125,drift,3,obvious,264,18298.902736260905,True,13.0,0.2916666666666667,18443.236316186303
"PatchTST-SSL(HoW-cond, patch-mask train)",Robin_office_Sammie,125,schedule,2,moderate,192,18.074637820832336,False,,0.0,1608.900665731464
"PatchTST-SSL(HoW-cond, patch-mask train)",Robin_office_Sammie,125,spike,3,obvious,1,204.63879598031215,True,0.0,1.0,224.1312836331902
"PatchTST-SSL(HoW-cond, patch-mask train)",Robin_office_Sammie,125,drift,2,moderate,168,4294.326389896674,True,41.0,0.3273809523809524,3286.2808100499947
"PatchTST-SSL(HoW-cond, patch-mask train)",Robin_office_Sammie,125,drift,2,moderate,192,4966.157305493951,False,,0.0,4966.671150206259
"PatchTST-SSL(HoW-cond, patch-mask train)",Robin_office_Sammie,125,spike,1,subtle,4,174.44843902348026,False,,0.0,308.00374705717775
"PatchTST-SSL(HoW-cond, patch-mask train)",Shrew_office_Doris,125,drift,1,subtle,120,1082.0083293285486,True,47.0,0.03333333333333333,3320.461183521313
"PatchTST-SSL(HoW-cond, patch-mask train)",Shrew_office_Doris,125,spike,3,obvious,1,461.5699763173361,True,0.0,1.0,449.0535939378561
"PatchTST-SSL(HoW-cond, patch-mask train)",Shrew_office_Doris,125,spike,1,subtle,2,241.8652026947672,True,1.0,0.5,215.42446742426702
"PatchTST-SSL(HoW-cond, patch-mask train)",Shrew_office_Doris,125,drift,2,moderate,288,18382.782475357173,True,106.0,0.24305555555555555,16595.498758983285
"PatchTST-SSL(HoW-cond, patch-mask train)",Shrew_office_Doris,125,schedule,3,obvious,72,48.69158738777398,False,,0.0,807.7685279458351
"PatchTST-SSL(HoW-cond, patch-mask train)",Shrew_office_Doris,125,schedule,3,obvious,96,120.65365213163807,False,,0.0,769.7080184952042
"PatchTST-SSL(HoW-cond, patch-mask train)",Shrew_office_Ila,125,drift,3,obvious,120,4980.057438458025,True,43.0,0.55,5600.776871492144
"PatchTST-SSL(HoW-cond, patch-mask train)",Shrew_office_Ila,125,spike,3,obvious,3,466.4077483285107,True,1.0,0.6666666666666666,669.4957452987289
"PatchTST-SSL(HoW-cond, patch-mask train)",Shrew_office_Ila,125,drift,1,subtle,192,3942.6429638529935,True,14.0,0.4427083333333333,5980.305687120073
"PatchTST-SSL(HoW-cond, patch-mask train)",Shrew_office_Ila,125,spike,1,subtle,2,152.98568731421085,False,,0.0,125.42679522948518
"PatchTST-SSL(HoW-cond, patch-mask train)",Shrew_office_Ila,125,spike,2,moderate,2,250.3241169224834,True,1.0,0.5,238.30841309802253
"PatchTST-SSL(HoW-cond, patch-mask train)",Shrew_office_Ila,125,spike,1,subtle,2,122.0473460947881,True,1.0,0.5,101.59857077414281
"PatchTST-SSL(HoW-cond, patch-mask train)",Shrew_office_Kenneth,125,schedule,2,moderate,96,45.06488055035239,True,65.0,0.010416666666666666,0.0
"PatchTST-SSL(HoW-cond, patch-mask train)",Shrew_office_Kenneth,125,schedule,3,obvious,144,223.94966667746283,False,,0.0,33.9210924718808
"PatchTST-SSL(HoW-cond, patch-mask train)",Shrew_office_Kenneth,125,spike,1,subtle,2,57.50642214860222,True,1.0,0.5,42.80287203811839
"PatchTST-SSL(HoW-cond, patch-mask train)",Shrew_office_Kenneth,125,drift,3,obvious,240,4470.540824718164,True,36.0,0.375,3763.637284261903
"PatchTST-SSL(HoW-cond, patch-mask train)",Shrew_office_Kenneth,125,spike,1,subtle,5,148.21042491794591,True,3.0,0.4,131.116944067952
"PatchTST-SSL(HoW-cond, patch-mask train)",Shrew_office_Kenneth,125,drift,3,obvious,168,2316.4706616493195,True,34.0,0.6904761904761905,780.8424923901601
"PatchTST-SSL(HoW-cond, patch-mask train)",Shrew_office_Nora,125,schedule,3,obvious,216,4514.662713075832,True,0.0,0.30092592592592593,3452.5942944405615
"PatchTST-SSL(HoW-cond, patch-mask train)",Shrew_office_Nora,125,spike,1,subtle,5,492.7539341376733,True,0.0,1.0,347.32087176664373
"PatchTST-SSL(HoW-cond, patch-mask train)",Shrew_office_Nora,125,spike,1,subtle,3,346.1721874953224,False,,0.0,443.3502388262319
"PatchTST-SSL(HoW-cond, patch-mask train)",Shrew_office_Nora,125,spike,1,subtle,2,230.5830463599992,True,1.0,0.5,277.47851407059454
"PatchTST-SSL(HoW-cond, patch-mask train)",Shrew_office_Nora,125,drift,1,subtle,264,7615.654361754455,True,9.0,0.11363636363636363,9718.650425589582
"PatchTST-SSL(HoW-cond, patch-mask train)",Shrew_office_Nora,125,spike,2,moderate,5,936.2217800892317,False,,0.0,993.7524863963173
"PatchTST-SSL(HoW-cond, patch-mask train)",Shrew_office_Sherill,125,spike,1,subtle,4,866.5897262353003,True,1.0,0.75,581.6240847763265
"PatchTST-SSL(HoW-cond, patch-mask train)",Shrew_office_Sherill,125,drift,3,obvious,216,29783.352961436343,True,7.0,0.49537037037037035,26672.449867405223
"PatchTST-SSL(HoW-cond, patch-mask train)",Shrew_office_Sherill,125,spike,2,moderate,3,856.8929742368821,True,2.0,0.3333333333333333,711.3004970746804
"PatchTST-SSL(HoW-cond, patch-mask train)",Shrew_office_Sherill,125,spike,3,obvious,2,1071.2140890613477,True,1.0,0.5,1027.667755367056
"PatchTST-SSL(HoW-cond, patch-mask train)",Shrew_office_Sherill,125,spike,3,obvious,5,2463.4614158129157,True,1.0,0.8,2211.0316049833277
"PatchTST-SSL(HoW-cond, patch-mask train)",Shrew_office_Sherill,125,drift,1,subtle,192,6998.702088032382,True,51.0,0.2916666666666667,8161.481061267023
"PatchTST-SSL(HoW-cond, patch-mask train)",Wolf_office_Darleen,125,drift,2,moderate,120,604.8468589549041,True,59.0,0.041666666666666664,588.7439762053423
"PatchTST-SSL(HoW-cond, patch-mask train)",Wolf_office_Darleen,125,drift,2,moderate,120,809.9907742251621,False,,0.0,717.614223221177
"PatchTST-SSL(HoW-cond, patch-mask train)",Wolf_office_Darleen,125,spike,1,subtle,3,122.46553220229873,True,1.0,0.6666666666666666,102.22538739863703
"PatchTST-SSL(HoW-cond, patch-mask train)",Wolf_office_Darleen,125,spike,1,subtle,3,108.23648906363294,True,1.0,0.6666666666666666,82.61337903428091
"PatchTST-SSL(HoW-cond, patch-mask train)",Wolf_office_Darleen,125,spike,2,moderate,3,163.1594691481757,True,1.0,0.6666666666666666,173.54265425050323
"PatchTST-SSL(HoW-cond, patch-mask train)",Wolf_office_Darleen,125,schedule,3,obvious,192,273.8121535500858,False,,0.0,58.35823506734094
"PatchTST-SSL(HoW-cond, patch-mask train)",Wolf_retail_Harriett,125,schedule,2,moderate,216,142.5025617723444,True,30.0,0.027777777777777776,3136.32372022692
"PatchTST-SSL(HoW-cond, patch-mask train)",Wolf_retail_Harriett,125,spike,2,moderate,3,172.0596117916607,True,1.0,0.6666666666666666,148.93326592025355
"PatchTST-SSL(HoW-cond, patch-mask train)",Wolf_retail_Harriett,125,spike,3,obvious,2,178.4149864623138,True,1.0,0.5,162.93047840184994
"PatchTST-SSL(HoW-cond, patch-mask train)",Wolf_retail_Harriett,125,schedule,3,obvious,168,658.908355179765,True,18.0,0.10119047619047619,1368.8821659408934
"PatchTST-SSL(HoW-cond, patch-mask train)",Wolf_retail_Harriett,125,schedule,1,subtle,192,5.625535634244642,True,20.0,0.026041666666666668,1580.8527217426963
"PatchTST-SSL(HoW-cond, patch-mask train)",Wolf_retail_Harriett,125,schedule,2,moderate,144,9.462371733532182,True,0.0,0.034722222222222224,1645.1180737399163
"PatchTST-SSL(HoW-cond, patch-mask train)",Wolf_retail_Marcella,125,drift,2,moderate,288,742.5704258791877,True,177.0,0.003472222222222222,455.5681976986493
"PatchTST-SSL(HoW-cond, patch-mask train)",Wolf_retail_Marcella,125,spike,2,moderate,4,32.739046582217696,True,1.0,0.75,35.14166396225396
"PatchTST-SSL(HoW-cond, patch-mask train)",Wolf_retail_Marcella,125,spike,3,obvious,4,55.581626180626806,False,,0.0,50.9667262474918
"PatchTST-SSL(HoW-cond, patch-mask train)",Wolf_retail_Marcella,125,drift,3,obvious,144,366.00807132346256,True,127.0,0.020833333333333332,322.2232518716861
"PatchTST-SSL(HoW-cond, patch-mask train)",Wolf_retail_Marcella,125,schedule,3,obvious,120,26.339615339195092,False,,0.0,186.9576220291424
"PatchTST-SSL(HoW-cond, patch-mask train)",Wolf_retail_Marcella,125,spike,1,subtle,5,25.69306637295704,True,4.0,0.2,16.748024857730087
"PatchTST-SSL(HoW-cond, patch-mask train)",Wolf_retail_Toshia,125,spike,2,moderate,3,362.2002037670109,True,1.0,0.6666666666666666,311.12508030239314
"PatchTST-SSL(HoW-cond, patch-mask train)",Wolf_retail_Toshia,125,spike,3,obvious,4,937.5253054435932,True,0.0,1.0,1345.0589895466396
"PatchTST-SSL(HoW-cond, patch-mask train)",Wolf_retail_Toshia,125,drift,2,moderate,240,4174.144085798001,True,183.0,0.029166666666666667,1515.708189228017
"PatchTST-SSL(HoW-cond, patch-mask train)",Wolf_retail_Toshia,125,spike,1,subtle,3,225.5825258936449,True,1.0,0.6666666666666666,181.87718330492936
"PatchTST-SSL(HoW-cond, patch-mask train)",Wolf_retail_Toshia,125,schedule,3,obvious,96,70.7135913640611,True,17.0,0.052083333333333336,1190.5910370980866
"PatchTST-SSL(HoW-cond, patch-mask train)",Wolf_retail_Toshia,125,drift,2,moderate,144,1585.0846732926336,True,53.0,0.0625,3710.3577158876756
TOWT(HoW-cond),Fox_education_Henrietta,125,drift,3,obvious,120,543.6776343474405,True,17.0,0.19166666666666668,891.016474770888
TOWT(HoW-cond),Fox_education_Henrietta,125,drift,3,obvious,240,2141.019036959888,True,0.0,0.3333333333333333,4468.052453017109
TOWT(HoW-cond),Fox_education_Henrietta,125,drift,1,subtle,288,476.4946025631397,False,,0.0,605.4930757014947
TOWT(HoW-cond),Fox_education_Henrietta,125,spike,1,subtle,4,62.13982155094737,False,,0.0,85.87184627912161
TOWT(HoW-cond),Fox_education_Henrietta,125,spike,2,moderate,5,140.44990776891177,False,,0.0,150.9999003566909
TOWT(HoW-cond),Fox_education_Henrietta,125,spike,1,subtle,5,66.13491765552413,True,3.0,0.4,64.78254942295612
TOWT(HoW-cond),Fox_retail_Manie,125,schedule,3,obvious,144,368.04709591272024,True,20.0,0.22916666666666666,1080.741884003699
TOWT(HoW-cond),Fox_retail_Manie,125,spike,1,subtle,1,123.19706914419866,True,0.0,1.0,136.70228334221846
TOWT(HoW-cond),Fox_retail_Manie,125,spike,2,moderate,5,421.05161512855886,True,1.0,0.8,621.4590262216298
TOWT(HoW-cond),Fox_retail_Manie,125,drift,3,obvious,240,8151.129348647555,True,163.0,0.0375,8675.384348223311
TOWT(HoW-cond),Fox_retail_Manie,125,spike,1,subtle,1,120.95524489933428,True,0.0,1.0,172.18071991175412
TOWT(HoW-cond),Fox_retail_Manie,125,schedule,3,obvious,192,426.66194710076456,False,,0.0,1485.7699501678908
TOWT(HoW-cond),Hog_education_Bruno,125,spike,1,subtle,5,400.40328920967283,True,1.0,0.8,431.2715230333099
TOWT(HoW-cond),Hog_education_Bruno,125,drift,1,subtle,288,10943.930462314776,True,16.0,0.4756944444444444,9267.510783409522
TOWT(HoW-cond),Hog_education_Bruno,125,drift,3,obvious,168,19882.024337608516,True,20.0,0.8630952380952381,22267.461152124077
TOWT(HoW-cond),Hog_education_Bruno,125,schedule,3,obvious,96,3.769674119454777,False,,0.0,436.1170375145026
TOWT(HoW-cond),Hog_education_Bruno,125,spike,3,obvious,1,404.27360964432347,True,0.0,1.0,414.76647956857505
TOWT(HoW-cond),Hog_education_Bruno,125,spike,2,moderate,3,327.13560661465135,True,1.0,0.6666666666666666,414.481824246244
TOWT(HoW-cond),Hog_education_Caridad,125,drift,1,subtle,216,28386.38275238724,False,,0.0,31366.43861519972
TOWT(HoW-cond),Hog_education_Caridad,125,schedule,3,obvious,168,40300.39042463366,True,18.0,0.017857142857142856,13888.679029920992
TOWT(HoW-cond),Hog_education_Caridad,125,drift,2,moderate,120,28596.337097434516,True,51.0,0.25,33533.48866204507
TOWT(HoW-cond),Hog_education_Caridad,125,spike,1,subtle,3,3615.9659871725003,True,1.0,0.6666666666666666,3819.8369100029695
TOWT(HoW-cond),Hog_education_Caridad,125,schedule,2,moderate,216,9175.068368269809,False,,0.0,892.6683145951035
TOWT(HoW-cond),Hog_education_Caridad,125,spike,3,obvious,4,14222.668954687539,True,1.0,0.75,15455.626027184133
TOWT(HoW-cond),Hog_education_Josh,125,drift,3,obvious,144,7730.505083483085,True,32.0,0.027777777777777776,10317.306190799492
TOWT(HoW-cond),Hog_education_Josh,125,schedule,3,obvious,72,11.784679011288034,True,0.0,0.041666666666666664,3272.437581594879
TOWT(HoW-cond),Hog_education_Josh,125,spike,1,subtle,5,575.7182019786903,True,2.0,0.6,494.50074816944823
TOWT(HoW-cond),Hog_education_Josh,125,spike,1,subtle,1,242.4107462956211,True,0.0,1.0,242.69275784416948
TOWT(HoW-cond),Hog_education_Josh,125,drift,2,moderate,216,11163.141504512632,True,3.0,0.25925925925925924,18560.07762714525
TOWT(HoW-cond),Hog_education_Josh,125,spike,1,subtle,4,389.0732811986469,True,3.0,0.25,459.563766710396
TOWT(HoW-cond),Hog_education_Luvenia,125,schedule,3,obvious,216,78.81606669111721,True,27.0,0.09259259259259259,5612.474710234268
TOWT(HoW-cond),Hog_education_Luvenia,125,spike,3,obvious,1,701.6027863582609,True,0.0,1.0,675.4441019279282
TOWT(HoW-cond),Hog_education_Luvenia,125,schedule,3,obvious,144,243.05596690490262,True,78.0,0.006944444444444444,1441.0135581145878
TOWT(HoW-cond),Hog_education_Luvenia,125,drift,1,subtle,240,15728.352545379583,True,174.0,0.016666666666666666,15586.478907805806
TOWT(HoW-cond),Hog_education_Luvenia,125,spike,1,subtle,4,601.5568549222517,True,2.0,0.5,503.4571481791064
TOWT(HoW-cond),Hog_education_Luvenia,125,spike,3,obvious,3,1008.5508595886322,True,1.0,0.6666666666666666,1051.6406116442945
TOWT(HoW-cond),Hog_office_Almeda,125,schedule,3,obvious,144,920.7290323005243,True,14.0,0.24305555555555555,492.80831744818613
TOWT(HoW-cond),Hog_office_Almeda,125,spike,1,subtle,1,97.60946352752082,True,0.0,1.0,93.11576534541445
TOWT(HoW-cond),Hog_office_Almeda,125,drift,3,obvious,120,2352.246882309896,True,3.0,0.20833333333333334,3239.857008489917
TOWT(HoW-cond),Hog_office_Almeda,125,drift,3,obvious,168,4911.399663120952,True,13.0,0.35714285714285715,5741.104746072006
TOWT(HoW-cond),Hog_office_Almeda,125,drift,3,obvious,240,8255.633995193115,True,22.0,0.22916666666666666,10677.07288530342
TOWT(HoW-cond),Hog_office_Almeda,125,spike,2,moderate,4,290.3558219807369,False,,0.0,315.9801914618954
TOWT(HoW-cond),Hog_office_Cortney,125,spike,2,moderate,3,421.20877656343674,True,1.0,0.6666666666666666,409.5730550550342
TOWT(HoW-cond),Hog_office_Cortney,125,spike,3,obvious,2,402.6129107386708,True,1.0,0.5,409.88695175071166
TOWT(HoW-cond),Hog_office_Cortney,125,drift,2,moderate,168,1926.319983944104,True,108.0,0.11904761904761904,1937.9607776857201
TOWT(HoW-cond),Hog_office_Cortney,125,spike,3,obvious,3,566.8997263540168,True,1.0,0.6666666666666666,547.9995999894069
TOWT(HoW-cond),Hog_office_Cortney,125,spike,3,obvious,5,1037.6594788568552,True,1.0,0.8,1015.3323006885278
TOWT(HoW-cond),Hog_office_Cortney,125,spike,1,subtle,1,177.95406087120688,True,0.0,1.0,174.11243665667436
TOWT(HoW-cond),Hog_office_Denita,125,spike,1,subtle,1,104.74801112459913,True,0.0,1.0,101.5965867482677
TOWT(HoW-cond),Hog_office_Denita,125,spike,3,obvious,4,461.0964849863213,True,1.0,0.75,415.394112013258
TOWT(HoW-cond),Hog_office_Denita,125,drift,3,obvious,120,2328.7237572547915,True,37.0,0.425,2176.682688845325
TOWT(HoW-cond),Hog_office_Denita,125,drift,3,obvious,264,9184.383096629303,True,51.0,0.4431818181818182,8949.32370502943
TOWT(HoW-cond),Hog_office_Denita,125,spike,3,obvious,1,240.12967598509266,False,,0.0,241.34992844919057
TOWT(HoW-cond),Hog_office_Denita,125,spike,2,moderate,5,370.8999155280089,False,,0.0,348.3765949725978
TOWT(HoW-cond),Hog_office_Garrett,125,drift,1,subtle,144,5415.773917719659,False,,0.0,2827.7032859462597
TOWT(HoW-cond),Hog_office_Garrett,125,spike,2,moderate,1,1358.321923582699,True,0.0,1.0,1313.0679549653348
TOWT(HoW-cond),Hog_office_Garrett,125,spike,1,subtle,5,1923.2920380500757,True,1.0,0.8,1828.2390246772059
TOWT(HoW-cond),Hog_office_Garrett,125,drift,1,subtle,192,9343.256500347154,True,180.0,0.015625,13999.670384337762
TOWT(HoW-cond),Hog_office_Garrett,125,drift,3,obvious,192,38185.77099119585,True,51.0,0.3072916666666667,35691.42213911852
TOWT(HoW-cond),Hog_office_Garrett,125,spike,1,subtle,5,2007.8707973715864,True,2.0,0.6,2031.0665118383713
TOWT(HoW-cond),Hog_office_Lavon,125,spike,1,subtle,1,1899.2445559390694,True,0.0,1.0,2163.531835838951
TOWT(HoW-cond),Hog_office_Lavon,125,schedule,3,obvious,144,551.1258275222517,False,,0.0,8515.542966612069
TOWT(HoW-cond),Hog_office_Lavon,125,schedule,2,moderate,72,28.97657684753743,True,5.0,0.013888888888888888,7758.278027453343
TOWT(HoW-cond),Hog_office_Lavon,125,spike,1,subtle,1,1451.4329425254064,True,0.0,1.0,1515.9863120981588
TOWT(HoW-cond),Hog_office_Lavon,125,spike,1,subtle,3,2051.267962265602,True,1.0,0.6666666666666666,2301.1977910390383
TOWT(HoW-cond),Hog_office_Lavon,125,spike,2,moderate,1,2651.549822779352,False,,0.0,2400.7149201084408
TOWT(HoW-cond),Hog_office_Merilyn,125,schedule,3,obvious,192,182.75521306496756,False,,0.0,696.5808463612658
TOWT(HoW-cond),Hog_office_Merilyn,125,drift,2,moderate,144,1169.519183928402,True,112.0,0.13194444444444445,1350.6609566971315
TOWT(HoW-cond),Hog_office_Merilyn,125,spike,3,obvious,2,68.9364713067383,True,1.0,0.5,63.04051999996058
TOWT(HoW-cond),Hog_office_Merilyn,125,drift,3,obvious,240,4985.299664411465,True,48.0,0.6125,4611.070625773272
TOWT(HoW-cond),Hog_office_Merilyn,125,drift,1,subtle,240,835.1560058605207,True,232.0,0.004166666666666667,2168.976848487322
TOWT(HoW-cond),Hog_office_Merilyn,125,spike,3,obvious,1,84.91700938866047,True,0.0,1.0,84.39396000903945
TOWT(HoW-cond),Hog_office_Miriam,125,schedule,3,obvious,168,579.523393038525,True,32.0,0.005952380952380952,318.8704690534065
TOWT(HoW-cond),Hog_office_Miriam,125,spike,3,obvious,5,157.02585229495435,True,1.0,0.8,161.69103961404073
TOWT(HoW-cond),Hog_office_Miriam,125,spike,1,subtle,5,62.78051802257753,True,3.0,0.4,52.686614017912106
TOWT(HoW-cond),Hog_office_Miriam,125,schedule,3,obvious,96,157.6681316218665,False,,0.0,269.8262360462706
TOWT(HoW-cond),Hog_office_Miriam,125,spike,2,moderate,2,44.26055572448596,True,1.0,0.5,46.3609028802351
TOWT(HoW-cond),Hog_office_Miriam,125,schedule,2,moderate,192,28.056166232973396,True,3.0,0.015625,260.34792745265344
TOWT(HoW-cond),Hog_office_Napoleon,125,drift,2,moderate,144,4716.952247147733,True,48.0,0.1597222222222222,3859.7851502965436
TOWT(HoW-cond),Hog_office_Napoleon,125,spike,1,subtle,2,137.95448590699337,True,1.0,0.5,134.01095713258812
TOWT(HoW-cond),Hog_office_Napoleon,125,schedule,3,obvious,168,1082.6103935191493,True,45.0,0.005952380952380952,1886.161717651102
TOWT(HoW-cond),Hog_office_Napoleon,125,spike,3,obvious,1,273.71167561006234,True,0.0,1.0,293.9585297472266
TOWT(HoW-cond),Hog_office_Napoleon,125,spike,3,obvious,3,412.9367145410827,True,1.0,0.6666666666666666,440.827643012158
TOWT(HoW-cond),Hog_office_Napoleon,125,spike,1,subtle,2,120.95556051409783,True,1.0,0.5,129.18522672220337
TOWT(HoW-cond),Hog_office_Shawna,125,spike,1,subtle,2,313.6379115139518,True,1.0,0.5,334.5330126791166
TOWT(HoW-cond),Hog_office_Shawna,125,schedule,1,subtle,120,16.141511134777772,True,98.0,0.008333333333333333,1526.2013892096106
TOWT(HoW-cond),Hog_office_Shawna,125,spike,2,moderate,3,683.8372554129211,True,1.0,0.6666666666666666,650.878679536132
TOWT(HoW-cond),Hog_office_Shawna,125,schedule,3,obvious,120,3559.624181799263,True,0.0,0.3333333333333333,3892.6572312120065
TOWT(HoW-cond),Hog_office_Shawna,125,schedule,2,moderate,144,2117.593778393931,True,8.0,0.13194444444444445,3224.0837848374285
TOWT(HoW-cond),Hog_office_Shawna,125,spike,1,subtle,4,454.5232692677954,False,,0.0,409.59949804996654
TOWT(HoW-cond),Hog_office_Shawnna,125,schedule,2,moderate,168,2552.153783435699,True,12.0,0.005952380952380952,2846.1857375407976
TOWT(HoW-cond),Hog_office_Shawnna,125,spike,2,moderate,1,979.2760644445437,True,0.0,1.0,1008.0828310341429
TOWT(HoW-cond),Hog_office_Shawnna,125,spike,3,obvious,4,2905.0130249591653,True,1.0,0.75,2816.0167801047623
TOWT(HoW-cond),Hog_office_Shawnna,125,schedule,2,moderate,96,2594.702781314817,True,39.0,0.010416666666666666,1459.0305770085242
TOWT(HoW-cond),Hog_office_Shawnna,125,spike,2,moderate,5,1926.5792375601536,False,,0.0,2042.2272711207634
TOWT(HoW-cond),Hog_office_Shawnna,125,schedule,3,obvious,216,6193.786109199689,True,3.0,0.05555555555555555,8260.038792572694
TOWT(HoW-cond),Hog_office_Sherrie,125,spike,1,subtle,2,67.78790463192944,False,,0.0,59.666215595634284
TOWT(HoW-cond),Hog_office_Sherrie,125,drift,2,moderate,312,5893.056392735663,True,69.0,0.4391025641025641,7055.678269522837
TOWT(HoW-cond),Hog_office_Sherrie,125,drift,3,obvious,216,4222.303088303819,True,67.0,0.28703703703703703,4958.961795040261
TOWT(HoW-cond),Hog_office_Sherrie,125,drift,3,obvious,240,5690.77195280197,True,46.0,0.475,5395.468445584138
TOWT(HoW-cond),Hog_office_Sherrie,125,drift,2,moderate,168,1160.5145644277036,False,,0.0,1580.650183854376
TOWT(HoW-cond),Hog_office_Sherrie,125,spike,3,obvious,1,200.1296932408524,True,0.0,1.0,207.7618039592849
TOWT(HoW-cond),Hog_office_Shon,125,spike,1,subtle,5,216.7285392605703,False,,0.0,196.25156871207002
TOWT(HoW-cond),Hog_office_Shon,125,drift,2,moderate,120,2000.517973275528,True,69.0,0.11666666666666667,1635.5953369161143
TOWT(HoW-cond),Hog_office_Shon,125,drift,3,obvious,312,21736.11668917782,True,10.0,0.49038461538461536,16216.665778716282
TOWT(HoW-cond),Hog_office_Shon,125,spike,3,obvious,5,435.00855328869727,True,2.0,0.6,401.30979915283564
TOWT(HoW-cond),Hog_office_Shon,125,spike,2,moderate,2,137.69489830862938,True,1.0,0.5,171.24121906983996
TOWT(HoW-cond),Hog_office_Shon,125,spike,3,obvious,2,215.0601984522419,True,1.0,0.5,198.95271523617689
TOWT(HoW-cond),Hog_office_Sydney,125,drift,1,subtle,312,10090.72902848742,True,138.0,0.028846153846153848,6648.1763893858
TOWT(HoW-cond),Hog_office_Sydney,125,drift,3,obvious,192,11552.378159444106,True,30.0,0.7291666666666666,11876.290772385697
TOWT(HoW-cond),Hog_office_Sydney,125,spike,1,subtle,2,107.40101118162318,True,1.0,0.5,100.72744443504718
TOWT(HoW-cond),Hog_office_Sydney,125,drift,1,subtle,144,1436.3776215795922,True,22.0,0.09722222222222222,378.42114707891915
TOWT(HoW-cond),Hog_office_Sydney,125,spike,1,subtle,3,120.35248606515015,False,,0.0,119.17621319401259
TOWT(HoW-cond),Hog_office_Sydney,125,spike,1,subtle,3,134.44551911738682,True,1.0,0.6666666666666666,156.2162693737312
TOWT(HoW-cond),Hog_office_Valda,125,drift,1,subtle,240,661.3711408953283,False,,0.0,860.8879588779896
TOWT(HoW-cond),Hog_office_Valda,125,schedule,2,moderate,168,82.79700716384005,True,50.0,0.05952380952380952,179.56767763117958
TOWT(HoW-cond),Hog_office_Valda,125,spike,2,moderate,4,173.4631733998353,False,,0.0,165.01759246687806
TOWT(HoW-cond),Hog_office_Valda,125,drift,2,moderate,264,2769.782873715905,True,11.0,0.4621212121212121,4018.5770761357744
TOWT(HoW-cond),Hog_office_Valda,125,spike,1,subtle,3,91.82340690935975,True,2.0,0.3333333333333333,30.911648397281937
TOWT(HoW-cond),Hog_office_Valda,125,spike,3,obvious,1,143.2802443165958,True,0.0,1.0,148.7978941000527
TOWT(HoW-cond),Lamb_education_Armando,125,schedule,3,obvious,120,1.1934745829660691,True,97.0,0.008333333333333333,2040.3918675452965
TOWT(HoW-cond),Lamb_education_Armando,125,spike,3,obvious,2,399.74267508277626,True,1.0,0.5,422.4257902831633
TOWT(HoW-cond),Lamb_education_Armando,125,spike,1,subtle,1,181.88666623841328,True,0.0,1.0,188.86999032265476
TOWT(HoW-cond),Lamb_education_Armando,125,spike,2,moderate,3,311.1701632346293,True,1.0,0.6666666666666666,297.3932175790768
TOWT(HoW-cond),Lamb_education_Armando,125,drift,3,obvious,216,4189.596198085895,True,38.0,0.30092592592592593,7542.066933199144
TOWT(HoW-cond),Lamb_education_Armando,125,spike,2,moderate,3,298.4435139285549,True,1.0,0.6666666666666666,302.90057940432916
TOWT(HoW-cond),Lamb_education_Eula,125,spike,1,subtle,1,6.690699674565021,True,0.0,1.0,6.614379001585405
TOWT(HoW-cond),Lamb_education_Eula,125,drift,2,moderate,240,84.1414837512204,True,18.0,0.10416666666666667,257.69013216183873
TOWT(HoW-cond),Lamb_education_Eula,125,drift,2,moderate,168,44.64918931234279,True,11.0,0.05952380952380952,34.81817493000791
TOWT(HoW-cond),Lamb_education_Eula,125,spike,1,subtle,4,10.101430544618829,False,,0.0,11.24006429399151
TOWT(HoW-cond),Lamb_education_Eula,125,drift,3,obvious,120,39.955048544124566,True,0.0,0.4166666666666667,177.70756905538514
TOWT(HoW-cond),Lamb_education_Eula,125,spike,3,obvious,3,22.257380646063886,True,1.0,0.6666666666666666,24.26915831225061
TOWT(HoW-cond),Lamb_education_Lazaro,125,drift,1,subtle,168,199.56667718910816,False,,0.0,0.0
TOWT(HoW-cond),Lamb_education_Lazaro,125,spike,1,subtle,3,146.2616500912896,True,1.0,0.6666666666666666,147.25070316000267
TOWT(HoW-cond),Lamb_education_Lazaro,125,spike,3,obvious,4,445.1755338537366,True,1.0,0.75,481.3535158449015
TOWT(HoW-cond),Lamb_education_Lazaro,125,drift,2,moderate,264,2062.639357213663,True,176.0,0.003787878787878788,7470.247893735903
TOWT(HoW-cond),Lamb_education_Lazaro,125,drift,1,subtle,192,416.463144323934,False,,0.0,1764.7338550933246
TOWT(HoW-cond),Lamb_education_Lazaro,125,drift,1,subtle,216,491.99455646137983,False,,0.0,522.3952867165995
TOWT(HoW-cond),Lamb_education_Lucas,125,drift,2,moderate,120,119.5016707324252,True,80.0,0.075,50.73103854271429
TOWT(HoW-cond),Lamb_education_Lucas,125,spike,2,moderate,4,64.4787362913023,True,1.0,0.75,62.33796177265519
TOWT(HoW-cond),Lamb_education_Lucas,125,spike,3,obvious,1,60.67999960371594,True,0.0,1.0,52.40818993470939
TOWT(HoW-cond),Lamb_education_Lucas,125,schedule,3,obvious,72,15.547596446667187,True,39.0,0.013888888888888888,127.09655465153241
TOWT(HoW-cond),Lamb_education_Lucas,125,drift,1,subtle,240,204.83694269880996,True,65.0,0.04583333333333333,359.0651473610374
TOWT(HoW-cond),Lamb_education_Lucas,125,spike,3,obvious,5,123.35494196224937,True,1.0,0.8,125.14215211481306
TOWT(HoW-cond),Lamb_education_Mae,125,schedule,3,obvious,192,707.7055646019003,False,,0.0,1033.2502030364597
TOWT(HoW-cond),Lamb_education_Mae,125,spike,2,moderate,4,434.5193321882207,True,1.0,0.75,397.65033035831925
TOWT(HoW-cond),Lamb_education_Mae,125,drift,3,obvious,168,4279.320062963822,True,9.0,0.22023809523809523,6181.733597901501
TOWT(HoW-cond),Lamb_education_Mae,125,spike,1,subtle,5,416.061573940696,True,2.0,0.6,387.30428787746195
TOWT(HoW-cond),Lamb_education_Mae,125,drift,1,subtle,144,877.5414005948726,False,,0.0,3159.468110661346
TOWT(HoW-cond),Lamb_education_Mae,125,drift,2,moderate,144,1987.2812368441187,True,48.0,0.1527777777777778,3869.107265644809
TOWT(HoW-cond),Lamb_education_Williams,125,drift,2,moderate,192,993.7413147792987,True,10.0,0.203125,2182.442660736118
TOWT(HoW-cond),Lamb_education_Williams,125,spike,1,subtle,5,265.7690347821638,True,2.0,0.6,248.34399636150278
TOWT(HoW-cond),Lamb_education_Williams,125,spike,2,moderate,2,234.79118643839578,True,1.0,0.5,232.54371994830763
TOWT(HoW-cond),Lamb_education_Williams,125,spike,3,obvious,3,445.97474150476165,True,1.0,0.6666666666666666,444.212897755211
TOWT(HoW-cond),Lamb_education_Williams,125,schedule,3,obvious,120,206.46617688107503,True,63.0,0.05,883.740846054248
TOWT(HoW-cond),Lamb_education_Williams,125,spike,2,moderate,1,228.2045694366033,True,0.0,1.0,233.77139081311535
TOWT(HoW-cond),Lamb_office_Caitlin,125,schedule,3,obvious,120,387.3312010228129,False,,0.0,163.4898581367549
TOWT(HoW-cond),Lamb_office_Caitlin,125,drift,2,moderate,264,1503.7557897394063,False,,0.0,9.535631136886309
TOWT(HoW-cond),Lamb_office_Caitlin,125,drift,3,obvious,288,3186.0441444924627,True,229.0,0.010416666666666666,1540.8783733935309
TOWT(HoW-cond),Lamb_office_Caitlin,125,drift,2,moderate,168,656.6603062278259,False,,0.0,0.0
TOWT(HoW-cond),Lamb_office_Caitlin,125,spike,2,moderate,2,275.7887601997688,True,1.0,0.5,199.74648267545425
TOWT(HoW-cond),Lamb_office_Caitlin,125,spike,2,moderate,3,394.2911673996349,True,1.0,0.6666666666666666,372.0850069823307
TOWT(HoW-cond),Lamb_office_Velma,125,spike,3,obvious,4,835.24176345517,True,1.0,0.75,911.0138096680314
TOWT(HoW-cond),Lamb_office_Velma,125,spike,2,moderate,4,488.9701505503433,True,1.0,0.75,606.0231189346227
TOWT(HoW-cond),Lamb_office_Velma,125,drift,1,subtle,120,977.7376980269868,False,,0.0,2110.8013046738006
TOWT(HoW-cond),Lamb_office_Velma,125,drift,2,moderate,264,11288.878643994793,True,65.0,0.26136363636363635,16268.895880347638
TOWT(HoW-cond),Lamb_office_Velma,125,spike,2,moderate,3,407.53838309396895,True,1.0,0.6666666666666666,387.781744093577
TOWT(HoW-cond),Lamb_office_Velma,125,spike,2,moderate,4,531.175643613273,True,1.0,0.75,553.9599684523184
TOWT(HoW-cond),Rat_retail_Jeffrey,125,spike,1,subtle,4,274.0071717515276,True,3.0,0.25,245.92965850989538
TOWT(HoW-cond),Rat_retail_Jeffrey,125,drift,2,moderate,240,5848.782780325441,True,3.0,0.05,8031.571200278005
TOWT(HoW-cond),Rat_retail_Jeffrey,125,spike,2,moderate,5,605.3830290267529,True,2.0,0.6,565.0884386855985
TOWT(HoW-cond),Rat_retail_Jeffrey,125,spike,1,subtle,4,237.823478890623,True,1.0,0.75,289.23401035913713
TOWT(HoW-cond),Rat_retail_Jeffrey,125,spike,3,obvious,1,329.0382503598847,True,0.0,1.0,335.76095051436505
TOWT(HoW-cond),Rat_retail_Jeffrey,125,spike,2,moderate,4,448.5396392666252,True,2.0,0.5,502.92645331089807
TOWT(HoW-cond),Robin_education_Zenia,125,spike,2,moderate,5,318.0746005878816,True,1.0,0.8,689.4943843546422
TOWT(HoW-cond),Robin_education_Zenia,125,drift,1,subtle,288,7684.58034520667,True,6.0,0.10416666666666667,26565.354551907134
TOWT(HoW-cond),Robin_education_Zenia,125,spike,1,subtle,4,221.19370506177228,True,0.0,1.0,613.3336434784215
TOWT(HoW-cond),Robin_education_Zenia,125,spike,1,subtle,2,115.38557172702771,True,1.0,0.5,324.09524561778096
TOWT(HoW-cond),Robin_education_Zenia,125,drift,1,subtle,288,7316.344667072699,True,5.0,0.1597222222222222,29965.093712555426
TOWT(HoW-cond),Robin_education_Zenia,125,spike,2,moderate,1,182.6560142466909,True,0.0,1.0,284.28455348982664
TOWT(HoW-cond),Robin_office_Dina,125,schedule,3,obvious,216,169.6877846016588,True,6.0,0.018518518518518517,887.9652605065497
TOWT(HoW-cond),Robin_office_Dina,125,drift,3,obvious,168,2676.149080501228,True,28.0,0.5,2585.959178611169
TOWT(HoW-cond),Robin_office_Dina,125,spike,3,obvious,3,109.70001649846563,True,1.0,0.6666666666666666,102.16735953913789
TOWT(HoW-cond),Robin_office_Dina,125,drift,1,subtle,192,557.1814272127779,True,33.0,0.026041666666666668,636.3736326659274
TOWT(HoW-cond),Robin_office_Dina,125,spike,1,subtle,5,72.51704449816964,True,2.0,0.6,72.25012965173609
TOWT(HoW-cond),Robin_office_Dina,125,schedule,3,obvious,120,128.57224582658398,True,20.0,0.03333333333333333,536.3009934255342
TOWT(HoW-cond),Robin_office_Sammie,125,drift,3,obvious,264,18298.902736260905,True,41.0,0.39015151515151514,18266.447278853364
TOWT(HoW-cond),Robin_office_Sammie,125,schedule,2,moderate,192,18.074637820832336,False,,0.0,687.9635952655178
TOWT(HoW-cond),Robin_office_Sammie,125,spike,3,obvious,1,204.63879598031215,True,0.0,1.0,203.38849408009864
TOWT(HoW-cond),Robin_office_Sammie,125,drift,2,moderate,168,4294.326389896674,True,43.0,0.34523809523809523,3077.3069982043517
TOWT(HoW-cond),Robin_office_Sammie,125,drift,2,moderate,192,4966.157305493951,False,,0.0,4762.141099732207
TOWT(HoW-cond),Robin_office_Sammie,125,spike,1,subtle,4,174.44843902348026,False,,0.0,281.0730440040582
TOWT(HoW-cond),Shrew_office_Doris,125,drift,1,subtle,120,1082.0083293285486,False,,0.0,3295.985795325458
TOWT(HoW-cond),Shrew_office_Doris,125,spike,3,obvious,1,461.5699763173361,True,0.0,1.0,447.25775520973366
TOWT(HoW-cond),Shrew_office_Doris,125,spike,1,subtle,2,241.8652026947672,True,1.0,0.5,246.2495017549488
TOWT(HoW-cond),Shrew_office_Doris,125,drift,2,moderate,288,18382.782475357173,True,66.0,0.3472222222222222,18527.15846091728
TOWT(HoW-cond),Shrew_office_Doris,125,schedule,3,obvious,72,48.69158738777398,False,,0.0,523.0320315671746
TOWT(HoW-cond),Shrew_office_Doris,125,schedule,3,obvious,96,120.65365213163807,False,,0.0,105.64096944329467
TOWT(HoW-cond),Shrew_office_Ila,125,drift,3,obvious,120,4980.057438458025,True,23.0,0.6833333333333333,5860.604187464445
TOWT(HoW-cond),Shrew_office_Ila,125,spike,3,obvious,3,466.4077483285107,True,1.0,0.6666666666666666,540.3644207749711
TOWT(HoW-cond),Shrew_office_Ila,125,drift,1,subtle,192,3942.6429638529935,True,0.0,0.3333333333333333,4800.457854231332
TOWT(HoW-cond),Shrew_office_Ila,125,spike,1,subtle,2,152.98568731421085,False,,0.0,150.46286153000486
TOWT(HoW-cond),Shrew_office_Ila,125,spike,2,moderate,2,250.3241169224834,True,1.0,0.5,291.2925969572707
TOWT(HoW-cond),Shrew_office_Ila,125,spike,1,subtle,2,122.0473460947881,True,1.0,0.5,136.01320851257128
TOWT(HoW-cond),Shrew_office_Kenneth,125,schedule,2,moderate,96,45.06488055035239,True,54.0,0.03125,1.974411305501146
TOWT(HoW-cond),Shrew_office_Kenneth,125,schedule,3,obvious,144,223.94966667746283,False,,0.0,36.78071884008399
TOWT(HoW-cond),Shrew_office_Kenneth,125,spike,1,subtle,2,57.50642214860222,True,1.0,0.5,40.392116928475644
TOWT(HoW-cond),Shrew_office_Kenneth,125,drift,3,obvious,240,4470.540824718164,True,31.0,0.13333333333333333,2269.507799772807
TOWT(HoW-cond),Shrew_office_Kenneth,125,spike,1,subtle,5,148.21042491794591,True,2.0,0.6,116.9906253472831
TOWT(HoW-cond),Shrew_office_Kenneth,125,drift,3,obvious,168,2316.4706616493195,True,81.0,0.11904761904761904,528.103077649364
TOWT(HoW-cond),Shrew_office_Nora,125,schedule,3,obvious,216,4514.662713075832,True,0.0,0.36574074074074076,5254.335163250713
TOWT(HoW-cond),Shrew_office_Nora,125,spike,1,subtle,5,492.7539341376733,True,0.0,1.0,583.7712389710238
TOWT(HoW-cond),Shrew_office_Nora,125,spike,1,subtle,3,346.1721874953224,False,,0.0,325.75598406509596
TOWT(HoW-cond),Shrew_office_Nora,125,spike,1,subtle,2,230.5830463599992,True,1.0,0.5,233.55859436966875
TOWT(HoW-cond),Shrew_office_Nora,125,drift,1,subtle,264,7615.654361754455,True,16.0,0.25757575757575757,9172.763240672917
TOWT(HoW-cond),Shrew_office_Nora,125,spike,2,moderate,5,936.2217800892317,False,,0.0,869.9400166787639
TOWT(HoW-cond),Shrew_office_Sherill,125,spike,1,subtle,4,866.5897262353003,True,1.0,0.75,834.2830168861597
TOWT(HoW-cond),Shrew_office_Sherill,125,drift,3,obvious,216,29783.352961436343,True,8.0,0.6898148148148148,31464.8479190914
TOWT(HoW-cond),Shrew_office_Sherill,125,spike,2,moderate,3,856.8929742368821,True,2.0,0.3333333333333333,834.5148397954041
TOWT(HoW-cond),Shrew_office_Sherill,125,spike,3,obvious,2,1071.2140890613477,True,1.0,0.5,1076.8143802316517
TOWT(HoW-cond),Shrew_office_Sherill,125,spike,3,obvious,5,2463.4614158129157,True,1.0,0.8,2540.0638545077873
TOWT(HoW-cond),Shrew_office_Sherill,125,drift,1,subtle,192,6998.702088032382,True,25.0,0.4322916666666667,8962.32758132655
TOWT(HoW-cond),Wolf_office_Darleen,125,drift,2,moderate,120,604.8468589549041,True,50.0,0.19166666666666668,384.0137914832689
TOWT(HoW-cond),Wolf_office_Darleen,125,drift,2,moderate,120,809.9907742251621,True,67.0,0.18333333333333332,602.8801439951817
TOWT(HoW-cond),Wolf_office_Darleen,125,spike,1,subtle,3,122.46553220229873,True,1.0,0.6666666666666666,97.66715834057901
TOWT(HoW-cond),Wolf_office_Darleen,125,spike,1,subtle,3,108.23648906363294,True,1.0,0.6666666666666666,104.59819104469162
TOWT(HoW-cond),Wolf_office_Darleen,125,spike,2,moderate,3,163.1594691481757,True,1.0,0.6666666666666666,198.7488854211925
TOWT(HoW-cond),Wolf_office_Darleen,125,schedule,3,obvious,192,273.8121535500858,False,,0.0,0.9124443550759086
TOWT(HoW-cond),Wolf_retail_Harriett,125,schedule,2,moderate,216,142.5025617723444,True,29.0,0.046296296296296294,2553.6855599974288
TOWT(HoW-cond),Wolf_retail_Harriett,125,spike,2,moderate,3,172.0596117916607,True,1.0,0.6666666666666666,182.03537275543636
TOWT(HoW-cond),Wolf_retail_Harriett,125,spike,3,obvious,2,178.4149864623138,True,1.0,0.5,178.55685882408838
TOWT(HoW-cond),Wolf_retail_Harriett,125,schedule,3,obvious,168,658.908355179765,True,13.0,0.21428571428571427,1419.7501128014685
TOWT(HoW-cond),Wolf_retail_Harriett,125,schedule,1,subtle,192,5.625535634244642,True,20.0,0.041666666666666664,1160.9861322378865
TOWT(HoW-cond),Wolf_retail_Harriett,125,schedule,2,moderate,144,9.462371733532182,True,0.0,0.0763888888888889,1299.2718539925027
TOWT(HoW-cond),Wolf_retail_Marcella,125,drift,2,moderate,288,742.5704258791877,True,8.0,0.03125,524.3410643597908
TOWT(HoW-cond),Wolf_retail_Marcella,125,spike,2,moderate,4,32.739046582217696,True,1.0,0.75,31.763879844586324
TOWT(HoW-cond),Wolf_retail_Marcella,125,spike,3,obvious,4,55.581626180626806,False,,0.0,52.22470888265429
TOWT(HoW-cond),Wolf_retail_Marcella,125,drift,3,obvious,144,366.00807132346256,False,,0.0,332.1822008413846
TOWT(HoW-cond),Wolf_retail_Marcella,125,schedule,3,obvious,120,26.339615339195092,True,23.0,0.016666666666666666,164.73671126892341
TOWT(HoW-cond),Wolf_retail_Marcella,125,spike,1,subtle,5,25.69306637295704,True,4.0,0.2,20.288356171231825
TOWT(HoW-cond),Wolf_retail_Toshia,125,spike,2,moderate,3,362.2002037670109,True,1.0,0.6666666666666666,358.4120191133809
TOWT(HoW-cond),Wolf_retail_Toshia,125,spike,3,obvious,4,937.5253054435932,True,0.0,1.0,1284.5100715021895
TOWT(HoW-cond),Wolf_retail_Toshia,125,drift,2,moderate,240,4174.144085798001,True,64.0,0.12083333333333333,2545.585402058076
TOWT(HoW-cond),Wolf_retail_Toshia,125,spike,1,subtle,3,225.5825258936449,True,1.0,0.6666666666666666,248.43796777229088
TOWT(HoW-cond),Wolf_retail_Toshia,125,schedule,3,obvious,96,70.7135913640611,True,17.0,0.08333333333333333,1413.1253531468953
TOWT(HoW-cond),Wolf_retail_Toshia,125,drift,2,moderate,144,1585.0846732926336,True,51.0,0.1597222222222222,3424.047278356787
HOW-profile+z(slot),Fox_education_Henrietta,125,drift,3,obvious,120,543.6776343474405,True,41.0,0.26666666666666666,
HOW-profile+z(slot),Fox_education_Henrietta,125,drift,3,obvious,240,2141.019036959888,True,10.0,0.2,
HOW-profile+z(slot),Fox_education_Henrietta,125,drift,1,subtle,288,476.4946025631397,False,,0.0,
HOW-profile+z(slot),Fox_education_Henrietta,125,spike,1,subtle,4,62.13982155094737,False,,0.0,
HOW-profile+z(slot),Fox_education_Henrietta,125,spike,2,moderate,5,140.44990776891177,False,,0.0,
HOW-profile+z(slot),Fox_education_Henrietta,125,spike,1,subtle,5,66.13491765552413,True,3.0,0.4,
HOW-profile+z(slot),Fox_retail_Manie,125,schedule,3,obvious,144,368.04709591272024,True,18.0,0.25,
HOW-profile+z(slot),Fox_retail_Manie,125,spike,1,subtle,1,123.19706914419866,True,0.0,1.0,
HOW-profile+z(slot),Fox_retail_Manie,125,spike,2,moderate,5,421.05161512855886,True,1.0,0.8,
HOW-profile+z(slot),Fox_retail_Manie,125,drift,3,obvious,240,8151.129348647555,True,161.0,0.0875,
HOW-profile+z(slot),Fox_retail_Manie,125,spike,1,subtle,1,120.95524489933428,True,0.0,1.0,
HOW-profile+z(slot),Fox_retail_Manie,125,schedule,3,obvious,192,426.66194710076456,False,,0.0,
HOW-profile+z(slot),Hog_education_Bruno,125,spike,1,subtle,5,400.40328920967283,True,1.0,0.8,
HOW-profile+z(slot),Hog_education_Bruno,125,drift,1,subtle,288,10943.930462314776,True,16.0,0.5451388888888888,
HOW-profile+z(slot),Hog_education_Bruno,125,drift,3,obvious,168,19882.024337608516,True,3.0,0.9642857142857143,
HOW-profile+z(slot),Hog_education_Bruno,125,schedule,3,obvious,96,3.769674119454777,False,,0.0,
HOW-profile+z(slot),Hog_education_Bruno,125,spike,3,obvious,1,404.27360964432347,True,0.0,1.0,
HOW-profile+z(slot),Hog_education_Bruno,125,spike,2,moderate,3,327.13560661465135,True,1.0,0.6666666666666666,
HOW-profile+z(slot),Hog_education_Caridad,125,drift,1,subtle,216,28386.38275238724,True,5.0,0.013888888888888888,
HOW-profile+z(slot),Hog_education_Caridad,125,schedule,3,obvious,168,40300.39042463366,False,,0.0,
HOW-profile+z(slot),Hog_education_Caridad,125,drift,2,moderate,120,28596.337097434516,True,28.0,0.7,
HOW-profile+z(slot),Hog_education_Caridad,125,spike,1,subtle,3,3615.9659871725003,True,1.0,0.6666666666666666,
HOW-profile+z(slot),Hog_education_Caridad,125,schedule,2,moderate,216,9175.068368269809,False,,0.0,
HOW-profile+z(slot),Hog_education_Caridad,125,spike,3,obvious,4,14222.668954687539,True,2.0,0.5,
HOW-profile+z(slot),Hog_education_Josh,125,drift,3,obvious,144,7730.505083483085,True,32.0,0.04861111111111111,
HOW-profile+z(slot),Hog_education_Josh,125,schedule,3,obvious,72,11.784679011288034,True,20.0,0.041666666666666664,
HOW-profile+z(slot),Hog_education_Josh,125,spike,1,subtle,5,575.7182019786903,True,3.0,0.4,
HOW-profile+z(slot),Hog_education_Josh,125,spike,1,subtle,1,242.4107462956211,True,0.0,1.0,
HOW-profile+z(slot),Hog_education_Josh,125,drift,2,moderate,216,11163.141504512632,True,54.0,0.16666666666666666,
HOW-profile+z(slot),Hog_education_Josh,125,spike,1,subtle,4,389.0732811986469,True,3.0,0.25,
HOW-profile+z(slot),Hog_education_Luvenia,125,schedule,3,obvious,216,78.81606669111721,True,2.0,0.0787037037037037,
HOW-profile+z(slot),Hog_education_Luvenia,125,spike,3,obvious,1,701.6027863582609,True,0.0,1.0,
HOW-profile+z(slot),Hog_education_Luvenia,125,schedule,3,obvious,144,243.05596690490262,True,78.0,0.006944444444444444,
HOW-profile+z(slot),Hog_education_Luvenia,125,drift,1,subtle,240,15728.352545379583,True,167.0,0.03333333333333333,
HOW-profile+z(slot),Hog_education_Luvenia,125,spike,1,subtle,4,601.5568549222517,True,2.0,0.5,
HOW-profile+z(slot),Hog_education_Luvenia,125,spike,3,obvious,3,1008.5508595886322,True,1.0,0.6666666666666666,
HOW-profile+z(slot),Hog_office_Almeda,125,schedule,3,obvious,144,920.7290323005243,True,12.0,0.2708333333333333,
HOW-profile+z(slot),Hog_office_Almeda,125,spike,1,subtle,1,97.60946352752082,True,0.0,1.0,
HOW-profile+z(slot),Hog_office_Almeda,125,drift,3,obvious,120,2352.246882309896,True,4.0,0.175,
HOW-profile+z(slot),Hog_office_Almeda,125,drift,3,obvious,168,4911.399663120952,True,35.0,0.36904761904761907,
HOW-profile+z(slot),Hog_office_Almeda,125,drift,3,obvious,240,8255.633995193115,True,30.0,0.25833333333333336,
HOW-profile+z(slot),Hog_office_Almeda,125,spike,2,moderate,4,290.3558219807369,False,,0.0,
HOW-profile+z(slot),Hog_office_Cortney,125,spike,2,moderate,3,421.20877656343674,True,1.0,0.6666666666666666,
HOW-profile+z(slot),Hog_office_Cortney,125,spike,3,obvious,2,402.6129107386708,True,1.0,0.5,
HOW-profile+z(slot),Hog_office_Cortney,125,drift,2,moderate,168,1926.319983944104,True,50.0,0.15476190476190477,
HOW-profile+z(slot),Hog_office_Cortney,125,spike,3,obvious,3,566.8997263540168,True,1.0,0.6666666666666666,
HOW-profile+z(slot),Hog_office_Cortney,125,spike,3,obvious,5,1037.6594788568552,True,1.0,0.8,
HOW-profile+z(slot),Hog_office_Cortney,125,spike,1,subtle,1,177.95406087120688,True,0.0,1.0,
HOW-profile+z(slot),Hog_office_Denita,125,spike,1,subtle,1,104.74801112459913,True,0.0,1.0,
HOW-profile+z(slot),Hog_office_Denita,125,spike,3,obvious,4,461.0964849863213,True,1.0,0.75,
HOW-profile+z(slot),Hog_office_Denita,125,drift,3,obvious,120,2328.7237572547915,True,33.0,0.49166666666666664,
HOW-profile+z(slot),Hog_office_Denita,125,drift,3,obvious,264,9184.383096629303,True,27.0,0.4318181818181818,
HOW-profile+z(slot),Hog_office_Denita,125,spike,3,obvious,1,240.12967598509266,False,,0.0,
HOW-profile+z(slot),Hog_office_Denita,125,spike,2,moderate,5,370.8999155280089,False,,0.0,
HOW-profile+z(slot),Hog_office_Garrett,125,drift,1,subtle,144,5415.773917719659,True,79.0,0.06944444444444445,
HOW-profile+z(slot),Hog_office_Garrett,125,spike,2,moderate,1,1358.321923582699,True,0.0,1.0,
HOW-profile+z(slot),Hog_office_Garrett,125,spike,1,subtle,5,1923.2920380500757,True,1.0,0.8,
HOW-profile+z(slot),Hog_office_Garrett,125,drift,1,subtle,192,9343.256500347154,True,38.0,0.16666666666666666,
HOW-profile+z(slot),Hog_office_Garrett,125,drift,3,obvious,192,38185.77099119585,True,4.0,0.4895833333333333,
HOW-profile+z(slot),Hog_office_Garrett,125,spike,1,subtle,5,2007.8707973715864,True,2.0,0.6,
HOW-profile+z(slot),Hog_office_Lavon,125,spike,1,subtle,1,1899.2445559390694,True,0.0,1.0,
HOW-profile+z(slot),Hog_office_Lavon,125,schedule,3,obvious,144,551.1258275222517,False,,0.0,
HOW-profile+z(slot),Hog_office_Lavon,125,schedule,2,moderate,72,28.97657684753743,False,,0.0,
HOW-profile+z(slot),Hog_office_Lavon,125,spike,1,subtle,1,1451.4329425254064,True,0.0,1.0,
HOW-profile+z(slot),Hog_office_Lavon,125,spike,1,subtle,3,2051.267962265602,True,1.0,0.6666666666666666,
HOW-profile+z(slot),Hog_office_Lavon,125,spike,2,moderate,1,2651.549822779352,False,,0.0,
HOW-profile+z(slot),Hog_office_Merilyn,125,schedule,3,obvious,192,182.75521306496756,False,,0.0,
HOW-profile+z(slot),Hog_office_Merilyn,125,drift,2,moderate,144,1169.519183928402,True,110.0,0.18055555555555555,
HOW-profile+z(slot),Hog_office_Merilyn,125,spike,3,obvious,2,68.9364713067383,True,1.0,0.5,
HOW-profile+z(slot),Hog_office_Merilyn,125,drift,3,obvious,240,4985.299664411465,True,69.0,0.1,
HOW-profile+z(slot),Hog_office_Merilyn,125,drift,1,subtle,240,835.1560058605207,True,232.0,0.004166666666666667,
HOW-profile+z(slot),Hog_office_Merilyn,125,spike,3,obvious,1,84.91700938866047,True,0.0,1.0,
HOW-profile+z(slot),Hog_office_Miriam,125,schedule,3,obvious,168,579.523393038525,True,130.0,0.023809523809523808,
HOW-profile+z(slot),Hog_office_Miriam,125,spike,3,obvious,5,157.02585229495435,True,1.0,0.8,
HOW-profile+z(slot),Hog_office_Miriam,125,spike,1,subtle,5,62.78051802257753,True,3.0,0.4,
HOW-profile+z(slot),Hog_office_Miriam,125,schedule,3,obvious,96,157.6681316218665,False,,0.0,
HOW-profile+z(slot),Hog_office_Miriam,125,spike,2,moderate,2,44.26055572448596,True,1.0,0.5,
HOW-profile+z(slot),Hog_office_Miriam,125,schedule,2,moderate,192,28.056166232973396,True,3.0,0.015625,
HOW-profile+z(slot),Hog_office_Napoleon,125,drift,2,moderate,144,4716.952247147733,True,48.0,0.125,
HOW-profile+z(slot),Hog_office_Napoleon,125,spike,1,subtle,2,137.95448590699337,True,1.0,0.5,
HOW-profile+z(slot),Hog_office_Napoleon,125,schedule,3,obvious,168,1082.6103935191493,True,45.0,0.011904761904761904,
HOW-profile+z(slot),Hog_office_Napoleon,125,spike,3,obvious,1,273.71167561006234,True,0.0,1.0,
HOW-profile+z(slot),Hog_office_Napoleon,125,spike,3,obvious,3,412.9367145410827,True,1.0,0.6666666666666666,
HOW-profile+z(slot),Hog_office_Napoleon,125,spike,1,subtle,2,120.95556051409783,True,1.0,0.5,
HOW-profile+z(slot),Hog_office_Shawna,125,spike,1,subtle,2,313.6379115139518,True,1.0,0.5,
HOW-profile+z(slot),Hog_office_Shawna,125,schedule,1,subtle,120,16.141511134777772,True,98.0,0.008333333333333333,
HOW-profile+z(slot),Hog_office_Shawna,125,spike,2,moderate,3,683.8372554129211,True,1.0,0.6666666666666666,
HOW-profile+z(slot),Hog_office_Shawna,125,schedule,3,obvious,120,3559.624181799263,True,0.0,0.35833333333333334,
HOW-profile+z(slot),Hog_office_Shawna,125,schedule,2,moderate,144,2117.593778393931,True,8.0,0.2569444444444444,
HOW-profile+z(slot),Hog_office_Shawna,125,spike,1,subtle,4,454.5232692677954,False,,0.0,
HOW-profile+z(slot),Hog_office_Shawnna,125,schedule,2,moderate,168,2552.153783435699,True,10.0,0.20238095238095238,
HOW-profile+z(slot),Hog_office_Shawnna,125,spike,2,moderate,1,979.2760644445437,True,0.0,1.0,
HOW-profile+z(slot),Hog_office_Shawnna,125,spike,3,obvious,4,2905.0130249591653,True,1.0,0.75,
HOW-profile+z(slot),Hog_office_Shawnna,125,schedule,2,moderate,96,2594.702781314817,True,15.0,0.19791666666666666,
HOW-profile+z(slot),Hog_office_Shawnna,125,spike,2,moderate,5,1926.5792375601536,False,,0.0,
HOW-profile+z(slot),Hog_office_Shawnna,125,schedule,3,obvious,216,6193.786109199689,True,0.0,0.2361111111111111,
HOW-profile+z(slot),Hog_office_Sherrie,125,spike,1,subtle,2,67.78790463192944,False,,0.0,
HOW-profile+z(slot),Hog_office_Sherrie,125,drift,2,moderate,312,5893.056392735663,True,5.0,0.483974358974359,
HOW-profile+z(slot),Hog_office_Sherrie,125,drift,3,obvious,216,4222.303088303819,True,62.0,0.28703703703703703,
HOW-profile+z(slot),Hog_office_Sherrie,125,drift,3,obvious,240,5690.77195280197,True,35.0,0.6416666666666667,
HOW-profile+z(slot),Hog_office_Sherrie,125,drift,2,moderate,168,1160.5145644277036,False,,0.0,
HOW-profile+z(slot),Hog_office_Sherrie,125,spike,3,obvious,1,200.1296932408524,True,0.0,1.0,
HOW-profile+z(slot),Hog_office_Shon,125,spike,1,subtle,5,216.7285392605703,False,,0.0,
HOW-profile+z(slot),Hog_office_Shon,125,drift,2,moderate,120,2000.517973275528,True,69.0,0.10833333333333334,
HOW-profile+z(slot),Hog_office_Shon,125,drift,3,obvious,312,21736.11668917782,True,10.0,0.5608974358974359,
HOW-profile+z(slot),Hog_office_Shon,125,spike,3,obvious,5,435.00855328869727,True,1.0,0.8,
HOW-profile+z(slot),Hog_office_Shon,125,spike,2,moderate,2,137.69489830862938,True,1.0,0.5,
HOW-profile+z(slot),Hog_office_Shon,125,spike,3,obvious,2,215.0601984522419,True,1.0,0.5,
HOW-profile+z(slot),Hog_office_Sydney,125,drift,1,subtle,312,10090.72902848742,True,139.0,0.016025641025641024,
HOW-profile+z(slot),Hog_office_Sydney,125,drift,3,obvious,192,11552.378159444106,True,30.0,0.71875,
HOW-profile+z(slot),Hog_office_Sydney,125,spike,1,subtle,2,107.40101118162318,True,1.0,0.5,
HOW-profile+z(slot),Hog_office_Sydney,125,drift,1,subtle,144,1436.3776215795922,True,22.0,0.1388888888888889,
HOW-profile+z(slot),Hog_office_Sydney,125,spike,1,subtle,3,120.35248606515015,False,,0.0,
HOW-profile+z(slot),Hog_office_Sydney,125,spike,1,subtle,3,134.44551911738682,True,1.0,0.6666666666666666,
HOW-profile+z(slot),Hog_office_Valda,125,drift,1,subtle,240,661.3711408953283,False,,0.0,
HOW-profile+z(slot),Hog_office_Valda,125,schedule,2,moderate,168,82.79700716384005,False,,0.0,
HOW-profile+z(slot),Hog_office_Valda,125,spike,2,moderate,4,173.4631733998353,False,,0.0,
HOW-profile+z(slot),Hog_office_Valda,125,drift,2,moderate,264,2769.782873715905,True,11.0,0.4318181818181818,
HOW-profile+z(slot),Hog_office_Valda,125,spike,1,subtle,3,91.82340690935975,True,2.0,0.3333333333333333,
HOW-profile+z(slot),Hog_office_Valda,125,spike,3,obvious,1,143.2802443165958,True,0.0,1.0,
HOW-profile+z(slot),Lamb_education_Armando,125,schedule,3,obvious,120,1.1934745829660691,True,99.0,0.016666666666666666,
HOW-profile+z(slot),Lamb_education_Armando,125,spike,3,obvious,2,399.74267508277626,True,1.0,0.5,
HOW-profile+z(slot),Lamb_education_Armando,125,spike,1,subtle,1,181.88666623841328,True,0.0,1.0,
HOW-profile+z(slot),Lamb_education_Armando,125,spike,2,moderate,3,311.1701632346293,True,1.0,0.6666666666666666,
HOW-profile+z(slot),Lamb_education_Armando,125,drift,3,obvious,216,4189.596198085895,True,8.0,0.4583333333333333,
HOW-profile+z(slot),Lamb_education_Armando,125,spike,2,moderate,3,298.4435139285549,True,1.0,0.6666666666666666,
HOW-profile+z(slot),Lamb_education_Eula,125,spike,1,subtle,1,6.690699674565021,True,0.0,1.0,
HOW-profile+z(slot),Lamb_education_Eula,125,drift,2,moderate,240,84.1414837512204,True,17.0,0.07083333333333333,
HOW-profile+z(slot),Lamb_education_Eula,125,drift,2,moderate,168,44.64918931234279,True,0.0,0.03571428571428571,
HOW-profile+z(slot),Lamb_education_Eula,125,spike,1,subtle,4,10.101430544618829,False,,0.0,
HOW-profile+z(slot),Lamb_education_Eula,125,drift,3,obvious,120,39.955048544124566,True,0.0,0.375,
HOW-profile+z(slot),Lamb_education_Eula,125,spike,3,obvious,3,22.257380646063886,True,1.0,0.6666666666666666,
HOW-profile+z(slot),Lamb_education_Lazaro,125,drift,1,subtle,168,199.56667718910816,False,,0.0,
HOW-profile+z(slot),Lamb_education_Lazaro,125,spike,1,subtle,3,146.2616500912896,True,1.0,0.6666666666666666,
HOW-profile+z(slot),Lamb_education_Lazaro,125,spike,3,obvious,4,445.1755338537366,True,1.0,0.75,
HOW-profile+z(slot),Lamb_education_Lazaro,125,drift,2,moderate,264,2062.639357213663,False,,0.0,
HOW-profile+z(slot),Lamb_education_Lazaro,125,drift,1,subtle,192,416.463144323934,False,,0.0,
HOW-profile+z(slot),Lamb_education_Lazaro,125,drift,1,subtle,216,491.99455646137983,False,,0.0,
HOW-profile+z(slot),Lamb_education_Lucas,125,drift,2,moderate,120,119.5016707324252,True,3.0,0.09166666666666666,
HOW-profile+z(slot),Lamb_education_Lucas,125,spike,2,moderate,4,64.4787362913023,True,1.0,0.75,
HOW-profile+z(slot),Lamb_education_Lucas,125,spike,3,obvious,1,60.67999960371594,True,0.0,1.0,
HOW-profile+z(slot),Lamb_education_Lucas,125,schedule,3,obvious,72,15.547596446667187,True,39.0,0.041666666666666664,
HOW-profile+z(slot),Lamb_education_Lucas,125,drift,1,subtle,240,204.83694269880996,True,10.0,0.09583333333333334,
HOW-profile+z(slot),Lamb_education_Lucas,125,spike,3,obvious,5,123.35494196224937,True,1.0,0.8,
HOW-profile+z(slot),Lamb_education_Mae,125,schedule,3,obvious,192,707.7055646019003,False,,0.0,
HOW-profile+z(slot),Lamb_education_Mae,125,spike,2,moderate,4,434.5193321882207,True,2.0,0.5,
HOW-profile+z(slot),Lamb_education_Mae,125,drift,3,obvious,168,4279.320062963822,True,7.0,0.49404761904761907,
HOW-profile+z(slot),Lamb_education_Mae,125,spike,1,subtle,5,416.061573940696,True,1.0,0.8,
HOW-profile+z(slot),Lamb_education_Mae,125,drift,1,subtle,144,877.5414005948726,False,,0.0,
HOW-profile+z(slot),Lamb_education_Mae,125,drift,2,moderate,144,1987.2812368441187,True,44.0,0.2152777777777778,
HOW-profile+z(slot),Lamb_education_Williams,125,drift,2,moderate,192,993.7413147792987,True,10.0,0.4114583333333333,
HOW-profile+z(slot),Lamb_education_Williams,125,spike,1,subtle,5,265.7690347821638,True,1.0,0.8,
HOW-profile+z(slot),Lamb_education_Williams,125,spike,2,moderate,2,234.79118643839578,True,1.0,0.5,
HOW-profile+z(slot),Lamb_education_Williams,125,spike,3,obvious,3,445.97474150476165,True,1.0,0.6666666666666666,
HOW-profile+z(slot),Lamb_education_Williams,125,schedule,3,obvious,120,206.46617688107503,True,5.0,0.16666666666666666,
HOW-profile+z(slot),Lamb_education_Williams,125,spike,2,moderate,1,228.2045694366033,True,0.0,1.0,
HOW-profile+z(slot),Lamb_office_Caitlin,125,schedule,3,obvious,120,387.3312010228129,False,,0.0,
HOW-profile+z(slot),Lamb_office_Caitlin,125,drift,2,moderate,264,1503.7557897394063,True,101.0,0.0946969696969697,
HOW-profile+z(slot),Lamb_office_Caitlin,125,drift,3,obvious,288,3186.0441444924627,True,35.0,0.2847222222222222,
HOW-profile+z(slot),Lamb_office_Caitlin,125,drift,2,moderate,168,656.6603062278259,False,,0.0,
HOW-profile+z(slot),Lamb_office_Caitlin,125,spike,2,moderate,2,275.7887601997688,True,1.0,0.5,
HOW-profile+z(slot),Lamb_office_Caitlin,125,spike,2,moderate,3,394.2911673996349,True,1.0,0.6666666666666666,
HOW-profile+z(slot),Lamb_office_Velma,125,spike,3,obvious,4,835.24176345517,True,1.0,0.75,
HOW-profile+z(slot),Lamb_office_Velma,125,spike,2,moderate,4,488.9701505503433,True,1.0,0.75,
HOW-profile+z(slot),Lamb_office_Velma,125,drift,1,subtle,120,977.7376980269868,False,,0.0,
HOW-profile+z(slot),Lamb_office_Velma,125,drift,2,moderate,264,11288.878643994793,True,25.0,0.38636363636363635,
HOW-profile+z(slot),Lamb_office_Velma,125,spike,2,moderate,3,407.53838309396895,True,1.0,0.6666666666666666,
HOW-profile+z(slot),Lamb_office_Velma,125,spike,2,moderate,4,531.175643613273,True,1.0,0.75,
HOW-profile+z(slot),Rat_retail_Jeffrey,125,spike,1,subtle,4,274.0071717515276,True,3.0,0.25,
HOW-profile+z(slot),Rat_retail_Jeffrey,125,drift,2,moderate,240,5848.782780325441,True,3.0,0.32083333333333336,
HOW-profile+z(slot),Rat_retail_Jeffrey,125,spike,2,moderate,5,605.3830290267529,True,3.0,0.4,
HOW-profile+z(slot),Rat_retail_Jeffrey,125,spike,1,subtle,4,237.823478890623,True,2.0,0.5,
HOW-profile+z(slot),Rat_retail_Jeffrey,125,spike,3,obvious,1,329.0382503598847,True,0.0,1.0,
HOW-profile+z(slot),Rat_retail_Jeffrey,125,spike,2,moderate,4,448.5396392666252,True,1.0,0.75,
HOW-profile+z(slot),Robin_education_Zenia,125,spike,2,moderate,5,318.0746005878816,True,1.0,0.8,
HOW-profile+z(slot),Robin_education_Zenia,125,drift,1,subtle,288,7684.58034520667,True,5.0,0.1284722222222222,
HOW-profile+z(slot),Robin_education_Zenia,125,spike,1,subtle,4,221.19370506177228,True,0.0,1.0,
HOW-profile+z(slot),Robin_education_Zenia,125,spike,1,subtle,2,115.38557172702771,False,,0.0,
HOW-profile+z(slot),Robin_education_Zenia,125,drift,1,subtle,288,7316.344667072699,True,4.0,0.13194444444444445,
HOW-profile+z(slot),Robin_education_Zenia,125,spike,2,moderate,1,182.6560142466909,True,0.0,1.0,
HOW-profile+z(slot),Robin_office_Dina,125,schedule,3,obvious,216,169.6877846016588,True,54.0,0.009259259259259259,
HOW-profile+z(slot),Robin_office_Dina,125,drift,3,obvious,168,2676.149080501228,True,14.0,0.4523809523809524,
HOW-profile+z(slot),Robin_office_Dina,125,spike,3,obvious,3,109.70001649846563,True,1.0,0.6666666666666666,
HOW-profile+z(slot),Robin_office_Dina,125,drift,1,subtle,192,557.1814272127779,True,33.0,0.020833333333333332,
HOW-profile+z(slot),Robin_office_Dina,125,spike,1,subtle,5,72.51704449816964,True,2.0,0.6,
HOW-profile+z(slot),Robin_office_Dina,125,schedule,3,obvious,120,128.57224582658398,True,20.0,0.041666666666666664,
HOW-profile+z(slot),Robin_office_Sammie,125,drift,3,obvious,264,18298.902736260905,True,13.0,0.32575757575757575,
HOW-profile+z(slot),Robin_office_Sammie,125,schedule,2,moderate,192,18.074637820832336,True,179.0,0.005208333333333333,
HOW-profile+z(slot),Robin_office_Sammie,125,spike,3,obvious,1,204.63879598031215,True,0.0,1.0,
HOW-profile+z(slot),Robin_office_Sammie,125,drift,2,moderate,168,4294.326389896674,True,45.0,0.35119047619047616,
HOW-profile+z(slot),Robin_office_Sammie,125,drift,2,moderate,192,4966.157305493951,False,,0.0,
HOW-profile+z(slot),Robin_office_Sammie,125,spike,1,subtle,4,174.44843902348026,False,,0.0,
HOW-profile+z(slot),Shrew_office_Doris,125,drift,1,subtle,120,1082.0083293285486,False,,0.0,
HOW-profile+z(slot),Shrew_office_Doris,125,spike,3,obvious,1,461.5699763173361,True,0.0,1.0,
HOW-profile+z(slot),Shrew_office_Doris,125,spike,1,subtle,2,241.8652026947672,True,1.0,0.5,
HOW-profile+z(slot),Shrew_office_Doris,125,drift,2,moderate,288,18382.782475357173,True,16.0,0.3784722222222222,
HOW-profile+z(slot),Shrew_office_Doris,125,schedule,3,obvious,72,48.69158738777398,False,,0.0,
HOW-profile+z(slot),Shrew_office_Doris,125,schedule,3,obvious,96,120.65365213163807,False,,0.0,
HOW-profile+z(slot),Shrew_office_Ila,125,drift,3,obvious,120,4980.057438458025,True,24.0,0.5833333333333334,
HOW-profile+z(slot),Shrew_office_Ila,125,spike,3,obvious,3,466.4077483285107,True,1.0,0.6666666666666666,
HOW-profile+z(slot),Shrew_office_Ila,125,drift,1,subtle,192,3942.6429638529935,True,0.0,0.7447916666666666,
HOW-profile+z(slot),Shrew_office_Ila,125,spike,1,subtle,2,152.98568731421085,False,,0.0,
HOW-profile+z(slot),Shrew_office_Ila,125,spike,2,moderate,2,250.3241169224834,True,1.0,0.5,
HOW-profile+z(slot),Shrew_office_Ila,125,spike,1,subtle,2,122.0473460947881,True,1.0,0.5,
HOW-profile+z(slot),Shrew_office_Kenneth,125,schedule,2,moderate,96,45.06488055035239,False,,0.0,
HOW-profile+z(slot),Shrew_office_Kenneth,125,schedule,3,obvious,144,223.94966667746283,False,,0.0,
HOW-profile+z(slot),Shrew_office_Kenneth,125,spike,1,subtle,2,57.50642214860222,True,1.0,0.5,
HOW-profile+z(slot),Shrew_office_Kenneth,125,drift,3,obvious,240,4470.540824718164,True,22.0,0.6916666666666667,
HOW-profile+z(slot),Shrew_office_Kenneth,125,spike,1,subtle,5,148.21042491794591,True,3.0,0.4,
HOW-profile+z(slot),Shrew_office_Kenneth,125,drift,3,obvious,168,2316.4706616493195,True,25.0,0.8214285714285714,
HOW-profile+z(slot),Shrew_office_Nora,125,schedule,3,obvious,216,4514.662713075832,True,0.0,0.38425925925925924,
HOW-profile+z(slot),Shrew_office_Nora,125,spike,1,subtle,5,492.7539341376733,True,0.0,1.0,
HOW-profile+z(slot),Shrew_office_Nora,125,spike,1,subtle,3,346.1721874953224,False,,0.0,
HOW-profile+z(slot),Shrew_office_Nora,125,spike,1,subtle,2,230.5830463599992,True,1.0,0.5,
HOW-profile+z(slot),Shrew_office_Nora,125,drift,1,subtle,264,7615.654361754455,True,16.0,0.23484848484848486,
HOW-profile+z(slot),Shrew_office_Nora,125,spike,2,moderate,5,936.2217800892317,False,,0.0,
HOW-profile+z(slot),Shrew_office_Sherill,125,spike,1,subtle,4,866.5897262353003,True,1.0,0.75,
HOW-profile+z(slot),Shrew_office_Sherill,125,drift,3,obvious,216,29783.352961436343,True,8.0,0.7175925925925926,
HOW-profile+z(slot),Shrew_office_Sherill,125,spike,2,moderate,3,856.8929742368821,True,2.0,0.3333333333333333,
HOW-profile+z(slot),Shrew_office_Sherill,125,spike,3,obvious,2,1071.2140890613477,True,1.0,0.5,
HOW-profile+z(slot),Shrew_office_Sherill,125,spike,3,obvious,5,2463.4614158129157,True,1.0,0.8,
HOW-profile+z(slot),Shrew_office_Sherill,125,drift,1,subtle,192,6998.702088032382,True,51.0,0.4114583333333333,
HOW-profile+z(slot),Wolf_office_Darleen,125,drift,2,moderate,120,604.8468589549041,True,54.0,0.125,
HOW-profile+z(slot),Wolf_office_Darleen,125,drift,2,moderate,120,809.9907742251621,True,69.0,0.125,
HOW-profile+z(slot),Wolf_office_Darleen,125,spike,1,subtle,3,122.46553220229873,True,1.0,0.6666666666666666,
HOW-profile+z(slot),Wolf_office_Darleen,125,spike,1,subtle,3,108.23648906363294,True,1.0,0.6666666666666666,
HOW-profile+z(slot),Wolf_office_Darleen,125,spike,2,moderate,3,163.1594691481757,True,1.0,0.6666666666666666,
HOW-profile+z(slot),Wolf_office_Darleen,125,schedule,3,obvious,192,273.8121535500858,False,,0.0,
HOW-profile+z(slot),Wolf_retail_Harriett,125,schedule,2,moderate,216,142.5025617723444,True,13.0,0.1111111111111111,
HOW-profile+z(slot),Wolf_retail_Harriett,125,spike,2,moderate,3,172.0596117916607,True,0.0,1.0,
HOW-profile+z(slot),Wolf_retail_Harriett,125,spike,3,obvious,2,178.4149864623138,True,1.0,0.5,
HOW-profile+z(slot),Wolf_retail_Harriett,125,schedule,3,obvious,168,658.908355179765,True,12.0,0.24404761904761904,
HOW-profile+z(slot),Wolf_retail_Harriett,125,schedule,1,subtle,192,5.625535634244642,True,19.0,0.06770833333333333,
HOW-profile+z(slot),Wolf_retail_Harriett,125,schedule,2,moderate,144,9.462371733532182,True,0.0,0.0763888888888889,
HOW-profile+z(slot),Wolf_retail_Marcella,125,drift,2,moderate,288,742.5704258791877,True,8.0,0.024305555555555556,
HOW-profile+z(slot),Wolf_retail_Marcella,125,spike,2,moderate,4,32.739046582217696,True,1.0,0.75,
HOW-profile+z(slot),Wolf_retail_Marcella,125,spike,3,obvious,4,55.581626180626806,False,,0.0,
HOW-profile+z(slot),Wolf_retail_Marcella,125,drift,3,obvious,144,366.00807132346256,True,127.0,0.013888888888888888,
HOW-profile+z(slot),Wolf_retail_Marcella,125,schedule,3,obvious,120,26.339615339195092,False,,0.0,
HOW-profile+z(slot),Wolf_retail_Marcella,125,spike,1,subtle,5,25.69306637295704,False,,0.0,
HOW-profile+z(slot),Wolf_retail_Toshia,125,spike,2,moderate,3,362.2002037670109,True,1.0,0.6666666666666666,
HOW-profile+z(slot),Wolf_retail_Toshia,125,spike,3,obvious,4,937.5253054435932,True,0.0,1.0,
HOW-profile+z(slot),Wolf_retail_Toshia,125,drift,2,moderate,240,4174.144085798001,True,41.0,0.17916666666666667,
HOW-profile+z(slot),Wolf_retail_Toshia,125,spike,1,subtle,3,225.5825258936449,True,1.0,0.6666666666666666,
HOW-profile+z(slot),Wolf_retail_Toshia,125,schedule,3,obvious,96,70.7135913640611,True,15.0,0.052083333333333336,
HOW-profile+z(slot),Wolf_retail_Toshia,125,drift,2,moderate,144,1585.0846732926336,True,46.0,0.1875,
Autoencoder(t),Fox_education_Henrietta,125,drift,3,obvious,120,543.6776343474405,True,17.0,0.058333333333333334,
Autoencoder(t),Fox_education_Henrietta,125,drift,3,obvious,240,2141.019036959888,True,19.0,0.2708333333333333,
Autoencoder(t),Fox_education_Henrietta,125,drift,1,subtle,288,476.4946025631397,True,8.0,0.04861111111111111,
Autoencoder(t),Fox_education_Henrietta,125,spike,1,subtle,4,62.13982155094737,False,,0.0,
Autoencoder(t),Fox_education_Henrietta,125,spike,2,moderate,5,140.44990776891177,False,,0.0,
Autoencoder(t),Fox_education_Henrietta,125,spike,1,subtle,5,66.13491765552413,True,3.0,0.4,
Autoencoder(t),Fox_retail_Manie,125,schedule,3,obvious,144,368.04709591272024,True,6.0,0.10416666666666667,
Autoencoder(t),Fox_retail_Manie,125,spike,1,subtle,1,123.19706914419866,False,,0.0,
Autoencoder(t),Fox_retail_Manie,125,spike,2,moderate,5,421.05161512855886,True,2.0,0.6,
Autoencoder(t),Fox_retail_Manie,125,drift,3,obvious,240,8151.129348647555,True,160.0,0.11666666666666667,
Autoencoder(t),Fox_retail_Manie,125,spike,1,subtle,1,120.95524489933428,True,0.0,1.0,
Autoencoder(t),Fox_retail_Manie,125,schedule,3,obvious,192,426.66194710076456,True,6.0,0.015625,
Autoencoder(t),Hog_education_Bruno,125,spike,1,subtle,5,400.40328920967283,True,3.0,0.2,
Autoencoder(t),Hog_education_Bruno,125,drift,1,subtle,288,10943.930462314776,True,23.0,0.2152777777777778,
Autoencoder(t),Hog_education_Bruno,125,drift,3,obvious,168,19882.024337608516,True,7.0,0.625,
Autoencoder(t),Hog_education_Bruno,125,schedule,3,obvious,96,3.769674119454777,True,47.0,0.03125,
Autoencoder(t),Hog_education_Bruno,125,spike,3,obvious,1,404.27360964432347,True,0.0,1.0,
Autoencoder(t),Hog_education_Bruno,125,spike,2,moderate,3,327.13560661465135,True,2.0,0.3333333333333333,
Autoencoder(t),Hog_education_Caridad,125,drift,1,subtle,216,28386.38275238724,True,9.0,0.06018518518518518,
Autoencoder(t),Hog_education_Caridad,125,schedule,3,obvious,168,40300.39042463366,True,9.0,0.08333333333333333,
Autoencoder(t),Hog_education_Caridad,125,drift,2,moderate,120,28596.337097434516,True,22.0,0.15833333333333333,
Autoencoder(t),Hog_education_Caridad,125,spike,1,subtle,3,3615.9659871725003,True,2.0,0.3333333333333333,
Autoencoder(t),Hog_education_Caridad,125,schedule,2,moderate,216,9175.068368269809,True,10.0,0.08796296296296297,
Autoencoder(t),Hog_education_Caridad,125,spike,3,obvious,4,14222.668954687539,True,1.0,0.75,
Autoencoder(t),Hog_education_Josh,125,drift,3,obvious,144,7730.505083483085,True,23.0,0.2777777777777778,
Autoencoder(t),Hog_education_Josh,125,schedule,3,obvious,72,11.784679011288034,True,0.0,0.2638888888888889,
Autoencoder(t),Hog_education_Josh,125,spike,1,subtle,5,575.7182019786903,True,3.0,0.2,
Autoencoder(t),Hog_education_Josh,125,spike,1,subtle,1,242.4107462956211,True,0.0,1.0,
Autoencoder(t),Hog_education_Josh,125,drift,2,moderate,216,11163.141504512632,True,1.0,0.3194444444444444,
Autoencoder(t),Hog_education_Josh,125,spike,1,subtle,4,389.0732811986469,True,2.0,0.5,
Autoencoder(t),Hog_education_Luvenia,125,schedule,3,obvious,216,78.81606669111721,True,0.0,0.11574074074074074,
Autoencoder(t),Hog_education_Luvenia,125,spike,3,obvious,1,701.6027863582609,True,0.0,1.0,
Autoencoder(t),Hog_education_Luvenia,125,schedule,3,obvious,144,243.05596690490262,True,18.0,0.05555555555555555,
Autoencoder(t),Hog_education_Luvenia,125,drift,1,subtle,240,15728.352545379583,True,20.0,0.19166666666666668,
Autoencoder(t),Hog_education_Luvenia,125,spike,1,subtle,4,601.5568549222517,True,2.0,0.25,
Autoencoder(t),Hog_education_Luvenia,125,spike,3,obvious,3,1008.5508595886322,True,1.0,0.6666666666666666,
Autoencoder(t),Hog_office_Almeda,125,schedule,3,obvious,144,920.7290323005243,True,6.0,0.0763888888888889,
Autoencoder(t),Hog_office_Almeda,125,spike,1,subtle,1,97.60946352752082,False,,0.0,
Autoencoder(t),Hog_office_Almeda,125,drift,3,obvious,120,2352.246882309896,True,18.0,0.13333333333333333,
Autoencoder(t),Hog_office_Almeda,125,drift,3,obvious,168,4911.399663120952,True,47.0,0.3273809523809524,
Autoencoder(t),Hog_office_Almeda,125,drift,3,obvious,240,8255.633995193115,True,7.0,0.30416666666666664,
Autoencoder(t),Hog_office_Almeda,125,spike,2,moderate,4,290.3558219807369,False,,0.0,
Autoencoder(t),Hog_office_Cortney,125,spike,2,moderate,3,421.20877656343674,True,2.0,0.3333333333333333,
Autoencoder(t),Hog_office_Cortney,125,spike,3,obvious,2,402.6129107386708,True,1.0,0.5,
Autoencoder(t),Hog_office_Cortney,125,drift,2,moderate,168,1926.319983944104,True,118.0,0.023809523809523808,
Autoencoder(t),Hog_office_Cortney,125,spike,3,obvious,3,566.8997263540168,True,2.0,0.3333333333333333,
Autoencoder(t),Hog_office_Cortney,125,spike,3,obvious,5,1037.6594788568552,True,3.0,0.4,
Autoencoder(t),Hog_office_Cortney,125,spike,1,subtle,1,177.95406087120688,True,0.0,1.0,
Autoencoder(t),Hog_office_Denita,125,spike,1,subtle,1,104.74801112459913,False,,0.0,
Autoencoder(t),Hog_office_Denita,125,spike,3,obvious,4,461.0964849863213,True,3.0,0.25,
Autoencoder(t),Hog_office_Denita,125,drift,3,obvious,120,2328.7237572547915,True,17.0,0.2,
Autoencoder(t),Hog_office_Denita,125,drift,3,obvious,264,9184.383096629303,True,37.0,0.2689393939393939,
Autoencoder(t),Hog_office_Denita,125,spike,3,obvious,1,240.12967598509266,False,,0.0,
Autoencoder(t),Hog_office_Denita,125,spike,2,moderate,5,370.8999155280089,False,,0.0,
Autoencoder(t),Hog_office_Garrett,125,drift,1,subtle,144,5415.773917719659,True,18.0,0.034722222222222224,
Autoencoder(t),Hog_office_Garrett,125,spike,2,moderate,1,1358.321923582699,True,0.0,1.0,
Autoencoder(t),Hog_office_Garrett,125,spike,1,subtle,5,1923.2920380500757,False,,0.0,
Autoencoder(t),Hog_office_Garrett,125,drift,1,subtle,192,9343.256500347154,True,19.0,0.09375,
Autoencoder(t),Hog_office_Garrett,125,drift,3,obvious,192,38185.77099119585,True,21.0,0.16145833333333334,
Autoencoder(t),Hog_office_Garrett,125,spike,1,subtle,5,2007.8707973715864,True,1.0,0.8,
Autoencoder(t),Hog_office_Lavon,125,spike,1,subtle,1,1899.2445559390694,True,0.0,1.0,
Autoencoder(t),Hog_office_Lavon,125,schedule,3,obvious,144,551.1258275222517,True,4.0,0.0625,
Autoencoder(t),Hog_office_Lavon,125,schedule,2,moderate,72,28.97657684753743,True,35.0,0.08333333333333333,
Autoencoder(t),Hog_office_Lavon,125,spike,1,subtle,1,1451.4329425254064,True,0.0,1.0,
Autoencoder(t),Hog_office_Lavon,125,spike,1,subtle,3,2051.267962265602,True,2.0,0.3333333333333333,
Autoencoder(t),Hog_office_Lavon,125,spike,2,moderate,1,2651.549822779352,False,,0.0,
Autoencoder(t),Hog_office_Merilyn,125,schedule,3,obvious,192,182.75521306496756,True,38.0,0.041666666666666664,
Autoencoder(t),Hog_office_Merilyn,125,drift,2,moderate,144,1169.519183928402,True,75.0,0.1111111111111111,
Autoencoder(t),Hog_office_Merilyn,125,spike,3,obvious,2,68.9364713067383,True,1.0,0.5,
Autoencoder(t),Hog_office_Merilyn,125,drift,3,obvious,240,4985.299664411465,True,28.0,0.29583333333333334,
Autoencoder(t),Hog_office_Merilyn,125,drift,1,subtle,240,835.1560058605207,True,0.0,0.17083333333333334,
Autoencoder(t),Hog_office_Merilyn,125,spike,3,obvious,1,84.91700938866047,True,0.0,1.0,
Autoencoder(t),Hog_office_Miriam,125,schedule,3,obvious,168,579.523393038525,True,19.0,0.02976190476190476,
Autoencoder(t),Hog_office_Miriam,125,spike,3,obvious,5,157.02585229495435,True,3.0,0.4,
Autoencoder(t),Hog_office_Miriam,125,spike,1,subtle,5,62.78051802257753,True,3.0,0.4,
Autoencoder(t),Hog_office_Miriam,125,schedule,3,obvious,96,157.6681316218665,False,,0.0,
Autoencoder(t),Hog_office_Miriam,125,spike,2,moderate,2,44.26055572448596,True,1.0,0.5,
Autoencoder(t),Hog_office_Miriam,125,schedule,2,moderate,192,28.056166232973396,True,2.0,0.125,
Autoencoder(t),Hog_office_Napoleon,125,drift,2,moderate,144,4716.952247147733,True,15.0,0.14583333333333334,
Autoencoder(t),Hog_office_Napoleon,125,spike,1,subtle,2,137.95448590699337,True,1.0,0.5,
Autoencoder(t),Hog_office_Napoleon,125,schedule,3,obvious,168,1082.6103935191493,True,6.0,0.05952380952380952,
Autoencoder(t),Hog_office_Napoleon,125,spike,3,obvious,1,273.71167561006234,True,0.0,1.0,
Autoencoder(t),Hog_office_Napoleon,125,spike,3,obvious,3,412.9367145410827,True,1.0,0.6666666666666666,
Autoencoder(t),Hog_office_Napoleon,125,spike,1,subtle,2,120.95556051409783,True,1.0,0.5,
Autoencoder(t),Hog_office_Shawna,125,spike,1,subtle,2,313.6379115139518,True,1.0,0.5,
Autoencoder(t),Hog_office_Shawna,125,schedule,1,subtle,120,16.141511134777772,True,91.0,0.05,
Autoencoder(t),Hog_office_Shawna,125,spike,2,moderate,3,683.8372554129211,True,2.0,0.3333333333333333,
Autoencoder(t),Hog_office_Shawna,125,schedule,3,obvious,120,3559.624181799263,True,11.0,0.058333333333333334,
Autoencoder(t),Hog_office_Shawna,125,schedule,2,moderate,144,2117.593778393931,True,27.0,0.027777777777777776,
Autoencoder(t),Hog_office_Shawna,125,spike,1,subtle,4,454.5232692677954,False,,0.0,
Autoencoder(t),Hog_office_Shawnna,125,schedule,2,moderate,168,2552.153783435699,True,3.0,0.023809523809523808,
Autoencoder(t),Hog_office_Shawnna,125,spike,2,moderate,1,979.2760644445437,True,0.0,1.0,
Autoencoder(t),Hog_office_Shawnna,125,spike,3,obvious,4,2905.0130249591653,True,2.0,0.5,
Autoencoder(t),Hog_office_Shawnna,125,schedule,2,moderate,96,2594.702781314817,True,21.0,0.0625,
Autoencoder(t),Hog_office_Shawnna,125,spike,2,moderate,5,1926.5792375601536,False,,0.0,
Autoencoder(t),Hog_office_Shawnna,125,schedule,3,obvious,216,6193.786109199689,True,34.0,0.06018518518518518,
Autoencoder(t),Hog_office_Sherrie,125,spike,1,subtle,2,67.78790463192944,False,,0.0,
Autoencoder(t),Hog_office_Sherrie,125,drift,2,moderate,312,5893.056392735663,True,2.0,0.27564102564102566,
Autoencoder(t),Hog_office_Sherrie,125,drift,3,obvious,216,4222.303088303819,True,13.0,0.1712962962962963,
Autoencoder(t),Hog_office_Sherrie,125,drift,3,obvious,240,5690.77195280197,True,3.0,0.20416666666666666,
Autoencoder(t),Hog_office_Sherrie,125,drift,2,moderate,168,1160.5145644277036,False,,0.0,
Autoencoder(t),Hog_office_Sherrie,125,spike,3,obvious,1,200.1296932408524,True,0.0,1.0,
Autoencoder(t),Hog_office_Shon,125,spike,1,subtle,5,216.7285392605703,False,,0.0,
Autoencoder(t),Hog_office_Shon,125,drift,2,moderate,120,2000.517973275528,True,26.0,0.14166666666666666,
Autoencoder(t),Hog_office_Shon,125,drift,3,obvious,312,21736.11668917782,True,2.0,0.44551282051282054,
Autoencoder(t),Hog_office_Shon,125,spike,3,obvious,5,435.00855328869727,True,2.0,0.6,
Autoencoder(t),Hog_office_Shon,125,spike,2,moderate,2,137.69489830862938,True,1.0,0.5,
Autoencoder(t),Hog_office_Shon,125,spike,3,obvious,2,215.0601984522419,True,1.0,0.5,
Autoencoder(t),Hog_office_Sydney,125,drift,1,subtle,312,10090.72902848742,True,64.0,0.20833333333333334,
Autoencoder(t),Hog_office_Sydney,125,drift,3,obvious,192,11552.378159444106,True,12.0,0.5104166666666666,
Autoencoder(t),Hog_office_Sydney,125,spike,1,subtle,2,107.40101118162318,True,1.0,0.5,
Autoencoder(t),Hog_office_Sydney,125,drift,1,subtle,144,1436.3776215795922,True,1.0,0.125,
Autoencoder(t),Hog_office_Sydney,125,spike,1,subtle,3,120.35248606515015,True,2.0,0.3333333333333333,
Autoencoder(t),Hog_office_Sydney,125,spike,1,subtle,3,134.44551911738682,True,2.0,0.3333333333333333,
Autoencoder(t),Hog_office_Valda,125,drift,1,subtle,240,661.3711408953283,True,27.0,0.0375,
Autoencoder(t),Hog_office_Valda,125,schedule,2,moderate,168,82.79700716384005,True,15.0,0.03571428571428571,
Autoencoder(t),Hog_office_Valda,125,spike,2,moderate,4,173.4631733998353,False,,0.0,
Autoencoder(t),Hog_office_Valda,125,drift,2,moderate,264,2769.782873715905,True,30.0,0.1856060606060606,
Autoencoder(t),Hog_office_Valda,125,spike,1,subtle,3,91.82340690935975,True,2.0,0.3333333333333333,
Autoencoder(t),Hog_office_Valda,125,spike,3,obvious,1,143.2802443165958,True,0.0,1.0,
Autoencoder(t),Lamb_education_Armando,125,schedule,3,obvious,120,1.1934745829660691,True,11.0,0.24166666666666667,
Autoencoder(t),Lamb_education_Armando,125,spike,3,obvious,2,399.74267508277626,True,1.0,0.5,
Autoencoder(t),Lamb_education_Armando,125,spike,1,subtle,1,181.88666623841328,True,0.0,1.0,
Autoencoder(t),Lamb_education_Armando,125,spike,2,moderate,3,311.1701632346293,True,1.0,0.6666666666666666,
Autoencoder(t),Lamb_education_Armando,125,drift,3,obvious,216,4189.596198085895,True,0.0,0.19907407407407407,
Autoencoder(t),Lamb_education_Armando,125,spike,2,moderate,3,298.4435139285549,True,2.0,0.3333333333333333,
Autoencoder(t),Lamb_education_Eula,125,spike,1,subtle,1,6.690699674565021,False,,0.0,
Autoencoder(t),Lamb_education_Eula,125,drift,2,moderate,240,84.1414837512204,True,5.0,0.1375,
Autoencoder(t),Lamb_education_Eula,125,drift,2,moderate,168,44.64918931234279,True,18.0,0.05357142857142857,
Autoencoder(t),Lamb_education_Eula,125,spike,1,subtle,4,10.101430544618829,False,,0.0,
Autoencoder(t),Lamb_education_Eula,125,drift,3,obvious,120,39.955048544124566,True,7.0,0.225,
Autoencoder(t),Lamb_education_Eula,125,spike,3,obvious,3,22.257380646063886,True,0.0,1.0,
Autoencoder(t),Lamb_education_Lazaro,125,drift,1,subtle,168,199.56667718910816,True,1.0,0.09523809523809523,
Autoencoder(t),Lamb_education_Lazaro,125,spike,1,subtle,3,146.2616500912896,True,2.0,0.3333333333333333,
Autoencoder(t),Lamb_education_Lazaro,125,spike,3,obvious,4,445.1755338537366,True,2.0,0.5,
Autoencoder(t),Lamb_education_Lazaro,125,drift,2,moderate,264,2062.639357213663,True,11.0,0.23484848484848486,
Autoencoder(t),Lamb_education_Lazaro,125,drift,1,subtle,192,416.463144323934,True,0.0,0.203125,
Autoencoder(t),Lamb_education_Lazaro,125,drift,1,subtle,216,491.99455646137983,True,1.0,0.10648148148148148,
Autoencoder(t),Lamb_education_Lucas,125,drift,2,moderate,120,119.5016707324252,True,36.0,0.03333333333333333,
Autoencoder(t),Lamb_education_Lucas,125,spike,2,moderate,4,64.4787362913023,True,1.0,0.75,
Autoencoder(t),Lamb_education_Lucas,125,spike,3,obvious,1,60.67999960371594,True,0.0,1.0,
Autoencoder(t),Lamb_education_Lucas,125,schedule,3,obvious,72,15.547596446667187,True,15.0,0.20833333333333334,
Autoencoder(t),Lamb_education_Lucas,125,drift,1,subtle,240,204.83694269880996,True,0.0,0.17083333333333334,
Autoencoder(t),Lamb_education_Lucas,125,spike,3,obvious,5,123.35494196224937,True,1.0,0.6,
Autoencoder(t),Lamb_education_Mae,125,schedule,3,obvious,192,707.7055646019003,True,61.0,0.036458333333333336,
Autoencoder(t),Lamb_education_Mae,125,spike,2,moderate,4,434.5193321882207,True,3.0,0.25,
Autoencoder(t),Lamb_education_Mae,125,drift,3,obvious,168,4279.320062963822,True,0.0,0.23214285714285715,
Autoencoder(t),Lamb_education_Mae,125,spike,1,subtle,5,416.061573940696,True,4.0,0.2,
Autoencoder(t),Lamb_education_Mae,125,drift,1,subtle,144,877.5414005948726,False,,0.0,
Autoencoder(t),Lamb_education_Mae,125,drift,2,moderate,144,1987.2812368441187,True,70.0,0.1111111111111111,
Autoencoder(t),Lamb_education_Williams,125,drift,2,moderate,192,993.7413147792987,True,25.0,0.13020833333333334,
Autoencoder(t),Lamb_education_Williams,125,spike,1,subtle,5,265.7690347821638,True,3.0,0.2,
Autoencoder(t),Lamb_education_Williams,125,spike,2,moderate,2,234.79118643839578,True,1.0,0.5,
Autoencoder(t),Lamb_education_Williams,125,spike,3,obvious,3,445.97474150476165,True,1.0,0.6666666666666666,
Autoencoder(t),Lamb_education_Williams,125,schedule,3,obvious,120,206.46617688107503,True,65.0,0.13333333333333333,
Autoencoder(t),Lamb_education_Williams,125,spike,2,moderate,1,228.2045694366033,True,0.0,1.0,
Autoencoder(t),Lamb_office_Caitlin,125,schedule,3,obvious,120,387.3312010228129,True,29.0,0.058333333333333334,
Autoencoder(t),Lamb_office_Caitlin,125,drift,2,moderate,264,1503.7557897394063,True,6.0,0.06060606060606061,
Autoencoder(t),Lamb_office_Caitlin,125,drift,3,obvious,288,3186.0441444924627,True,0.0,0.09027777777777778,
Autoencoder(t),Lamb_office_Caitlin,125,drift,2,moderate,168,656.6603062278259,True,3.0,0.15476190476190477,
Autoencoder(t),Lamb_office_Caitlin,125,spike,2,moderate,2,275.7887601997688,True,1.0,0.5,
Autoencoder(t),Lamb_office_Caitlin,125,spike,2,moderate,3,394.2911673996349,True,1.0,0.6666666666666666,
Autoencoder(t),Lamb_office_Velma,125,spike,3,obvious,4,835.24176345517,True,1.0,0.75,
Autoencoder(t),Lamb_office_Velma,125,spike,2,moderate,4,488.9701505503433,True,1.0,0.75,
Autoencoder(t),Lamb_office_Velma,125,drift,1,subtle,120,977.7376980269868,False,,0.0,
Autoencoder(t),Lamb_office_Velma,125,drift,2,moderate,264,11288.878643994793,True,10.0,0.2727272727272727,
Autoencoder(t),Lamb_office_Velma,125,spike,2,moderate,3,407.53838309396895,True,1.0,0.6666666666666666,
Autoencoder(t),Lamb_office_Velma,125,spike,2,moderate,4,531.175643613273,True,2.0,0.5,
Autoencoder(t),Rat_retail_Jeffrey,125,spike,1,subtle,4,274.0071717515276,True,3.0,0.25,
Autoencoder(t),Rat_retail_Jeffrey,125,drift,2,moderate,240,5848.782780325441,True,27.0,0.15,
Autoencoder(t),Rat_retail_Jeffrey,125,spike,2,moderate,5,605.3830290267529,True,1.0,0.8,
Autoencoder(t),Rat_retail_Jeffrey,125,spike,1,subtle,4,237.823478890623,True,3.0,0.25,
Autoencoder(t),Rat_retail_Jeffrey,125,spike,3,obvious,1,329.0382503598847,True,0.0,1.0,
Autoencoder(t),Rat_retail_Jeffrey,125,spike,2,moderate,4,448.5396392666252,True,3.0,0.25,
Autoencoder(t),Robin_education_Zenia,125,spike,2,moderate,5,318.0746005878816,True,3.0,0.4,
Autoencoder(t),Robin_education_Zenia,125,drift,1,subtle,288,7684.58034520667,True,58.0,0.1597222222222222,
Autoencoder(t),Robin_education_Zenia,125,spike,1,subtle,4,221.19370506177228,True,2.0,0.5,
Autoencoder(t),Robin_education_Zenia,125,spike,1,subtle,2,115.38557172702771,True,0.0,1.0,
Autoencoder(t),Robin_education_Zenia,125,drift,1,subtle,288,7316.344667072699,True,10.0,0.3298611111111111,
Autoencoder(t),Robin_education_Zenia,125,spike,2,moderate,1,182.6560142466909,True,0.0,1.0,
Autoencoder(t),Robin_office_Dina,125,schedule,3,obvious,216,169.6877846016588,True,7.0,0.20833333333333334,
Autoencoder(t),Robin_office_Dina,125,drift,3,obvious,168,2676.149080501228,True,20.0,0.47619047619047616,
Autoencoder(t),Robin_office_Dina,125,spike,3,obvious,3,109.70001649846563,True,1.0,0.6666666666666666,
Autoencoder(t),Robin_office_Dina,125,drift,1,subtle,192,557.1814272127779,True,35.0,0.13020833333333334,
Autoencoder(t),Robin_office_Dina,125,spike,1,subtle,5,72.51704449816964,True,3.0,0.4,
Autoencoder(t),Robin_office_Dina,125,schedule,3,obvious,120,128.57224582658398,True,23.0,0.14166666666666666,
Autoencoder(t),Robin_office_Sammie,125,drift,3,obvious,264,18298.902736260905,True,13.0,0.571969696969697,
Autoencoder(t),Robin_office_Sammie,125,schedule,2,moderate,192,18.074637820832336,True,33.0,0.07291666666666667,
Autoencoder(t),Robin_office_Sammie,125,spike,3,obvious,1,204.63879598031215,True,0.0,1.0,
Autoencoder(t),Robin_office_Sammie,125,drift,2,moderate,168,4294.326389896674,True,42.0,0.24404761904761904,
Autoencoder(t),Robin_office_Sammie,125,drift,2,moderate,192,4966.157305493951,True,102.0,0.020833333333333332,
Autoencoder(t),Robin_office_Sammie,125,spike,1,subtle,4,174.44843902348026,True,2.0,0.5,
Autoencoder(t),Shrew_office_Doris,125,drift,1,subtle,120,1082.0083293285486,True,55.0,0.16666666666666666,
Autoencoder(t),Shrew_office_Doris,125,spike,3,obvious,1,461.5699763173361,True,0.0,1.0,
Autoencoder(t),Shrew_office_Doris,125,spike,1,subtle,2,241.8652026947672,True,1.0,0.5,
Autoencoder(t),Shrew_office_Doris,125,drift,2,moderate,288,18382.782475357173,True,16.0,0.23958333333333334,
Autoencoder(t),Shrew_office_Doris,125,schedule,3,obvious,72,48.69158738777398,False,,0.0,
Autoencoder(t),Shrew_office_Doris,125,schedule,3,obvious,96,120.65365213163807,True,47.0,0.010416666666666666,
Autoencoder(t),Shrew_office_Ila,125,drift,3,obvious,120,4980.057438458025,True,13.0,0.3,
Autoencoder(t),Shrew_office_Ila,125,spike,3,obvious,3,466.4077483285107,True,1.0,0.6666666666666666,
Autoencoder(t),Shrew_office_Ila,125,drift,1,subtle,192,3942.6429638529935,True,3.0,0.3229166666666667,
Autoencoder(t),Shrew_office_Ila,125,spike,1,subtle,2,152.98568731421085,False,,0.0,
Autoencoder(t),Shrew_office_Ila,125,spike,2,moderate,2,250.3241169224834,True,1.0,0.5,
Autoencoder(t),Shrew_office_Ila,125,spike,1,subtle,2,122.0473460947881,False,,0.0,
Autoencoder(t),Shrew_office_Kenneth,125,schedule,2,moderate,96,45.06488055035239,True,41.0,0.09375,
Autoencoder(t),Shrew_office_Kenneth,125,schedule,3,obvious,144,223.94966667746283,True,57.0,0.013888888888888888,
Autoencoder(t),Shrew_office_Kenneth,125,spike,1,subtle,2,57.50642214860222,True,1.0,0.5,
Autoencoder(t),Shrew_office_Kenneth,125,drift,3,obvious,240,4470.540824718164,True,35.0,0.325,
Autoencoder(t),Shrew_office_Kenneth,125,spike,1,subtle,5,148.21042491794591,True,3.0,0.4,
Autoencoder(t),Shrew_office_Kenneth,125,drift,3,obvious,168,2316.4706616493195,True,52.0,0.10119047619047619,
Autoencoder(t),Shrew_office_Nora,125,schedule,3,obvious,216,4514.662713075832,True,6.0,0.06018518518518518,
Autoencoder(t),Shrew_office_Nora,125,spike,1,subtle,5,492.7539341376733,True,4.0,0.2,
Autoencoder(t),Shrew_office_Nora,125,spike,1,subtle,3,346.1721874953224,False,,0.0,
Autoencoder(t),Shrew_office_Nora,125,spike,1,subtle,2,230.5830463599992,False,,0.0,
Autoencoder(t),Shrew_office_Nora,125,drift,1,subtle,264,7615.654361754455,True,68.0,0.1590909090909091,
Autoencoder(t),Shrew_office_Nora,125,spike,2,moderate,5,936.2217800892317,False,,0.0,
Autoencoder(t),Shrew_office_Sherill,125,spike,1,subtle,4,866.5897262353003,True,0.0,0.75,
Autoencoder(t),Shrew_office_Sherill,125,drift,3,obvious,216,29783.352961436343,True,9.0,0.3333333333333333,
Autoencoder(t),Shrew_office_Sherill,125,spike,2,moderate,3,856.8929742368821,True,1.0,0.6666666666666666,
Autoencoder(t),Shrew_office_Sherill,125,spike,3,obvious,2,1071.2140890613477,True,0.0,1.0,
Autoencoder(t),Shrew_office_Sherill,125,spike,3,obvious,5,2463.4614158129157,True,2.0,0.6,
Autoencoder(t),Shrew_office_Sherill,125,drift,1,subtle,192,6998.702088032382,True,2.0,0.14583333333333334,
Autoencoder(t),Wolf_office_Darleen,125,drift,2,moderate,120,604.8468589549041,True,21.0,0.10833333333333334,
Autoencoder(t),Wolf_office_Darleen,125,drift,2,moderate,120,809.9907742251621,True,8.0,0.13333333333333333,
Autoencoder(t),Wolf_office_Darleen,125,spike,1,subtle,3,122.46553220229873,True,1.0,0.6666666666666666,
Autoencoder(t),Wolf_office_Darleen,125,spike,1,subtle,3,108.23648906363294,True,2.0,0.3333333333333333,
Autoencoder(t),Wolf_office_Darleen,125,spike,2,moderate,3,163.1594691481757,True,2.0,0.3333333333333333,
Autoencoder(t),Wolf_office_Darleen,125,schedule,3,obvious,192,273.8121535500858,True,3.0,0.0625,
Autoencoder(t),Wolf_retail_Harriett,125,schedule,2,moderate,216,142.5025617723444,True,2.0,0.19444444444444445,
Autoencoder(t),Wolf_retail_Harriett,125,spike,2,moderate,3,172.0596117916607,True,2.0,0.3333333333333333,
Autoencoder(t),Wolf_retail_Harriett,125,spike,3,obvious,2,178.4149864623138,True,1.0,0.5,
Autoencoder(t),Wolf_retail_Harriett,125,schedule,3,obvious,168,658.908355179765,True,50.0,0.08928571428571429,
Autoencoder(t),Wolf_retail_Harriett,125,schedule,1,subtle,192,5.625535634244642,True,12.0,0.09375,
Autoencoder(t),Wolf_retail_Harriett,125,schedule,2,moderate,144,9.462371733532182,True,6.0,0.13194444444444445,
Autoencoder(t),Wolf_retail_Marcella,125,drift,2,moderate,288,742.5704258791877,True,7.0,0.1284722222222222,
Autoencoder(t),Wolf_retail_Marcella,125,spike,2,moderate,4,32.739046582217696,True,2.0,0.5,
Autoencoder(t),Wolf_retail_Marcella,125,spike,3,obvious,4,55.581626180626806,False,,0.0,
Autoencoder(t),Wolf_retail_Marcella,125,drift,3,obvious,144,366.00807132346256,True,34.0,0.10416666666666667,
Autoencoder(t),Wolf_retail_Marcella,125,schedule,3,obvious,120,26.339615339195092,True,5.0,0.19166666666666668,
Autoencoder(t),Wolf_retail_Marcella,125,spike,1,subtle,5,25.69306637295704,True,3.0,0.4,
Autoencoder(t),Wolf_retail_Toshia,125,spike,2,moderate,3,362.2002037670109,True,1.0,0.6666666666666666,
Autoencoder(t),Wolf_retail_Toshia,125,spike,3,obvious,4,937.5253054435932,True,0.0,1.0,
Autoencoder(t),Wolf_retail_Toshia,125,drift,2,moderate,240,4174.144085798001,True,49.0,0.05,
Autoencoder(t),Wolf_retail_Toshia,125,spike,1,subtle,3,225.5825258936449,False,,0.0,
Autoencoder(t),Wolf_retail_Toshia,125,schedule,3,obvious,96,70.7135913640611,True,19.0,0.08333333333333333,
Autoencoder(t),Wolf_retail_Toshia,125,drift,2,moderate,144,1585.0846732926336,True,57.0,0.1527777777777778,
IsolationForest(t),Fox_education_Henrietta,125,drift,3,obvious,120,543.6776343474405,True,20.0,0.16666666666666666,
IsolationForest(t),Fox_education_Henrietta,125,drift,3,obvious,240,2141.019036959888,True,36.0,0.26666666666666666,
IsolationForest(t),Fox_education_Henrietta,125,drift,1,subtle,288,476.4946025631397,True,174.0,0.003472222222222222,
IsolationForest(t),Fox_education_Henrietta,125,spike,1,subtle,4,62.13982155094737,False,,0.0,
IsolationForest(t),Fox_education_Henrietta,125,spike,2,moderate,5,140.44990776891177,False,,0.0,
IsolationForest(t),Fox_education_Henrietta,125,spike,1,subtle,5,66.13491765552413,True,4.0,0.2,
IsolationForest(t),Fox_retail_Manie,125,schedule,3,obvious,144,368.04709591272024,True,6.0,0.1527777777777778,
IsolationForest(t),Fox_retail_Manie,125,spike,1,subtle,1,123.19706914419866,True,0.0,1.0,
IsolationForest(t),Fox_retail_Manie,125,spike,2,moderate,5,421.05161512855886,True,2.0,0.6,
IsolationForest(t),Fox_retail_Manie,125,drift,3,obvious,240,8151.129348647555,True,160.0,0.1,
IsolationForest(t),Fox_retail_Manie,125,spike,1,subtle,1,120.95524489933428,True,0.0,1.0,
IsolationForest(t),Fox_retail_Manie,125,schedule,3,obvious,192,426.66194710076456,False,,0.0,
IsolationForest(t),Hog_education_Bruno,125,spike,1,subtle,5,400.40328920967283,True,2.0,0.6,
IsolationForest(t),Hog_education_Bruno,125,drift,1,subtle,288,10943.930462314776,True,19.0,0.3923611111111111,
IsolationForest(t),Hog_education_Bruno,125,drift,3,obvious,168,19882.024337608516,True,5.0,0.8452380952380952,
IsolationForest(t),Hog_education_Bruno,125,schedule,3,obvious,96,3.769674119454777,False,,0.0,
IsolationForest(t),Hog_education_Bruno,125,spike,3,obvious,1,404.27360964432347,True,0.0,1.0,
IsolationForest(t),Hog_education_Bruno,125,spike,2,moderate,3,327.13560661465135,True,1.0,0.6666666666666666,
IsolationForest(t),Hog_education_Caridad,125,drift,1,subtle,216,28386.38275238724,True,2.0,0.07407407407407407,
IsolationForest(t),Hog_education_Caridad,125,schedule,3,obvious,168,40300.39042463366,True,4.0,0.1488095238095238,
IsolationForest(t),Hog_education_Caridad,125,drift,2,moderate,120,28596.337097434516,True,13.0,0.45,
IsolationForest(t),Hog_education_Caridad,125,spike,1,subtle,3,3615.9659871725003,True,1.0,0.6666666666666666,
IsolationForest(t),Hog_education_Caridad,125,schedule,2,moderate,216,9175.068368269809,True,30.0,0.08796296296296297,
IsolationForest(t),Hog_education_Caridad,125,spike,3,obvious,4,14222.668954687539,True,1.0,0.75,
IsolationForest(t),Hog_education_Josh,125,drift,3,obvious,144,7730.505083483085,True,32.0,0.14583333333333334,
IsolationForest(t),Hog_education_Josh,125,schedule,3,obvious,72,11.784679011288034,True,29.0,0.013888888888888888,
IsolationForest(t),Hog_education_Josh,125,spike,1,subtle,5,575.7182019786903,True,3.0,0.4,
IsolationForest(t),Hog_education_Josh,125,spike,1,subtle,1,242.4107462956211,True,0.0,1.0,
IsolationForest(t),Hog_education_Josh,125,drift,2,moderate,216,11163.141504512632,True,40.0,0.39351851851851855,
IsolationForest(t),Hog_education_Josh,125,spike,1,subtle,4,389.0732811986469,True,2.0,0.5,
IsolationForest(t),Hog_education_Luvenia,125,schedule,3,obvious,216,78.81606669111721,True,0.0,0.1574074074074074,
IsolationForest(t),Hog_education_Luvenia,125,spike,3,obvious,1,701.6027863582609,True,0.0,1.0,
IsolationForest(t),Hog_education_Luvenia,125,schedule,3,obvious,144,243.05596690490262,True,13.0,0.09027777777777778,
IsolationForest(t),Hog_education_Luvenia,125,drift,1,subtle,240,15728.352545379583,True,19.0,0.23333333333333334,
IsolationForest(t),Hog_education_Luvenia,125,spike,1,subtle,4,601.5568549222517,True,3.0,0.25,
IsolationForest(t),Hog_education_Luvenia,125,spike,3,obvious,3,1008.5508595886322,True,1.0,0.6666666666666666,
IsolationForest(t),Hog_office_Almeda,125,schedule,3,obvious,144,920.7290323005243,False,,0.0,
IsolationForest(t),Hog_office_Almeda,125,spike,1,subtle,1,97.60946352752082,True,0.0,1.0,
IsolationForest(t),Hog_office_Almeda,125,drift,3,obvious,120,2352.246882309896,True,13.0,0.25833333333333336,
IsolationForest(t),Hog_office_Almeda,125,drift,3,obvious,168,4911.399663120952,True,44.0,0.4583333333333333,
IsolationForest(t),Hog_office_Almeda,125,drift,3,obvious,240,8255.633995193115,True,7.0,0.4,
IsolationForest(t),Hog_office_Almeda,125,spike,2,moderate,4,290.3558219807369,False,,0.0,
IsolationForest(t),Hog_office_Cortney,125,spike,2,moderate,3,421.20877656343674,True,2.0,0.3333333333333333,
IsolationForest(t),Hog_office_Cortney,125,spike,3,obvious,2,402.6129107386708,True,1.0,0.5,
IsolationForest(t),Hog_office_Cortney,125,drift,2,moderate,168,1926.319983944104,True,89.0,0.07738095238095238,
IsolationForest(t),Hog_office_Cortney,125,spike,3,obvious,3,566.8997263540168,True,2.0,0.3333333333333333,
IsolationForest(t),Hog_office_Cortney,125,spike,3,obvious,5,1037.6594788568552,True,2.0,0.6,
IsolationForest(t),Hog_office_Cortney,125,spike,1,subtle,1,177.95406087120688,True,0.0,1.0,
IsolationForest(t),Hog_office_Denita,125,spike,1,subtle,1,104.74801112459913,True,0.0,1.0,
IsolationForest(t),Hog_office_Denita,125,spike,3,obvious,4,461.0964849863213,True,2.0,0.5,
IsolationForest(t),Hog_office_Denita,125,drift,3,obvious,120,2328.7237572547915,True,17.0,0.5583333333333333,
IsolationForest(t),Hog_office_Denita,125,drift,3,obvious,264,9184.383096629303,True,17.0,0.42045454545454547,
IsolationForest(t),Hog_office_Denita,125,spike,3,obvious,1,240.12967598509266,False,,0.0,
IsolationForest(t),Hog_office_Denita,125,spike,2,moderate,5,370.8999155280089,False,,0.0,
IsolationForest(t),Hog_office_Garrett,125,drift,1,subtle,144,5415.773917719659,False,,0.0,
IsolationForest(t),Hog_office_Garrett,125,spike,2,moderate,1,1358.321923582699,True,0.0,1.0,
IsolationForest(t),Hog_office_Garrett,125,spike,1,subtle,5,1923.2920380500757,True,3.0,0.4,
IsolationForest(t),Hog_office_Garrett,125,drift,1,subtle,192,9343.256500347154,True,77.0,0.07291666666666667,
IsolationForest(t),Hog_office_Garrett,125,drift,3,obvious,192,38185.77099119585,True,16.0,0.08333333333333333,
IsolationForest(t),Hog_office_Garrett,125,spike,1,subtle,5,2007.8707973715864,True,2.0,0.6,
IsolationForest(t),Hog_office_Lavon,125,spike,1,subtle,1,1899.2445559390694,True,0.0,1.0,
IsolationForest(t),Hog_office_Lavon,125,schedule,3,obvious,144,551.1258275222517,False,,0.0,
IsolationForest(t),Hog_office_Lavon,125,schedule,2,moderate,72,28.97657684753743,False,,0.0,
IsolationForest(t),Hog_office_Lavon,125,spike,1,subtle,1,1451.4329425254064,True,0.0,1.0,
IsolationForest(t),Hog_office_Lavon,125,spike,1,subtle,3,2051.267962265602,True,1.0,0.6666666666666666,
IsolationForest(t),Hog_office_Lavon,125,spike,2,moderate,1,2651.549822779352,False,,0.0,
IsolationForest(t),Hog_office_Merilyn,125,schedule,3,obvious,192,182.75521306496756,True,104.0,0.005208333333333333,
IsolationForest(t),Hog_office_Merilyn,125,drift,2,moderate,144,1169.519183928402,True,111.0,0.11805555555555555,
IsolationForest(t),Hog_office_Merilyn,125,spike,3,obvious,2,68.9364713067383,True,1.0,0.5,
IsolationForest(t),Hog_office_Merilyn,125,drift,3,obvious,240,4985.299664411465,True,69.0,0.44583333333333336,
IsolationForest(t),Hog_office_Merilyn,125,drift,1,subtle,240,835.1560058605207,True,19.0,0.20416666666666666,
IsolationForest(t),Hog_office_Merilyn,125,spike,3,obvious,1,84.91700938866047,True,0.0,1.0,
IsolationForest(t),Hog_office_Miriam,125,schedule,3,obvious,168,579.523393038525,True,53.0,0.011904761904761904,
IsolationForest(t),Hog_office_Miriam,125,spike,3,obvious,5,157.02585229495435,True,2.0,0.6,
IsolationForest(t),Hog_office_Miriam,125,spike,1,subtle,5,62.78051802257753,True,2.0,0.6,
IsolationForest(t),Hog_office_Miriam,125,schedule,3,obvious,96,157.6681316218665,False,,0.0,
IsolationForest(t),Hog_office_Miriam,125,spike,2,moderate,2,44.26055572448596,True,1.0,0.5,
IsolationForest(t),Hog_office_Miriam,125,schedule,2,moderate,192,28.056166232973396,True,3.0,0.11458333333333333,
IsolationForest(t),Hog_office_Napoleon,125,drift,2,moderate,144,4716.952247147733,True,23.0,0.19444444444444445,
IsolationForest(t),Hog_office_Napoleon,125,spike,1,subtle,2,137.95448590699337,True,1.0,0.5,
IsolationForest(t),Hog_office_Napoleon,125,schedule,3,obvious,168,1082.6103935191493,True,5.0,0.005952380952380952,
IsolationForest(t),Hog_office_Napoleon,125,spike,3,obvious,1,273.71167561006234,True,0.0,1.0,
IsolationForest(t),Hog_office_Napoleon,125,spike,3,obvious,3,412.9367145410827,True,1.0,0.6666666666666666,
IsolationForest(t),Hog_office_Napoleon,125,spike,1,subtle,2,120.95556051409783,True,1.0,0.5,
IsolationForest(t),Hog_office_Shawna,125,spike,1,subtle,2,313.6379115139518,True,1.0,0.5,
IsolationForest(t),Hog_office_Shawna,125,schedule,1,subtle,120,16.141511134777772,True,92.0,0.025,
IsolationForest(t),Hog_office_Shawna,125,spike,2,moderate,3,683.8372554129211,True,1.0,0.6666666666666666,
IsolationForest(t),Hog_office_Shawna,125,schedule,3,obvious,120,3559.624181799263,True,11.0,0.075,
IsolationForest(t),Hog_office_Shawna,125,schedule,2,moderate,144,2117.593778393931,True,91.0,0.013888888888888888,
IsolationForest(t),Hog_office_Shawna,125,spike,1,subtle,4,454.5232692677954,False,,0.0,
IsolationForest(t),Hog_office_Shawnna,125,schedule,2,moderate,168,2552.153783435699,False,,0.0,
IsolationForest(t),Hog_office_Shawnna,125,spike,2,moderate,1,979.2760644445437,True,0.0,1.0,
IsolationForest(t),Hog_office_Shawnna,125,spike,3,obvious,4,2905.0130249591653,True,1.0,0.75,
IsolationForest(t),Hog_office_Shawnna,125,schedule,2,moderate,96,2594.702781314817,False,,0.0,
IsolationForest(t),Hog_office_Shawnna,125,spike,2,moderate,5,1926.5792375601536,False,,0.0,
IsolationForest(t),Hog_office_Shawnna,125,schedule,3,obvious,216,6193.786109199689,True,90.0,0.004629629629629629,
IsolationForest(t),Hog_office_Sherrie,125,spike,1,subtle,2,67.78790463192944,True,1.0,0.5,
IsolationForest(t),Hog_office_Sherrie,125,drift,2,moderate,312,5893.056392735663,True,78.0,0.3685897435897436,
IsolationForest(t),Hog_office_Sherrie,125,drift,3,obvious,216,4222.303088303819,True,67.0,0.2916666666666667,
IsolationForest(t),Hog_office_Sherrie,125,drift,3,obvious,240,5690.77195280197,True,12.0,0.35833333333333334,
IsolationForest(t),Hog_office_Sherrie,125,drift,2,moderate,168,1160.5145644277036,False,,0.0,
IsolationForest(t),Hog_office_Sherrie,125,spike,3,obvious,1,200.1296932408524,True,0.0,1.0,
IsolationForest(t),Hog_office_Shon,125,spike,1,subtle,5,216.7285392605703,False,,0.0,
IsolationForest(t),Hog_office_Shon,125,drift,2,moderate,120,2000.517973275528,True,69.0,0.225,
IsolationForest(t),Hog_office_Shon,125,drift,3,obvious,312,21736.11668917782,True,9.0,0.01282051282051282,
IsolationForest(t),Hog_office_Shon,125,spike,3,obvious,5,435.00855328869727,True,2.0,0.6,
IsolationForest(t),Hog_office_Shon,125,spike,2,moderate,2,137.69489830862938,True,1.0,0.5,
IsolationForest(t),Hog_office_Shon,125,spike,3,obvious,2,215.0601984522419,True,1.0,0.5,
IsolationForest(t),Hog_office_Sydney,125,drift,1,subtle,312,10090.72902848742,True,197.0,0.1858974358974359,
IsolationForest(t),Hog_office_Sydney,125,drift,3,obvious,192,11552.378159444106,True,12.0,0.7604166666666666,
IsolationForest(t),Hog_office_Sydney,125,spike,1,subtle,2,107.40101118162318,True,1.0,0.5,
IsolationForest(t),Hog_office_Sydney,125,drift,1,subtle,144,1436.3776215795922,True,33.0,0.09722222222222222,
IsolationForest(t),Hog_office_Sydney,125,spike,1,subtle,3,120.35248606515015,True,2.0,0.3333333333333333,
IsolationForest(t),Hog_office_Sydney,125,spike,1,subtle,3,134.44551911738682,False,,0.0,
IsolationForest(t),Hog_office_Valda,125,drift,1,subtle,240,661.3711408953283,False,,0.0,
IsolationForest(t),Hog_office_Valda,125,schedule,2,moderate,168,82.79700716384005,False,,0.0,
IsolationForest(t),Hog_office_Valda,125,spike,2,moderate,4,173.4631733998353,False,,0.0,
IsolationForest(t),Hog_office_Valda,125,drift,2,moderate,264,2769.782873715905,True,4.0,0.26515151515151514,
IsolationForest(t),Hog_office_Valda,125,spike,1,subtle,3,91.82340690935975,True,2.0,0.3333333333333333,
IsolationForest(t),Hog_office_Valda,125,spike,3,obvious,1,143.2802443165958,True,0.0,1.0,
IsolationForest(t),Lamb_education_Armando,125,schedule,3,obvious,120,1.1934745829660691,True,2.0,0.09166666666666666,
IsolationForest(t),Lamb_education_Armando,125,spike,3,obvious,2,399.74267508277626,True,1.0,0.5,
IsolationForest(t),Lamb_education_Armando,125,spike,1,subtle,1,181.88666623841328,True,0.0,1.0,
IsolationForest(t),Lamb_education_Armando,125,spike,2,moderate,3,311.1701632346293,True,1.0,0.6666666666666666,
IsolationForest(t),Lamb_education_Armando,125,drift,3,obvious,216,4189.596198085895,True,20.0,0.4398148148148148,
IsolationForest(t),Lamb_education_Armando,125,spike,2,moderate,3,298.4435139285549,True,1.0,0.6666666666666666,
IsolationForest(t),Lamb_education_Eula,125,spike,1,subtle,1,6.690699674565021,True,0.0,1.0,
IsolationForest(t),Lamb_education_Eula,125,drift,2,moderate,240,84.1414837512204,True,10.0,0.016666666666666666,
IsolationForest(t),Lamb_education_Eula,125,drift,2,moderate,168,44.64918931234279,True,18.0,0.07142857142857142,
IsolationForest(t),Lamb_education_Eula,125,spike,1,subtle,4,10.101430544618829,False,,0.0,
IsolationForest(t),Lamb_education_Eula,125,drift,3,obvious,120,39.955048544124566,True,6.0,0.2833333333333333,
IsolationForest(t),Lamb_education_Eula,125,spike,3,obvious,3,22.257380646063886,True,1.0,0.6666666666666666,
IsolationForest(t),Lamb_education_Lazaro,125,drift,1,subtle,168,199.56667718910816,True,48.0,0.005952380952380952,
IsolationForest(t),Lamb_education_Lazaro,125,spike,1,subtle,3,146.2616500912896,True,1.0,0.6666666666666666,
IsolationForest(t),Lamb_education_Lazaro,125,spike,3,obvious,4,445.1755338537366,True,2.0,0.5,
IsolationForest(t),Lamb_education_Lazaro,125,drift,2,moderate,264,2062.639357213663,True,12.0,0.4431818181818182,
IsolationForest(t),Lamb_education_Lazaro,125,drift,1,subtle,192,416.463144323934,True,16.0,0.18229166666666666,
IsolationForest(t),Lamb_education_Lazaro,125,drift,1,subtle,216,491.99455646137983,True,0.0,0.08333333333333333,
IsolationForest(t),Lamb_education_Lucas,125,drift,2,moderate,120,119.5016707324252,True,12.0,0.05,
IsolationForest(t),Lamb_education_Lucas,125,spike,2,moderate,4,64.4787362913023,True,2.0,0.5,
IsolationForest(t),Lamb_education_Lucas,125,spike,3,obvious,1,60.67999960371594,True,0.0,1.0,
IsolationForest(t),Lamb_education_Lucas,125,schedule,3,obvious,72,15.547596446667187,True,18.0,0.09722222222222222,
IsolationForest(t),Lamb_education_Lucas,125,drift,1,subtle,240,204.83694269880996,True,67.0,0.10833333333333334,
IsolationForest(t),Lamb_education_Lucas,125,spike,3,obvious,5,123.35494196224937,True,2.0,0.6,
IsolationForest(t),Lamb_education_Mae,125,schedule,3,obvious,192,707.7055646019003,False,,0.0,
IsolationForest(t),Lamb_education_Mae,125,spike,2,moderate,4,434.5193321882207,True,2.0,0.5,
IsolationForest(t),Lamb_education_Mae,125,drift,3,obvious,168,4279.320062963822,True,8.0,0.23214285714285715,
IsolationForest(t),Lamb_education_Mae,125,spike,1,subtle,5,416.061573940696,True,1.0,0.8,
IsolationForest(t),Lamb_education_Mae,125,drift,1,subtle,144,877.5414005948726,False,,0.0,
IsolationForest(t),Lamb_education_Mae,125,drift,2,moderate,144,1987.2812368441187,True,69.0,0.20833333333333334,
IsolationForest(t),Lamb_education_Williams,125,drift,2,moderate,192,993.7413147792987,True,2.0,0.08854166666666667,
IsolationForest(t),Lamb_education_Williams,125,spike,1,subtle,5,265.7690347821638,True,3.0,0.4,
IsolationForest(t),Lamb_education_Williams,125,spike,2,moderate,2,234.79118643839578,True,1.0,0.5,
IsolationForest(t),Lamb_education_Williams,125,spike,3,obvious,3,445.97474150476165,True,1.0,0.6666666666666666,
IsolationForest(t),Lamb_education_Williams,125,schedule,3,obvious,120,206.46617688107503,True,0.0,0.11666666666666667,
IsolationForest(t),Lamb_education_Williams,125,spike,2,moderate,1,228.2045694366033,True,0.0,1.0,
IsolationForest(t),Lamb_office_Caitlin,125,schedule,3,obvious,120,387.3312010228129,True,71.0,0.125,
IsolationForest(t),Lamb_office_Caitlin,125,drift,2,moderate,264,1503.7557897394063,False,,0.0,
IsolationForest(t),Lamb_office_Caitlin,125,drift,3,obvious,288,3186.0441444924627,True,0.0,0.1076388888888889,
IsolationForest(t),Lamb_office_Caitlin,125,drift,2,moderate,168,656.6603062278259,True,0.0,0.22023809523809523,
IsolationForest(t),Lamb_office_Caitlin,125,spike,2,moderate,2,275.7887601997688,True,1.0,0.5,
IsolationForest(t),Lamb_office_Caitlin,125,spike,2,moderate,3,394.2911673996349,True,1.0,0.6666666666666666,
IsolationForest(t),Lamb_office_Velma,125,spike,3,obvious,4,835.24176345517,True,1.0,0.75,
IsolationForest(t),Lamb_office_Velma,125,spike,2,moderate,4,488.9701505503433,True,1.0,0.75,
IsolationForest(t),Lamb_office_Velma,125,drift,1,subtle,120,977.7376980269868,False,,0.0,
IsolationForest(t),Lamb_office_Velma,125,drift,2,moderate,264,11288.878643994793,True,52.0,0.39015151515151514,
IsolationForest(t),Lamb_office_Velma,125,spike,2,moderate,3,407.53838309396895,True,1.0,0.6666666666666666,
IsolationForest(t),Lamb_office_Velma,125,spike,2,moderate,4,531.175643613273,True,2.0,0.5,
IsolationForest(t),Rat_retail_Jeffrey,125,spike,1,subtle,4,274.0071717515276,True,0.0,0.5,
IsolationForest(t),Rat_retail_Jeffrey,125,drift,2,moderate,240,5848.782780325441,True,74.0,0.05416666666666667,
IsolationForest(t),Rat_retail_Jeffrey,125,spike,2,moderate,5,605.3830290267529,True,2.0,0.6,
IsolationForest(t),Rat_retail_Jeffrey,125,spike,1,subtle,4,237.823478890623,True,2.0,0.5,
IsolationForest(t),Rat_retail_Jeffrey,125,spike,3,obvious,1,329.0382503598847,True,0.0,1.0,
IsolationForest(t),Rat_retail_Jeffrey,125,spike,2,moderate,4,448.5396392666252,True,1.0,0.75,
IsolationForest(t),Robin_education_Zenia,125,spike,2,moderate,5,318.0746005878816,False,,0.0,
IsolationForest(t),Robin_education_Zenia,125,drift,1,subtle,288,7684.58034520667,False,,0.0,
IsolationForest(t),Robin_education_Zenia,125,spike,1,subtle,4,221.19370506177228,False,,0.0,
IsolationForest(t),Robin_education_Zenia,125,spike,1,subtle,2,115.38557172702771,False,,0.0,
IsolationForest(t),Robin_education_Zenia,125,drift,1,subtle,288,7316.344667072699,False,,0.0,
IsolationForest(t),Robin_education_Zenia,125,spike,2,moderate,1,182.6560142466909,False,,0.0,
IsolationForest(t),Robin_office_Dina,125,schedule,3,obvious,216,169.6877846016588,True,7.0,0.12962962962962962,
IsolationForest(t),Robin_office_Dina,125,drift,3,obvious,168,2676.149080501228,True,25.0,0.5833333333333334,
IsolationForest(t),Robin_office_Dina,125,spike,3,obvious,3,109.70001649846563,True,1.0,0.6666666666666666,
IsolationForest(t),Robin_office_Dina,125,drift,1,subtle,192,557.1814272127779,True,0.0,0.08854166666666667,
IsolationForest(t),Robin_office_Dina,125,spike,1,subtle,5,72.51704449816964,True,2.0,0.6,
IsolationForest(t),Robin_office_Dina,125,schedule,3,obvious,120,128.57224582658398,True,24.0,0.025,
IsolationForest(t),Robin_office_Sammie,125,drift,3,obvious,264,18298.902736260905,True,18.0,0.2803030303030303,
IsolationForest(t),Robin_office_Sammie,125,schedule,2,moderate,192,18.074637820832336,True,78.0,0.020833333333333332,
IsolationForest(t),Robin_office_Sammie,125,spike,3,obvious,1,204.63879598031215,True,0.0,1.0,
IsolationForest(t),Robin_office_Sammie,125,drift,2,moderate,168,4294.326389896674,True,69.0,0.30357142857142855,
IsolationForest(t),Robin_office_Sammie,125,drift,2,moderate,192,4966.157305493951,False,,0.0,
IsolationForest(t),Robin_office_Sammie,125,spike,1,subtle,4,174.44843902348026,False,,0.0,
IsolationForest(t),Shrew_office_Doris,125,drift,1,subtle,120,1082.0083293285486,True,27.0,0.15833333333333333,
IsolationForest(t),Shrew_office_Doris,125,spike,3,obvious,1,461.5699763173361,True,0.0,1.0,
IsolationForest(t),Shrew_office_Doris,125,spike,1,subtle,2,241.8652026947672,True,1.0,0.5,
IsolationForest(t),Shrew_office_Doris,125,drift,2,moderate,288,18382.782475357173,True,21.0,0.3958333333333333,
IsolationForest(t),Shrew_office_Doris,125,schedule,3,obvious,72,48.69158738777398,False,,0.0,
IsolationForest(t),Shrew_office_Doris,125,schedule,3,obvious,96,120.65365213163807,False,,0.0,
IsolationForest(t),Shrew_office_Ila,125,drift,3,obvious,120,4980.057438458025,True,40.0,0.5583333333333333,
IsolationForest(t),Shrew_office_Ila,125,spike,3,obvious,3,466.4077483285107,True,1.0,0.6666666666666666,
IsolationForest(t),Shrew_office_Ila,125,drift,1,subtle,192,3942.6429638529935,True,46.0,0.3645833333333333,
IsolationForest(t),Shrew_office_Ila,125,spike,1,subtle,2,152.98568731421085,False,,0.0,
IsolationForest(t),Shrew_office_Ila,125,spike,2,moderate,2,250.3241169224834,True,1.0,0.5,
IsolationForest(t),Shrew_office_Ila,125,spike,1,subtle,2,122.0473460947881,True,1.0,0.5,
IsolationForest(t),Shrew_office_Kenneth,125,schedule,2,moderate,96,45.06488055035239,False,,0.0,
IsolationForest(t),Shrew_office_Kenneth,125,schedule,3,obvious,144,223.94966667746283,False,,0.0,
IsolationForest(t),Shrew_office_Kenneth,125,spike,1,subtle,2,57.50642214860222,True,1.0,0.5,
IsolationForest(t),Shrew_office_Kenneth,125,drift,3,obvious,240,4470.540824718164,True,73.0,0.5541666666666667,
IsolationForest(t),Shrew_office_Kenneth,125,spike,1,subtle,5,148.21042491794591,True,2.0,0.6,
IsolationForest(t),Shrew_office_Kenneth,125,drift,3,obvious,168,2316.4706616493195,True,55.0,0.07738095238095238,
IsolationForest(t),Shrew_office_Nora,125,schedule,3,obvious,216,4514.662713075832,False,,0.0,
IsolationForest(t),Shrew_office_Nora,125,spike,1,subtle,5,492.7539341376733,True,1.0,0.8,
IsolationForest(t),Shrew_office_Nora,125,spike,1,subtle,3,346.1721874953224,False,,0.0,
IsolationForest(t),Shrew_office_Nora,125,spike,1,subtle,2,230.5830463599992,True,1.0,0.5,
IsolationForest(t),Shrew_office_Nora,125,drift,1,subtle,264,7615.654361754455,True,78.0,0.08712121212121213,
IsolationForest(t),Shrew_office_Nora,125,spike,2,moderate,5,936.2217800892317,False,,0.0,
IsolationForest(t),Shrew_office_Sherill,125,spike,1,subtle,4,866.5897262353003,True,2.0,0.5,
IsolationForest(t),Shrew_office_Sherill,125,drift,3,obvious,216,29783.352961436343,True,109.0,0.3611111111111111,
IsolationForest(t),Shrew_office_Sherill,125,spike,2,moderate,3,856.8929742368821,True,2.0,0.3333333333333333,
IsolationForest(t),Shrew_office_Sherill,125,spike,3,obvious,2,1071.2140890613477,True,1.0,0.5,
IsolationForest(t),Shrew_office_Sherill,125,spike,3,obvious,5,2463.4614158129157,True,1.0,0.8,
IsolationForest(t),Shrew_office_Sherill,125,drift,1,subtle,192,6998.702088032382,True,61.0,0.036458333333333336,
IsolationForest(t),Wolf_office_Darleen,125,drift,2,moderate,120,604.8468589549041,True,110.0,0.016666666666666666,
IsolationForest(t),Wolf_office_Darleen,125,drift,2,moderate,120,809.9907742251621,False,,0.0,
IsolationForest(t),Wolf_office_Darleen,125,spike,1,subtle,3,122.46553220229873,True,1.0,0.6666666666666666,
IsolationForest(t),Wolf_office_Darleen,125,spike,1,subtle,3,108.23648906363294,True,1.0,0.6666666666666666,
IsolationForest(t),Wolf_office_Darleen,125,spike,2,moderate,3,163.1594691481757,True,1.0,0.6666666666666666,
IsolationForest(t),Wolf_office_Darleen,125,schedule,3,obvious,192,273.8121535500858,True,89.0,0.140625,
IsolationForest(t),Wolf_retail_Harriett,125,schedule,2,moderate,216,142.5025617723444,True,7.0,0.037037037037037035,
IsolationForest(t),Wolf_retail_Harriett,125,spike,2,moderate,3,172.0596117916607,True,1.0,0.6666666666666666,
IsolationForest(t),Wolf_retail_Harriett,125,spike,3,obvious,2,178.4149864623138,True,1.0,0.5,
IsolationForest(t),Wolf_retail_Harriett,125,schedule,3,obvious,168,658.908355179765,True,33.0,0.05357142857142857,
IsolationForest(t),Wolf_retail_Harriett,125,schedule,1,subtle,192,5.625535634244642,True,108.0,0.03125,
IsolationForest(t),Wolf_retail_Harriett,125,schedule,2,moderate,144,9.462371733532182,False,,0.0,
IsolationForest(t),Wolf_retail_Marcella,125,drift,2,moderate,288,742.5704258791877,True,167.0,0.04861111111111111,
IsolationForest(t),Wolf_retail_Marcella,125,spike,2,moderate,4,32.739046582217696,True,1.0,0.75,
IsolationForest(t),Wolf_retail_Marcella,125,spike,3,obvious,4,55.581626180626806,False,,0.0,
IsolationForest(t),Wolf_retail_Marcella,125,drift,3,obvious,144,366.00807132346256,True,34.0,0.0763888888888889,
IsolationForest(t),Wolf_retail_Marcella,125,schedule,3,obvious,120,26.339615339195092,True,55.0,0.03333333333333333,
IsolationForest(t),Wolf_retail_Marcella,125,spike,1,subtle,5,25.69306637295704,True,3.0,0.4,
IsolationForest(t),Wolf_retail_Toshia,125,spike,2,moderate,3,362.2002037670109,True,1.0,0.6666666666666666,
IsolationForest(t),Wolf_retail_Toshia,125,spike,3,obvious,4,937.5253054435932,True,0.0,1.0,
IsolationForest(t),Wolf_retail_Toshia,125,drift,2,moderate,240,4174.144085798001,True,36.0,0.10833333333333334,
IsolationForest(t),Wolf_retail_Toshia,125,spike,1,subtle,3,225.5825258936449,True,1.0,0.6666666666666666,
IsolationForest(t),Wolf_retail_Toshia,125,schedule,3,obvious,96,70.7135913640611,True,17.0,0.14583333333333334,
IsolationForest(t),Wolf_retail_Toshia,125,drift,2,moderate,144,1585.0846732926336,True,106.0,0.04861111111111111,
OC-SVM(t),Fox_education_Henrietta,125,drift,3,obvious,120,543.6776343474405,False,,0.0,
OC-SVM(t),Fox_education_Henrietta,125,drift,3,obvious,240,2141.019036959888,True,35.0,0.21666666666666667,
OC-SVM(t),Fox_education_Henrietta,125,drift,1,subtle,288,476.4946025631397,False,,0.0,
OC-SVM(t),Fox_education_Henrietta,125,spike,1,subtle,4,62.13982155094737,False,,0.0,
OC-SVM(t),Fox_education_Henrietta,125,spike,2,moderate,5,140.44990776891177,False,,0.0,
OC-SVM(t),Fox_education_Henrietta,125,spike,1,subtle,5,66.13491765552413,True,4.0,0.2,
OC-SVM(t),Fox_retail_Manie,125,schedule,3,obvious,144,368.04709591272024,True,141.0,0.020833333333333332,
OC-SVM(t),Fox_retail_Manie,125,spike,1,subtle,1,123.19706914419866,True,0.0,1.0,
OC-SVM(t),Fox_retail_Manie,125,spike,2,moderate,5,421.05161512855886,True,2.0,0.6,
OC-SVM(t),Fox_retail_Manie,125,drift,3,obvious,240,8151.129348647555,True,160.0,0.09166666666666666,
OC-SVM(t),Fox_retail_Manie,125,spike,1,subtle,1,120.95524489933428,True,0.0,1.0,
OC-SVM(t),Fox_retail_Manie,125,schedule,3,obvious,192,426.66194710076456,True,6.0,0.005208333333333333,
OC-SVM(t),Hog_education_Bruno,125,spike,1,subtle,5,400.40328920967283,True,2.0,0.6,
OC-SVM(t),Hog_education_Bruno,125,drift,1,subtle,288,10943.930462314776,True,258.0,0.006944444444444444,
OC-SVM(t),Hog_education_Bruno,125,drift,3,obvious,168,19882.024337608516,True,31.0,0.6369047619047619,
OC-SVM(t),Hog_education_Bruno,125,schedule,3,obvious,96,3.769674119454777,False,,0.0,
OC-SVM(t),Hog_education_Bruno,125,spike,3,obvious,1,404.27360964432347,True,0.0,1.0,
OC-SVM(t),Hog_education_Bruno,125,spike,2,moderate,3,327.13560661465135,True,2.0,0.3333333333333333,
OC-SVM(t),Hog_education_Caridad,125,drift,1,subtle,216,28386.38275238724,False,,0.0,
OC-SVM(t),Hog_education_Caridad,125,schedule,3,obvious,168,40300.39042463366,False,,0.0,
OC-SVM(t),Hog_education_Caridad,125,drift,2,moderate,120,28596.337097434516,False,,0.0,
OC-SVM(t),Hog_education_Caridad,125,spike,1,subtle,3,3615.9659871725003,True,2.0,0.3333333333333333,
OC-SVM(t),Hog_education_Caridad,125,schedule,2,moderate,216,9175.068368269809,False,,0.0,
OC-SVM(t),Hog_education_Caridad,125,spike,3,obvious,4,14222.668954687539,True,2.0,0.5,
OC-SVM(t),Hog_education_Josh,125,drift,3,obvious,144,7730.505083483085,True,121.0,0.034722222222222224,
OC-SVM(t),Hog_education_Josh,125,schedule,3,obvious,72,11.784679011288034,True,29.0,0.013888888888888888,
OC-SVM(t),Hog_education_Josh,125,spike,1,subtle,5,575.7182019786903,True,4.0,0.2,
OC-SVM(t),Hog_education_Josh,125,spike,1,subtle,1,242.4107462956211,True,0.0,1.0,
OC-SVM(t),Hog_education_Josh,125,drift,2,moderate,216,11163.141504512632,True,147.0,0.14351851851851852,
OC-SVM(t),Hog_education_Josh,125,spike,1,subtle,4,389.0732811986469,True,2.0,0.5,
OC-SVM(t),Hog_education_Luvenia,125,schedule,3,obvious,216,78.81606669111721,False,,0.0,
OC-SVM(t),Hog_education_Luvenia,125,spike,3,obvious,1,701.6027863582609,True,0.0,1.0,
OC-SVM(t),Hog_education_Luvenia,125,schedule,3,obvious,144,243.05596690490262,True,43.0,0.013888888888888888,
OC-SVM(t),Hog_education_Luvenia,125,drift,1,subtle,240,15728.352545379583,True,93.0,0.13333333333333333,
OC-SVM(t),Hog_education_Luvenia,125,spike,1,subtle,4,601.5568549222517,True,3.0,0.25,
OC-SVM(t),Hog_education_Luvenia,125,spike,3,obvious,3,1008.5508595886322,True,1.0,0.6666666666666666,
OC-SVM(t),Hog_office_Almeda,125,schedule,3,obvious,144,920.7290323005243,False,,0.0,
OC-SVM(t),Hog_office_Almeda,125,spike,1,subtle,1,97.60946352752082,True,0.0,1.0,
OC-SVM(t),Hog_office_Almeda,125,drift,3,obvious,120,2352.246882309896,True,17.0,0.09166666666666666,
OC-SVM(t),Hog_office_Almeda,125,drift,3,obvious,168,4911.399663120952,True,118.0,0.14285714285714285,
OC-SVM(t),Hog_office_Almeda,125,drift,3,obvious,240,8255.633995193115,True,11.0,0.24583333333333332,
OC-SVM(t),Hog_office_Almeda,125,spike,2,moderate,4,290.3558219807369,False,,0.0,
OC-SVM(t),Hog_office_Cortney,125,spike,2,moderate,3,421.20877656343674,True,2.0,0.3333333333333333,
OC-SVM(t),Hog_office_Cortney,125,spike,3,obvious,2,402.6129107386708,True,1.0,0.5,
OC-SVM(t),Hog_office_Cortney,125,drift,2,moderate,168,1926.319983944104,False,,0.0,
OC-SVM(t),Hog_office_Cortney,125,spike,3,obvious,3,566.8997263540168,True,1.0,0.6666666666666666,
OC-SVM(t),Hog_office_Cortney,125,spike,3,obvious,5,1037.6594788568552,True,2.0,0.6,
OC-SVM(t),Hog_office_Cortney,125,spike,1,subtle,1,177.95406087120688,True,0.0,1.0,
OC-SVM(t),Hog_office_Denita,125,spike,1,subtle,1,104.74801112459913,True,0.0,1.0,
OC-SVM(t),Hog_office_Denita,125,spike,3,obvious,4,461.0964849863213,True,2.0,0.5,
OC-SVM(t),Hog_office_Denita,125,drift,3,obvious,120,2328.7237572547915,True,65.0,0.08333333333333333,
OC-SVM(t),Hog_office_Denita,125,drift,3,obvious,264,9184.383096629303,True,207.0,0.07196969696969698,
OC-SVM(t),Hog_office_Denita,125,spike,3,obvious,1,240.12967598509266,False,,0.0,
OC-SVM(t),Hog_office_Denita,125,spike,2,moderate,5,370.8999155280089,False,,0.0,
OC-SVM(t),Hog_office_Garrett,125,drift,1,subtle,144,5415.773917719659,False,,0.0,
OC-SVM(t),Hog_office_Garrett,125,spike,2,moderate,1,1358.321923582699,True,0.0,1.0,
OC-SVM(t),Hog_office_Garrett,125,spike,1,subtle,5,1923.2920380500757,True,3.0,0.4,
OC-SVM(t),Hog_office_Garrett,125,drift,1,subtle,192,9343.256500347154,False,,0.0,
OC-SVM(t),Hog_office_Garrett,125,drift,3,obvious,192,38185.77099119585,False,,0.0,
OC-SVM(t),Hog_office_Garrett,125,spike,1,subtle,5,2007.8707973715864,True,3.0,0.4,
OC-SVM(t),Hog_office_Lavon,125,spike,1,subtle,1,1899.2445559390694,True,0.0,1.0,
OC-SVM(t),Hog_office_Lavon,125,schedule,3,obvious,144,551.1258275222517,False,,0.0,
OC-SVM(t),Hog_office_Lavon,125,schedule,2,moderate,72,28.97657684753743,False,,0.0,
OC-SVM(t),Hog_office_Lavon,125,spike,1,subtle,1,1451.4329425254064,True,0.0,1.0,
OC-SVM(t),Hog_office_Lavon,125,spike,1,subtle,3,2051.267962265602,True,2.0,0.3333333333333333,
OC-SVM(t),Hog_office_Lavon,125,spike,2,moderate,1,2651.549822779352,False,,0.0,
OC-SVM(t),Hog_office_Merilyn,125,schedule,3,obvious,192,182.75521306496756,False,,0.0,
OC-SVM(t),Hog_office_Merilyn,125,drift,2,moderate,144,1169.519183928402,True,121.0,0.06944444444444445,
OC-SVM(t),Hog_office_Merilyn,125,spike,3,obvious,2,68.9364713067383,True,1.0,0.5,
OC-SVM(t),Hog_office_Merilyn,125,drift,3,obvious,240,4985.299664411465,True,169.0,0.2875,
OC-SVM(t),Hog_office_Merilyn,125,drift,1,subtle,240,835.1560058605207,True,232.0,0.004166666666666667,
OC-SVM(t),Hog_office_Merilyn,125,spike,3,obvious,1,84.91700938866047,True,0.0,1.0,
OC-SVM(t),Hog_office_Miriam,125,schedule,3,obvious,168,579.523393038525,False,,0.0,
OC-SVM(t),Hog_office_Miriam,125,spike,3,obvious,5,157.02585229495435,True,2.0,0.6,
OC-SVM(t),Hog_office_Miriam,125,spike,1,subtle,5,62.78051802257753,True,3.0,0.4,
OC-SVM(t),Hog_office_Miriam,125,schedule,3,obvious,96,157.6681316218665,False,,0.0,
OC-SVM(t),Hog_office_Miriam,125,spike,2,moderate,2,44.26055572448596,True,1.0,0.5,
OC-SVM(t),Hog_office_Miriam,125,schedule,2,moderate,192,28.056166232973396,False,,0.0,
OC-SVM(t),Hog_office_Napoleon,125,drift,2,moderate,144,4716.952247147733,True,113.0,0.09722222222222222,
OC-SVM(t),Hog_office_Napoleon,125,spike,1,subtle,2,137.95448590699337,True,1.0,0.5,
OC-SVM(t),Hog_office_Napoleon,125,schedule,3,obvious,168,1082.6103935191493,False,,0.0,
OC-SVM(t),Hog_office_Napoleon,125,spike,3,obvious,1,273.71167561006234,True,0.0,1.0,
OC-SVM(t),Hog_office_Napoleon,125,spike,3,obvious,3,412.9367145410827,True,1.0,0.6666666666666666,
OC-SVM(t),Hog_office_Napoleon,125,spike,1,subtle,2,120.95556051409783,True,1.0,0.5,
OC-SVM(t),Hog_office_Shawna,125,spike,1,subtle,2,313.6379115139518,True,1.0,0.5,
OC-SVM(t),Hog_office_Shawna,125,schedule,1,subtle,120,16.141511134777772,False,,0.0,
OC-SVM(t),Hog_office_Shawna,125,spike,2,moderate,3,683.8372554129211,True,1.0,0.6666666666666666,
OC-SVM(t),Hog_office_Shawna,125,schedule,3,obvious,120,3559.624181799263,False,,0.0,
OC-SVM(t),Hog_office_Shawna,125,schedule,2,moderate,144,2117.593778393931,False,,0.0,
OC-SVM(t),Hog_office_Shawna,125,spike,1,subtle,4,454.5232692677954,False,,0.0,
OC-SVM(t),Hog_office_Shawnna,125,schedule,2,moderate,168,2552.153783435699,False,,0.0,
OC-SVM(t),Hog_office_Shawnna,125,spike,2,moderate,1,979.2760644445437,True,0.0,1.0,
OC-SVM(t),Hog_office_Shawnna,125,spike,3,obvious,4,2905.0130249591653,True,2.0,0.5,
OC-SVM(t),Hog_office_Shawnna,125,schedule,2,moderate,96,2594.702781314817,False,,0.0,
OC-SVM(t),Hog_office_Shawnna,125,spike,2,moderate,5,1926.5792375601536,False,,0.0,
OC-SVM(t),Hog_office_Shawnna,125,schedule,3,obvious,216,6193.786109199689,False,,0.0,
OC-SVM(t),Hog_office_Sherrie,125,spike,1,subtle,2,67.78790463192944,True,1.0,0.5,
OC-SVM(t),Hog_office_Sherrie,125,drift,2,moderate,312,5893.056392735663,True,270.0,0.003205128205128205,
OC-SVM(t),Hog_office_Sherrie,125,drift,3,obvious,216,4222.303088303819,True,164.0,0.023148148148148147,
OC-SVM(t),Hog_office_Sherrie,125,drift,3,obvious,240,5690.77195280197,True,74.0,0.4666666666666667,
OC-SVM(t),Hog_office_Sherrie,125,drift,2,moderate,168,1160.5145644277036,False,,0.0,
OC-SVM(t),Hog_office_Sherrie,125,spike,3,obvious,1,200.1296932408524,True,0.0,1.0,
OC-SVM(t),Hog_office_Shon,125,spike,1,subtle,5,216.7285392605703,False,,0.0,
OC-SVM(t),Hog_office_Shon,125,drift,2,moderate,120,2000.517973275528,True,70.0,0.125,
OC-SVM(t),Hog_office_Shon,125,drift,3,obvious,312,21736.11668917782,True,72.0,0.2724358974358974,
OC-SVM(t),Hog_office_Shon,125,spike,3,obvious,5,435.00855328869727,True,2.0,0.6,
OC-SVM(t),Hog_office_Shon,125,spike,2,moderate,2,137.69489830862938,True,1.0,0.5,
OC-SVM(t),Hog_office_Shon,125,spike,3,obvious,2,215.0601984522419,True,1.0,0.5,
OC-SVM(t),Hog_office_Sydney,125,drift,1,subtle,312,10090.72902848742,True,269.0,0.016025641025641024,
OC-SVM(t),Hog_office_Sydney,125,drift,3,obvious,192,11552.378159444106,True,30.0,0.3802083333333333,
OC-SVM(t),Hog_office_Sydney,125,spike,1,subtle,2,107.40101118162318,True,1.0,0.5,
OC-SVM(t),Hog_office_Sydney,125,drift,1,subtle,144,1436.3776215795922,True,34.0,0.2916666666666667,
OC-SVM(t),Hog_office_Sydney,125,spike,1,subtle,3,120.35248606515015,True,2.0,0.3333333333333333,
OC-SVM(t),Hog_office_Sydney,125,spike,1,subtle,3,134.44551911738682,True,2.0,0.3333333333333333,
OC-SVM(t),Hog_office_Valda,125,drift,1,subtle,240,661.3711408953283,False,,0.0,
OC-SVM(t),Hog_office_Valda,125,schedule,2,moderate,168,82.79700716384005,False,,0.0,
OC-SVM(t),Hog_office_Valda,125,spike,2,moderate,4,173.4631733998353,False,,0.0,
OC-SVM(t),Hog_office_Valda,125,drift,2,moderate,264,2769.782873715905,False,,0.0,
OC-SVM(t),Hog_office_Valda,125,spike,1,subtle,3,91.82340690935975,True,2.0,0.3333333333333333,
OC-SVM(t),Hog_office_Valda,125,spike,3,obvious,1,143.2802443165958,True,0.0,1.0,
OC-SVM(t),Lamb_education_Armando,125,schedule,3,obvious,120,1.1934745829660691,True,86.0,0.03333333333333333,
OC-SVM(t),Lamb_education_Armando,125,spike,3,obvious,2,399.74267508277626,True,1.0,0.5,
OC-SVM(t),Lamb_education_Armando,125,spike,1,subtle,1,181.88666623841328,True,0.0,1.0,
OC-SVM(t),Lamb_education_Armando,125,spike,2,moderate,3,311.1701632346293,True,2.0,0.3333333333333333,
OC-SVM(t),Lamb_education_Armando,125,drift,3,obvious,216,4189.596198085895,True,43.0,0.3055555555555556,
OC-SVM(t),Lamb_education_Armando,125,spike,2,moderate,3,298.4435139285549,True,2.0,0.3333333333333333,
OC-SVM(t),Lamb_education_Eula,125,spike,1,subtle,1,6.690699674565021,True,0.0,1.0,
OC-SVM(t),Lamb_education_Eula,125,drift,2,moderate,240,84.1414837512204,True,10.0,0.020833333333333332,
OC-SVM(t),Lamb_education_Eula,125,drift,2,moderate,168,44.64918931234279,False,,0.0,
OC-SVM(t),Lamb_education_Eula,125,spike,1,subtle,4,10.101430544618829,False,,0.0,
OC-SVM(t),Lamb_education_Eula,125,drift,3,obvious,120,39.955048544124566,True,45.0,0.225,
OC-SVM(t),Lamb_education_Eula,125,spike,3,obvious,3,22.257380646063886,True,1.0,0.6666666666666666,
OC-SVM(t),Lamb_education_Lazaro,125,drift,1,subtle,168,199.56667718910816,False,,0.0,
OC-SVM(t),Lamb_education_Lazaro,125,spike,1,subtle,3,146.2616500912896,True,2.0,0.3333333333333333,
OC-SVM(t),Lamb_education_Lazaro,125,spike,3,obvious,4,445.1755338537366,True,2.0,0.5,
OC-SVM(t),Lamb_education_Lazaro,125,drift,2,moderate,264,2062.639357213663,True,14.0,0.3106060606060606,
OC-SVM(t),Lamb_education_Lazaro,125,drift,1,subtle,192,416.463144323934,True,20.0,0.08333333333333333,
OC-SVM(t),Lamb_education_Lazaro,125,drift,1,subtle,216,491.99455646137983,False,,0.0,
OC-SVM(t),Lamb_education_Lucas,125,drift,2,moderate,120,119.5016707324252,False,,0.0,
OC-SVM(t),Lamb_education_Lucas,125,spike,2,moderate,4,64.4787362913023,True,2.0,0.5,
OC-SVM(t),Lamb_education_Lucas,125,spike,3,obvious,1,60.67999960371594,True,0.0,1.0,
OC-SVM(t),Lamb_education_Lucas,125,schedule,3,obvious,72,15.547596446667187,True,64.0,0.013888888888888888,
OC-SVM(t),Lamb_education_Lucas,125,drift,1,subtle,240,204.83694269880996,True,67.0,0.05416666666666667,
OC-SVM(t),Lamb_education_Lucas,125,spike,3,obvious,5,123.35494196224937,True,2.0,0.6,
OC-SVM(t),Lamb_education_Mae,125,schedule,3,obvious,192,707.7055646019003,False,,0.0,
OC-SVM(t),Lamb_education_Mae,125,spike,2,moderate,4,434.5193321882207,True,2.0,0.5,
OC-SVM(t),Lamb_education_Mae,125,drift,3,obvious,168,4279.320062963822,True,9.0,0.06547619047619048,
OC-SVM(t),Lamb_education_Mae,125,spike,1,subtle,5,416.061573940696,True,3.0,0.4,
OC-SVM(t),Lamb_education_Mae,125,drift,1,subtle,144,877.5414005948726,False,,0.0,
OC-SVM(t),Lamb_education_Mae,125,drift,2,moderate,144,1987.2812368441187,True,78.0,0.041666666666666664,
OC-SVM(t),Lamb_education_Williams,125,drift,2,moderate,192,993.7413147792987,False,,0.0,
OC-SVM(t),Lamb_education_Williams,125,spike,1,subtle,5,265.7690347821638,False,,0.0,
OC-SVM(t),Lamb_education_Williams,125,spike,2,moderate,2,234.79118643839578,True,1.0,0.5,
OC-SVM(t),Lamb_education_Williams,125,spike,3,obvious,3,445.97474150476165,True,2.0,0.3333333333333333,
OC-SVM(t),Lamb_education_Williams,125,schedule,3,obvious,120,206.46617688107503,True,65.0,0.041666666666666664,
OC-SVM(t),Lamb_education_Williams,125,spike,2,moderate,1,228.2045694366033,True,0.0,1.0,
OC-SVM(t),Lamb_office_Caitlin,125,schedule,3,obvious,120,387.3312010228129,False,,0.0,
OC-SVM(t),Lamb_office_Caitlin,125,drift,2,moderate,264,1503.7557897394063,False,,0.0,
OC-SVM(t),Lamb_office_Caitlin,125,drift,3,obvious,288,3186.0441444924627,False,,0.0,
OC-SVM(t),Lamb_office_Caitlin,125,drift,2,moderate,168,656.6603062278259,True,39.0,0.10119047619047619,
OC-SVM(t),Lamb_office_Caitlin,125,spike,2,moderate,2,275.7887601997688,True,1.0,0.5,
OC-SVM(t),Lamb_office_Caitlin,125,spike,2,moderate,3,394.2911673996349,True,2.0,0.3333333333333333,
OC-SVM(t),Lamb_office_Velma,125,spike,3,obvious,4,835.24176345517,True,2.0,0.5,
OC-SVM(t),Lamb_office_Velma,125,spike,2,moderate,4,488.9701505503433,True,2.0,0.5,
OC-SVM(t),Lamb_office_Velma,125,drift,1,subtle,120,977.7376980269868,False,,0.0,
OC-SVM(t),Lamb_office_Velma,125,drift,2,moderate,264,11288.878643994793,True,66.0,0.10984848484848485,
OC-SVM(t),Lamb_office_Velma,125,spike,2,moderate,3,407.53838309396895,True,1.0,0.6666666666666666,
OC-SVM(t),Lamb_office_Velma,125,spike,2,moderate,4,531.175643613273,True,2.0,0.5,
OC-SVM(t),Rat_retail_Jeffrey,125,spike,1,subtle,4,274.0071717515276,True,3.0,0.25,
OC-SVM(t),Rat_retail_Jeffrey,125,drift,2,moderate,240,5848.782780325441,False,,0.0,
OC-SVM(t),Rat_retail_Jeffrey,125,spike,2,moderate,5,605.3830290267529,True,3.0,0.4,
OC-SVM(t),Rat_retail_Jeffrey,125,spike,1,subtle,4,237.823478890623,True,3.0,0.25,
OC-SVM(t),Rat_retail_Jeffrey,125,spike,3,obvious,1,329.0382503598847,True,0.0,1.0,
OC-SVM(t),Rat_retail_Jeffrey,125,spike,2,moderate,4,448.5396392666252,True,2.0,0.5,
OC-SVM(t),Robin_education_Zenia,125,spike,2,moderate,5,318.0746005878816,True,2.0,0.6,
OC-SVM(t),Robin_education_Zenia,125,drift,1,subtle,288,7684.58034520667,True,58.0,0.1701388888888889,
OC-SVM(t),Robin_education_Zenia,125,spike,1,subtle,4,221.19370506177228,True,2.0,0.5,
OC-SVM(t),Robin_education_Zenia,125,spike,1,subtle,2,115.38557172702771,True,0.0,1.0,
OC-SVM(t),Robin_education_Zenia,125,drift,1,subtle,288,7316.344667072699,True,7.0,0.3229166666666667,
OC-SVM(t),Robin_education_Zenia,125,spike,2,moderate,1,182.6560142466909,True,0.0,1.0,
OC-SVM(t),Robin_office_Dina,125,schedule,3,obvious,216,169.6877846016588,True,11.0,0.06944444444444445,
OC-SVM(t),Robin_office_Dina,125,drift,3,obvious,168,2676.149080501228,True,71.0,0.17261904761904762,
OC-SVM(t),Robin_office_Dina,125,spike,3,obvious,3,109.70001649846563,True,1.0,0.6666666666666666,
OC-SVM(t),Robin_office_Dina,125,drift,1,subtle,192,557.1814272127779,True,158.0,0.015625,
OC-SVM(t),Robin_office_Dina,125,spike,1,subtle,5,72.51704449816964,True,3.0,0.4,
OC-SVM(t),Robin_office_Dina,125,schedule,3,obvious,120,128.57224582658398,True,25.0,0.016666666666666666,
OC-SVM(t),Robin_office_Sammie,125,drift,3,obvious,264,18298.902736260905,True,18.0,0.6325757575757576,
OC-SVM(t),Robin_office_Sammie,125,schedule,2,moderate,192,18.074637820832336,False,,0.0,
OC-SVM(t),Robin_office_Sammie,125,spike,3,obvious,1,204.63879598031215,True,0.0,1.0,
OC-SVM(t),Robin_office_Sammie,125,drift,2,moderate,168,4294.326389896674,True,72.0,0.10119047619047619,
OC-SVM(t),Robin_office_Sammie,125,drift,2,moderate,192,4966.157305493951,False,,0.0,
OC-SVM(t),Robin_office_Sammie,125,spike,1,subtle,4,174.44843902348026,True,3.0,0.25,
OC-SVM(t),Shrew_office_Doris,125,drift,1,subtle,120,1082.0083293285486,False,,0.0,
OC-SVM(t),Shrew_office_Doris,125,spike,3,obvious,1,461.5699763173361,True,0.0,1.0,
OC-SVM(t),Shrew_office_Doris,125,spike,1,subtle,2,241.8652026947672,True,1.0,0.5,
OC-SVM(t),Shrew_office_Doris,125,drift,2,moderate,288,18382.782475357173,True,166.0,0.09722222222222222,
OC-SVM(t),Shrew_office_Doris,125,schedule,3,obvious,72,48.69158738777398,False,,0.0,
OC-SVM(t),Shrew_office_Doris,125,schedule,3,obvious,96,120.65365213163807,False,,0.0,
OC-SVM(t),Shrew_office_Ila,125,drift,3,obvious,120,4980.057438458025,True,61.0,0.11666666666666667,
OC-SVM(t),Shrew_office_Ila,125,spike,3,obvious,3,466.4077483285107,True,1.0,0.6666666666666666,
OC-SVM(t),Shrew_office_Ila,125,drift,1,subtle,192,3942.6429638529935,True,76.0,0.09375,
OC-SVM(t),Shrew_office_Ila,125,spike,1,subtle,2,152.98568731421085,False,,0.0,
OC-SVM(t),Shrew_office_Ila,125,spike,2,moderate,2,250.3241169224834,True,1.0,0.5,
OC-SVM(t),Shrew_office_Ila,125,spike,1,subtle,2,122.0473460947881,True,1.0,0.5,
OC-SVM(t),Shrew_office_Kenneth,125,schedule,2,moderate,96,45.06488055035239,False,,0.0,
OC-SVM(t),Shrew_office_Kenneth,125,schedule,3,obvious,144,223.94966667746283,False,,0.0,
OC-SVM(t),Shrew_office_Kenneth,125,spike,1,subtle,2,57.50642214860222,True,1.0,0.5,
OC-SVM(t),Shrew_office_Kenneth,125,drift,3,obvious,240,4470.540824718164,True,141.0,0.26666666666666666,
OC-SVM(t),Shrew_office_Kenneth,125,spike,1,subtle,5,148.21042491794591,True,3.0,0.4,
OC-SVM(t),Shrew_office_Kenneth,125,drift,3,obvious,168,2316.4706616493195,False,,0.0,
OC-SVM(t),Shrew_office_Nora,125,schedule,3,obvious,216,4514.662713075832,False,,0.0,
OC-SVM(t),Shrew_office_Nora,125,spike,1,subtle,5,492.7539341376733,True,3.0,0.4,
OC-SVM(t),Shrew_office_Nora,125,spike,1,subtle,3,346.1721874953224,False,,0.0,
OC-SVM(t),Shrew_office_Nora,125,spike,1,subtle,2,230.5830463599992,True,1.0,0.5,
OC-SVM(t),Shrew_office_Nora,125,drift,1,subtle,264,7615.654361754455,False,,0.0,
OC-SVM(t),Shrew_office_Nora,125,spike,2,moderate,5,936.2217800892317,False,,0.0,
OC-SVM(t),Shrew_office_Sherill,125,spike,1,subtle,4,866.5897262353003,True,3.0,0.25,
OC-SVM(t),Shrew_office_Sherill,125,drift,3,obvious,216,29783.352961436343,True,128.0,0.16203703703703703,
OC-SVM(t),Shrew_office_Sherill,125,spike,2,moderate,3,856.8929742368821,True,2.0,0.3333333333333333,
OC-SVM(t),Shrew_office_Sherill,125,spike,3,obvious,2,1071.2140890613477,True,1.0,0.5,
OC-SVM(t),Shrew_office_Sherill,125,spike,3,obvious,5,2463.4614158129157,True,2.0,0.6,
OC-SVM(t),Shrew_office_Sherill,125,drift,1,subtle,192,6998.702088032382,False,,0.0,
OC-SVM(t),Wolf_office_Darleen,125,drift,2,moderate,120,604.8468589549041,True,109.0,0.03333333333333333,
OC-SVM(t),Wolf_office_Darleen,125,drift,2,moderate,120,809.9907742251621,False,,0.0,
OC-SVM(t),Wolf_office_Darleen,125,spike,1,subtle,3,122.46553220229873,True,2.0,0.3333333333333333,
OC-SVM(t),Wolf_office_Darleen,125,spike,1,subtle,3,108.23648906363294,True,2.0,0.3333333333333333,
OC-SVM(t),Wolf_office_Darleen,125,spike,2,moderate,3,163.1594691481757,True,1.0,0.6666666666666666,
OC-SVM(t),Wolf_office_Darleen,125,schedule,3,obvious,192,273.8121535500858,True,120.0,0.010416666666666666,
OC-SVM(t),Wolf_retail_Harriett,125,schedule,2,moderate,216,142.5025617723444,True,30.0,0.037037037037037035,
OC-SVM(t),Wolf_retail_Harriett,125,spike,2,moderate,3,172.0596117916607,True,2.0,0.3333333333333333,
OC-SVM(t),Wolf_retail_Harriett,125,spike,3,obvious,2,178.4149864623138,True,1.0,0.5,
OC-SVM(t),Wolf_retail_Harriett,125,schedule,3,obvious,168,658.908355179765,True,33.0,0.005952380952380952,
OC-SVM(t),Wolf_retail_Harriett,125,schedule,1,subtle,192,5.625535634244642,True,109.0,0.026041666666666668,
OC-SVM(t),Wolf_retail_Harriett,125,schedule,2,moderate,144,9.462371733532182,False,,0.0,
OC-SVM(t),Wolf_retail_Marcella,125,drift,2,moderate,288,742.5704258791877,False,,0.0,
OC-SVM(t),Wolf_retail_Marcella,125,spike,2,moderate,4,32.739046582217696,True,2.0,0.5,
OC-SVM(t),Wolf_retail_Marcella,125,spike,3,obvious,4,55.581626180626806,False,,0.0,
OC-SVM(t),Wolf_retail_Marcella,125,drift,3,obvious,144,366.00807132346256,True,34.0,0.027777777777777776,
OC-SVM(t),Wolf_retail_Marcella,125,schedule,3,obvious,120,26.339615339195092,True,79.0,0.008333333333333333,
OC-SVM(t),Wolf_retail_Marcella,125,spike,1,subtle,5,25.69306637295704,True,3.0,0.4,
OC-SVM(t),Wolf_retail_Toshia,125,spike,2,moderate,3,362.2002037670109,True,2.0,0.3333333333333333,
OC-SVM(t),Wolf_retail_Toshia,125,spike,3,obvious,4,937.5253054435932,True,1.0,0.75,
OC-SVM(t),Wolf_retail_Toshia,125,drift,2,moderate,240,4174.144085798001,False,,0.0,
OC-SVM(t),Wolf_retail_Toshia,125,spike,1,subtle,3,225.5825258936449,True,2.0,0.3333333333333333,
OC-SVM(t),Wolf_retail_Toshia,125,schedule,3,obvious,96,70.7135913640611,True,20.0,0.052083333333333336,
OC-SVM(t),Wolf_retail_Toshia,125,drift,2,moderate,144,1585.0846732926336,False,,0.0,
LSTM-AE(t),Fox_education_Henrietta,125,drift,3,obvious,120,543.6776343474405,False,,0.0,
LSTM-AE(t),Fox_education_Henrietta,125,drift,3,obvious,240,2141.019036959888,True,170.0,0.2916666666666667,
LSTM-AE(t),Fox_education_Henrietta,125,drift,1,subtle,288,476.4946025631397,False,,0.0,
LSTM-AE(t),Fox_education_Henrietta,125,spike,1,subtle,4,62.13982155094737,False,,0.0,
LSTM-AE(t),Fox_education_Henrietta,125,spike,2,moderate,5,140.44990776891177,False,,0.0,
LSTM-AE(t),Fox_education_Henrietta,125,spike,1,subtle,5,66.13491765552413,True,0.0,1.0,
LSTM-AE(t),Fox_retail_Manie,125,schedule,3,obvious,144,368.04709591272024,True,135.0,0.0625,
LSTM-AE(t),Fox_retail_Manie,125,spike,1,subtle,1,123.19706914419866,False,,0.0,
LSTM-AE(t),Fox_retail_Manie,125,spike,2,moderate,5,421.05161512855886,True,0.0,1.0,
LSTM-AE(t),Fox_retail_Manie,125,drift,3,obvious,240,8151.129348647555,True,161.0,0.32916666666666666,
LSTM-AE(t),Fox_retail_Manie,125,spike,1,subtle,1,120.95524489933428,False,,0.0,
LSTM-AE(t),Fox_retail_Manie,125,schedule,3,obvious,192,426.66194710076456,False,,0.0,
LSTM-AE(t),Hog_education_Bruno,125,spike,1,subtle,5,400.40328920967283,True,0.0,1.0,
LSTM-AE(t),Hog_education_Bruno,125,drift,1,subtle,288,10943.930462314776,True,73.0,0.6631944444444444,
LSTM-AE(t),Hog_education_Bruno,125,drift,3,obvious,168,19882.024337608516,True,0.0,1.0,
LSTM-AE(t),Hog_education_Bruno,125,schedule,3,obvious,96,3.769674119454777,False,,0.0,
LSTM-AE(t),Hog_education_Bruno,125,spike,3,obvious,1,404.27360964432347,True,0.0,1.0,
LSTM-AE(t),Hog_education_Bruno,125,spike,2,moderate,3,327.13560661465135,False,,0.0,
LSTM-AE(t),Hog_education_Caridad,125,drift,1,subtle,216,28386.38275238724,False,,0.0,
LSTM-AE(t),Hog_education_Caridad,125,schedule,3,obvious,168,40300.39042463366,True,151.0,0.10119047619047619,
LSTM-AE(t),Hog_education_Caridad,125,drift,2,moderate,120,28596.337097434516,False,,0.0,
LSTM-AE(t),Hog_education_Caridad,125,spike,1,subtle,3,3615.9659871725003,True,0.0,1.0,
LSTM-AE(t),Hog_education_Caridad,125,schedule,2,moderate,216,9175.068368269809,False,,0.0,
LSTM-AE(t),Hog_education_Caridad,125,spike,3,obvious,4,14222.668954687539,True,0.0,1.0,
LSTM-AE(t),Hog_education_Josh,125,drift,3,obvious,144,7730.505083483085,True,47.0,0.6736111111111112,
LSTM-AE(t),Hog_education_Josh,125,schedule,3,obvious,72,11.784679011288034,True,0.0,0.4305555555555556,
LSTM-AE(t),Hog_education_Josh,125,spike,1,subtle,5,575.7182019786903,True,0.0,1.0,
LSTM-AE(t),Hog_education_Josh,125,spike,1,subtle,1,242.4107462956211,False,,0.0,
LSTM-AE(t),Hog_education_Josh,125,drift,2,moderate,216,11163.141504512632,True,95.0,0.5555555555555556,
LSTM-AE(t),Hog_education_Josh,125,spike,1,subtle,4,389.0732811986469,False,,0.0,
LSTM-AE(t),Hog_education_Luvenia,125,schedule,3,obvious,216,78.81606669111721,False,,0.0,
LSTM-AE(t),Hog_education_Luvenia,125,spike,3,obvious,1,701.6027863582609,True,0.0,1.0,
LSTM-AE(t),Hog_education_Luvenia,125,schedule,3,obvious,144,243.05596690490262,True,69.0,0.3333333333333333,
LSTM-AE(t),Hog_education_Luvenia,125,drift,1,subtle,240,15728.352545379583,True,168.0,0.3,
LSTM-AE(t),Hog_education_Luvenia,125,spike,1,subtle,4,601.5568549222517,False,,0.0,
LSTM-AE(t),Hog_education_Luvenia,125,spike,3,obvious,3,1008.5508595886322,True,0.0,1.0,
LSTM-AE(t),Hog_office_Almeda,125,schedule,3,obvious,144,920.7290323005243,False,,0.0,
LSTM-AE(t),Hog_office_Almeda,125,spike,1,subtle,1,97.60946352752082,False,,0.0,
LSTM-AE(t),Hog_office_Almeda,125,drift,3,obvious,120,2352.246882309896,True,71.0,0.4083333333333333,
LSTM-AE(t),Hog_office_Almeda,125,drift,3,obvious,168,4911.399663120952,True,103.0,0.2857142857142857,
LSTM-AE(t),Hog_office_Almeda,125,drift,3,obvious,240,8255.633995193115,True,90.0,0.4041666666666667,
LSTM-AE(t),Hog_office_Almeda,125,spike,2,moderate,4,290.3558219807369,False,,0.0,
LSTM-AE(t),Hog_office_Cortney,125,spike,2,moderate,3,421.20877656343674,True,0.0,1.0,
LSTM-AE(t),Hog_office_Cortney,125,spike,3,obvious,2,402.6129107386708,True,0.0,1.0,
LSTM-AE(t),Hog_office_Cortney,125,drift,2,moderate,168,1926.319983944104,True,50.0,0.07142857142857142,
LSTM-AE(t),Hog_office_Cortney,125,spike,3,obvious,3,566.8997263540168,True,0.0,1.0,
LSTM-AE(t),Hog_office_Cortney,125,spike,3,obvious,5,1037.6594788568552,True,0.0,1.0,
LSTM-AE(t),Hog_office_Cortney,125,spike,1,subtle,1,177.95406087120688,False,,0.0,
LSTM-AE(t),Hog_office_Denita,125,spike,1,subtle,1,104.74801112459913,True,0.0,1.0,
LSTM-AE(t),Hog_office_Denita,125,spike,3,obvious,4,461.0964849863213,False,,0.0,
LSTM-AE(t),Hog_office_Denita,125,drift,3,obvious,120,2328.7237572547915,False,,0.0,
LSTM-AE(t),Hog_office_Denita,125,drift,3,obvious,264,9184.383096629303,True,119.0,0.14393939393939395,
LSTM-AE(t),Hog_office_Denita,125,spike,3,obvious,1,240.12967598509266,False,,0.0,
LSTM-AE(t),Hog_office_Denita,125,spike,2,moderate,5,370.8999155280089,False,,0.0,
LSTM-AE(t),Hog_office_Garrett,125,drift,1,subtle,144,5415.773917719659,False,,0.0,
LSTM-AE(t),Hog_office_Garrett,125,spike,2,moderate,1,1358.321923582699,True,0.0,1.0,
LSTM-AE(t),Hog_office_Garrett,125,spike,1,subtle,5,1923.2920380500757,True,0.0,1.0,
LSTM-AE(t),Hog_office_Garrett,125,drift,1,subtle,192,9343.256500347154,False,,0.0,
LSTM-AE(t),Hog_office_Garrett,125,drift,3,obvious,192,38185.77099119585,True,115.0,0.4010416666666667,
LSTM-AE(t),Hog_office_Garrett,125,spike,1,subtle,5,2007.8707973715864,True,0.0,1.0,
LSTM-AE(t),Hog_office_Lavon,125,spike,1,subtle,1,1899.2445559390694,True,0.0,1.0,
LSTM-AE(t),Hog_office_Lavon,125,schedule,3,obvious,144,551.1258275222517,False,,0.0,
LSTM-AE(t),Hog_office_Lavon,125,schedule,2,moderate,72,28.97657684753743,False,,0.0,
LSTM-AE(t),Hog_office_Lavon,125,spike,1,subtle,1,1451.4329425254064,True,0.0,1.0,
LSTM-AE(t),Hog_office_Lavon,125,spike,1,subtle,3,2051.267962265602,True,0.0,1.0,
LSTM-AE(t),Hog_office_Lavon,125,spike,2,moderate,1,2651.549822779352,False,,0.0,
LSTM-AE(t),Hog_office_Merilyn,125,schedule,3,obvious,192,182.75521306496756,True,0.0,0.10416666666666667,
LSTM-AE(t),Hog_office_Merilyn,125,drift,2,moderate,144,1169.519183928402,True,92.0,0.3611111111111111,
LSTM-AE(t),Hog_office_Merilyn,125,spike,3,obvious,2,68.9364713067383,True,0.0,1.0,
LSTM-AE(t),Hog_office_Merilyn,125,drift,3,obvious,240,4985.299664411465,True,0.0,0.5791666666666667,
LSTM-AE(t),Hog_office_Merilyn,125,drift,1,subtle,240,835.1560058605207,True,0.0,0.029166666666666667,
LSTM-AE(t),Hog_office_Merilyn,125,spike,3,obvious,1,84.91700938866047,True,0.0,1.0,
LSTM-AE(t),Hog_office_Miriam,125,schedule,3,obvious,168,579.523393038525,False,,0.0,
LSTM-AE(t),Hog_office_Miriam,125,spike,3,obvious,5,157.02585229495435,True,0.0,1.0,
LSTM-AE(t),Hog_office_Miriam,125,spike,1,subtle,5,62.78051802257753,True,0.0,0.4,
LSTM-AE(t),Hog_office_Miriam,125,schedule,3,obvious,96,157.6681316218665,False,,0.0,
LSTM-AE(t),Hog_office_Miriam,125,spike,2,moderate,2,44.26055572448596,True,0.0,1.0,
LSTM-AE(t),Hog_office_Miriam,125,schedule,2,moderate,192,28.056166232973396,False,,0.0,
LSTM-AE(t),Hog_office_Napoleon,125,drift,2,moderate,144,4716.952247147733,True,73.0,0.4930555555555556,
LSTM-AE(t),Hog_office_Napoleon,125,spike,1,subtle,2,137.95448590699337,False,,0.0,
LSTM-AE(t),Hog_office_Napoleon,125,schedule,3,obvious,168,1082.6103935191493,False,,0.0,
LSTM-AE(t),Hog_office_Napoleon,125,spike,3,obvious,1,273.71167561006234,True,0.0,1.0,
LSTM-AE(t),Hog_office_Napoleon,125,spike,3,obvious,3,412.9367145410827,True,0.0,1.0,
LSTM-AE(t),Hog_office_Napoleon,125,spike,1,subtle,2,120.95556051409783,True,0.0,1.0,
LSTM-AE(t),Hog_office_Shawna,125,spike,1,subtle,2,313.6379115139518,True,0.0,1.0,
LSTM-AE(t),Hog_office_Shawna,125,schedule,1,subtle,120,16.141511134777772,False,,0.0,
LSTM-AE(t),Hog_office_Shawna,125,spike,2,moderate,3,683.8372554129211,True,0.0,1.0,
LSTM-AE(t),Hog_office_Shawna,125,schedule,3,obvious,120,3559.624181799263,False,,0.0,
LSTM-AE(t),Hog_office_Shawna,125,schedule,2,moderate,144,2117.593778393931,False,,0.0,
LSTM-AE(t),Hog_office_Shawna,125,spike,1,subtle,4,454.5232692677954,False,,0.0,
LSTM-AE(t),Hog_office_Shawnna,125,schedule,2,moderate,168,2552.153783435699,False,,0.0,
LSTM-AE(t),Hog_office_Shawnna,125,spike,2,moderate,1,979.2760644445437,True,0.0,1.0,
LSTM-AE(t),Hog_office_Shawnna,125,spike,3,obvious,4,2905.0130249591653,True,0.0,1.0,
LSTM-AE(t),Hog_office_Shawnna,125,schedule,2,moderate,96,2594.702781314817,True,7.0,0.5,
LSTM-AE(t),Hog_office_Shawnna,125,spike,2,moderate,5,1926.5792375601536,False,,0.0,
LSTM-AE(t),Hog_office_Shawnna,125,schedule,3,obvious,216,6193.786109199689,False,,0.0,
LSTM-AE(t),Hog_office_Sherrie,125,spike,1,subtle,2,67.78790463192944,True,0.0,1.0,
LSTM-AE(t),Hog_office_Sherrie,125,drift,2,moderate,312,5893.056392735663,True,60.0,0.38782051282051283,
LSTM-AE(t),Hog_office_Sherrie,125,drift,3,obvious,216,4222.303088303819,False,,0.0,
LSTM-AE(t),Hog_office_Sherrie,125,drift,3,obvious,240,5690.77195280197,True,84.0,0.4,
LSTM-AE(t),Hog_office_Sherrie,125,drift,2,moderate,168,1160.5145644277036,False,,0.0,
LSTM-AE(t),Hog_office_Sherrie,125,spike,3,obvious,1,200.1296932408524,True,0.0,1.0,
LSTM-AE(t),Hog_office_Shon,125,spike,1,subtle,5,216.7285392605703,False,,0.0,
LSTM-AE(t),Hog_office_Shon,125,drift,2,moderate,120,2000.517973275528,True,54.0,0.55,
LSTM-AE(t),Hog_office_Shon,125,drift,3,obvious,312,21736.11668917782,True,237.0,0.2403846153846154,
LSTM-AE(t),Hog_office_Shon,125,spike,3,obvious,5,435.00855328869727,False,,0.0,
LSTM-AE(t),Hog_office_Shon,125,spike,2,moderate,2,137.69489830862938,True,0.0,1.0,
LSTM-AE(t),Hog_office_Shon,125,spike,3,obvious,2,215.0601984522419,False,,0.0,
LSTM-AE(t),Hog_office_Sydney,125,drift,1,subtle,312,10090.72902848742,True,255.0,0.18269230769230768,
LSTM-AE(t),Hog_office_Sydney,125,drift,3,obvious,192,11552.378159444106,True,21.0,0.890625,
LSTM-AE(t),Hog_office_Sydney,125,spike,1,subtle,2,107.40101118162318,False,,0.0,
LSTM-AE(t),Hog_office_Sydney,125,drift,1,subtle,144,1436.3776215795922,False,,0.0,
LSTM-AE(t),Hog_office_Sydney,125,spike,1,subtle,3,120.35248606515015,False,,0.0,
LSTM-AE(t),Hog_office_Sydney,125,spike,1,subtle,3,134.44551911738682,True,0.0,1.0,
LSTM-AE(t),Hog_office_Valda,125,drift,1,subtle,240,661.3711408953283,False,,0.0,
LSTM-AE(t),Hog_office_Valda,125,schedule,2,moderate,168,82.79700716384005,False,,0.0,
LSTM-AE(t),Hog_office_Valda,125,spike,2,moderate,4,173.4631733998353,False,,0.0,
LSTM-AE(t),Hog_office_Valda,125,drift,2,moderate,264,2769.782873715905,True,153.0,0.36363636363636365,
LSTM-AE(t),Hog_office_Valda,125,spike,1,subtle,3,91.82340690935975,False,,0.0,
LSTM-AE(t),Hog_office_Valda,125,spike,3,obvious,1,143.2802443165958,True,0.0,1.0,
LSTM-AE(t),Lamb_education_Armando,125,schedule,3,obvious,120,1.1934745829660691,False,,0.0,
LSTM-AE(t),Lamb_education_Armando,125,spike,3,obvious,2,399.74267508277626,True,0.0,1.0,
LSTM-AE(t),Lamb_education_Armando,125,spike,1,subtle,1,181.88666623841328,False,,0.0,
LSTM-AE(t),Lamb_education_Armando,125,spike,2,moderate,3,311.1701632346293,False,,0.0,
LSTM-AE(t),Lamb_education_Armando,125,drift,3,obvious,216,4189.596198085895,True,94.0,0.5648148148148148,
LSTM-AE(t),Lamb_education_Armando,125,spike,2,moderate,3,298.4435139285549,False,,0.0,
LSTM-AE(t),Lamb_education_Eula,125,spike,1,subtle,1,6.690699674565021,False,,0.0,
LSTM-AE(t),Lamb_education_Eula,125,drift,2,moderate,240,84.1414837512204,True,0.0,0.03333333333333333,
LSTM-AE(t),Lamb_education_Eula,125,drift,2,moderate,168,44.64918931234279,False,,0.0,
LSTM-AE(t),Lamb_education_Eula,125,spike,1,subtle,4,10.101430544618829,False,,0.0,
LSTM-AE(t),Lamb_education_Eula,125,drift,3,obvious,120,39.955048544124566,False,,0.0,
LSTM-AE(t),Lamb_education_Eula,125,spike,3,obvious,3,22.257380646063886,True,0.0,1.0,
LSTM-AE(t),Lamb_education_Lazaro,125,drift,1,subtle,168,199.56667718910816,False,,0.0,
LSTM-AE(t),Lamb_education_Lazaro,125,spike,1,subtle,3,146.2616500912896,False,,0.0,
LSTM-AE(t),Lamb_education_Lazaro,125,spike,3,obvious,4,445.1755338537366,False,,0.0,
LSTM-AE(t),Lamb_education_Lazaro,125,drift,2,moderate,264,2062.639357213663,False,,0.0,
LSTM-AE(t),Lamb_education_Lazaro,125,drift,1,subtle,192,416.463144323934,True,18.0,0.057291666666666664,
LSTM-AE(t),Lamb_education_Lazaro,125,drift,1,subtle,216,491.99455646137983,False,,0.0,
LSTM-AE(t),Lamb_education_Lucas,125,drift,2,moderate,120,119.5016707324252,True,87.0,0.008333333333333333,
LSTM-AE(t),Lamb_education_Lucas,125,spike,2,moderate,4,64.4787362913023,False,,0.0,
LSTM-AE(t),Lamb_education_Lucas,125,spike,3,obvious,1,60.67999960371594,False,,0.0,
LSTM-AE(t),Lamb_education_Lucas,125,schedule,3,obvious,72,15.547596446667187,False,,0.0,
LSTM-AE(t),Lamb_education_Lucas,125,drift,1,subtle,240,204.83694269880996,True,69.0,0.31666666666666665,
LSTM-AE(t),Lamb_education_Lucas,125,spike,3,obvious,5,123.35494196224937,False,,0.0,
LSTM-AE(t),Lamb_education_Mae,125,schedule,3,obvious,192,707.7055646019003,False,,0.0,
LSTM-AE(t),Lamb_education_Mae,125,spike,2,moderate,4,434.5193321882207,False,,0.0,
LSTM-AE(t),Lamb_education_Mae,125,drift,3,obvious,168,4279.320062963822,True,49.0,0.42857142857142855,
LSTM-AE(t),Lamb_education_Mae,125,spike,1,subtle,5,416.061573940696,False,,0.0,
LSTM-AE(t),Lamb_education_Mae,125,drift,1,subtle,144,877.5414005948726,False,,0.0,
LSTM-AE(t),Lamb_education_Mae,125,drift,2,moderate,144,1987.2812368441187,True,71.0,0.5069444444444444,
LSTM-AE(t),Lamb_education_Williams,125,drift,2,moderate,192,993.7413147792987,False,,0.0,
LSTM-AE(t),Lamb_education_Williams,125,spike,1,subtle,5,265.7690347821638,False,,0.0,
LSTM-AE(t),Lamb_education_Williams,125,spike,2,moderate,2,234.79118643839578,True,0.0,1.0,
LSTM-AE(t),Lamb_education_Williams,125,spike,3,obvious,3,445.97474150476165,True,0.0,1.0,
LSTM-AE(t),Lamb_education_Williams,125,schedule,3,obvious,120,206.46617688107503,True,43.0,0.6,
LSTM-AE(t),Lamb_education_Williams,125,spike,2,moderate,1,228.2045694366033,False,,0.0,
LSTM-AE(t),Lamb_office_Caitlin,125,schedule,3,obvious,120,387.3312010228129,False,,0.0,
LSTM-AE(t),Lamb_office_Caitlin,125,drift,2,moderate,264,1503.7557897394063,True,0.0,0.11742424242424243,
LSTM-AE(t),Lamb_office_Caitlin,125,drift,3,obvious,288,3186.0441444924627,False,,0.0,
LSTM-AE(t),Lamb_office_Caitlin,125,drift,2,moderate,168,656.6603062278259,False,,0.0,
LSTM-AE(t),Lamb_office_Caitlin,125,spike,2,moderate,2,275.7887601997688,True,0.0,1.0,
LSTM-AE(t),Lamb_office_Caitlin,125,spike,2,moderate,3,394.2911673996349,True,0.0,1.0,
LSTM-AE(t),Lamb_office_Velma,125,spike,3,obvious,4,835.24176345517,True,0.0,1.0,
LSTM-AE(t),Lamb_office_Velma,125,spike,2,moderate,4,488.9701505503433,True,0.0,1.0,
LSTM-AE(t),Lamb_office_Velma,125,drift,1,subtle,120,977.7376980269868,False,,0.0,
LSTM-AE(t),Lamb_office_Velma,125,drift,2,moderate,264,11288.878643994793,True,58.0,0.6401515151515151,
LSTM-AE(t),Lamb_office_Velma,125,spike,2,moderate,3,407.53838309396895,True,0.0,1.0,
LSTM-AE(t),Lamb_office_Velma,125,spike,2,moderate,4,531.175643613273,True,0.0,1.0,
LSTM-AE(t),Rat_retail_Jeffrey,125,spike,1,subtle,4,274.0071717515276,True,0.0,1.0,
LSTM-AE(t),Rat_retail_Jeffrey,125,drift,2,moderate,240,5848.782780325441,True,201.0,0.1625,
LSTM-AE(t),Rat_retail_Jeffrey,125,spike,2,moderate,5,605.3830290267529,True,0.0,1.0,
LSTM-AE(t),Rat_retail_Jeffrey,125,spike,1,subtle,4,237.823478890623,False,,0.0,
LSTM-AE(t),Rat_retail_Jeffrey,125,spike,3,obvious,1,329.0382503598847,False,,0.0,
LSTM-AE(t),Rat_retail_Jeffrey,125,spike,2,moderate,4,448.5396392666252,True,0.0,1.0,
LSTM-AE(t),Robin_education_Zenia,125,spike,2,moderate,5,318.0746005878816,False,,0.0,
LSTM-AE(t),Robin_education_Zenia,125,drift,1,subtle,288,7684.58034520667,True,178.0,0.08680555555555555,
LSTM-AE(t),Robin_education_Zenia,125,spike,1,subtle,4,221.19370506177228,False,,0.0,
LSTM-AE(t),Robin_education_Zenia,125,spike,1,subtle,2,115.38557172702771,False,,0.0,
LSTM-AE(t),Robin_education_Zenia,125,drift,1,subtle,288,7316.344667072699,True,105.0,0.2534722222222222,
LSTM-AE(t),Robin_education_Zenia,125,spike,2,moderate,1,182.6560142466909,False,,0.0,
LSTM-AE(t),Robin_office_Dina,125,schedule,3,obvious,216,169.6877846016588,False,,0.0,
LSTM-AE(t),Robin_office_Dina,125,drift,3,obvious,168,2676.149080501228,True,19.0,0.8869047619047619,
LSTM-AE(t),Robin_office_Dina,125,spike,3,obvious,3,109.70001649846563,False,,0.0,
LSTM-AE(t),Robin_office_Dina,125,drift,1,subtle,192,557.1814272127779,True,155.0,0.19270833333333334,
LSTM-AE(t),Robin_office_Dina,125,spike,1,subtle,5,72.51704449816964,False,,0.0,
LSTM-AE(t),Robin_office_Dina,125,schedule,3,obvious,120,128.57224582658398,False,,0.0,
LSTM-AE(t),Robin_office_Sammie,125,drift,3,obvious,264,18298.902736260905,True,39.0,0.8181818181818182,
LSTM-AE(t),Robin_office_Sammie,125,schedule,2,moderate,192,18.074637820832336,False,,0.0,
LSTM-AE(t),Robin_office_Sammie,125,spike,3,obvious,1,204.63879598031215,True,0.0,1.0,
LSTM-AE(t),Robin_office_Sammie,125,drift,2,moderate,168,4294.326389896674,True,43.0,0.5714285714285714,
LSTM-AE(t),Robin_office_Sammie,125,drift,2,moderate,192,4966.157305493951,False,,0.0,
LSTM-AE(t),Robin_office_Sammie,125,spike,1,subtle,4,174.44843902348026,False,,0.0,
LSTM-AE(t),Shrew_office_Doris,125,drift,1,subtle,120,1082.0083293285486,True,9.0,0.6,
LSTM-AE(t),Shrew_office_Doris,125,spike,3,obvious,1,461.5699763173361,False,,0.0,
LSTM-AE(t),Shrew_office_Doris,125,spike,1,subtle,2,241.8652026947672,False,,0.0,
LSTM-AE(t),Shrew_office_Doris,125,drift,2,moderate,288,18382.782475357173,True,68.0,0.6701388888888888,
LSTM-AE(t),Shrew_office_Doris,125,schedule,3,obvious,72,48.69158738777398,False,,0.0,
LSTM-AE(t),Shrew_office_Doris,125,schedule,3,obvious,96,120.65365213163807,False,,0.0,
LSTM-AE(t),Shrew_office_Ila,125,drift,3,obvious,120,4980.057438458025,False,,0.0,
LSTM-AE(t),Shrew_office_Ila,125,spike,3,obvious,3,466.4077483285107,True,0.0,1.0,
LSTM-AE(t),Shrew_office_Ila,125,drift,1,subtle,192,3942.6429638529935,True,52.0,0.7291666666666666,
LSTM-AE(t),Shrew_office_Ila,125,spike,1,subtle,2,152.98568731421085,False,,0.0,
LSTM-AE(t),Shrew_office_Ila,125,spike,2,moderate,2,250.3241169224834,True,0.0,1.0,
LSTM-AE(t),Shrew_office_Ila,125,spike,1,subtle,2,122.0473460947881,False,,0.0,
LSTM-AE(t),Shrew_office_Kenneth,125,schedule,2,moderate,96,45.06488055035239,False,,0.0,
LSTM-AE(t),Shrew_office_Kenneth,125,schedule,3,obvious,144,223.94966667746283,False,,0.0,
LSTM-AE(t),Shrew_office_Kenneth,125,spike,1,subtle,2,57.50642214860222,True,0.0,1.0,
LSTM-AE(t),Shrew_office_Kenneth,125,drift,3,obvious,240,4470.540824718164,True,109.0,0.5458333333333333,
LSTM-AE(t),Shrew_office_Kenneth,125,spike,1,subtle,5,148.21042491794591,False,,0.0,
LSTM-AE(t),Shrew_office_Kenneth,125,drift,3,obvious,168,2316.4706616493195,True,157.0,0.06547619047619048,
LSTM-AE(t),Shrew_office_Nora,125,schedule,3,obvious,216,4514.662713075832,False,,0.0,
LSTM-AE(t),Shrew_office_Nora,125,spike,1,subtle,5,492.7539341376733,False,,0.0,
LSTM-AE(t),Shrew_office_Nora,125,spike,1,subtle,3,346.1721874953224,False,,0.0,
LSTM-AE(t),Shrew_office_Nora,125,spike,1,subtle,2,230.5830463599992,True,0.0,1.0,
LSTM-AE(t),Shrew_office_Nora,125,drift,1,subtle,264,7615.654361754455,False,,0.0,
LSTM-AE(t),Shrew_office_Nora,125,spike,2,moderate,5,936.2217800892317,False,,0.0,
LSTM-AE(t),Shrew_office_Sherill,125,spike,1,subtle,4,866.5897262353003,True,0.0,1.0,
LSTM-AE(t),Shrew_office_Sherill,125,drift,3,obvious,216,29783.352961436343,True,107.0,0.5046296296296297,
LSTM-AE(t),Shrew_office_Sherill,125,spike,2,moderate,3,856.8929742368821,False,,0.0,
LSTM-AE(t),Shrew_office_Sherill,125,spike,3,obvious,2,1071.2140890613477,True,0.0,1.0,
LSTM-AE(t),Shrew_office_Sherill,125,spike,3,obvious,5,2463.4614158129157,True,0.0,1.0,
LSTM-AE(t),Shrew_office_Sherill,125,drift,1,subtle,192,6998.702088032382,False,,0.0,
LSTM-AE(t),Wolf_office_Darleen,125,drift,2,moderate,120,604.8468589549041,True,111.0,0.075,
LSTM-AE(t),Wolf_office_Darleen,125,drift,2,moderate,120,809.9907742251621,False,,0.0,
LSTM-AE(t),Wolf_office_Darleen,125,spike,1,subtle,3,122.46553220229873,False,,0.0,
LSTM-AE(t),Wolf_office_Darleen,125,spike,1,subtle,3,108.23648906363294,False,,0.0,
LSTM-AE(t),Wolf_office_Darleen,125,spike,2,moderate,3,163.1594691481757,True,0.0,1.0,
LSTM-AE(t),Wolf_office_Darleen,125,schedule,3,obvious,192,273.8121535500858,False,,0.0,
LSTM-AE(t),Wolf_retail_Harriett,125,schedule,2,moderate,216,142.5025617723444,False,,0.0,
LSTM-AE(t),Wolf_retail_Harriett,125,spike,2,moderate,3,172.0596117916607,False,,0.0,
LSTM-AE(t),Wolf_retail_Harriett,125,spike,3,obvious,2,178.4149864623138,True,0.0,1.0,
LSTM-AE(t),Wolf_retail_Harriett,125,schedule,3,obvious,168,658.908355179765,False,,0.0,
LSTM-AE(t),Wolf_retail_Harriett,125,schedule,1,subtle,192,5.625535634244642,False,,0.0,
LSTM-AE(t),Wolf_retail_Harriett,125,schedule,2,moderate,144,9.462371733532182,False,,0.0,
LSTM-AE(t),Wolf_retail_Marcella,125,drift,2,moderate,288,742.5704258791877,False,,0.0,
LSTM-AE(t),Wolf_retail_Marcella,125,spike,2,moderate,4,32.739046582217696,True,0.0,1.0,
LSTM-AE(t),Wolf_retail_Marcella,125,spike,3,obvious,4,55.581626180626806,False,,0.0,
LSTM-AE(t),Wolf_retail_Marcella,125,drift,3,obvious,144,366.00807132346256,False,,0.0,
LSTM-AE(t),Wolf_retail_Marcella,125,schedule,3,obvious,120,26.339615339195092,True,99.0,0.175,
LSTM-AE(t),Wolf_retail_Marcella,125,spike,1,subtle,5,25.69306637295704,False,,0.0,
LSTM-AE(t),Wolf_retail_Toshia,125,spike,2,moderate,3,362.2002037670109,True,0.0,1.0,
LSTM-AE(t),Wolf_retail_Toshia,125,spike,3,obvious,4,937.5253054435932,True,0.0,1.0,
LSTM-AE(t),Wolf_retail_Toshia,125,drift,2,moderate,240,4174.144085798001,False,,0.0,
LSTM-AE(t),Wolf_retail_Toshia,125,spike,1,subtle,3,225.5825258936449,False,,0.0,
LSTM-AE(t),Wolf_retail_Toshia,125,schedule,3,obvious,96,70.7135913640611,False,,0.0,
LSTM-AE(t),Wolf_retail_Toshia,125,drift,2,moderate,144,1585.0846732926336,False,,0.0,
