n_events,tp_events,precision,recall,f1,detection_delay_h,detection_rate,false_alarm_rate,range_precision,range_recall,range_f1,model,building_id,seed,site
6,4,0.23529411764705882,0.6666666666666666,0.3478260869565218,48.5,0.6666666666666666,0.024789029535864978,0.23529411764705882,0.28086419753086417,0.25606753429475904,PatchTST-SSL(HoW-cond),Fox_education_Henrietta,123,Fox
6,4,0.7142857142857143,0.6666666666666666,0.689655172413793,34.75,0.6666666666666666,0.005274261603375527,0.7142857142857143,0.224537037037037,0.34166960197252555,PatchTST-SSL(global-MAD),Fox_education_Henrietta,123,Fox
6,3,0.25,0.5,0.3333333333333333,1.3333333333333333,0.5,0.010548523206751054,0.25,0.27777777777777773,0.2631578947368421,PatchTST-SSL(HoD-cond),Fox_education_Henrietta,123,Fox
6,4,0.21052631578947367,0.6666666666666666,0.32,48.75,0.6666666666666666,0.025843881856540084,0.21052631578947367,0.28009259259259256,0.24037745219766574,HOW-profile(HoW-cond),Fox_education_Henrietta,123,Fox
6,3,0.16666666666666666,0.5,0.25,1.3333333333333333,0.5,0.02109704641350211,0.16666666666666666,0.27777777777777773,0.20833333333333331,HOW-profile(global-MAD),Fox_education_Henrietta,123,Fox
6,3,0.17647058823529413,0.5,0.2608695652173913,1.3333333333333333,0.5,0.024789029535864978,0.17647058823529413,0.27777777777777773,0.2158273381294964,HOW-profile(HoD-cond),Fox_education_Henrietta,123,Fox
6,4,0.22580645161290322,0.6666666666666666,0.3373493975903614,37.75,0.6666666666666666,0.044831223628691984,0.22580645161290322,0.2854938271604938,0.25216629344757086,TOWT(HoW-cond),Fox_education_Henrietta,123,Fox
6,5,0.4117647058823529,0.8333333333333334,0.5511811023622047,36.6,0.8333333333333334,0.07285145133750712,0.403921568627451,0.41006944444444443,0.4069722898317985,PatchTST-SSL(HoW-cond),Fox_retail_Manie,123,Fox
6,5,0.40540540540540543,0.8333333333333334,0.5454545454545455,33.8,0.8333333333333334,0.0443938531587934,0.3918918918918919,0.3762152777777778,0.38389360961276486,PatchTST-SSL(global-MAD),Fox_retail_Manie,123,Fox
6,5,0.4146341463414634,0.8333333333333334,0.5537459283387621,41.2,0.8333333333333334,0.06317586795674444,0.40853658536585363,0.3947916666666667,0.40154653847370253,PatchTST-SSL(HoD-cond),Fox_retail_Manie,123,Fox
6,5,0.3230769230769231,0.8333333333333334,0.4656319290465632,31.4,0.8333333333333334,0.10017074558907228,0.3169230769230769,0.4192708333333333,0.36098261806545706,HOW-profile(HoW-cond),Fox_retail_Manie,123,Fox
6,5,0.2807017543859649,0.8333333333333334,0.41994750656167973,35.6,0.8333333333333334,0.10700056915196357,0.2777777777777778,0.3991319444444445,0.327576871562509,HOW-profile(global-MAD),Fox_retail_Manie,123,Fox
6,5,0.3064516129032258,0.8333333333333334,0.44811320754716977,31.6,0.8333333333333334,0.10301650540694365,0.30107526881720426,0.4067708333333333,0.34603182138251326,HOW-profile(HoD-cond),Fox_retail_Manie,123,Fox
6,4,0.3888888888888889,0.6666666666666666,0.49122807017543857,46.0,0.6666666666666666,0.08025042686397268,0.3888888888888889,0.3244791666666667,0.35377626348665536,TOWT(HoW-cond),Fox_retail_Manie,123,Fox
6,6,0.84375,1.0,0.9152542372881356,44.666666666666664,1.0,0.00944081336238199,0.8203125,0.5805913800705468,0.6799415338047841,PatchTST-SSL(HoW-cond),Hog_education_Bruno,123,Hog
6,5,0.625,0.8333333333333334,0.7142857142857143,39.4,0.8333333333333334,0.007988380537400145,0.625,0.4527805335097002,0.5251307193720357,PatchTST-SSL(global-MAD),Hog_education_Bruno,123,Hog
6,6,0.9545454545454546,1.0,0.9767441860465117,48.0,1.0,0.0007262164124909223,0.9545454545454546,0.45699680335097,0.6180817031019137,PatchTST-SSL(HoD-cond),Hog_education_Bruno,123,Hog
6,6,0.8260869565217391,1.0,0.9047619047619047,38.333333333333336,1.0,0.007262164124909223,0.7934782608695652,0.6097608024691358,0.689593033333134,HOW-profile(HoW-cond),Hog_education_Bruno,123,Hog
6,5,0.6,0.8333333333333334,0.6976744186046512,33.8,0.8333333333333334,0.011619462599854757,0.5285714285714286,0.5867091049382717,0.556124957686064,HOW-profile(global-MAD),Hog_education_Bruno,123,Hog
6,6,0.7777777777777778,1.0,0.8750000000000001,50.0,1.0,0.007262164124909223,0.738095238095238,0.6016589506172839,0.6629299764828489,HOW-profile(HoD-cond),Hog_education_Bruno,123,Hog
6,6,0.8571428571428571,1.0,0.923076923076923,29.833333333333332,1.0,0.006535947712418301,0.8231292517006802,0.611656746031746,0.7018085769647675,TOWT(HoW-cond),Hog_education_Bruno,123,Hog
6,4,0.6470588235294118,0.6666666666666666,0.6567164179104478,72.75,0.6666666666666666,0.015384615384615385,0.6470588235294118,0.15896464646464645,0.25522700257088354,PatchTST-SSL(HoW-cond),Hog_education_Caridad,123,Hog
6,3,0.7142857142857143,0.5,0.588235294117647,60.333333333333336,0.5,0.006020066889632107,0.7142857142857143,0.14078282828282826,0.23520725661850012,PatchTST-SSL(global-MAD),Hog_education_Caridad,123,Hog
6,5,0.8,0.8333333333333334,0.816326530612245,78.0,0.8333333333333334,0.01471571906354515,0.8,0.18274410774410774,0.29752462526766593,PatchTST-SSL(HoD-cond),Hog_education_Caridad,123,Hog
6,5,0.6363636363636364,0.8333333333333334,0.7216494845360825,73.8,0.8333333333333334,0.01137123745819398,0.6363636363636364,0.19951599326599326,0.3037870968184908,HOW-profile(HoW-cond),Hog_education_Caridad,123,Hog
6,5,0.7272727272727273,0.8333333333333334,0.7766990291262137,36.0,0.8333333333333334,0.026755852842809364,0.7272727272727273,0.3367003367003367,0.4602991944764097,HOW-profile(global-MAD),Hog_education_Caridad,123,Hog
6,3,0.5,0.5,0.5,59.333333333333336,0.5,0.010702341137123745,0.5,0.20012626262626262,0.2858431018935978,HOW-profile(HoD-cond),Hog_education_Caridad,123,Hog
6,3,0.5,0.5,0.5,60.0,0.5,0.006020066889632107,0.5,0.19507575757575757,0.28065395095367845,TOWT(HoW-cond),Hog_education_Caridad,123,Hog
6,6,1.0,1.0,1.0,84.66666666666667,1.0,0.0,1.0,0.15793650793650793,0.2727895819054147,PatchTST-SSL(HoW-cond),Hog_education_Josh,123,Hog
6,5,1.0,0.8333333333333334,0.9090909090909091,86.8,0.8333333333333334,0.0,1.0,0.07546296296296295,0.14033577270770553,PatchTST-SSL(global-MAD),Hog_education_Josh,123,Hog
6,5,1.0,0.8333333333333334,0.9090909090909091,71.8,0.8333333333333334,0.0,1.0,0.13680555555555554,0.24068417837507633,PatchTST-SSL(HoD-cond),Hog_education_Josh,123,Hog
6,4,1.0,0.6666666666666666,0.8,74.5,0.6666666666666666,0.0,1.0,0.11534391534391535,0.20683111954459205,HOW-profile(HoW-cond),Hog_education_Josh,123,Hog
6,5,0.9523809523809523,0.8333333333333334,0.888888888888889,85.8,0.8333333333333334,0.0007390983000739098,0.9523809523809523,0.11296296296296297,0.20197003559308008,HOW-profile(global-MAD),Hog_education_Josh,123,Hog
6,4,1.0,0.6666666666666666,0.8,73.25,0.6666666666666666,0.0,1.0,0.1673611111111111,0.2867340868530636,HOW-profile(HoD-cond),Hog_education_Josh,123,Hog
6,4,0.875,0.6666666666666666,0.7567567567567567,98.5,0.6666666666666666,0.0022172949002217295,0.875,0.11431878306878308,0.20221780258715782,TOWT(HoW-cond),Hog_education_Josh,123,Hog
6,5,0.7222222222222222,0.8333333333333334,0.7738095238095238,48.4,0.8333333333333334,0.0046822742474916385,0.7222222222222222,0.22366898148148148,0.3415587505523266,PatchTST-SSL(HoW-cond),Hog_education_Luvenia,123,Hog
6,3,0.5454545454545454,0.5,0.5217391304347826,1.6666666666666667,0.5,0.006020066889632107,0.5454545454545454,0.15200617283950615,0.2377552046665996,PatchTST-SSL(global-MAD),Hog_education_Luvenia,123,Hog
6,4,0.782608695652174,0.6666666666666666,0.72,54.25,0.6666666666666666,0.0046822742474916385,0.782608695652174,0.17110339506172836,0.28081222023867103,PatchTST-SSL(HoD-cond),Hog_education_Luvenia,123,Hog
6,4,0.7222222222222222,0.6666666666666666,0.6933333333333334,69.25,0.6666666666666666,0.0046822742474916385,0.7222222222222222,0.2120949074074074,0.3278964935824645,HOW-profile(HoW-cond),Hog_education_Luvenia,123,Hog
6,3,0.5,0.5,0.5,8.333333333333334,0.5,0.004013377926421404,0.5,0.19675925925925922,0.28239202657807305,HOW-profile(global-MAD),Hog_education_Luvenia,123,Hog
6,4,0.6153846153846154,0.6666666666666666,0.64,82.0,0.6666666666666666,0.0046822742474916385,0.6153846153846154,0.2079475308641975,0.3108531881916159,HOW-profile(HoD-cond),Hog_education_Luvenia,123,Hog
6,4,0.6428571428571429,0.6666666666666666,0.6545454545454545,88.5,0.6666666666666666,0.0046822742474916385,0.6428571428571429,0.20553626543209877,0.31148392964448707,TOWT(HoW-cond),Hog_education_Luvenia,123,Hog
6,5,0.7945205479452054,0.8333333333333334,0.8134642356241234,45.2,0.8333333333333334,0.02146558105107328,0.7906066536203523,0.37291788073038074,0.5067901003462054,PatchTST-SSL(HoW-cond),Hog_office_Almeda,123,Hog
6,4,0.75,0.6666666666666666,0.7058823529411765,20.0,0.6666666666666666,0.0051813471502590676,0.75,0.26816239316239315,0.39506820566631695,PatchTST-SSL(global-MAD),Hog_office_Almeda,123,Hog
6,5,0.8333333333333334,0.8333333333333334,0.8333333333333334,6.0,0.8333333333333334,0.006661732050333087,0.8333333333333334,0.3369208916083916,0.4798400273883071,PatchTST-SSL(HoD-cond),Hog_office_Almeda,123,Hog
6,5,0.7205882352941176,0.8333333333333334,0.7728706624605678,15.4,0.8333333333333334,0.028867505551443375,0.7160130718954248,0.398285742035742,0.5118515681463816,HOW-profile(HoW-cond),Hog_office_Almeda,123,Hog
6,5,0.703125,0.8333333333333334,0.7627118644067796,40.4,0.8333333333333334,0.046632124352331605,0.6886160714285714,0.34677908896658893,0.46126863062912904,HOW-profile(global-MAD),Hog_office_Almeda,123,Hog
6,5,0.6376811594202898,0.8333333333333334,0.7224958949096881,5.4,0.8333333333333334,0.033308660251665435,0.6347826086956522,0.37926743395493395,0.4748333139258604,HOW-profile(HoD-cond),Hog_office_Almeda,123,Hog
6,5,0.8412698412698413,0.8333333333333334,0.8372827804107424,16.2,0.8333333333333334,0.026646928201332347,0.8228676085818943,0.39129880536130535,0.5303838230262107,TOWT(HoW-cond),Hog_office_Almeda,123,Hog
6,6,0.26666666666666666,1.0,0.4210526315789474,55.666666666666664,1.0,0.03289094056549336,0.2518518518518519,0.40954861111111107,0.311900525952499,PatchTST-SSL(HoW-cond),Hog_office_Cortney,123,Hog
6,4,0.23076923076923078,0.6666666666666666,0.3428571428571429,1.5,0.6666666666666666,0.05020196191575303,0.23076923076923078,0.3986111111111111,0.29231030385333556,PatchTST-SSL(global-MAD),Hog_office_Cortney,123,Hog
6,3,0.75,0.5,0.6,1.0,0.5,0.0005770340450086555,0.75,0.3333333333333333,0.46153846153846156,PatchTST-SSL(HoD-cond),Hog_office_Cortney,123,Hog
6,6,0.3181818181818182,1.0,0.4827586206896552,28.0,1.0,0.025389497980380843,0.3181818181818182,0.42019675925925926,0.3621420581256991,HOW-profile(HoW-cond),Hog_office_Cortney,123,Hog
6,6,0.2413793103448276,1.0,0.3888888888888889,14.833333333333334,1.0,0.12925562608193883,0.2413793103448276,0.4622106481481481,0.31713951041315097,HOW-profile(global-MAD),Hog_office_Cortney,123,Hog
6,6,0.2948717948717949,1.0,0.45544554455445546,16.0,1.0,0.054241200230813615,0.2948717948717949,0.4318287037037037,0.3504445233982252,HOW-profile(HoD-cond),Hog_office_Cortney,123,Hog
6,6,0.3181818181818182,1.0,0.4827586206896552,20.0,1.0,0.028851702250432775,0.3181818181818182,0.41302083333333334,0.35945088389561614,TOWT(HoW-cond),Hog_office_Cortney,123,Hog
6,6,0.7096774193548387,1.0,0.8301886792452831,39.0,1.0,0.014511873350923483,0.7016129032258065,0.516645622895623,0.5950875411851173,PatchTST-SSL(HoW-cond),Hog_office_Denita,123,Hog
6,6,0.8461538461538461,1.0,0.9166666666666666,55.666666666666664,1.0,0.007255936675461741,0.8461538461538461,0.3833543771043771,0.5276528850977102,PatchTST-SSL(global-MAD),Hog_office_Denita,123,Hog
6,5,0.9,0.8333333333333334,0.8653846153846153,45.2,0.8333333333333334,0.001978891820580475,0.9,0.36071127946127945,0.515011100168589,PatchTST-SSL(HoD-cond),Hog_office_Denita,123,Hog
6,6,0.8333333333333334,1.0,0.9090909090909091,35.833333333333336,1.0,0.004617414248021108,0.8333333333333334,0.5389520202020202,0.654567480946466,HOW-profile(HoW-cond),Hog_office_Denita,123,Hog
6,6,0.30612244897959184,1.0,0.46874999999999994,46.666666666666664,1.0,0.047493403693931395,0.29081632653061223,0.5763047138047138,0.38656384065170474,HOW-profile(global-MAD),Hog_office_Denita,123,Hog
6,6,0.8478260869565217,1.0,0.9176470588235294,29.833333333333332,1.0,0.005936675461741424,0.8478260869565217,0.5552609427609427,0.6710413571930685,HOW-profile(HoD-cond),Hog_office_Denita,123,Hog
6,5,0.8723404255319149,0.8333333333333334,0.8523908523908524,35.4,0.8333333333333334,0.004617414248021108,0.8723404255319149,0.45603956228956233,0.5989577522610628,TOWT(HoW-cond),Hog_office_Denita,123,Hog
6,6,0.7105263157894737,1.0,0.8307692307692308,39.333333333333336,1.0,0.013788098693759071,0.7105263157894737,0.2492146164021164,0.36900279501204825,PatchTST-SSL(HoW-cond),Hog_office_Garrett,123,Hog
6,5,0.9090909090909091,0.8333333333333334,0.8695652173913043,49.0,0.8333333333333334,0.000725689404934688,0.9090909090909091,0.12223048941798942,0.21548787197528121,PatchTST-SSL(global-MAD),Hog_office_Garrett,123,Hog
6,6,0.782608695652174,1.0,0.878048780487805,35.0,1.0,0.013062409288824383,0.782608695652174,0.19031084656084654,0.30616904468105544,PatchTST-SSL(HoD-cond),Hog_office_Garrett,123,Hog
6,6,0.74,1.0,0.8505747126436781,15.0,1.0,0.02177068214804064,0.722,0.4412615740740741,0.5477544579516804,HOW-profile(HoW-cond),Hog_office_Garrett,123,Hog
6,5,0.896551724137931,0.8333333333333334,0.8637873754152824,38.2,0.8333333333333334,0.0021770682148040637,0.896551724137931,0.28604497354497355,0.4337135639144144,HOW-profile(global-MAD),Hog_office_Garrett,123,Hog
6,6,0.7608695652173914,1.0,0.8641975308641976,15.166666666666666,1.0,0.020319303338171262,0.7353864734299517,0.4529596560846561,0.5606117541363093,HOW-profile(HoD-cond),Hog_office_Garrett,123,Hog
6,5,0.9696969696969697,0.8333333333333334,0.896358543417367,36.2,0.8333333333333334,0.000725689404934688,0.9696969696969697,0.24020337301587302,0.38503085700797285,TOWT(HoW-cond),Hog_office_Garrett,123,Hog
6,5,0.3684210526315789,0.8333333333333334,0.5109489051094891,68.8,0.8333333333333334,0.020673813169984685,0.3368421052631579,0.11345348324514991,0.16973699552479465,PatchTST-SSL(HoW-cond),Hog_office_Lavon,123,Hog
6,2,0.6666666666666666,0.3333333333333333,0.4444444444444444,17.5,0.3333333333333333,0.0007656967840735069,0.6666666666666666,0.08796296296296297,0.1554192229038855,PatchTST-SSL(global-MAD),Hog_office_Lavon,123,Hog
6,2,0.4,0.3333333333333333,0.3636363636363636,17.0,0.3333333333333333,0.004594180704441042,0.4,0.09722222222222222,0.1564245810055866,PatchTST-SSL(HoD-cond),Hog_office_Lavon,123,Hog
6,4,0.7142857142857143,0.6666666666666666,0.689655172413793,24.75,0.6666666666666666,0.01761102603369066,0.6558441558441558,0.20816798941798945,0.31602740781425914,HOW-profile(HoW-cond),Hog_office_Lavon,123,Hog
6,4,0.47368421052631576,0.6666666666666666,0.5538461538461538,24.5,0.6666666666666666,0.032924961715160794,0.431578947368421,0.2232142857142857,0.29424429453136214,HOW-profile(global-MAD),Hog_office_Lavon,123,Hog
6,5,0.6470588235294118,0.8333333333333334,0.728476821192053,46.6,0.8333333333333334,0.01914241960183767,0.5931372549019607,0.22233245149911815,0.3234299420877562,HOW-profile(HoD-cond),Hog_office_Lavon,123,Hog
6,3,0.8571428571428571,0.5,0.631578947368421,47.0,0.5,0.0007656967840735069,0.8571428571428571,0.11830357142857141,0.20791108205295847,TOWT(HoW-cond),Hog_office_Lavon,123,Hog
6,6,0.7272727272727273,1.0,0.8421052631578948,47.333333333333336,1.0,0.0018359853121175031,0.7272727272727273,0.2474804131054131,0.36929505026458764,PatchTST-SSL(HoW-cond),Hog_office_Merilyn,123,Hog
6,6,1.0,1.0,1.0,47.333333333333336,1.0,0.004283965728274173,0.9090909090909091,0.2538906695156695,0.3969275245722176,PatchTST-SSL(global-MAD),Hog_office_Merilyn,123,Hog
6,6,0.8571428571428571,1.0,0.923076923076923,47.166666666666664,1.0,0.004895960832313341,0.8071428571428572,0.25620548433048435,0.3889495447026304,PatchTST-SSL(HoD-cond),Hog_office_Merilyn,123,Hog
6,5,0.875,0.8333333333333334,0.8536585365853658,30.4,0.8333333333333334,0.0006119951040391676,0.875,0.24329594017094014,0.38072917910626003,HOW-profile(HoW-cond),Hog_office_Merilyn,123,Hog
6,6,0.8888888888888888,1.0,0.9411764705882353,47.333333333333336,1.0,0.0006119951040391676,0.8888888888888888,0.24561075498575494,0.38487569789413195,HOW-profile(global-MAD),Hog_office_Merilyn,123,Hog
6,5,0.9,0.8333333333333334,0.8653846153846153,55.8,0.8333333333333334,0.0006119951040391676,0.9,0.24596688034188033,0.3863465796527211,HOW-profile(HoD-cond),Hog_office_Merilyn,123,Hog
6,6,0.8888888888888888,1.0,0.9411764705882353,47.666666666666664,1.0,0.006119951040391677,0.8703703703703703,0.2602118945868946,0.40064439375392463,TOWT(HoW-cond),Hog_office_Merilyn,123,Hog
6,6,0.46153846153846156,1.0,0.631578947368421,21.0,1.0,0.008092485549132947,0.46153846153846156,0.273015873015873,0.3430851063829787,PatchTST-SSL(HoW-cond),Hog_office_Miriam,123,Hog
6,4,0.2727272727272727,0.6666666666666666,0.3870967741935484,13.0,0.6666666666666666,0.018497109826589597,0.2727272727272727,0.26805555555555555,0.27037123511557326,PatchTST-SSL(global-MAD),Hog_office_Miriam,123,Hog
6,5,0.35,0.8333333333333334,0.49295774647887325,28.2,0.8333333333333334,0.008670520231213872,0.35,0.29890873015873015,0.3224430515211741,PatchTST-SSL(HoD-cond),Hog_office_Miriam,123,Hog
6,5,0.7857142857142857,0.8333333333333334,0.8088235294117647,28.0,0.8333333333333334,0.0017341040462427746,0.7857142857142857,0.2743386243386243,0.4066811651039252,HOW-profile(HoW-cond),Hog_office_Miriam,123,Hog
6,5,0.5161290322580645,0.8333333333333334,0.6374501992031872,10.0,0.8333333333333334,0.009826589595375723,0.5161290322580645,0.31626984126984126,0.39220631430021374,HOW-profile(global-MAD),Hog_office_Miriam,123,Hog
6,6,0.5,1.0,0.6666666666666666,24.666666666666668,1.0,0.009248554913294798,0.5,0.28078703703703706,0.3596205158612511,HOW-profile(HoD-cond),Hog_office_Miriam,123,Hog
6,6,0.5238095238095238,1.0,0.6875000000000001,24.5,1.0,0.006358381502890174,0.5238095238095238,0.3063492063492063,0.38659746881544205,TOWT(HoW-cond),Hog_office_Miriam,123,Hog
6,6,0.5555555555555556,1.0,0.7142857142857143,19.0,1.0,0.017967781908302356,0.5555555555555556,0.39794973544973544,0.46372723559378204,PatchTST-SSL(HoW-cond),Hog_office_Napoleon,123,Hog
6,5,1.0,0.8333333333333334,0.9090909090909091,48.0,0.8333333333333334,0.0,1.0,0.19358465608465605,0.3243752424225632,PatchTST-SSL(global-MAD),Hog_office_Napoleon,123,Hog
6,4,0.8,0.6666666666666666,0.7272727272727272,42.0,0.6666666666666666,0.0018587360594795538,0.8,0.22857142857142856,0.3555555555555555,PatchTST-SSL(HoD-cond),Hog_office_Napoleon,123,Hog
6,6,0.53125,1.0,0.6938775510204082,18.833333333333332,1.0,0.028500619578686492,0.53125,0.3874118165784832,0.4480702775344668,HOW-profile(HoW-cond),Hog_office_Napoleon,123,Hog
6,6,0.6388888888888888,1.0,0.7796610169491525,15.666666666666666,1.0,0.009913258983890954,0.6388888888888888,0.3699074074074074,0.4685380653714752,HOW-profile(global-MAD),Hog_office_Napoleon,123,Hog
6,5,0.4393939393939394,0.8333333333333334,0.5753968253968255,9.6,0.8333333333333334,0.030359355638166045,0.4393939393939394,0.3609126984126984,0.3963052281247417,HOW-profile(HoD-cond),Hog_office_Napoleon,123,Hog
6,5,0.4838709677419355,0.8333333333333334,0.6122448979591837,14.4,0.8333333333333334,0.031598513011152414,0.4838709677419355,0.3841710758377425,0.42829545324207813,TOWT(HoW-cond),Hog_office_Napoleon,123,Hog
6,5,0.55,0.8333333333333334,0.6626506024096386,13.0,0.8333333333333334,0.015643802647412757,0.55,0.47771990740740744,0.5113182048538769,PatchTST-SSL(HoW-cond),Hog_office_Shawna,123,Hog
6,3,1.0,0.5,0.6666666666666666,0.6666666666666666,0.5,0.0,1.0,0.4166666666666667,0.5882352941176471,PatchTST-SSL(global-MAD),Hog_office_Shawna,123,Hog
6,5,0.8235294117647058,0.8333333333333334,0.8284023668639053,20.2,0.8333333333333334,0.00421179302045728,0.8235294117647058,0.4353780864197531,0.5696155752850511,PatchTST-SSL(HoD-cond),Hog_office_Shawna,123,Hog
6,5,0.6851851851851852,0.8333333333333334,0.7520325203252033,12.2,0.8333333333333334,0.015643802647412757,0.6759259259259259,0.5535300925925926,0.608635583100163,HOW-profile(HoW-cond),Hog_office_Shawna,123,Hog
6,6,0.3076923076923077,1.0,0.47058823529411764,14.5,1.0,0.05956678700361011,0.3076923076923077,0.5111689814814815,0.3841499546069835,HOW-profile(global-MAD),Hog_office_Shawna,123,Hog
6,5,0.6078431372549019,0.8333333333333334,0.7029478458049886,10.2,0.8333333333333334,0.02045728038507822,0.6078431372549019,0.5288387345679012,0.5655953587192887,HOW-profile(HoD-cond),Hog_office_Shawna,123,Hog
6,5,0.6862745098039216,0.8333333333333334,0.7526881720430109,10.6,0.8333333333333334,0.01865222623345367,0.6732026143790849,0.5489004629629629,0.6047300486375151,TOWT(HoW-cond),Hog_office_Shawna,123,Hog
6,6,0.6944444444444444,1.0,0.819672131147541,22.5,1.0,0.009615384615384616,0.6944444444444444,0.3755787037037037,0.48750075115678143,PatchTST-SSL(HoW-cond),Hog_office_Shawnna,123,Hog
6,4,0.6666666666666666,0.6666666666666666,0.6666666666666666,16.5,0.6666666666666666,0.0030048076923076925,0.6666666666666666,0.3024691358024691,0.416135881104034,PatchTST-SSL(global-MAD),Hog_office_Shawnna,123,Hog
6,4,0.4444444444444444,0.6666666666666666,0.5333333333333333,1.25,0.6666666666666666,0.02403846153846154,0.4166666666666667,0.357253086419753,0.3846792954469923,PatchTST-SSL(HoD-cond),Hog_office_Shawnna,123,Hog
6,6,0.42857142857142855,1.0,0.6,7.333333333333333,1.0,0.02283653846153846,0.42857142857142855,0.4211033950617284,0.42480459248208086,HOW-profile(HoW-cond),Hog_office_Shawnna,123,Hog
6,4,0.6,0.6666666666666666,0.631578947368421,1.5,0.6666666666666666,0.005408653846153846,0.6,0.35570987654320985,0.4466332956563862,HOW-profile(global-MAD),Hog_office_Shawnna,123,Hog
6,6,0.4444444444444444,1.0,0.6153846153846153,6.833333333333333,1.0,0.03545673076923077,0.4305555555555556,0.44290123456790126,0.4366411464468002,HOW-profile(HoD-cond),Hog_office_Shawnna,123,Hog
6,4,0.6956521739130435,0.6666666666666666,0.6808510638297872,2.25,0.6666666666666666,0.005408653846153846,0.6956521739130435,0.3449074074074074,0.46116645710416865,TOWT(HoW-cond),Hog_office_Shawnna,123,Hog
6,5,0.6363636363636364,0.8333333333333334,0.7216494845360825,21.8,0.8333333333333334,0.023571428571428573,0.6363636363636364,0.19882605820105823,0.3029866729057745,PatchTST-SSL(HoW-cond),Hog_office_Sherrie,123,Hog
6,6,0.6,1.0,0.7499999999999999,35.0,1.0,0.037142857142857144,0.6,0.12275132275132276,0.2038067349926794,PatchTST-SSL(global-MAD),Hog_office_Sherrie,123,Hog
6,5,0.625,0.8333333333333334,0.7142857142857143,48.2,0.8333333333333334,0.012142857142857143,0.625,0.15014880952380952,0.24212900748704166,PatchTST-SSL(HoD-cond),Hog_office_Sherrie,123,Hog
6,5,0.5897435897435898,0.8333333333333334,0.6906906906906907,22.2,0.8333333333333334,0.019285714285714285,0.5897435897435898,0.19037698412698412,0.2878365467700966,HOW-profile(HoW-cond),Hog_office_Sherrie,123,Hog
6,5,0.34782608695652173,0.8333333333333334,0.49079754601227,21.4,0.8333333333333334,0.04214285714285714,0.34782608695652173,0.20388558201058196,0.2570789351269719,HOW-profile(global-MAD),Hog_office_Sherrie,123,Hog
6,5,0.5681818181818182,0.8333333333333334,0.6756756756756758,20.0,0.8333333333333334,0.025,0.5681818181818182,0.20423280423280424,0.30046392876046957,HOW-profile(HoD-cond),Hog_office_Sherrie,123,Hog
6,5,0.5714285714285714,0.8333333333333334,0.6779661016949152,29.4,0.8333333333333334,0.027857142857142858,0.5714285714285714,0.176521164021164,0.2697219660700074,TOWT(HoW-cond),Hog_office_Sherrie,123,Hog
6,5,0.3333333333333333,0.8333333333333334,0.47619047619047616,7.6,0.8333333333333334,0.01092896174863388,0.3333333333333333,0.41770833333333335,0.37078132223763294,PatchTST-SSL(HoW-cond),Hog_office_Shon,123,Hog
6,5,0.28,0.8333333333333334,0.41916167664670667,1.4,0.8333333333333334,0.044709388971684055,0.2533333333333333,0.37916666666666665,0.3037329819938515,PatchTST-SSL(global-MAD),Hog_office_Shon,123,Hog
6,4,0.4,0.6666666666666666,0.5,1.75,0.6666666666666666,0.005961251862891207,0.4,0.37222222222222223,0.3856115107913669,PatchTST-SSL(HoD-cond),Hog_office_Shon,123,Hog
6,4,0.16666666666666666,0.6666666666666666,0.26666666666666666,1.25,0.6666666666666666,0.014903129657228018,0.16666666666666666,0.4472222222222222,0.24283559577677225,HOW-profile(HoW-cond),Hog_office_Shon,123,Hog
6,5,0.16393442622950818,0.8333333333333334,0.273972602739726,1.0,0.8333333333333334,0.08743169398907104,0.15300546448087432,0.4940972222222222,0.23365557441892515,HOW-profile(global-MAD),Hog_office_Shon,123,Hog
6,4,0.14814814814814814,0.6666666666666666,0.24242424242424243,1.5,0.6666666666666666,0.01838052657724789,0.14814814814814814,0.4055555555555555,0.21701969528056486,HOW-profile(HoD-cond),Hog_office_Shon,123,Hog
6,4,0.2222222222222222,0.6666666666666666,0.3333333333333333,1.5,0.6666666666666666,0.013412816691505217,0.2222222222222222,0.4055555555555555,0.28711897738446407,TOWT(HoW-cond),Hog_office_Shon,123,Hog
6,5,0.6,0.8333333333333334,0.6976744186046512,7.4,0.8333333333333334,0.0305591677503251,0.6,0.23828347578347575,0.34110200093461907,PatchTST-SSL(HoW-cond),Hog_office_Sydney,123,Hog
6,4,0.5769230769230769,0.6666666666666666,0.6185567010309277,21.0,0.6666666666666666,0.014304291287386216,0.5769230769230769,0.1690705128205128,0.26150541188135173,PatchTST-SSL(global-MAD),Hog_office_Sydney,123,Hog
6,5,0.6111111111111112,0.8333333333333334,0.7051282051282051,50.2,0.8333333333333334,0.02860858257477243,0.5944444444444444,0.2733929843304843,0.37453314479592875,PatchTST-SSL(HoD-cond),Hog_office_Sydney,123,Hog
6,4,0.775,0.6666666666666666,0.7167630057803468,8.5,0.6666666666666666,0.00975292587776333,0.775,0.18625356125356127,0.30032972732661534,HOW-profile(HoW-cond),Hog_office_Sydney,123,Hog
6,5,0.6896551724137931,0.8333333333333334,0.7547169811320755,40.8,0.8333333333333334,0.006501950585175552,0.6896551724137931,0.16085737179487178,0.2608688589830013,HOW-profile(global-MAD),Hog_office_Sydney,123,Hog
6,4,0.7096774193548387,0.6666666666666666,0.6875,8.5,0.6666666666666666,0.011053315994798439,0.7096774193548387,0.1795762108262108,0.2866250472336426,HOW-profile(HoD-cond),Hog_office_Sydney,123,Hog
6,4,0.8285714285714286,0.6666666666666666,0.7388535031847134,8.5,0.6666666666666666,0.004551365409622887,0.8285714285714286,0.17530270655270655,0.2893805287310304,TOWT(HoW-cond),Hog_office_Sydney,123,Hog
6,5,0.76,0.8333333333333334,0.7949790794979081,24.4,0.8333333333333334,0.006130790190735695,0.75,0.3199328449328449,0.44853213888334137,PatchTST-SSL(HoW-cond),Hog_office_Valda,123,Hog
6,5,0.6363636363636364,0.8333333333333334,0.7216494845360825,32.8,0.8333333333333334,0.01907356948228883,0.6363636363636364,0.2793854293854294,0.3882957339307756,PatchTST-SSL(global-MAD),Hog_office_Valda,123,Hog
6,5,0.7894736842105263,0.8333333333333334,0.8108108108108109,15.6,0.8333333333333334,0.004087193460490463,0.7719298245614035,0.32686202686202687,0.45925813287480827,PatchTST-SSL(HoD-cond),Hog_office_Valda,123,Hog
6,5,0.896551724137931,0.8333333333333334,0.8637873754152824,42.6,0.8333333333333334,0.0027247956403269754,0.896551724137931,0.35273199023199026,0.5062780701669392,HOW-profile(HoW-cond),Hog_office_Valda,123,Hog
6,4,0.8421052631578947,0.6666666666666666,0.744186046511628,25.25,0.6666666666666666,0.011580381471389645,0.8421052631578947,0.35822649572649573,0.5026350677153846,HOW-profile(global-MAD),Hog_office_Valda,123,Hog
6,4,0.7727272727272727,0.6666666666666666,0.7157894736842105,8.25,0.6666666666666666,0.009536784741144414,0.7575757575757575,0.3615079365079365,0.4894533810429494,HOW-profile(HoD-cond),Hog_office_Valda,123,Hog
6,5,0.9444444444444444,0.8333333333333334,0.8854166666666667,41.0,0.8333333333333334,0.0006811989100817438,0.9444444444444444,0.3144230769230769,0.4717813799541713,TOWT(HoW-cond),Hog_office_Valda,123,Hog
6,6,0.7,1.0,0.8235294117647058,12.5,1.0,0.007415858528237307,0.7,0.6335648148148149,0.6651275820170109,PatchTST-SSL(HoW-cond),Lamb_education_Armando,123,Lamb
6,6,0.42857142857142855,1.0,0.6,2.0,1.0,0.04791785510553337,0.40519480519480516,0.5197916666666667,0.4553945155393053,PatchTST-SSL(global-MAD),Lamb_education_Armando,123,Lamb
6,6,0.9333333333333333,1.0,0.9655172413793104,31.0,1.0,0.0005704506560182544,0.9333333333333333,0.5826388888888888,0.7174225072530157,PatchTST-SSL(HoD-cond),Lamb_education_Armando,123,Lamb
6,6,0.5348837209302325,1.0,0.6969696969696969,11.166666666666666,1.0,0.02338847689674843,0.5348837209302325,0.7403935185185185,0.6210797587966002,HOW-profile(HoW-cond),Lamb_education_Armando,123,Lamb
6,6,0.5714285714285714,1.0,0.7272727272727273,0.5,1.0,0.013690815744438107,0.5714285714285714,0.5884259259259259,0.579802702856817,HOW-profile(global-MAD),Lamb_education_Armando,123,Lamb
6,6,0.7241379310344828,1.0,0.8400000000000001,10.166666666666666,1.0,0.0068454078722190535,0.7241379310344828,0.725925925925926,0.7250308261405672,HOW-profile(HoD-cond),Lamb_education_Armando,123,Lamb
6,6,0.8888888888888888,1.0,0.9411764705882353,12.5,1.0,0.0017113519680547634,0.8888888888888888,0.6665509259259259,0.7618291704905292,TOWT(HoW-cond),Lamb_education_Armando,123,Lamb
6,5,0.5882352941176471,0.8333333333333334,0.6896551724137931,6.0,0.8333333333333334,0.04005524861878453,0.5816993464052287,0.40490620490620494,0.4774626991228272,PatchTST-SSL(HoW-cond),Lamb_education_Eula,123,Lamb
6,5,0.3617021276595745,0.8333333333333334,0.5044510385756676,18.0,0.8333333333333334,0.05110497237569061,0.3586626139817629,0.20853174603174604,0.26372808477202,PatchTST-SSL(global-MAD),Lamb_education_Eula,123,Lamb
6,6,0.6153846153846154,1.0,0.761904761904762,35.166666666666664,1.0,0.010359116022099447,0.6025641025641025,0.2823976370851371,0.38456505209789943,PatchTST-SSL(HoD-cond),Lamb_education_Eula,123,Lamb
6,6,0.4647887323943662,1.0,0.6346153846153846,29.333333333333332,1.0,0.07320441988950276,0.4514455151964418,0.4075599747474747,0.4283817156636219,HOW-profile(HoW-cond),Lamb_education_Eula,123,Lamb
6,5,0.44285714285714284,0.8333333333333334,0.5783582089552239,17.4,0.8333333333333334,0.05386740331491713,0.44285714285714284,0.2744227994227994,0.3388637816943404,HOW-profile(global-MAD),Lamb_education_Eula,123,Lamb
6,5,0.3898305084745763,0.8333333333333334,0.5311778290993072,18.0,0.8333333333333334,0.05939226519337017,0.3757062146892655,0.3886724386724387,0.38207935306787744,HOW-profile(HoD-cond),Lamb_education_Eula,123,Lamb
6,5,0.5573770491803278,0.8333333333333334,0.6679764243614931,5.0,0.8333333333333334,0.06560773480662983,0.5417642466822795,0.41531385281385275,0.4701856551202409,TOWT(HoW-cond),Lamb_education_Eula,123,Lamb
6,5,0.64,0.8333333333333334,0.7239819004524887,4.4,0.8333333333333334,0.03476101800124146,0.64,0.35595238095238096,0.4574707147979919,PatchTST-SSL(HoW-cond),Lamb_education_Lazaro,123,Lamb
6,6,0.4583333333333333,1.0,0.6285714285714286,48.0,1.0,0.07386716325263812,0.4583333333333333,0.3114959114959115,0.37091071921356683,PatchTST-SSL(global-MAD),Lamb_education_Lazaro,123,Lamb
6,4,0.3333333333333333,0.6666666666666666,0.4444444444444444,18.75,0.6666666666666666,0.057107386716325266,0.3333333333333333,0.32453703703703707,0.3288763781374619,PatchTST-SSL(HoD-cond),Lamb_education_Lazaro,123,Lamb
6,5,0.5172413793103449,0.8333333333333334,0.6382978723404256,1.2,0.8333333333333334,0.024829298572315334,0.5172413793103449,0.41597222222222224,0.4611121090041313,HOW-profile(HoW-cond),Lamb_education_Lazaro,123,Lamb
6,3,0.75,0.5,0.6,1.6666666666666667,0.5,0.057107386716325266,0.75,0.2888888888888889,0.41711229946524064,HOW-profile(global-MAD),Lamb_education_Lazaro,123,Lamb
6,5,0.6875,0.8333333333333334,0.7534246575342466,23.0,0.8333333333333334,0.08379888268156424,0.6875,0.394973544973545,0.501710759455001,HOW-profile(HoD-cond),Lamb_education_Lazaro,123,Lamb
6,5,0.56,0.8333333333333334,0.6698564593301435,10.4,0.8333333333333334,0.05462445685909373,0.56,0.41597222222222224,0.47735875907215036,TOWT(HoW-cond),Lamb_education_Lazaro,123,Lamb
6,6,0.4642857142857143,1.0,0.6341463414634146,20.0,1.0,0.022565320665083134,0.4583333333333333,0.4836760461760461,0.4706637944790171,PatchTST-SSL(HoW-cond),Lamb_education_Lucas,123,Lamb
6,5,0.25,0.8333333333333334,0.3846153846153846,8.6,0.8333333333333334,0.08847980997624703,0.233974358974359,0.3630952380952381,0.2845731083844581,PatchTST-SSL(global-MAD),Lamb_education_Lucas,123,Lamb
6,5,0.40625,0.8333333333333334,0.5462184873949579,51.0,0.8333333333333334,0.012470308788598575,0.3958333333333333,0.30750962000962,0.3461257622385593,PatchTST-SSL(HoD-cond),Lamb_education_Lucas,123,Lamb
6,6,0.48314606741573035,1.0,0.6515151515151515,9.166666666666666,1.0,0.037410926365795724,0.47940074906367036,0.5854377104377104,0.5271396321379667,HOW-profile(HoW-cond),Lamb_education_Lucas,123,Lamb
6,6,0.28421052631578947,1.0,0.4426229508196721,42.166666666666664,1.0,0.11223277909738717,0.27669172932330827,0.5756974506974507,0.37375116187330837,HOW-profile(global-MAD),Lamb_education_Lucas,123,Lamb
6,6,0.42105263157894735,1.0,0.5925925925925926,29.833333333333332,1.0,0.045724465558194774,0.4131578947368421,0.54253848003848,0.46909052318864713,HOW-profile(HoD-cond),Lamb_education_Lucas,123,Lamb
6,6,0.4666666666666667,1.0,0.6363636363636364,29.666666666666668,1.0,0.019002375296912115,0.4592592592592592,0.5144901394901394,0.48530835687682694,TOWT(HoW-cond),Lamb_education_Lucas,123,Lamb
6,6,0.4647887323943662,1.0,0.6346153846153846,7.166666666666667,1.0,0.04282407407407408,0.4647887323943662,0.5431801994301995,0.5009361467081848,PatchTST-SSL(HoW-cond),Lamb_education_Mae,123,Lamb
6,6,0.37777777777777777,1.0,0.5483870967741935,1.3333333333333333,1.0,0.05150462962962963,0.37777777777777777,0.5148682336182336,0.4357959922780094,PatchTST-SSL(global-MAD),Lamb_education_Mae,123,Lamb
6,6,0.6,1.0,0.7499999999999999,2.6666666666666665,1.0,0.01273148148148148,0.6,0.5166488603988604,0.5552135988901469,PatchTST-SSL(HoD-cond),Lamb_education_Mae,123,Lamb
6,6,0.4027777777777778,1.0,0.5742574257425743,2.5,1.0,0.06944444444444445,0.4027777777777778,0.683849715099715,0.5069620829350447,HOW-profile(HoW-cond),Lamb_education_Mae,123,Lamb
6,6,0.25806451612903225,1.0,0.41025641025641024,1.3333333333333333,1.0,0.10821759259259259,0.25806451612903225,0.5572471509971509,0.35276256230515873,HOW-profile(global-MAD),Lamb_education_Mae,123,Lamb
6,6,0.34328358208955223,1.0,0.5111111111111112,2.5,1.0,0.06597222222222222,0.34328358208955223,0.6079950142450142,0.43880879310609755,HOW-profile(HoD-cond),Lamb_education_Mae,123,Lamb
6,6,0.88,1.0,0.9361702127659575,12.666666666666666,1.0,0.0023148148148148147,0.88,0.5244836182336182,0.6572459486940228,TOWT(HoW-cond),Lamb_education_Mae,123,Lamb
6,6,0.3829787234042553,1.0,0.5538461538461539,8.0,1.0,0.0374331550802139,0.3723404255319149,0.6617521367521367,0.4765474217331475,PatchTST-SSL(HoW-cond),Lamb_education_Williams,123,Lamb
6,6,0.3333333333333333,1.0,0.5,6.166666666666667,1.0,0.07272727272727272,0.3333333333333333,0.635897435897436,0.43738977072310403,PatchTST-SSL(global-MAD),Lamb_education_Williams,123,Lamb
6,6,0.4375,1.0,0.6086956521739131,28.166666666666668,1.0,0.010160427807486631,0.4375,0.551068376068376,0.48776072625094563,PatchTST-SSL(HoD-cond),Lamb_education_Williams,123,Lamb
6,5,0.6153846153846154,0.8333333333333334,0.7079646017699115,9.0,0.8333333333333334,0.034224598930481284,0.6153846153846154,0.5692307692307693,0.5914085914085915,HOW-profile(HoW-cond),Lamb_education_Williams,123,Lamb
6,6,0.25,1.0,0.4,5.666666666666667,1.0,0.058823529411764705,0.25,0.691880341880342,0.3672867513611615,HOW-profile(global-MAD),Lamb_education_Williams,123,Lamb
6,6,0.5588235294117647,1.0,0.7169811320754718,8.166666666666666,1.0,0.033689839572192515,0.5588235294117647,0.6127136752136751,0.5845291419681892,HOW-profile(HoD-cond),Lamb_education_Williams,123,Lamb
6,6,0.5,1.0,0.6666666666666666,5.5,1.0,0.02406417112299465,0.5,0.7380341880341881,0.5961339316534346,TOWT(HoW-cond),Lamb_education_Williams,123,Lamb
6,5,0.3793103448275862,0.8333333333333334,0.5213270142180094,7.0,0.8333333333333334,0.027881040892193308,0.3793103448275862,0.396604938271605,0.3877648995267815,PatchTST-SSL(HoW-cond),Lamb_office_Caitlin,123,Lamb
6,4,0.5384615384615384,0.6666666666666666,0.5957446808510638,8.5,0.6666666666666666,0.004337050805452293,0.5384615384615384,0.38095238095238093,0.446215139442231,PatchTST-SSL(global-MAD),Lamb_office_Caitlin,123,Lamb
6,5,0.40625,0.8333333333333334,0.5462184873949579,21.6,0.8333333333333334,0.05204460966542751,0.3828125,0.40884038800705463,0.3953985727961013,PatchTST-SSL(HoD-cond),Lamb_office_Caitlin,123,Lamb
6,5,0.7857142857142857,0.8333333333333334,0.8088235294117647,11.8,0.8333333333333334,0.03841387856257745,0.7857142857142857,0.46990740740740744,0.5880958651567028,HOW-profile(HoW-cond),Lamb_office_Caitlin,123,Lamb
6,4,1.0,0.6666666666666666,0.8,15.25,0.6666666666666666,0.0,1.0,0.39682539682539675,0.5681818181818181,HOW-profile(global-MAD),Lamb_office_Caitlin,123,Lamb
6,4,0.5714285714285714,0.6666666666666666,0.6153846153846153,15.25,0.6666666666666666,0.022304832713754646,0.5714285714285714,0.4047619047619047,0.4738675958188153,HOW-profile(HoD-cond),Lamb_office_Caitlin,123,Lamb
6,4,0.5,0.6666666666666666,0.5714285714285715,15.25,0.6666666666666666,0.019206939281288724,0.5,0.3958333333333333,0.4418604651162791,TOWT(HoW-cond),Lamb_office_Caitlin,123,Lamb
6,6,0.675,1.0,0.8059701492537313,9.833333333333334,1.0,0.021768707482993196,0.675,0.3342096560846561,0.4470657142389043,PatchTST-SSL(HoW-cond),Lamb_office_Velma,123,Lamb
6,4,0.5714285714285714,0.6666666666666666,0.6153846153846153,59.5,0.6666666666666666,0.003401360544217687,0.5714285714285714,0.23692956349206348,0.3349711375361054,PatchTST-SSL(global-MAD),Lamb_office_Velma,123,Lamb
6,4,0.6428571428571429,0.6666666666666666,0.6545454545454545,11.5,0.6666666666666666,0.00816326530612245,0.6428571428571429,0.28229166666666666,0.39231140421425126,PatchTST-SSL(HoD-cond),Lamb_office_Velma,123,Lamb
6,6,0.6956521739130435,1.0,0.8205128205128205,35.5,1.0,0.029931972789115645,0.6956521739130435,0.3966848544973545,0.5052555652920447,HOW-profile(HoW-cond),Lamb_office_Velma,123,Lamb
6,6,0.5625,1.0,0.72,19.833333333333332,1.0,0.01904761904761905,0.5625,0.31626984126984126,0.40488823662226237,HOW-profile(global-MAD),Lamb_office_Velma,123,Lamb
6,6,0.6744186046511628,1.0,0.8055555555555556,36.166666666666664,1.0,0.026530612244897958,0.6744186046511628,0.3984209656084656,0.5009183462992589,HOW-profile(HoD-cond),Lamb_office_Velma,123,Lamb
6,6,0.717948717948718,1.0,0.835820895522388,26.666666666666668,1.0,0.02108843537414966,0.717948717948718,0.37316468253968255,0.4910820548866563,TOWT(HoW-cond),Lamb_office_Velma,123,Lamb
6,6,0.2777777777777778,1.0,0.4347826086956522,9.5,1.0,0.08086560364464693,0.2777777777777778,0.34236111111111117,0.30670648251835264,PatchTST-SSL(HoW-cond),Rat_retail_Jeffrey,123,Rat
6,5,0.4,0.8333333333333334,0.5405405405405406,26.2,0.8333333333333334,0.015375854214123007,0.4,0.2556216931216931,0.3119136487440734,PatchTST-SSL(global-MAD),Rat_retail_Jeffrey,123,Rat
6,6,0.42,1.0,0.5915492957746479,13.333333333333334,1.0,0.04328018223234624,0.42,0.32923280423280427,0.36911832209314643,PatchTST-SSL(HoD-cond),Rat_retail_Jeffrey,123,Rat
6,6,0.352112676056338,1.0,0.5208333333333333,4.833333333333333,1.0,0.09965831435079726,0.352112676056338,0.4334986772486773,0.3885900545371868,HOW-profile(HoW-cond),Rat_retail_Jeffrey,123,Rat
6,6,0.3191489361702128,1.0,0.48387096774193555,18.5,1.0,0.09054669703872438,0.30354609929078014,0.3507936507936508,0.32546408602150534,HOW-profile(global-MAD),Rat_retail_Jeffrey,123,Rat
6,6,0.3150684931506849,1.0,0.4791666666666667,5.0,1.0,0.11047835990888383,0.3150684931506849,0.4202050264550265,0.36012003960247196,HOW-profile(HoD-cond),Rat_retail_Jeffrey,123,Rat
6,6,0.38095238095238093,1.0,0.5517241379310345,9.333333333333334,1.0,0.03758542141230068,0.38095238095238093,0.3157738095238095,0.3453143752161266,TOWT(HoW-cond),Rat_retail_Jeffrey,123,Rat
6,6,0.1875,1.0,0.3157894736842105,18.333333333333332,1.0,0.02771362586605081,0.1875,0.2581018518518518,0.21720779220779218,PatchTST-SSL(HoW-cond),Robin_education_Zenia,123,Robin
6,5,0.2127659574468085,0.8333333333333334,0.3389830508474576,14.0,0.8333333333333334,0.075635103926097,0.19042553191489361,0.2456597222222222,0.2145446691005192,PatchTST-SSL(global-MAD),Robin_education_Zenia,123,Robin
6,6,0.22641509433962265,1.0,0.36923076923076925,38.0,1.0,0.07448036951501155,0.22641509433962265,0.22627314814814817,0.22634409898936297,PatchTST-SSL(HoD-cond),Robin_education_Zenia,123,Robin
6,6,0.25301204819277107,1.0,0.4038461538461538,19.833333333333332,1.0,0.06293302540415704,0.25301204819277107,0.2881944444444444,0.2694596892633531,HOW-profile(HoW-cond),Robin_education_Zenia,123,Robin
6,4,0.29411764705882354,0.6666666666666666,0.40816326530612246,1.0,0.6666666666666666,0.02771362586605081,0.29411764705882354,0.2546296296296296,0.27295285359801486,HOW-profile(global-MAD),Robin_education_Zenia,123,Robin
6,6,0.23943661971830985,1.0,0.38636363636363635,12.833333333333334,1.0,0.05542725173210162,0.23943661971830985,0.22569444444444445,0.23236252759962148,HOW-profile(HoD-cond),Robin_education_Zenia,123,Robin
6,6,0.26804123711340205,1.0,0.42276422764227645,7.0,1.0,0.0825635103926097,0.26804123711340205,0.3046875,0.28519195612431447,TOWT(HoW-cond),Robin_education_Zenia,123,Robin
6,6,0.7666666666666667,1.0,0.8679245283018869,16.166666666666668,1.0,0.005073280721533258,0.7666666666666667,0.36909722222222224,0.49829817588912667,PatchTST-SSL(HoW-cond),Robin_office_Dina,123,Robin
6,5,0.3793103448275862,0.8333333333333334,0.5213270142180094,39.0,0.8333333333333334,0.03269447576099211,0.3793103448275862,0.30081018518518515,0.3355299833930908,PatchTST-SSL(global-MAD),Robin_office_Dina,123,Robin
6,5,1.0,0.8333333333333334,0.9090909090909091,26.4,0.8333333333333334,0.0,1.0,0.3502314814814815,0.5187725012857878,PatchTST-SSL(HoD-cond),Robin_office_Dina,123,Robin
6,6,0.631578947368421,1.0,0.7741935483870968,19.333333333333332,1.0,0.007891770011273957,0.631578947368421,0.3699074074074074,0.4665579912897497,HOW-profile(HoW-cond),Robin_office_Dina,123,Robin
6,6,0.4411764705882353,1.0,0.6122448979591837,31.5,1.0,0.019729425028184894,0.4411764705882353,0.4025462962962963,0.4209770346819876,HOW-profile(global-MAD),Robin_office_Dina,123,Robin
6,6,0.7037037037037037,1.0,0.8260869565217391,20.833333333333332,1.0,0.009019165727170236,0.7037037037037037,0.42210648148148144,0.5276873460280471,HOW-profile(HoD-cond),Robin_office_Dina,123,Robin
6,6,0.6111111111111112,1.0,0.7586206896551725,19.166666666666668,1.0,0.010710259301014656,0.6111111111111112,0.42604166666666665,0.5020645017297177,TOWT(HoW-cond),Robin_office_Dina,123,Robin
6,5,0.6842105263157895,0.8333333333333334,0.7514450867052023,58.0,0.8333333333333334,0.005501222493887531,0.6842105263157895,0.2185515873015873,0.3312839436196117,PatchTST-SSL(HoW-cond),Robin_office_Sammie,123,Robin
6,2,0.6153846153846154,0.3333333333333333,0.43243243243243246,10.5,0.3333333333333333,0.004889975550122249,0.6153846153846154,0.1638888888888889,0.25884288456265425,PatchTST-SSL(global-MAD),Robin_office_Sammie,123,Robin
6,2,0.7272727272727273,0.3333333333333333,0.4571428571428572,10.0,0.3333333333333333,0.004278728606356968,0.7272727272727273,0.16091269841269842,0.2635202372007067,PatchTST-SSL(HoD-cond),Robin_office_Sammie,123,Robin
6,5,0.5641025641025641,0.8333333333333334,0.672782874617737,32.6,0.8333333333333334,0.012836185819070905,0.5641025641025641,0.20605158730158732,0.30184665893784907,HOW-profile(HoW-cond),Robin_office_Sammie,123,Robin
6,5,0.4230769230769231,0.8333333333333334,0.5612244897959184,38.0,0.8333333333333334,0.014669926650366748,0.4230769230769231,0.23657407407407405,0.30346056254386433,HOW-profile(global-MAD),Robin_office_Sammie,123,Robin
6,3,0.5833333333333334,0.5,0.5384615384615384,56.666666666666664,0.5,0.008557457212713936,0.5833333333333334,0.19067460317460316,0.2874049389045544,HOW-profile(HoD-cond),Robin_office_Sammie,123,Robin
6,5,0.75,0.8333333333333334,0.7894736842105262,39.2,0.8333333333333334,0.004889975550122249,0.75,0.22566137566137565,0.34693600867678953,TOWT(HoW-cond),Robin_office_Sammie,123,Robin
6,5,0.8421052631578947,0.8333333333333334,0.8376963350785339,13.8,0.8333333333333334,0.0033764772087788407,0.8421052631578947,0.518560606060606,0.6418660532446411,PatchTST-SSL(HoW-cond),Shrew_office_Doris,123,Shrew
6,5,0.48148148148148145,0.8333333333333334,0.6103286384976525,25.4,0.8333333333333334,0.018007878446820485,0.45185185185185184,0.4039141414141414,0.42654032579769063,PatchTST-SSL(global-MAD),Shrew_office_Doris,123,Shrew
6,5,0.9230769230769231,0.8333333333333334,0.8759124087591241,15.2,0.8333333333333334,0.0016882386043894203,0.9230769230769231,0.4858375420875421,0.6366112841535392,PatchTST-SSL(HoD-cond),Shrew_office_Doris,123,Shrew
6,5,0.9259259259259259,0.8333333333333334,0.8771929824561403,10.6,0.8333333333333334,0.0011254924029262803,0.9259259259259259,0.6349116161616161,0.7532893209235714,HOW-profile(HoW-cond),Shrew_office_Doris,123,Shrew
6,5,0.6666666666666666,0.8333333333333334,0.7407407407407408,11.2,0.8333333333333334,0.008441193021947102,0.6666666666666666,0.5603324915824915,0.6088920141092264,HOW-profile(global-MAD),Shrew_office_Doris,123,Shrew
6,5,0.7741935483870968,0.8333333333333334,0.802675585284281,10.6,0.8333333333333334,0.005064715813168261,0.7741935483870968,0.6293350168350168,0.6942888401144146,HOW-profile(HoD-cond),Shrew_office_Doris,123,Shrew
6,5,0.9333333333333333,0.8333333333333334,0.8805031446540881,6.2,0.8333333333333334,0.0011254924029262803,0.9333333333333333,0.6203914141414141,0.745346931588856,TOWT(HoW-cond),Shrew_office_Doris,123,Shrew
6,5,0.921875,0.8333333333333334,0.8753709198813057,16.4,0.8333333333333334,0.005090909090909091,0.921875,0.32901234567901233,0.48494895598803317,PatchTST-SSL(HoW-cond),Shrew_office_Ila,123,Shrew
6,2,0.5,0.3333333333333333,0.4,68.0,0.3333333333333333,0.012363636363636363,0.5,0.14375,0.22330097087378636,PatchTST-SSL(global-MAD),Shrew_office_Ila,123,Shrew
6,5,0.8947368421052632,0.8333333333333334,0.8629441624365481,18.2,0.8333333333333334,0.0036363636363636364,0.8947368421052632,0.2579365079365079,0.4004348613879325,PatchTST-SSL(HoD-cond),Shrew_office_Ila,123,Shrew
6,5,0.9791666666666666,0.8333333333333334,0.900383141762452,14.4,0.8333333333333334,0.0007272727272727272,0.9791666666666666,0.3640101410934744,0.5307217849922994,HOW-profile(HoW-cond),Shrew_office_Ila,123,Shrew
6,5,0.8809523809523809,0.8333333333333334,0.8564814814814815,29.8,0.8333333333333334,0.0036363636363636364,0.8809523809523809,0.3745811287477954,0.5256540501400118,HOW-profile(global-MAD),Shrew_office_Ila,123,Shrew
6,5,0.9285714285714286,0.8333333333333334,0.8783783783783784,29.0,0.8333333333333334,0.002181818181818182,0.9285714285714286,0.3850777116402117,0.5443952267972558,HOW-profile(HoD-cond),Shrew_office_Ila,123,Shrew
6,5,0.9464285714285714,0.8333333333333334,0.8862876254180603,8.8,0.8333333333333334,0.002181818181818182,0.9464285714285714,0.38197200176366847,0.544277416391305,TOWT(HoW-cond),Shrew_office_Ila,123,Shrew
6,4,0.84375,0.6666666666666666,0.7448275862068966,24.75,0.6666666666666666,0.0036443148688046646,0.84375,0.13684413580246915,0.23549445253177012,PatchTST-SSL(HoW-cond),Shrew_office_Kenneth,123,Shrew
6,5,0.7333333333333333,0.8333333333333334,0.7801418439716311,41.2,0.8333333333333334,0.006559766763848397,0.7166666666666667,0.11951058201058201,0.2048590788051359,PatchTST-SSL(global-MAD),Shrew_office_Kenneth,123,Shrew
6,4,0.85,0.6666666666666666,0.7472527472527473,34.25,0.6666666666666666,0.0029154518950437317,0.8400000000000001,0.14741512345679011,0.2508138689838945,PatchTST-SSL(HoD-cond),Shrew_office_Kenneth,123,Shrew
6,5,0.6515151515151515,0.8333333333333334,0.7312925170068028,23.8,0.8333333333333334,0.03935860058309038,0.6439393939393939,0.2429287918871252,0.3527726476566253,HOW-profile(HoW-cond),Shrew_office_Kenneth,123,Shrew
6,4,0.5510204081632653,0.6666666666666666,0.6033519553072626,7.0,0.6666666666666666,0.034256559766763846,0.5510204081632653,0.19919532627865963,0.2926110049449477,HOW-profile(global-MAD),Shrew_office_Kenneth,123,Shrew
6,4,0.5116279069767442,0.6666666666666666,0.5789473684210527,5.5,0.6666666666666666,0.024052478134110787,0.5116279069767442,0.18494819223985892,0.2716850509261806,HOW-profile(HoD-cond),Shrew_office_Kenneth,123,Shrew
6,4,0.6666666666666666,0.6666666666666666,0.6666666666666666,110.25,0.6666666666666666,0.002186588921282799,0.6666666666666666,0.07504409171075839,0.1349027067728768,TOWT(HoW-cond),Shrew_office_Kenneth,123,Shrew
6,5,0.8372093023255814,0.8333333333333334,0.8352668213457076,17.0,0.8333333333333334,0.0053655264922870555,0.8372093023255814,0.3814526522859856,0.5241087697570458,PatchTST-SSL(HoW-cond),Shrew_office_Nora,123,Shrew
6,3,0.8333333333333334,0.5,0.625,70.0,0.5,0.0006706908115358819,0.8333333333333334,0.2558760683760684,0.3915317966323361,PatchTST-SSL(global-MAD),Shrew_office_Nora,123,Shrew
6,5,0.84,0.8333333333333334,0.8366533864541832,26.4,0.8333333333333334,0.0026827632461435278,0.84,0.3343677927011261,0.4783321675110455,PatchTST-SSL(HoD-cond),Shrew_office_Nora,123,Shrew
6,5,0.6285714285714286,0.8333333333333334,0.7166123778501629,9.0,0.8333333333333334,0.02414486921529175,0.6285714285714286,0.489816510649844,0.5505865237628067,HOW-profile(HoW-cond),Shrew_office_Nora,123,Shrew
6,4,0.5263157894736842,0.6666666666666666,0.5882352941176471,9.5,0.6666666666666666,0.02079141515761234,0.5263157894736842,0.3965964590964591,0.45233981626142916,HOW-profile(global-MAD),Shrew_office_Nora,123,Shrew
6,5,0.5909090909090909,0.8333333333333334,0.6914893617021277,7.6,0.8333333333333334,0.025486250838363516,0.5909090909090909,0.4985331026997694,0.5408047241654279,HOW-profile(HoD-cond),Shrew_office_Nora,123,Shrew
6,5,0.7361111111111112,0.8333333333333334,0.7817109144542773,9.8,0.8333333333333334,0.017437961099932932,0.7361111111111112,0.4784035409035409,0.579915872517192,TOWT(HoW-cond),Shrew_office_Nora,123,Shrew
6,6,0.9838709677419355,1.0,0.991869918699187,30.833333333333332,1.0,0.0007662835249042146,0.9838709677419355,0.398721340388007,0.5674707557971469,PatchTST-SSL(HoW-cond),Shrew_office_Sherill,123,Shrew
6,6,1.0,1.0,1.0,55.5,1.0,0.0,1.0,0.2926066217732885,0.452738856268383,PatchTST-SSL(global-MAD),Shrew_office_Sherill,123,Shrew
6,6,0.96875,1.0,0.9841269841269841,37.0,1.0,0.0015325670498084292,0.96875,0.3749819624819624,0.5406789245132321,PatchTST-SSL(HoD-cond),Shrew_office_Sherill,123,Shrew
6,6,0.9482758620689655,1.0,0.9734513274336283,28.833333333333332,1.0,0.011494252873563218,0.9482758620689655,0.5005772005772006,0.6552566145561447,HOW-profile(HoW-cond),Shrew_office_Sherill,123,Shrew
6,6,0.8529411764705882,1.0,0.9206349206349206,32.333333333333336,1.0,0.014559386973180077,0.8529411764705882,0.4663940997274331,0.6030411515514578,HOW-profile(global-MAD),Shrew_office_Sherill,123,Shrew
6,6,0.9344262295081968,1.0,0.9661016949152543,29.666666666666668,1.0,0.0053639846743295016,0.9344262295081968,0.46825797659130997,0.6238788939102308,HOW-profile(HoD-cond),Shrew_office_Sherill,123,Shrew
6,6,0.9552238805970149,1.0,0.9770992366412213,22.666666666666668,1.0,0.011494252873563218,0.9552238805970149,0.5120891454224787,0.6667422315864735,TOWT(HoW-cond),Shrew_office_Sherill,123,Shrew
6,6,0.6896551724137931,1.0,0.8163265306122449,26.166666666666668,1.0,0.02727836329820211,0.6896551724137931,0.2637731481481481,0.3815966277507315,PatchTST-SSL(HoW-cond),Wolf_office_Darleen,123,Wolf
6,5,0.42105263157894735,0.8333333333333334,0.5594405594405594,35.2,0.8333333333333334,0.02169869807811531,0.42105263157894735,0.20879629629629629,0.27915973538628186,PatchTST-SSL(global-MAD),Wolf_office_Darleen,123,Wolf
6,6,0.72,1.0,0.8372093023255813,37.0,1.0,0.008679479231246125,0.72,0.2435185185185185,0.36394387853161636,PatchTST-SSL(HoD-cond),Wolf_office_Darleen,123,Wolf
6,6,0.5106382978723404,1.0,0.676056338028169,22.166666666666668,1.0,0.050216986980781156,0.5106382978723404,0.4134259259259259,0.45691869823368253,HOW-profile(HoW-cond),Wolf_office_Darleen,123,Wolf
6,6,0.4722222222222222,1.0,0.6415094339622641,38.666666666666664,1.0,0.05393676379417235,0.4722222222222222,0.34918981481481487,0.4014920232336042,HOW-profile(global-MAD),Wolf_office_Darleen,123,Wolf
6,6,0.4,1.0,0.5714285714285715,25.5,1.0,0.053316800991940486,0.4,0.4174768518518519,0.40855160696587856,HOW-profile(HoD-cond),Wolf_office_Darleen,123,Wolf
6,6,0.5777777777777777,1.0,0.732394366197183,21.666666666666668,1.0,0.04649721016738995,0.5777777777777777,0.4168981481481482,0.4843275670364337,TOWT(HoW-cond),Wolf_office_Darleen,123,Wolf
6,6,0.5675675675675675,1.0,0.7241379310344828,9.333333333333334,1.0,0.014058679706601468,0.5675675675675675,0.3434027777777778,0.42790477269683647,PatchTST-SSL(HoW-cond),Wolf_retail_Harriett,123,Wolf
6,5,0.6666666666666666,0.8333333333333334,0.7407407407407408,47.0,0.8333333333333334,0.003056234718826406,0.6666666666666666,0.25381944444444443,0.36766000251477426,PatchTST-SSL(global-MAD),Wolf_retail_Harriett,123,Wolf
6,6,0.631578947368421,1.0,0.7741935483870968,9.833333333333334,1.0,0.004889975550122249,0.631578947368421,0.3274305555555555,0.4312746536577929,PatchTST-SSL(HoD-cond),Wolf_retail_Harriett,123,Wolf
6,6,0.5633802816901409,1.0,0.7207207207207207,2.5,1.0,0.02750611246943765,0.5633802816901409,0.4223958333333333,0.4828063491118536,HOW-profile(HoW-cond),Wolf_retail_Harriett,123,Wolf
6,5,0.5925925925925926,0.8333333333333334,0.6926406926406925,11.2,0.8333333333333334,0.014669926650366748,0.5925925925925926,0.3277777777777778,0.42208808405991505,HOW-profile(global-MAD),Wolf_retail_Harriett,123,Wolf
6,6,0.5757575757575758,1.0,0.7307692307692308,5.0,1.0,0.02628361858190709,0.5757575757575758,0.4230902777777778,0.48775683263018743,HOW-profile(HoD-cond),Wolf_retail_Harriett,123,Wolf
6,6,0.625,1.0,0.7692307692307693,2.8333333333333335,1.0,0.022616136919315404,0.625,0.37847222222222215,0.4714532871972318,TOWT(HoW-cond),Wolf_retail_Harriett,123,Wolf
6,4,0.7419354838709677,0.6666666666666666,0.7022900763358778,50.5,0.6666666666666666,0.007596685082872928,0.7419354838709677,0.14253472222222222,0.23912974653487915,PatchTST-SSL(HoW-cond),Wolf_retail_Marcella,123,Wolf
6,4,0.4230769230769231,0.6666666666666666,0.5176470588235295,61.0,0.6666666666666666,0.03314917127071823,0.4230769230769231,0.06927083333333334,0.11904955651395557,PatchTST-SSL(global-MAD),Wolf_retail_Marcella,123,Wolf
6,4,0.8571428571428571,0.6666666666666666,0.75,56.25,0.6666666666666666,0.0020718232044198894,0.8571428571428571,0.1328125,0.22998872604284104,PatchTST-SSL(HoD-cond),Wolf_retail_Marcella,123,Wolf
6,4,0.625,0.6666666666666666,0.6451612903225806,56.25,0.6666666666666666,0.011049723756906077,0.625,0.14947916666666666,0.24125756556825823,HOW-profile(HoW-cond),Wolf_retail_Marcella,123,Wolf
6,4,0.42857142857142855,0.6666666666666666,0.5217391304347826,39.75,0.6666666666666666,0.06422651933701658,0.42857142857142855,0.16059027777777776,0.23363502420543042,HOW-profile(global-MAD),Wolf_retail_Marcella,123,Wolf
6,4,0.75,0.6666666666666666,0.7058823529411765,83.0,0.6666666666666666,0.003453038674033149,0.75,0.13107638888888887,0.2231527093596059,HOW-profile(HoD-cond),Wolf_retail_Marcella,123,Wolf
6,4,0.65625,0.6666666666666666,0.6614173228346457,64.0,0.6666666666666666,0.011740331491712707,0.65625,0.13559027777777777,0.22474512168384125,TOWT(HoW-cond),Wolf_retail_Marcella,123,Wolf
6,6,0.8292682926829268,1.0,0.9066666666666667,16.333333333333332,1.0,0.014114326040931546,0.8292682926829268,0.38737373737373737,0.5280711168710197,PatchTST-SSL(HoW-cond),Wolf_retail_Toshia,123,Wolf
6,6,0.7,1.0,0.8235294117647058,61.5,1.0,0.014820042342978124,0.7,0.29577020202020204,0.41583719013504095,PatchTST-SSL(global-MAD),Wolf_retail_Toshia,123,Wolf
6,6,0.6666666666666666,1.0,0.8,60.833333333333336,1.0,0.007057163020465773,0.6666666666666666,0.2785353535353536,0.392911212040253,PatchTST-SSL(HoD-cond),Wolf_retail_Toshia,123,Wolf
6,6,0.8421052631578947,1.0,0.9142857142857143,17.5,1.0,0.028228652081863093,0.8421052631578947,0.47859848484848483,0.6103265832911928,HOW-profile(HoW-cond),Wolf_retail_Toshia,123,Wolf
6,6,0.6829268292682927,1.0,0.8115942028985507,28.5,1.0,0.038108680310515175,0.6829268292682927,0.3836489898989899,0.4912996966840244,HOW-profile(global-MAD),Wolf_retail_Toshia,123,Wolf
6,6,0.8333333333333334,1.0,0.9090909090909091,16.666666666666668,1.0,0.019054340155257588,0.8333333333333334,0.4778409090909091,0.607395637729308,HOW-profile(HoD-cond),Wolf_retail_Toshia,123,Wolf
6,6,0.8070175438596491,1.0,0.8932038834951457,14.0,1.0,0.030345800988002825,0.8070175438596491,0.47613636363636364,0.5989155260009632,TOWT(HoW-cond),Wolf_retail_Toshia,123,Wolf
6,4,0.8333333333333334,0.6666666666666666,0.7407407407407408,36.75,0.6666666666666666,0.0013413816230717639,0.8333333333333334,0.23449074074074075,0.3659946527928319,PatchTST-SSL(HoW-cond),Fox_education_Henrietta,124,Fox
6,3,1.0,0.5,0.6666666666666666,90.33333333333333,0.5,0.0,1.0,0.09510030864197531,0.17368328342434386,PatchTST-SSL(global-MAD),Fox_education_Henrietta,124,Fox
6,4,0.8888888888888888,0.6666666666666666,0.761904761904762,56.75,0.6666666666666666,0.0006706908115358819,0.8888888888888888,0.13479938271604938,0.23409797073775365,PatchTST-SSL(HoD-cond),Fox_education_Henrietta,124,Fox
6,4,0.8333333333333334,0.6666666666666666,0.7407407407407408,30.5,0.6666666666666666,0.008048289738430584,0.8271604938271605,0.22590663580246914,0.3548891408184454,HOW-profile(HoW-cond),Fox_education_Henrietta,124,Fox
6,4,0.5238095238095238,0.6666666666666666,0.5866666666666667,30.75,0.6666666666666666,0.010731052984574111,0.5238095238095238,0.21828703703703703,0.30815620218944495,HOW-profile(global-MAD),Fox_education_Henrietta,124,Fox
6,4,0.5769230769230769,0.6666666666666666,0.6185567010309277,30.75,0.6666666666666666,0.01676727028839705,0.5769230769230769,0.22407407407407406,0.3227814333985417,HOW-profile(HoD-cond),Fox_education_Henrietta,124,Fox
6,4,0.68,0.6666666666666666,0.6732673267326733,30.75,0.6666666666666666,0.015425888665325285,0.6759999999999999,0.2451003086419753,0.35976061909317386,TOWT(HoW-cond),Fox_education_Henrietta,124,Fox
6,5,0.54,0.8333333333333334,0.6553398058252428,71.2,0.8333333333333334,0.07415107415107415,0.54,0.2673465423465423,0.3576336190095808,PatchTST-SSL(HoW-cond),Fox_retail_Manie,124,Fox
6,6,0.5806451612903226,1.0,0.7346938775510204,62.333333333333336,1.0,0.042966042966042964,0.5806451612903226,0.45318015318015314,0.5090547879873527,PatchTST-SSL(global-MAD),Fox_retail_Manie,124,Fox
6,6,0.4634146341463415,1.0,0.6333333333333334,31.5,1.0,0.06999306999306999,0.4634146341463415,0.4282897657897658,0.4451604032374582,PatchTST-SSL(HoD-cond),Fox_retail_Manie,124,Fox
6,5,0.4666666666666667,0.8333333333333334,0.5982905982905983,31.2,0.8333333333333334,0.0997920997920998,0.4666666666666667,0.3032828282828283,0.3676396632775774,HOW-profile(HoW-cond),Fox_retail_Manie,124,Fox
6,5,0.4117647058823529,0.8333333333333334,0.5511811023622047,63.0,0.8333333333333334,0.09494109494109494,0.4117647058823529,0.4254176379176379,0.41847984456817783,HOW-profile(global-MAD),Fox_retail_Manie,124,Fox
6,6,0.5,1.0,0.6666666666666666,38.0,1.0,0.09216909216909216,0.5,0.4689713064713064,0.4839888481106368,HOW-profile(HoD-cond),Fox_retail_Manie,124,Fox
6,5,0.5344827586206896,0.8333333333333334,0.6512605042016807,31.6,0.8333333333333334,0.08523908523908524,0.5344827586206896,0.28149211899211896,0.36876793248598777,TOWT(HoW-cond),Fox_retail_Manie,124,Fox
6,5,0.5121951219512195,0.8333333333333334,0.6344410876132931,11.2,0.8333333333333334,0.028724114896459586,0.5121951219512195,0.35679713804713803,0.42060156815262173,PatchTST-SSL(HoW-cond),Hog_education_Bruno,124,Hog
6,5,0.46153846153846156,0.8333333333333334,0.594059405940594,20.8,0.8333333333333334,0.03740814963259853,0.46153846153846156,0.33409090909090905,0.38760711931443637,PatchTST-SSL(global-MAD),Hog_education_Bruno,124,Hog
6,5,0.75,0.8333333333333334,0.7894736842105262,15.6,0.8333333333333334,0.01002004008016032,0.75,0.3213173400673401,0.449890981948182,PatchTST-SSL(HoD-cond),Hog_education_Bruno,124,Hog
6,5,0.5882352941176471,0.8333333333333334,0.6896551724137931,10.4,0.8333333333333334,0.014696058784235137,0.5764705882352942,0.4458122895622895,0.5027916996128795,HOW-profile(HoW-cond),Hog_education_Bruno,124,Hog
6,5,0.3611111111111111,0.8333333333333334,0.5038759689922481,10.8,0.8333333333333334,0.028056112224448898,0.3541666666666667,0.453303872053872,0.39764948355094554,HOW-profile(global-MAD),Hog_education_Bruno,124,Hog
6,5,0.5384615384615384,0.8333333333333334,0.6542056074766356,10.2,0.8333333333333334,0.02137608550434202,0.5282051282051282,0.4699705387205387,0.4973891007022545,HOW-profile(HoD-cond),Hog_education_Bruno,124,Hog
6,5,0.5348837209302325,0.8333333333333334,0.6515580736543909,15.4,0.8333333333333334,0.04208416833667335,0.49147286821705427,0.3451388888888889,0.40550804650953287,TOWT(HoW-cond),Hog_education_Bruno,124,Hog
6,3,0.875,0.5,0.6363636363636364,87.66666666666667,0.5,0.012185215272136474,0.875,0.10412457912457912,0.18610299174690512,PatchTST-SSL(HoW-cond),Hog_education_Caridad,124,Hog
6,2,1.0,0.3333333333333333,0.5,61.0,0.3333333333333333,0.0,1.0,0.08434343434343435,0.15556590591523056,PatchTST-SSL(global-MAD),Hog_education_Caridad,124,Hog
6,3,0.75,0.5,0.6,41.0,0.5,0.008935824532900082,0.75,0.1364718614718615,0.23092418508118667,PatchTST-SSL(HoD-cond),Hog_education_Caridad,124,Hog
6,3,0.96,0.5,0.6575342465753424,81.0,0.5,0.0008123476848090983,0.96,0.11043771043771045,0.1980875691997987,HOW-profile(HoW-cond),Hog_education_Caridad,124,Hog
6,3,0.8421052631578947,0.5,0.6274509803921569,37.666666666666664,0.5,0.006498781478472786,0.8421052631578947,0.14915824915824916,0.2534279636019093,HOW-profile(global-MAD),Hog_education_Caridad,124,Hog
6,2,1.0,0.3333333333333333,0.5,40.5,0.3333333333333333,0.0,1.0,0.11717171717171719,0.20976491862567814,HOW-profile(HoD-cond),Hog_education_Caridad,124,Hog
6,3,1.0,0.5,0.6666666666666666,86.33333333333333,0.5,0.0,1.0,0.09486531986531987,0.17329130468209425,TOWT(HoW-cond),Hog_education_Caridad,124,Hog
6,4,0.9230769230769231,0.6666666666666666,0.7741935483870968,76.5,0.6666666666666666,0.0016556291390728477,0.9230769230769231,0.12701187701187702,0.22329870124590137,PatchTST-SSL(HoW-cond),Hog_education_Josh,124,Hog
6,3,0.9166666666666666,0.5,0.6470588235294118,65.0,0.5,0.0016556291390728477,0.9166666666666666,0.09663947163947163,0.17484584172018275,PatchTST-SSL(global-MAD),Hog_education_Josh,124,Hog
6,3,1.0,0.5,0.6666666666666666,47.666666666666664,0.5,0.0,1.0,0.10945998445998446,0.19732119408211504,PatchTST-SSL(HoD-cond),Hog_education_Josh,124,Hog
6,4,0.9130434782608695,0.6666666666666666,0.7706422018348623,77.5,0.6666666666666666,0.0016556291390728477,0.9130434782608695,0.1277888777888778,0.22419902836654995,HOW-profile(HoW-cond),Hog_education_Josh,124,Hog
6,3,1.0,0.5,0.6666666666666666,58.333333333333336,0.5,0.0,1.0,0.11616161616161617,0.20814479638009054,HOW-profile(global-MAD),Hog_education_Josh,124,Hog
6,3,1.0,0.5,0.6666666666666666,59.333333333333336,0.5,0.0,1.0,0.13014763014763014,0.2303196974905466,HOW-profile(HoD-cond),Hog_education_Josh,124,Hog
6,4,0.7105263157894737,0.6666666666666666,0.6878980891719745,71.75,0.6666666666666666,0.012417218543046357,0.7105263157894737,0.12244005994005995,0.20888450537528358,TOWT(HoW-cond),Hog_education_Josh,124,Hog
6,4,0.5,0.6666666666666666,0.5714285714285715,4.25,0.6666666666666666,0.006752954417557681,0.5,0.4381944444444444,0.4670614359733531,PatchTST-SSL(HoW-cond),Hog_education_Luvenia,124,Hog
6,5,0.35,0.8333333333333334,0.49295774647887325,36.6,0.8333333333333334,0.023635340461451885,0.35,0.43489583333333326,0.3878566688785666,PatchTST-SSL(global-MAD),Hog_education_Luvenia,124,Hog
6,4,0.5882352941176471,0.6666666666666666,0.625,5.75,0.6666666666666666,0.0039392234102419805,0.5882352941176471,0.4454861111111111,0.5070044061567643,PatchTST-SSL(HoD-cond),Hog_education_Luvenia,124,Hog
6,4,0.4,0.6666666666666666,0.5,3.75,0.6666666666666666,0.0061902082160945416,0.4,0.4767361111111111,0.435009900990099,HOW-profile(HoW-cond),Hog_education_Luvenia,124,Hog
6,5,0.23076923076923078,0.8333333333333334,0.3614457831325301,20.6,0.8333333333333334,0.020258863252673044,0.23076923076923078,0.4836805555555555,0.3124602788889304,HOW-profile(global-MAD),Hog_education_Luvenia,124,Hog
6,4,0.35294117647058826,0.6666666666666666,0.46153846153846156,4.25,0.6666666666666666,0.008441193021947102,0.35294117647058826,0.4732638888888889,0.4043410546092804,HOW-profile(HoD-cond),Hog_education_Luvenia,124,Hog
6,4,0.5,0.6666666666666666,0.5714285714285715,3.75,0.6666666666666666,0.0039392234102419805,0.5,0.4776041666666666,0.4885455514118274,TOWT(HoW-cond),Hog_education_Luvenia,124,Hog
6,5,0.6,0.8333333333333334,0.6976744186046512,34.2,0.8333333333333334,0.03411371237458194,0.5885714285714286,0.24829144620811286,0.3492501713265094,PatchTST-SSL(HoW-cond),Hog_office_Almeda,124,Hog
6,3,0.6666666666666666,0.5,0.5714285714285715,34.0,0.5,0.0033444816053511705,0.6666666666666666,0.18661816578483245,0.2916074581234121,PatchTST-SSL(global-MAD),Hog_office_Almeda,124,Hog
6,3,0.42857142857142855,0.5,0.4615384615384615,43.666666666666664,0.5,0.010033444816053512,0.42857142857142855,0.23015873015873015,0.2994836488812392,PatchTST-SSL(HoD-cond),Hog_office_Almeda,124,Hog
6,5,0.5925925925925926,0.8333333333333334,0.6926406926406925,23.4,0.8333333333333334,0.036120401337792644,0.5802469135802469,0.2654872134038801,0.36429447803402404,HOW-profile(HoW-cond),Hog_office_Almeda,124,Hog
6,4,0.6136363636363636,0.6666666666666666,0.6390532544378698,16.75,0.6666666666666666,0.04882943143812709,0.6136363636363636,0.21450617283950615,0.3178892088768423,HOW-profile(global-MAD),Hog_office_Almeda,124,Hog
6,5,0.47619047619047616,0.8333333333333334,0.6060606060606061,14.2,0.8333333333333334,0.03545150501672241,0.47619047619047616,0.2490079365079365,0.3270145267409289,HOW-profile(HoD-cond),Hog_office_Almeda,124,Hog
6,5,0.5555555555555556,0.8333333333333334,0.6666666666666667,62.0,0.8333333333333334,0.04280936454849498,0.541880341880342,0.2584325396825397,0.34996191160313483,TOWT(HoW-cond),Hog_office_Almeda,124,Hog
6,5,0.7317073170731707,0.8333333333333334,0.7792207792207793,3.6,0.8333333333333334,0.009774436090225564,0.7317073170731707,0.1476851851851852,0.24576586756378485,PatchTST-SSL(HoW-cond),Hog_office_Cortney,124,Hog
6,6,0.6,1.0,0.7499999999999999,78.83333333333333,1.0,0.045112781954887216,0.5666666666666667,0.13330026455026453,0.21582967197366965,PatchTST-SSL(global-MAD),Hog_office_Cortney,124,Hog
6,4,0.9,0.6666666666666666,0.7659574468085106,39.5,0.6666666666666666,0.0007518796992481203,0.9,0.12291666666666667,0.21629327902240328,PatchTST-SSL(HoD-cond),Hog_office_Cortney,124,Hog
6,5,0.7619047619047619,0.8333333333333334,0.7960199004975124,13.6,0.8333333333333334,0.009022556390977444,0.7619047619047619,0.24173280423280427,0.3670196909076646,HOW-profile(HoW-cond),Hog_office_Cortney,124,Hog
6,5,0.375,0.8333333333333334,0.5172413793103448,24.4,0.8333333333333334,0.05112781954887218,0.375,0.16360780423280427,0.22782041442824252,HOW-profile(global-MAD),Hog_office_Cortney,124,Hog
6,6,0.6078431372549019,1.0,0.7560975609756097,58.166666666666664,1.0,0.02330827067669173,0.6078431372549019,0.20643187830687829,0.3081961208226579,HOW-profile(HoD-cond),Hog_office_Cortney,124,Hog
6,5,0.7560975609756098,0.8333333333333334,0.792838874680307,13.4,0.8333333333333334,0.009774436090225564,0.7560975609756098,0.16276455026455025,0.26786582657591623,TOWT(HoW-cond),Hog_office_Cortney,124,Hog
6,6,0.5405405405405406,1.0,0.7017543859649124,23.666666666666668,1.0,0.016033254156769598,0.5405405405405406,0.4888888888888889,0.5134189031505251,PatchTST-SSL(HoW-cond),Hog_office_Denita,124,Hog
6,4,0.6666666666666666,0.6666666666666666,0.6666666666666666,34.5,0.6666666666666666,0.0017814726840855108,0.6666666666666666,0.36426767676767674,0.47111655439885686,PatchTST-SSL(global-MAD),Hog_office_Denita,124,Hog
6,6,0.7692307692307693,1.0,0.8695652173913044,60.833333333333336,1.0,0.0035629453681710215,0.7692307692307693,0.42904040404040406,0.5508453969231767,PatchTST-SSL(HoD-cond),Hog_office_Denita,124,Hog
6,6,0.8076923076923077,1.0,0.8936170212765957,19.5,1.0,0.006532066508313539,0.8076923076923077,0.5040404040404041,0.6207202938040517,HOW-profile(HoW-cond),Hog_office_Denita,124,Hog
6,6,0.5344827586206896,1.0,0.6966292134831461,7.833333333333333,1.0,0.023752969121140142,0.5301724137931034,0.5474747474747474,0.5386846804625193,HOW-profile(global-MAD),Hog_office_Denita,124,Hog
6,6,0.9047619047619048,1.0,0.9500000000000001,16.0,1.0,0.0011876484560570072,0.9047619047619048,0.47007575757575754,0.6187008829587646,HOW-profile(HoD-cond),Hog_office_Denita,124,Hog
6,6,0.84,1.0,0.9130434782608696,19.833333333333332,1.0,0.0035629453681710215,0.84,0.49116161616161613,0.6198732784459535,TOWT(HoW-cond),Hog_office_Denita,124,Hog
6,6,0.36,1.0,0.5294117647058824,1.8333333333333333,1.0,0.053418803418803416,0.35,0.7661458333333333,0.4804946336910872,PatchTST-SSL(HoW-cond),Hog_office_Garrett,124,Hog
6,6,0.625,1.0,0.7692307692307693,10.5,1.0,0.009081196581196582,0.625,0.5829861111111111,0.6032624317332567,PatchTST-SSL(global-MAD),Hog_office_Garrett,124,Hog
6,6,0.5428571428571428,1.0,0.7037037037037037,2.0,1.0,0.03418803418803419,0.5174603174603174,0.7210069444444446,0.6025068144142942,PatchTST-SSL(HoD-cond),Hog_office_Garrett,124,Hog
6,6,0.35185185185185186,1.0,0.5205479452054794,1.8333333333333333,1.0,0.05555555555555555,0.33641975308641975,0.7850694444444444,0.47100385672403977,HOW-profile(HoW-cond),Hog_office_Garrett,124,Hog
6,6,0.8,1.0,0.888888888888889,2.0,1.0,0.002670940170940171,0.8,0.7402777777777777,0.768981064021641,HOW-profile(global-MAD),Hog_office_Garrett,124,Hog
6,6,0.35294117647058826,1.0,0.5217391304347826,1.8333333333333333,1.0,0.05448717948717949,0.3372549019607843,0.7940972222222222,0.47343912669326543,HOW-profile(HoD-cond),Hog_office_Garrett,124,Hog
6,6,0.9565217391304348,1.0,0.9777777777777777,2.0,1.0,0.0005341880341880342,0.9565217391304348,0.7095486111111112,0.8147299078927698,TOWT(HoW-cond),Hog_office_Garrett,124,Hog
6,3,0.4666666666666667,0.5,0.4827586206896552,43.666666666666664,0.5,0.03608247422680412,0.4666666666666667,0.020103815937149272,0.03854704057027025,PatchTST-SSL(HoW-cond),Hog_office_Lavon,124,Hog
6,1,0.6666666666666666,0.16666666666666666,0.26666666666666666,75.0,0.16666666666666666,0.003436426116838488,0.6666666666666666,0.0025252525252525255,0.005031446540880504,PatchTST-SSL(global-MAD),Hog_office_Lavon,124,Hog
6,1,0.5,0.16666666666666666,0.25,74.0,0.16666666666666666,0.007731958762886598,0.5,0.005681818181818181,0.011235955056179773,PatchTST-SSL(HoD-cond),Hog_office_Lavon,124,Hog
6,3,0.4,0.5,0.4444444444444445,35.333333333333336,0.5,0.044673539518900345,0.4,0.125645342312009,0.1912245115832177,HOW-profile(HoW-cond),Hog_office_Lavon,124,Hog
6,3,0.3548387096774194,0.5,0.41509433962264153,29.333333333333332,0.5,0.10395189003436427,0.3548387096774194,0.1381172839506173,0.198838677101742,HOW-profile(global-MAD),Hog_office_Lavon,124,Hog
6,3,0.3448275862068966,0.5,0.40816326530612246,34.666666666666664,0.5,0.0936426116838488,0.3448275862068966,0.12909652076318742,0.18786147818932727,HOW-profile(HoD-cond),Hog_office_Lavon,124,Hog
6,2,0.8,0.3333333333333333,0.47058823529411764,22.5,0.3333333333333333,0.000859106529209622,0.8,0.011419753086419753,0.022518067706352226,TOWT(HoW-cond),Hog_office_Lavon,124,Hog
6,5,0.8461538461538461,0.8333333333333334,0.8396946564885497,49.4,0.8333333333333334,0.0025974025974025974,0.8461538461538461,0.23271604938271603,0.3650367501430395,PatchTST-SSL(HoW-cond),Hog_office_Merilyn,124,Hog
6,5,1.0,0.8333333333333334,0.9090909090909091,59.0,0.8333333333333334,0.003246753246753247,0.9537037037037037,0.16947200176366842,0.28780194402234843,PatchTST-SSL(global-MAD),Hog_office_Merilyn,124,Hog
6,5,1.0,0.8333333333333334,0.9090909090909091,49.0,0.8333333333333334,0.003896103896103896,0.9629629629629629,0.22911981922398592,0.37016540007179954,PatchTST-SSL(HoD-cond),Hog_office_Merilyn,124,Hog
6,4,1.0,0.6666666666666666,0.8,62.0,0.6666666666666666,0.0,1.0,0.22257495590828924,0.3641084824004616,HOW-profile(HoW-cond),Hog_office_Merilyn,124,Hog
6,4,0.8,0.6666666666666666,0.7272727272727272,73.5,0.6666666666666666,0.0006493506493506494,0.8,0.2128747795414462,0.33627024203378025,HOW-profile(global-MAD),Hog_office_Merilyn,124,Hog
6,4,1.0,0.6666666666666666,0.8,73.5,0.6666666666666666,0.0,1.0,0.2128747795414462,0.35102515631816195,HOW-profile(HoD-cond),Hog_office_Merilyn,124,Hog
6,5,0.7692307692307693,0.8333333333333334,0.8,49.8,0.8333333333333334,0.003896103896103896,0.7692307692307693,0.22787973985890653,0.3516001606357741,TOWT(HoW-cond),Hog_office_Merilyn,124,Hog
6,5,0.9047619047619048,0.8333333333333334,0.867579908675799,57.2,0.8333333333333334,0.0015873015873015873,0.9047619047619048,0.022023809523809525,0.04300088693152277,PatchTST-SSL(HoW-cond),Hog_office_Miriam,124,Hog
6,5,0.6470588235294118,0.8333333333333334,0.728476821192053,103.0,0.8333333333333334,0.011111111111111112,0.6470588235294118,0.0216820987654321,0.041958231808710646,PatchTST-SSL(global-MAD),Hog_office_Miriam,124,Hog
6,5,0.875,0.8333333333333334,0.8536585365853658,51.6,0.8333333333333334,0.0031746031746031746,0.875,0.03487654320987654,0.06707937584803256,PatchTST-SSL(HoD-cond),Hog_office_Miriam,124,Hog
6,5,0.9583333333333334,0.8333333333333334,0.8914728682170543,47.2,0.8333333333333334,0.0007936507936507937,0.9583333333333334,0.030776014109347438,0.059636844529636385,HOW-profile(HoW-cond),Hog_office_Miriam,124,Hog
6,4,0.8387096774193549,0.6666666666666666,0.7428571428571428,30.75,0.6666666666666666,0.003968253968253968,0.8387096774193549,0.04348544973544974,0.08268390154835824,HOW-profile(global-MAD),Hog_office_Miriam,124,Hog
6,4,0.8064516129032258,0.6666666666666666,0.7299270072992701,30.75,0.6666666666666666,0.004761904761904762,0.8064516129032258,0.03753306878306878,0.07172785126108305,HOW-profile(HoD-cond),Hog_office_Miriam,124,Hog
6,5,0.9666666666666667,0.8333333333333334,0.8950617283950617,43.8,0.8333333333333334,0.0007936507936507937,0.9666666666666667,0.043033509700176366,0.08239883551673945,TOWT(HoW-cond),Hog_office_Miriam,124,Hog
6,5,0.5952380952380952,0.8333333333333334,0.6944444444444444,7.8,0.8333333333333334,0.017210682492581602,0.5833333333333334,0.31006944444444445,0.4049099624303667,PatchTST-SSL(HoW-cond),Hog_office_Napoleon,124,Hog
6,3,0.6666666666666666,0.5,0.5714285714285715,57.333333333333336,0.5,0.0035608308605341245,0.6666666666666666,0.14305555555555557,0.2355631789594054,PatchTST-SSL(global-MAD),Hog_office_Napoleon,124,Hog
6,5,0.7692307692307693,0.8333333333333334,0.8,47.4,0.8333333333333334,0.004154302670623145,0.75,0.27118055555555554,0.39833390003400204,PatchTST-SSL(HoD-cond),Hog_office_Napoleon,124,Hog
6,5,0.5263157894736842,0.8333333333333334,0.6451612903225806,4.0,0.8333333333333334,0.02195845697329377,0.5175438596491229,0.3046296296296296,0.3835180684804299,HOW-profile(HoW-cond),Hog_office_Napoleon,124,Hog
6,6,0.6486486486486487,1.0,0.7868852459016393,27.666666666666668,1.0,0.00830860534124629,0.6486486486486487,0.2744212962962963,0.3856760887467086,HOW-profile(global-MAD),Hog_office_Napoleon,124,Hog
6,5,0.4583333333333333,0.8333333333333334,0.5913978494623655,4.0,0.8333333333333334,0.028486646884272996,0.4513888888888889,0.31666666666666665,0.37221217600964435,HOW-profile(HoD-cond),Hog_office_Napoleon,124,Hog
6,5,0.509090909090909,0.8333333333333334,0.6320541760722348,5.0,0.8333333333333334,0.02314540059347181,0.5,0.3038194444444444,0.3779697624190065,TOWT(HoW-cond),Hog_office_Napoleon,124,Hog
6,5,0.5945945945945946,0.8333333333333334,0.694006309148265,17.2,0.8333333333333334,0.015168539325842697,0.5945945945945946,0.29841820987654316,0.3973915124907319,PatchTST-SSL(HoW-cond),Hog_office_Shawna,124,Hog
6,2,1.0,0.3333333333333333,0.5,0.5,0.3333333333333333,0.0,1.0,0.25,0.4,PatchTST-SSL(global-MAD),Hog_office_Shawna,124,Hog
6,4,0.8,0.6666666666666666,0.7272727272727272,46.5,0.6666666666666666,0.0044943820224719105,0.8,0.2584876543209877,0.39072751129902317,PatchTST-SSL(HoD-cond),Hog_office_Shawna,124,Hog
6,5,0.625,0.8333333333333334,0.7142857142857143,3.0,0.8333333333333334,0.020786516853932586,0.625,0.40779320987654316,0.4935562196488607,HOW-profile(HoW-cond),Hog_office_Shawna,124,Hog
6,5,0.22666666666666666,0.8333333333333334,0.35639412997903563,37.2,0.8333333333333334,0.05730337078651685,0.22666666666666666,0.31983024691358025,0.2653074671260084,HOW-profile(global-MAD),Hog_office_Shawna,124,Hog
6,5,0.4489795918367347,0.8333333333333334,0.583554376657825,3.0,0.8333333333333334,0.02696629213483146,0.4489795918367347,0.38271604938271614,0.41320811875189345,HOW-profile(HoD-cond),Hog_office_Shawna,124,Hog
6,5,0.5892857142857143,0.8333333333333334,0.6903765690376569,3.0,0.8333333333333334,0.023033707865168538,0.5892857142857143,0.388695987654321,0.4684197920482403,TOWT(HoW-cond),Hog_office_Shawna,124,Hog
6,5,0.6410256410256411,0.8333333333333334,0.7246376811594204,13.4,0.8333333333333334,0.019002375296912115,0.6410256410256411,0.35027356902356904,0.45301022504905686,PatchTST-SSL(HoW-cond),Hog_office_Shawnna,124,Hog
6,4,0.6923076923076923,0.6666666666666666,0.6792452830188679,69.0,0.6666666666666666,0.007125890736342043,0.6923076923076923,0.20086279461279463,0.3113825632289109,PatchTST-SSL(global-MAD),Hog_office_Shawnna,124,Hog
6,4,0.65,0.6666666666666666,0.6582278481012659,35.5,0.6666666666666666,0.011282660332541567,0.65,0.27504208754208753,0.3865280495017972,PatchTST-SSL(HoD-cond),Hog_office_Shawnna,124,Hog
6,5,0.6382978723404256,0.8333333333333334,0.7228915662650603,7.4,0.8333333333333334,0.0172209026128266,0.6382978723404256,0.44239267676767674,0.5225886439977503,HOW-profile(HoW-cond),Hog_office_Shawnna,124,Hog
6,4,0.8571428571428571,0.6666666666666666,0.75,43.25,0.6666666666666666,0.0035629453681710215,0.8571428571428571,0.25841750841750843,0.3971111350652151,HOW-profile(global-MAD),Hog_office_Shawnna,124,Hog
6,5,0.5681818181818182,0.8333333333333334,0.6756756756756758,13.0,0.8333333333333334,0.021377672209026127,0.5681818181818182,0.4421296296296296,0.497292230785253,HOW-profile(HoD-cond),Hog_office_Shawnna,124,Hog
6,5,0.9428571428571428,0.8333333333333334,0.8847184986595175,41.8,0.8333333333333334,0.005344418052256532,0.9428571428571428,0.28119739057239057,0.43319796792245,TOWT(HoW-cond),Hog_office_Shawnna,124,Hog
6,4,0.918918918918919,0.6666666666666666,0.7727272727272727,63.0,0.6666666666666666,0.004488330341113106,0.918918918918919,0.20168566001899335,0.3307728205818271,PatchTST-SSL(HoW-cond),Hog_office_Sherrie,124,Hog
6,3,0.7894736842105263,0.5,0.6122448979591837,66.66666666666667,0.5,0.017055655296229804,0.7894736842105263,0.13900759734093068,0.236392143140725,PatchTST-SSL(global-MAD),Hog_office_Sherrie,124,Hog
6,3,0.9259259259259259,0.5,0.6493506493506493,64.0,0.5,0.003590664272890485,0.9259259259259259,0.17663817663817663,0.2966791080486171,PatchTST-SSL(HoD-cond),Hog_office_Sherrie,124,Hog
6,4,0.8235294117647058,0.6666666666666666,0.7368421052631577,64.75,0.6666666666666666,0.011669658886894075,0.8235294117647058,0.19444444444444445,0.3146067415730337,HOW-profile(HoW-cond),Hog_office_Sherrie,124,Hog
6,4,0.7333333333333333,0.6666666666666666,0.6984126984126984,64.75,0.6666666666666666,0.02244165170556553,0.7333333333333333,0.15254036087369421,0.2525482628931829,HOW-profile(global-MAD),Hog_office_Sherrie,124,Hog
6,4,0.8285714285714286,0.6666666666666666,0.7388535031847134,60.75,0.6666666666666666,0.008976660682226212,0.8285714285714286,0.18542260208926875,0.3030311139059291,HOW-profile(HoD-cond),Hog_office_Sherrie,124,Hog
6,5,0.8478260869565217,0.8333333333333334,0.8405172413793104,47.4,0.8333333333333334,0.00718132854578097,0.8478260869565217,0.20289648622981957,0.3274335935427715,TOWT(HoW-cond),Hog_office_Sherrie,124,Hog
6,6,0.8571428571428571,1.0,0.923076923076923,32.333333333333336,1.0,0.007523148148148148,0.8571428571428571,0.5088857323232324,0.6386217300667976,PatchTST-SSL(HoW-cond),Hog_office_Shon,124,Hog
6,6,0.75,1.0,0.8571428571428571,30.833333333333332,1.0,0.008680555555555556,0.75,0.3545770202020202,0.4815105878318521,PatchTST-SSL(global-MAD),Hog_office_Shon,124,Hog
6,6,0.9166666666666666,1.0,0.9565217391304348,32.333333333333336,1.0,0.003472222222222222,0.9166666666666666,0.4513257575757576,0.6048502468964881,PatchTST-SSL(HoD-cond),Hog_office_Shon,124,Hog
6,6,0.6666666666666666,1.0,0.8,27.666666666666668,1.0,0.01099537037037037,0.6666666666666666,0.4962594696969697,0.5689779189229538,HOW-profile(HoW-cond),Hog_office_Shon,124,Hog
6,6,0.4444444444444444,1.0,0.6153846153846153,30.5,1.0,0.03298611111111111,0.4296296296296297,0.4658459595959596,0.4470054337466741,HOW-profile(global-MAD),Hog_office_Shon,124,Hog
6,6,0.6896551724137931,1.0,0.8163265306122449,32.166666666666664,1.0,0.013310185185185185,0.6896551724137931,0.46032196969696965,0.5521212826796226,HOW-profile(HoD-cond),Hog_office_Shon,124,Hog
6,6,0.7586206896551724,1.0,0.8627450980392156,32.166666666666664,1.0,0.009259259259259259,0.7586206896551724,0.46205808080808075,0.5743146000488647,TOWT(HoW-cond),Hog_office_Shon,124,Hog
6,5,0.6923076923076923,0.8333333333333334,0.7563025210084034,32.0,0.8333333333333334,0.028910303928836176,0.6923076923076923,0.3597470238095238,0.47346516878383155,PatchTST-SSL(HoW-cond),Hog_office_Sydney,124,Hog
6,5,0.5897435897435898,0.8333333333333334,0.6906906906906907,48.4,0.8333333333333334,0.022979985174203115,0.5897435897435898,0.31216931216931215,0.40824308062575204,PatchTST-SSL(global-MAD),Hog_office_Sydney,124,Hog
6,5,0.6444444444444445,0.8333333333333334,0.7268170426065164,40.6,0.8333333333333334,0.020756115641215715,0.6444444444444445,0.35019841269841273,0.45379790322938146,PatchTST-SSL(HoD-cond),Hog_office_Sydney,124,Hog
6,5,0.7678571428571429,0.8333333333333334,0.7992565055762082,27.8,0.8333333333333334,0.014084507042253521,0.7678571428571429,0.3927331349206349,0.5196716682185215,HOW-profile(HoW-cond),Hog_office_Sydney,124,Hog
6,5,0.8,0.8333333333333334,0.816326530612245,33.2,0.8333333333333334,0.005189028910303929,0.8,0.39103835978835977,0.5253074936835384,HOW-profile(global-MAD),Hog_office_Sydney,124,Hog
6,5,0.7021276595744681,0.8333333333333334,0.7621247113163973,36.0,0.8333333333333334,0.01630837657524092,0.7021276595744681,0.3941798941798942,0.5049032191815988,HOW-profile(HoD-cond),Hog_office_Sydney,124,Hog
6,5,0.7727272727272727,0.8333333333333334,0.8018867924528302,33.0,0.8333333333333334,0.00815418828762046,0.7727272727272727,0.3884341931216931,0.5169887281188612,TOWT(HoW-cond),Hog_office_Sydney,124,Hog
6,3,0.8787878787878788,0.5,0.6373626373626373,48.0,0.5,0.0032441200324412004,0.8787878787878788,0.11574074074074074,0.2045422485540979,PatchTST-SSL(HoW-cond),Hog_office_Valda,124,Hog
6,3,0.6190476190476191,0.5,0.5531914893617021,54.0,0.5,0.0340632603406326,0.6190476190476191,0.05833333333333333,0.1066198008201523,PatchTST-SSL(global-MAD),Hog_office_Valda,124,Hog
6,3,0.8636363636363636,0.5,0.6333333333333333,55.333333333333336,0.5,0.0032441200324412004,0.8636363636363636,0.09155092592592594,0.16555226313876253,PatchTST-SSL(HoD-cond),Hog_office_Valda,124,Hog
6,2,0.7894736842105263,0.3333333333333333,0.46875,24.0,0.3333333333333333,0.012165450121654502,0.7894736842105263,0.10636574074074073,0.18747322539626413,HOW-profile(HoW-cond),Hog_office_Valda,124,Hog
6,3,0.6875,0.5,0.5789473684210527,43.0,0.5,0.0364963503649635,0.6875,0.14363425925925927,0.23762359002924388,HOW-profile(global-MAD),Hog_office_Valda,124,Hog
6,3,0.8333333333333334,0.5,0.625,43.333333333333336,0.5,0.014598540145985401,0.8333333333333334,0.13101851851851853,0.2264362297967675,HOW-profile(HoD-cond),Hog_office_Valda,124,Hog
6,3,0.625,0.5,0.5555555555555556,50.0,0.5,0.0170316301703163,0.625,0.1416666666666667,0.23097826086956524,TOWT(HoW-cond),Hog_office_Valda,124,Hog
6,5,0.9459459459459459,0.8333333333333334,0.8860759493670887,30.8,0.8333333333333334,0.0015885623510722795,0.9459459459459459,0.2717978395061728,0.4222662722146823,PatchTST-SSL(HoW-cond),Lamb_education_Armando,124,Lamb
6,4,0.6428571428571429,0.6666666666666666,0.6545454545454545,24.25,0.6666666666666666,0.030182684670373314,0.6428571428571429,0.25916280864197533,0.3694034980523944,PatchTST-SSL(global-MAD),Lamb_education_Armando,124,Lamb
6,4,1.0,0.6666666666666666,0.8,73.25,0.6666666666666666,0.0,1.0,0.18663194444444445,0.31455742501828826,PatchTST-SSL(HoD-cond),Lamb_education_Armando,124,Lamb
6,6,0.9347826086956522,1.0,0.9662921348314606,16.0,1.0,0.0023828435266084196,0.9347826086956522,0.396508487654321,0.5568267368056322,HOW-profile(HoW-cond),Lamb_education_Armando,124,Lamb
6,4,0.8,0.6666666666666666,0.7272727272727272,23.75,0.6666666666666666,0.013502779984114376,0.8,0.24006558641975306,0.36930838140104233,HOW-profile(global-MAD),Lamb_education_Armando,124,Lamb
6,6,1.0,1.0,1.0,25.666666666666668,1.0,0.0,1.0,0.3576388888888889,0.5268542199488492,HOW-profile(HoD-cond),Lamb_education_Armando,124,Lamb
6,4,1.0,0.6666666666666666,0.8,8.5,0.6666666666666666,0.0,1.0,0.24286265432098764,0.390811733664442,TOWT(HoW-cond),Lamb_education_Armando,124,Lamb
6,3,0.4473684210526316,0.5,0.4722222222222222,42.0,0.5,0.0647693817468106,0.4473684210526316,0.02793560606060606,0.052587427253185125,PatchTST-SSL(HoW-cond),Lamb_education_Eula,124,Lamb
6,3,0.35714285714285715,0.5,0.41666666666666663,42.0,0.5,0.11481844946025516,0.35714285714285715,0.04406916386083052,0.07845720601182633,PatchTST-SSL(global-MAD),Lamb_education_Eula,124,Lamb
6,3,0.3333333333333333,0.5,0.4,59.333333333333336,0.5,0.02453385672227674,0.3333333333333333,0.009224186307519642,0.017951605747244123,PatchTST-SSL(HoD-cond),Lamb_education_Eula,124,Lamb
6,4,0.49230769230769234,0.6666666666666666,0.5663716814159293,52.0,0.6666666666666666,0.1197252208047105,0.49230769230769234,0.0361952861952862,0.06743279998039745,HOW-profile(HoW-cond),Lamb_education_Eula,124,Lamb
6,3,0.42424242424242425,0.5,0.4590163934426229,30.666666666666668,0.5,0.09224730127576054,0.42424242424242425,0.0343013468013468,0.06347087209868302,HOW-profile(global-MAD),Lamb_education_Eula,124,Lamb
6,3,0.38181818181818183,0.5,0.4329896907216495,42.333333333333336,0.5,0.09519136408243375,0.38181818181818183,0.029093013468013466,0.0540663853085434,HOW-profile(HoD-cond),Lamb_education_Eula,124,Lamb
6,4,0.4927536231884058,0.6666666666666666,0.5666666666666667,54.5,0.6666666666666666,0.10402355250245339,0.4927536231884058,0.06102693602693602,0.10860346517749947,TOWT(HoW-cond),Lamb_education_Eula,124,Lamb
6,4,0.875,0.6666666666666666,0.7567567567567567,69.75,0.6666666666666666,0.0028530670470756064,0.875,0.37878787878787884,0.5287009063444109,PatchTST-SSL(HoW-cond),Lamb_education_Lazaro,124,Lamb
6,5,0.5185185185185185,0.8333333333333334,0.639269406392694,38.0,0.8333333333333334,0.06134094151212553,0.4888888888888889,0.39625420875420875,0.43772420606617746,PatchTST-SSL(global-MAD),Lamb_education_Lazaro,124,Lamb
6,4,0.7857142857142857,0.6666666666666666,0.721311475409836,86.25,0.6666666666666666,0.009985734664764621,0.7857142857142857,0.37752525252525254,0.5100015506280043,PatchTST-SSL(HoD-cond),Lamb_education_Lazaro,124,Lamb
6,6,1.0,1.0,1.0,49.666666666666664,1.0,0.0,1.0,0.41900778619528617,0.590564463805728,HOW-profile(HoW-cond),Lamb_education_Lazaro,124,Lamb
6,4,1.0,0.6666666666666666,0.8,56.5,0.6666666666666666,0.0,1.0,0.36868686868686873,0.5387453874538746,HOW-profile(global-MAD),Lamb_education_Lazaro,124,Lamb
6,6,1.0,1.0,1.0,50.5,1.0,0.0,1.0,0.40114688552188543,0.5725979048548793,HOW-profile(HoD-cond),Lamb_education_Lazaro,124,Lamb
6,6,0.9642857142857143,1.0,0.9818181818181818,50.0,1.0,0.0007132667617689016,0.9642857142857143,0.4177977693602693,0.5829986758712196,TOWT(HoW-cond),Lamb_education_Lazaro,124,Lamb
6,6,0.7205882352941176,1.0,0.8376068376068375,36.0,1.0,0.015777610818933134,0.7205882352941176,0.2659722222222222,0.3885346362469463,PatchTST-SSL(HoW-cond),Lamb_education_Lucas,124,Lamb
6,5,0.41509433962264153,0.8333333333333334,0.5541561712846348,45.0,0.8333333333333334,0.0879038317054846,0.41509433962264153,0.24027777777777778,0.3043704266464073,PatchTST-SSL(global-MAD),Lamb_education_Lucas,124,Lamb
6,5,0.4230769230769231,0.8333333333333334,0.5612244897959184,35.2,0.8333333333333334,0.012772351615326822,0.4230769230769231,0.18229166666666666,0.2547981469225678,PatchTST-SSL(HoD-cond),Lamb_education_Lucas,124,Lamb
6,6,0.8297872340425532,1.0,0.9069767441860465,29.0,1.0,0.015026296018031555,0.8297872340425532,0.3675347222222223,0.5094295965619688,HOW-profile(HoW-cond),Lamb_education_Lucas,124,Lamb
6,5,0.5268817204301075,0.8333333333333334,0.6455862977602107,44.6,0.8333333333333334,0.0638617580766341,0.5268817204301075,0.3029513888888889,0.3847027726224622,HOW-profile(global-MAD),Lamb_education_Lucas,124,Lamb
6,6,0.7804878048780488,1.0,0.8767123287671234,45.666666666666664,1.0,0.0202854996243426,0.7804878048780488,0.2977430555555556,0.43104836334360946,HOW-profile(HoD-cond),Lamb_education_Lucas,124,Lamb
6,5,0.8431372549019608,0.8333333333333334,0.838206627680312,48.8,0.8333333333333334,0.006010518407212622,0.8431372549019608,0.2456597222222222,0.3804655379949663,TOWT(HoW-cond),Lamb_education_Lucas,124,Lamb
6,6,0.54,1.0,0.7012987012987013,11.333333333333334,1.0,0.03519798868636078,0.54,0.34578373015873015,0.421600008959871,PatchTST-SSL(HoW-cond),Lamb_education_Mae,124,Lamb
6,5,0.5806451612903226,0.8333333333333334,0.6844106463878328,15.8,0.8333333333333334,0.03016970458830924,0.5806451612903226,0.19726631393298058,0.29448525781904217,PatchTST-SSL(global-MAD),Lamb_education_Mae,124,Lamb
6,6,0.8214285714285714,1.0,0.9019607843137255,19.166666666666668,1.0,0.006285355122564425,0.8214285714285714,0.25190145502645506,0.3855646394735973,PatchTST-SSL(HoD-cond),Lamb_education_Mae,124,Lamb
6,6,0.5531914893617021,1.0,0.7123287671232876,7.666666666666667,1.0,0.02262727844123193,0.5517730496453901,0.4444775132275132,0.49234745175974787,HOW-profile(HoW-cond),Lamb_education_Mae,124,Lamb
6,5,0.4146341463414634,0.8333333333333334,0.5537459283387621,11.6,0.8333333333333334,0.0678818353236958,0.4024390243902439,0.24679783950617282,0.30596254549196544,HOW-profile(global-MAD),Lamb_education_Mae,124,Lamb
6,6,0.5636363636363636,1.0,0.7209302325581396,8.5,1.0,0.03834066624764299,0.5636363636363636,0.32298831569664904,0.410653941853375,HOW-profile(HoD-cond),Lamb_education_Mae,124,Lamb
6,6,0.9142857142857143,1.0,0.955223880597015,8.333333333333334,1.0,0.00251414204902577,0.9142857142857143,0.26537698412698413,0.4113555269891995,TOWT(HoW-cond),Lamb_education_Mae,124,Lamb
6,6,0.8095238095238095,1.0,0.8947368421052632,35.0,1.0,0.03129890453834116,0.7936507936507935,0.3428696689113356,0.478862974867715,PatchTST-SSL(HoW-cond),Lamb_education_Williams,124,Lamb
6,6,0.6222222222222222,1.0,0.7671232876712328,39.166666666666664,1.0,0.061815336463223784,0.6037037037037037,0.28640397025813696,0.38849937520636435,PatchTST-SSL(global-MAD),Lamb_education_Williams,124,Lamb
6,5,0.75,0.8333333333333334,0.7894736842105262,50.6,0.8333333333333334,0.011737089201877934,0.7166666666666666,0.3047839506172839,0.4276829329707408,PatchTST-SSL(HoD-cond),Lamb_education_Williams,124,Lamb
6,6,0.7254901960784313,1.0,0.8409090909090908,33.5,1.0,0.03755868544600939,0.7124183006535947,0.3943374719416386,0.5076697833451295,HOW-profile(HoW-cond),Lamb_education_Williams,124,Lamb
6,5,0.5454545454545454,0.8333333333333334,0.6593406593406592,29.6,0.8333333333333334,0.046948356807511735,0.5227272727272727,0.4505050505050505,0.4839364060952021,HOW-profile(global-MAD),Lamb_education_Williams,124,Lamb
6,6,0.7045454545454546,1.0,0.8266666666666667,41.5,1.0,0.03912363067292645,0.6875,0.4465312850729517,0.5414140906490172,HOW-profile(HoD-cond),Lamb_education_Williams,124,Lamb
6,5,0.7317073170731707,0.8333333333333334,0.7792207792207793,36.4,0.8333333333333334,0.023474178403755867,0.7154471544715447,0.3955737934904602,0.5094632022112742,TOWT(HoW-cond),Lamb_education_Williams,124,Lamb
6,4,0.25806451612903225,0.6666666666666666,0.37209302325581395,50.25,0.6666666666666666,0.05401844532279315,0.25806451612903225,0.31805555555555554,0.28493662026596156,PatchTST-SSL(HoW-cond),Lamb_office_Caitlin,124,Lamb
6,2,0.2222222222222222,0.3333333333333333,0.26666666666666666,0.5,0.3333333333333333,0.024374176548089592,0.2222222222222222,0.3,0.25531914893617025,PatchTST-SSL(global-MAD),Lamb_office_Caitlin,124,Lamb
6,6,0.42857142857142855,1.0,0.6,50.833333333333336,1.0,0.06982872200263504,0.41125541125541126,0.33396164021164026,0.3686000781071559,PatchTST-SSL(HoD-cond),Lamb_office_Caitlin,124,Lamb
6,4,0.3333333333333333,0.6666666666666666,0.4444444444444444,57.0,0.6666666666666666,0.07839262187088274,0.3333333333333333,0.32222222222222224,0.3276836158192091,HOW-profile(HoW-cond),Lamb_office_Caitlin,124,Lamb
6,2,0.3333333333333333,0.3333333333333333,0.3333333333333333,0.5,0.3333333333333333,0.023715415019762844,0.3333333333333333,0.3,0.3157894736842105,HOW-profile(global-MAD),Lamb_office_Caitlin,124,Lamb
6,3,0.42857142857142855,0.5,0.4615384615384615,3.0,0.5,0.04808959156785244,0.42857142857142855,0.30277777777777776,0.35485621269669015,HOW-profile(HoD-cond),Lamb_office_Caitlin,124,Lamb
6,2,0.18181818181818182,0.3333333333333333,0.23529411764705885,1.0,0.3333333333333333,0.036231884057971016,0.18181818181818182,0.26666666666666666,0.21621621621621623,TOWT(HoW-cond),Lamb_office_Caitlin,124,Lamb
6,5,0.8108108108108109,0.8333333333333334,0.8219178082191781,18.8,0.8333333333333334,0.024473147518694765,0.8006756756756757,0.1958333333333333,0.3146965758842807,PatchTST-SSL(HoW-cond),Lamb_office_Velma,124,Lamb
6,4,0.75,0.6666666666666666,0.7058823529411765,41.75,0.6666666666666666,0.003399048266485384,0.75,0.11388888888888889,0.1977491961414791,PatchTST-SSL(global-MAD),Lamb_office_Velma,124,Lamb
6,5,0.7692307692307693,0.8333333333333334,0.8,23.0,0.8333333333333334,0.01291638341264446,0.7692307692307693,0.15694444444444444,0.2606990425654631,PatchTST-SSL(HoD-cond),Lamb_office_Velma,124,Lamb
6,5,0.7708333333333334,0.8333333333333334,0.8008658008658008,22.8,0.8333333333333334,0.02787219578518015,0.7662037037037037,0.3011574074074074,0.43237086034201627,HOW-profile(HoW-cond),Lamb_office_Velma,124,Lamb
6,5,0.7428571428571429,0.8333333333333334,0.7854984894259818,43.6,0.8333333333333334,0.017675050985723997,0.7428571428571429,0.2023148148148148,0.3180183332167098,HOW-profile(global-MAD),Lamb_office_Velma,124,Lamb
6,5,0.7083333333333334,0.8333333333333334,0.7657657657657657,22.4,0.8333333333333334,0.02991162474507138,0.6898148148148149,0.30509259259259264,0.4230693001051307,HOW-profile(HoD-cond),Lamb_office_Velma,124,Lamb
6,5,0.8222222222222222,0.8333333333333334,0.8277404921700224,32.2,0.8333333333333334,0.018354860639021073,0.8222222222222222,0.2159722222222222,0.3420884429580081,TOWT(HoW-cond),Lamb_office_Velma,124,Lamb
6,6,0.6231884057971014,1.0,0.7678571428571428,8.333333333333334,1.0,0.06135458167330677,0.6231884057971014,0.29831349206349206,0.40348372581417735,PatchTST-SSL(HoW-cond),Rat_retail_Jeffrey,124,Rat
6,4,0.8235294117647058,0.6666666666666666,0.7368421052631577,41.75,0.6666666666666666,0.009561752988047808,0.8235294117647058,0.1709490740740741,0.2831264676283127,PatchTST-SSL(global-MAD),Rat_retail_Jeffrey,124,Rat
6,6,0.6875,1.0,0.8148148148148148,36.0,1.0,0.03266932270916335,0.6875,0.2199404761904762,0.3332650049196458,PatchTST-SSL(HoD-cond),Rat_retail_Jeffrey,124,Rat
6,6,0.7183098591549296,1.0,0.8360655737704918,5.833333333333333,1.0,0.07569721115537849,0.699530516431925,0.3342427248677249,0.45234869040793885,HOW-profile(HoW-cond),Rat_retail_Jeffrey,124,Rat
6,5,0.7428571428571429,0.8333333333333334,0.7854984894259818,24.6,0.8333333333333334,0.054183266932270914,0.7428571428571429,0.22743055555555558,0.3482439548080364,HOW-profile(global-MAD),Rat_retail_Jeffrey,124,Rat
6,6,0.6585365853658537,1.0,0.7941176470588235,8.0,1.0,0.08286852589641434,0.651219512195122,0.32104828042328043,0.43007267371323643,HOW-profile(HoD-cond),Rat_retail_Jeffrey,124,Rat
6,5,0.7936507936507936,0.8333333333333334,0.8130081300813008,8.4,0.8333333333333334,0.028685258964143426,0.7936507936507936,0.2331349206349206,0.36040180967717195,TOWT(HoW-cond),Rat_retail_Jeffrey,124,Rat
6,6,0.40298507462686567,1.0,0.5744680851063829,10.333333333333334,1.0,0.03498056635202665,0.40298507462686567,0.3407407407407408,0.36925821317080426,PatchTST-SSL(HoW-cond),Robin_education_Zenia,124,Robin
6,5,0.34210526315789475,0.8333333333333334,0.4850746268656716,11.4,0.8333333333333334,0.08162132148806218,0.34210526315789475,0.25972222222222224,0.29527511235272685,PatchTST-SSL(global-MAD),Robin_education_Zenia,124,Robin
6,6,0.39285714285714285,1.0,0.5641025641025641,11.0,1.0,0.04608550805108273,0.39285714285714285,0.38981481481481484,0.3913300659117796,PatchTST-SSL(HoD-cond),Robin_education_Zenia,124,Robin
6,6,0.3723404255319149,1.0,0.5426356589147286,6.5,1.0,0.05885619100499723,0.36524822695035464,0.34074074074074073,0.3525691111359155,HOW-profile(HoW-cond),Robin_education_Zenia,124,Robin
6,4,0.3888888888888889,0.6666666666666666,0.49122807017543857,30.75,0.6666666666666666,0.02609661299278179,0.3888888888888889,0.20902777777777778,0.2719060523938573,HOW-profile(global-MAD),Robin_education_Zenia,124,Robin
6,6,0.32051282051282054,1.0,0.48543689320388356,6.5,1.0,0.05219322598556358,0.3141025641025641,0.3201388888888889,0.317092001459895,HOW-profile(HoD-cond),Robin_education_Zenia,124,Robin
6,6,0.34615384615384615,1.0,0.5142857142857142,3.3333333333333335,1.0,0.07884508606329817,0.34134615384615385,0.3372685185185185,0.33929508540841224,TOWT(HoW-cond),Robin_education_Zenia,124,Robin
6,3,0.8604651162790697,0.5,0.6324786324786325,84.33333333333333,0.5,0.006439742410303588,0.8604651162790697,0.15486111111111112,0.2624823044743832,PatchTST-SSL(HoW-cond),Robin_office_Dina,124,Robin
6,4,0.8333333333333334,0.6666666666666666,0.7407407407407408,68.25,0.6666666666666666,0.007359705611775529,0.8333333333333334,0.0856303418803419,0.15530236974171174,PatchTST-SSL(global-MAD),Robin_office_Dina,124,Robin
6,3,1.0,0.5,0.6666666666666666,100.66666666666667,0.5,0.0,1.0,0.11159188034188035,0.2007785092988611,PatchTST-SSL(HoD-cond),Robin_office_Dina,124,Robin
6,3,0.7872340425531915,0.5,0.6115702479338844,113.33333333333333,0.5,0.010119595216191352,0.7872340425531915,0.16427091427091428,0.27182129738354377,HOW-profile(HoW-cond),Robin_office_Dina,124,Robin
6,3,0.7058823529411765,0.5,0.5853658536585366,101.33333333333333,0.5,0.029438822447102116,0.7058823529411765,0.12404736467236466,0.21101267683935326,HOW-profile(global-MAD),Robin_office_Dina,124,Robin
6,2,0.8043478260869565,0.3333333333333333,0.47133757961783435,40.5,0.3333333333333333,0.014719411223551058,0.8043478260869565,0.13087606837606838,0.2251223085901607,HOW-profile(HoD-cond),Robin_office_Dina,124,Robin
6,4,0.8372093023255814,0.6666666666666666,0.7422680412371134,131.5,0.6666666666666666,0.006439742410303588,0.8372093023255814,0.15601770914270915,0.26302038892137625,TOWT(HoW-cond),Robin_office_Dina,124,Robin
6,3,0.7567567567567568,0.5,0.6021505376344086,39.333333333333336,0.5,0.007147962830593281,0.7567567567567568,0.043244949494949496,0.08181459481940431,PatchTST-SSL(HoW-cond),Robin_office_Sammie,124,Robin
6,3,0.8333333333333334,0.5,0.625,24.333333333333332,0.5,0.014295925661186561,0.8333333333333334,0.06944444444444445,0.12820512820512822,PatchTST-SSL(global-MAD),Robin_office_Sammie,124,Robin
6,3,0.8,0.5,0.6153846153846154,40.333333333333336,0.5,0.005718370264474625,0.8,0.021622474747474748,0.04210688078681471,PatchTST-SSL(HoD-cond),Robin_office_Sammie,124,Robin
6,3,0.7924528301886793,0.5,0.6131386861313869,40.666666666666664,0.5,0.008577555396711936,0.7924528301886793,0.048137626262626264,0.09076191117235906,HOW-profile(HoW-cond),Robin_office_Sammie,124,Robin
6,3,0.717948717948718,0.5,0.5894736842105263,33.0,0.5,0.010721944245889922,0.717948717948718,0.04356060606060606,0.08213761877431286,HOW-profile(global-MAD),Robin_office_Sammie,124,Robin
6,3,0.7777777777777778,0.5,0.6086956521739131,39.333333333333336,0.5,0.005718370264474625,0.7777777777777778,0.02919823232323232,0.05628354738466218,HOW-profile(HoD-cond),Robin_office_Sammie,124,Robin
6,2,0.9166666666666666,0.3333333333333333,0.4888888888888888,61.5,0.3333333333333333,0.002144388849177984,0.9166666666666666,0.04040404040404041,0.07739665787159192,TOWT(HoW-cond),Robin_office_Sammie,124,Robin
6,4,0.8181818181818182,0.6666666666666666,0.7346938775510203,31.0,0.6666666666666666,0.005936675461741424,0.8181818181818182,0.26200396825396827,0.3969074316821268,PatchTST-SSL(HoW-cond),Shrew_office_Doris,124,Shrew
6,4,0.8333333333333334,0.6666666666666666,0.7407407407407408,50.0,0.6666666666666666,0.011873350923482849,0.8333333333333334,0.09905753968253968,0.17706726250642832,PatchTST-SSL(global-MAD),Shrew_office_Doris,124,Shrew
6,4,0.9310344827586207,0.6666666666666666,0.776978417266187,31.0,0.6666666666666666,0.002638522427440633,0.9310344827586207,0.22400793650793652,0.36112805871307485,PatchTST-SSL(HoD-cond),Shrew_office_Doris,124,Shrew
6,4,0.6341463414634146,0.6666666666666666,0.6499999999999999,26.25,0.6666666666666666,0.017150395778364115,0.6341463414634146,0.3513392857142857,0.45216392102268327,HOW-profile(HoW-cond),Shrew_office_Doris,124,Shrew
6,4,0.92,0.6666666666666666,0.7731092436974789,27.5,0.6666666666666666,0.0013192612137203166,0.92,0.33568948412698413,0.49189601298850083,HOW-profile(global-MAD),Shrew_office_Doris,124,Shrew
6,4,0.8181818181818182,0.6666666666666666,0.7346938775510203,28.25,0.6666666666666666,0.004617414248021108,0.8181818181818182,0.36783234126984127,0.5075044532442621,HOW-profile(HoD-cond),Shrew_office_Doris,124,Shrew
6,4,0.6176470588235294,0.6666666666666666,0.6412213740458016,20.5,0.6666666666666666,0.018469656992084433,0.6176470588235294,0.3542906746031746,0.4502893253578103,TOWT(HoW-cond),Shrew_office_Doris,124,Shrew
6,6,0.868421052631579,1.0,0.9295774647887324,17.5,1.0,0.005758157389635317,0.868421052631579,0.41582341269841266,0.5623692614811034,PatchTST-SSL(HoW-cond),Shrew_office_Ila,124,Shrew
6,4,0.34782608695652173,0.6666666666666666,0.4571428571428571,20.0,0.6666666666666666,0.05182341650671785,0.32173913043478264,0.29332837301587295,0.3068775870502411,PatchTST-SSL(global-MAD),Shrew_office_Ila,124,Shrew
6,5,0.8,0.8333333333333334,0.816326530612245,14.0,0.8333333333333334,0.005118362124120281,0.8,0.2349206349206349,0.3631901840490797,PatchTST-SSL(HoD-cond),Shrew_office_Ila,124,Shrew
6,6,0.8536585365853658,1.0,0.9210526315789475,15.666666666666666,1.0,0.004478566858605247,0.8536585365853658,0.4061921296296296,0.550461079635528,HOW-profile(HoW-cond),Shrew_office_Ila,124,Shrew
6,5,0.6923076923076923,0.8333333333333334,0.7563025210084034,18.0,0.8333333333333334,0.010876519513755598,0.6923076923076923,0.4119791666666666,0.5165620578311504,HOW-profile(global-MAD),Shrew_office_Ila,124,Shrew
6,5,0.8620689655172413,0.8333333333333334,0.847457627118644,13.0,0.8333333333333334,0.003838771593090211,0.8620689655172413,0.4176421957671958,0.5626838095246581,HOW-profile(HoD-cond),Shrew_office_Ila,124,Shrew
6,6,0.88,1.0,0.9361702127659575,12.0,1.0,0.004478566858605247,0.88,0.42428075396825404,0.5725256044085602,TOWT(HoW-cond),Shrew_office_Ila,124,Shrew
6,5,0.7619047619047619,0.8333333333333334,0.7960199004975124,18.8,0.8333333333333334,0.014456316781898177,0.7619047619047619,0.48222552910052907,0.5906293409782013,PatchTST-SSL(HoW-cond),Shrew_office_Kenneth,124,Shrew
6,6,0.6923076923076923,1.0,0.8181818181818181,28.333333333333332,1.0,0.01759899434318039,0.6923076923076923,0.37016369047619047,0.4823982546394807,PatchTST-SSL(global-MAD),Shrew_office_Kenneth,124,Shrew
6,5,0.88,0.8333333333333334,0.8560311284046693,29.8,0.8333333333333334,0.0043997485857950975,0.88,0.4392361111111111,0.5859872611464968,PatchTST-SSL(HoD-cond),Shrew_office_Kenneth,124,Shrew
6,6,0.625,1.0,0.7692307692307693,16.5,1.0,0.018856065367693273,0.625,0.5264136904761905,0.571486268174475,HOW-profile(HoW-cond),Shrew_office_Kenneth,124,Shrew
6,6,0.6,1.0,0.7499999999999999,22.0,1.0,0.011942174732872407,0.6,0.5344742063492064,0.565344759739408,HOW-profile(global-MAD),Shrew_office_Kenneth,124,Shrew
6,5,0.7857142857142857,0.8333333333333334,0.8088235294117647,27.2,0.8333333333333334,0.003771213073538655,0.7857142857142857,0.5357142857142857,0.6370656370656371,HOW-profile(HoD-cond),Shrew_office_Kenneth,124,Shrew
6,6,0.65,1.0,0.787878787878788,74.5,1.0,0.009428032683846637,0.65,0.3328786375661376,0.44028042964445835,TOWT(HoW-cond),Shrew_office_Kenneth,124,Shrew
6,5,0.8,0.8333333333333334,0.816326530612245,25.4,0.8333333333333334,0.010053619302949061,0.7975308641975308,0.36705522486772485,0.5027328996037363,PatchTST-SSL(HoW-cond),Shrew_office_Nora,124,Shrew
6,3,1.0,0.5,0.6666666666666666,60.333333333333336,0.5,0.0,1.0,0.14704861111111112,0.25639473285908887,PatchTST-SSL(global-MAD),Shrew_office_Nora,124,Shrew
6,5,0.8478260869565217,0.8333333333333334,0.8405172413793104,20.8,0.8333333333333334,0.00938337801608579,0.8454106280193237,0.2597167107583774,0.39736102772047943,PatchTST-SSL(HoD-cond),Shrew_office_Nora,124,Shrew
6,6,0.7450980392156863,1.0,0.8539325842696629,7.833333333333333,1.0,0.012734584450402145,0.7450980392156863,0.4594879850088183,0.5684336191657977,HOW-profile(HoW-cond),Shrew_office_Nora,124,Shrew
6,5,0.6785714285714286,0.8333333333333334,0.7480314960629922,28.6,0.8333333333333334,0.012064343163538873,0.6785714285714286,0.41117449294532626,0.5120666341778146,HOW-profile(global-MAD),Shrew_office_Nora,124,Shrew
6,6,0.782608695652174,1.0,0.878048780487805,16.333333333333332,1.0,0.012734584450402145,0.782608695652174,0.46267085537918873,0.5815404811629532,HOW-profile(HoD-cond),Shrew_office_Nora,124,Shrew
6,6,0.8070175438596491,1.0,0.8932038834951457,8.5,1.0,0.011394101876675604,0.8070175438596491,0.4546351410934744,0.5816157478096641,TOWT(HoW-cond),Shrew_office_Nora,124,Shrew
6,5,0.9714285714285714,0.8333333333333334,0.8970976253298153,73.8,0.8333333333333334,0.0007132667617689016,0.9714285714285714,0.31210041887125217,0.4724213731635898,PatchTST-SSL(HoW-cond),Shrew_office_Sherill,124,Shrew
6,3,0.8,0.5,0.6153846153846154,41.666666666666664,0.5,0.0028530670470756064,0.8,0.21763392857142858,0.34218030269796007,PatchTST-SSL(global-MAD),Shrew_office_Sherill,124,Shrew
6,4,0.967741935483871,0.6666666666666666,0.7894736842105263,68.25,0.6666666666666666,0.0007132667617689016,0.967741935483871,0.13015321869488536,0.22944764313758198,PatchTST-SSL(HoD-cond),Shrew_office_Sherill,124,Shrew
6,5,0.9714285714285714,0.8333333333333334,0.8970976253298153,39.4,0.8333333333333334,0.0007132667617689016,0.9714285714285714,0.35404265873015867,0.5189507646330803,HOW-profile(HoW-cond),Shrew_office_Sherill,124,Shrew
6,3,0.875,0.5,0.6363636363636364,29.0,0.5,0.0028530670470756064,0.875,0.37367724867724866,0.5237023305084746,HOW-profile(global-MAD),Shrew_office_Sherill,124,Shrew
6,4,0.9310344827586207,0.6666666666666666,0.776978417266187,61.0,0.6666666666666666,0.0028530670470756064,0.9310344827586207,0.3668430335097002,0.5263108570357528,HOW-profile(HoD-cond),Shrew_office_Sherill,124,Shrew
6,5,0.9487179487179487,0.8333333333333334,0.8872901678657075,43.4,0.8333333333333334,0.0014265335235378032,0.9487179487179487,0.34836585097001765,0.5096061420475144,TOWT(HoW-cond),Shrew_office_Sherill,124,Shrew
6,6,0.7857142857142857,1.0,0.88,20.333333333333332,1.0,0.02681992337164751,0.7857142857142857,0.39857104700854706,0.5288640445908611,PatchTST-SSL(HoW-cond),Wolf_office_Darleen,124,Wolf
6,4,0.3181818181818182,0.6666666666666666,0.43076923076923074,21.5,0.6666666666666666,0.04980842911877394,0.2828282828282828,0.4503205128205128,0.34744209666379633,PatchTST-SSL(global-MAD),Wolf_office_Darleen,124,Wolf
6,6,0.7741935483870968,1.0,0.8727272727272727,19.666666666666668,1.0,0.010855683269476373,0.7741935483870968,0.39994658119658116,0.5274260798353921,PatchTST-SSL(HoD-cond),Wolf_office_Darleen,124,Wolf
6,6,0.782608695652174,1.0,0.878048780487805,29.5,1.0,0.028735632183908046,0.782608695652174,0.5,0.6101694915254238,HOW-profile(HoW-cond),Wolf_office_Darleen,124,Wolf
6,6,0.4583333333333333,1.0,0.6285714285714286,33.666666666666664,1.0,0.042784163473818644,0.4583333333333333,0.41685363247863244,0.4366105126092308,HOW-profile(global-MAD),Wolf_office_Darleen,124,Wolf
6,6,0.675,1.0,0.8059701492537313,29.166666666666668,1.0,0.031289910600255426,0.675,0.5108573717948718,0.5815686340754755,HOW-profile(HoD-cond),Wolf_office_Darleen,124,Wolf
6,6,0.85,1.0,0.9189189189189189,29.0,1.0,0.024265644955300127,0.85,0.4936832264957265,0.6245977239974159,TOWT(HoW-cond),Wolf_office_Darleen,124,Wolf
6,6,0.4444444444444444,1.0,0.6153846153846153,11.833333333333334,1.0,0.01162176439513999,0.4444444444444444,0.2777777777777778,0.3418803418803419,PatchTST-SSL(HoW-cond),Wolf_retail_Harriett,124,Wolf
6,5,0.7142857142857143,0.8333333333333334,0.7692307692307692,31.8,0.8333333333333334,0.001584786053882726,0.7142857142857143,0.3732142857142857,0.4902650715458598,PatchTST-SSL(global-MAD),Wolf_retail_Harriett,124,Wolf
6,6,0.6111111111111112,1.0,0.7586206896551725,19.5,1.0,0.005810882197569995,0.6111111111111112,0.3823412698412698,0.4703859041785944,PatchTST-SSL(HoD-cond),Wolf_retail_Harriett,124,Wolf
6,6,0.3387096774193548,1.0,0.5060240963855421,8.166666666666666,1.0,0.0306391970417327,0.3387096774193548,0.47242063492063496,0.394544349843369,HOW-profile(HoW-cond),Wolf_retail_Harriett,124,Wolf
6,5,0.4090909090909091,0.8333333333333334,0.5487804878048781,16.8,0.8333333333333334,0.013734812466983624,0.4090909090909091,0.41250000000000003,0.4107883817427386,HOW-profile(global-MAD),Wolf_retail_Harriett,124,Wolf
6,6,0.3275862068965517,1.0,0.49350649350649356,11.666666666666666,1.0,0.029054410987849975,0.3275862068965517,0.3771825396825397,0.35063926453028377,HOW-profile(HoD-cond),Wolf_retail_Harriett,124,Wolf
6,6,0.43137254901960786,1.0,0.6027397260273972,8.333333333333334,1.0,0.02271526677231907,0.43137254901960786,0.4053571428571428,0.4179604134410177,TOWT(HoW-cond),Wolf_retail_Harriett,124,Wolf
6,4,0.7894736842105263,0.6666666666666666,0.7228915662650601,4.5,0.6666666666666666,0.02560553633217993,0.7842105263157895,0.29147376543209874,0.4249886267751197,PatchTST-SSL(HoW-cond),Wolf_retail_Marcella,124,Wolf
6,5,0.5294117647058824,0.8333333333333334,0.6474820143884893,45.0,0.8333333333333334,0.035986159169550176,0.5294117647058824,0.1630842151675485,0.2493550999770598,PatchTST-SSL(global-MAD),Wolf_retail_Marcella,124,Wolf
6,4,0.8928571428571429,0.6666666666666666,0.7633587786259541,18.25,0.6666666666666666,0.017993079584775088,0.8928571428571429,0.2858796296296296,0.4330901949782578,PatchTST-SSL(HoD-cond),Wolf_retail_Marcella,124,Wolf
6,4,0.6666666666666666,0.6666666666666666,0.6666666666666666,4.0,0.6666666666666666,0.035986159169550176,0.6666666666666666,0.3119212962962963,0.42499507194953673,HOW-profile(HoW-cond),Wolf_retail_Marcella,124,Wolf
6,5,0.48936170212765956,0.8333333333333334,0.6166219839142091,36.2,0.8333333333333334,0.07058823529411765,0.48936170212765956,0.257798721340388,0.33769674388237075,HOW-profile(global-MAD),Wolf_retail_Marcella,124,Wolf
6,4,0.7058823529411765,0.6666666666666666,0.6857142857142857,17.25,0.6666666666666666,0.033910034602076124,0.7058823529411765,0.322145061728395,0.44239387182940015,HOW-profile(HoD-cond),Wolf_retail_Marcella,124,Wolf
6,4,0.6896551724137931,0.6666666666666666,0.6779661016949153,4.0,0.6666666666666666,0.032525951557093424,0.6896551724137931,0.3273533950617284,0.4439706199760617,TOWT(HoW-cond),Wolf_retail_Marcella,124,Wolf
6,6,0.9487179487179487,1.0,0.9736842105263158,41.666666666666664,1.0,0.003676470588235294,0.9487179487179487,0.19473379629629625,0.3231399113671902,PatchTST-SSL(HoW-cond),Wolf_retail_Toshia,124,Wolf
6,4,0.8181818181818182,0.6666666666666666,0.7346938775510203,53.0,0.6666666666666666,0.004595588235294118,0.8181818181818182,0.14496527777777776,0.24629250307251124,PatchTST-SSL(global-MAD),Wolf_retail_Toshia,124,Wolf
6,6,1.0,1.0,1.0,60.333333333333336,1.0,0.0,1.0,0.11757330246913579,0.21040821610425472,PatchTST-SSL(HoD-cond),Wolf_retail_Toshia,124,Wolf
6,5,0.8888888888888888,0.8333333333333334,0.8602150537634408,24.6,0.8333333333333334,0.025735294117647058,0.8888888888888888,0.32523148148148145,0.47622073932846093,HOW-profile(HoW-cond),Wolf_retail_Toshia,124,Wolf
6,5,0.7368421052631579,0.8333333333333334,0.782122905027933,49.2,0.8333333333333334,0.027573529411764705,0.7368421052631579,0.1468942901234568,0.24495516661018218,HOW-profile(global-MAD),Wolf_retail_Toshia,124,Wolf
6,5,0.78,0.8333333333333334,0.8057851239669422,25.4,0.8333333333333334,0.017463235294117647,0.78,0.3262924382716049,0.46010999089802646,HOW-profile(HoD-cond),Wolf_retail_Toshia,124,Wolf
6,5,0.8333333333333334,0.8333333333333334,0.8333333333333334,15.0,0.8333333333333334,0.021139705882352942,0.8333333333333334,0.33555169753086417,0.47844981709161916,TOWT(HoW-cond),Wolf_retail_Toshia,124,Wolf
6,3,0.84,0.5,0.6268656716417911,18.333333333333332,0.5,0.006901840490797546,0.84,0.11041666666666668,0.19517755370451556,PatchTST-SSL(HoW-cond),Fox_education_Henrietta,125,Fox
6,2,1.0,0.3333333333333333,0.5,26.5,0.3333333333333333,0.0,1.0,0.029861111111111113,0.057990559676331765,PatchTST-SSL(global-MAD),Fox_education_Henrietta,125,Fox
6,3,0.85,0.5,0.6296296296296295,27.333333333333332,0.5,0.006134969325153374,0.85,0.06620370370370371,0.12283981808994443,PatchTST-SSL(HoD-cond),Fox_education_Henrietta,125,Fox
6,4,0.9,0.6666666666666666,0.7659574468085106,39.0,0.6666666666666666,0.003834355828220859,0.9,0.08136574074074074,0.1492392970869206,HOW-profile(HoW-cond),Fox_education_Henrietta,125,Fox
6,3,0.7619047619047619,0.5,0.6037735849056604,15.333333333333334,0.5,0.007668711656441718,0.7619047619047619,0.08287037037037037,0.14948198021869047,HOW-profile(global-MAD),Fox_education_Henrietta,125,Fox
6,3,0.7894736842105263,0.5,0.6122448979591837,27.333333333333332,0.5,0.006901840490797546,0.7894736842105263,0.07731481481481482,0.14083715177241168,HOW-profile(HoD-cond),Fox_education_Henrietta,125,Fox
6,3,0.6538461538461539,0.5,0.5666666666666668,16.0,0.5,0.012269938650306749,0.6538461538461539,0.11041666666666666,0.18892849654015514,TOWT(HoW-cond),Fox_education_Henrietta,125,Fox
6,5,0.5686274509803921,0.8333333333333334,0.675990675990676,2.6,0.8333333333333334,0.05434782608695652,0.5607843137254902,0.3780982905982906,0.4516679496190189,PatchTST-SSL(HoW-cond),Fox_retail_Manie,125,Fox
6,5,0.5517241379310345,0.8333333333333334,0.6639004149377594,29.0,0.8333333333333334,0.02574370709382151,0.5517241379310345,0.3605769230769231,0.4361257495911321,PatchTST-SSL(global-MAD),Fox_retail_Manie,125,Fox
6,5,0.5581395348837209,0.8333333333333334,0.6685236768802229,2.6,0.8333333333333334,0.05320366132723112,0.5581395348837209,0.3901709401709402,0.4592795984028338,PatchTST-SSL(HoD-cond),Fox_retail_Manie,125,Fox
6,5,0.53125,0.8333333333333334,0.648854961832061,2.2,0.8333333333333334,0.07894736842105263,0.5234375,0.46207264957264965,0.49084456941527205,HOW-profile(HoW-cond),Fox_retail_Manie,125,Fox
6,5,0.36585365853658536,0.8333333333333334,0.5084745762711864,2.4,0.8333333333333334,0.06922196796338673,0.36585365853658536,0.3548076923076923,0.36024602167333797,HOW-profile(global-MAD),Fox_retail_Manie,125,Fox
6,5,0.4423076923076923,0.8333333333333334,0.577889447236181,2.4,0.8333333333333334,0.07723112128146453,0.4326923076923077,0.40608974358974353,0.4189691661032891,HOW-profile(HoD-cond),Fox_retail_Manie,125,Fox
6,5,0.5942028985507246,0.8333333333333334,0.6937394247038916,2.8,0.8333333333333334,0.06178489702517163,0.5869565217391305,0.4198717948717949,0.4895501730103807,TOWT(HoW-cond),Fox_retail_Manie,125,Fox
6,4,0.35135135135135137,0.6666666666666666,0.46017699115044247,12.0,0.6666666666666666,0.04568527918781726,0.35135135135135137,0.21753472222222223,0.2687044811573643,PatchTST-SSL(HoW-cond),Hog_education_Bruno,125,Hog
6,4,0.44,0.6666666666666666,0.5301204819277109,18.75,0.6666666666666666,0.03625815808556925,0.44,0.2232638888888889,0.29622029106899805,PatchTST-SSL(global-MAD),Hog_education_Bruno,125,Hog
6,5,0.4583333333333333,0.8333333333333334,0.5913978494623655,52.4,0.8333333333333334,0.01595358955765047,0.4583333333333333,0.1842013888888889,0.2627893362154373,PatchTST-SSL(HoD-cond),Hog_education_Bruno,125,Hog
6,5,0.45098039215686275,0.8333333333333334,0.5852417302798981,43.4,0.8333333333333334,0.048585931834662796,0.45098039215686275,0.22297453703703707,0.2984091065977712,HOW-profile(HoW-cond),Hog_education_Bruno,125,Hog
6,4,0.3611111111111111,0.6666666666666666,0.4684684684684685,11.5,0.6666666666666666,0.05438723712835388,0.3611111111111111,0.21493055555555554,0.269472908713415,HOW-profile(global-MAD),Hog_education_Bruno,125,Hog
6,4,0.4,0.6666666666666666,0.5,11.0,0.6666666666666666,0.05366207396664249,0.4,0.2265625,0.2892768079800499,HOW-profile(HoD-cond),Hog_education_Bruno,125,Hog
6,4,0.3103448275862069,0.6666666666666666,0.4235294117647059,21.5,0.6666666666666666,0.07396664249456128,0.30517241379310345,0.2394097222222222,0.2683203799179922,TOWT(HoW-cond),Hog_education_Bruno,125,Hog
6,4,1.0,0.6666666666666666,0.8,63.75,0.6666666666666666,0.0,1.0,0.1279761904761905,0.2269129287598945,PatchTST-SSL(HoW-cond),Hog_education_Caridad,125,Hog
6,3,1.0,0.5,0.6666666666666666,85.66666666666667,0.5,0.0,1.0,0.06560019841269842,0.12312347259397184,PatchTST-SSL(global-MAD),Hog_education_Caridad,125,Hog
6,4,1.0,0.6666666666666666,0.8,75.75,0.6666666666666666,0.0,1.0,0.1576140873015873,0.27230851633636854,PatchTST-SSL(HoD-cond),Hog_education_Caridad,125,Hog
6,4,1.0,0.6666666666666666,0.8,44.75,0.6666666666666666,0.0,1.0,0.12008101851851853,0.21441487987600105,HOW-profile(HoW-cond),Hog_education_Caridad,125,Hog
6,4,0.9090909090909091,0.6666666666666666,0.7692307692307692,57.25,0.6666666666666666,0.001718213058419244,0.9090909090909091,0.22544642857142858,0.3612949382936863,HOW-profile(global-MAD),Hog_education_Caridad,125,Hog
6,3,1.0,0.5,0.6666666666666666,56.333333333333336,0.5,0.0,1.0,0.1427331349206349,0.24981009224091155,HOW-profile(HoD-cond),Hog_education_Caridad,125,Hog
6,3,1.0,0.5,0.6666666666666666,61.666666666666664,0.5,0.0,1.0,0.08643353174603174,0.15911425636342885,TOWT(HoW-cond),Hog_education_Caridad,125,Hog
6,4,0.7037037037037037,0.6666666666666666,0.6846846846846847,5.25,0.6666666666666666,0.006788866259334691,0.7037037037037037,0.1863095238095238,0.29461742339798375,PatchTST-SSL(HoW-cond),Hog_education_Josh,125,Hog
6,4,0.6666666666666666,0.6666666666666666,0.6666666666666666,58.75,0.6666666666666666,0.0027155465037338763,0.6666666666666666,0.0660273368606702,0.12015445564415025,PatchTST-SSL(global-MAD),Hog_education_Josh,125,Hog
6,3,0.8125,0.5,0.6190476190476191,6.666666666666667,0.5,0.002036659877800407,0.8125,0.15734126984126984,0.2636303191489362,PatchTST-SSL(HoD-cond),Hog_education_Josh,125,Hog
6,4,0.7741935483870968,0.6666666666666666,0.7164179104477612,18.5,0.6666666666666666,0.0047522063815342835,0.7741935483870968,0.18095238095238095,0.29334191058218073,HOW-profile(HoW-cond),Hog_education_Josh,125,Hog
6,4,0.6923076923076923,0.6666666666666666,0.6792452830188679,79.0,0.6666666666666666,0.0027155465037338763,0.6923076923076923,0.13053350970017635,0.21965198788985454,HOW-profile(global-MAD),Hog_education_Josh,125,Hog
6,4,0.7391304347826086,0.6666666666666666,0.7010309278350515,5.5,0.6666666666666666,0.010862186014935505,0.7391304347826086,0.17599206349206345,0.284292191815688,HOW-profile(HoD-cond),Hog_education_Josh,125,Hog
6,5,0.6739130434782609,0.8333333333333334,0.7451923076923077,20.2,0.8333333333333334,0.012898845892735914,0.6739130434782609,0.21060405643738977,0.3209182064566607,TOWT(HoW-cond),Hog_education_Josh,125,Hog
6,5,0.8205128205128205,0.8333333333333334,0.82687338501292,22.4,0.8333333333333334,0.005497861942577886,0.8205128205128205,0.3997685185185185,0.5376058523393307,PatchTST-SSL(HoW-cond),Hog_education_Luvenia,125,Hog
6,5,0.7083333333333334,0.8333333333333334,0.7657657657657657,9.4,0.8333333333333334,0.01588271227855834,0.7083333333333334,0.2660493827160494,0.3868123746172527,PatchTST-SSL(global-MAD),Hog_education_Luvenia,125,Hog
6,5,0.8823529411764706,0.8333333333333334,0.8571428571428571,20.0,0.8333333333333334,0.0036652412950519244,0.8823529411764706,0.26466049382716045,0.4071861026473032,PatchTST-SSL(HoD-cond),Hog_education_Luvenia,125,Hog
6,5,0.9459459459459459,0.8333333333333334,0.8860759493670887,22.4,0.8333333333333334,0.002443494196701283,0.9459459459459459,0.42669753086419754,0.5881101776028927,HOW-profile(HoW-cond),Hog_education_Luvenia,125,Hog
6,6,0.7307692307692307,1.0,0.8444444444444443,15.166666666666666,1.0,0.00916310323762981,0.7307692307692307,0.39529320987654315,0.5130587869427944,HOW-profile(global-MAD),Hog_education_Luvenia,125,Hog
6,5,0.75,0.8333333333333334,0.7894736842105262,22.4,0.8333333333333334,0.005497861942577886,0.75,0.3691358024691358,0.4947600661886376,HOW-profile(HoD-cond),Hog_education_Luvenia,125,Hog
6,5,0.9310344827586207,0.8333333333333334,0.8794788273615635,18.0,0.8333333333333334,0.0030543677458766036,0.9310344827586207,0.43155864197530863,0.5897519512142733,TOWT(HoW-cond),Hog_education_Luvenia,125,Hog
6,6,0.7021276595744681,1.0,0.825,24.333333333333332,1.0,0.020761245674740483,0.7021276595744681,0.47838319088319087,0.5690520676948712,PatchTST-SSL(HoW-cond),Hog_office_Almeda,125,Hog
6,5,0.8666666666666667,0.8333333333333334,0.8496732026143791,49.0,0.8333333333333334,0.002768166089965398,0.8666666666666667,0.4469848053181386,0.589786316290446,PatchTST-SSL(global-MAD),Hog_office_Almeda,125,Hog
6,6,0.8636363636363636,1.0,0.9268292682926829,51.833333333333336,1.0,0.004152249134948097,0.8636363636363636,0.4723884140550807,0.6107249191043074,PatchTST-SSL(HoD-cond),Hog_office_Almeda,125,Hog
6,6,0.6153846153846154,1.0,0.761904761904762,24.166666666666668,1.0,0.03321799307958478,0.6153846153846154,0.48817663817663814,0.5444489678386671,HOW-profile(HoW-cond),Hog_office_Almeda,125,Hog
6,6,0.5,1.0,0.6666666666666666,28.166666666666668,1.0,0.03875432525951557,0.5,0.5245963912630579,0.5120029659838725,HOW-profile(global-MAD),Hog_office_Almeda,125,Hog
6,6,0.5636363636363636,1.0,0.7209302325581396,20.5,1.0,0.02491349480968858,0.5636363636363636,0.505389363722697,0.532926038913711,HOW-profile(HoD-cond),Hog_office_Almeda,125,Hog
6,6,0.6607142857142857,1.0,0.7956989247311829,24.5,1.0,0.03667820069204152,0.6607142857142857,0.49043209876543203,0.5629787804504367,TOWT(HoW-cond),Hog_office_Almeda,125,Hog
6,6,0.7,1.0,0.8235294117647058,5.0,1.0,0.006745362563237774,0.7,0.33645833333333336,0.45447236180904527,PatchTST-SSL(HoW-cond),Hog_office_Cortney,125,Hog
6,5,0.2413793103448276,0.8333333333333334,0.37433155080213903,13.6,0.8333333333333334,0.051152332771219784,0.2413793103448276,0.1806712962962963,0.2066591646256702,PatchTST-SSL(global-MAD),Hog_office_Cortney,125,Hog
6,3,1.0,0.5,0.6666666666666666,10.666666666666666,0.5,0.0,1.0,0.2446759259259259,0.3931560349637344,PatchTST-SSL(HoD-cond),Hog_office_Cortney,125,Hog
6,6,0.6190476190476191,1.0,0.7647058823529412,6.833333333333333,1.0,0.014052838673412029,0.6190476190476191,0.34826388888888893,0.44575491855118543,HOW-profile(HoW-cond),Hog_office_Cortney,125,Hog
6,6,0.2727272727272727,1.0,0.42857142857142855,4.666666666666667,1.0,0.09724564362001124,0.2727272727272727,0.4542824074074074,0.34083508213329466,HOW-profile(global-MAD),Hog_office_Cortney,125,Hog
6,6,0.45614035087719296,1.0,0.6265060240963854,5.0,1.0,0.035975267003934795,0.45614035087719296,0.4224537037037037,0.43865122836210685,HOW-profile(HoD-cond),Hog_office_Cortney,125,Hog
6,6,0.5957446808510638,1.0,0.7466666666666666,6.833333333333333,1.0,0.01854974704890388,0.5957446808510638,0.3314814814814815,0.425955041856117,TOWT(HoW-cond),Hog_office_Cortney,125,Hog
6,5,0.7105263157894737,0.8333333333333334,0.7670454545454547,24.4,0.8333333333333334,0.021052631578947368,0.7105263157894737,0.47500000000000003,0.5693673695893452,PatchTST-SSL(HoW-cond),Hog_office_Denita,125,Hog
6,5,1.0,0.8333333333333334,0.9090909090909091,34.6,0.8333333333333334,0.0,1.0,0.3165674603174603,0.4808981990807023,PatchTST-SSL(global-MAD),Hog_office_Denita,125,Hog
6,6,0.875,1.0,0.9333333333333333,39.666666666666664,1.0,0.004605263157894736,0.875,0.3640542328042328,0.5141783874669728,PatchTST-SSL(HoD-cond),Hog_office_Denita,125,Hog
6,6,0.8108108108108109,1.0,0.8955223880597014,25.5,1.0,0.008552631578947369,0.8108108108108109,0.4622685185185185,0.5888278973310597,HOW-profile(HoW-cond),Hog_office_Denita,125,Hog
6,6,0.47619047619047616,1.0,0.6451612903225806,26.333333333333332,1.0,0.023026315789473683,0.47619047619047616,0.4798280423280423,0.47800233895010785,HOW-profile(global-MAD),Hog_office_Denita,125,Hog
6,6,0.8974358974358975,1.0,0.945945945945946,21.5,1.0,0.002631578947368421,0.8974358974358975,0.4842923280423281,0.6290981280165444,HOW-profile(HoD-cond),Hog_office_Denita,125,Hog
6,6,0.9302325581395349,1.0,0.963855421686747,23.5,1.0,0.003289473684210526,0.9302325581395349,0.48250661375661386,0.6354228304317935,TOWT(HoW-cond),Hog_office_Denita,125,Hog
6,5,0.47058823529411764,0.8333333333333334,0.6015037593984962,21.6,0.8333333333333334,0.05014245014245014,0.45588235294117646,0.3039930555555555,0.3647573480989692,PatchTST-SSL(HoW-cond),Hog_office_Garrett,125,Hog
6,3,0.5294117647058824,0.5,0.5142857142857143,16.0,0.5,0.005128205128205128,0.5294117647058824,0.2821180555555555,0.3680865789970427,PatchTST-SSL(global-MAD),Hog_office_Garrett,125,Hog
6,5,0.4444444444444444,0.8333333333333334,0.5797101449275363,33.6,0.8333333333333334,0.03190883190883191,0.4156378600823045,0.35711805555555554,0.3841621433213974,PatchTST-SSL(HoD-cond),Hog_office_Garrett,125,Hog
6,5,0.4318181818181818,0.8333333333333334,0.5688622754491018,7.2,0.8333333333333334,0.04786324786324787,0.42045454545454547,0.3815972222222222,0.40008461568735487,HOW-profile(HoW-cond),Hog_office_Garrett,125,Hog
6,4,0.8181818181818182,0.6666666666666666,0.7346938775510203,6.5,0.6666666666666666,0.0011396011396011395,0.8181818181818182,0.33802083333333327,0.4783979687947909,HOW-profile(global-MAD),Hog_office_Garrett,125,Hog
6,5,0.48,0.8333333333333334,0.6091370558375634,7.2,0.8333333333333334,0.045014245014245016,0.48,0.3970486111111111,0.43460152816817765,HOW-profile(HoD-cond),Hog_office_Garrett,125,Hog
6,4,0.9583333333333334,0.6666666666666666,0.7863247863247863,5.25,0.6666666666666666,0.0005698005698005698,0.9583333333333334,0.3142361111111111,0.47328331059572537,TOWT(HoW-cond),Hog_office_Garrett,125,Hog
6,5,0.22727272727272727,0.8333333333333334,0.35714285714285715,0.6,0.8333333333333334,0.03297769156159069,0.22727272727272727,0.7027777777777778,0.34346999728482214,PatchTST-SSL(HoW-cond),Hog_office_Lavon,125,Hog
6,5,0.5555555555555556,0.8333333333333334,0.6666666666666667,0.6,0.8333333333333334,0.0038797284190106693,0.5555555555555556,0.7027777777777778,0.6205543291636008,PatchTST-SSL(global-MAD),Hog_office_Lavon,125,Hog
6,5,0.4166666666666667,0.8333333333333334,0.5555555555555556,0.6,0.8333333333333334,0.013094083414161009,0.4166666666666667,0.7027777777777778,0.523159636062862,PatchTST-SSL(HoD-cond),Hog_office_Lavon,125,Hog
6,6,0.3,1.0,0.4615384615384615,11.0,1.0,0.06935014548981572,0.3,0.7041666666666666,0.4207468879668049,HOW-profile(HoW-cond),Hog_office_Lavon,125,Hog
6,6,0.25,1.0,0.4,10.833333333333334,1.0,0.09020368574199807,0.25,0.7138888888888889,0.3703170028818444,HOW-profile(global-MAD),Hog_office_Lavon,125,Hog
6,6,0.25,1.0,0.4,11.0,1.0,0.08583899127061105,0.25,0.7083333333333334,0.3695652173913044,HOW-profile(HoD-cond),Hog_office_Lavon,125,Hog
6,6,0.8571428571428571,1.0,0.923076923076923,11.666666666666666,1.0,0.00048496605237633366,0.8571428571428571,0.7055555555555556,0.7739969527679025,TOWT(HoW-cond),Hog_office_Lavon,125,Hog
6,2,0.5454545454545454,0.3333333333333333,0.41379310344827586,32.0,0.3333333333333333,0.004201680672268907,0.5454545454545454,0.2263888888888889,0.3199738262718796,PatchTST-SSL(HoW-cond),Hog_office_Merilyn,125,Hog
6,2,0.5714285714285714,0.3333333333333333,0.4210526315789474,26.5,0.3333333333333333,0.010804321728691477,0.5714285714285714,0.25277777777777777,0.35050553683196917,PatchTST-SSL(global-MAD),Hog_office_Merilyn,125,Hog
6,2,0.7,0.3333333333333333,0.45161290322580644,30.0,0.3333333333333333,0.013205282112845138,0.7,0.23611111111111113,0.35311572700296734,PatchTST-SSL(HoD-cond),Hog_office_Merilyn,125,Hog
6,2,0.6,0.3333333333333333,0.42857142857142855,38.5,0.3333333333333333,0.0012004801920768306,0.6,0.22083333333333333,0.3228426395939086,HOW-profile(HoW-cond),Hog_office_Merilyn,125,Hog
6,2,0.5714285714285714,0.3333333333333333,0.4210526315789474,33.0,0.3333333333333333,0.0024009603841536613,0.5714285714285714,0.23750000000000002,0.3355408388520971,HOW-profile(global-MAD),Hog_office_Merilyn,125,Hog
6,2,0.6,0.3333333333333333,0.42857142857142855,33.0,0.3333333333333333,0.0012004801920768306,0.6,0.2347222222222222,0.3374376039933444,HOW-profile(HoD-cond),Hog_office_Merilyn,125,Hog
6,2,0.5,0.3333333333333333,0.4,10.0,0.3333333333333333,0.010804321728691477,0.5,0.2722222222222222,0.3525179856115108,TOWT(HoW-cond),Hog_office_Merilyn,125,Hog
6,5,0.75,0.8333333333333334,0.7894736842105262,53.2,0.8333333333333334,0.012408759124087591,0.75,0.3296198593073593,0.45796655618973625,PatchTST-SSL(HoW-cond),Hog_office_Miriam,125,Hog
6,4,0.7692307692307693,0.6666666666666666,0.7142857142857142,31.5,0.6666666666666666,0.00583941605839416,0.7692307692307693,0.1941738816738817,0.31007640294090116,PatchTST-SSL(global-MAD),Hog_office_Miriam,125,Hog
6,4,0.7419354838709677,0.6666666666666666,0.7022900763358778,56.0,0.6666666666666666,0.010948905109489052,0.7419354838709677,0.2595801767676768,0.38460056417016203,PatchTST-SSL(HoD-cond),Hog_office_Miriam,125,Hog
6,4,0.8055555555555556,0.6666666666666666,0.7295597484276728,29.75,0.6666666666666666,0.0072992700729927005,0.8055555555555556,0.27864357864357864,0.4140620956352639,HOW-profile(HoW-cond),Hog_office_Miriam,125,Hog
6,5,0.7631578947368421,0.8333333333333334,0.7967032967032968,46.8,0.8333333333333334,0.00948905109489051,0.7631578947368421,0.3177150974025974,0.4486499091441767,HOW-profile(global-MAD),Hog_office_Miriam,125,Hog
6,5,0.7906976744186046,0.8333333333333334,0.8114558472553699,43.4,0.8333333333333334,0.00948905109489051,0.7906976744186046,0.3208716630591631,0.45649420007105007,HOW-profile(HoD-cond),Hog_office_Miriam,125,Hog
6,5,0.8205128205128205,0.8333333333333334,0.82687338501292,48.4,0.8333333333333334,0.010218978102189781,0.8205128205128205,0.32579816017316016,0.466403221857991,TOWT(HoW-cond),Hog_office_Miriam,125,Hog
6,5,0.35714285714285715,0.8333333333333334,0.5,4.8,0.8333333333333334,0.022289766970618033,0.35714285714285715,0.474537037037037,0.4075546719681908,PatchTST-SSL(HoW-cond),Hog_office_Napoleon,125,Hog
6,5,0.875,0.8333333333333334,0.8536585365853658,26.4,0.8333333333333334,0.0005065856129685917,0.875,0.40740740740740744,0.555956678700361,PatchTST-SSL(global-MAD),Hog_office_Napoleon,125,Hog
6,4,0.7142857142857143,0.6666666666666666,0.689655172413793,4.5,0.6666666666666666,0.002026342451874367,0.7142857142857143,0.39814814814814814,0.5112960760998811,PatchTST-SSL(HoD-cond),Hog_office_Napoleon,125,Hog
6,5,0.3050847457627119,0.8333333333333334,0.44665012406947896,4.8,0.8333333333333334,0.031408308004052685,0.3050847457627119,0.4733796296296296,0.3710404959302472,HOW-profile(HoW-cond),Hog_office_Napoleon,125,Hog
6,5,0.5,0.8333333333333334,0.625,5.0,0.8333333333333334,0.0121580547112462,0.5,0.4201388888888889,0.45660377358490567,HOW-profile(global-MAD),Hog_office_Napoleon,125,Hog
6,5,0.31343283582089554,0.8333333333333334,0.45553145336225603,4.8,0.8333333333333334,0.02988855116514691,0.31343283582089554,0.47222222222222227,0.37678100263852243,HOW-profile(HoD-cond),Hog_office_Napoleon,125,Hog
6,5,0.2807017543859649,0.8333333333333334,0.41994750656167973,4.8,0.8333333333333334,0.03343465045592705,0.2807017543859649,0.4710648148148148,0.35178132512222127,TOWT(HoW-cond),Hog_office_Napoleon,125,Hog
6,5,0.717948717948718,0.8333333333333334,0.7713498622589531,62.0,0.8333333333333334,0.010893246187363835,0.7051282051282052,0.3023148148148148,0.4231915821226154,PatchTST-SSL(HoW-cond),Hog_office_Shawna,125,Hog
6,5,1.0,0.8333333333333334,0.9090909090909091,65.0,0.8333333333333334,0.0,1.0,0.2695601851851852,0.42465128999908835,PatchTST-SSL(global-MAD),Hog_office_Shawna,125,Hog
6,4,1.0,0.6666666666666666,0.8,76.25,0.6666666666666666,0.0,1.0,0.2569444444444444,0.4088397790055248,PatchTST-SSL(HoD-cond),Hog_office_Shawna,125,Hog
6,5,0.7619047619047619,0.8333333333333334,0.7960199004975124,58.6,0.8333333333333334,0.011619462599854757,0.75,0.35486111111111107,0.48177247014456315,HOW-profile(HoW-cond),Hog_office_Shawna,125,Hog
6,4,0.5,0.6666666666666666,0.5714285714285715,60.25,0.6666666666666666,0.02251270878721859,0.4875,0.2888888888888889,0.3627906976744186,HOW-profile(global-MAD),Hog_office_Shawna,125,Hog
6,5,0.6976744186046512,0.8333333333333334,0.759493670886076,67.8,0.8333333333333334,0.013071895424836602,0.686046511627907,0.3354166666666667,0.45055257790637016,HOW-profile(HoD-cond),Hog_office_Shawna,125,Hog
6,6,0.7777777777777778,1.0,0.8750000000000001,66.83333333333333,1.0,0.011619462599854757,0.7666666666666667,0.35688657407407404,0.4870495321486823,TOWT(HoW-cond),Hog_office_Shawna,125,Hog
6,5,0.5909090909090909,0.8333333333333334,0.6914893617021277,8.8,0.8333333333333334,0.016850291639662993,0.5909090909090909,0.20446428571428568,0.30380651086845595,PatchTST-SSL(HoW-cond),Hog_office_Shawnna,125,Hog
6,3,1.0,0.5,0.6666666666666666,43.666666666666664,0.5,0.0,1.0,0.07476851851851853,0.13913418048675427,PatchTST-SSL(global-MAD),Hog_office_Shawnna,125,Hog
6,5,0.6,0.8333333333333334,0.6976744186046512,42.2,0.8333333333333334,0.013609850939727802,0.6,0.1357804232804233,0.221447191011236,PatchTST-SSL(HoD-cond),Hog_office_Shawnna,125,Hog
6,5,0.6041666666666666,0.8333333333333334,0.7004830917874396,4.0,0.8333333333333334,0.020090732339598186,0.6041666666666666,0.24434523809523812,0.3479627031450953,HOW-profile(HoW-cond),Hog_office_Shawnna,125,Hog
6,5,0.8571428571428571,0.8333333333333334,0.8450704225352113,38.2,0.8333333333333334,0.0038885288399222295,0.8571428571428571,0.12496693121693121,0.21813144261711553,HOW-profile(global-MAD),Hog_office_Shawnna,125,Hog
6,5,0.52,0.8333333333333334,0.6403940886699507,4.2,0.8333333333333334,0.02462734931950745,0.52,0.23468915343915345,0.3234135782453619,HOW-profile(HoD-cond),Hog_office_Shawnna,125,Hog
6,5,0.8636363636363636,0.8333333333333334,0.8482142857142857,32.8,0.8333333333333334,0.007128969539857421,0.8636363636363636,0.16087962962962962,0.27123343945773853,TOWT(HoW-cond),Hog_office_Shawnna,125,Hog
6,6,0.6666666666666666,1.0,0.8,22.166666666666668,1.0,0.011650485436893204,0.6666666666666666,0.32510747354497355,0.4370719237555398,PatchTST-SSL(HoW-cond),Hog_office_Sherrie,125,Hog
6,6,0.5,1.0,0.6666666666666666,33.666666666666664,1.0,0.022653721682847898,0.5,0.2879877645502646,0.3654723810523003,PatchTST-SSL(global-MAD),Hog_office_Sherrie,125,Hog
6,6,0.5714285714285714,1.0,0.7272727272727273,29.833333333333332,1.0,0.009061488673139158,0.5714285714285714,0.2797205687830688,0.375587115036389,PatchTST-SSL(HoD-cond),Hog_office_Sherrie,125,Hog
6,6,0.6216216216216216,1.0,0.7666666666666667,23.833333333333332,1.0,0.012297734627831715,0.6216216216216216,0.2853009259259259,0.3911011468483228,HOW-profile(HoW-cond),Hog_office_Sherrie,125,Hog
6,6,0.4406779661016949,1.0,0.611764705882353,10.833333333333334,1.0,0.02912621359223301,0.4406779661016949,0.30501818783068785,0.36050821484977263,HOW-profile(global-MAD),Hog_office_Sherrie,125,Hog
6,6,0.6111111111111112,1.0,0.7586206896551725,19.333333333333332,1.0,0.016828478964401296,0.6111111111111112,0.2900958994708995,0.3934297566991815,HOW-profile(HoD-cond),Hog_office_Sherrie,125,Hog
6,6,0.38235294117647056,1.0,0.5531914893617021,40.0,1.0,0.02394822006472492,0.38235294117647056,0.3542493386243386,0.3677650212254652,TOWT(HoW-cond),Hog_office_Sherrie,125,Hog
6,6,0.2608695652173913,1.0,0.41379310344827586,17.666666666666668,1.0,0.011819116135662899,0.2608695652173913,0.3930555555555555,0.31360236402253205,PatchTST-SSL(HoW-cond),Hog_office_Shon,125,Hog
6,5,0.20833333333333334,0.8333333333333334,0.33333333333333337,21.6,0.8333333333333334,0.044707091469681395,0.20833333333333334,0.39583333333333326,0.2729885057471264,PatchTST-SSL(global-MAD),Hog_office_Shon,125,Hog
6,4,0.3333333333333333,0.6666666666666666,0.4444444444444444,1.0,0.6666666666666666,0.005652620760534429,0.3333333333333333,0.38888888888888884,0.3589743589743589,PatchTST-SSL(HoD-cond),Hog_office_Shon,125,Hog
6,4,0.14814814814814814,0.6666666666666666,0.24242424242424243,1.0,0.6666666666666666,0.01644398766700925,0.14814814814814814,0.38888888888888884,0.21455938697318006,HOW-profile(HoW-cond),Hog_office_Shon,125,Hog
6,6,0.20634920634920634,1.0,0.34210526315789475,4.666666666666667,1.0,0.08735868448098665,0.20634920634920634,0.44861111111111107,0.2826752835840991,HOW-profile(global-MAD),Hog_office_Shon,125,Hog
6,5,0.16666666666666666,0.8333333333333334,0.2777777777777778,6.4,0.8333333333333334,0.020041109969167522,0.16666666666666666,0.3916666666666666,0.2338308457711443,HOW-profile(HoD-cond),Hog_office_Shon,125,Hog
6,4,0.2222222222222222,0.6666666666666666,0.3333333333333333,1.0,0.6666666666666666,0.012846865364850977,0.2222222222222222,0.38888888888888884,0.2828282828282828,TOWT(HoW-cond),Hog_office_Shon,125,Hog
6,5,0.4807692307692308,0.8333333333333334,0.6097560975609756,5.2,0.8333333333333334,0.025857223159078135,0.4807692307692308,0.4239417989417989,0.4505707698363606,PatchTST-SSL(HoW-cond),Hog_office_Sydney,125,Hog
6,4,0.5833333333333334,0.6666666666666666,0.6222222222222222,25.75,0.6666666666666666,0.0039347948285553686,0.5625,0.31101190476190477,0.40055366269165243,PatchTST-SSL(global-MAD),Hog_office_Sydney,125,Hog
6,5,0.6551724137931034,0.8333333333333334,0.7335907335907337,7.2,0.8333333333333334,0.012366498032602586,0.6551724137931034,0.34540343915343913,0.45233713025590766,PatchTST-SSL(HoD-cond),Hog_office_Sydney,125,Hog
6,5,0.45652173913043476,0.8333333333333334,0.5898876404494382,8.2,0.8333333333333334,0.01854974704890388,0.45652173913043476,0.37202380952380953,0.40996407933781037,HOW-profile(HoW-cond),Hog_office_Sydney,125,Hog
6,5,0.4489795918367347,0.8333333333333334,0.583554376657825,8.4,0.8333333333333334,0.017987633501967398,0.4489795918367347,0.3498677248677249,0.3932753231393089,HOW-profile(global-MAD),Hog_office_Sydney,125,Hog
6,5,0.4791666666666667,0.8333333333333334,0.6084656084656085,8.0,0.8333333333333334,0.022484541877459248,0.4791666666666667,0.38665674603174605,0.42796954072376586,HOW-profile(HoD-cond),Hog_office_Sydney,125,Hog
6,5,0.5714285714285714,0.8333333333333334,0.6779661016949152,4.2,0.8333333333333334,0.011804384485666104,0.5714285714285714,0.408234126984127,0.4762386980108499,TOWT(HoW-cond),Hog_office_Sydney,125,Hog
6,3,0.9423076923076923,0.5,0.6533333333333333,32.666666666666664,0.5,0.0030745580322828594,0.9423076923076923,0.16344966761633428,0.2785780763161089,PatchTST-SSL(HoW-cond),Hog_office_Valda,125,Hog
6,4,0.7,0.6666666666666666,0.6829268292682926,14.0,0.6666666666666666,0.033820138355111454,0.7,0.1513235992402659,0.24885136407052866,PatchTST-SSL(global-MAD),Hog_office_Valda,125,Hog
6,3,0.9615384615384616,0.5,0.6578947368421052,56.0,0.5,0.0015372790161414297,0.9615384615384616,0.08575498575498575,0.15746630953377413,PatchTST-SSL(HoD-cond),Hog_office_Valda,125,Hog
6,3,0.9655172413793104,0.5,0.6588235294117647,25.666666666666668,0.5,0.0023059185242121443,0.9655172413793104,0.17861467236467235,0.301460948094832,HOW-profile(HoW-cond),Hog_office_Valda,125,Hog
6,4,0.7916666666666666,0.6666666666666666,0.7238095238095237,24.0,0.6666666666666666,0.01921598770176787,0.7916666666666666,0.22953466286799618,0.35588465502677485,HOW-profile(global-MAD),Hog_office_Valda,125,Hog
6,4,0.8809523809523809,0.6666666666666666,0.7589743589743589,30.5,0.6666666666666666,0.009992313604919293,0.8809523809523809,0.2483440170940171,0.38746117234186805,HOW-profile(HoD-cond),Hog_office_Valda,125,Hog
6,3,0.9230769230769231,0.5,0.6486486486486487,18.333333333333332,0.5,0.0023059185242121443,0.9230769230769231,0.16146130104463438,0.27484729933792174,TOWT(HoW-cond),Hog_office_Valda,125,Hog
6,4,0.6,0.6666666666666666,0.631578947368421,25.75,0.6666666666666666,0.013682331945270671,0.5933333333333334,0.3712522045855379,0.45672737024305815,PatchTST-SSL(HoW-cond),Lamb_education_Armando,125,Lamb
6,4,0.18604651162790697,0.6666666666666666,0.2909090909090909,31.75,0.6666666666666666,0.08506841165972635,0.16569767441860464,0.3111111111111111,0.21623086302669015,PatchTST-SSL(global-MAD),Lamb_education_Armando,125,Lamb
6,4,0.75,0.6666666666666666,0.7058823529411765,29.75,0.6666666666666666,0.001784651992861392,0.75,0.24347442680776013,0.36761050949760343,PatchTST-SSL(HoD-cond),Lamb_education_Armando,125,Lamb
6,5,0.46808510638297873,0.8333333333333334,0.5994550408719346,22.4,0.8333333333333334,0.042236763831052945,0.45164410058027077,0.4719135802469136,0.46155641153097576,HOW-profile(HoW-cond),Lamb_education_Armando,125,Lamb
6,4,0.14285714285714285,0.6666666666666666,0.23529411764705882,51.75,0.6666666666666666,0.06900654372397383,0.12169312169312169,0.3107142857142857,0.17488965607656337,HOW-profile(global-MAD),Lamb_education_Armando,125,Lamb
6,5,0.6052631578947368,0.8333333333333334,0.7012195121951219,22.4,0.8333333333333334,0.022010707911957167,0.6052631578947368,0.39265873015873015,0.476313558878622,HOW-profile(HoD-cond),Lamb_education_Armando,125,Lamb
6,5,0.8333333333333334,0.8333333333333334,0.8333333333333334,43.4,0.8333333333333334,0.00297441998810232,0.8333333333333334,0.3527116402116402,0.49564118292161563,TOWT(HoW-cond),Lamb_education_Armando,125,Lamb
6,6,0.3829787234042553,1.0,0.5538461538461539,15.5,1.0,0.05020196191575303,0.3758865248226951,0.5155804843304844,0.4347883982952586,PatchTST-SSL(HoW-cond),Lamb_education_Eula,125,Lamb
6,5,0.28,0.8333333333333334,0.41916167664670667,22.4,0.8333333333333334,0.060588574725908825,0.28,0.43963675213675213,0.34211229549570954,PatchTST-SSL(global-MAD),Lamb_education_Eula,125,Lamb
6,5,0.2857142857142857,0.8333333333333334,0.42553191489361697,27.0,0.8333333333333334,0.01788805539526832,0.2857142857142857,0.4188034188034188,0.3396880415944541,PatchTST-SSL(HoD-cond),Lamb_education_Eula,125,Lamb
6,6,0.34375,1.0,0.5116279069767442,12.833333333333334,1.0,0.08597807270628967,0.3359375,0.42797364672364674,0.37641130794557265,HOW-profile(HoW-cond),Lamb_education_Eula,125,Lamb
6,5,0.3333333333333333,0.8333333333333334,0.47619047619047616,22.2,0.8333333333333334,0.061165608770917486,0.3333333333333333,0.4321581196581197,0.37636659688299606,HOW-profile(global-MAD),Lamb_education_Eula,125,Lamb
6,5,0.25,0.8333333333333334,0.3846153846153846,15.2,0.8333333333333334,0.06924408540103866,0.24107142857142858,0.42254273504273504,0.3069945952161914,HOW-profile(HoD-cond),Lamb_education_Eula,125,Lamb
6,5,0.3,0.8333333333333334,0.4411764705882353,15.4,0.8333333333333334,0.07616849394114253,0.2916666666666667,0.5128205128205129,0.3718459495351926,TOWT(HoW-cond),Lamb_education_Eula,125,Lamb
6,5,0.782608695652174,0.8333333333333334,0.8071748878923767,23.8,0.8333333333333334,0.005558643690939411,0.782608695652174,0.34282407407407406,0.47678921152177994,PatchTST-SSL(HoW-cond),Lamb_education_Lazaro,125,Lamb
6,5,0.4583333333333333,0.8333333333333334,0.5913978494623655,30.4,0.8333333333333334,0.028349082823790995,0.4583333333333333,0.22523148148148145,0.302037476013094,PatchTST-SSL(global-MAD),Lamb_education_Lazaro,125,Lamb
6,4,0.9,0.6666666666666666,0.7659574468085106,28.5,0.6666666666666666,0.007226236798221234,0.9,0.34375,0.4974874371859297,PatchTST-SSL(HoD-cond),Lamb_education_Lazaro,125,Lamb
6,5,0.9,0.8333333333333334,0.8653846153846153,22.8,0.8333333333333334,0.006670372429127293,0.9,0.4041666666666666,0.5578274760383386,HOW-profile(HoW-cond),Lamb_education_Lazaro,125,Lamb
6,5,1.0,0.8333333333333334,0.9090909090909091,43.0,0.8333333333333334,0.0,1.0,0.23402777777777775,0.3792909397861564,HOW-profile(global-MAD),Lamb_education_Lazaro,125,Lamb
6,5,0.8823529411764706,0.8333333333333334,0.8571428571428571,14.4,0.8333333333333334,0.005558643690939411,0.8823529411764706,0.4900462962962963,0.6301282878091855,HOW-profile(HoD-cond),Lamb_education_Lazaro,125,Lamb
6,5,0.8823529411764706,0.8333333333333334,0.8571428571428571,22.8,0.8333333333333334,0.005558643690939411,0.8823529411764706,0.419212962962963,0.5683827298691244,TOWT(HoW-cond),Lamb_education_Lazaro,125,Lamb
6,6,0.5172413793103449,1.0,0.6818181818181819,3.6666666666666665,1.0,0.016189962223421478,0.5172413793103449,0.5825617283950618,0.5479617757348494,PatchTST-SSL(HoW-cond),Lamb_education_Lucas,125,Lamb
6,6,0.3148148148148148,1.0,0.4788732394366197,6.666666666666667,1.0,0.07123583378305451,0.3148148148148148,0.5263888888888889,0.3939949856295481,PatchTST-SSL(global-MAD),Lamb_education_Lucas,125,Lamb
6,5,0.4418604651162791,0.8333333333333334,0.5775075987841946,4.2,0.8333333333333334,0.012951969778737183,0.4418604651162791,0.442283950617284,0.4420721064467158,PatchTST-SSL(HoD-cond),Lamb_education_Lucas,125,Lamb
6,6,0.47368421052631576,1.0,0.6428571428571429,3.6666666666666665,1.0,0.018888289260658393,0.47368421052631576,0.683641975308642,0.5596182188223735,HOW-profile(HoW-cond),Lamb_education_Lucas,125,Lamb
6,6,0.29545454545454547,1.0,0.456140350877193,3.5,1.0,0.08364813815434431,0.29545454545454547,0.6888888888888888,0.4135454079014879,HOW-profile(global-MAD),Lamb_education_Lucas,125,Lamb
6,6,0.3181818181818182,1.0,0.4827586206896552,3.6666666666666665,1.0,0.037776578521316787,0.3181818181818182,0.6699074074074075,0.4314435404864335,HOW-profile(HoD-cond),Lamb_education_Lucas,125,Lamb
6,6,0.6097560975609756,1.0,0.7575757575757575,3.6666666666666665,1.0,0.009174311926605505,0.6097560975609756,0.6319444444444444,0.6206520256445233,TOWT(HoW-cond),Lamb_education_Lucas,125,Lamb
6,6,0.38461538461538464,1.0,0.5555555555555556,8.166666666666666,1.0,0.03583617747440273,0.38461538461538464,0.40724206349206343,0.3956054546330651,PatchTST-SSL(HoW-cond),Lamb_education_Mae,125,Lamb
6,5,0.36363636363636365,0.8333333333333334,0.5063291139240507,14.8,0.8333333333333334,0.03924914675767918,0.36363636363636365,0.37983630952380953,0.3715598416958559,PatchTST-SSL(global-MAD),Lamb_education_Mae,125,Lamb
6,5,0.42857142857142855,0.8333333333333334,0.5660377358490566,16.2,0.8333333333333334,0.01877133105802048,0.42857142857142855,0.3829365079365079,0.4044708347886832,PatchTST-SSL(HoD-cond),Lamb_education_Mae,125,Lamb
6,6,0.47761194029850745,1.0,0.6464646464646464,4.5,1.0,0.03811149032992037,0.47761194029850745,0.45192625661375657,0.4644142155968022,HOW-profile(HoW-cond),Lamb_education_Mae,125,Lamb
6,5,0.3157894736842105,0.8333333333333334,0.4580152671755725,1.6,0.8333333333333334,0.08646188850967008,0.3132832080200501,0.41877480158730157,0.35842818890704553,HOW-profile(global-MAD),Lamb_education_Mae,125,Lamb
6,5,0.3076923076923077,0.8333333333333334,0.4494382022471911,16.2,0.8333333333333334,0.05005688282138794,0.3076923076923077,0.41641865079365076,0.3538927677512844,HOW-profile(HoD-cond),Lamb_education_Mae,125,Lamb
6,5,0.8636363636363636,0.8333333333333334,0.8482142857142857,2.6,0.8333333333333334,0.0022753128555176336,0.8636363636363636,0.4026537698412698,0.5492365902515023,TOWT(HoW-cond),Lamb_education_Mae,125,Lamb
6,4,0.7446808510638298,0.6666666666666666,0.7035175879396984,6.25,0.6666666666666666,0.015714285714285715,0.7446808510638298,0.13077876984126985,0.22248529412651122,PatchTST-SSL(HoW-cond),Lamb_education_Williams,125,Lamb
6,4,0.5357142857142857,0.6666666666666666,0.594059405940594,29.5,0.6666666666666666,0.03357142857142857,0.5178571428571429,0.05637400793650794,0.10167920232490699,PatchTST-SSL(global-MAD),Lamb_education_Williams,125,Lamb
6,3,0.9130434782608695,0.5,0.6461538461538461,15.333333333333334,0.5,0.002857142857142857,0.9130434782608695,0.09362599206349205,0.169836483511775,PatchTST-SSL(HoD-cond),Lamb_education_Williams,125,Lamb
6,4,0.6938775510204082,0.6666666666666666,0.6799999999999999,5.25,0.6666666666666666,0.027857142857142858,0.6938775510204082,0.28635912698412697,0.4054085593870603,HOW-profile(HoW-cond),Lamb_education_Williams,125,Lamb
6,4,0.5813953488372093,0.6666666666666666,0.6211180124223603,5.25,0.6666666666666666,0.045,0.5697674418604651,0.1875,0.2821497120921305,HOW-profile(global-MAD),Lamb_education_Williams,125,Lamb
6,4,0.717391304347826,0.6666666666666666,0.6910994764397905,9.0,0.6666666666666666,0.023571428571428573,0.717391304347826,0.2808779761904762,0.4036975225626651,HOW-profile(HoD-cond),Lamb_education_Williams,125,Lamb
6,4,0.6792452830188679,0.6666666666666666,0.6728971962616822,5.75,0.6666666666666666,0.016428571428571428,0.6792452830188679,0.20146329365079366,0.3107565783705864,TOWT(HoW-cond),Lamb_education_Williams,125,Lamb
6,6,0.6060606060606061,1.0,0.7547169811320755,31.5,1.0,0.024161073825503355,0.603030303030303,0.32336182336182334,0.4209815104749124,PatchTST-SSL(HoW-cond),Lamb_office_Caitlin,125,Lamb
6,5,1.0,0.8333333333333334,0.9090909090909091,32.2,0.8333333333333334,0.0,1.0,0.37789351851851855,0.5485090298194036,PatchTST-SSL(global-MAD),Lamb_office_Caitlin,125,Lamb
6,6,0.5853658536585366,1.0,0.7384615384615384,30.333333333333332,1.0,0.04496644295302014,0.5831485587583148,0.4077635327635327,0.4799350385967317,PatchTST-SSL(HoD-cond),Lamb_office_Caitlin,125,Lamb
6,6,0.8666666666666667,1.0,0.9285714285714286,72.0,1.0,0.04161073825503356,0.8555555555555556,0.29037571225071224,0.4335906712626651,HOW-profile(HoW-cond),Lamb_office_Caitlin,125,Lamb
6,5,0.9090909090909091,0.8333333333333334,0.8695652173913043,47.2,0.8333333333333334,0.003355704697986577,0.893939393939394,0.365162037037037,0.5185169709884538,HOW-profile(global-MAD),Lamb_office_Caitlin,125,Lamb
6,5,0.8235294117647058,0.8333333333333334,0.8284023668639053,33.4,0.8333333333333334,0.015436241610738255,0.8128342245989305,0.30671296296296297,0.4453707645273464,HOW-profile(HoD-cond),Lamb_office_Caitlin,125,Lamb
6,5,1.0,0.8333333333333334,0.9090909090909091,43.0,0.8333333333333334,0.0013422818791946308,0.9834710743801653,0.3703703703703703,0.5380963147185168,TOWT(HoW-cond),Lamb_office_Caitlin,125,Lamb
6,6,0.6,1.0,0.7499999999999999,46.666666666666664,1.0,0.02515295717199184,0.59,0.3255483906525573,0.41958142780002783,PatchTST-SSL(HoW-cond),Lamb_office_Velma,125,Lamb
6,5,0.8571428571428571,0.8333333333333334,0.8450704225352113,36.6,0.8333333333333334,0.004078857919782461,0.8571428571428571,0.3139054232804233,0.45952296908880036,PatchTST-SSL(global-MAD),Lamb_office_Velma,125,Lamb
6,5,0.4117647058823529,0.8333333333333334,0.5511811023622047,23.4,0.8333333333333334,0.011556764106050306,0.4117647058823529,0.30423280423280424,0.3499239295805259,PatchTST-SSL(HoD-cond),Lamb_office_Velma,125,Lamb
6,6,0.7450980392156863,1.0,0.8539325842696629,11.333333333333334,1.0,0.02787219578518015,0.7316993464052287,0.39533730158730157,0.5133250026896242,HOW-profile(HoW-cond),Lamb_office_Velma,125,Lamb
6,4,0.47619047619047616,0.6666666666666666,0.5555555555555556,40.0,0.6666666666666666,0.02379333786539769,0.47619047619047616,0.3566468253968254,0.4078391332709379,HOW-profile(global-MAD),Lamb_office_Velma,125,Lamb
6,6,0.7857142857142857,1.0,0.88,31.0,1.0,0.024473147518694765,0.7809523809523808,0.42635306437389775,0.5515778000308035,HOW-profile(HoD-cond),Lamb_office_Velma,125,Lamb
6,6,0.7222222222222222,1.0,0.8387096774193548,45.0,1.0,0.019034670292318152,0.7166666666666667,0.3756338183421517,0.49291241773342026,TOWT(HoW-cond),Lamb_office_Velma,125,Lamb
6,6,0.5217391304347826,1.0,0.6857142857142856,3.5,1.0,0.061946902654867256,0.5217391304347826,0.3250771604938272,0.400572064701944,PatchTST-SSL(HoW-cond),Rat_retail_Jeffrey,125,Rat
6,5,0.9333333333333333,0.8333333333333334,0.8805031446540881,13.0,0.8333333333333334,0.0006321112515802782,0.9333333333333333,0.29853395061728394,0.4523728990500052,PatchTST-SSL(global-MAD),Rat_retail_Jeffrey,125,Rat
6,6,0.5,1.0,0.6666666666666666,5.5,1.0,0.042351453855878636,0.5,0.35131172839506175,0.41267107767606276,PatchTST-SSL(HoD-cond),Rat_retail_Jeffrey,125,Rat
6,6,0.4594594594594595,1.0,0.6296296296296297,5.666666666666667,1.0,0.09355246523388117,0.4594594594594595,0.4550925925925926,0.4572656004159199,HOW-profile(HoW-cond),Rat_retail_Jeffrey,125,Rat
6,5,0.5454545454545454,0.8333333333333334,0.6593406593406592,12.6,0.8333333333333334,0.0461441213653603,0.5206611570247933,0.39375,0.4483985765124555,HOW-profile(global-MAD),Rat_retail_Jeffrey,125,Rat
6,6,0.40963855421686746,1.0,0.5811965811965811,5.166666666666667,1.0,0.10176991150442478,0.40963855421686746,0.46141975308641975,0.43399005314948025,HOW-profile(HoD-cond),Rat_retail_Jeffrey,125,Rat
6,6,0.5714285714285714,1.0,0.7272727272727273,10.833333333333334,1.0,0.02465233881163085,0.5714285714285714,0.3904320987654321,0.46390098556039416,TOWT(HoW-cond),Rat_retail_Jeffrey,125,Rat
6,5,0.6136363636363636,0.8333333333333334,0.706806282722513,28.6,0.8333333333333334,0.01753246753246753,0.6136363636363636,0.1439070767195767,0.23313940971688274,PatchTST-SSL(HoW-cond),Robin_education_Zenia,125,Robin
6,4,1.0,0.6666666666666666,0.8,62.5,0.6666666666666666,0.0,1.0,0.1302662037037037,0.230505350468486,PatchTST-SSL(global-MAD),Robin_education_Zenia,125,Robin
6,5,0.4772727272727273,0.8333333333333334,0.6069364161849712,33.0,0.8333333333333334,0.025324675324675326,0.4772727272727273,0.22523148148148145,0.3060390018871881,PatchTST-SSL(HoD-cond),Robin_education_Zenia,125,Robin
6,5,0.4473684210526316,0.8333333333333334,0.5821917808219178,19.0,0.8333333333333334,0.04220779220779221,0.44298245614035087,0.20624173280423283,0.28144813736772045,HOW-profile(HoW-cond),Robin_education_Zenia,125,Robin
6,3,1.0,0.5,0.6666666666666666,24.666666666666668,0.5,0.0,1.0,0.12361111111111112,0.2200247218788628,HOW-profile(global-MAD),Robin_education_Zenia,125,Robin
6,5,0.39344262295081966,0.8333333333333334,0.5345211581291759,18.6,0.8333333333333334,0.044805194805194806,0.3770491803278688,0.16669973544973546,0.2311875823138299,HOW-profile(HoD-cond),Robin_education_Zenia,125,Robin
6,4,0.47058823529411764,0.6666666666666666,0.5517241379310345,17.5,0.6666666666666666,0.05064935064935065,0.4588235294117647,0.18584656084656084,0.2645408132475589,TOWT(HoW-cond),Robin_education_Zenia,125,Robin
6,6,0.5428571428571428,1.0,0.7037037037037037,41.166666666666664,1.0,0.013314646110721794,0.5428571428571428,0.2059027777777778,0.2985624378933422,PatchTST-SSL(HoW-cond),Robin_office_Dina,125,Robin
6,6,0.6086956521739131,1.0,0.7567567567567568,43.833333333333336,1.0,0.02452697967764541,0.567287784679089,0.2144675925925926,0.31126065524977475,PatchTST-SSL(global-MAD),Robin_office_Dina,125,Robin
6,4,0.5454545454545454,0.6666666666666666,0.6,77.75,0.6666666666666666,0.00350385423966363,0.5454545454545454,0.17453703703703702,0.2644531478342199,PatchTST-SSL(HoD-cond),Robin_office_Dina,125,Robin
6,5,0.54,0.8333333333333334,0.6553398058252428,45.8,0.8333333333333334,0.0161177295024527,0.54,0.19143518518518518,0.28266345971264006,HOW-profile(HoW-cond),Robin_office_Dina,125,Robin
6,4,0.28125,0.6666666666666666,0.39560439560439564,42.0,0.6666666666666666,0.025227750525578137,0.28125,0.18773148148148147,0.22516658440276408,HOW-profile(global-MAD),Robin_office_Dina,125,Robin
6,5,0.5172413793103449,0.8333333333333334,0.6382978723404256,46.0,0.8333333333333334,0.01051156271899089,0.5172413793103449,0.18622685185185187,0.27385524875043266,HOW-profile(HoD-cond),Robin_office_Dina,125,Robin
6,6,0.55,1.0,0.7096774193548387,52.666666666666664,1.0,0.012613875262789068,0.55,0.19849537037037038,0.29171176743466837,TOWT(HoW-cond),Robin_office_Dina,125,Robin
6,6,0.5714285714285714,1.0,0.7272727272727273,9.666666666666666,1.0,0.0058823529411764705,0.5714285714285714,0.3395833333333333,0.4260045736687357,PatchTST-SSL(HoW-cond),Robin_office_Sammie,125,Robin
6,6,0.39285714285714285,1.0,0.5641025641025641,17.5,1.0,0.02459893048128342,0.37142857142857144,0.3890873015873016,0.3800529238567329,PatchTST-SSL(global-MAD),Robin_office_Sammie,125,Robin
6,6,0.5263157894736842,1.0,0.6896551724137931,10.0,1.0,0.006417112299465241,0.5263157894736842,0.29897486772486775,0.3813327878290688,PatchTST-SSL(HoD-cond),Robin_office_Sammie,125,Robin
6,6,0.5714285714285714,1.0,0.7272727272727273,9.5,1.0,0.010160427807486631,0.5714285714285714,0.3624007936507936,0.44352035938140255,HOW-profile(HoW-cond),Robin_office_Sammie,125,Robin
6,6,0.4,1.0,0.5714285714285715,4.666666666666667,1.0,0.019786096256684493,0.38571428571428573,0.3607473544973545,0.37281328515103385,HOW-profile(global-MAD),Robin_office_Sammie,125,Robin
6,6,0.4838709677419355,1.0,0.6521739130434783,9.666666666666666,1.0,0.0106951871657754,0.4838709677419355,0.35347222222222224,0.40851815190347524,HOW-profile(HoD-cond),Robin_office_Sammie,125,Robin
6,6,0.9032258064516129,1.0,0.9491525423728813,13.333333333333334,1.0,0.0032085561497326204,0.9032258064516129,0.3900793650793651,0.5448516821236625,TOWT(HoW-cond),Robin_office_Sammie,125,Robin
6,5,0.7804878048780488,0.8333333333333334,0.806045340050378,5.0,0.8333333333333334,0.006121313299944352,0.7804878048780488,0.4602272727272727,0.5790237909080755,PatchTST-SSL(HoW-cond),Shrew_office_Doris,125,Shrew
6,5,0.6363636363636364,0.8333333333333334,0.7216494845360825,13.4,0.8333333333333334,0.009460211463550361,0.6363636363636364,0.32765151515151514,0.4325772459367744,PatchTST-SSL(global-MAD),Shrew_office_Doris,125,Shrew
6,5,0.8571428571428571,0.8333333333333334,0.8450704225352113,14.6,0.8333333333333334,0.0022259321090706734,0.8571428571428571,0.38573232323232326,0.5320368623467093,PatchTST-SSL(HoD-cond),Shrew_office_Doris,125,Shrew
6,5,0.4857142857142857,0.8333333333333334,0.6137184115523466,10.0,0.8333333333333334,0.016138007790762382,0.4857142857142857,0.5164141414141414,0.5005939738651499,HOW-profile(HoW-cond),Shrew_office_Doris,125,Shrew
6,5,0.8064516129032258,0.8333333333333334,0.819672131147541,11.6,0.8333333333333334,0.005008347245409015,0.8064516129032258,0.5277777777777778,0.6380120886501007,HOW-profile(global-MAD),Shrew_office_Doris,125,Shrew
6,5,0.7727272727272727,0.8333333333333334,0.8018867924528302,11.6,0.8333333333333334,0.00333889816360601,0.7727272727272727,0.5227272727272727,0.6236044657097288,HOW-profile(HoD-cond),Shrew_office_Doris,125,Shrew
6,5,0.4827586206896552,0.8333333333333334,0.611353711790393,20.0,0.8333333333333334,0.01335559265442404,0.4827586206896552,0.47664141414141414,0.47968051553175556,TOWT(HoW-cond),Shrew_office_Doris,125,Shrew
6,5,0.7727272727272727,0.8333333333333334,0.8018867924528302,4.6,0.8333333333333334,0.010262989095574085,0.7727272727272727,0.3751350308641976,0.5050728966308512,PatchTST-SSL(HoW-cond),Shrew_office_Ila,125,Shrew
6,5,0.6923076923076923,0.8333333333333334,0.7563025210084034,14.0,0.8333333333333334,0.003207184092366902,0.6923076923076923,0.241820987654321,0.35843997407581557,PatchTST-SSL(global-MAD),Shrew_office_Ila,125,Shrew
6,6,0.7714285714285715,1.0,0.870967741935484,8.333333333333334,1.0,0.010262989095574085,0.7714285714285715,0.3391010802469136,0.47111261101419644,PatchTST-SSL(HoD-cond),Shrew_office_Ila,125,Shrew
6,5,0.6,0.8333333333333334,0.6976744186046512,1.4,0.8333333333333334,0.030147530468248876,0.6,0.4402391975308642,0.5078515002039832,HOW-profile(HoW-cond),Shrew_office_Ila,125,Shrew
6,6,0.5869565217391305,1.0,0.7397260273972603,5.0,1.0,0.04810776138550353,0.5869565217391305,0.4291473765432099,0.49579743149313965,HOW-profile(global-MAD),Shrew_office_Ila,125,Shrew
6,6,0.7017543859649122,1.0,0.8247422680412371,3.1666666666666665,1.0,0.0327132777421424,0.7017543859649122,0.45509259259259255,0.5521269948255646,HOW-profile(HoD-cond),Shrew_office_Ila,125,Shrew
6,5,0.8723404255319149,0.8333333333333334,0.8523908523908524,5.4,0.8333333333333334,0.006414368184733804,0.8723404255319149,0.43503086419753084,0.5805466468093015,TOWT(HoW-cond),Shrew_office_Ila,125,Shrew
6,6,0.3225806451612903,1.0,0.4878048780487805,14.333333333333334,1.0,0.01768990634755463,0.3225806451612903,0.45219907407407406,0.376547463581297,PatchTST-SSL(HoW-cond),Shrew_office_Kenneth,125,Shrew
6,5,0.4090909090909091,0.8333333333333334,0.5487804878048781,15.6,0.8333333333333334,0.015608740894901144,0.4090909090909091,0.3673611111111111,0.3871046426538743,PatchTST-SSL(global-MAD),Shrew_office_Kenneth,125,Shrew
6,5,0.375,0.8333333333333334,0.5172413793103448,15.4,0.8333333333333334,0.005723204994797087,0.375,0.43194444444444446,0.40146299483648884,PatchTST-SSL(HoD-cond),Shrew_office_Kenneth,125,Shrew
6,6,0.4782608695652174,1.0,0.6470588235294118,19.0,1.0,0.02497398543184183,0.46859903381642515,0.5549768518518519,0.5081433046822295,HOW-profile(HoW-cond),Shrew_office_Kenneth,125,Shrew
6,4,0.34146341463414637,0.6666666666666666,0.4516129032258065,2.75,0.6666666666666666,0.02081165452653486,0.34146341463414637,0.4927083333333333,0.4033746535497822,HOW-profile(global-MAD),Shrew_office_Kenneth,125,Shrew
6,5,0.4722222222222222,0.8333333333333334,0.6028368794326241,18.8,0.8333333333333334,0.012486992715920915,0.4722222222222222,0.4805555555555556,0.47635244574020086,HOW-profile(HoD-cond),Shrew_office_Kenneth,125,Shrew
6,3,0.3,0.5,0.37499999999999994,0.6666666666666666,0.5,0.005202913631633715,0.3,0.425,0.3517241379310345,TOWT(HoW-cond),Shrew_office_Kenneth,125,Shrew
6,5,0.8125,0.8333333333333334,0.8227848101265822,6.6,0.8333333333333334,0.005031446540880503,0.8125,0.328125,0.4674657534246575,PatchTST-SSL(HoW-cond),Shrew_office_Nora,125,Shrew
6,2,0.6666666666666666,0.3333333333333333,0.4444444444444444,1.5,0.3333333333333333,0.0006289308176100629,0.6666666666666666,0.16666666666666666,0.26666666666666666,PatchTST-SSL(global-MAD),Shrew_office_Nora,125,Shrew
6,5,0.8461538461538461,0.8333333333333334,0.8396946564885497,57.0,0.8333333333333334,0.0025157232704402514,0.8461538461538461,0.22627314814814814,0.3570628035365905,PatchTST-SSL(HoD-cond),Shrew_office_Nora,125,Shrew
6,5,0.5,0.8333333333333334,0.625,1.2,0.8333333333333334,0.025157232704402517,0.5,0.40451388888888884,0.4472168905950096,HOW-profile(HoW-cond),Shrew_office_Nora,125,Shrew
6,5,0.47619047619047616,0.8333333333333334,0.6060606060606061,1.2,0.8333333333333334,0.0220125786163522,0.47619047619047616,0.4010416666666667,0.43539722929035907,HOW-profile(global-MAD),Shrew_office_Nora,125,Shrew
6,5,0.5,0.8333333333333334,0.625,1.0,0.8333333333333334,0.024528301886792454,0.5,0.4224537037037037,0.45796737766624845,HOW-profile(HoD-cond),Shrew_office_Nora,125,Shrew
6,5,0.5555555555555556,0.8333333333333334,0.6666666666666667,1.2,0.8333333333333334,0.018867924528301886,0.5555555555555556,0.4149305555555556,0.4750546611011727,TOWT(HoW-cond),Shrew_office_Nora,125,Shrew
6,6,0.975,1.0,0.9873417721518987,12.0,1.0,0.0014044943820224719,0.975,0.40434854497354494,0.5716319240497224,PatchTST-SSL(HoW-cond),Shrew_office_Sherill,125,Shrew
6,4,0.9,0.6666666666666666,0.7659574468085106,68.0,0.6666666666666666,0.0014044943820224719,0.9,0.24834656084656082,0.3892760467661118,PatchTST-SSL(global-MAD),Shrew_office_Sherill,125,Shrew
6,6,0.96875,1.0,0.9841269841269841,44.166666666666664,1.0,0.0035112359550561797,0.96875,0.40600198412698413,0.5721969150279632,PatchTST-SSL(HoD-cond),Shrew_office_Sherill,125,Shrew
6,6,1.0,1.0,1.0,5.833333333333333,1.0,0.0,1.0,0.6008597883597883,0.7506713488948563,HOW-profile(HoW-cond),Shrew_office_Sherill,125,Shrew
6,6,1.0,1.0,1.0,7.166666666666667,1.0,0.0007022471910112359,0.9827586206896551,0.5587797619047619,0.7124644242131718,HOW-profile(global-MAD),Shrew_office_Sherill,125,Shrew
6,6,1.0,1.0,1.0,9.333333333333334,1.0,0.0,1.0,0.5925925925925926,0.7441860465116279,HOW-profile(HoD-cond),Shrew_office_Sherill,125,Shrew
6,6,1.0,1.0,1.0,6.0,1.0,0.0,1.0,0.5883763227513227,0.7408525477541247,TOWT(HoW-cond),Shrew_office_Sherill,125,Shrew
6,4,0.65,0.6666666666666666,0.6582278481012659,4.5,0.6666666666666666,0.032165832737669764,0.65,0.24012896825396826,0.3506993591529674,PatchTST-SSL(HoW-cond),Wolf_office_Darleen,125,Wolf
6,2,0.4,0.3333333333333333,0.3636363636363636,19.0,0.3333333333333333,0.006433166547533953,0.4,0.03680555555555556,0.06740858505564389,PatchTST-SSL(global-MAD),Wolf_office_Darleen,125,Wolf
6,3,0.6896551724137931,0.5,0.5797101449275363,10.666666666666666,0.5,0.007862759113652609,0.685823754789272,0.10875496031746033,0.18773907183471436,PatchTST-SSL(HoD-cond),Wolf_office_Darleen,125,Wolf
6,6,0.6956521739130435,1.0,0.8205128205128205,3.5,1.0,0.04646175839885633,0.6956521739130435,0.3621527777777778,0.4763304742468139,HOW-profile(HoW-cond),Wolf_office_Darleen,125,Wolf
6,4,0.7419354838709677,0.6666666666666666,0.7022900763358778,0.5,0.6666666666666666,0.035739814152966405,0.7419354838709677,0.3331349206349206,0.4598110365603177,HOW-profile(global-MAD),Wolf_office_Darleen,125,Wolf
6,6,0.7021276595744681,1.0,0.825,1.0,1.0,0.03788420300214439,0.7021276595744681,0.3737681878306878,0.4878408696861997,HOW-profile(HoD-cond),Wolf_office_Darleen,125,Wolf
6,6,0.6578947368421053,1.0,0.7936507936507937,11.5,1.0,0.04145818441744103,0.6578947368421053,0.34892526455026457,0.4560022541892223,TOWT(HoW-cond),Wolf_office_Darleen,125,Wolf
6,6,0.925,1.0,0.961038961038961,62.833333333333336,1.0,0.0030864197530864196,0.925,0.05490053927553928,0.10364929254436119,PatchTST-SSL(HoW-cond),Wolf_retail_Harriett,125,Wolf
6,3,0.875,0.5,0.6363636363636364,95.66666666666667,0.5,0.00102880658436214,0.875,0.01091269841269841,0.0215565509518477,PatchTST-SSL(global-MAD),Wolf_retail_Harriett,125,Wolf
6,5,1.0,0.8333333333333334,0.9090909090909091,101.4,0.8333333333333334,0.0,1.0,0.026928800366300368,0.052445311411453255,PatchTST-SSL(HoD-cond),Wolf_retail_Harriett,125,Wolf
6,6,0.8703703703703703,1.0,0.9306930693069307,57.166666666666664,1.0,0.00720164609053498,0.8703703703703703,0.1191546686338353,0.2096130749244218,HOW-profile(HoW-cond),Wolf_retail_Harriett,125,Wolf
6,5,0.9444444444444444,0.8333333333333334,0.8854166666666667,81.6,0.8333333333333334,0.00102880658436214,0.9444444444444444,0.024834444105277437,0.04839629345727193,HOW-profile(global-MAD),Wolf_retail_Harriett,125,Wolf
6,6,0.9,1.0,0.9473684210526316,53.833333333333336,1.0,0.0051440329218107,0.9,0.1146903829195496,0.203453873940537,HOW-profile(HoD-cond),Wolf_retail_Harriett,125,Wolf
6,6,0.8974358974358975,1.0,0.945945945945946,56.0,1.0,0.00411522633744856,0.8974358974358975,0.07157801689051689,0.13258154681808748,TOWT(HoW-cond),Wolf_retail_Harriett,125,Wolf
6,6,0.2903225806451613,1.0,0.45000000000000007,50.666666666666664,1.0,0.032066508313539195,0.2903225806451613,0.2626901455026455,0.27581600692493724,PatchTST-SSL(HoW-cond),Wolf_retail_Marcella,125,Wolf
6,6,0.42105263157894735,1.0,0.5925925925925926,28.166666666666668,1.0,0.04275534441805225,0.4105263157894737,0.32353670634920634,0.36187719058026036,PatchTST-SSL(global-MAD),Wolf_retail_Marcella,125,Wolf
6,6,0.3157894736842105,1.0,0.4799999999999999,54.666666666666664,1.0,0.024346793349168647,0.3157894736842105,0.2556216931216931,0.28253784532910964,PatchTST-SSL(HoD-cond),Wolf_retail_Marcella,125,Wolf
6,5,0.36585365853658536,0.8333333333333334,0.5084745762711864,35.4,0.8333333333333334,0.05463182897862233,0.36585365853658536,0.34747023809523814,0.356425064237922,HOW-profile(HoW-cond),Wolf_retail_Marcella,125,Wolf
6,6,0.29310344827586204,1.0,0.4533333333333333,20.833333333333332,1.0,0.09679334916864608,0.28620689655172415,0.3436673280423281,0.3123161912796481,HOW-profile(global-MAD),Wolf_retail_Marcella,125,Wolf
6,4,0.24242424242424243,0.6666666666666666,0.3555555555555555,25.5,0.6666666666666666,0.050475059382422804,0.24242424242424243,0.2586805555555556,0.2502887139107612,HOW-profile(HoD-cond),Wolf_retail_Marcella,125,Wolf
6,5,0.37209302325581395,0.8333333333333334,0.5144694533762059,47.2,0.8333333333333334,0.05819477434679335,0.37209302325581395,0.2702546296296296,0.3131010496762974,TOWT(HoW-cond),Wolf_retail_Marcella,125,Wolf
6,4,0.6451612903225806,0.6666666666666666,0.6557377049180327,24.75,0.6666666666666666,0.011131725417439703,0.6451612903225806,0.2962962962962963,0.40609137055837563,PatchTST-SSL(HoW-cond),Wolf_retail_Toshia,125,Wolf
6,4,0.7142857142857143,0.6666666666666666,0.689655172413793,35.25,0.6666666666666666,0.0055658627087198514,0.7142857142857143,0.2621527777777778,0.3835407670815342,PatchTST-SSL(global-MAD),Wolf_retail_Toshia,125,Wolf
6,4,0.5555555555555556,0.6666666666666666,0.606060606060606,68.25,0.6666666666666666,0.0037105751391465678,0.5555555555555556,0.2604166666666667,0.35460992907801414,PatchTST-SSL(HoD-cond),Wolf_retail_Toshia,125,Wolf
6,4,0.6486486486486487,0.6666666666666666,0.6575342465753425,8.75,0.6666666666666666,0.03525046382189239,0.6486486486486487,0.36284722222222227,0.4653708772092592,HOW-profile(HoW-cond),Wolf_retail_Toshia,125,Wolf
6,4,0.5526315789473685,0.6666666666666666,0.60431654676259,13.75,0.6666666666666666,0.04329004329004329,0.5526315789473685,0.2864583333333333,0.377327670695851,HOW-profile(global-MAD),Wolf_retail_Toshia,125,Wolf
6,4,0.6578947368421053,0.6666666666666666,0.6622516556291391,9.25,0.6666666666666666,0.03153988868274583,0.6578947368421053,0.359375,0.46483427647534353,HOW-profile(HoD-cond),Wolf_retail_Toshia,125,Wolf
6,4,0.4878048780487805,0.6666666666666666,0.5633802816901409,8.5,0.6666666666666666,0.04885590599876314,0.4878048780487805,0.3663194444444445,0.4184224877299093,TOWT(HoW-cond),Wolf_retail_Toshia,125,Wolf
