model,building_id,seed,type,severity,severity_name,duration_h,true_kwh,detected,delay_h,range_cov,oracle_clip_kwh
PatchTST-SSL(HoW-cond),Fox_education_Henrietta,124,schedule,3,obvious,192,60.315560882006025,True,114.0,0.11979166666666667,1023.071718612055
PatchTST-SSL(HoW-cond),Fox_education_Henrietta,124,spike,3,obvious,4,167.26170856365857,True,1.0,0.75,130.75062743434867
PatchTST-SSL(HoW-cond),Fox_education_Henrietta,124,spike,1,subtle,5,78.18136394771389,True,3.0,0.4,16.365227253066617
PatchTST-SSL(HoW-cond),Fox_education_Henrietta,124,schedule,3,obvious,144,183.66365980408142,False,,0.0,540.4442975649293
PatchTST-SSL(HoW-cond),Fox_education_Henrietta,124,drift,1,subtle,216,520.3709604977303,True,118.0,0.1111111111111111,2790.8515119681333
PatchTST-SSL(HoW-cond),Fox_education_Henrietta,124,spike,2,moderate,1,61.819841831657534,True,0.0,1.0,62.09206390804465
PatchTST-SSL(HoW-cond),Fox_retail_Manie,124,spike,3,obvious,3,360.30977822599573,True,1.0,0.6666666666666666,435.0099490955472
PatchTST-SSL(HoW-cond),Fox_retail_Manie,124,schedule,3,obvious,192,705.5814088582074,True,64.0,0.125,2816.331379777445
PatchTST-SSL(HoW-cond),Fox_retail_Manie,124,spike,3,obvious,5,598.2254276518972,True,2.0,0.6,700.4734669156489
PatchTST-SSL(HoW-cond),Fox_retail_Manie,124,drift,2,moderate,168,1941.7014736338524,True,7.0,0.15476190476190477,3038.6447239849736
PatchTST-SSL(HoW-cond),Fox_retail_Manie,124,spike,1,subtle,3,155.21794966966723,True,2.0,0.3333333333333333,135.56779217576042
PatchTST-SSL(HoW-cond),Fox_retail_Manie,124,schedule,3,obvious,96,172.62577698158896,True,41.0,0.10416666666666667,1447.1516593375177
PatchTST-SSL(HoW-cond),Hog_education_Bruno,124,drift,3,obvious,264,46417.54410572455,True,7.0,0.7727272727272727,51370.70390788342
PatchTST-SSL(HoW-cond),Hog_education_Bruno,124,drift,1,subtle,216,9812.30313173102,False,,0.0,14596.708155491702
PatchTST-SSL(HoW-cond),Hog_education_Bruno,124,drift,2,moderate,120,6595.295146158791,True,19.0,0.5166666666666667,8151.202903705056
PatchTST-SSL(HoW-cond),Hog_education_Bruno,124,spike,1,subtle,5,299.2891721906774,True,4.0,0.2,435.9022776389505
PatchTST-SSL(HoW-cond),Hog_education_Bruno,124,drift,1,subtle,216,8137.5103929530915,True,175.0,0.018518518518518517,11965.140716599453
PatchTST-SSL(HoW-cond),Hog_education_Bruno,124,spike,1,subtle,4,291.6501178934577,False,,0.0,390.4113426530389
PatchTST-SSL(HoW-cond),Hog_education_Caridad,124,drift,2,moderate,120,26559.114233147702,False,,0.0,32265.37876904825
PatchTST-SSL(HoW-cond),Hog_education_Caridad,124,schedule,2,moderate,168,5586.936543560644,False,,0.0,5679.887582460415
PatchTST-SSL(HoW-cond),Hog_education_Caridad,124,drift,1,subtle,192,28961.841270979025,True,53.0,0.010416666666666666,38821.05131423272
PatchTST-SSL(HoW-cond),Hog_education_Caridad,124,spike,1,subtle,1,3232.119287388384,False,,0.0,2935.5334368917283
PatchTST-SSL(HoW-cond),Hog_education_Caridad,124,schedule,3,obvious,96,7326.264039132635,False,,0.0,14190.911430355065
PatchTST-SSL(HoW-cond),Hog_education_Caridad,124,spike,1,subtle,4,6005.765793875593,True,1.0,0.75,8114.614365949432
PatchTST-SSL(HoW-cond),Hog_education_Josh,124,spike,1,subtle,5,594.6326420608618,False,,0.0,473.5142852112806
PatchTST-SSL(HoW-cond),Hog_education_Josh,124,schedule,2,moderate,96,1475.452371600362,False,,0.0,371.5136362600606
PatchTST-SSL(HoW-cond),Hog_education_Josh,124,drift,3,obvious,192,16691.47805798628,True,18.0,0.4010416666666667,26325.323886829807
PatchTST-SSL(HoW-cond),Hog_education_Josh,124,spike,3,obvious,3,765.3532648336346,True,1.0,0.6666666666666666,890.2467604547321
PatchTST-SSL(HoW-cond),Hog_education_Josh,124,spike,3,obvious,3,668.1453240628807,True,1.0,0.6666666666666666,1113.740345930621
PatchTST-SSL(HoW-cond),Hog_education_Josh,124,drift,1,subtle,168,2891.321119750779,True,17.0,0.03571428571428571,19512.85559494234
PatchTST-SSL(HoW-cond),Hog_education_Luvenia,124,drift,3,obvious,168,36139.97417896839,True,0.0,0.8392857142857143,43883.260577981615
PatchTST-SSL(HoW-cond),Hog_education_Luvenia,124,drift,1,subtle,192,8901.64724636137,False,,0.0,6595.252822549746
PatchTST-SSL(HoW-cond),Hog_education_Luvenia,124,drift,3,obvious,288,107739.74583786631,True,51.0,0.5972222222222222,103381.7924181784
PatchTST-SSL(HoW-cond),Hog_education_Luvenia,124,drift,3,obvious,120,16462.105680988763,False,,0.0,20666.01309419536
PatchTST-SSL(HoW-cond),Hog_education_Luvenia,124,spike,2,moderate,4,909.4970148676152,False,,0.0,1532.1999716734272
PatchTST-SSL(HoW-cond),Hog_education_Luvenia,124,drift,3,obvious,144,25989.04317118203,True,79.0,0.18055555555555555,31424.76782170823
PatchTST-SSL(HoW-cond),Hog_office_Almeda,124,schedule,3,obvious,144,687.7865728908646,True,5.0,0.06944444444444445,1876.300209451613
PatchTST-SSL(HoW-cond),Hog_office_Almeda,124,schedule,2,moderate,120,80.57674715737826,True,65.0,0.10833333333333334,1867.0631285529666
PatchTST-SSL(HoW-cond),Hog_office_Almeda,124,drift,1,subtle,288,2065.7478398767325,True,16.0,0.05555555555555555,3500.484122698541
PatchTST-SSL(HoW-cond),Hog_office_Almeda,124,spike,3,obvious,4,433.52703801649193,True,1.0,0.75,494.0223771447869
PatchTST-SSL(HoW-cond),Hog_office_Almeda,124,spike,3,obvious,4,417.9640816562538,True,1.0,0.75,454.0854367310351
PatchTST-SSL(HoW-cond),Hog_office_Almeda,124,spike,2,moderate,2,136.54824351694936,True,1.0,0.5,140.7866762725569
PatchTST-SSL(HoW-cond),Hog_office_Cortney,124,spike,2,moderate,3,357.681035451082,True,1.0,0.6666666666666666,356.2193120258037
PatchTST-SSL(HoW-cond),Hog_office_Cortney,124,spike,3,obvious,5,867.3573209702461,True,2.0,0.6,1032.4628253500903
PatchTST-SSL(HoW-cond),Hog_office_Cortney,124,spike,1,subtle,5,408.4063300315772,True,1.0,0.8,431.06649313741116
PatchTST-SSL(HoW-cond),Hog_office_Cortney,124,spike,2,moderate,1,272.95887519299555,True,0.0,1.0,283.77297375082304
PatchTST-SSL(HoW-cond),Hog_office_Cortney,124,schedule,3,obvious,120,371.5476152277705,False,,0.0,2397.7698340032357
PatchTST-SSL(HoW-cond),Hog_office_Cortney,124,spike,1,subtle,1,181.02968838654505,True,0.0,1.0,203.31371319733617
PatchTST-SSL(HoW-cond),Hog_office_Denita,124,schedule,3,obvious,192,911.8087205658233,True,13.0,0.11458333333333333,2118.087562712006
PatchTST-SSL(HoW-cond),Hog_office_Denita,124,schedule,2,moderate,120,221.43335855207079,False,,0.0,85.81033889500054
PatchTST-SSL(HoW-cond),Hog_office_Denita,124,drift,1,subtle,264,2914.5363022298425,True,167.0,0.04924242424242424,4984.60777102877
PatchTST-SSL(HoW-cond),Hog_office_Denita,124,schedule,2,moderate,120,364.88929710752984,True,28.0,0.016666666666666666,1582.512450926697
PatchTST-SSL(HoW-cond),Hog_office_Denita,124,drift,3,obvious,144,2702.7509967910933,False,,0.0,4084.6660879029864
PatchTST-SSL(HoW-cond),Hog_office_Denita,124,spike,3,obvious,5,636.4034244866059,True,0.0,1.0,758.4927917201527
PatchTST-SSL(HoW-cond),Hog_office_Garrett,124,drift,1,subtle,192,5556.152288561812,True,79.0,0.036458333333333336,10720.602513812079
PatchTST-SSL(HoW-cond),Hog_office_Garrett,124,schedule,3,obvious,192,6469.905965881119,True,4.0,0.109375,7258.86632236329
PatchTST-SSL(HoW-cond),Hog_office_Garrett,124,drift,1,subtle,120,2425.0334129518105,True,74.0,0.025,4133.767417419564
PatchTST-SSL(HoW-cond),Hog_office_Garrett,124,spike,3,obvious,3,2491.689618857125,True,1.0,0.6666666666666666,2299.7245362366407
PatchTST-SSL(HoW-cond),Hog_office_Garrett,124,drift,1,subtle,312,26591.048645774314,True,22.0,0.30128205128205127,22454.966114605653
PatchTST-SSL(HoW-cond),Hog_office_Garrett,124,spike,1,subtle,3,934.2433043536314,True,1.0,0.6666666666666666,914.9541845915821
PatchTST-SSL(HoW-cond),Hog_office_Lavon,124,drift,1,subtle,168,350.1790514100819,False,,0.0,12491.83264132174
PatchTST-SSL(HoW-cond),Hog_office_Lavon,124,drift,3,obvious,216,2544.700922092341,False,,0.0,51586.106317887505
PatchTST-SSL(HoW-cond),Hog_office_Lavon,124,spike,3,obvious,4,7791.569566645738,True,1.0,0.75,9851.082186278343
PatchTST-SSL(HoW-cond),Hog_office_Lavon,124,drift,2,moderate,240,1571.1852408501998,True,54.0,0.008333333333333333,12380.05857998128
PatchTST-SSL(HoW-cond),Hog_office_Lavon,124,spike,1,subtle,3,2562.0763129709776,True,1.0,0.6666666666666666,4116.472777819452
PatchTST-SSL(HoW-cond),Hog_office_Lavon,124,spike,2,moderate,3,3484.1998013300895,True,1.0,0.6666666666666666,4621.346284497637
PatchTST-SSL(HoW-cond),Hog_office_Merilyn,124,spike,2,moderate,1,50.65190585486498,True,0.0,1.0,51.2568266550548
PatchTST-SSL(HoW-cond),Hog_office_Merilyn,124,schedule,3,obvious,216,152.38178728386578,True,184.0,0.004629629629629629,1679.0889957665156
PatchTST-SSL(HoW-cond),Hog_office_Merilyn,124,drift,3,obvious,120,1338.0795839605812,True,79.0,0.3333333333333333,927.02626431917
PatchTST-SSL(HoW-cond),Hog_office_Merilyn,124,spike,2,moderate,2,45.062402681060725,True,1.0,0.5,41.79859042858356
PatchTST-SSL(HoW-cond),Hog_office_Merilyn,124,spike,3,obvious,2,85.3039948781363,False,,0.0,106.46255168517102
PatchTST-SSL(HoW-cond),Hog_office_Merilyn,124,schedule,3,obvious,96,77.01120943656545,False,,0.0,492.4259373984759
PatchTST-SSL(HoW-cond),Hog_office_Miriam,124,spike,3,obvious,2,64.35778551681808,True,1.0,0.5,61.952965950699344
PatchTST-SSL(HoW-cond),Hog_office_Miriam,124,drift,2,moderate,144,710.5379465954393,True,16.0,0.1388888888888889,1271.8002476407332
PatchTST-SSL(HoW-cond),Hog_office_Miriam,124,drift,2,moderate,264,2505.2621881358136,True,27.0,0.17045454545454544,2520.9053723404
PatchTST-SSL(HoW-cond),Hog_office_Miriam,124,schedule,2,moderate,192,28.96860913554888,False,,0.0,594.8417363102408
PatchTST-SSL(HoW-cond),Hog_office_Miriam,124,spike,1,subtle,4,54.73908505905362,False,,0.0,47.69975879020109
PatchTST-SSL(HoW-cond),Hog_office_Miriam,124,drift,3,obvious,216,2729.9115140571216,True,181.0,0.009259259259259259,2805.2645592584904
PatchTST-SSL(HoW-cond),Hog_office_Napoleon,124,drift,2,moderate,120,2540.854333607559,True,43.0,0.15833333333333333,3332.345343774059
PatchTST-SSL(HoW-cond),Hog_office_Napoleon,124,spike,3,obvious,4,551.9924978736196,True,1.0,0.75,536.4586012076995
PatchTST-SSL(HoW-cond),Hog_office_Napoleon,124,drift,3,obvious,312,31153.419467939406,True,23.0,0.47435897435897434,31770.498657856024
PatchTST-SSL(HoW-cond),Hog_office_Napoleon,124,spike,3,obvious,2,273.4514251683141,True,1.0,0.5,259.9765728460686
PatchTST-SSL(HoW-cond),Hog_office_Napoleon,124,spike,3,obvious,2,327.44329958523474,False,,0.0,404.7049123430958
PatchTST-SSL(HoW-cond),Hog_office_Napoleon,124,spike,3,obvious,2,305.2755175273484,True,1.0,0.5,338.9553172278573
PatchTST-SSL(HoW-cond),Hog_office_Shawna,124,spike,3,obvious,5,1539.5136699261304,True,1.0,0.8,1572.884616350112
PatchTST-SSL(HoW-cond),Hog_office_Shawna,124,spike,2,moderate,3,657.8599513082542,True,1.0,0.6666666666666666,620.8277279241828
PatchTST-SSL(HoW-cond),Hog_office_Shawna,124,drift,2,moderate,216,9750.165846063275,True,65.0,0.1388888888888889,15743.534376233989
PatchTST-SSL(HoW-cond),Hog_office_Shawna,124,drift,1,subtle,192,3460.430783507374,True,183.0,0.005208333333333333,9022.705727682885
PatchTST-SSL(HoW-cond),Hog_office_Shawna,124,drift,2,moderate,192,8020.109920496582,True,92.0,0.026041666666666668,14315.881486384458
PatchTST-SSL(HoW-cond),Hog_office_Shawna,124,drift,3,obvious,288,37201.3147175408,True,30.0,0.1423611111111111,51395.8698393857
PatchTST-SSL(HoW-cond),Hog_office_Shawnna,124,schedule,2,moderate,192,2686.9850695181667,False,,0.0,8963.63827822898
PatchTST-SSL(HoW-cond),Hog_office_Shawnna,124,schedule,2,moderate,192,2339.9254203213586,True,5.0,0.14583333333333334,6169.000437070119
PatchTST-SSL(HoW-cond),Hog_office_Shawnna,124,spike,3,obvious,4,2756.7676249264605,True,1.0,0.75,2490.7021083024183
PatchTST-SSL(HoW-cond),Hog_office_Shawnna,124,spike,2,moderate,3,1509.4132712336545,True,1.0,0.6666666666666666,1314.577962453834
PatchTST-SSL(HoW-cond),Hog_office_Shawnna,124,drift,2,moderate,312,70147.64740535856,True,49.0,0.2532051282051282,69798.35545158072
PatchTST-SSL(HoW-cond),Hog_office_Shawnna,124,drift,3,obvious,168,34606.77408644281,True,65.0,0.17261904761904762,21686.22705384746
PatchTST-SSL(HoW-cond),Hog_office_Sherrie,124,drift,1,subtle,144,299.9499753120218,True,15.0,0.006944444444444444,724.9674351493377
PatchTST-SSL(HoW-cond),Hog_office_Sherrie,124,drift,1,subtle,288,1723.6191147775007,True,48.0,0.13194444444444445,3213.4717614775736
PatchTST-SSL(HoW-cond),Hog_office_Sherrie,124,drift,3,obvious,240,5648.538585258806,True,7.0,0.5583333333333333,8005.029004652874
PatchTST-SSL(HoW-cond),Hog_office_Sherrie,124,schedule,2,moderate,144,4.347234852761044,False,,0.0,785.8905614082852
PatchTST-SSL(HoW-cond),Hog_office_Sherrie,124,schedule,3,obvious,144,343.59874707536767,False,,0.0,1036.0435046290731
PatchTST-SSL(HoW-cond),Hog_office_Sherrie,124,spike,1,subtle,3,99.29138806902563,False,,0.0,85.0442795650753
PatchTST-SSL(HoW-cond),Hog_office_Shon,124,drift,1,subtle,192,2182.037256465568,True,146.0,0.03125,4785.757319561628
PatchTST-SSL(HoW-cond),Hog_office_Shon,124,spike,2,moderate,1,151.8227361048974,True,0.0,1.0,149.37503772299183
PatchTST-SSL(HoW-cond),Hog_office_Shon,124,schedule,3,obvious,144,879.862336287282,False,,0.0,2440.526600658052
PatchTST-SSL(HoW-cond),Hog_office_Shon,124,schedule,3,obvious,192,1117.8231857134415,False,,0.0,3797.9013080161367
PatchTST-SSL(HoW-cond),Hog_office_Shon,124,drift,2,moderate,192,3701.5660588324213,True,56.0,0.3125,5440.618549153703
PatchTST-SSL(HoW-cond),Hog_office_Shon,124,drift,2,moderate,144,2737.1461577962623,False,,0.0,1214.0261825495845
PatchTST-SSL(HoW-cond),Hog_office_Sydney,124,drift,1,subtle,288,8119.592526843504,True,19.0,0.1284722222222222,9513.212116084356
PatchTST-SSL(HoW-cond),Hog_office_Sydney,124,spike,1,subtle,5,196.46583991897998,True,4.0,0.2,169.93325380727242
PatchTST-SSL(HoW-cond),Hog_office_Sydney,124,spike,1,subtle,1,85.70597551646374,True,0.0,1.0,73.30201056314469
PatchTST-SSL(HoW-cond),Hog_office_Sydney,124,spike,2,moderate,1,131.22745681677335,False,,0.0,130.86650918903635
PatchTST-SSL(HoW-cond),Hog_office_Sydney,124,spike,2,moderate,1,148.69647404756202,True,0.0,1.0,139.78103621038736
PatchTST-SSL(HoW-cond),Hog_office_Sydney,124,spike,2,moderate,2,174.68537972142465,True,1.0,0.5,187.90589989453
PatchTST-SSL(HoW-cond),Hog_office_Valda,124,drift,2,moderate,264,2857.1177976370764,True,20.0,0.36363636363636365,4383.349772912139
PatchTST-SSL(HoW-cond),Hog_office_Valda,124,spike,3,obvious,1,146.1924647334952,True,0.0,1.0,151.68902839355925
PatchTST-SSL(HoW-cond),Hog_office_Valda,124,drift,3,obvious,264,4547.513835535305,True,18.0,0.4659090909090909,5545.698317147986
PatchTST-SSL(HoW-cond),Hog_office_Valda,124,spike,2,moderate,1,90.96816539874969,True,0.0,1.0,101.2715857742574
PatchTST-SSL(HoW-cond),Hog_office_Valda,124,schedule,3,obvious,192,295.3654460515271,True,7.0,0.09375,1552.271408813112
PatchTST-SSL(HoW-cond),Hog_office_Valda,124,schedule,3,obvious,72,129.23500259287323,True,28.0,0.1527777777777778,587.9154744429671
PatchTST-SSL(HoW-cond),Lamb_education_Armando,124,schedule,3,obvious,168,42.351505729948684,False,,0.0,4303.503947413749
PatchTST-SSL(HoW-cond),Lamb_education_Armando,124,drift,2,moderate,264,3545.686108845367,True,43.0,0.20075757575757575,12237.466458488027
PatchTST-SSL(HoW-cond),Lamb_education_Armando,124,drift,2,moderate,120,581.1700915763748,False,,0.0,480.5220351507992
PatchTST-SSL(HoW-cond),Lamb_education_Armando,124,drift,3,obvious,192,3408.2489944527274,True,94.0,0.328125,8137.013781327269
PatchTST-SSL(HoW-cond),Lamb_education_Armando,124,spike,2,moderate,1,221.83527427775363,True,0.0,1.0,231.21347223843244
PatchTST-SSL(HoW-cond),Lamb_education_Armando,124,schedule,3,obvious,96,36.35899298629825,False,,0.0,1866.4897345428035
PatchTST-SSL(HoW-cond),Lamb_education_Eula,124,drift,3,obvious,216,124.56056570809537,True,39.0,0.06018518518518518,272.8403488166924
PatchTST-SSL(HoW-cond),Lamb_education_Eula,124,spike,1,subtle,3,9.411480791510446,True,1.0,0.6666666666666666,10.329658454421986
PatchTST-SSL(HoW-cond),Lamb_education_Eula,124,drift,2,moderate,264,116.57449026741199,True,254.0,0.022727272727272728,213.62234807417047
PatchTST-SSL(HoW-cond),Lamb_education_Eula,124,spike,2,moderate,2,8.906459358942762,True,1.0,0.5,15.676996314621006
PatchTST-SSL(HoW-cond),Lamb_education_Eula,124,spike,3,obvious,2,15.085603107142502,True,1.0,0.5,15.671457760520987
PatchTST-SSL(HoW-cond),Lamb_education_Eula,124,drift,2,moderate,240,67.55719881227861,True,19.0,0.14166666666666666,414.72367673891694
PatchTST-SSL(HoW-cond),Lamb_education_Lazaro,124,drift,1,subtle,192,461.23669069021577,False,,0.0,2268.641361074743
PatchTST-SSL(HoW-cond),Lamb_education_Lazaro,124,spike,3,obvious,4,400.82250918666176,False,,0.0,282.2330271626612
PatchTST-SSL(HoW-cond),Lamb_education_Lazaro,124,drift,1,subtle,240,604.235159033965,False,,0.0,945.6901861352937
PatchTST-SSL(HoW-cond),Lamb_education_Lazaro,124,drift,2,moderate,144,497.9093626321239,False,,0.0,2116.0153972443823
PatchTST-SSL(HoW-cond),Lamb_education_Lazaro,124,spike,2,moderate,5,323.27785981812565,True,2.0,0.6,300.74289897516695
PatchTST-SSL(HoW-cond),Lamb_education_Lazaro,124,spike,3,obvious,1,216.09390823268618,True,0.0,1.0,219.45625805013913
PatchTST-SSL(HoW-cond),Lamb_education_Lucas,124,drift,3,obvious,240,801.2582428094648,True,41.0,0.2708333333333333,1637.1762025825997
PatchTST-SSL(HoW-cond),Lamb_education_Lucas,124,schedule,3,obvious,120,44.89451201081894,False,,0.0,65.14991801814945
PatchTST-SSL(HoW-cond),Lamb_education_Lucas,124,spike,3,obvious,5,133.8321468000379,True,2.0,0.6,158.3042008745796
PatchTST-SSL(HoW-cond),Lamb_education_Lucas,124,drift,3,obvious,144,273.9606663738274,True,27.0,0.0763888888888889,760.7096717982556
PatchTST-SSL(HoW-cond),Lamb_education_Lucas,124,spike,3,obvious,5,142.6454074837294,True,1.0,0.8,131.68517163058232
PatchTST-SSL(HoW-cond),Lamb_education_Lucas,124,drift,1,subtle,120,38.67614445359179,True,21.0,0.075,581.1876345465806
PatchTST-SSL(HoW-cond),Lamb_education_Mae,124,spike,1,subtle,5,323.07918229430084,True,0.0,1.0,400.163901764733
PatchTST-SSL(HoW-cond),Lamb_education_Mae,124,spike,2,moderate,4,516.0264638666401,True,1.0,0.75,549.0252905856557
PatchTST-SSL(HoW-cond),Lamb_education_Mae,124,drift,2,moderate,240,3932.5231562095887,True,62.0,0.15833333333333333,10480.166164222957
PatchTST-SSL(HoW-cond),Lamb_education_Mae,124,spike,2,moderate,2,212.59441880931385,True,1.0,0.5,232.05201031016054
PatchTST-SSL(HoW-cond),Lamb_education_Mae,124,drift,3,obvious,144,2958.7246626678852,True,103.0,0.06944444444444445,2382.5659662604007
PatchTST-SSL(HoW-cond),Lamb_education_Mae,124,spike,1,subtle,1,162.31276356035605,True,0.0,1.0,232.97651561669383
PatchTST-SSL(HoW-cond),Lamb_education_Williams,124,drift,1,subtle,264,746.3809443232789,True,18.0,0.10984848484848485,5115.820315906081
PatchTST-SSL(HoW-cond),Lamb_education_Williams,124,drift,1,subtle,240,639.2960181545328,True,124.0,0.09583333333333334,5875.905006102501
PatchTST-SSL(HoW-cond),Lamb_education_Williams,124,drift,3,obvious,312,4579.005177313596,True,3.0,0.11217948717948718,6958.816992534235
PatchTST-SSL(HoW-cond),Lamb_education_Williams,124,schedule,3,obvious,168,245.34222782811088,True,11.0,0.02976190476190476,3666.9951494657807
PatchTST-SSL(HoW-cond),Lamb_education_Williams,124,spike,1,subtle,4,225.11065302241795,True,2.0,0.5,235.24113590697715
PatchTST-SSL(HoW-cond),Lamb_education_Williams,124,schedule,2,moderate,216,120.36486662932188,True,103.0,0.041666666666666664,5513.302264838141
PatchTST-SSL(HoW-cond),Lamb_office_Caitlin,124,spike,2,moderate,2,287.84152497083744,True,1.0,0.5,272.88554948321917
PatchTST-SSL(HoW-cond),Lamb_office_Caitlin,124,drift,1,subtle,144,174.86513893786412,True,41.0,0.027777777777777776,73.14113668110214
PatchTST-SSL(HoW-cond),Lamb_office_Caitlin,124,schedule,1,subtle,72,45.94439519567189,True,53.0,0.05555555555555555,3.450313334884353
PatchTST-SSL(HoW-cond),Lamb_office_Caitlin,124,drift,3,obvious,192,1366.1223200641446,True,39.0,0.22916666666666666,2366.922111020068
PatchTST-SSL(HoW-cond),Lamb_office_Caitlin,124,spike,3,obvious,3,499.75478148973514,False,,0.0,476.0381506290276
PatchTST-SSL(HoW-cond),Lamb_office_Caitlin,124,spike,3,obvious,5,914.2945579554216,True,1.0,0.8,838.3510993675545
PatchTST-SSL(HoW-cond),Lamb_office_Velma,124,spike,2,moderate,5,712.063480372273,True,2.0,0.6,743.0093455121605
PatchTST-SSL(HoW-cond),Lamb_office_Velma,124,schedule,2,moderate,192,5.02976783064522,True,5.0,0.020833333333333332,6968.509828396962
PatchTST-SSL(HoW-cond),Lamb_office_Velma,124,spike,1,subtle,4,402.868816575697,True,2.0,0.5,689.8543543638482
PatchTST-SSL(HoW-cond),Lamb_office_Velma,124,spike,2,moderate,5,716.8389665969552,True,2.0,0.6,620.3987926307078
PatchTST-SSL(HoW-cond),Lamb_office_Velma,124,drift,2,moderate,168,3639.54112623905,True,15.0,0.13095238095238096,9054.02177104498
PatchTST-SSL(HoW-cond),Lamb_office_Velma,124,drift,3,obvious,168,7579.385515407095,True,16.0,0.26785714285714285,12807.990983591275
PatchTST-SSL(HoW-cond),Rat_retail_Jeffrey,124,spike,1,subtle,5,291.60367573257804,True,4.0,0.2,131.47200112154889
PatchTST-SSL(HoW-cond),Rat_retail_Jeffrey,124,spike,2,moderate,4,475.52021965664414,True,1.0,0.75,403.9986755211692
PatchTST-SSL(HoW-cond),Rat_retail_Jeffrey,124,drift,2,moderate,144,2154.4490308847585,True,59.0,0.13194444444444445,2711.9595025632966
PatchTST-SSL(HoW-cond),Rat_retail_Jeffrey,124,spike,1,subtle,1,138.38502458085736,True,0.0,1.0,157.23513671147475
PatchTST-SSL(HoW-cond),Rat_retail_Jeffrey,124,drift,1,subtle,120,610.2952989490467,True,2.0,0.26666666666666666,1133.2022657812913
PatchTST-SSL(HoW-cond),Rat_retail_Jeffrey,124,spike,3,obvious,3,473.61949934562676,True,1.0,0.6666666666666666,535.4853994847888
PatchTST-SSL(HoW-cond),Robin_education_Zenia,124,drift,1,subtle,312,9085.837298458526,True,309.0,0.00641025641025641,29198.855083720176
PatchTST-SSL(HoW-cond),Robin_education_Zenia,124,drift,3,obvious,264,29233.784782501494,True,67.0,0.4128787878787879,49008.791944534794
PatchTST-SSL(HoW-cond),Robin_education_Zenia,124,drift,3,obvious,216,19698.159837123923,True,13.0,0.5694444444444444,35972.20607730292
PatchTST-SSL(HoW-cond),Robin_education_Zenia,124,spike,3,obvious,1,234.24180318846012,False,,0.0,312.046223545721
PatchTST-SSL(HoW-cond),Robin_education_Zenia,124,drift,2,moderate,192,8507.294132048073,True,63.0,0.10416666666666667,21626.49512867919
PatchTST-SSL(HoW-cond),Robin_education_Zenia,124,spike,1,subtle,1,103.78091077838481,True,0.0,1.0,164.71370482141097
PatchTST-SSL(HoW-cond),Robin_office_Dina,124,drift,1,subtle,312,1671.5645498087358,True,7.0,0.060897435897435896,3393.4613697804216
PatchTST-SSL(HoW-cond),Robin_office_Dina,124,spike,3,obvious,2,76.99172519770566,True,1.0,0.5,101.39111815988866
PatchTST-SSL(HoW-cond),Robin_office_Dina,124,drift,2,moderate,168,1361.1516267334248,True,9.0,0.38095238095238093,1926.4609140116518
PatchTST-SSL(HoW-cond),Robin_office_Dina,124,spike,1,subtle,3,54.39925792780521,True,1.0,0.6666666666666666,72.12275816959573
PatchTST-SSL(HoW-cond),Robin_office_Dina,124,spike,3,obvious,3,106.22402211052074,True,1.0,0.6666666666666666,111.13022323456539
PatchTST-SSL(HoW-cond),Robin_office_Dina,124,spike,2,moderate,4,100.90720420303032,True,2.0,0.5,155.105546348676
PatchTST-SSL(HoW-cond),Robin_office_Sammie,124,drift,2,moderate,240,8193.376963553696,True,75.0,0.05416666666666667,9713.226288781245
PatchTST-SSL(HoW-cond),Robin_office_Sammie,124,spike,2,moderate,5,264.22219886949006,True,4.0,0.2,315.1903240150986
PatchTST-SSL(HoW-cond),Robin_office_Sammie,124,drift,2,moderate,120,2188.0140383288563,True,51.0,0.19166666666666668,3465.5775507737526
PatchTST-SSL(HoW-cond),Robin_office_Sammie,124,spike,3,obvious,4,325.76388530020796,True,1.0,0.75,420.7704392253744
PatchTST-SSL(HoW-cond),Robin_office_Sammie,124,drift,3,obvious,216,10950.46293039176,True,17.0,0.42592592592592593,11100.654120638665
PatchTST-SSL(HoW-cond),Robin_office_Sammie,124,schedule,2,moderate,216,283.6852349670226,False,,0.0,2404.8152527505345
PatchTST-SSL(HoW-cond),Shrew_office_Doris,124,spike,3,obvious,4,967.677461342442,True,2.0,0.5,1201.6344460588139
PatchTST-SSL(HoW-cond),Shrew_office_Doris,124,drift,2,moderate,216,13274.214899719289,True,0.0,0.4166666666666667,18379.90063446561
PatchTST-SSL(HoW-cond),Shrew_office_Doris,124,drift,3,obvious,192,16874.680037500937,True,13.0,0.4375,21096.556977597953
PatchTST-SSL(HoW-cond),Shrew_office_Doris,124,drift,2,moderate,288,21097.276446337128,True,161.0,0.0763888888888889,26810.414805659027
PatchTST-SSL(HoW-cond),Shrew_office_Doris,124,spike,3,obvious,5,1269.3416243658435,True,2.0,0.6,1159.5446457742855
PatchTST-SSL(HoW-cond),Shrew_office_Doris,124,spike,1,subtle,5,492.6340337493294,True,4.0,0.2,478.0913255536572
PatchTST-SSL(HoW-cond),Shrew_office_Ila,124,drift,1,subtle,216,2996.99212687992,True,47.0,0.013888888888888888,5830.102018436
PatchTST-SSL(HoW-cond),Shrew_office_Ila,124,drift,3,obvious,216,17305.03319043162,True,110.0,0.046296296296296294,18675.59290117617
PatchTST-SSL(HoW-cond),Shrew_office_Ila,124,spike,3,obvious,4,725.0771146387649,True,1.0,0.75,719.3194209877142
PatchTST-SSL(HoW-cond),Shrew_office_Ila,124,spike,1,subtle,2,146.5948962159231,True,1.0,0.5,146.53631288887868
PatchTST-SSL(HoW-cond),Shrew_office_Ila,124,drift,2,moderate,144,4621.5561975259025,True,106.0,0.006944444444444444,7021.537871179756
PatchTST-SSL(HoW-cond),Shrew_office_Ila,124,spike,3,obvious,4,673.7401307453438,True,1.0,0.75,777.072113698563
PatchTST-SSL(HoW-cond),Shrew_office_Kenneth,124,drift,2,moderate,192,1498.5085912518607,True,90.0,0.203125,3255.064764760135
PatchTST-SSL(HoW-cond),Shrew_office_Kenneth,124,drift,3,obvious,192,2842.3791870818204,True,17.0,0.28125,1049.4465665887005
PatchTST-SSL(HoW-cond),Shrew_office_Kenneth,124,spike,2,moderate,2,90.89096949254512,True,1.0,0.5,84.13308288067743
PatchTST-SSL(HoW-cond),Shrew_office_Kenneth,124,spike,1,subtle,1,62.498642336023934,True,0.0,1.0,61.88615090033957
PatchTST-SSL(HoW-cond),Shrew_office_Kenneth,124,spike,3,obvious,5,300.9768943363502,True,1.0,0.8,275.78818290462993
PatchTST-SSL(HoW-cond),Shrew_office_Kenneth,124,spike,1,subtle,5,132.02422580194082,True,2.0,0.6,157.86670038262358
PatchTST-SSL(HoW-cond),Shrew_office_Nora,124,drift,3,obvious,168,13959.850749005422,True,24.0,0.4226190476190476,15779.105573138968
PatchTST-SSL(HoW-cond),Shrew_office_Nora,124,spike,1,subtle,2,260.69750787688605,True,1.0,0.5,189.10901941090074
PatchTST-SSL(HoW-cond),Shrew_office_Nora,124,drift,1,subtle,216,4665.425658313194,True,36.0,0.10648148148148148,10252.607188195292
PatchTST-SSL(HoW-cond),Shrew_office_Nora,124,drift,3,obvious,240,26280.58367879771,True,36.0,0.5958333333333333,28993.462914071104
PatchTST-SSL(HoW-cond),Shrew_office_Nora,124,spike,1,subtle,5,548.8590061520682,True,2.0,0.6,904.9475049380546
PatchTST-SSL(HoW-cond),Shrew_office_Nora,124,spike,2,moderate,2,390.28208907425113,True,1.0,0.5,491.0677977473885
PatchTST-SSL(HoW-cond),Shrew_office_Sherill,124,spike,3,obvious,3,1285.7986614249328,True,1.0,0.6666666666666666,1515.6442256199978
PatchTST-SSL(HoW-cond),Shrew_office_Sherill,124,drift,2,moderate,120,6816.240253363444,True,31.0,0.11666666666666667,10456.312956246991
PatchTST-SSL(HoW-cond),Shrew_office_Sherill,124,spike,1,subtle,4,809.928865577001,True,2.0,0.5,500.5700174478692
PatchTST-SSL(HoW-cond),Shrew_office_Sherill,124,drift,3,obvious,168,19918.04479791922,True,48.0,0.15476190476190477,24368.461093859856
PatchTST-SSL(HoW-cond),Shrew_office_Sherill,124,spike,1,subtle,5,982.0393289635585,False,,0.0,967.3687617706546
PatchTST-SSL(HoW-cond),Shrew_office_Sherill,124,spike,3,obvious,3,1418.5189408034698,True,1.0,0.6666666666666666,1298.4293220271688
PatchTST-SSL(HoW-cond),Wolf_office_Darleen,124,drift,3,obvious,216,4246.600657922468,True,164.0,0.027777777777777776,2045.3134107674284
PatchTST-SSL(HoW-cond),Wolf_office_Darleen,124,drift,3,obvious,240,4976.241380732559,True,34.0,0.04583333333333333,6539.457331124353
PatchTST-SSL(HoW-cond),Wolf_office_Darleen,124,spike,3,obvious,3,254.48626821207995,True,1.0,0.6666666666666666,233.17601754464604
PatchTST-SSL(HoW-cond),Wolf_office_Darleen,124,schedule,3,obvious,216,98.90988369231172,True,34.0,0.06018518518518518,2092.672579154048
PatchTST-SSL(HoW-cond),Wolf_office_Darleen,124,spike,2,moderate,5,263.59770868297966,True,2.0,0.6,229.21723703512248
PatchTST-SSL(HoW-cond),Wolf_office_Darleen,124,drift,3,obvious,192,3387.5794404471744,True,24.0,0.3541666666666667,4354.140810432442
PatchTST-SSL(HoW-cond),Wolf_retail_Harriett,124,spike,1,subtle,3,109.46943691528074,False,,0.0,203.09535004761858
PatchTST-SSL(HoW-cond),Wolf_retail_Harriett,124,drift,2,moderate,216,3442.80368568748,True,41.0,0.32407407407407407,5173.768923561232
PatchTST-SSL(HoW-cond),Wolf_retail_Harriett,124,spike,2,moderate,1,118.095825507048,True,0.0,1.0,139.8146691390927
PatchTST-SSL(HoW-cond),Wolf_retail_Harriett,124,spike,2,moderate,1,95.23365086904356,True,0.0,1.0,115.28044376236402
PatchTST-SSL(HoW-cond),Wolf_retail_Harriett,124,drift,1,subtle,168,915.2694268515739,False,,0.0,2522.559280939945
PatchTST-SSL(HoW-cond),Wolf_retail_Harriett,124,schedule,2,moderate,120,16.811704598329925,False,,0.0,998.2851037669346
PatchTST-SSL(HoW-cond),Wolf_retail_Marcella,124,drift,1,subtle,120,77.19480955887502,True,45.0,0.008333333333333333,202.82799254524045
PatchTST-SSL(HoW-cond),Wolf_retail_Marcella,124,spike,3,obvious,4,54.744085512607896,True,1.0,0.75,75.86175773498155
PatchTST-SSL(HoW-cond),Wolf_retail_Marcella,124,drift,3,obvious,216,805.9237291893736,True,70.0,0.05555555555555555,1220.1377977657119
PatchTST-SSL(HoW-cond),Wolf_retail_Marcella,124,drift,2,moderate,144,245.1612452558267,True,87.0,0.3055555555555556,376.26309834322626
PatchTST-SSL(HoW-cond),Wolf_retail_Marcella,124,spike,1,subtle,1,15.299112680094524,True,0.0,1.0,14.279704764409534
PatchTST-SSL(HoW-cond),Wolf_retail_Marcella,124,drift,1,subtle,240,161.5415176515241,True,13.0,0.025,393.9484663751473
PatchTST-SSL(HoW-cond),Wolf_retail_Toshia,124,spike,3,obvious,4,813.8222848184951,True,1.0,0.75,656.8728464056645
PatchTST-SSL(HoW-cond),Wolf_retail_Toshia,124,spike,3,obvious,5,1170.5817793556578,True,1.0,0.8,1214.6583455302173
PatchTST-SSL(HoW-cond),Wolf_retail_Toshia,124,schedule,3,obvious,120,146.55404856680667,True,96.0,0.075,2836.57955986699
PatchTST-SSL(HoW-cond),Wolf_retail_Toshia,124,schedule,3,obvious,72,196.04409342229565,True,41.0,0.013888888888888888,1500.8895666679277
PatchTST-SSL(HoW-cond),Wolf_retail_Toshia,124,drift,1,subtle,216,1058.247230158493,True,121.0,0.009259259259259259,6424.004941177942
PatchTST-SSL(HoW-cond),Wolf_retail_Toshia,124,spike,1,subtle,4,354.7456702313118,True,2.0,0.5,330.32367902897374
PatchTST-SSL(global-MAD),Fox_education_Henrietta,124,schedule,3,obvious,192,60.315560882006025,True,163.0,0.010416666666666666,1023.071718612055
PatchTST-SSL(global-MAD),Fox_education_Henrietta,124,spike,3,obvious,4,167.26170856365857,True,2.0,0.5,130.75062743434867
PatchTST-SSL(global-MAD),Fox_education_Henrietta,124,spike,1,subtle,5,78.18136394771389,False,,0.0,16.365227253066617
PatchTST-SSL(global-MAD),Fox_education_Henrietta,124,schedule,3,obvious,144,183.66365980408142,False,,0.0,540.4442975649293
PatchTST-SSL(global-MAD),Fox_education_Henrietta,124,drift,1,subtle,216,520.3709604977303,True,106.0,0.06018518518518518,2790.8515119681333
PatchTST-SSL(global-MAD),Fox_education_Henrietta,124,spike,2,moderate,1,61.819841831657534,True,0.0,1.0,62.09206390804465
PatchTST-SSL(global-MAD),Fox_retail_Manie,124,spike,3,obvious,3,360.30977822599573,True,1.0,0.6666666666666666,435.0099490955472
PatchTST-SSL(global-MAD),Fox_retail_Manie,124,schedule,3,obvious,192,705.5814088582074,True,117.0,0.036458333333333336,2816.331379777445
PatchTST-SSL(global-MAD),Fox_retail_Manie,124,spike,3,obvious,5,598.2254276518972,True,1.0,0.8,700.4734669156489
PatchTST-SSL(global-MAD),Fox_retail_Manie,124,drift,2,moderate,168,1941.7014736338524,True,9.0,0.11904761904761904,3038.6447239849736
PatchTST-SSL(global-MAD),Fox_retail_Manie,124,spike,1,subtle,3,155.21794966966723,True,2.0,0.3333333333333333,135.56779217576042
PatchTST-SSL(global-MAD),Fox_retail_Manie,124,schedule,3,obvious,96,172.62577698158896,True,43.0,0.052083333333333336,1447.1516593375177
PatchTST-SSL(global-MAD),Hog_education_Bruno,124,drift,3,obvious,264,46417.54410572455,True,27.0,0.7045454545454546,51370.70390788342
PatchTST-SSL(global-MAD),Hog_education_Bruno,124,drift,1,subtle,216,9812.30313173102,False,,0.0,14596.708155491702
PatchTST-SSL(global-MAD),Hog_education_Bruno,124,drift,2,moderate,120,6595.295146158791,True,44.0,0.39166666666666666,8151.202903705056
PatchTST-SSL(global-MAD),Hog_education_Bruno,124,spike,1,subtle,5,299.2891721906774,False,,0.0,435.9022776389505
PatchTST-SSL(global-MAD),Hog_education_Bruno,124,drift,1,subtle,216,8137.5103929530915,False,,0.0,11965.140716599453
PatchTST-SSL(global-MAD),Hog_education_Bruno,124,spike,1,subtle,4,291.6501178934577,False,,0.0,390.4113426530389
PatchTST-SSL(global-MAD),Hog_education_Caridad,124,drift,2,moderate,120,26559.114233147702,False,,0.0,32265.37876904825
PatchTST-SSL(global-MAD),Hog_education_Caridad,124,schedule,2,moderate,168,5586.936543560644,False,,0.0,5679.887582460415
PatchTST-SSL(global-MAD),Hog_education_Caridad,124,drift,1,subtle,192,28961.841270979025,False,,0.0,38821.05131423272
PatchTST-SSL(global-MAD),Hog_education_Caridad,124,spike,1,subtle,1,3232.119287388384,False,,0.0,2935.5334368917283
PatchTST-SSL(global-MAD),Hog_education_Caridad,124,schedule,3,obvious,96,7326.264039132635,False,,0.0,14190.911430355065
PatchTST-SSL(global-MAD),Hog_education_Caridad,124,spike,1,subtle,4,6005.765793875593,True,2.0,0.5,8114.614365949432
PatchTST-SSL(global-MAD),Hog_education_Josh,124,spike,1,subtle,5,594.6326420608618,False,,0.0,473.5142852112806
PatchTST-SSL(global-MAD),Hog_education_Josh,124,schedule,2,moderate,96,1475.452371600362,False,,0.0,371.5136362600606
PatchTST-SSL(global-MAD),Hog_education_Josh,124,drift,3,obvious,192,16691.47805798628,True,41.0,0.109375,26325.323886829807
PatchTST-SSL(global-MAD),Hog_education_Josh,124,spike,3,obvious,3,765.3532648336346,True,1.0,0.6666666666666666,890.2467604547321
PatchTST-SSL(global-MAD),Hog_education_Josh,124,spike,3,obvious,3,668.1453240628807,True,1.0,0.6666666666666666,1113.740345930621
PatchTST-SSL(global-MAD),Hog_education_Josh,124,drift,1,subtle,168,2891.321119750779,True,27.0,0.011904761904761904,19512.85559494234
PatchTST-SSL(global-MAD),Hog_education_Luvenia,124,drift,3,obvious,168,36139.97417896839,True,21.0,0.7023809523809523,43883.260577981615
PatchTST-SSL(global-MAD),Hog_education_Luvenia,124,drift,1,subtle,192,8901.64724636137,False,,0.0,6595.252822549746
PatchTST-SSL(global-MAD),Hog_education_Luvenia,124,drift,3,obvious,288,107739.74583786631,True,129.0,0.4409722222222222,103381.7924181784
PatchTST-SSL(global-MAD),Hog_education_Luvenia,124,drift,3,obvious,120,16462.105680988763,False,,0.0,20666.01309419536
PatchTST-SSL(global-MAD),Hog_education_Luvenia,124,spike,2,moderate,4,909.4970148676152,False,,0.0,1532.1999716734272
PatchTST-SSL(global-MAD),Hog_education_Luvenia,124,drift,3,obvious,144,25989.04317118203,True,134.0,0.034722222222222224,31424.76782170823
PatchTST-SSL(global-MAD),Hog_office_Almeda,124,schedule,3,obvious,144,687.7865728908646,False,,0.0,1876.300209451613
PatchTST-SSL(global-MAD),Hog_office_Almeda,124,schedule,2,moderate,120,80.57674715737826,False,,0.0,1867.0631285529666
PatchTST-SSL(global-MAD),Hog_office_Almeda,124,drift,1,subtle,288,2065.7478398767325,True,42.0,0.013888888888888888,3500.484122698541
PatchTST-SSL(global-MAD),Hog_office_Almeda,124,spike,3,obvious,4,433.52703801649193,True,1.0,0.75,494.0223771447869
PatchTST-SSL(global-MAD),Hog_office_Almeda,124,spike,3,obvious,4,417.9640816562538,True,1.0,0.75,454.0854367310351
PatchTST-SSL(global-MAD),Hog_office_Almeda,124,spike,2,moderate,2,136.54824351694936,True,1.0,0.5,140.7866762725569
PatchTST-SSL(global-MAD),Hog_office_Cortney,124,spike,2,moderate,3,357.681035451082,True,1.0,0.6666666666666666,356.2193120258037
PatchTST-SSL(global-MAD),Hog_office_Cortney,124,spike,3,obvious,5,867.3573209702461,True,2.0,0.6,1032.4628253500903
PatchTST-SSL(global-MAD),Hog_office_Cortney,124,spike,1,subtle,5,408.4063300315772,True,2.0,0.6,431.06649313741116
PatchTST-SSL(global-MAD),Hog_office_Cortney,124,spike,2,moderate,1,272.95887519299555,True,0.0,1.0,283.77297375082304
PatchTST-SSL(global-MAD),Hog_office_Cortney,124,schedule,3,obvious,120,371.5476152277705,True,98.0,0.008333333333333333,2397.7698340032357
PatchTST-SSL(global-MAD),Hog_office_Cortney,124,spike,1,subtle,1,181.02968838654505,True,0.0,1.0,203.31371319733617
PatchTST-SSL(global-MAD),Hog_office_Denita,124,schedule,3,obvious,192,911.8087205658233,False,,0.0,2118.087562712006
PatchTST-SSL(global-MAD),Hog_office_Denita,124,schedule,2,moderate,120,221.43335855207079,False,,0.0,85.81033889500054
PatchTST-SSL(global-MAD),Hog_office_Denita,124,drift,1,subtle,264,2914.5363022298425,True,255.0,0.011363636363636364,4984.60777102877
PatchTST-SSL(global-MAD),Hog_office_Denita,124,schedule,2,moderate,120,364.88929710752984,False,,0.0,1582.512450926697
PatchTST-SSL(global-MAD),Hog_office_Denita,124,drift,3,obvious,144,2702.7509967910933,False,,0.0,4084.6660879029864
PatchTST-SSL(global-MAD),Hog_office_Denita,124,spike,3,obvious,5,636.4034244866059,True,1.0,0.8,758.4927917201527
PatchTST-SSL(global-MAD),Hog_office_Garrett,124,drift,1,subtle,192,5556.152288561812,True,166.0,0.005208333333333333,10720.602513812079
PatchTST-SSL(global-MAD),Hog_office_Garrett,124,schedule,3,obvious,192,6469.905965881119,False,,0.0,7258.86632236329
PatchTST-SSL(global-MAD),Hog_office_Garrett,124,drift,1,subtle,120,2425.0334129518105,True,88.0,0.016666666666666666,4133.767417419564
PatchTST-SSL(global-MAD),Hog_office_Garrett,124,spike,3,obvious,3,2491.689618857125,True,1.0,0.6666666666666666,2299.7245362366407
PatchTST-SSL(global-MAD),Hog_office_Garrett,124,drift,1,subtle,312,26591.048645774314,True,84.0,0.00641025641025641,22454.966114605653
PatchTST-SSL(global-MAD),Hog_office_Garrett,124,spike,1,subtle,3,934.2433043536314,True,1.0,0.6666666666666666,914.9541845915821
PatchTST-SSL(global-MAD),Hog_office_Lavon,124,drift,1,subtle,168,350.1790514100819,False,,0.0,12491.83264132174
PatchTST-SSL(global-MAD),Hog_office_Lavon,124,drift,3,obvious,216,2544.700922092341,True,210.0,0.018518518518518517,51586.106317887505
PatchTST-SSL(global-MAD),Hog_office_Lavon,124,spike,3,obvious,4,7791.569566645738,True,1.0,0.75,9851.082186278343
PatchTST-SSL(global-MAD),Hog_office_Lavon,124,drift,2,moderate,240,1571.1852408501998,False,,0.0,12380.05857998128
PatchTST-SSL(global-MAD),Hog_office_Lavon,124,spike,1,subtle,3,2562.0763129709776,True,2.0,0.3333333333333333,4116.472777819452
PatchTST-SSL(global-MAD),Hog_office_Lavon,124,spike,2,moderate,3,3484.1998013300895,True,1.0,0.6666666666666666,4621.346284497637
PatchTST-SSL(global-MAD),Hog_office_Merilyn,124,spike,2,moderate,1,50.65190585486498,True,0.0,1.0,51.2568266550548
PatchTST-SSL(global-MAD),Hog_office_Merilyn,124,schedule,3,obvious,216,152.38178728386578,True,184.0,0.004629629629629629,1679.0889957665156
PatchTST-SSL(global-MAD),Hog_office_Merilyn,124,drift,3,obvious,120,1338.0795839605812,True,35.0,0.575,927.02626431917
PatchTST-SSL(global-MAD),Hog_office_Merilyn,124,spike,2,moderate,2,45.062402681060725,True,1.0,0.5,41.79859042858356
PatchTST-SSL(global-MAD),Hog_office_Merilyn,124,spike,3,obvious,2,85.3039948781363,False,,0.0,106.46255168517102
PatchTST-SSL(global-MAD),Hog_office_Merilyn,124,schedule,3,obvious,96,77.01120943656545,False,,0.0,492.4259373984759
PatchTST-SSL(global-MAD),Hog_office_Miriam,124,spike,3,obvious,2,64.35778551681808,True,1.0,0.5,61.952965950699344
PatchTST-SSL(global-MAD),Hog_office_Miriam,124,drift,2,moderate,144,710.5379465954393,True,42.0,0.05555555555555555,1271.8002476407332
PatchTST-SSL(global-MAD),Hog_office_Miriam,124,drift,2,moderate,264,2505.2621881358136,True,24.0,0.07196969696969698,2520.9053723404
PatchTST-SSL(global-MAD),Hog_office_Miriam,124,schedule,2,moderate,192,28.96860913554888,True,172.0,0.005208333333333333,594.8417363102408
PatchTST-SSL(global-MAD),Hog_office_Miriam,124,spike,1,subtle,4,54.73908505905362,False,,0.0,47.69975879020109
PatchTST-SSL(global-MAD),Hog_office_Miriam,124,drift,3,obvious,216,2729.9115140571216,True,152.0,0.009259259259259259,2805.2645592584904
PatchTST-SSL(global-MAD),Hog_office_Napoleon,124,drift,2,moderate,120,2540.854333607559,True,52.0,0.13333333333333333,3332.345343774059
PatchTST-SSL(global-MAD),Hog_office_Napoleon,124,spike,3,obvious,4,551.9924978736196,True,2.0,0.5,536.4586012076995
PatchTST-SSL(global-MAD),Hog_office_Napoleon,124,drift,3,obvious,312,31153.419467939406,True,93.0,0.28846153846153844,31770.498657856024
PatchTST-SSL(global-MAD),Hog_office_Napoleon,124,spike,3,obvious,2,273.4514251683141,True,1.0,0.5,259.9765728460686
PatchTST-SSL(global-MAD),Hog_office_Napoleon,124,spike,3,obvious,2,327.44329958523474,True,1.0,0.5,404.7049123430958
PatchTST-SSL(global-MAD),Hog_office_Napoleon,124,spike,3,obvious,2,305.2755175273484,True,1.0,0.5,338.9553172278573
PatchTST-SSL(global-MAD),Hog_office_Shawna,124,spike,3,obvious,5,1539.5136699261304,True,2.0,0.6,1572.884616350112
PatchTST-SSL(global-MAD),Hog_office_Shawna,124,spike,2,moderate,3,657.8599513082542,True,2.0,0.3333333333333333,620.8277279241828
PatchTST-SSL(global-MAD),Hog_office_Shawna,124,drift,2,moderate,216,9750.165846063275,False,,0.0,15743.534376233989
PatchTST-SSL(global-MAD),Hog_office_Shawna,124,drift,1,subtle,192,3460.430783507374,False,,0.0,9022.705727682885
PatchTST-SSL(global-MAD),Hog_office_Shawna,124,drift,2,moderate,192,8020.109920496582,False,,0.0,14315.881486384458
PatchTST-SSL(global-MAD),Hog_office_Shawna,124,drift,3,obvious,288,37201.3147175408,False,,0.0,51395.8698393857
PatchTST-SSL(global-MAD),Hog_office_Shawnna,124,schedule,2,moderate,192,2686.9850695181667,False,,0.0,8963.63827822898
PatchTST-SSL(global-MAD),Hog_office_Shawnna,124,schedule,2,moderate,192,2339.9254203213586,True,188.0,0.020833333333333332,6169.000437070119
PatchTST-SSL(global-MAD),Hog_office_Shawnna,124,spike,3,obvious,4,2756.7676249264605,True,1.0,0.75,2490.7021083024183
PatchTST-SSL(global-MAD),Hog_office_Shawnna,124,spike,2,moderate,3,1509.4132712336545,True,2.0,0.3333333333333333,1314.577962453834
PatchTST-SSL(global-MAD),Hog_office_Shawnna,124,drift,2,moderate,312,70147.64740535856,True,42.0,0.009615384615384616,69798.35545158072
PatchTST-SSL(global-MAD),Hog_office_Shawnna,124,drift,3,obvious,168,34606.77408644281,True,143.0,0.03571428571428571,21686.22705384746
PatchTST-SSL(global-MAD),Hog_office_Sherrie,124,drift,1,subtle,144,299.9499753120218,False,,0.0,724.9674351493377
PatchTST-SSL(global-MAD),Hog_office_Sherrie,124,drift,1,subtle,288,1723.6191147775007,True,48.0,0.052083333333333336,3213.4717614775736
PatchTST-SSL(global-MAD),Hog_office_Sherrie,124,drift,3,obvious,240,5648.538585258806,True,8.0,0.2791666666666667,8005.029004652874
PatchTST-SSL(global-MAD),Hog_office_Sherrie,124,schedule,2,moderate,144,4.347234852761044,False,,0.0,785.8905614082852
PatchTST-SSL(global-MAD),Hog_office_Sherrie,124,schedule,3,obvious,144,343.59874707536767,False,,0.0,1036.0435046290731
PatchTST-SSL(global-MAD),Hog_office_Sherrie,124,spike,1,subtle,3,99.29138806902563,False,,0.0,85.0442795650753
PatchTST-SSL(global-MAD),Hog_office_Shon,124,drift,1,subtle,192,2182.037256465568,False,,0.0,4785.757319561628
PatchTST-SSL(global-MAD),Hog_office_Shon,124,spike,2,moderate,1,151.8227361048974,True,0.0,1.0,149.37503772299183
PatchTST-SSL(global-MAD),Hog_office_Shon,124,schedule,3,obvious,144,879.862336287282,False,,0.0,2440.526600658052
PatchTST-SSL(global-MAD),Hog_office_Shon,124,schedule,3,obvious,192,1117.8231857134415,False,,0.0,3797.9013080161367
PatchTST-SSL(global-MAD),Hog_office_Shon,124,drift,2,moderate,192,3701.5660588324213,True,59.0,0.17708333333333334,5440.618549153703
PatchTST-SSL(global-MAD),Hog_office_Shon,124,drift,2,moderate,144,2737.1461577962623,False,,0.0,1214.0261825495845
PatchTST-SSL(global-MAD),Hog_office_Sydney,124,drift,1,subtle,288,8119.592526843504,True,77.0,0.0625,9513.212116084356
PatchTST-SSL(global-MAD),Hog_office_Sydney,124,spike,1,subtle,5,196.46583991897998,False,,0.0,169.93325380727242
PatchTST-SSL(global-MAD),Hog_office_Sydney,124,spike,1,subtle,1,85.70597551646374,True,0.0,1.0,73.30201056314469
PatchTST-SSL(global-MAD),Hog_office_Sydney,124,spike,2,moderate,1,131.22745681677335,False,,0.0,130.86650918903635
PatchTST-SSL(global-MAD),Hog_office_Sydney,124,spike,2,moderate,1,148.69647404756202,True,0.0,1.0,139.78103621038736
PatchTST-SSL(global-MAD),Hog_office_Sydney,124,spike,2,moderate,2,174.68537972142465,True,1.0,0.5,187.90589989453
PatchTST-SSL(global-MAD),Hog_office_Valda,124,drift,2,moderate,264,2857.1177976370764,True,67.0,0.12121212121212122,4383.349772912139
PatchTST-SSL(global-MAD),Hog_office_Valda,124,spike,3,obvious,1,146.1924647334952,True,0.0,1.0,151.68902839355925
PatchTST-SSL(global-MAD),Hog_office_Valda,124,drift,3,obvious,264,4547.513835535305,True,26.0,0.14393939393939395,5545.698317147986
PatchTST-SSL(global-MAD),Hog_office_Valda,124,spike,2,moderate,1,90.96816539874969,True,0.0,1.0,101.2715857742574
PatchTST-SSL(global-MAD),Hog_office_Valda,124,schedule,3,obvious,192,295.3654460515271,True,65.0,0.03125,1552.271408813112
PatchTST-SSL(global-MAD),Hog_office_Valda,124,schedule,3,obvious,72,129.23500259287323,True,63.0,0.1111111111111111,587.9154744429671
PatchTST-SSL(global-MAD),Lamb_education_Armando,124,schedule,3,obvious,168,42.351505729948684,True,99.0,0.125,4303.503947413749
PatchTST-SSL(global-MAD),Lamb_education_Armando,124,drift,2,moderate,264,3545.686108845367,True,52.0,0.09090909090909091,12237.466458488027
PatchTST-SSL(global-MAD),Lamb_education_Armando,124,drift,2,moderate,120,581.1700915763748,False,,0.0,480.5220351507992
PatchTST-SSL(global-MAD),Lamb_education_Armando,124,drift,3,obvious,192,3408.2489944527274,True,38.0,0.18229166666666666,8137.013781327269
PatchTST-SSL(global-MAD),Lamb_education_Armando,124,spike,2,moderate,1,221.83527427775363,True,0.0,1.0,231.21347223843244
PatchTST-SSL(global-MAD),Lamb_education_Armando,124,schedule,3,obvious,96,36.35899298629825,False,,0.0,1866.4897345428035
PatchTST-SSL(global-MAD),Lamb_education_Eula,124,drift,3,obvious,216,124.56056570809537,True,0.0,0.2916666666666667,272.8403488166924
PatchTST-SSL(global-MAD),Lamb_education_Eula,124,spike,1,subtle,3,9.411480791510446,True,1.0,0.6666666666666666,10.329658454421986
PatchTST-SSL(global-MAD),Lamb_education_Eula,124,drift,2,moderate,264,116.57449026741199,False,,0.0,213.62234807417047
PatchTST-SSL(global-MAD),Lamb_education_Eula,124,spike,2,moderate,2,8.906459358942762,True,0.0,1.0,15.676996314621006
PatchTST-SSL(global-MAD),Lamb_education_Eula,124,spike,3,obvious,2,15.085603107142502,True,1.0,0.5,15.671457760520987
PatchTST-SSL(global-MAD),Lamb_education_Eula,124,drift,2,moderate,240,67.55719881227861,True,74.0,0.016666666666666666,414.72367673891694
PatchTST-SSL(global-MAD),Lamb_education_Lazaro,124,drift,1,subtle,192,461.23669069021577,True,191.0,0.005208333333333333,2268.641361074743
PatchTST-SSL(global-MAD),Lamb_education_Lazaro,124,spike,3,obvious,4,400.82250918666176,True,2.0,0.5,282.2330271626612
PatchTST-SSL(global-MAD),Lamb_education_Lazaro,124,drift,1,subtle,240,604.235159033965,True,132.0,0.05,945.6901861352937
PatchTST-SSL(global-MAD),Lamb_education_Lazaro,124,drift,2,moderate,144,497.9093626321239,True,76.0,0.013888888888888888,2116.0153972443823
PatchTST-SSL(global-MAD),Lamb_education_Lazaro,124,spike,2,moderate,5,323.27785981812565,True,2.0,0.6,300.74289897516695
PatchTST-SSL(global-MAD),Lamb_education_Lazaro,124,spike,3,obvious,1,216.09390823268618,True,0.0,1.0,219.45625805013913
PatchTST-SSL(global-MAD),Lamb_education_Lucas,124,drift,3,obvious,240,801.2582428094648,True,63.0,0.19166666666666668,1637.1762025825997
PatchTST-SSL(global-MAD),Lamb_education_Lucas,124,schedule,3,obvious,120,44.89451201081894,False,,0.0,65.14991801814945
PatchTST-SSL(global-MAD),Lamb_education_Lucas,124,spike,3,obvious,5,133.8321468000379,True,2.0,0.6,158.3042008745796
PatchTST-SSL(global-MAD),Lamb_education_Lucas,124,drift,3,obvious,144,273.9606663738274,True,51.0,0.1736111111111111,760.7096717982556
PatchTST-SSL(global-MAD),Lamb_education_Lucas,124,spike,3,obvious,5,142.6454074837294,True,2.0,0.6,131.68517163058232
PatchTST-SSL(global-MAD),Lamb_education_Lucas,124,drift,1,subtle,120,38.67614445359179,True,21.0,0.125,581.1876345465806
PatchTST-SSL(global-MAD),Lamb_education_Mae,124,spike,1,subtle,5,323.07918229430084,True,3.0,0.4,400.163901764733
PatchTST-SSL(global-MAD),Lamb_education_Mae,124,spike,2,moderate,4,516.0264638666401,True,2.0,0.5,549.0252905856557
PatchTST-SSL(global-MAD),Lamb_education_Mae,124,drift,2,moderate,240,3932.5231562095887,True,53.0,0.09166666666666666,10480.166164222957
PatchTST-SSL(global-MAD),Lamb_education_Mae,124,spike,2,moderate,2,212.59441880931385,True,1.0,0.5,232.05201031016054
PatchTST-SSL(global-MAD),Lamb_education_Mae,124,drift,3,obvious,144,2958.7246626678852,False,,0.0,2382.5659662604007
PatchTST-SSL(global-MAD),Lamb_education_Mae,124,spike,1,subtle,1,162.31276356035605,True,0.0,1.0,232.97651561669383
PatchTST-SSL(global-MAD),Lamb_education_Williams,124,drift,1,subtle,264,746.3809443232789,True,31.0,0.08712121212121213,5115.820315906081
PatchTST-SSL(global-MAD),Lamb_education_Williams,124,drift,1,subtle,240,639.2960181545328,True,149.0,0.075,5875.905006102501
PatchTST-SSL(global-MAD),Lamb_education_Williams,124,drift,3,obvious,312,4579.005177313596,True,16.0,0.02564102564102564,6958.816992534235
PatchTST-SSL(global-MAD),Lamb_education_Williams,124,schedule,3,obvious,168,245.34222782811088,True,0.0,0.13690476190476192,3666.9951494657807
PatchTST-SSL(global-MAD),Lamb_education_Williams,124,spike,1,subtle,4,225.11065302241795,True,2.0,0.5,235.24113590697715
PatchTST-SSL(global-MAD),Lamb_education_Williams,124,schedule,2,moderate,216,120.36486662932188,True,22.0,0.10648148148148148,5513.302264838141
PatchTST-SSL(global-MAD),Lamb_office_Caitlin,124,spike,2,moderate,2,287.84152497083744,True,1.0,0.5,272.88554948321917
PatchTST-SSL(global-MAD),Lamb_office_Caitlin,124,drift,1,subtle,144,174.86513893786412,False,,0.0,73.14113668110214
PatchTST-SSL(global-MAD),Lamb_office_Caitlin,124,schedule,1,subtle,72,45.94439519567189,False,,0.0,3.450313334884353
PatchTST-SSL(global-MAD),Lamb_office_Caitlin,124,drift,3,obvious,192,1366.1223200641446,True,87.0,0.11458333333333333,2366.922111020068
PatchTST-SSL(global-MAD),Lamb_office_Caitlin,124,spike,3,obvious,3,499.75478148973514,False,,0.0,476.0381506290276
PatchTST-SSL(global-MAD),Lamb_office_Caitlin,124,spike,3,obvious,5,914.2945579554216,True,1.0,0.8,838.3510993675545
PatchTST-SSL(global-MAD),Lamb_office_Velma,124,spike,2,moderate,5,712.063480372273,True,3.0,0.4,743.0093455121605
PatchTST-SSL(global-MAD),Lamb_office_Velma,124,schedule,2,moderate,192,5.02976783064522,False,,0.0,6968.509828396962
PatchTST-SSL(global-MAD),Lamb_office_Velma,124,spike,1,subtle,4,402.868816575697,True,2.0,0.5,689.8543543638482
PatchTST-SSL(global-MAD),Lamb_office_Velma,124,spike,2,moderate,5,716.8389665969552,True,2.0,0.6,620.3987926307078
PatchTST-SSL(global-MAD),Lamb_office_Velma,124,drift,2,moderate,168,3639.54112623905,True,110.0,0.023809523809523808,9054.02177104498
PatchTST-SSL(global-MAD),Lamb_office_Velma,124,drift,3,obvious,168,7579.385515407095,True,155.0,0.017857142857142856,12807.990983591275
PatchTST-SSL(global-MAD),Rat_retail_Jeffrey,124,spike,1,subtle,5,291.60367573257804,True,3.0,0.4,131.47200112154889
PatchTST-SSL(global-MAD),Rat_retail_Jeffrey,124,spike,2,moderate,4,475.52021965664414,True,2.0,0.5,403.9986755211692
PatchTST-SSL(global-MAD),Rat_retail_Jeffrey,124,drift,2,moderate,144,2154.4490308847585,True,47.0,0.027777777777777776,2711.9595025632966
PatchTST-SSL(global-MAD),Rat_retail_Jeffrey,124,spike,1,subtle,1,138.38502458085736,True,0.0,1.0,157.23513671147475
PatchTST-SSL(global-MAD),Rat_retail_Jeffrey,124,drift,1,subtle,120,610.2952989490467,False,,0.0,1133.2022657812913
PatchTST-SSL(global-MAD),Rat_retail_Jeffrey,124,spike,3,obvious,3,473.61949934562676,True,1.0,0.6666666666666666,535.4853994847888
PatchTST-SSL(global-MAD),Robin_education_Zenia,124,drift,1,subtle,312,9085.837298458526,False,,0.0,29198.855083720176
PatchTST-SSL(global-MAD),Robin_education_Zenia,124,drift,3,obvious,264,29233.784782501494,True,127.0,0.1893939393939394,49008.791944534794
PatchTST-SSL(global-MAD),Robin_education_Zenia,124,drift,3,obvious,216,19698.159837123923,True,60.0,0.3333333333333333,35972.20607730292
PatchTST-SSL(global-MAD),Robin_education_Zenia,124,spike,3,obvious,1,234.24180318846012,False,,0.0,312.046223545721
PatchTST-SSL(global-MAD),Robin_education_Zenia,124,drift,2,moderate,192,8507.294132048073,True,111.0,0.08854166666666667,21626.49512867919
PatchTST-SSL(global-MAD),Robin_education_Zenia,124,spike,1,subtle,1,103.78091077838481,False,,0.0,164.71370482141097
PatchTST-SSL(global-MAD),Robin_office_Dina,124,drift,1,subtle,312,1671.5645498087358,True,10.0,0.24358974358974358,3393.4613697804216
PatchTST-SSL(global-MAD),Robin_office_Dina,124,spike,3,obvious,2,76.99172519770566,True,1.0,0.5,101.39111815988866
PatchTST-SSL(global-MAD),Robin_office_Dina,124,drift,2,moderate,168,1361.1516267334248,True,47.0,0.15476190476190477,1926.4609140116518
PatchTST-SSL(global-MAD),Robin_office_Dina,124,spike,1,subtle,3,54.39925792780521,True,2.0,0.3333333333333333,72.12275816959573
PatchTST-SSL(global-MAD),Robin_office_Dina,124,spike,3,obvious,3,106.22402211052074,True,1.0,0.6666666666666666,111.13022323456539
PatchTST-SSL(global-MAD),Robin_office_Dina,124,spike,2,moderate,4,100.90720420303032,True,2.0,0.5,155.105546348676
PatchTST-SSL(global-MAD),Robin_office_Sammie,124,drift,2,moderate,240,8193.376963553696,False,,0.0,9713.226288781245
PatchTST-SSL(global-MAD),Robin_office_Sammie,124,spike,2,moderate,5,264.22219886949006,False,,0.0,315.1903240150986
PatchTST-SSL(global-MAD),Robin_office_Sammie,124,drift,2,moderate,120,2188.0140383288563,True,108.0,0.025,3465.5775507737526
PatchTST-SSL(global-MAD),Robin_office_Sammie,124,spike,3,obvious,4,325.76388530020796,True,2.0,0.5,420.7704392253744
PatchTST-SSL(global-MAD),Robin_office_Sammie,124,drift,3,obvious,216,10950.46293039176,True,0.0,0.17592592592592593,11100.654120638665
PatchTST-SSL(global-MAD),Robin_office_Sammie,124,schedule,2,moderate,216,283.6852349670226,False,,0.0,2404.8152527505345
PatchTST-SSL(global-MAD),Shrew_office_Doris,124,spike,3,obvious,4,967.677461342442,True,2.0,0.5,1201.6344460588139
PatchTST-SSL(global-MAD),Shrew_office_Doris,124,drift,2,moderate,216,13274.214899719289,True,9.0,0.28703703703703703,18379.90063446561
PatchTST-SSL(global-MAD),Shrew_office_Doris,124,drift,3,obvious,192,16874.680037500937,True,64.0,0.2864583333333333,21096.556977597953
PatchTST-SSL(global-MAD),Shrew_office_Doris,124,drift,2,moderate,288,21097.276446337128,False,,0.0,26810.414805659027
PatchTST-SSL(global-MAD),Shrew_office_Doris,124,spike,3,obvious,5,1269.3416243658435,True,3.0,0.4,1159.5446457742855
PatchTST-SSL(global-MAD),Shrew_office_Doris,124,spike,1,subtle,5,492.6340337493294,True,4.0,0.2,478.0913255536572
PatchTST-SSL(global-MAD),Shrew_office_Ila,124,drift,1,subtle,216,2996.99212687992,True,11.0,0.06481481481481481,5830.102018436
PatchTST-SSL(global-MAD),Shrew_office_Ila,124,drift,3,obvious,216,17305.03319043162,False,,0.0,18675.59290117617
PatchTST-SSL(global-MAD),Shrew_office_Ila,124,spike,3,obvious,4,725.0771146387649,True,2.0,0.5,719.3194209877142
PatchTST-SSL(global-MAD),Shrew_office_Ila,124,spike,1,subtle,2,146.5948962159231,True,1.0,0.5,146.53631288887868
PatchTST-SSL(global-MAD),Shrew_office_Ila,124,drift,2,moderate,144,4621.5561975259025,False,,0.0,7021.537871179756
PatchTST-SSL(global-MAD),Shrew_office_Ila,124,spike,3,obvious,4,673.7401307453438,True,1.0,0.75,777.072113698563
PatchTST-SSL(global-MAD),Shrew_office_Kenneth,124,drift,2,moderate,192,1498.5085912518607,True,110.0,0.171875,3255.064764760135
PatchTST-SSL(global-MAD),Shrew_office_Kenneth,124,drift,3,obvious,192,2842.3791870818204,True,140.0,0.010416666666666666,1049.4465665887005
PatchTST-SSL(global-MAD),Shrew_office_Kenneth,124,spike,2,moderate,2,90.89096949254512,True,1.0,0.5,84.13308288067743
PatchTST-SSL(global-MAD),Shrew_office_Kenneth,124,spike,1,subtle,1,62.498642336023934,True,0.0,1.0,61.88615090033957
PatchTST-SSL(global-MAD),Shrew_office_Kenneth,124,spike,3,obvious,5,300.9768943363502,True,1.0,0.8,275.78818290462993
PatchTST-SSL(global-MAD),Shrew_office_Kenneth,124,spike,1,subtle,5,132.02422580194082,True,2.0,0.6,157.86670038262358
PatchTST-SSL(global-MAD),Shrew_office_Nora,124,drift,3,obvious,168,13959.850749005422,True,136.0,0.03571428571428571,15779.105573138968
PatchTST-SSL(global-MAD),Shrew_office_Nora,124,spike,1,subtle,2,260.69750787688605,False,,0.0,189.10901941090074
PatchTST-SSL(global-MAD),Shrew_office_Nora,124,drift,1,subtle,216,4665.425658313194,False,,0.0,10252.607188195292
PatchTST-SSL(global-MAD),Shrew_office_Nora,124,drift,3,obvious,240,26280.58367879771,True,125.0,0.03333333333333333,28993.462914071104
PatchTST-SSL(global-MAD),Shrew_office_Nora,124,spike,1,subtle,5,548.8590061520682,True,2.0,0.6,904.9475049380546
PatchTST-SSL(global-MAD),Shrew_office_Nora,124,spike,2,moderate,2,390.28208907425113,True,1.0,0.5,491.0677977473885
PatchTST-SSL(global-MAD),Shrew_office_Sherill,124,spike,3,obvious,3,1285.7986614249328,True,1.0,0.6666666666666666,1515.6442256199978
PatchTST-SSL(global-MAD),Shrew_office_Sherill,124,drift,2,moderate,120,6816.240253363444,True,80.0,0.175,10456.312956246991
PatchTST-SSL(global-MAD),Shrew_office_Sherill,124,spike,1,subtle,4,809.928865577001,True,3.0,0.25,500.5700174478692
PatchTST-SSL(global-MAD),Shrew_office_Sherill,124,drift,3,obvious,168,19918.04479791922,True,88.0,0.18452380952380953,24368.461093859856
PatchTST-SSL(global-MAD),Shrew_office_Sherill,124,spike,1,subtle,5,982.0393289635585,False,,0.0,967.3687617706546
PatchTST-SSL(global-MAD),Shrew_office_Sherill,124,spike,3,obvious,3,1418.5189408034698,True,1.0,0.6666666666666666,1298.4293220271688
PatchTST-SSL(global-MAD),Wolf_office_Darleen,124,drift,3,obvious,216,4246.600657922468,False,,0.0,2045.3134107674284
PatchTST-SSL(global-MAD),Wolf_office_Darleen,124,drift,3,obvious,240,4976.241380732559,True,177.0,0.025,6539.457331124353
PatchTST-SSL(global-MAD),Wolf_office_Darleen,124,spike,3,obvious,3,254.48626821207995,True,2.0,0.3333333333333333,233.17601754464604
PatchTST-SSL(global-MAD),Wolf_office_Darleen,124,schedule,3,obvious,216,98.90988369231172,True,34.0,0.1111111111111111,2092.672579154048
PatchTST-SSL(global-MAD),Wolf_office_Darleen,124,spike,2,moderate,5,263.59770868297966,True,3.0,0.4,229.21723703512248
PatchTST-SSL(global-MAD),Wolf_office_Darleen,124,drift,3,obvious,192,3387.5794404471744,True,20.0,0.11979166666666667,4354.140810432442
PatchTST-SSL(global-MAD),Wolf_retail_Harriett,124,spike,1,subtle,3,109.46943691528074,False,,0.0,203.09535004761858
PatchTST-SSL(global-MAD),Wolf_retail_Harriett,124,drift,2,moderate,216,3442.80368568748,True,96.0,0.125,5173.768923561232
PatchTST-SSL(global-MAD),Wolf_retail_Harriett,124,spike,2,moderate,1,118.095825507048,True,0.0,1.0,139.8146691390927
PatchTST-SSL(global-MAD),Wolf_retail_Harriett,124,spike,2,moderate,1,95.23365086904356,True,0.0,1.0,115.28044376236402
PatchTST-SSL(global-MAD),Wolf_retail_Harriett,124,drift,1,subtle,168,915.2694268515739,False,,0.0,2522.559280939945
PatchTST-SSL(global-MAD),Wolf_retail_Harriett,124,schedule,2,moderate,120,16.811704598329925,False,,0.0,998.2851037669346
PatchTST-SSL(global-MAD),Wolf_retail_Marcella,124,drift,1,subtle,120,77.19480955887502,False,,0.0,202.82799254524045
PatchTST-SSL(global-MAD),Wolf_retail_Marcella,124,spike,3,obvious,4,54.744085512607896,True,1.0,0.75,75.86175773498155
PatchTST-SSL(global-MAD),Wolf_retail_Marcella,124,drift,3,obvious,216,805.9237291893736,True,15.0,0.1527777777777778,1220.1377977657119
PatchTST-SSL(global-MAD),Wolf_retail_Marcella,124,drift,2,moderate,144,245.1612452558267,True,0.0,0.2222222222222222,376.26309834322626
PatchTST-SSL(global-MAD),Wolf_retail_Marcella,124,spike,1,subtle,1,15.299112680094524,True,0.0,1.0,14.279704764409534
PatchTST-SSL(global-MAD),Wolf_retail_Marcella,124,drift,1,subtle,240,161.5415176515241,True,13.0,0.008333333333333333,393.9484663751473
PatchTST-SSL(global-MAD),Wolf_retail_Toshia,124,spike,3,obvious,4,813.8222848184951,True,2.0,0.5,656.8728464056645
PatchTST-SSL(global-MAD),Wolf_retail_Toshia,124,spike,3,obvious,5,1170.5817793556578,True,2.0,0.6,1214.6583455302173
PatchTST-SSL(global-MAD),Wolf_retail_Toshia,124,schedule,3,obvious,120,146.55404856680667,True,96.0,0.041666666666666664,2836.57955986699
PatchTST-SSL(global-MAD),Wolf_retail_Toshia,124,schedule,3,obvious,72,196.04409342229565,False,,0.0,1500.8895666679277
PatchTST-SSL(global-MAD),Wolf_retail_Toshia,124,drift,1,subtle,216,1058.247230158493,False,,0.0,6424.004941177942
PatchTST-SSL(global-MAD),Wolf_retail_Toshia,124,spike,1,subtle,4,354.7456702313118,True,2.0,0.5,330.32367902897374
HOW-profile(HoW-cond),Fox_education_Henrietta,124,schedule,3,obvious,192,60.315560882006025,True,25.0,0.125,671.827780441003
HOW-profile(HoW-cond),Fox_education_Henrietta,124,spike,3,obvious,4,167.26170856365857,True,1.0,0.75,147.73170856365857
HOW-profile(HoW-cond),Fox_education_Henrietta,124,spike,1,subtle,5,78.18136394771389,True,3.0,0.4,37.83670516102384
HOW-profile(HoW-cond),Fox_education_Henrietta,124,schedule,3,obvious,144,183.66365980408142,False,,0.0,184.40802575282686
HOW-profile(HoW-cond),Fox_education_Henrietta,124,drift,1,subtle,216,520.3709604977303,True,118.0,0.06481481481481481,2285.478385009902
HOW-profile(HoW-cond),Fox_education_Henrietta,124,spike,2,moderate,1,61.819841831657534,True,0.0,1.0,62.934841831657536
HOW-profile(HoW-cond),Fox_retail_Manie,124,spike,3,obvious,3,360.30977822599573,True,1.0,0.6666666666666666,311.84977822599575
HOW-profile(HoW-cond),Fox_retail_Manie,124,schedule,3,obvious,192,705.5814088582074,True,0.0,0.265625,2242.5656401352435
HOW-profile(HoW-cond),Fox_retail_Manie,124,spike,3,obvious,5,598.2254276518972,True,2.0,0.6,558.945427651897
HOW-profile(HoW-cond),Fox_retail_Manie,124,drift,2,moderate,168,1941.7014736338524,True,7.0,0.19047619047619047,2908.37391409149
HOW-profile(HoW-cond),Fox_retail_Manie,124,spike,1,subtle,3,155.21794966966723,True,2.0,0.3333333333333333,90.51676351378529
HOW-profile(HoW-cond),Fox_retail_Manie,124,schedule,3,obvious,96,172.62577698158896,True,16.0,0.14583333333333334,839.3356413892254
HOW-profile(HoW-cond),Hog_education_Bruno,124,drift,3,obvious,264,46417.54410572455,True,7.0,0.8068181818181818,46488.48991110774
HOW-profile(HoW-cond),Hog_education_Bruno,124,drift,1,subtle,216,9812.30313173102,False,,0.0,10613.717986548276
HOW-profile(HoW-cond),Hog_education_Bruno,124,drift,2,moderate,120,6595.295146158791,True,18.0,0.6083333333333333,6049.144154652606
HOW-profile(HoW-cond),Hog_education_Bruno,124,spike,1,subtle,5,299.2891721906774,False,,0.0,292.53317219067753
HOW-profile(HoW-cond),Hog_education_Bruno,124,drift,1,subtle,216,8137.5103929530915,True,127.0,0.037037037037037035,8973.52404181322
HOW-profile(HoW-cond),Hog_education_Bruno,124,spike,1,subtle,4,291.6501178934577,False,,0.0,300.40311789345765
HOW-profile(HoW-cond),Hog_education_Caridad,124,drift,2,moderate,120,26559.114233147702,True,49.0,0.36666666666666664,13672.404267300335
HOW-profile(HoW-cond),Hog_education_Caridad,124,schedule,2,moderate,168,5586.936543560644,False,,0.0,45.66599999999994
HOW-profile(HoW-cond),Hog_education_Caridad,124,drift,1,subtle,192,28961.841270979025,True,127.0,0.09375,14311.986869261551
HOW-profile(HoW-cond),Hog_education_Caridad,124,spike,1,subtle,1,3232.119287388384,False,,0.0,2769.3752873883836
HOW-profile(HoW-cond),Hog_education_Caridad,124,schedule,3,obvious,96,7326.264039132635,False,,0.0,466.45075942045924
HOW-profile(HoW-cond),Hog_education_Caridad,124,spike,1,subtle,4,6005.765793875593,True,1.0,0.75,6288.003793875593
HOW-profile(HoW-cond),Hog_education_Josh,124,spike,1,subtle,5,594.6326420608618,True,4.0,0.2,512.2496420608618
HOW-profile(HoW-cond),Hog_education_Josh,124,schedule,2,moderate,96,1475.452371600362,False,,0.0,136.46655283094563
HOW-profile(HoW-cond),Hog_education_Josh,124,drift,3,obvious,192,16691.47805798628,True,29.0,0.4375,23436.70405798628
HOW-profile(HoW-cond),Hog_education_Josh,124,spike,3,obvious,3,765.3532648336346,True,1.0,0.6666666666666666,889.8927648336347
HOW-profile(HoW-cond),Hog_education_Josh,124,spike,3,obvious,3,668.1453240628807,True,1.0,0.6666666666666666,922.1953240628808
HOW-profile(HoW-cond),Hog_education_Josh,124,drift,1,subtle,168,2891.321119750779,True,17.0,0.041666666666666664,14551.620619750778
HOW-profile(HoW-cond),Hog_education_Luvenia,124,drift,3,obvious,168,36139.97417896839,True,0.0,0.9107142857142857,40173.02217896839
HOW-profile(HoW-cond),Hog_education_Luvenia,124,drift,1,subtle,192,8901.64724636137,False,,0.0,2684.2118571195283
HOW-profile(HoW-cond),Hog_education_Luvenia,124,drift,3,obvious,288,107739.74583786631,True,54.0,0.6770833333333334,98312.19436613006
HOW-profile(HoW-cond),Hog_education_Luvenia,124,drift,3,obvious,120,16462.105680988763,False,,0.0,16052.28510606135
HOW-profile(HoW-cond),Hog_education_Luvenia,124,spike,2,moderate,4,909.4970148676152,False,,0.0,1088.5990148676156
HOW-profile(HoW-cond),Hog_education_Luvenia,124,drift,3,obvious,144,25989.04317118203,True,30.0,0.3055555555555556,28714.577171182034
HOW-profile(HoW-cond),Hog_office_Almeda,124,schedule,3,obvious,144,687.7865728908646,True,5.0,0.09027777777777778,1142.9845728908647
HOW-profile(HoW-cond),Hog_office_Almeda,124,schedule,2,moderate,120,80.57674715737826,True,65.0,0.11666666666666667,1459.750611226807
HOW-profile(HoW-cond),Hog_office_Almeda,124,drift,1,subtle,288,2065.7478398767325,True,16.0,0.06944444444444445,2714.8739926883336
HOW-profile(HoW-cond),Hog_office_Almeda,124,spike,3,obvious,4,433.52703801649193,True,1.0,0.75,498.6820380164919
HOW-profile(HoW-cond),Hog_office_Almeda,124,spike,3,obvious,4,417.9640816562538,True,1.0,0.75,416.85808165625383
HOW-profile(HoW-cond),Hog_office_Almeda,124,spike,2,moderate,2,136.54824351694936,True,1.0,0.5,172.43574351694937
HOW-profile(HoW-cond),Hog_office_Cortney,124,spike,2,moderate,3,357.681035451082,True,1.0,0.6666666666666666,340.448035451082
HOW-profile(HoW-cond),Hog_office_Cortney,124,spike,3,obvious,5,867.3573209702461,True,1.0,0.8,952.6043209702461
HOW-profile(HoW-cond),Hog_office_Cortney,124,spike,1,subtle,5,408.4063300315772,True,1.0,0.8,389.9808300315773
HOW-profile(HoW-cond),Hog_office_Cortney,124,spike,2,moderate,1,272.95887519299555,True,0.0,1.0,267.82137519299556
HOW-profile(HoW-cond),Hog_office_Cortney,124,schedule,3,obvious,120,371.5476152277705,True,4.0,0.016666666666666666,346.96814706551345
HOW-profile(HoW-cond),Hog_office_Cortney,124,spike,1,subtle,1,181.02968838654505,True,0.0,1.0,177.35118838654506
HOW-profile(HoW-cond),Hog_office_Denita,124,schedule,3,obvious,192,911.8087205658233,True,16.0,0.13541666666666666,852.0278336167557
HOW-profile(HoW-cond),Hog_office_Denita,124,schedule,2,moderate,120,221.43335855207079,False,,0.0,15.574313322364176
HOW-profile(HoW-cond),Hog_office_Denita,124,drift,1,subtle,264,2914.5363022298425,True,120.0,0.19696969696969696,2382.5296991755367
HOW-profile(HoW-cond),Hog_office_Denita,124,schedule,2,moderate,120,364.88929710752984,True,76.0,0.008333333333333333,451.3657393360735
HOW-profile(HoW-cond),Hog_office_Denita,124,drift,3,obvious,144,2702.7509967910933,False,,0.0,2460.8418526323185
HOW-profile(HoW-cond),Hog_office_Denita,124,spike,3,obvious,5,636.4034244866059,True,1.0,0.8,693.665424486606
HOW-profile(HoW-cond),Hog_office_Garrett,124,drift,1,subtle,192,5556.152288561812,True,56.0,0.18229166666666666,5453.5142461802525
HOW-profile(HoW-cond),Hog_office_Garrett,124,schedule,3,obvious,192,6469.905965881119,True,4.0,0.2604166666666667,6305.329331150542
HOW-profile(HoW-cond),Hog_office_Garrett,124,drift,1,subtle,120,2425.0334129518105,True,28.0,0.10833333333333334,1161.5309822227587
HOW-profile(HoW-cond),Hog_office_Garrett,124,spike,3,obvious,3,2491.689618857125,True,0.0,1.0,2606.655618857125
HOW-profile(HoW-cond),Hog_office_Garrett,124,drift,1,subtle,312,26591.048645774314,True,0.0,0.3942307692307692,21217.295140359947
HOW-profile(HoW-cond),Hog_office_Garrett,124,spike,1,subtle,3,934.2433043536314,True,1.0,0.6666666666666666,958.3463043536312
HOW-profile(HoW-cond),Hog_office_Lavon,124,drift,1,subtle,168,350.1790514100819,False,,0.0,5824.047486532786
HOW-profile(HoW-cond),Hog_office_Lavon,124,drift,3,obvious,216,2544.700922092341,False,,0.0,63814.537125482675
HOW-profile(HoW-cond),Hog_office_Lavon,124,spike,3,obvious,4,7791.569566645738,True,1.0,0.75,8753.216566645737
HOW-profile(HoW-cond),Hog_office_Lavon,124,drift,2,moderate,240,1571.1852408501998,True,5.0,0.05416666666666667,1776.2304908501997
HOW-profile(HoW-cond),Hog_office_Lavon,124,spike,1,subtle,3,2562.0763129709776,True,1.0,0.6666666666666666,3381.3703129709775
HOW-profile(HoW-cond),Hog_office_Lavon,124,spike,2,moderate,3,3484.1998013300895,True,1.0,0.6666666666666666,4277.507051330089
HOW-profile(HoW-cond),Hog_office_Merilyn,124,spike,2,moderate,1,50.65190585486498,True,0.0,1.0,45.39940585486498
HOW-profile(HoW-cond),Hog_office_Merilyn,124,schedule,3,obvious,216,152.38178728386578,True,184.0,0.004629629629629629,1094.228482295338
HOW-profile(HoW-cond),Hog_office_Merilyn,124,drift,3,obvious,120,1338.0795839605812,True,82.0,0.31666666666666665,600.1027346276646
HOW-profile(HoW-cond),Hog_office_Merilyn,124,spike,2,moderate,2,45.062402681060725,True,1.0,0.5,35.479402681060726
HOW-profile(HoW-cond),Hog_office_Merilyn,124,spike,3,obvious,2,85.3039948781363,False,,0.0,95.5279948781363
HOW-profile(HoW-cond),Hog_office_Merilyn,124,schedule,3,obvious,96,77.01120943656545,False,,0.0,176.51
HOW-profile(HoW-cond),Hog_office_Miriam,124,spike,3,obvious,2,64.35778551681808,True,1.0,0.5,63.51978551681809
HOW-profile(HoW-cond),Hog_office_Miriam,124,drift,2,moderate,144,710.5379465954393,True,16.0,0.1388888888888889,812.0331173877837
HOW-profile(HoW-cond),Hog_office_Miriam,124,drift,2,moderate,264,2505.2621881358136,True,23.0,0.06818181818181818,2036.4329459890737
HOW-profile(HoW-cond),Hog_office_Miriam,124,schedule,2,moderate,192,28.96860913554888,False,,0.0,290.2860812180732
HOW-profile(HoW-cond),Hog_office_Miriam,124,spike,1,subtle,4,54.73908505905362,False,,0.0,49.401085059053635
HOW-profile(HoW-cond),Hog_office_Miriam,124,drift,3,obvious,216,2729.9115140571216,True,124.0,0.004629629629629629,2467.3095206735857
HOW-profile(HoW-cond),Hog_office_Napoleon,124,drift,2,moderate,120,2540.854333607559,True,51.0,0.10833333333333334,2123.1221173359418
HOW-profile(HoW-cond),Hog_office_Napoleon,124,spike,3,obvious,4,551.9924978736196,True,1.0,0.75,549.8874978736197
HOW-profile(HoW-cond),Hog_office_Napoleon,124,drift,3,obvious,312,31153.419467939406,True,1.0,0.46474358974358976,29030.587831750097
HOW-profile(HoW-cond),Hog_office_Napoleon,124,spike,3,obvious,2,273.4514251683141,True,1.0,0.5,261.6759251683141
HOW-profile(HoW-cond),Hog_office_Napoleon,124,spike,3,obvious,2,327.44329958523474,False,,0.0,360.5272995852347
HOW-profile(HoW-cond),Hog_office_Napoleon,124,spike,3,obvious,2,305.2755175273484,True,1.0,0.5,322.56251752734846
HOW-profile(HoW-cond),Hog_office_Shawna,124,spike,3,obvious,5,1539.5136699261304,True,1.0,0.8,1517.0436699261306
HOW-profile(HoW-cond),Hog_office_Shawna,124,spike,2,moderate,3,657.8599513082542,True,1.0,0.6666666666666666,643.2499513082541
HOW-profile(HoW-cond),Hog_office_Shawna,124,drift,2,moderate,216,9750.165846063275,True,44.0,0.2962962962962963,11501.318598518208
HOW-profile(HoW-cond),Hog_office_Shawna,124,drift,1,subtle,192,3460.430783507374,False,,0.0,4726.228965643533
HOW-profile(HoW-cond),Hog_office_Shawna,124,drift,2,moderate,192,8020.109920496582,True,92.0,0.020833333333333332,10642.934185831047
HOW-profile(HoW-cond),Hog_office_Shawna,124,drift,3,obvious,288,37201.3147175408,True,30.0,0.3159722222222222,42414.19054947408
HOW-profile(HoW-cond),Hog_office_Shawnna,124,schedule,2,moderate,192,2686.9850695181667,True,132.0,0.005208333333333333,1993.389393110532
HOW-profile(HoW-cond),Hog_office_Shawnna,124,schedule,2,moderate,192,2339.9254203213586,True,5.0,0.20833333333333334,1397.7469589591055
HOW-profile(HoW-cond),Hog_office_Shawnna,124,spike,3,obvious,4,2756.7676249264605,True,1.0,0.75,2525.5566249264607
HOW-profile(HoW-cond),Hog_office_Shawnna,124,spike,2,moderate,3,1509.4132712336545,True,2.0,0.3333333333333333,1243.0117712336544
HOW-profile(HoW-cond),Hog_office_Shawnna,124,drift,2,moderate,312,70147.64740535856,True,9.0,0.27884615384615385,53501.491356530285
HOW-profile(HoW-cond),Hog_office_Shawnna,124,drift,3,obvious,168,34606.77408644281,True,39.0,0.23809523809523808,19069.125841387744
HOW-profile(HoW-cond),Hog_office_Sherrie,124,drift,1,subtle,144,299.9499753120218,False,,0.0,315.1434095193435
HOW-profile(HoW-cond),Hog_office_Sherrie,124,drift,1,subtle,288,1723.6191147775007,True,48.0,0.041666666666666664,1869.7226063130458
HOW-profile(HoW-cond),Hog_office_Sherrie,124,drift,3,obvious,240,5648.538585258806,True,32.0,0.6708333333333333,5982.422405858097
HOW-profile(HoW-cond),Hog_office_Sherrie,124,schedule,2,moderate,144,4.347234852761044,True,116.0,0.006944444444444444,199.046
HOW-profile(HoW-cond),Hog_office_Sherrie,124,schedule,3,obvious,144,343.59874707536767,False,,0.0,480.7410043471301
HOW-profile(HoW-cond),Hog_office_Sherrie,124,spike,1,subtle,3,99.29138806902563,False,,0.0,95.70788806902563
HOW-profile(HoW-cond),Hog_office_Shon,124,drift,1,subtle,192,2182.037256465568,True,96.0,0.046875,3352.1228989985525
HOW-profile(HoW-cond),Hog_office_Shon,124,spike,2,moderate,1,151.8227361048974,True,0.0,1.0,132.9747361048974
HOW-profile(HoW-cond),Hog_office_Shon,124,schedule,3,obvious,144,879.862336287282,False,,0.0,1506.0023889628942
HOW-profile(HoW-cond),Hog_office_Shon,124,schedule,3,obvious,192,1117.8231857134415,False,,0.0,2311.2326198404726
HOW-profile(HoW-cond),Hog_office_Shon,124,drift,2,moderate,192,3701.5660588324213,True,58.0,0.19791666666666666,4207.446914332948
HOW-profile(HoW-cond),Hog_office_Shon,124,drift,2,moderate,144,2737.1461577962623,True,26.0,0.2013888888888889,951.6326419567728
HOW-profile(HoW-cond),Hog_office_Sydney,124,drift,1,subtle,288,8119.592526843504,True,19.0,0.1701388888888889,6232.483500506569
HOW-profile(HoW-cond),Hog_office_Sydney,124,spike,1,subtle,5,196.46583991897998,True,3.0,0.4,184.61583991898004
HOW-profile(HoW-cond),Hog_office_Sydney,124,spike,1,subtle,1,85.70597551646374,True,0.0,1.0,59.45497551646372
HOW-profile(HoW-cond),Hog_office_Sydney,124,spike,2,moderate,1,131.22745681677335,False,,0.0,114.12045681677334
HOW-profile(HoW-cond),Hog_office_Sydney,124,spike,2,moderate,1,148.69647404756202,True,0.0,1.0,137.03647404756202
HOW-profile(HoW-cond),Hog_office_Sydney,124,spike,2,moderate,2,174.68537972142465,True,1.0,0.5,156.7363797214247
HOW-profile(HoW-cond),Hog_office_Valda,124,drift,2,moderate,264,2857.1177976370764,True,64.0,0.38636363636363635,2548.627444149781
HOW-profile(HoW-cond),Hog_office_Valda,124,spike,3,obvious,1,146.1924647334952,True,0.0,1.0,148.47946473349523
HOW-profile(HoW-cond),Hog_office_Valda,124,drift,3,obvious,264,4547.513835535305,True,22.0,0.5871212121212122,4617.3788355353045
HOW-profile(HoW-cond),Hog_office_Valda,124,spike,2,moderate,1,90.96816539874969,True,0.0,1.0,90.34516539874967
HOW-profile(HoW-cond),Hog_office_Valda,124,schedule,3,obvious,192,295.3654460515271,True,5.0,0.16666666666666666,913.5178179938936
HOW-profile(HoW-cond),Hog_office_Valda,124,schedule,3,obvious,72,129.23500259287323,True,5.0,0.375,457.2265025928732
HOW-profile(HoW-cond),Lamb_education_Armando,124,schedule,3,obvious,168,42.351505729948684,False,,0.0,1224.75152526373
HOW-profile(HoW-cond),Lamb_education_Armando,124,drift,2,moderate,264,3545.686108845367,True,17.0,0.36363636363636365,7885.836108845368
HOW-profile(HoW-cond),Lamb_education_Armando,124,drift,2,moderate,120,581.1700915763748,True,100.0,0.008333333333333333,111.11481531109555
HOW-profile(HoW-cond),Lamb_education_Armando,124,drift,3,obvious,192,3408.2489944527274,True,23.0,0.4635416666666667,5136.083218135669
HOW-profile(HoW-cond),Lamb_education_Armando,124,spike,2,moderate,1,221.83527427775363,True,0.0,1.0,223.3352742777536
HOW-profile(HoW-cond),Lamb_education_Armando,124,schedule,3,obvious,96,36.35899298629825,False,,0.0,694.9974521963443
HOW-profile(HoW-cond),Lamb_education_Eula,124,drift,3,obvious,216,124.56056570809537,True,12.0,0.2175925925925926,155.65466024646287
HOW-profile(HoW-cond),Lamb_education_Eula,124,spike,1,subtle,3,9.411480791510446,True,1.0,0.6666666666666666,9.711480791510446
HOW-profile(HoW-cond),Lamb_education_Eula,124,drift,2,moderate,264,116.57449026741199,True,26.0,0.01893939393939394,87.50076697581363
HOW-profile(HoW-cond),Lamb_education_Eula,124,spike,2,moderate,2,8.906459358942762,True,1.0,0.5,10.106459358942761
HOW-profile(HoW-cond),Lamb_education_Eula,124,spike,3,obvious,2,15.085603107142502,True,1.0,0.5,15.285603107142505
HOW-profile(HoW-cond),Lamb_education_Eula,124,drift,2,moderate,240,67.55719881227861,True,19.0,0.11666666666666667,247.84504798982823
HOW-profile(HoW-cond),Lamb_education_Lazaro,124,drift,1,subtle,192,461.23669069021577,False,,0.0,1158.230861679369
HOW-profile(HoW-cond),Lamb_education_Lazaro,124,spike,3,obvious,4,400.82250918666176,False,,0.0,197.08329137141902
HOW-profile(HoW-cond),Lamb_education_Lazaro,124,drift,1,subtle,240,604.235159033965,False,,0.0,323.26771905784506
HOW-profile(HoW-cond),Lamb_education_Lazaro,124,drift,2,moderate,144,497.9093626321239,False,,0.0,778.5268512494292
HOW-profile(HoW-cond),Lamb_education_Lazaro,124,spike,2,moderate,5,323.27785981812565,True,2.0,0.6,266.3662598181256
HOW-profile(HoW-cond),Lamb_education_Lazaro,124,spike,3,obvious,1,216.09390823268618,True,0.0,1.0,220.1939082326862
HOW-profile(HoW-cond),Lamb_education_Lucas,124,drift,3,obvious,240,801.2582428094648,True,63.0,0.3625,1062.0913984165784
HOW-profile(HoW-cond),Lamb_education_Lucas,124,schedule,3,obvious,120,44.89451201081894,True,2.0,0.05,35.271314063218966
HOW-profile(HoW-cond),Lamb_education_Lucas,124,spike,3,obvious,5,133.8321468000379,True,2.0,0.6,132.64114680003786
HOW-profile(HoW-cond),Lamb_education_Lucas,124,drift,3,obvious,144,273.9606663738274,True,3.0,0.2986111111111111,431.56520302930386
HOW-profile(HoW-cond),Lamb_education_Lucas,124,spike,3,obvious,5,142.6454074837294,True,1.0,0.8,141.38140748372942
HOW-profile(HoW-cond),Lamb_education_Lucas,124,drift,1,subtle,120,38.67614445359179,True,20.0,0.10833333333333334,205.49363958005134
HOW-profile(HoW-cond),Lamb_education_Mae,124,spike,1,subtle,5,323.07918229430084,True,0.0,0.8,364.7291822943008
HOW-profile(HoW-cond),Lamb_education_Mae,124,spike,2,moderate,4,516.0264638666401,True,1.0,0.75,523.1764638666401
HOW-profile(HoW-cond),Lamb_education_Mae,124,drift,2,moderate,240,3932.5231562095887,True,61.0,0.3541666666666667,7106.125771119268
HOW-profile(HoW-cond),Lamb_education_Mae,124,spike,2,moderate,2,212.59441880931385,True,1.0,0.5,208.27401880931384
HOW-profile(HoW-cond),Lamb_education_Mae,124,drift,3,obvious,144,2958.7246626678852,True,139.0,0.020833333333333332,1606.9847529525186
HOW-profile(HoW-cond),Lamb_education_Mae,124,spike,1,subtle,1,162.31276356035605,True,0.0,1.0,211.81276356035607
HOW-profile(HoW-cond),Lamb_education_Williams,124,drift,1,subtle,264,746.3809443232789,True,14.0,0.20075757575757575,1816.2183962503736
HOW-profile(HoW-cond),Lamb_education_Williams,124,drift,1,subtle,240,639.2960181545328,True,136.0,0.05,1520.0566799207336
HOW-profile(HoW-cond),Lamb_education_Williams,124,drift,3,obvious,312,4579.005177313596,True,26.0,0.40064102564102566,3754.9328471127637
HOW-profile(HoW-cond),Lamb_education_Williams,124,schedule,3,obvious,168,245.34222782811088,True,81.0,0.011904761904761904,781.1449179727624
HOW-profile(HoW-cond),Lamb_education_Williams,124,spike,1,subtle,4,225.11065302241795,True,2.0,0.5,225.41065302241796
HOW-profile(HoW-cond),Lamb_education_Williams,124,schedule,2,moderate,216,120.36486662932188,True,12.0,0.08796296296296297,1456.8737125917628
HOW-profile(HoW-cond),Lamb_office_Caitlin,124,spike,2,moderate,2,287.84152497083744,True,1.0,0.5,285.14152497083745
HOW-profile(HoW-cond),Lamb_office_Caitlin,124,drift,1,subtle,144,174.86513893786412,True,40.0,0.10416666666666667,18.743694548172734
HOW-profile(HoW-cond),Lamb_office_Caitlin,124,schedule,1,subtle,72,45.94439519567189,False,,0.0,0.0
HOW-profile(HoW-cond),Lamb_office_Caitlin,124,drift,3,obvious,192,1366.1223200641446,True,63.0,0.453125,2448.807373493656
HOW-profile(HoW-cond),Lamb_office_Caitlin,124,spike,3,obvious,3,499.75478148973514,False,,0.0,388.4547814897351
HOW-profile(HoW-cond),Lamb_office_Caitlin,124,spike,3,obvious,5,914.2945579554216,True,1.0,0.8,899.1945579554216
HOW-profile(HoW-cond),Lamb_office_Velma,124,spike,2,moderate,5,712.063480372273,True,1.0,0.8,762.8634803722732
HOW-profile(HoW-cond),Lamb_office_Velma,124,schedule,2,moderate,192,5.02976783064522,True,5.0,0.020833333333333332,2360.8
HOW-profile(HoW-cond),Lamb_office_Velma,124,spike,1,subtle,4,402.868816575697,True,1.0,0.75,467.868816575697
HOW-profile(HoW-cond),Lamb_office_Velma,124,spike,2,moderate,5,716.8389665969552,True,2.0,0.6,692.0389665969551
HOW-profile(HoW-cond),Lamb_office_Velma,124,drift,2,moderate,168,3639.54112623905,True,0.0,0.31547619047619047,6179.091126239051
HOW-profile(HoW-cond),Lamb_office_Velma,124,drift,3,obvious,168,7579.385515407095,True,16.0,0.42857142857142855,9513.435515407094
HOW-profile(HoW-cond),Rat_retail_Jeffrey,124,spike,1,subtle,5,291.60367573257804,True,4.0,0.2,250.77367573257803
HOW-profile(HoW-cond),Rat_retail_Jeffrey,124,spike,2,moderate,4,475.52021965664414,True,1.0,0.75,484.6802196566441
HOW-profile(HoW-cond),Rat_retail_Jeffrey,124,drift,2,moderate,144,2154.4490308847585,True,35.0,0.19444444444444445,3217.5423830349046
HOW-profile(HoW-cond),Rat_retail_Jeffrey,124,spike,1,subtle,1,138.38502458085736,True,0.0,1.0,149.56002458085734
HOW-profile(HoW-cond),Rat_retail_Jeffrey,124,drift,1,subtle,120,610.2952989490467,True,2.0,0.26666666666666666,870.5134605269159
HOW-profile(HoW-cond),Rat_retail_Jeffrey,124,spike,3,obvious,3,473.61949934562676,True,1.0,0.6666666666666666,513.7144993456268
HOW-profile(HoW-cond),Robin_education_Zenia,124,drift,1,subtle,312,9085.837298458526,True,189.0,0.019230769230769232,27947.243998458525
HOW-profile(HoW-cond),Robin_education_Zenia,124,drift,3,obvious,264,29233.784782501494,True,23.0,0.3787878787878788,46492.9920825015
HOW-profile(HoW-cond),Robin_education_Zenia,124,drift,3,obvious,216,19698.159837123923,True,34.0,0.5,34623.52338712393
HOW-profile(HoW-cond),Robin_education_Zenia,124,spike,3,obvious,1,234.24180318846012,False,,0.0,298.04180318846016
HOW-profile(HoW-cond),Robin_education_Zenia,124,drift,2,moderate,192,8507.294132048073,True,78.0,0.10416666666666667,19911.467132048077
HOW-profile(HoW-cond),Robin_education_Zenia,124,spike,1,subtle,1,103.78091077838481,False,,0.0,174.85591077838478
HOW-profile(HoW-cond),Robin_office_Dina,124,drift,1,subtle,312,1671.5645498087358,True,7.0,0.09294871794871795,2906.0617969205446
HOW-profile(HoW-cond),Robin_office_Dina,124,spike,3,obvious,2,76.99172519770566,True,1.0,0.5,84.99172519770566
HOW-profile(HoW-cond),Robin_office_Dina,124,drift,2,moderate,168,1361.1516267334248,True,11.0,0.48214285714285715,1644.4729926984405
HOW-profile(HoW-cond),Robin_office_Dina,124,spike,1,subtle,3,54.39925792780521,True,1.0,0.6666666666666666,56.39925792780521
HOW-profile(HoW-cond),Robin_office_Dina,124,spike,3,obvious,3,106.22402211052074,True,1.0,0.6666666666666666,108.22402211052072
HOW-profile(HoW-cond),Robin_office_Dina,124,spike,2,moderate,4,100.90720420303032,True,2.0,0.5,121.15720420303032
HOW-profile(HoW-cond),Robin_office_Sammie,124,drift,2,moderate,240,8193.376963553696,True,73.0,0.10416666666666667,8479.348494360207
HOW-profile(HoW-cond),Robin_office_Sammie,124,spike,2,moderate,5,264.22219886949006,True,4.0,0.2,230.0405988694901
HOW-profile(HoW-cond),Robin_office_Sammie,124,drift,2,moderate,120,2188.0140383288563,True,31.0,0.20833333333333334,2943.1960208056953
HOW-profile(HoW-cond),Robin_office_Sammie,124,spike,3,obvious,4,325.76388530020796,True,1.0,0.75,325.24458530020786
HOW-profile(HoW-cond),Robin_office_Sammie,124,drift,3,obvious,216,10950.46293039176,True,17.0,0.4675925925925926,9631.433979725287
HOW-profile(HoW-cond),Robin_office_Sammie,124,schedule,2,moderate,216,283.6852349670226,False,,0.0,933.0805309415512
HOW-profile(HoW-cond),Shrew_office_Doris,124,spike,3,obvious,4,967.677461342442,True,2.0,0.5,892.5774613424421
HOW-profile(HoW-cond),Shrew_office_Doris,124,drift,2,moderate,216,13274.214899719289,True,54.0,0.4398148148148148,14358.956393195163
HOW-profile(HoW-cond),Shrew_office_Doris,124,drift,3,obvious,192,16874.680037500937,True,9.0,0.71875,19154.780037500936
HOW-profile(HoW-cond),Shrew_office_Doris,124,drift,2,moderate,288,21097.276446337128,True,171.0,0.06944444444444445,20545.536126205036
HOW-profile(HoW-cond),Shrew_office_Doris,124,spike,3,obvious,5,1269.3416243658435,True,2.0,0.6,1225.7416243658433
HOW-profile(HoW-cond),Shrew_office_Doris,124,spike,1,subtle,5,492.6340337493294,False,,0.0,450.58403374932936
HOW-profile(HoW-cond),Shrew_office_Ila,124,drift,1,subtle,216,2996.99212687992,True,103.0,0.05092592592592592,3621.2553992585754
HOW-profile(HoW-cond),Shrew_office_Ila,124,drift,3,obvious,216,17305.03319043162,True,125.0,0.004629629629629629,16530.846026226514
HOW-profile(HoW-cond),Shrew_office_Ila,124,spike,3,obvious,4,725.0771146387649,True,1.0,0.75,748.7771146387649
HOW-profile(HoW-cond),Shrew_office_Ila,124,spike,1,subtle,2,146.5948962159231,True,1.0,0.5,170.1948962159231
HOW-profile(HoW-cond),Shrew_office_Ila,124,drift,2,moderate,144,4621.5561975259025,True,119.0,0.0625,5422.679946540273
HOW-profile(HoW-cond),Shrew_office_Ila,124,spike,3,obvious,4,673.7401307453438,True,1.0,0.75,790.9401307453438
HOW-profile(HoW-cond),Shrew_office_Kenneth,124,drift,2,moderate,192,1498.5085912518607,True,90.0,0.140625,3141.4585912518605
HOW-profile(HoW-cond),Shrew_office_Kenneth,124,drift,3,obvious,192,2842.3791870818204,True,21.0,0.4583333333333333,981.6283949791236
HOW-profile(HoW-cond),Shrew_office_Kenneth,124,spike,2,moderate,2,90.89096949254512,True,1.0,0.5,81.14096949254512
HOW-profile(HoW-cond),Shrew_office_Kenneth,124,spike,1,subtle,1,62.498642336023934,True,0.0,1.0,68.79864233602393
HOW-profile(HoW-cond),Shrew_office_Kenneth,124,spike,3,obvious,5,300.9768943363502,True,1.0,0.8,268.57689433635016
HOW-profile(HoW-cond),Shrew_office_Kenneth,124,spike,1,subtle,5,132.02422580194082,True,2.0,0.6,146.07422580194083
HOW-profile(HoW-cond),Shrew_office_Nora,124,drift,3,obvious,168,13959.850749005422,True,8.0,0.7619047619047619,14192.709429064189
HOW-profile(HoW-cond),Shrew_office_Nora,124,spike,1,subtle,2,260.69750787688605,True,1.0,0.5,262.49750787688606
HOW-profile(HoW-cond),Shrew_office_Nora,124,drift,1,subtle,216,4665.425658313194,True,22.0,0.20833333333333334,4611.303050582468
HOW-profile(HoW-cond),Shrew_office_Nora,124,drift,3,obvious,240,26280.58367879771,True,0.0,0.7208333333333333,26028.217340454656
HOW-profile(HoW-cond),Shrew_office_Nora,124,spike,1,subtle,5,548.8590061520682,True,2.0,0.6,525.7590061520682
HOW-profile(HoW-cond),Shrew_office_Nora,124,spike,2,moderate,2,390.28208907425113,True,1.0,0.5,387.5820890742512
HOW-profile(HoW-cond),Shrew_office_Sherill,124,spike,3,obvious,3,1285.7986614249328,True,1.0,0.6666666666666666,1074.7986614249328
HOW-profile(HoW-cond),Shrew_office_Sherill,124,drift,2,moderate,120,6816.240253363444,True,21.0,0.5166666666666667,7109.940718238582
HOW-profile(HoW-cond),Shrew_office_Sherill,124,spike,1,subtle,4,809.928865577001,True,2.0,0.5,412.92886557700103
HOW-profile(HoW-cond),Shrew_office_Sherill,124,drift,3,obvious,168,19918.04479791922,True,27.0,0.3869047619047619,21568.644797919223
HOW-profile(HoW-cond),Shrew_office_Sherill,124,spike,1,subtle,5,982.0393289635585,False,,0.0,790.0393289635585
HOW-profile(HoW-cond),Shrew_office_Sherill,124,spike,3,obvious,3,1418.5189408034698,True,1.0,0.6666666666666666,1359.7689408034698
HOW-profile(HoW-cond),Wolf_office_Darleen,124,drift,3,obvious,216,4246.600657922468,True,121.0,0.125,1911.9508815476784
HOW-profile(HoW-cond),Wolf_office_Darleen,124,drift,3,obvious,240,4976.241380732559,True,30.0,0.225,5934.894096726729
HOW-profile(HoW-cond),Wolf_office_Darleen,124,spike,3,obvious,3,254.48626821207995,True,1.0,0.6666666666666666,253.48626821207995
HOW-profile(HoW-cond),Wolf_office_Darleen,124,schedule,3,obvious,216,98.90988369231172,True,34.0,0.041666666666666664,1134.159181529546
HOW-profile(HoW-cond),Wolf_office_Darleen,124,spike,2,moderate,5,263.59770868297966,True,1.0,0.8,247.09770868297966
HOW-profile(HoW-cond),Wolf_office_Darleen,124,drift,3,obvious,192,3387.5794404471744,True,0.0,0.609375,3214.3874194322266
HOW-profile(HoW-cond),Wolf_retail_Harriett,124,spike,1,subtle,3,109.46943691528074,False,,0.0,138.76943691528075
HOW-profile(HoW-cond),Wolf_retail_Harriett,124,drift,2,moderate,216,3442.80368568748,True,41.0,0.3888888888888889,4336.91102950273
HOW-profile(HoW-cond),Wolf_retail_Harriett,124,spike,2,moderate,1,118.095825507048,True,0.0,1.0,131.067075507048
HOW-profile(HoW-cond),Wolf_retail_Harriett,124,spike,2,moderate,1,95.23365086904356,True,0.0,1.0,101.07615086904359
HOW-profile(HoW-cond),Wolf_retail_Harriett,124,drift,1,subtle,168,915.2694268515739,True,55.0,0.005952380952380952,2143.9617593034436
HOW-profile(HoW-cond),Wolf_retail_Harriett,124,schedule,2,moderate,120,16.811704598329925,True,7.0,0.016666666666666666,437.74541666666664
HOW-profile(HoW-cond),Wolf_retail_Marcella,124,drift,1,subtle,120,77.19480955887502,True,45.0,0.008333333333333333,213.41098676185246
HOW-profile(HoW-cond),Wolf_retail_Marcella,124,spike,3,obvious,4,54.744085512607896,True,2.0,0.5,78.45908551260788
HOW-profile(HoW-cond),Wolf_retail_Marcella,124,drift,3,obvious,216,805.9237291893736,True,68.0,0.13425925925925927,1107.1722797877621
HOW-profile(HoW-cond),Wolf_retail_Marcella,124,drift,2,moderate,144,245.1612452558267,True,1.0,0.4166666666666667,318.5617662398868
HOW-profile(HoW-cond),Wolf_retail_Marcella,124,spike,1,subtle,1,15.299112680094524,True,0.0,1.0,14.737862680094524
HOW-profile(HoW-cond),Wolf_retail_Marcella,124,drift,1,subtle,240,161.5415176515241,True,0.0,0.08333333333333333,349.51022842699905
HOW-profile(HoW-cond),Wolf_retail_Toshia,124,spike,3,obvious,4,813.8222848184951,True,1.0,0.75,778.0097848184951
HOW-profile(HoW-cond),Wolf_retail_Toshia,124,spike,3,obvious,5,1170.5817793556578,True,1.0,0.8,1171.014279355658
HOW-profile(HoW-cond),Wolf_retail_Toshia,124,schedule,3,obvious,120,146.55404856680667,True,96.0,0.06666666666666667,2022.348586662745
HOW-profile(HoW-cond),Wolf_retail_Toshia,124,schedule,3,obvious,72,196.04409342229565,False,,0.0,453.8317506097279
HOW-profile(HoW-cond),Wolf_retail_Toshia,124,drift,1,subtle,216,1058.247230158493,True,134.0,0.004629629629629629,2169.083683972961
HOW-profile(HoW-cond),Wolf_retail_Toshia,124,spike,1,subtle,4,354.7456702313118,True,2.0,0.5,257.0441380631554
HOW-profile(global-MAD),Fox_education_Henrietta,124,schedule,3,obvious,192,60.315560882006025,True,0.0,0.11458333333333333,671.827780441003
HOW-profile(global-MAD),Fox_education_Henrietta,124,spike,3,obvious,4,167.26170856365857,True,1.0,0.75,147.73170856365857
HOW-profile(global-MAD),Fox_education_Henrietta,124,spike,1,subtle,5,78.18136394771389,True,3.0,0.4,37.83670516102384
HOW-profile(global-MAD),Fox_education_Henrietta,124,schedule,3,obvious,144,183.66365980408142,False,,0.0,184.40802575282686
HOW-profile(global-MAD),Fox_education_Henrietta,124,drift,1,subtle,216,520.3709604977303,True,119.0,0.013888888888888888,2285.478385009902
HOW-profile(global-MAD),Fox_education_Henrietta,124,spike,2,moderate,1,61.819841831657534,True,0.0,1.0,62.934841831657536
HOW-profile(global-MAD),Fox_retail_Manie,124,spike,3,obvious,3,360.30977822599573,True,1.0,0.6666666666666666,311.84977822599575
HOW-profile(global-MAD),Fox_retail_Manie,124,schedule,3,obvious,192,705.5814088582074,True,0.0,0.22916666666666666,2242.5656401352435
HOW-profile(global-MAD),Fox_retail_Manie,124,spike,3,obvious,5,598.2254276518972,True,2.0,0.6,558.945427651897
HOW-profile(global-MAD),Fox_retail_Manie,124,drift,2,moderate,168,1941.7014736338524,True,6.0,0.19642857142857142,2908.37391409149
HOW-profile(global-MAD),Fox_retail_Manie,124,spike,1,subtle,3,155.21794966966723,True,2.0,0.3333333333333333,90.51676351378529
HOW-profile(global-MAD),Fox_retail_Manie,124,schedule,3,obvious,96,172.62577698158896,True,15.0,0.14583333333333334,839.3356413892254
HOW-profile(global-MAD),Hog_education_Bruno,124,drift,3,obvious,264,46417.54410572455,True,7.0,0.7878787878787878,46488.48991110774
HOW-profile(global-MAD),Hog_education_Bruno,124,drift,1,subtle,216,9812.30313173102,False,,0.0,10613.717986548276
HOW-profile(global-MAD),Hog_education_Bruno,124,drift,2,moderate,120,6595.295146158791,True,19.0,0.6166666666666667,6049.144154652606
HOW-profile(global-MAD),Hog_education_Bruno,124,spike,1,subtle,5,299.2891721906774,False,,0.0,292.53317219067753
HOW-profile(global-MAD),Hog_education_Bruno,124,drift,1,subtle,216,8137.5103929530915,False,,0.0,8973.52404181322
HOW-profile(global-MAD),Hog_education_Bruno,124,spike,1,subtle,4,291.6501178934577,False,,0.0,300.40311789345765
HOW-profile(global-MAD),Hog_education_Caridad,124,drift,2,moderate,120,26559.114233147702,True,28.0,0.625,13672.404267300335
HOW-profile(global-MAD),Hog_education_Caridad,124,schedule,2,moderate,168,5586.936543560644,True,111.0,0.02976190476190476,45.66599999999994
HOW-profile(global-MAD),Hog_education_Caridad,124,drift,1,subtle,192,28961.841270979025,True,109.0,0.3072916666666667,14311.986869261551
HOW-profile(global-MAD),Hog_education_Caridad,124,spike,1,subtle,1,3232.119287388384,False,,0.0,2769.3752873883836
HOW-profile(global-MAD),Hog_education_Caridad,124,schedule,3,obvious,96,7326.264039132635,False,,0.0,466.45075942045924
HOW-profile(global-MAD),Hog_education_Caridad,124,spike,1,subtle,4,6005.765793875593,True,1.0,0.75,6288.003793875593
HOW-profile(global-MAD),Hog_education_Josh,124,spike,1,subtle,5,594.6326420608618,True,4.0,0.2,512.2496420608618
HOW-profile(global-MAD),Hog_education_Josh,124,schedule,2,moderate,96,1475.452371600362,False,,0.0,136.46655283094563
HOW-profile(global-MAD),Hog_education_Josh,124,drift,3,obvious,192,16691.47805798628,True,33.0,0.3229166666666667,23436.70405798628
HOW-profile(global-MAD),Hog_education_Josh,124,spike,3,obvious,3,765.3532648336346,True,1.0,0.6666666666666666,889.8927648336347
HOW-profile(global-MAD),Hog_education_Josh,124,spike,3,obvious,3,668.1453240628807,True,0.0,1.0,922.1953240628808
HOW-profile(global-MAD),Hog_education_Josh,124,drift,1,subtle,168,2891.321119750779,True,19.0,0.03571428571428571,14551.620619750778
HOW-profile(global-MAD),Hog_education_Luvenia,124,drift,3,obvious,168,36139.97417896839,True,0.0,0.9226190476190477,40173.02217896839
HOW-profile(global-MAD),Hog_education_Luvenia,124,drift,1,subtle,192,8901.64724636137,False,,0.0,2684.2118571195283
HOW-profile(global-MAD),Hog_education_Luvenia,124,drift,3,obvious,288,107739.74583786631,True,75.0,0.5486111111111112,98312.19436613006
HOW-profile(global-MAD),Hog_education_Luvenia,124,drift,3,obvious,120,16462.105680988763,False,,0.0,16052.28510606135
HOW-profile(global-MAD),Hog_education_Luvenia,124,spike,2,moderate,4,909.4970148676152,False,,0.0,1088.5990148676156
HOW-profile(global-MAD),Hog_education_Luvenia,124,drift,3,obvious,144,25989.04317118203,True,125.0,0.13194444444444445,28714.577171182034
HOW-profile(global-MAD),Hog_office_Almeda,124,schedule,3,obvious,144,687.7865728908646,True,19.0,0.006944444444444444,1142.9845728908647
HOW-profile(global-MAD),Hog_office_Almeda,124,schedule,2,moderate,120,80.57674715737826,True,74.0,0.175,1459.750611226807
HOW-profile(global-MAD),Hog_office_Almeda,124,drift,1,subtle,288,2065.7478398767325,True,16.0,0.059027777777777776,2714.8739926883336
HOW-profile(global-MAD),Hog_office_Almeda,124,spike,3,obvious,4,433.52703801649193,True,1.0,0.75,498.6820380164919
HOW-profile(global-MAD),Hog_office_Almeda,124,spike,3,obvious,4,417.9640816562538,True,1.0,0.75,416.85808165625383
HOW-profile(global-MAD),Hog_office_Almeda,124,spike,2,moderate,2,136.54824351694936,True,1.0,0.5,172.43574351694937
HOW-profile(global-MAD),Hog_office_Cortney,124,spike,2,moderate,3,357.681035451082,True,1.0,0.6666666666666666,340.448035451082
HOW-profile(global-MAD),Hog_office_Cortney,124,spike,3,obvious,5,867.3573209702461,True,1.0,0.8,952.6043209702461
HOW-profile(global-MAD),Hog_office_Cortney,124,spike,1,subtle,5,408.4063300315772,True,1.0,0.8,389.9808300315773
HOW-profile(global-MAD),Hog_office_Cortney,124,spike,2,moderate,1,272.95887519299555,True,0.0,1.0,267.82137519299556
HOW-profile(global-MAD),Hog_office_Cortney,124,schedule,3,obvious,120,371.5476152277705,True,0.0,0.08333333333333333,346.96814706551345
HOW-profile(global-MAD),Hog_office_Cortney,124,spike,1,subtle,1,181.02968838654505,True,0.0,1.0,177.35118838654506
HOW-profile(global-MAD),Hog_office_Denita,124,schedule,3,obvious,192,911.8087205658233,True,1.0,0.036458333333333336,852.0278336167557
HOW-profile(global-MAD),Hog_office_Denita,124,schedule,2,moderate,120,221.43335855207079,False,,0.0,15.574313322364176
HOW-profile(global-MAD),Hog_office_Denita,124,drift,1,subtle,264,2914.5363022298425,True,256.0,0.003787878787878788,2382.5296991755367
HOW-profile(global-MAD),Hog_office_Denita,124,schedule,2,moderate,120,364.88929710752984,False,,0.0,451.3657393360735
HOW-profile(global-MAD),Hog_office_Denita,124,drift,3,obvious,144,2702.7509967910933,False,,0.0,2460.8418526323185
HOW-profile(global-MAD),Hog_office_Denita,124,spike,3,obvious,5,636.4034244866059,True,0.0,1.0,693.665424486606
HOW-profile(global-MAD),Hog_office_Garrett,124,drift,1,subtle,192,5556.152288561812,False,,0.0,5453.5142461802525
HOW-profile(global-MAD),Hog_office_Garrett,124,schedule,3,obvious,192,6469.905965881119,False,,0.0,6305.329331150542
HOW-profile(global-MAD),Hog_office_Garrett,124,drift,1,subtle,120,2425.0334129518105,True,88.0,0.008333333333333333,1161.5309822227587
HOW-profile(global-MAD),Hog_office_Garrett,124,spike,3,obvious,3,2491.689618857125,True,1.0,0.6666666666666666,2606.655618857125
HOW-profile(global-MAD),Hog_office_Garrett,124,drift,1,subtle,312,26591.048645774314,True,84.0,0.17307692307692307,21217.295140359947
HOW-profile(global-MAD),Hog_office_Garrett,124,spike,1,subtle,3,934.2433043536314,True,1.0,0.6666666666666666,958.3463043536312
HOW-profile(global-MAD),Hog_office_Lavon,124,drift,1,subtle,168,350.1790514100819,False,,0.0,5824.047486532786
HOW-profile(global-MAD),Hog_office_Lavon,124,drift,3,obvious,216,2544.700922092341,False,,0.0,63814.537125482675
HOW-profile(global-MAD),Hog_office_Lavon,124,spike,3,obvious,4,7791.569566645738,True,1.0,0.75,8753.216566645737
HOW-profile(global-MAD),Hog_office_Lavon,124,drift,2,moderate,240,1571.1852408501998,True,0.0,0.12916666666666668,1776.2304908501997
HOW-profile(global-MAD),Hog_office_Lavon,124,spike,1,subtle,3,2562.0763129709776,True,1.0,0.6666666666666666,3381.3703129709775
HOW-profile(global-MAD),Hog_office_Lavon,124,spike,2,moderate,3,3484.1998013300895,True,1.0,0.6666666666666666,4277.507051330089
HOW-profile(global-MAD),Hog_office_Merilyn,124,spike,2,moderate,1,50.65190585486498,True,0.0,1.0,45.39940585486498
HOW-profile(global-MAD),Hog_office_Merilyn,124,schedule,3,obvious,216,152.38178728386578,True,184.0,0.004629629629629629,1094.228482295338
HOW-profile(global-MAD),Hog_office_Merilyn,124,drift,3,obvious,120,1338.0795839605812,True,48.0,0.4666666666666667,600.1027346276646
HOW-profile(global-MAD),Hog_office_Merilyn,124,spike,2,moderate,2,45.062402681060725,True,1.0,0.5,35.479402681060726
HOW-profile(global-MAD),Hog_office_Merilyn,124,spike,3,obvious,2,85.3039948781363,False,,0.0,95.5279948781363
HOW-profile(global-MAD),Hog_office_Merilyn,124,schedule,3,obvious,96,77.01120943656545,False,,0.0,176.51
HOW-profile(global-MAD),Hog_office_Miriam,124,spike,3,obvious,2,64.35778551681808,True,1.0,0.5,63.51978551681809
HOW-profile(global-MAD),Hog_office_Miriam,124,drift,2,moderate,144,710.5379465954393,True,16.0,0.2569444444444444,812.0331173877837
HOW-profile(global-MAD),Hog_office_Miriam,124,drift,2,moderate,264,2505.2621881358136,True,26.0,0.041666666666666664,2036.4329459890737
HOW-profile(global-MAD),Hog_office_Miriam,124,schedule,2,moderate,192,28.96860913554888,False,,0.0,290.2860812180732
HOW-profile(global-MAD),Hog_office_Miriam,124,spike,1,subtle,4,54.73908505905362,False,,0.0,49.401085059053635
HOW-profile(global-MAD),Hog_office_Miriam,124,drift,3,obvious,216,2729.9115140571216,False,,0.0,2467.3095206735857
HOW-profile(global-MAD),Hog_office_Napoleon,124,drift,2,moderate,120,2540.854333607559,True,52.0,0.24166666666666667,2123.1221173359418
HOW-profile(global-MAD),Hog_office_Napoleon,124,spike,3,obvious,4,551.9924978736196,True,1.0,0.75,549.8874978736197
HOW-profile(global-MAD),Hog_office_Napoleon,124,drift,3,obvious,312,31153.419467939406,True,27.0,0.5192307692307693,29030.587831750097
HOW-profile(global-MAD),Hog_office_Napoleon,124,spike,3,obvious,2,273.4514251683141,True,1.0,0.5,261.6759251683141
HOW-profile(global-MAD),Hog_office_Napoleon,124,spike,3,obvious,2,327.44329958523474,False,,0.0,360.5272995852347
HOW-profile(global-MAD),Hog_office_Napoleon,124,spike,3,obvious,2,305.2755175273484,True,1.0,0.5,322.56251752734846
HOW-profile(global-MAD),Hog_office_Shawna,124,spike,3,obvious,5,1539.5136699261304,True,1.0,0.8,1517.0436699261306
HOW-profile(global-MAD),Hog_office_Shawna,124,spike,2,moderate,3,657.8599513082542,True,1.0,0.6666666666666666,643.2499513082541
HOW-profile(global-MAD),Hog_office_Shawna,124,drift,2,moderate,216,9750.165846063275,True,62.0,0.19907407407407407,11501.318598518208
HOW-profile(global-MAD),Hog_office_Shawna,124,drift,1,subtle,192,3460.430783507374,True,137.0,0.109375,4726.228965643533
HOW-profile(global-MAD),Hog_office_Shawna,124,drift,2,moderate,192,8020.109920496582,True,115.0,0.020833333333333332,10642.934185831047
HOW-profile(global-MAD),Hog_office_Shawna,124,drift,3,obvious,288,37201.3147175408,True,29.0,0.04861111111111111,42414.19054947408
HOW-profile(global-MAD),Hog_office_Shawnna,124,schedule,2,moderate,192,2686.9850695181667,False,,0.0,1993.389393110532
HOW-profile(global-MAD),Hog_office_Shawnna,124,schedule,2,moderate,192,2339.9254203213586,False,,0.0,1397.7469589591055
HOW-profile(global-MAD),Hog_office_Shawnna,124,spike,3,obvious,4,2756.7676249264605,True,1.0,0.75,2525.5566249264607
HOW-profile(global-MAD),Hog_office_Shawnna,124,spike,2,moderate,3,1509.4132712336545,True,2.0,0.3333333333333333,1243.0117712336544
HOW-profile(global-MAD),Hog_office_Shawnna,124,drift,2,moderate,312,70147.64740535856,True,104.0,0.016025641025641024,53501.491356530285
HOW-profile(global-MAD),Hog_office_Shawnna,124,drift,3,obvious,168,34606.77408644281,True,136.0,0.08333333333333333,19069.125841387744
HOW-profile(global-MAD),Hog_office_Sherrie,124,drift,1,subtle,144,299.9499753120218,False,,0.0,315.1434095193435
HOW-profile(global-MAD),Hog_office_Sherrie,124,drift,1,subtle,288,1723.6191147775007,True,48.0,0.03125,1869.7226063130458
HOW-profile(global-MAD),Hog_office_Sherrie,124,drift,3,obvious,240,5648.538585258806,True,8.0,0.6458333333333334,5982.422405858097
HOW-profile(global-MAD),Hog_office_Sherrie,124,schedule,2,moderate,144,4.347234852761044,True,104.0,0.04861111111111111,199.046
HOW-profile(global-MAD),Hog_office_Sherrie,124,schedule,3,obvious,144,343.59874707536767,False,,0.0,480.7410043471301
HOW-profile(global-MAD),Hog_office_Sherrie,124,spike,1,subtle,3,99.29138806902563,False,,0.0,95.70788806902563
HOW-profile(global-MAD),Hog_office_Shon,124,drift,1,subtle,192,2182.037256465568,True,128.0,0.015625,3352.1228989985525
HOW-profile(global-MAD),Hog_office_Shon,124,spike,2,moderate,1,151.8227361048974,True,0.0,1.0,132.9747361048974
HOW-profile(global-MAD),Hog_office_Shon,124,schedule,3,obvious,144,879.862336287282,True,108.0,0.006944444444444444,1506.0023889628942
HOW-profile(global-MAD),Hog_office_Shon,124,schedule,3,obvious,192,1117.8231857134415,False,,0.0,2311.2326198404726
HOW-profile(global-MAD),Hog_office_Shon,124,drift,2,moderate,192,3701.5660588324213,True,58.0,0.328125,4207.446914332948
HOW-profile(global-MAD),Hog_office_Shon,124,drift,2,moderate,144,2737.1461577962623,False,,0.0,951.6326419567728
HOW-profile(global-MAD),Hog_office_Sydney,124,drift,1,subtle,288,8119.592526843504,True,19.0,0.14930555555555555,6232.483500506569
HOW-profile(global-MAD),Hog_office_Sydney,124,spike,1,subtle,5,196.46583991897998,False,,0.0,184.61583991898004
HOW-profile(global-MAD),Hog_office_Sydney,124,spike,1,subtle,1,85.70597551646374,True,0.0,1.0,59.45497551646372
HOW-profile(global-MAD),Hog_office_Sydney,124,spike,2,moderate,1,131.22745681677335,False,,0.0,114.12045681677334
HOW-profile(global-MAD),Hog_office_Sydney,124,spike,2,moderate,1,148.69647404756202,True,0.0,1.0,137.03647404756202
HOW-profile(global-MAD),Hog_office_Sydney,124,spike,2,moderate,2,174.68537972142465,True,1.0,0.5,156.7363797214247
HOW-profile(global-MAD),Hog_office_Valda,124,drift,2,moderate,264,2857.1177976370764,True,51.0,0.42045454545454547,2548.627444149781
HOW-profile(global-MAD),Hog_office_Valda,124,spike,3,obvious,1,146.1924647334952,True,0.0,1.0,148.47946473349523
HOW-profile(global-MAD),Hog_office_Valda,124,drift,3,obvious,264,4547.513835535305,True,29.0,0.32575757575757575,4617.3788355353045
HOW-profile(global-MAD),Hog_office_Valda,124,spike,2,moderate,1,90.96816539874969,True,0.0,1.0,90.34516539874967
HOW-profile(global-MAD),Hog_office_Valda,124,schedule,3,obvious,192,295.3654460515271,True,164.0,0.015625,913.5178179938936
HOW-profile(global-MAD),Hog_office_Valda,124,schedule,3,obvious,72,129.23500259287323,True,63.0,0.125,457.2265025928732
HOW-profile(global-MAD),Lamb_education_Armando,124,schedule,3,obvious,168,42.351505729948684,False,,0.0,1224.75152526373
HOW-profile(global-MAD),Lamb_education_Armando,124,drift,2,moderate,264,3545.686108845367,True,51.0,0.026515151515151516,7885.836108845368
HOW-profile(global-MAD),Lamb_education_Armando,124,drift,2,moderate,120,581.1700915763748,False,,0.0,111.11481531109555
HOW-profile(global-MAD),Lamb_education_Armando,124,drift,3,obvious,192,3408.2489944527274,True,37.0,0.19791666666666666,5136.083218135669
HOW-profile(global-MAD),Lamb_education_Armando,124,spike,2,moderate,1,221.83527427775363,True,0.0,1.0,223.3352742777536
HOW-profile(global-MAD),Lamb_education_Armando,124,schedule,3,obvious,96,36.35899298629825,False,,0.0,694.9974521963443
HOW-profile(global-MAD),Lamb_education_Eula,124,drift,3,obvious,216,124.56056570809537,True,16.0,0.18981481481481483,155.65466024646287
HOW-profile(global-MAD),Lamb_education_Eula,124,spike,1,subtle,3,9.411480791510446,True,1.0,0.6666666666666666,9.711480791510446
HOW-profile(global-MAD),Lamb_education_Eula,124,drift,2,moderate,264,116.57449026741199,False,,0.0,87.50076697581363
HOW-profile(global-MAD),Lamb_education_Eula,124,spike,2,moderate,2,8.906459358942762,True,1.0,0.5,10.106459358942761
HOW-profile(global-MAD),Lamb_education_Eula,124,spike,3,obvious,2,15.085603107142502,True,1.0,0.5,15.285603107142505
HOW-profile(global-MAD),Lamb_education_Eula,124,drift,2,moderate,240,67.55719881227861,True,44.0,0.020833333333333332,247.84504798982823
HOW-profile(global-MAD),Lamb_education_Lazaro,124,drift,1,subtle,192,461.23669069021577,False,,0.0,1158.230861679369
HOW-profile(global-MAD),Lamb_education_Lazaro,124,spike,3,obvious,4,400.82250918666176,True,3.0,0.25,197.08329137141902
HOW-profile(global-MAD),Lamb_education_Lazaro,124,drift,1,subtle,240,604.235159033965,True,138.0,0.004166666666666667,323.26771905784506
HOW-profile(global-MAD),Lamb_education_Lazaro,124,drift,2,moderate,144,497.9093626321239,False,,0.0,778.5268512494292
HOW-profile(global-MAD),Lamb_education_Lazaro,124,spike,2,moderate,5,323.27785981812565,True,2.0,0.6,266.3662598181256
HOW-profile(global-MAD),Lamb_education_Lazaro,124,spike,3,obvious,1,216.09390823268618,True,0.0,1.0,220.1939082326862
HOW-profile(global-MAD),Lamb_education_Lucas,124,drift,3,obvious,240,801.2582428094648,True,63.0,0.175,1062.0913984165784
HOW-profile(global-MAD),Lamb_education_Lucas,124,schedule,3,obvious,120,44.89451201081894,True,108.0,0.008333333333333333,35.271314063218966
HOW-profile(global-MAD),Lamb_education_Lucas,124,spike,3,obvious,5,133.8321468000379,True,2.0,0.6,132.64114680003786
HOW-profile(global-MAD),Lamb_education_Lucas,124,drift,3,obvious,144,273.9606663738274,True,49.0,0.2777777777777778,431.56520302930386
HOW-profile(global-MAD),Lamb_education_Lucas,124,spike,3,obvious,5,142.6454074837294,True,1.0,0.8,141.38140748372942
HOW-profile(global-MAD),Lamb_education_Lucas,124,drift,1,subtle,120,38.67614445359179,True,20.0,0.225,205.49363958005134
HOW-profile(global-MAD),Lamb_education_Mae,124,spike,1,subtle,5,323.07918229430084,True,0.0,0.8,364.7291822943008
HOW-profile(global-MAD),Lamb_education_Mae,124,spike,2,moderate,4,516.0264638666401,True,2.0,0.5,523.1764638666401
HOW-profile(global-MAD),Lamb_education_Mae,124,drift,2,moderate,240,3932.5231562095887,True,51.0,0.275,7106.125771119268
HOW-profile(global-MAD),Lamb_education_Mae,124,spike,2,moderate,2,212.59441880931385,True,1.0,0.5,208.27401880931384
HOW-profile(global-MAD),Lamb_education_Mae,124,drift,3,obvious,144,2958.7246626678852,False,,0.0,1606.9847529525186
HOW-profile(global-MAD),Lamb_education_Mae,124,spike,1,subtle,1,162.31276356035605,True,0.0,1.0,211.81276356035607
HOW-profile(global-MAD),Lamb_education_Williams,124,drift,1,subtle,264,746.3809443232789,True,19.0,0.13636363636363635,1816.2183962503736
HOW-profile(global-MAD),Lamb_education_Williams,124,drift,1,subtle,240,639.2960181545328,True,150.0,0.07916666666666666,1520.0566799207336
HOW-profile(global-MAD),Lamb_education_Williams,124,drift,3,obvious,312,4579.005177313596,True,26.0,0.0641025641025641,3754.9328471127637
HOW-profile(global-MAD),Lamb_education_Williams,124,schedule,3,obvious,168,245.34222782811088,True,69.0,0.05952380952380952,781.1449179727624
HOW-profile(global-MAD),Lamb_education_Williams,124,spike,1,subtle,4,225.11065302241795,True,2.0,0.5,225.41065302241796
HOW-profile(global-MAD),Lamb_education_Williams,124,schedule,2,moderate,216,120.36486662932188,True,21.0,0.11574074074074074,1456.8737125917628
HOW-profile(global-MAD),Lamb_office_Caitlin,124,spike,2,moderate,2,287.84152497083744,True,1.0,0.5,285.14152497083745
HOW-profile(global-MAD),Lamb_office_Caitlin,124,drift,1,subtle,144,174.86513893786412,False,,0.0,18.743694548172734
HOW-profile(global-MAD),Lamb_office_Caitlin,124,schedule,1,subtle,72,45.94439519567189,False,,0.0,0.0
HOW-profile(global-MAD),Lamb_office_Caitlin,124,drift,3,obvious,192,1366.1223200641446,True,92.0,0.125,2448.807373493656
HOW-profile(global-MAD),Lamb_office_Caitlin,124,spike,3,obvious,3,499.75478148973514,False,,0.0,388.4547814897351
HOW-profile(global-MAD),Lamb_office_Caitlin,124,spike,3,obvious,5,914.2945579554216,True,1.0,0.8,899.1945579554216
HOW-profile(global-MAD),Lamb_office_Velma,124,spike,2,moderate,5,712.063480372273,True,2.0,0.6,762.8634803722732
HOW-profile(global-MAD),Lamb_office_Velma,124,schedule,2,moderate,192,5.02976783064522,False,,0.0,2360.8
HOW-profile(global-MAD),Lamb_office_Velma,124,spike,1,subtle,4,402.868816575697,True,1.0,0.75,467.868816575697
HOW-profile(global-MAD),Lamb_office_Velma,124,spike,2,moderate,5,716.8389665969552,True,2.0,0.6,692.0389665969551
HOW-profile(global-MAD),Lamb_office_Velma,124,drift,2,moderate,168,3639.54112623905,True,10.0,0.15476190476190477,6179.091126239051
HOW-profile(global-MAD),Lamb_office_Velma,124,drift,3,obvious,168,7579.385515407095,True,16.0,0.21428571428571427,9513.435515407094
HOW-profile(global-MAD),Rat_retail_Jeffrey,124,spike,1,subtle,5,291.60367573257804,True,2.0,0.6,250.77367573257803
HOW-profile(global-MAD),Rat_retail_Jeffrey,124,spike,2,moderate,4,475.52021965664414,True,1.0,0.75,484.6802196566441
HOW-profile(global-MAD),Rat_retail_Jeffrey,124,drift,2,moderate,144,2154.4490308847585,True,26.0,0.1111111111111111,3217.5423830349046
HOW-profile(global-MAD),Rat_retail_Jeffrey,124,spike,1,subtle,1,138.38502458085736,True,0.0,1.0,149.56002458085734
HOW-profile(global-MAD),Rat_retail_Jeffrey,124,drift,1,subtle,120,610.2952989490467,True,76.0,0.058333333333333334,870.5134605269159
HOW-profile(global-MAD),Rat_retail_Jeffrey,124,spike,3,obvious,3,473.61949934562676,True,1.0,0.6666666666666666,513.7144993456268
HOW-profile(global-MAD),Robin_education_Zenia,124,drift,1,subtle,312,9085.837298458526,False,,0.0,27947.243998458525
HOW-profile(global-MAD),Robin_education_Zenia,124,drift,3,obvious,264,29233.784782501494,True,121.0,0.3977272727272727,46492.9920825015
HOW-profile(global-MAD),Robin_education_Zenia,124,drift,3,obvious,216,19698.159837123923,True,60.0,0.6574074074074074,34623.52338712393
HOW-profile(global-MAD),Robin_education_Zenia,124,spike,3,obvious,1,234.24180318846012,False,,0.0,298.04180318846016
HOW-profile(global-MAD),Robin_education_Zenia,124,drift,2,moderate,192,8507.294132048073,True,109.0,0.08333333333333333,19911.467132048077
HOW-profile(global-MAD),Robin_education_Zenia,124,spike,1,subtle,1,103.78091077838481,False,,0.0,174.85591077838478
HOW-profile(global-MAD),Robin_office_Dina,124,drift,1,subtle,312,1671.5645498087358,True,7.0,0.20512820512820512,2906.0617969205446
HOW-profile(global-MAD),Robin_office_Dina,124,spike,3,obvious,2,76.99172519770566,True,1.0,0.5,84.99172519770566
HOW-profile(global-MAD),Robin_office_Dina,124,drift,2,moderate,168,1361.1516267334248,True,11.0,0.2619047619047619,1644.4729926984405
HOW-profile(global-MAD),Robin_office_Dina,124,spike,1,subtle,3,54.39925792780521,True,1.0,0.6666666666666666,56.39925792780521
HOW-profile(global-MAD),Robin_office_Dina,124,spike,3,obvious,3,106.22402211052074,True,1.0,0.6666666666666666,108.22402211052072
HOW-profile(global-MAD),Robin_office_Dina,124,spike,2,moderate,4,100.90720420303032,True,1.0,0.75,121.15720420303032
HOW-profile(global-MAD),Robin_office_Sammie,124,drift,2,moderate,240,8193.376963553696,True,75.0,0.004166666666666667,8479.348494360207
HOW-profile(global-MAD),Robin_office_Sammie,124,spike,2,moderate,5,264.22219886949006,False,,0.0,230.0405988694901
HOW-profile(global-MAD),Robin_office_Sammie,124,drift,2,moderate,120,2188.0140383288563,True,35.0,0.21666666666666667,2943.1960208056953
HOW-profile(global-MAD),Robin_office_Sammie,124,spike,3,obvious,4,325.76388530020796,True,1.0,0.75,325.24458530020786
HOW-profile(global-MAD),Robin_office_Sammie,124,drift,3,obvious,216,10950.46293039176,True,17.0,0.6666666666666666,9631.433979725287
HOW-profile(global-MAD),Robin_office_Sammie,124,schedule,2,moderate,216,283.6852349670226,False,,0.0,933.0805309415512
HOW-profile(global-MAD),Shrew_office_Doris,124,spike,3,obvious,4,967.677461342442,True,2.0,0.5,892.5774613424421
HOW-profile(global-MAD),Shrew_office_Doris,124,drift,2,moderate,216,13274.214899719289,True,13.0,0.5324074074074074,14358.956393195163
HOW-profile(global-MAD),Shrew_office_Doris,124,drift,3,obvious,192,16874.680037500937,True,19.0,0.7291666666666666,19154.780037500936
HOW-profile(global-MAD),Shrew_office_Doris,124,drift,2,moderate,288,21097.276446337128,False,,0.0,20545.536126205036
HOW-profile(global-MAD),Shrew_office_Doris,124,spike,3,obvious,5,1269.3416243658435,True,2.0,0.6,1225.7416243658433
HOW-profile(global-MAD),Shrew_office_Doris,124,spike,1,subtle,5,492.6340337493294,True,3.0,0.4,450.58403374932936
HOW-profile(global-MAD),Shrew_office_Ila,124,drift,1,subtle,216,2996.99212687992,True,34.0,0.027777777777777776,3621.2553992585754
HOW-profile(global-MAD),Shrew_office_Ila,124,drift,3,obvious,216,17305.03319043162,False,,0.0,16530.846026226514
HOW-profile(global-MAD),Shrew_office_Ila,124,spike,3,obvious,4,725.0771146387649,True,1.0,0.75,748.7771146387649
HOW-profile(global-MAD),Shrew_office_Ila,124,spike,1,subtle,2,146.5948962159231,True,1.0,0.5,170.1948962159231
HOW-profile(global-MAD),Shrew_office_Ila,124,drift,2,moderate,144,4621.5561975259025,False,,0.0,5422.679946540273
HOW-profile(global-MAD),Shrew_office_Ila,124,spike,3,obvious,4,673.7401307453438,True,1.0,0.75,790.9401307453438
HOW-profile(global-MAD),Shrew_office_Kenneth,124,drift,2,moderate,192,1498.5085912518607,True,14.0,0.3072916666666667,3141.4585912518605
HOW-profile(global-MAD),Shrew_office_Kenneth,124,drift,3,obvious,192,2842.3791870818204,True,43.0,0.34375,981.6283949791236
HOW-profile(global-MAD),Shrew_office_Kenneth,124,spike,2,moderate,2,90.89096949254512,True,1.0,0.5,81.14096949254512
HOW-profile(global-MAD),Shrew_office_Kenneth,124,spike,1,subtle,1,62.498642336023934,True,0.0,1.0,68.79864233602393
HOW-profile(global-MAD),Shrew_office_Kenneth,124,spike,3,obvious,5,300.9768943363502,True,1.0,0.8,268.57689433635016
HOW-profile(global-MAD),Shrew_office_Kenneth,124,spike,1,subtle,5,132.02422580194082,True,2.0,0.6,146.07422580194083
HOW-profile(global-MAD),Shrew_office_Nora,124,drift,3,obvious,168,13959.850749005422,True,20.0,0.8214285714285714,14192.709429064189
HOW-profile(global-MAD),Shrew_office_Nora,124,spike,1,subtle,2,260.69750787688605,True,1.0,0.5,262.49750787688606
HOW-profile(global-MAD),Shrew_office_Nora,124,drift,1,subtle,216,4665.425658313194,True,24.0,0.06018518518518518,4611.303050582468
HOW-profile(global-MAD),Shrew_office_Nora,124,drift,3,obvious,240,26280.58367879771,True,0.0,0.8041666666666667,26028.217340454656
HOW-profile(global-MAD),Shrew_office_Nora,124,spike,1,subtle,5,548.8590061520682,True,1.0,0.8,525.7590061520682
HOW-profile(global-MAD),Shrew_office_Nora,124,spike,2,moderate,2,390.28208907425113,True,1.0,0.5,387.5820890742512
HOW-profile(global-MAD),Shrew_office_Sherill,124,spike,3,obvious,3,1285.7986614249328,True,1.0,0.6666666666666666,1074.7986614249328
HOW-profile(global-MAD),Shrew_office_Sherill,124,drift,2,moderate,120,6816.240253363444,True,21.0,0.48333333333333334,7109.940718238582
HOW-profile(global-MAD),Shrew_office_Sherill,124,spike,1,subtle,4,809.928865577001,True,2.0,0.5,412.92886557700103
HOW-profile(global-MAD),Shrew_office_Sherill,124,drift,3,obvious,168,19918.04479791922,True,78.0,0.20833333333333334,21568.644797919223
HOW-profile(global-MAD),Shrew_office_Sherill,124,spike,1,subtle,5,982.0393289635585,False,,0.0,790.0393289635585
HOW-profile(global-MAD),Shrew_office_Sherill,124,spike,3,obvious,3,1418.5189408034698,True,1.0,0.6666666666666666,1359.7689408034698
HOW-profile(global-MAD),Wolf_office_Darleen,124,drift,3,obvious,216,4246.600657922468,True,212.0,0.018518518518518517,1911.9508815476784
HOW-profile(global-MAD),Wolf_office_Darleen,124,drift,3,obvious,240,4976.241380732559,True,31.0,0.0875,5934.894096726729
HOW-profile(global-MAD),Wolf_office_Darleen,124,spike,3,obvious,3,254.48626821207995,True,1.0,0.6666666666666666,253.48626821207995
HOW-profile(global-MAD),Wolf_office_Darleen,124,schedule,3,obvious,216,98.90988369231172,True,34.0,0.041666666666666664,1134.159181529546
HOW-profile(global-MAD),Wolf_office_Darleen,124,spike,2,moderate,5,263.59770868297966,True,1.0,0.8,247.09770868297966
HOW-profile(global-MAD),Wolf_office_Darleen,124,drift,3,obvious,192,3387.5794404471744,True,0.0,0.859375,3214.3874194322266
HOW-profile(global-MAD),Wolf_retail_Harriett,124,spike,1,subtle,3,109.46943691528074,False,,0.0,138.76943691528075
HOW-profile(global-MAD),Wolf_retail_Harriett,124,drift,2,moderate,216,3442.80368568748,True,41.0,0.25925925925925924,4336.91102950273
HOW-profile(global-MAD),Wolf_retail_Harriett,124,spike,2,moderate,1,118.095825507048,True,0.0,1.0,131.067075507048
HOW-profile(global-MAD),Wolf_retail_Harriett,124,spike,2,moderate,1,95.23365086904356,True,0.0,1.0,101.07615086904359
HOW-profile(global-MAD),Wolf_retail_Harriett,124,drift,1,subtle,168,915.2694268515739,False,,0.0,2143.9617593034436
HOW-profile(global-MAD),Wolf_retail_Harriett,124,schedule,2,moderate,120,16.811704598329925,False,,0.0,437.74541666666664
HOW-profile(global-MAD),Wolf_retail_Marcella,124,drift,1,subtle,120,77.19480955887502,True,45.0,0.008333333333333333,213.41098676185246
HOW-profile(global-MAD),Wolf_retail_Marcella,124,spike,3,obvious,4,54.744085512607896,True,0.0,1.0,78.45908551260788
HOW-profile(global-MAD),Wolf_retail_Marcella,124,drift,3,obvious,216,805.9237291893736,True,14.0,0.09722222222222222,1107.1722797877621
HOW-profile(global-MAD),Wolf_retail_Marcella,124,drift,2,moderate,144,245.1612452558267,True,0.0,0.4444444444444444,318.5617662398868
HOW-profile(global-MAD),Wolf_retail_Marcella,124,spike,1,subtle,1,15.299112680094524,True,0.0,1.0,14.737862680094524
HOW-profile(global-MAD),Wolf_retail_Marcella,124,drift,1,subtle,240,161.5415176515241,True,0.0,0.075,349.51022842699905
HOW-profile(global-MAD),Wolf_retail_Toshia,124,spike,3,obvious,4,813.8222848184951,True,1.0,0.75,778.0097848184951
HOW-profile(global-MAD),Wolf_retail_Toshia,124,spike,3,obvious,5,1170.5817793556578,True,1.0,0.8,1171.014279355658
HOW-profile(global-MAD),Wolf_retail_Toshia,124,schedule,3,obvious,120,146.55404856680667,True,96.0,0.075,2022.348586662745
HOW-profile(global-MAD),Wolf_retail_Toshia,124,schedule,3,obvious,72,196.04409342229565,False,,0.0,453.8317506097279
HOW-profile(global-MAD),Wolf_retail_Toshia,124,drift,1,subtle,216,1058.247230158493,False,,0.0,2169.083683972961
HOW-profile(global-MAD),Wolf_retail_Toshia,124,spike,1,subtle,4,354.7456702313118,True,2.0,0.5,257.0441380631554
PatchTST-SSL(HoD-cond),Fox_education_Henrietta,124,schedule,3,obvious,192,60.315560882006025,True,114.0,0.109375,1023.071718612055
PatchTST-SSL(HoD-cond),Fox_education_Henrietta,124,spike,3,obvious,4,167.26170856365857,True,2.0,0.5,130.75062743434867
PatchTST-SSL(HoD-cond),Fox_education_Henrietta,124,spike,1,subtle,5,78.18136394771389,True,4.0,0.2,16.365227253066617
PatchTST-SSL(HoD-cond),Fox_education_Henrietta,124,schedule,3,obvious,144,183.66365980408142,False,,0.0,540.4442975649293
PatchTST-SSL(HoD-cond),Fox_education_Henrietta,124,drift,1,subtle,216,520.3709604977303,True,130.0,0.004629629629629629,2790.8515119681333
PatchTST-SSL(HoD-cond),Fox_education_Henrietta,124,spike,2,moderate,1,61.819841831657534,True,0.0,1.0,62.09206390804465
PatchTST-SSL(HoD-cond),Fox_retail_Manie,124,spike,3,obvious,3,360.30977822599573,True,1.0,0.6666666666666666,435.0099490955472
PatchTST-SSL(HoD-cond),Fox_retail_Manie,124,schedule,3,obvious,192,705.5814088582074,True,65.0,0.125,2816.331379777445
PatchTST-SSL(HoD-cond),Fox_retail_Manie,124,spike,3,obvious,5,598.2254276518972,True,2.0,0.6,700.4734669156489
PatchTST-SSL(HoD-cond),Fox_retail_Manie,124,drift,2,moderate,168,1941.7014736338524,True,7.0,0.16071428571428573,3038.6447239849736
PatchTST-SSL(HoD-cond),Fox_retail_Manie,124,spike,1,subtle,3,155.21794966966723,True,2.0,0.3333333333333333,135.56779217576042
PatchTST-SSL(HoD-cond),Fox_retail_Manie,124,schedule,3,obvious,96,172.62577698158896,True,16.0,0.125,1447.1516593375177
PatchTST-SSL(HoD-cond),Hog_education_Bruno,124,drift,3,obvious,264,46417.54410572455,True,5.0,0.7765151515151515,51370.70390788342
PatchTST-SSL(HoD-cond),Hog_education_Bruno,124,drift,1,subtle,216,9812.30313173102,False,,0.0,14596.708155491702
PatchTST-SSL(HoD-cond),Hog_education_Bruno,124,drift,2,moderate,120,6595.295146158791,True,20.0,0.4083333333333333,8151.202903705056
PatchTST-SSL(HoD-cond),Hog_education_Bruno,124,spike,1,subtle,5,299.2891721906774,False,,0.0,435.9022776389505
PatchTST-SSL(HoD-cond),Hog_education_Bruno,124,drift,1,subtle,216,8137.5103929530915,False,,0.0,11965.140716599453
PatchTST-SSL(HoD-cond),Hog_education_Bruno,124,spike,1,subtle,4,291.6501178934577,False,,0.0,390.4113426530389
PatchTST-SSL(HoD-cond),Hog_education_Caridad,124,drift,2,moderate,120,26559.114233147702,False,,0.0,32265.37876904825
PatchTST-SSL(HoD-cond),Hog_education_Caridad,124,schedule,2,moderate,168,5586.936543560644,False,,0.0,5679.887582460415
PatchTST-SSL(HoD-cond),Hog_education_Caridad,124,drift,1,subtle,192,28961.841270979025,True,179.0,0.005208333333333333,38821.05131423272
PatchTST-SSL(HoD-cond),Hog_education_Caridad,124,spike,1,subtle,1,3232.119287388384,False,,0.0,2935.5334368917283
PatchTST-SSL(HoD-cond),Hog_education_Caridad,124,schedule,3,obvious,96,7326.264039132635,False,,0.0,14190.911430355065
PatchTST-SSL(HoD-cond),Hog_education_Caridad,124,spike,1,subtle,4,6005.765793875593,True,2.0,0.5,8114.614365949432
PatchTST-SSL(HoD-cond),Hog_education_Josh,124,spike,1,subtle,5,594.6326420608618,False,,0.0,473.5142852112806
PatchTST-SSL(HoD-cond),Hog_education_Josh,124,schedule,2,moderate,96,1475.452371600362,False,,0.0,371.5136362600606
PatchTST-SSL(HoD-cond),Hog_education_Josh,124,drift,3,obvious,192,16691.47805798628,True,20.0,0.3229166666666667,26325.323886829807
PatchTST-SSL(HoD-cond),Hog_education_Josh,124,spike,3,obvious,3,765.3532648336346,True,1.0,0.6666666666666666,890.2467604547321
PatchTST-SSL(HoD-cond),Hog_education_Josh,124,spike,3,obvious,3,668.1453240628807,True,1.0,0.6666666666666666,1113.740345930621
PatchTST-SSL(HoD-cond),Hog_education_Josh,124,drift,1,subtle,168,2891.321119750779,True,20.0,0.017857142857142856,19512.85559494234
PatchTST-SSL(HoD-cond),Hog_education_Luvenia,124,drift,3,obvious,168,36139.97417896839,True,24.0,0.6726190476190477,43883.260577981615
PatchTST-SSL(HoD-cond),Hog_education_Luvenia,124,drift,1,subtle,192,8901.64724636137,False,,0.0,6595.252822549746
PatchTST-SSL(HoD-cond),Hog_education_Luvenia,124,drift,3,obvious,288,107739.74583786631,True,71.0,0.5416666666666666,103381.7924181784
PatchTST-SSL(HoD-cond),Hog_education_Luvenia,124,drift,3,obvious,120,16462.105680988763,False,,0.0,20666.01309419536
PatchTST-SSL(HoD-cond),Hog_education_Luvenia,124,spike,2,moderate,4,909.4970148676152,False,,0.0,1532.1999716734272
PatchTST-SSL(HoD-cond),Hog_education_Luvenia,124,drift,3,obvious,144,25989.04317118203,True,73.0,0.20833333333333334,31424.76782170823
PatchTST-SSL(HoD-cond),Hog_office_Almeda,124,schedule,3,obvious,144,687.7865728908646,True,8.0,0.1111111111111111,1876.300209451613
PatchTST-SSL(HoD-cond),Hog_office_Almeda,124,schedule,2,moderate,120,80.57674715737826,False,,0.0,1867.0631285529666
PatchTST-SSL(HoD-cond),Hog_office_Almeda,124,drift,1,subtle,288,2065.7478398767325,True,109.0,0.024305555555555556,3500.484122698541
PatchTST-SSL(HoD-cond),Hog_office_Almeda,124,spike,3,obvious,4,433.52703801649193,True,1.0,0.75,494.0223771447869
PatchTST-SSL(HoD-cond),Hog_office_Almeda,124,spike,3,obvious,4,417.9640816562538,True,1.0,0.75,454.0854367310351
PatchTST-SSL(HoD-cond),Hog_office_Almeda,124,spike,2,moderate,2,136.54824351694936,True,1.0,0.5,140.7866762725569
PatchTST-SSL(HoD-cond),Hog_office_Cortney,124,spike,2,moderate,3,357.681035451082,True,1.0,0.6666666666666666,356.2193120258037
PatchTST-SSL(HoD-cond),Hog_office_Cortney,124,spike,3,obvious,5,867.3573209702461,True,1.0,0.8,1032.4628253500903
PatchTST-SSL(HoD-cond),Hog_office_Cortney,124,spike,1,subtle,5,408.4063300315772,True,1.0,0.8,431.06649313741116
PatchTST-SSL(HoD-cond),Hog_office_Cortney,124,spike,2,moderate,1,272.95887519299555,True,0.0,1.0,283.77297375082304
PatchTST-SSL(HoD-cond),Hog_office_Cortney,124,schedule,3,obvious,120,371.5476152277705,False,,0.0,2397.7698340032357
PatchTST-SSL(HoD-cond),Hog_office_Cortney,124,spike,1,subtle,1,181.02968838654505,True,0.0,1.0,203.31371319733617
PatchTST-SSL(HoD-cond),Hog_office_Denita,124,schedule,3,obvious,192,911.8087205658233,True,39.0,0.041666666666666664,2118.087562712006
PatchTST-SSL(HoD-cond),Hog_office_Denita,124,schedule,2,moderate,120,221.43335855207079,False,,0.0,85.81033889500054
PatchTST-SSL(HoD-cond),Hog_office_Denita,124,drift,1,subtle,264,2914.5363022298425,True,216.0,0.03787878787878788,4984.60777102877
PatchTST-SSL(HoD-cond),Hog_office_Denita,124,schedule,2,moderate,120,364.88929710752984,True,76.0,0.025,1582.512450926697
PatchTST-SSL(HoD-cond),Hog_office_Denita,124,drift,3,obvious,144,2702.7509967910933,False,,0.0,4084.6660879029864
PatchTST-SSL(HoD-cond),Hog_office_Denita,124,spike,3,obvious,5,636.4034244866059,True,1.0,0.8,758.4927917201527
PatchTST-SSL(HoD-cond),Hog_office_Garrett,124,drift,1,subtle,192,5556.152288561812,True,151.0,0.046875,10720.602513812079
PatchTST-SSL(HoD-cond),Hog_office_Garrett,124,schedule,3,obvious,192,6469.905965881119,True,52.0,0.057291666666666664,7258.86632236329
PatchTST-SSL(HoD-cond),Hog_office_Garrett,124,drift,1,subtle,120,2425.0334129518105,True,50.0,0.13333333333333333,4133.767417419564
PatchTST-SSL(HoD-cond),Hog_office_Garrett,124,spike,3,obvious,3,2491.689618857125,True,1.0,0.6666666666666666,2299.7245362366407
PatchTST-SSL(HoD-cond),Hog_office_Garrett,124,drift,1,subtle,312,26591.048645774314,True,45.0,0.23717948717948717,22454.966114605653
PatchTST-SSL(HoD-cond),Hog_office_Garrett,124,spike,1,subtle,3,934.2433043536314,True,1.0,0.6666666666666666,914.9541845915821
PatchTST-SSL(HoD-cond),Hog_office_Lavon,124,drift,1,subtle,168,350.1790514100819,False,,0.0,12491.83264132174
PatchTST-SSL(HoD-cond),Hog_office_Lavon,124,drift,3,obvious,216,2544.700922092341,False,,0.0,51586.106317887505
PatchTST-SSL(HoD-cond),Hog_office_Lavon,124,spike,3,obvious,4,7791.569566645738,True,1.0,0.75,9851.082186278343
PatchTST-SSL(HoD-cond),Hog_office_Lavon,124,drift,2,moderate,240,1571.1852408501998,False,,0.0,12380.05857998128
PatchTST-SSL(HoD-cond),Hog_office_Lavon,124,spike,1,subtle,3,2562.0763129709776,True,1.0,0.6666666666666666,4116.472777819452
PatchTST-SSL(HoD-cond),Hog_office_Lavon,124,spike,2,moderate,3,3484.1998013300895,True,1.0,0.6666666666666666,4621.346284497637
PatchTST-SSL(HoD-cond),Hog_office_Merilyn,124,spike,2,moderate,1,50.65190585486498,True,0.0,1.0,51.2568266550548
PatchTST-SSL(HoD-cond),Hog_office_Merilyn,124,schedule,3,obvious,216,152.38178728386578,True,184.0,0.004629629629629629,1679.0889957665156
PatchTST-SSL(HoD-cond),Hog_office_Merilyn,124,drift,3,obvious,120,1338.0795839605812,True,70.0,0.4,927.02626431917
PatchTST-SSL(HoD-cond),Hog_office_Merilyn,124,spike,2,moderate,2,45.062402681060725,True,1.0,0.5,41.79859042858356
PatchTST-SSL(HoD-cond),Hog_office_Merilyn,124,spike,3,obvious,2,85.3039948781363,False,,0.0,106.46255168517102
PatchTST-SSL(HoD-cond),Hog_office_Merilyn,124,schedule,3,obvious,96,77.01120943656545,False,,0.0,492.4259373984759
PatchTST-SSL(HoD-cond),Hog_office_Miriam,124,spike,3,obvious,2,64.35778551681808,True,1.0,0.5,61.952965950699344
PatchTST-SSL(HoD-cond),Hog_office_Miriam,124,drift,2,moderate,144,710.5379465954393,True,16.0,0.0763888888888889,1271.8002476407332
PatchTST-SSL(HoD-cond),Hog_office_Miriam,124,drift,2,moderate,264,2505.2621881358136,True,26.0,0.1856060606060606,2520.9053723404
PatchTST-SSL(HoD-cond),Hog_office_Miriam,124,schedule,2,moderate,192,28.96860913554888,True,171.0,0.020833333333333332,594.8417363102408
PatchTST-SSL(HoD-cond),Hog_office_Miriam,124,spike,1,subtle,4,54.73908505905362,True,3.0,0.25,47.69975879020109
PatchTST-SSL(HoD-cond),Hog_office_Miriam,124,drift,3,obvious,216,2729.9115140571216,True,116.0,0.023148148148148147,2805.2645592584904
PatchTST-SSL(HoD-cond),Hog_office_Napoleon,124,drift,2,moderate,120,2540.854333607559,True,52.0,0.03333333333333333,3332.345343774059
PatchTST-SSL(HoD-cond),Hog_office_Napoleon,124,spike,3,obvious,4,551.9924978736196,True,2.0,0.5,536.4586012076995
PatchTST-SSL(HoD-cond),Hog_office_Napoleon,124,drift,3,obvious,312,31153.419467939406,True,68.0,0.49038461538461536,31770.498657856024
PatchTST-SSL(HoD-cond),Hog_office_Napoleon,124,spike,3,obvious,2,273.4514251683141,True,1.0,0.5,259.9765728460686
PatchTST-SSL(HoD-cond),Hog_office_Napoleon,124,spike,3,obvious,2,327.44329958523474,False,,0.0,404.7049123430958
PatchTST-SSL(HoD-cond),Hog_office_Napoleon,124,spike,3,obvious,2,305.2755175273484,True,1.0,0.5,338.9553172278573
PatchTST-SSL(HoD-cond),Hog_office_Shawna,124,spike,3,obvious,5,1539.5136699261304,True,2.0,0.6,1572.884616350112
PatchTST-SSL(HoD-cond),Hog_office_Shawna,124,spike,2,moderate,3,657.8599513082542,True,1.0,0.6666666666666666,620.8277279241828
PatchTST-SSL(HoD-cond),Hog_office_Shawna,124,drift,2,moderate,216,9750.165846063275,True,38.0,0.07407407407407407,15743.534376233989
PatchTST-SSL(HoD-cond),Hog_office_Shawna,124,drift,1,subtle,192,3460.430783507374,False,,0.0,9022.705727682885
PatchTST-SSL(HoD-cond),Hog_office_Shawna,124,drift,2,moderate,192,8020.109920496582,False,,0.0,14315.881486384458
PatchTST-SSL(HoD-cond),Hog_office_Shawna,124,drift,3,obvious,288,37201.3147175408,True,165.0,0.006944444444444444,51395.8698393857
PatchTST-SSL(HoD-cond),Hog_office_Shawnna,124,schedule,2,moderate,192,2686.9850695181667,False,,0.0,8963.63827822898
PatchTST-SSL(HoD-cond),Hog_office_Shawnna,124,schedule,2,moderate,192,2339.9254203213586,True,27.0,0.0625,6169.000437070119
PatchTST-SSL(HoD-cond),Hog_office_Shawnna,124,spike,3,obvious,4,2756.7676249264605,True,1.0,0.75,2490.7021083024183
PatchTST-SSL(HoD-cond),Hog_office_Shawnna,124,spike,2,moderate,3,1509.4132712336545,True,2.0,0.3333333333333333,1314.577962453834
PatchTST-SSL(HoD-cond),Hog_office_Shawnna,124,drift,2,moderate,312,70147.64740535856,True,53.0,0.14102564102564102,69798.35545158072
PatchTST-SSL(HoD-cond),Hog_office_Shawnna,124,drift,3,obvious,168,34606.77408644281,True,89.0,0.1488095238095238,21686.22705384746
PatchTST-SSL(HoD-cond),Hog_office_Sherrie,124,drift,1,subtle,144,299.9499753120218,True,15.0,0.006944444444444444,724.9674351493377
PatchTST-SSL(HoD-cond),Hog_office_Sherrie,124,drift,1,subtle,288,1723.6191147775007,True,48.0,0.04861111111111111,3213.4717614775736
PatchTST-SSL(HoD-cond),Hog_office_Sherrie,124,drift,3,obvious,240,5648.538585258806,True,8.0,0.37083333333333335,8005.029004652874
PatchTST-SSL(HoD-cond),Hog_office_Sherrie,124,schedule,2,moderate,144,4.347234852761044,False,,0.0,785.8905614082852
PatchTST-SSL(HoD-cond),Hog_office_Sherrie,124,schedule,3,obvious,144,343.59874707536767,False,,0.0,1036.0435046290731
PatchTST-SSL(HoD-cond),Hog_office_Sherrie,124,spike,1,subtle,3,99.29138806902563,False,,0.0,85.0442795650753
PatchTST-SSL(HoD-cond),Hog_office_Shon,124,drift,1,subtle,192,2182.037256465568,False,,0.0,4785.757319561628
PatchTST-SSL(HoD-cond),Hog_office_Shon,124,spike,2,moderate,1,151.8227361048974,True,0.0,1.0,149.37503772299183
PatchTST-SSL(HoD-cond),Hog_office_Shon,124,schedule,3,obvious,144,879.862336287282,False,,0.0,2440.526600658052
PatchTST-SSL(HoD-cond),Hog_office_Shon,124,schedule,3,obvious,192,1117.8231857134415,False,,0.0,3797.9013080161367
PatchTST-SSL(HoD-cond),Hog_office_Shon,124,drift,2,moderate,192,3701.5660588324213,True,58.0,0.07291666666666667,5440.618549153703
PatchTST-SSL(HoD-cond),Hog_office_Shon,124,drift,2,moderate,144,2737.1461577962623,True,115.0,0.04861111111111111,1214.0261825495845
PatchTST-SSL(HoD-cond),Hog_office_Sydney,124,drift,1,subtle,288,8119.592526843504,True,86.0,0.13194444444444445,9513.212116084356
PatchTST-SSL(HoD-cond),Hog_office_Sydney,124,spike,1,subtle,5,196.46583991897998,True,3.0,0.4,169.93325380727242
PatchTST-SSL(HoD-cond),Hog_office_Sydney,124,spike,1,subtle,1,85.70597551646374,True,0.0,1.0,73.30201056314469
PatchTST-SSL(HoD-cond),Hog_office_Sydney,124,spike,2,moderate,1,131.22745681677335,False,,0.0,130.86650918903635
PatchTST-SSL(HoD-cond),Hog_office_Sydney,124,spike,2,moderate,1,148.69647404756202,True,0.0,1.0,139.78103621038736
PatchTST-SSL(HoD-cond),Hog_office_Sydney,124,spike,2,moderate,2,174.68537972142465,True,1.0,0.5,187.90589989453
PatchTST-SSL(HoD-cond),Hog_office_Valda,124,drift,2,moderate,264,2857.1177976370764,True,59.0,0.2196969696969697,4383.349772912139
PatchTST-SSL(HoD-cond),Hog_office_Valda,124,spike,3,obvious,1,146.1924647334952,True,0.0,1.0,151.68902839355925
PatchTST-SSL(HoD-cond),Hog_office_Valda,124,drift,3,obvious,264,4547.513835535305,True,17.0,0.4431818181818182,5545.698317147986
PatchTST-SSL(HoD-cond),Hog_office_Valda,124,spike,2,moderate,1,90.96816539874969,True,0.0,1.0,101.2715857742574
PatchTST-SSL(HoD-cond),Hog_office_Valda,124,schedule,3,obvious,192,295.3654460515271,True,29.0,0.07291666666666667,1552.271408813112
PatchTST-SSL(HoD-cond),Hog_office_Valda,124,schedule,3,obvious,72,129.23500259287323,True,28.0,0.16666666666666666,587.9154744429671
PatchTST-SSL(HoD-cond),Lamb_education_Armando,124,schedule,3,obvious,168,42.351505729948684,False,,0.0,4303.503947413749
PatchTST-SSL(HoD-cond),Lamb_education_Armando,124,drift,2,moderate,264,3545.686108845367,True,121.0,0.06060606060606061,12237.466458488027
PatchTST-SSL(HoD-cond),Lamb_education_Armando,124,drift,2,moderate,120,581.1700915763748,False,,0.0,480.5220351507992
PatchTST-SSL(HoD-cond),Lamb_education_Armando,124,drift,3,obvious,192,3408.2489944527274,True,95.0,0.010416666666666666,8137.013781327269
PatchTST-SSL(HoD-cond),Lamb_education_Armando,124,spike,2,moderate,1,221.83527427775363,True,0.0,1.0,231.21347223843244
PatchTST-SSL(HoD-cond),Lamb_education_Armando,124,schedule,3,obvious,96,36.35899298629825,False,,0.0,1866.4897345428035
PatchTST-SSL(HoD-cond),Lamb_education_Eula,124,drift,3,obvious,216,124.56056570809537,True,17.0,0.09722222222222222,272.8403488166924
PatchTST-SSL(HoD-cond),Lamb_education_Eula,124,spike,1,subtle,3,9.411480791510446,True,1.0,0.6666666666666666,10.329658454421986
PatchTST-SSL(HoD-cond),Lamb_education_Eula,124,drift,2,moderate,264,116.57449026741199,False,,0.0,213.62234807417047
PatchTST-SSL(HoD-cond),Lamb_education_Eula,124,spike,2,moderate,2,8.906459358942762,True,1.0,0.5,15.676996314621006
PatchTST-SSL(HoD-cond),Lamb_education_Eula,124,spike,3,obvious,2,15.085603107142502,True,1.0,0.5,15.671457760520987
PatchTST-SSL(HoD-cond),Lamb_education_Eula,124,drift,2,moderate,240,67.55719881227861,True,127.0,0.0375,414.72367673891694
PatchTST-SSL(HoD-cond),Lamb_education_Lazaro,124,drift,1,subtle,192,461.23669069021577,False,,0.0,2268.641361074743
PatchTST-SSL(HoD-cond),Lamb_education_Lazaro,124,spike,3,obvious,4,400.82250918666176,True,3.0,0.25,282.2330271626612
PatchTST-SSL(HoD-cond),Lamb_education_Lazaro,124,drift,1,subtle,240,604.235159033965,True,132.0,0.04583333333333333,945.6901861352937
PatchTST-SSL(HoD-cond),Lamb_education_Lazaro,124,drift,2,moderate,144,497.9093626321239,False,,0.0,2116.0153972443823
PatchTST-SSL(HoD-cond),Lamb_education_Lazaro,124,spike,2,moderate,5,323.27785981812565,True,2.0,0.6,300.74289897516695
PatchTST-SSL(HoD-cond),Lamb_education_Lazaro,124,spike,3,obvious,1,216.09390823268618,True,0.0,1.0,219.45625805013913
PatchTST-SSL(HoD-cond),Lamb_education_Lucas,124,drift,3,obvious,240,801.2582428094648,True,63.0,0.09583333333333334,1637.1762025825997
PatchTST-SSL(HoD-cond),Lamb_education_Lucas,124,schedule,3,obvious,120,44.89451201081894,False,,0.0,65.14991801814945
PatchTST-SSL(HoD-cond),Lamb_education_Lucas,124,spike,3,obvious,5,133.8321468000379,True,2.0,0.6,158.3042008745796
PatchTST-SSL(HoD-cond),Lamb_education_Lucas,124,drift,3,obvious,144,273.9606663738274,True,51.0,0.006944444444444444,760.7096717982556
PatchTST-SSL(HoD-cond),Lamb_education_Lucas,124,spike,3,obvious,5,142.6454074837294,True,1.0,0.8,131.68517163058232
PatchTST-SSL(HoD-cond),Lamb_education_Lucas,124,drift,1,subtle,120,38.67614445359179,True,21.0,0.016666666666666666,581.1876345465806
PatchTST-SSL(HoD-cond),Lamb_education_Mae,124,spike,1,subtle,5,323.07918229430084,True,0.0,0.8,400.163901764733
PatchTST-SSL(HoD-cond),Lamb_education_Mae,124,spike,2,moderate,4,516.0264638666401,True,2.0,0.5,549.0252905856557
PatchTST-SSL(HoD-cond),Lamb_education_Mae,124,drift,2,moderate,240,3932.5231562095887,True,61.0,0.05,10480.166164222957
PatchTST-SSL(HoD-cond),Lamb_education_Mae,124,spike,2,moderate,2,212.59441880931385,True,1.0,0.5,232.05201031016054
PatchTST-SSL(HoD-cond),Lamb_education_Mae,124,drift,3,obvious,144,2958.7246626678852,True,110.0,0.034722222222222224,2382.5659662604007
PatchTST-SSL(HoD-cond),Lamb_education_Mae,124,spike,1,subtle,1,162.31276356035605,True,0.0,1.0,232.97651561669383
PatchTST-SSL(HoD-cond),Lamb_education_Williams,124,drift,1,subtle,264,746.3809443232789,True,18.0,0.07575757575757576,5115.820315906081
PatchTST-SSL(HoD-cond),Lamb_education_Williams,124,drift,1,subtle,240,639.2960181545328,True,138.0,0.008333333333333333,5875.905006102501
PatchTST-SSL(HoD-cond),Lamb_education_Williams,124,drift,3,obvious,312,4579.005177313596,True,97.0,0.02564102564102564,6958.816992534235
PatchTST-SSL(HoD-cond),Lamb_education_Williams,124,schedule,3,obvious,168,245.34222782811088,True,11.0,0.02976190476190476,3666.9951494657807
PatchTST-SSL(HoD-cond),Lamb_education_Williams,124,spike,1,subtle,4,225.11065302241795,False,,0.0,235.24113590697715
PatchTST-SSL(HoD-cond),Lamb_education_Williams,124,schedule,2,moderate,216,120.36486662932188,False,,0.0,5513.302264838141
PatchTST-SSL(HoD-cond),Lamb_office_Caitlin,124,spike,2,moderate,2,287.84152497083744,True,1.0,0.5,272.88554948321917
PatchTST-SSL(HoD-cond),Lamb_office_Caitlin,124,drift,1,subtle,144,174.86513893786412,True,16.0,0.08333333333333333,73.14113668110214
PatchTST-SSL(HoD-cond),Lamb_office_Caitlin,124,schedule,1,subtle,72,45.94439519567189,False,,0.0,3.450313334884353
PatchTST-SSL(HoD-cond),Lamb_office_Caitlin,124,drift,3,obvious,192,1366.1223200641446,True,39.0,0.2552083333333333,2366.922111020068
PatchTST-SSL(HoD-cond),Lamb_office_Caitlin,124,spike,3,obvious,3,499.75478148973514,False,,0.0,476.0381506290276
PatchTST-SSL(HoD-cond),Lamb_office_Caitlin,124,spike,3,obvious,5,914.2945579554216,True,1.0,0.8,838.3510993675545
PatchTST-SSL(HoD-cond),Lamb_office_Velma,124,spike,2,moderate,5,712.063480372273,True,2.0,0.6,743.0093455121605
PatchTST-SSL(HoD-cond),Lamb_office_Velma,124,schedule,2,moderate,192,5.02976783064522,True,152.0,0.010416666666666666,6968.509828396962
PatchTST-SSL(HoD-cond),Lamb_office_Velma,124,spike,1,subtle,4,402.868816575697,True,2.0,0.5,689.8543543638482
PatchTST-SSL(HoD-cond),Lamb_office_Velma,124,spike,2,moderate,5,716.8389665969552,True,2.0,0.6,620.3987926307078
PatchTST-SSL(HoD-cond),Lamb_office_Velma,124,drift,2,moderate,168,3639.54112623905,True,14.0,0.10714285714285714,9054.02177104498
PatchTST-SSL(HoD-cond),Lamb_office_Velma,124,drift,3,obvious,168,7579.385515407095,True,16.0,0.15476190476190477,12807.990983591275
PatchTST-SSL(HoD-cond),Rat_retail_Jeffrey,124,spike,1,subtle,5,291.60367573257804,False,,0.0,131.47200112154889
PatchTST-SSL(HoD-cond),Rat_retail_Jeffrey,124,spike,2,moderate,4,475.52021965664414,True,2.0,0.5,403.9986755211692
PatchTST-SSL(HoD-cond),Rat_retail_Jeffrey,124,drift,2,moderate,144,2154.4490308847585,True,58.0,0.05555555555555555,2711.9595025632966
PatchTST-SSL(HoD-cond),Rat_retail_Jeffrey,124,spike,1,subtle,1,138.38502458085736,True,0.0,1.0,157.23513671147475
PatchTST-SSL(HoD-cond),Rat_retail_Jeffrey,124,drift,1,subtle,120,610.2952989490467,True,5.0,0.15,1133.2022657812913
PatchTST-SSL(HoD-cond),Rat_retail_Jeffrey,124,spike,3,obvious,3,473.61949934562676,True,1.0,0.6666666666666666,535.4853994847888
PatchTST-SSL(HoD-cond),Robin_education_Zenia,124,drift,1,subtle,312,9085.837298458526,True,311.0,0.003205128205128205,29198.855083720176
PatchTST-SSL(HoD-cond),Robin_education_Zenia,124,drift,3,obvious,264,29233.784782501494,True,49.0,0.36742424242424243,49008.791944534794
PatchTST-SSL(HoD-cond),Robin_education_Zenia,124,drift,3,obvious,216,19698.159837123923,True,52.0,0.47685185185185186,35972.20607730292
PatchTST-SSL(HoD-cond),Robin_education_Zenia,124,spike,3,obvious,1,234.24180318846012,False,,0.0,312.046223545721
PatchTST-SSL(HoD-cond),Robin_education_Zenia,124,drift,2,moderate,192,8507.294132048073,True,75.0,0.234375,21626.49512867919
PatchTST-SSL(HoD-cond),Robin_education_Zenia,124,spike,1,subtle,1,103.78091077838481,False,,0.0,164.71370482141097
PatchTST-SSL(HoD-cond),Robin_office_Dina,124,drift,1,subtle,312,1671.5645498087358,True,80.0,0.060897435897435896,3393.4613697804216
PatchTST-SSL(HoD-cond),Robin_office_Dina,124,spike,3,obvious,2,76.99172519770566,True,1.0,0.5,101.39111815988866
PatchTST-SSL(HoD-cond),Robin_office_Dina,124,drift,2,moderate,168,1361.1516267334248,True,10.0,0.14285714285714285,1926.4609140116518
PatchTST-SSL(HoD-cond),Robin_office_Dina,124,spike,1,subtle,3,54.39925792780521,True,1.0,0.6666666666666666,72.12275816959573
PatchTST-SSL(HoD-cond),Robin_office_Dina,124,spike,3,obvious,3,106.22402211052074,True,1.0,0.6666666666666666,111.13022323456539
PatchTST-SSL(HoD-cond),Robin_office_Dina,124,spike,2,moderate,4,100.90720420303032,True,2.0,0.5,155.105546348676
PatchTST-SSL(HoD-cond),Robin_office_Sammie,124,drift,2,moderate,240,8193.376963553696,True,73.0,0.016666666666666666,9713.226288781245
PatchTST-SSL(HoD-cond),Robin_office_Sammie,124,spike,2,moderate,5,264.22219886949006,True,4.0,0.2,315.1903240150986
PatchTST-SSL(HoD-cond),Robin_office_Sammie,124,drift,2,moderate,120,2188.0140383288563,True,30.0,0.075,3465.5775507737526
PatchTST-SSL(HoD-cond),Robin_office_Sammie,124,spike,3,obvious,4,325.76388530020796,True,2.0,0.5,420.7704392253744
PatchTST-SSL(HoD-cond),Robin_office_Sammie,124,drift,3,obvious,216,10950.46293039176,True,41.0,0.17592592592592593,11100.654120638665
PatchTST-SSL(HoD-cond),Robin_office_Sammie,124,schedule,2,moderate,216,283.6852349670226,False,,0.0,2404.8152527505345
PatchTST-SSL(HoD-cond),Shrew_office_Doris,124,spike,3,obvious,4,967.677461342442,True,3.0,0.25,1201.6344460588139
PatchTST-SSL(HoD-cond),Shrew_office_Doris,124,drift,2,moderate,216,13274.214899719289,True,21.0,0.25462962962962965,18379.90063446561
PatchTST-SSL(HoD-cond),Shrew_office_Doris,124,drift,3,obvious,192,16874.680037500937,True,29.0,0.2864583333333333,21096.556977597953
PatchTST-SSL(HoD-cond),Shrew_office_Doris,124,drift,2,moderate,288,21097.276446337128,True,149.0,0.11805555555555555,26810.414805659027
PatchTST-SSL(HoD-cond),Shrew_office_Doris,124,spike,3,obvious,5,1269.3416243658435,True,3.0,0.4,1159.5446457742855
PatchTST-SSL(HoD-cond),Shrew_office_Doris,124,spike,1,subtle,5,492.6340337493294,True,4.0,0.2,478.0913255536572
PatchTST-SSL(HoD-cond),Shrew_office_Ila,124,drift,1,subtle,216,2996.99212687992,True,22.0,0.032407407407407406,5830.102018436
PatchTST-SSL(HoD-cond),Shrew_office_Ila,124,drift,3,obvious,216,17305.03319043162,True,110.0,0.13425925925925927,18675.59290117617
PatchTST-SSL(HoD-cond),Shrew_office_Ila,124,spike,3,obvious,4,725.0771146387649,True,1.0,0.75,719.3194209877142
PatchTST-SSL(HoD-cond),Shrew_office_Ila,124,spike,1,subtle,2,146.5948962159231,True,1.0,0.5,146.53631288887868
PatchTST-SSL(HoD-cond),Shrew_office_Ila,124,drift,2,moderate,144,4621.5561975259025,True,124.0,0.006944444444444444,7021.537871179756
PatchTST-SSL(HoD-cond),Shrew_office_Ila,124,spike,3,obvious,4,673.7401307453438,True,1.0,0.75,777.072113698563
PatchTST-SSL(HoD-cond),Shrew_office_Kenneth,124,drift,2,moderate,192,1498.5085912518607,True,105.0,0.19791666666666666,3255.064764760135
PatchTST-SSL(HoD-cond),Shrew_office_Kenneth,124,drift,3,obvious,192,2842.3791870818204,True,34.0,0.10416666666666667,1049.4465665887005
PatchTST-SSL(HoD-cond),Shrew_office_Kenneth,124,spike,2,moderate,2,90.89096949254512,True,1.0,0.5,84.13308288067743
PatchTST-SSL(HoD-cond),Shrew_office_Kenneth,124,spike,1,subtle,1,62.498642336023934,True,0.0,1.0,61.88615090033957
PatchTST-SSL(HoD-cond),Shrew_office_Kenneth,124,spike,3,obvious,5,300.9768943363502,True,1.0,0.8,275.78818290462993
PatchTST-SSL(HoD-cond),Shrew_office_Kenneth,124,spike,1,subtle,5,132.02422580194082,True,2.0,0.6,157.86670038262358
PatchTST-SSL(HoD-cond),Shrew_office_Nora,124,drift,3,obvious,168,13959.850749005422,True,24.0,0.3273809523809524,15779.105573138968
PatchTST-SSL(HoD-cond),Shrew_office_Nora,124,spike,1,subtle,2,260.69750787688605,True,1.0,0.5,189.10901941090074
PatchTST-SSL(HoD-cond),Shrew_office_Nora,124,drift,1,subtle,216,4665.425658313194,True,25.0,0.05092592592592592,10252.607188195292
PatchTST-SSL(HoD-cond),Shrew_office_Nora,124,drift,3,obvious,240,26280.58367879771,True,39.0,0.4708333333333333,28993.462914071104
PatchTST-SSL(HoD-cond),Shrew_office_Nora,124,spike,1,subtle,5,548.8590061520682,True,2.0,0.6,904.9475049380546
PatchTST-SSL(HoD-cond),Shrew_office_Nora,124,spike,2,moderate,2,390.28208907425113,True,1.0,0.5,491.0677977473885
PatchTST-SSL(HoD-cond),Shrew_office_Sherill,124,spike,3,obvious,3,1285.7986614249328,True,1.0,0.6666666666666666,1515.6442256199978
PatchTST-SSL(HoD-cond),Shrew_office_Sherill,124,drift,2,moderate,120,6816.240253363444,True,89.0,0.075,10456.312956246991
PatchTST-SSL(HoD-cond),Shrew_office_Sherill,124,spike,1,subtle,4,809.928865577001,True,3.0,0.25,500.5700174478692
PatchTST-SSL(HoD-cond),Shrew_office_Sherill,124,drift,3,obvious,168,19918.04479791922,True,51.0,0.16071428571428573,24368.461093859856
PatchTST-SSL(HoD-cond),Shrew_office_Sherill,124,spike,1,subtle,5,982.0393289635585,False,,0.0,967.3687617706546
PatchTST-SSL(HoD-cond),Shrew_office_Sherill,124,spike,3,obvious,3,1418.5189408034698,True,1.0,0.6666666666666666,1298.4293220271688
PatchTST-SSL(HoD-cond),Wolf_office_Darleen,124,drift,3,obvious,216,4246.600657922468,True,92.0,0.07407407407407407,2045.3134107674284
PatchTST-SSL(HoD-cond),Wolf_office_Darleen,124,drift,3,obvious,240,4976.241380732559,True,164.0,0.1125,6539.457331124353
PatchTST-SSL(HoD-cond),Wolf_office_Darleen,124,spike,3,obvious,3,254.48626821207995,True,1.0,0.6666666666666666,233.17601754464604
PatchTST-SSL(HoD-cond),Wolf_office_Darleen,124,schedule,3,obvious,216,98.90988369231172,True,70.0,0.013888888888888888,2092.672579154048
PatchTST-SSL(HoD-cond),Wolf_office_Darleen,124,spike,2,moderate,5,263.59770868297966,True,2.0,0.6,229.21723703512248
PatchTST-SSL(HoD-cond),Wolf_office_Darleen,124,drift,3,obvious,192,3387.5794404471744,True,24.0,0.28125,4354.140810432442
PatchTST-SSL(HoD-cond),Wolf_retail_Harriett,124,spike,1,subtle,3,109.46943691528074,False,,0.0,203.09535004761858
PatchTST-SSL(HoD-cond),Wolf_retail_Harriett,124,drift,2,moderate,216,3442.80368568748,True,41.0,0.2361111111111111,5173.768923561232
PatchTST-SSL(HoD-cond),Wolf_retail_Harriett,124,spike,2,moderate,1,118.095825507048,True,0.0,1.0,139.8146691390927
PatchTST-SSL(HoD-cond),Wolf_retail_Harriett,124,spike,2,moderate,1,95.23365086904356,True,0.0,1.0,115.28044376236402
PatchTST-SSL(HoD-cond),Wolf_retail_Harriett,124,drift,1,subtle,168,915.2694268515739,False,,0.0,2522.559280939945
PatchTST-SSL(HoD-cond),Wolf_retail_Harriett,124,schedule,2,moderate,120,16.811704598329925,False,,0.0,998.2851037669346
PatchTST-SSL(HoD-cond),Wolf_retail_Marcella,124,drift,1,subtle,120,77.19480955887502,True,45.0,0.008333333333333333,202.82799254524045
PatchTST-SSL(HoD-cond),Wolf_retail_Marcella,124,spike,3,obvious,4,54.744085512607896,True,2.0,0.5,75.86175773498155
PatchTST-SSL(HoD-cond),Wolf_retail_Marcella,124,drift,3,obvious,216,805.9237291893736,True,92.0,0.09259259259259259,1220.1377977657119
PatchTST-SSL(HoD-cond),Wolf_retail_Marcella,124,drift,2,moderate,144,245.1612452558267,True,82.0,0.3125,376.26309834322626
PatchTST-SSL(HoD-cond),Wolf_retail_Marcella,124,spike,1,subtle,1,15.299112680094524,True,0.0,1.0,14.279704764409534
PatchTST-SSL(HoD-cond),Wolf_retail_Marcella,124,drift,1,subtle,240,161.5415176515241,True,2.0,0.025,393.9484663751473
PatchTST-SSL(HoD-cond),Wolf_retail_Toshia,124,spike,3,obvious,4,813.8222848184951,True,1.0,0.75,656.8728464056645
PatchTST-SSL(HoD-cond),Wolf_retail_Toshia,124,spike,3,obvious,5,1170.5817793556578,True,1.0,0.8,1214.6583455302173
PatchTST-SSL(HoD-cond),Wolf_retail_Toshia,124,schedule,3,obvious,120,146.55404856680667,True,98.0,0.025,2836.57955986699
PatchTST-SSL(HoD-cond),Wolf_retail_Toshia,124,schedule,3,obvious,72,196.04409342229565,True,40.0,0.027777777777777776,1500.8895666679277
PatchTST-SSL(HoD-cond),Wolf_retail_Toshia,124,drift,1,subtle,216,1058.247230158493,True,175.0,0.009259259259259259,6424.004941177942
PatchTST-SSL(HoD-cond),Wolf_retail_Toshia,124,spike,1,subtle,4,354.7456702313118,True,3.0,0.25,330.32367902897374
HOW-profile(HoD-cond),Fox_education_Henrietta,124,schedule,3,obvious,192,60.315560882006025,True,0.0,0.125,671.827780441003
HOW-profile(HoD-cond),Fox_education_Henrietta,124,spike,3,obvious,4,167.26170856365857,True,1.0,0.75,147.73170856365857
HOW-profile(HoD-cond),Fox_education_Henrietta,124,spike,1,subtle,5,78.18136394771389,True,3.0,0.4,37.83670516102384
HOW-profile(HoD-cond),Fox_education_Henrietta,124,schedule,3,obvious,144,183.66365980408142,False,,0.0,184.40802575282686
HOW-profile(HoD-cond),Fox_education_Henrietta,124,drift,1,subtle,216,520.3709604977303,True,119.0,0.027777777777777776,2285.478385009902
HOW-profile(HoD-cond),Fox_education_Henrietta,124,spike,2,moderate,1,61.819841831657534,True,0.0,1.0,62.934841831657536
HOW-profile(HoD-cond),Fox_retail_Manie,124,spike,3,obvious,3,360.30977822599573,True,1.0,0.6666666666666666,311.84977822599575
HOW-profile(HoD-cond),Fox_retail_Manie,124,schedule,3,obvious,192,705.5814088582074,True,0.0,0.2864583333333333,2242.5656401352435
HOW-profile(HoD-cond),Fox_retail_Manie,124,spike,3,obvious,5,598.2254276518972,True,2.0,0.6,558.945427651897
HOW-profile(HoD-cond),Fox_retail_Manie,124,drift,2,moderate,168,1941.7014736338524,True,6.0,0.19642857142857142,2908.37391409149
HOW-profile(HoD-cond),Fox_retail_Manie,124,spike,1,subtle,3,155.21794966966723,True,2.0,0.3333333333333333,90.51676351378529
HOW-profile(HoD-cond),Fox_retail_Manie,124,schedule,3,obvious,96,172.62577698158896,True,16.0,0.14583333333333334,839.3356413892254
HOW-profile(HoD-cond),Hog_education_Bruno,124,drift,3,obvious,264,46417.54410572455,True,5.0,0.8295454545454546,46488.48991110774
HOW-profile(HoD-cond),Hog_education_Bruno,124,drift,1,subtle,216,9812.30313173102,False,,0.0,10613.717986548276
HOW-profile(HoD-cond),Hog_education_Bruno,124,drift,2,moderate,120,6595.295146158791,True,18.0,0.6166666666666667,6049.144154652606
HOW-profile(HoD-cond),Hog_education_Bruno,124,spike,1,subtle,5,299.2891721906774,False,,0.0,292.53317219067753
HOW-profile(HoD-cond),Hog_education_Bruno,124,drift,1,subtle,216,8137.5103929530915,True,199.0,0.004629629629629629,8973.52404181322
HOW-profile(HoD-cond),Hog_education_Bruno,124,spike,1,subtle,4,291.6501178934577,False,,0.0,300.40311789345765
HOW-profile(HoD-cond),Hog_education_Caridad,124,drift,2,moderate,120,26559.114233147702,True,48.0,0.35,13672.404267300335
HOW-profile(HoD-cond),Hog_education_Caridad,124,schedule,2,moderate,168,5586.936543560644,False,,0.0,45.66599999999994
HOW-profile(HoD-cond),Hog_education_Caridad,124,drift,1,subtle,192,28961.841270979025,True,147.0,0.10416666666666667,14311.986869261551
HOW-profile(HoD-cond),Hog_education_Caridad,124,spike,1,subtle,1,3232.119287388384,False,,0.0,2769.3752873883836
HOW-profile(HoD-cond),Hog_education_Caridad,124,schedule,3,obvious,96,7326.264039132635,False,,0.0,466.45075942045924
HOW-profile(HoD-cond),Hog_education_Caridad,124,spike,1,subtle,4,6005.765793875593,True,1.0,0.75,6288.003793875593
HOW-profile(HoD-cond),Hog_education_Josh,124,spike,1,subtle,5,594.6326420608618,False,,0.0,512.2496420608618
HOW-profile(HoD-cond),Hog_education_Josh,124,schedule,2,moderate,96,1475.452371600362,False,,0.0,136.46655283094563
HOW-profile(HoD-cond),Hog_education_Josh,124,drift,3,obvious,192,16691.47805798628,True,34.0,0.3385416666666667,23436.70405798628
HOW-profile(HoD-cond),Hog_education_Josh,124,spike,3,obvious,3,765.3532648336346,True,1.0,0.6666666666666666,889.8927648336347
HOW-profile(HoD-cond),Hog_education_Josh,124,spike,3,obvious,3,668.1453240628807,True,1.0,0.6666666666666666,922.1953240628808
HOW-profile(HoD-cond),Hog_education_Josh,124,drift,1,subtle,168,2891.321119750779,True,17.0,0.041666666666666664,14551.620619750778
HOW-profile(HoD-cond),Hog_education_Luvenia,124,drift,3,obvious,168,36139.97417896839,True,0.0,0.8988095238095238,40173.02217896839
HOW-profile(HoD-cond),Hog_education_Luvenia,124,drift,1,subtle,192,8901.64724636137,False,,0.0,2684.2118571195283
HOW-profile(HoD-cond),Hog_education_Luvenia,124,drift,3,obvious,288,107739.74583786631,True,53.0,0.5659722222222222,98312.19436613006
HOW-profile(HoD-cond),Hog_education_Luvenia,124,drift,3,obvious,120,16462.105680988763,False,,0.0,16052.28510606135
HOW-profile(HoD-cond),Hog_education_Luvenia,124,spike,2,moderate,4,909.4970148676152,False,,0.0,1088.5990148676156
HOW-profile(HoD-cond),Hog_education_Luvenia,124,drift,3,obvious,144,25989.04317118203,True,76.0,0.20833333333333334,28714.577171182034
HOW-profile(HoD-cond),Hog_office_Almeda,124,schedule,3,obvious,144,687.7865728908646,True,10.0,0.13194444444444445,1142.9845728908647
HOW-profile(HoD-cond),Hog_office_Almeda,124,schedule,2,moderate,120,80.57674715737826,True,75.0,0.058333333333333334,1459.750611226807
HOW-profile(HoD-cond),Hog_office_Almeda,124,drift,1,subtle,288,2065.7478398767325,True,16.0,0.08333333333333333,2714.8739926883336
HOW-profile(HoD-cond),Hog_office_Almeda,124,spike,3,obvious,4,433.52703801649193,True,1.0,0.75,498.6820380164919
HOW-profile(HoD-cond),Hog_office_Almeda,124,spike,3,obvious,4,417.9640816562538,True,1.0,0.75,416.85808165625383
HOW-profile(HoD-cond),Hog_office_Almeda,124,spike,2,moderate,2,136.54824351694936,True,1.0,0.5,172.43574351694937
HOW-profile(HoD-cond),Hog_office_Cortney,124,spike,2,moderate,3,357.681035451082,True,1.0,0.6666666666666666,340.448035451082
HOW-profile(HoD-cond),Hog_office_Cortney,124,spike,3,obvious,5,867.3573209702461,True,1.0,0.8,952.6043209702461
HOW-profile(HoD-cond),Hog_office_Cortney,124,spike,1,subtle,5,408.4063300315772,True,1.0,0.8,389.9808300315773
HOW-profile(HoD-cond),Hog_office_Cortney,124,spike,2,moderate,1,272.95887519299555,True,0.0,1.0,267.82137519299556
HOW-profile(HoD-cond),Hog_office_Cortney,124,schedule,3,obvious,120,371.5476152277705,True,4.0,0.041666666666666664,346.96814706551345
HOW-profile(HoD-cond),Hog_office_Cortney,124,spike,1,subtle,1,181.02968838654505,True,0.0,1.0,177.35118838654506
HOW-profile(HoD-cond),Hog_office_Denita,124,schedule,3,obvious,192,911.8087205658233,True,16.0,0.16145833333333334,852.0278336167557
HOW-profile(HoD-cond),Hog_office_Denita,124,schedule,2,moderate,120,221.43335855207079,False,,0.0,15.574313322364176
HOW-profile(HoD-cond),Hog_office_Denita,124,drift,1,subtle,264,2914.5363022298425,True,174.0,0.07196969696969698,2382.5296991755367
HOW-profile(HoD-cond),Hog_office_Denita,124,schedule,2,moderate,120,364.88929710752984,True,76.0,0.008333333333333333,451.3657393360735
HOW-profile(HoD-cond),Hog_office_Denita,124,drift,3,obvious,144,2702.7509967910933,False,,0.0,2460.8418526323185
HOW-profile(HoD-cond),Hog_office_Denita,124,spike,3,obvious,5,636.4034244866059,True,1.0,0.8,693.665424486606
HOW-profile(HoD-cond),Hog_office_Garrett,124,drift,1,subtle,192,5556.152288561812,True,35.0,0.19270833333333334,5453.5142461802525
HOW-profile(HoD-cond),Hog_office_Garrett,124,schedule,3,obvious,192,6469.905965881119,True,4.0,0.25,6305.329331150542
HOW-profile(HoD-cond),Hog_office_Garrett,124,drift,1,subtle,120,2425.0334129518105,True,74.0,0.1,1161.5309822227587
HOW-profile(HoD-cond),Hog_office_Garrett,124,spike,3,obvious,3,2491.689618857125,True,0.0,1.0,2606.655618857125
HOW-profile(HoD-cond),Hog_office_Garrett,124,drift,1,subtle,312,26591.048645774314,True,0.0,0.34615384615384615,21217.295140359947
HOW-profile(HoD-cond),Hog_office_Garrett,124,spike,1,subtle,3,934.2433043536314,True,1.0,0.6666666666666666,958.3463043536312
HOW-profile(HoD-cond),Hog_office_Lavon,124,drift,1,subtle,168,350.1790514100819,False,,0.0,5824.047486532786
HOW-profile(HoD-cond),Hog_office_Lavon,124,drift,3,obvious,216,2544.700922092341,True,208.0,0.018518518518518517,63814.537125482675
HOW-profile(HoD-cond),Hog_office_Lavon,124,spike,3,obvious,4,7791.569566645738,True,1.0,0.75,8753.216566645737
HOW-profile(HoD-cond),Hog_office_Lavon,124,drift,2,moderate,240,1571.1852408501998,True,0.0,0.14166666666666666,1776.2304908501997
HOW-profile(HoD-cond),Hog_office_Lavon,124,spike,1,subtle,3,2562.0763129709776,True,1.0,0.6666666666666666,3381.3703129709775
HOW-profile(HoD-cond),Hog_office_Lavon,124,spike,2,moderate,3,3484.1998013300895,True,1.0,0.6666666666666666,4277.507051330089
HOW-profile(HoD-cond),Hog_office_Merilyn,124,spike,2,moderate,1,50.65190585486498,True,0.0,1.0,45.39940585486498
HOW-profile(HoD-cond),Hog_office_Merilyn,124,schedule,3,obvious,216,152.38178728386578,True,184.0,0.004629629629629629,1094.228482295338
HOW-profile(HoD-cond),Hog_office_Merilyn,124,drift,3,obvious,120,1338.0795839605812,True,60.0,0.4,600.1027346276646
HOW-profile(HoD-cond),Hog_office_Merilyn,124,spike,2,moderate,2,45.062402681060725,True,1.0,0.5,35.479402681060726
HOW-profile(HoD-cond),Hog_office_Merilyn,124,spike,3,obvious,2,85.3039948781363,False,,0.0,95.5279948781363
HOW-profile(HoD-cond),Hog_office_Merilyn,124,schedule,3,obvious,96,77.01120943656545,False,,0.0,176.51
HOW-profile(HoD-cond),Hog_office_Miriam,124,spike,3,obvious,2,64.35778551681808,True,1.0,0.5,63.51978551681809
HOW-profile(HoD-cond),Hog_office_Miriam,124,drift,2,moderate,144,710.5379465954393,True,16.0,0.1597222222222222,812.0331173877837
HOW-profile(HoD-cond),Hog_office_Miriam,124,drift,2,moderate,264,2505.2621881358136,True,26.0,0.045454545454545456,2036.4329459890737
HOW-profile(HoD-cond),Hog_office_Miriam,124,schedule,2,moderate,192,28.96860913554888,False,,0.0,290.2860812180732
HOW-profile(HoD-cond),Hog_office_Miriam,124,spike,1,subtle,4,54.73908505905362,False,,0.0,49.401085059053635
HOW-profile(HoD-cond),Hog_office_Miriam,124,drift,3,obvious,216,2729.9115140571216,False,,0.0,2467.3095206735857
HOW-profile(HoD-cond),Hog_office_Napoleon,124,drift,2,moderate,120,2540.854333607559,True,51.0,0.10833333333333334,2123.1221173359418
HOW-profile(HoD-cond),Hog_office_Napoleon,124,spike,3,obvious,4,551.9924978736196,True,1.0,0.75,549.8874978736197
HOW-profile(HoD-cond),Hog_office_Napoleon,124,drift,3,obvious,312,31153.419467939406,True,1.0,0.4326923076923077,29030.587831750097
HOW-profile(HoD-cond),Hog_office_Napoleon,124,spike,3,obvious,2,273.4514251683141,True,1.0,0.5,261.6759251683141
HOW-profile(HoD-cond),Hog_office_Napoleon,124,spike,3,obvious,2,327.44329958523474,True,1.0,0.5,360.5272995852347
HOW-profile(HoD-cond),Hog_office_Napoleon,124,spike,3,obvious,2,305.2755175273484,True,1.0,0.5,322.56251752734846
HOW-profile(HoD-cond),Hog_office_Shawna,124,spike,3,obvious,5,1539.5136699261304,True,2.0,0.6,1517.0436699261306
HOW-profile(HoD-cond),Hog_office_Shawna,124,spike,2,moderate,3,657.8599513082542,True,1.0,0.6666666666666666,643.2499513082541
HOW-profile(HoD-cond),Hog_office_Shawna,124,drift,2,moderate,216,9750.165846063275,True,65.0,0.2037037037037037,11501.318598518208
HOW-profile(HoD-cond),Hog_office_Shawna,124,drift,1,subtle,192,3460.430783507374,True,147.0,0.010416666666666666,4726.228965643533
HOW-profile(HoD-cond),Hog_office_Shawna,124,drift,2,moderate,192,8020.109920496582,True,188.0,0.005208333333333333,10642.934185831047
HOW-profile(HoD-cond),Hog_office_Shawna,124,drift,3,obvious,288,37201.3147175408,True,54.0,0.2222222222222222,42414.19054947408
HOW-profile(HoD-cond),Hog_office_Shawnna,124,schedule,2,moderate,192,2686.9850695181667,False,,0.0,1993.389393110532
HOW-profile(HoD-cond),Hog_office_Shawnna,124,schedule,2,moderate,192,2339.9254203213586,True,5.0,0.19270833333333334,1397.7469589591055
HOW-profile(HoD-cond),Hog_office_Shawnna,124,spike,3,obvious,4,2756.7676249264605,True,1.0,0.75,2525.5566249264607
HOW-profile(HoD-cond),Hog_office_Shawnna,124,spike,2,moderate,3,1509.4132712336545,True,2.0,0.3333333333333333,1243.0117712336544
HOW-profile(HoD-cond),Hog_office_Shawnna,124,drift,2,moderate,312,70147.64740535856,True,29.0,0.26282051282051283,53501.491356530285
HOW-profile(HoD-cond),Hog_office_Shawnna,124,drift,3,obvious,168,34606.77408644281,True,41.0,0.23214285714285715,19069.125841387744
HOW-profile(HoD-cond),Hog_office_Sherrie,124,drift,1,subtle,144,299.9499753120218,False,,0.0,315.1434095193435
HOW-profile(HoD-cond),Hog_office_Sherrie,124,drift,1,subtle,288,1723.6191147775007,True,48.0,0.05555555555555555,1869.7226063130458
HOW-profile(HoD-cond),Hog_office_Sherrie,124,drift,3,obvious,240,5648.538585258806,True,8.0,0.6083333333333333,5982.422405858097
HOW-profile(HoD-cond),Hog_office_Sherrie,124,schedule,2,moderate,144,4.347234852761044,True,116.0,0.006944444444444444,199.046
HOW-profile(HoD-cond),Hog_office_Sherrie,124,schedule,3,obvious,144,343.59874707536767,False,,0.0,480.7410043471301
HOW-profile(HoD-cond),Hog_office_Sherrie,124,spike,1,subtle,3,99.29138806902563,False,,0.0,95.70788806902563
HOW-profile(HoD-cond),Hog_office_Shon,124,drift,1,subtle,192,2182.037256465568,True,98.0,0.020833333333333332,3352.1228989985525
HOW-profile(HoD-cond),Hog_office_Shon,124,spike,2,moderate,1,151.8227361048974,True,0.0,1.0,132.9747361048974
HOW-profile(HoD-cond),Hog_office_Shon,124,schedule,3,obvious,144,879.862336287282,False,,0.0,1506.0023889628942
HOW-profile(HoD-cond),Hog_office_Shon,124,schedule,3,obvious,192,1117.8231857134415,False,,0.0,2311.2326198404726
HOW-profile(HoD-cond),Hog_office_Shon,124,drift,2,moderate,192,3701.5660588324213,True,58.0,0.14583333333333334,4207.446914332948
HOW-profile(HoD-cond),Hog_office_Shon,124,drift,2,moderate,144,2737.1461577962623,True,91.0,0.1388888888888889,951.6326419567728
HOW-profile(HoD-cond),Hog_office_Sydney,124,drift,1,subtle,288,8119.592526843504,True,19.0,0.19791666666666666,6232.483500506569
HOW-profile(HoD-cond),Hog_office_Sydney,124,spike,1,subtle,5,196.46583991897998,True,4.0,0.2,184.61583991898004
HOW-profile(HoD-cond),Hog_office_Sydney,124,spike,1,subtle,1,85.70597551646374,True,0.0,1.0,59.45497551646372
HOW-profile(HoD-cond),Hog_office_Sydney,124,spike,2,moderate,1,131.22745681677335,False,,0.0,114.12045681677334
HOW-profile(HoD-cond),Hog_office_Sydney,124,spike,2,moderate,1,148.69647404756202,True,0.0,1.0,137.03647404756202
HOW-profile(HoD-cond),Hog_office_Sydney,124,spike,2,moderate,2,174.68537972142465,True,1.0,0.5,156.7363797214247
HOW-profile(HoD-cond),Hog_office_Valda,124,drift,2,moderate,264,2857.1177976370764,True,59.0,0.42045454545454547,2548.627444149781
HOW-profile(HoD-cond),Hog_office_Valda,124,spike,3,obvious,1,146.1924647334952,True,0.0,1.0,148.47946473349523
HOW-profile(HoD-cond),Hog_office_Valda,124,drift,3,obvious,264,4547.513835535305,True,18.0,0.5,4617.3788355353045
HOW-profile(HoD-cond),Hog_office_Valda,124,spike,2,moderate,1,90.96816539874969,True,0.0,1.0,90.34516539874967
HOW-profile(HoD-cond),Hog_office_Valda,124,schedule,3,obvious,192,295.3654460515271,True,5.0,0.09375,913.5178179938936
HOW-profile(HoD-cond),Hog_office_Valda,124,schedule,3,obvious,72,129.23500259287323,True,5.0,0.3472222222222222,457.2265025928732
HOW-profile(HoD-cond),Lamb_education_Armando,124,schedule,3,obvious,168,42.351505729948684,False,,0.0,1224.75152526373
HOW-profile(HoD-cond),Lamb_education_Armando,124,drift,2,moderate,264,3545.686108845367,True,22.0,0.2727272727272727,7885.836108845368
HOW-profile(HoD-cond),Lamb_education_Armando,124,drift,2,moderate,120,581.1700915763748,True,100.0,0.016666666666666666,111.11481531109555
HOW-profile(HoD-cond),Lamb_education_Armando,124,drift,3,obvious,192,3408.2489944527274,True,46.0,0.3697916666666667,5136.083218135669
HOW-profile(HoD-cond),Lamb_education_Armando,124,spike,2,moderate,1,221.83527427775363,True,0.0,1.0,223.3352742777536
HOW-profile(HoD-cond),Lamb_education_Armando,124,schedule,3,obvious,96,36.35899298629825,False,,0.0,694.9974521963443
HOW-profile(HoD-cond),Lamb_education_Eula,124,drift,3,obvious,216,124.56056570809537,True,16.0,0.22685185185185186,155.65466024646287
HOW-profile(HoD-cond),Lamb_education_Eula,124,spike,1,subtle,3,9.411480791510446,True,1.0,0.6666666666666666,9.711480791510446
HOW-profile(HoD-cond),Lamb_education_Eula,124,drift,2,moderate,264,116.57449026741199,False,,0.0,87.50076697581363
HOW-profile(HoD-cond),Lamb_education_Eula,124,spike,2,moderate,2,8.906459358942762,True,1.0,0.5,10.106459358942761
HOW-profile(HoD-cond),Lamb_education_Eula,124,spike,3,obvious,2,15.085603107142502,True,1.0,0.5,15.285603107142505
HOW-profile(HoD-cond),Lamb_education_Eula,124,drift,2,moderate,240,67.55719881227861,True,104.0,0.04583333333333333,247.84504798982823
HOW-profile(HoD-cond),Lamb_education_Lazaro,124,drift,1,subtle,192,461.23669069021577,False,,0.0,1158.230861679369
HOW-profile(HoD-cond),Lamb_education_Lazaro,124,spike,3,obvious,4,400.82250918666176,False,,0.0,197.08329137141902
HOW-profile(HoD-cond),Lamb_education_Lazaro,124,drift,1,subtle,240,604.235159033965,False,,0.0,323.26771905784506
HOW-profile(HoD-cond),Lamb_education_Lazaro,124,drift,2,moderate,144,497.9093626321239,False,,0.0,778.5268512494292
HOW-profile(HoD-cond),Lamb_education_Lazaro,124,spike,2,moderate,5,323.27785981812565,True,1.0,0.8,266.3662598181256
HOW-profile(HoD-cond),Lamb_education_Lazaro,124,spike,3,obvious,1,216.09390823268618,True,0.0,1.0,220.1939082326862
HOW-profile(HoD-cond),Lamb_education_Lucas,124,drift,3,obvious,240,801.2582428094648,True,62.0,0.2125,1062.0913984165784
HOW-profile(HoD-cond),Lamb_education_Lucas,124,schedule,3,obvious,120,44.89451201081894,True,2.0,0.016666666666666666,35.271314063218966
HOW-profile(HoD-cond),Lamb_education_Lucas,124,spike,3,obvious,5,133.8321468000379,True,2.0,0.6,132.64114680003786
HOW-profile(HoD-cond),Lamb_education_Lucas,124,drift,3,obvious,144,273.9606663738274,True,21.0,0.2638888888888889,431.56520302930386
HOW-profile(HoD-cond),Lamb_education_Lucas,124,spike,3,obvious,5,142.6454074837294,True,1.0,0.8,141.38140748372942
HOW-profile(HoD-cond),Lamb_education_Lucas,124,drift,1,subtle,120,38.67614445359179,True,20.0,0.1,205.49363958005134
HOW-profile(HoD-cond),Lamb_education_Mae,124,spike,1,subtle,5,323.07918229430084,True,0.0,1.0,364.7291822943008
HOW-profile(HoD-cond),Lamb_education_Mae,124,spike,2,moderate,4,516.0264638666401,True,1.0,0.75,523.1764638666401
HOW-profile(HoD-cond),Lamb_education_Mae,124,drift,2,moderate,240,3932.5231562095887,True,61.0,0.06666666666666667,7106.125771119268
HOW-profile(HoD-cond),Lamb_education_Mae,124,spike,2,moderate,2,212.59441880931385,True,1.0,0.5,208.27401880931384
HOW-profile(HoD-cond),Lamb_education_Mae,124,drift,3,obvious,144,2958.7246626678852,True,139.0,0.020833333333333332,1606.9847529525186
HOW-profile(HoD-cond),Lamb_education_Mae,124,spike,1,subtle,1,162.31276356035605,True,0.0,1.0,211.81276356035607
HOW-profile(HoD-cond),Lamb_education_Williams,124,drift,1,subtle,264,746.3809443232789,True,17.0,0.1590909090909091,1816.2183962503736
HOW-profile(HoD-cond),Lamb_education_Williams,124,drift,1,subtle,240,639.2960181545328,True,183.0,0.06666666666666667,1520.0566799207336
HOW-profile(HoD-cond),Lamb_education_Williams,124,drift,3,obvious,312,4579.005177313596,True,26.0,0.3942307692307692,3754.9328471127637
HOW-profile(HoD-cond),Lamb_education_Williams,124,schedule,3,obvious,168,245.34222782811088,True,81.0,0.011904761904761904,781.1449179727624
HOW-profile(HoD-cond),Lamb_education_Williams,124,spike,1,subtle,4,225.11065302241795,False,,0.0,225.41065302241796
HOW-profile(HoD-cond),Lamb_education_Williams,124,schedule,2,moderate,216,120.36486662932188,True,34.0,0.08796296296296297,1456.8737125917628
HOW-profile(HoD-cond),Lamb_office_Caitlin,124,spike,2,moderate,2,287.84152497083744,True,1.0,0.5,285.14152497083745
HOW-profile(HoD-cond),Lamb_office_Caitlin,124,drift,1,subtle,144,174.86513893786412,False,,0.0,18.743694548172734
HOW-profile(HoD-cond),Lamb_office_Caitlin,124,schedule,1,subtle,72,45.94439519567189,False,,0.0,0.0
HOW-profile(HoD-cond),Lamb_office_Caitlin,124,drift,3,obvious,192,1366.1223200641446,True,87.0,0.19791666666666666,2448.807373493656
HOW-profile(HoD-cond),Lamb_office_Caitlin,124,spike,3,obvious,3,499.75478148973514,False,,0.0,388.4547814897351
HOW-profile(HoD-cond),Lamb_office_Caitlin,124,spike,3,obvious,5,914.2945579554216,True,1.0,0.8,899.1945579554216
HOW-profile(HoD-cond),Lamb_office_Velma,124,spike,2,moderate,5,712.063480372273,True,1.0,0.8,762.8634803722732
HOW-profile(HoD-cond),Lamb_office_Velma,124,schedule,2,moderate,192,5.02976783064522,False,,0.0,2360.8
HOW-profile(HoD-cond),Lamb_office_Velma,124,spike,1,subtle,4,402.868816575697,True,1.0,0.75,467.868816575697
HOW-profile(HoD-cond),Lamb_office_Velma,124,spike,2,moderate,5,716.8389665969552,True,2.0,0.6,692.0389665969551
HOW-profile(HoD-cond),Lamb_office_Velma,124,drift,2,moderate,168,3639.54112623905,True,0.0,0.30357142857142855,6179.091126239051
HOW-profile(HoD-cond),Lamb_office_Velma,124,drift,3,obvious,168,7579.385515407095,True,16.0,0.47023809523809523,9513.435515407094
HOW-profile(HoD-cond),Rat_retail_Jeffrey,124,spike,1,subtle,5,291.60367573257804,True,3.0,0.4,250.77367573257803
HOW-profile(HoD-cond),Rat_retail_Jeffrey,124,spike,2,moderate,4,475.52021965664414,True,1.0,0.75,484.6802196566441
HOW-profile(HoD-cond),Rat_retail_Jeffrey,124,drift,2,moderate,144,2154.4490308847585,True,31.0,0.20833333333333334,3217.5423830349046
HOW-profile(HoD-cond),Rat_retail_Jeffrey,124,spike,1,subtle,1,138.38502458085736,True,0.0,1.0,149.56002458085734
HOW-profile(HoD-cond),Rat_retail_Jeffrey,124,drift,1,subtle,120,610.2952989490467,True,3.0,0.25833333333333336,870.5134605269159
HOW-profile(HoD-cond),Rat_retail_Jeffrey,124,spike,3,obvious,3,473.61949934562676,True,1.0,0.6666666666666666,513.7144993456268
HOW-profile(HoD-cond),Robin_education_Zenia,124,drift,1,subtle,312,9085.837298458526,True,237.0,0.01282051282051282,27947.243998458525
HOW-profile(HoD-cond),Robin_education_Zenia,124,drift,3,obvious,264,29233.784782501494,True,23.0,0.3484848484848485,46492.9920825015
HOW-profile(HoD-cond),Robin_education_Zenia,124,drift,3,obvious,216,19698.159837123923,True,10.0,0.44907407407407407,34623.52338712393
HOW-profile(HoD-cond),Robin_education_Zenia,124,spike,3,obvious,1,234.24180318846012,False,,0.0,298.04180318846016
HOW-profile(HoD-cond),Robin_education_Zenia,124,drift,2,moderate,192,8507.294132048073,True,83.0,0.13541666666666666,19911.467132048077
HOW-profile(HoD-cond),Robin_education_Zenia,124,spike,1,subtle,1,103.78091077838481,False,,0.0,174.85591077838478
HOW-profile(HoD-cond),Robin_office_Dina,124,drift,1,subtle,312,1671.5645498087358,True,7.0,0.10576923076923077,2906.0617969205446
HOW-profile(HoD-cond),Robin_office_Dina,124,spike,3,obvious,2,76.99172519770566,True,1.0,0.5,84.99172519770566
HOW-profile(HoD-cond),Robin_office_Dina,124,drift,2,moderate,168,1361.1516267334248,True,14.0,0.32142857142857145,1644.4729926984405
HOW-profile(HoD-cond),Robin_office_Dina,124,spike,1,subtle,3,54.39925792780521,True,1.0,0.6666666666666666,56.39925792780521
HOW-profile(HoD-cond),Robin_office_Dina,124,spike,3,obvious,3,106.22402211052074,True,1.0,0.6666666666666666,108.22402211052072
HOW-profile(HoD-cond),Robin_office_Dina,124,spike,2,moderate,4,100.90720420303032,True,2.0,0.5,121.15720420303032
HOW-profile(HoD-cond),Robin_office_Sammie,124,drift,2,moderate,240,8193.376963553696,True,75.0,0.029166666666666667,8479.348494360207
HOW-profile(HoD-cond),Robin_office_Sammie,124,spike,2,moderate,5,264.22219886949006,True,4.0,0.2,230.0405988694901
HOW-profile(HoD-cond),Robin_office_Sammie,124,drift,2,moderate,120,2188.0140383288563,True,30.0,0.19166666666666668,2943.1960208056953
HOW-profile(HoD-cond),Robin_office_Sammie,124,spike,3,obvious,4,325.76388530020796,True,1.0,0.75,325.24458530020786
HOW-profile(HoD-cond),Robin_office_Sammie,124,drift,3,obvious,216,10950.46293039176,True,17.0,0.5185185185185185,9631.433979725287
HOW-profile(HoD-cond),Robin_office_Sammie,124,schedule,2,moderate,216,283.6852349670226,False,,0.0,933.0805309415512
HOW-profile(HoD-cond),Shrew_office_Doris,124,spike,3,obvious,4,967.677461342442,True,2.0,0.5,892.5774613424421
HOW-profile(HoD-cond),Shrew_office_Doris,124,drift,2,moderate,216,13274.214899719289,True,73.0,0.36574074074074076,14358.956393195163
HOW-profile(HoD-cond),Shrew_office_Doris,124,drift,3,obvious,192,16874.680037500937,True,13.0,0.6666666666666666,19154.780037500936
HOW-profile(HoD-cond),Shrew_office_Doris,124,drift,2,moderate,288,21097.276446337128,True,245.0,0.059027777777777776,20545.536126205036
HOW-profile(HoD-cond),Shrew_office_Doris,124,spike,3,obvious,5,1269.3416243658435,True,3.0,0.4,1225.7416243658433
HOW-profile(HoD-cond),Shrew_office_Doris,124,spike,1,subtle,5,492.6340337493294,True,3.0,0.4,450.58403374932936
HOW-profile(HoD-cond),Shrew_office_Ila,124,drift,1,subtle,216,2996.99212687992,True,26.0,0.07407407407407407,3621.2553992585754
HOW-profile(HoD-cond),Shrew_office_Ila,124,drift,3,obvious,216,17305.03319043162,False,,0.0,16530.846026226514
HOW-profile(HoD-cond),Shrew_office_Ila,124,spike,3,obvious,4,725.0771146387649,True,1.0,0.75,748.7771146387649
HOW-profile(HoD-cond),Shrew_office_Ila,124,spike,1,subtle,2,146.5948962159231,True,1.0,0.5,170.1948962159231
HOW-profile(HoD-cond),Shrew_office_Ila,124,drift,2,moderate,144,4621.5561975259025,False,,0.0,5422.679946540273
HOW-profile(HoD-cond),Shrew_office_Ila,124,spike,3,obvious,4,673.7401307453438,True,0.0,1.0,790.9401307453438
HOW-profile(HoD-cond),Shrew_office_Kenneth,124,drift,2,moderate,192,1498.5085912518607,True,100.0,0.3229166666666667,3141.4585912518605
HOW-profile(HoD-cond),Shrew_office_Kenneth,124,drift,3,obvious,192,2842.3791870818204,True,42.0,0.4010416666666667,981.6283949791236
HOW-profile(HoD-cond),Shrew_office_Kenneth,124,spike,2,moderate,2,90.89096949254512,True,1.0,0.5,81.14096949254512
HOW-profile(HoD-cond),Shrew_office_Kenneth,124,spike,1,subtle,1,62.498642336023934,True,0.0,1.0,68.79864233602393
HOW-profile(HoD-cond),Shrew_office_Kenneth,124,spike,3,obvious,5,300.9768943363502,True,1.0,0.8,268.57689433635016
HOW-profile(HoD-cond),Shrew_office_Kenneth,124,spike,1,subtle,5,132.02422580194082,True,2.0,0.6,146.07422580194083
HOW-profile(HoD-cond),Shrew_office_Nora,124,drift,3,obvious,168,13959.850749005422,True,8.0,0.6904761904761905,14192.709429064189
HOW-profile(HoD-cond),Shrew_office_Nora,124,spike,1,subtle,2,260.69750787688605,True,1.0,0.5,262.49750787688606
HOW-profile(HoD-cond),Shrew_office_Nora,124,drift,1,subtle,216,4665.425658313194,True,21.0,0.20833333333333334,4611.303050582468
HOW-profile(HoD-cond),Shrew_office_Nora,124,drift,3,obvious,240,26280.58367879771,True,0.0,0.7875,26028.217340454656
HOW-profile(HoD-cond),Shrew_office_Nora,124,spike,1,subtle,5,548.8590061520682,True,2.0,0.6,525.7590061520682
HOW-profile(HoD-cond),Shrew_office_Nora,124,spike,2,moderate,2,390.28208907425113,True,1.0,0.5,387.5820890742512
HOW-profile(HoD-cond),Shrew_office_Sherill,124,spike,3,obvious,3,1285.7986614249328,True,1.0,0.6666666666666666,1074.7986614249328
HOW-profile(HoD-cond),Shrew_office_Sherill,124,drift,2,moderate,120,6816.240253363444,True,21.0,0.48333333333333334,7109.940718238582
HOW-profile(HoD-cond),Shrew_office_Sherill,124,spike,1,subtle,4,809.928865577001,True,2.0,0.5,412.92886557700103
HOW-profile(HoD-cond),Shrew_office_Sherill,124,drift,3,obvious,168,19918.04479791922,True,51.0,0.2857142857142857,21568.644797919223
HOW-profile(HoD-cond),Shrew_office_Sherill,124,spike,1,subtle,5,982.0393289635585,False,,0.0,790.0393289635585
HOW-profile(HoD-cond),Shrew_office_Sherill,124,spike,3,obvious,3,1418.5189408034698,True,1.0,0.6666666666666666,1359.7689408034698
HOW-profile(HoD-cond),Wolf_office_Darleen,124,drift,3,obvious,216,4246.600657922468,True,100.0,0.1712962962962963,1911.9508815476784
HOW-profile(HoD-cond),Wolf_office_Darleen,124,drift,3,obvious,240,4976.241380732559,True,35.0,0.17916666666666667,5934.894096726729
HOW-profile(HoD-cond),Wolf_office_Darleen,124,spike,3,obvious,3,254.48626821207995,True,1.0,0.6666666666666666,253.48626821207995
HOW-profile(HoD-cond),Wolf_office_Darleen,124,schedule,3,obvious,216,98.90988369231172,True,34.0,0.032407407407407406,1134.159181529546
HOW-profile(HoD-cond),Wolf_office_Darleen,124,spike,2,moderate,5,263.59770868297966,True,2.0,0.6,247.09770868297966
HOW-profile(HoD-cond),Wolf_office_Darleen,124,drift,3,obvious,192,3387.5794404471744,True,1.0,0.6302083333333334,3214.3874194322266
HOW-profile(HoD-cond),Wolf_retail_Harriett,124,spike,1,subtle,3,109.46943691528074,False,,0.0,138.76943691528075
HOW-profile(HoD-cond),Wolf_retail_Harriett,124,drift,2,moderate,216,3442.80368568748,True,17.0,0.3148148148148148,4336.91102950273
HOW-profile(HoD-cond),Wolf_retail_Harriett,124,spike,2,moderate,1,118.095825507048,True,0.0,1.0,131.067075507048
HOW-profile(HoD-cond),Wolf_retail_Harriett,124,spike,2,moderate,1,95.23365086904356,True,0.0,1.0,101.07615086904359
HOW-profile(HoD-cond),Wolf_retail_Harriett,124,drift,1,subtle,168,915.2694268515739,True,7.0,0.017857142857142856,2143.9617593034436
HOW-profile(HoD-cond),Wolf_retail_Harriett,124,schedule,2,moderate,120,16.811704598329925,True,7.0,0.016666666666666666,437.74541666666664
HOW-profile(HoD-cond),Wolf_retail_Marcella,124,drift,1,subtle,120,77.19480955887502,True,45.0,0.008333333333333333,213.41098676185246
HOW-profile(HoD-cond),Wolf_retail_Marcella,124,spike,3,obvious,4,54.744085512607896,True,1.0,0.75,78.45908551260788
HOW-profile(HoD-cond),Wolf_retail_Marcella,124,drift,3,obvious,216,805.9237291893736,True,125.0,0.12962962962962962,1107.1722797877621
HOW-profile(HoD-cond),Wolf_retail_Marcella,124,drift,2,moderate,144,245.1612452558267,True,58.0,0.4097222222222222,318.5617662398868
HOW-profile(HoD-cond),Wolf_retail_Marcella,124,spike,1,subtle,1,15.299112680094524,True,0.0,1.0,14.737862680094524
HOW-profile(HoD-cond),Wolf_retail_Marcella,124,drift,1,subtle,240,161.5415176515241,True,0.0,0.08333333333333333,349.51022842699905
HOW-profile(HoD-cond),Wolf_retail_Toshia,124,spike,3,obvious,4,813.8222848184951,True,1.0,0.75,778.0097848184951
HOW-profile(HoD-cond),Wolf_retail_Toshia,124,spike,3,obvious,5,1170.5817793556578,True,1.0,0.8,1171.014279355658
HOW-profile(HoD-cond),Wolf_retail_Toshia,124,schedule,3,obvious,120,146.55404856680667,True,96.0,0.06666666666666667,2022.348586662745
HOW-profile(HoD-cond),Wolf_retail_Toshia,124,schedule,3,obvious,72,196.04409342229565,False,,0.0,453.8317506097279
HOW-profile(HoD-cond),Wolf_retail_Toshia,124,drift,1,subtle,216,1058.247230158493,True,134.0,0.009259259259259259,2169.083683972961
HOW-profile(HoD-cond),Wolf_retail_Toshia,124,spike,1,subtle,4,354.7456702313118,True,2.0,0.5,257.0441380631554
"PatchTST-SSL(HoW-cond, patch-mask train)",Fox_education_Henrietta,124,schedule,3,obvious,192,60.315560882006025,True,25.0,0.15104166666666666,1316.0082907978606
"PatchTST-SSL(HoW-cond, patch-mask train)",Fox_education_Henrietta,124,spike,3,obvious,4,167.26170856365857,True,1.0,0.75,145.88004505018665
"PatchTST-SSL(HoW-cond, patch-mask train)",Fox_education_Henrietta,124,spike,1,subtle,5,78.18136394771389,True,3.0,0.4,32.256407727026385
"PatchTST-SSL(HoW-cond, patch-mask train)",Fox_education_Henrietta,124,schedule,3,obvious,144,183.66365980408142,False,,0.0,537.997955876407
"PatchTST-SSL(HoW-cond, patch-mask train)",Fox_education_Henrietta,124,drift,1,subtle,216,520.3709604977303,True,118.0,0.1111111111111111,2847.8067961445427
"PatchTST-SSL(HoW-cond, patch-mask train)",Fox_education_Henrietta,124,spike,2,moderate,1,61.819841831657534,True,0.0,1.0,62.648130483650085
"PatchTST-SSL(HoW-cond, patch-mask train)",Fox_retail_Manie,124,spike,3,obvious,3,360.30977822599573,True,1.0,0.6666666666666666,429.2763320170262
"PatchTST-SSL(HoW-cond, patch-mask train)",Fox_retail_Manie,124,schedule,3,obvious,192,705.5814088582074,True,64.0,0.13020833333333334,3727.8126966260916
"PatchTST-SSL(HoW-cond, patch-mask train)",Fox_retail_Manie,124,spike,3,obvious,5,598.2254276518972,True,2.0,0.6,706.8627863722331
"PatchTST-SSL(HoW-cond, patch-mask train)",Fox_retail_Manie,124,drift,2,moderate,168,1941.7014736338524,True,7.0,0.16071428571428573,3816.2306837043134
"PatchTST-SSL(HoW-cond, patch-mask train)",Fox_retail_Manie,124,spike,1,subtle,3,155.21794966966723,True,2.0,0.3333333333333333,151.61529545820704
"PatchTST-SSL(HoW-cond, patch-mask train)",Fox_retail_Manie,124,schedule,3,obvious,96,172.62577698158896,True,16.0,0.125,1653.6047678362172
"PatchTST-SSL(HoW-cond, patch-mask train)",Hog_education_Bruno,124,drift,3,obvious,264,46417.54410572455,True,7.0,0.7992424242424242,51519.51307945926
"PatchTST-SSL(HoW-cond, patch-mask train)",Hog_education_Bruno,124,drift,1,subtle,216,9812.30313173102,False,,0.0,14407.801994248195
"PatchTST-SSL(HoW-cond, patch-mask train)",Hog_education_Bruno,124,drift,2,moderate,120,6595.295146158791,True,19.0,0.575,8514.976369456454
"PatchTST-SSL(HoW-cond, patch-mask train)",Hog_education_Bruno,124,spike,1,subtle,5,299.2891721906774,False,,0.0,381.50631491000445
"PatchTST-SSL(HoW-cond, patch-mask train)",Hog_education_Bruno,124,drift,1,subtle,216,8137.5103929530915,True,152.0,0.041666666666666664,12401.143523710523
"PatchTST-SSL(HoW-cond, patch-mask train)",Hog_education_Bruno,124,spike,1,subtle,4,291.6501178934577,False,,0.0,436.49344292920364
"PatchTST-SSL(HoW-cond, patch-mask train)",Hog_education_Caridad,124,drift,2,moderate,120,26559.114233147702,True,73.0,0.15833333333333333,31122.46895904946
"PatchTST-SSL(HoW-cond, patch-mask train)",Hog_education_Caridad,124,schedule,2,moderate,168,5586.936543560644,False,,0.0,3433.463480205168
"PatchTST-SSL(HoW-cond, patch-mask train)",Hog_education_Caridad,124,drift,1,subtle,192,28961.841270979025,True,150.0,0.041666666666666664,30331.36168401139
"PatchTST-SSL(HoW-cond, patch-mask train)",Hog_education_Caridad,124,spike,1,subtle,1,3232.119287388384,False,,0.0,2986.3412669016734
"PatchTST-SSL(HoW-cond, patch-mask train)",Hog_education_Caridad,124,schedule,3,obvious,96,7326.264039132635,False,,0.0,7888.253092250551
"PatchTST-SSL(HoW-cond, patch-mask train)",Hog_education_Caridad,124,spike,1,subtle,4,6005.765793875593,True,1.0,0.75,8084.791113747247
"PatchTST-SSL(HoW-cond, patch-mask train)",Hog_education_Josh,124,spike,1,subtle,5,594.6326420608618,True,4.0,0.2,495.64292635092875
"PatchTST-SSL(HoW-cond, patch-mask train)",Hog_education_Josh,124,schedule,2,moderate,96,1475.452371600362,False,,0.0,444.3929320304898
"PatchTST-SSL(HoW-cond, patch-mask train)",Hog_education_Josh,124,drift,3,obvious,192,16691.47805798628,True,20.0,0.3854166666666667,26415.82964019443
"PatchTST-SSL(HoW-cond, patch-mask train)",Hog_education_Josh,124,spike,3,obvious,3,765.3532648336346,True,1.0,0.6666666666666666,838.9313459197463
"PatchTST-SSL(HoW-cond, patch-mask train)",Hog_education_Josh,124,spike,3,obvious,3,668.1453240628807,True,1.0,0.6666666666666666,1130.4419186834548
"PatchTST-SSL(HoW-cond, patch-mask train)",Hog_education_Josh,124,drift,1,subtle,168,2891.321119750779,True,17.0,0.023809523809523808,19159.809948653496
"PatchTST-SSL(HoW-cond, patch-mask train)",Hog_education_Luvenia,124,drift,3,obvious,168,36139.97417896839,True,0.0,0.8630952380952381,43995.23780384225
"PatchTST-SSL(HoW-cond, patch-mask train)",Hog_education_Luvenia,124,drift,1,subtle,192,8901.64724636137,False,,0.0,7424.951741606805
"PatchTST-SSL(HoW-cond, patch-mask train)",Hog_education_Luvenia,124,drift,3,obvious,288,107739.74583786631,True,71.0,0.6111111111111112,103341.28267683629
"PatchTST-SSL(HoW-cond, patch-mask train)",Hog_education_Luvenia,124,drift,3,obvious,120,16462.105680988763,False,,0.0,19219.045813664896
"PatchTST-SSL(HoW-cond, patch-mask train)",Hog_education_Luvenia,124,spike,2,moderate,4,909.4970148676152,False,,0.0,1603.748802601679
"PatchTST-SSL(HoW-cond, patch-mask train)",Hog_education_Luvenia,124,drift,3,obvious,144,25989.04317118203,True,92.0,0.2222222222222222,31453.323033332934
"PatchTST-SSL(HoW-cond, patch-mask train)",Hog_office_Almeda,124,schedule,3,obvious,144,687.7865728908646,True,5.0,0.08333333333333333,1918.1438102333188
"PatchTST-SSL(HoW-cond, patch-mask train)",Hog_office_Almeda,124,schedule,2,moderate,120,80.57674715737826,True,65.0,0.10833333333333334,1937.0060288511818
"PatchTST-SSL(HoW-cond, patch-mask train)",Hog_office_Almeda,124,drift,1,subtle,288,2065.7478398767325,True,16.0,0.05555555555555555,3563.794812360573
"PatchTST-SSL(HoW-cond, patch-mask train)",Hog_office_Almeda,124,spike,3,obvious,4,433.52703801649193,True,1.0,0.75,488.1778216917762
"PatchTST-SSL(HoW-cond, patch-mask train)",Hog_office_Almeda,124,spike,3,obvious,4,417.9640816562538,True,1.0,0.75,424.68619081825705
"PatchTST-SSL(HoW-cond, patch-mask train)",Hog_office_Almeda,124,spike,2,moderate,2,136.54824351694936,True,1.0,0.5,148.23252055919306
"PatchTST-SSL(HoW-cond, patch-mask train)",Hog_office_Cortney,124,spike,2,moderate,3,357.681035451082,True,1.0,0.6666666666666666,357.5254336211322
"PatchTST-SSL(HoW-cond, patch-mask train)",Hog_office_Cortney,124,spike,3,obvious,5,867.3573209702461,True,2.0,0.6,1041.3852419688785
"PatchTST-SSL(HoW-cond, patch-mask train)",Hog_office_Cortney,124,spike,1,subtle,5,408.4063300315772,True,1.0,0.8,366.5981842007249
"PatchTST-SSL(HoW-cond, patch-mask train)",Hog_office_Cortney,124,spike,2,moderate,1,272.95887519299555,True,0.0,1.0,273.1734095977688
"PatchTST-SSL(HoW-cond, patch-mask train)",Hog_office_Cortney,124,schedule,3,obvious,120,371.5476152277705,False,,0.0,2377.632991987024
"PatchTST-SSL(HoW-cond, patch-mask train)",Hog_office_Cortney,124,spike,1,subtle,1,181.02968838654505,True,0.0,1.0,190.37357965228162
"PatchTST-SSL(HoW-cond, patch-mask train)",Hog_office_Denita,124,schedule,3,obvious,192,911.8087205658233,True,15.0,0.09895833333333333,2171.8193559944693
"PatchTST-SSL(HoW-cond, patch-mask train)",Hog_office_Denita,124,schedule,2,moderate,120,221.43335855207079,False,,0.0,181.93751477417203
"PatchTST-SSL(HoW-cond, patch-mask train)",Hog_office_Denita,124,drift,1,subtle,264,2914.5363022298425,True,144.0,0.06439393939393939,5125.942528227006
"PatchTST-SSL(HoW-cond, patch-mask train)",Hog_office_Denita,124,schedule,2,moderate,120,364.88929710752984,True,76.0,0.008333333333333333,1572.1993294288022
"PatchTST-SSL(HoW-cond, patch-mask train)",Hog_office_Denita,124,drift,3,obvious,144,2702.7509967910933,False,,0.0,4394.065129196909
"PatchTST-SSL(HoW-cond, patch-mask train)",Hog_office_Denita,124,spike,3,obvious,5,636.4034244866059,True,0.0,1.0,776.9012526343108
"PatchTST-SSL(HoW-cond, patch-mask train)",Hog_office_Garrett,124,drift,1,subtle,192,5556.152288561812,True,80.0,0.07291666666666667,9376.1424365346
"PatchTST-SSL(HoW-cond, patch-mask train)",Hog_office_Garrett,124,schedule,3,obvious,192,6469.905965881119,True,4.0,0.203125,6548.323679583875
"PatchTST-SSL(HoW-cond, patch-mask train)",Hog_office_Garrett,124,drift,1,subtle,120,2425.0334129518105,True,75.0,0.075,4096.327435299587
"PatchTST-SSL(HoW-cond, patch-mask train)",Hog_office_Garrett,124,spike,3,obvious,3,2491.689618857125,True,1.0,0.6666666666666666,2292.385562538051
"PatchTST-SSL(HoW-cond, patch-mask train)",Hog_office_Garrett,124,drift,1,subtle,312,26591.048645774314,True,23.0,0.3076923076923077,23424.001819385678
"PatchTST-SSL(HoW-cond, patch-mask train)",Hog_office_Garrett,124,spike,1,subtle,3,934.2433043536314,True,1.0,0.6666666666666666,931.0691517481489
"PatchTST-SSL(HoW-cond, patch-mask train)",Hog_office_Lavon,124,drift,1,subtle,168,350.1790514100819,False,,0.0,10910.418537627065
"PatchTST-SSL(HoW-cond, patch-mask train)",Hog_office_Lavon,124,drift,3,obvious,216,2544.700922092341,False,,0.0,51591.317896568566
"PatchTST-SSL(HoW-cond, patch-mask train)",Hog_office_Lavon,124,spike,3,obvious,4,7791.569566645738,True,1.0,0.75,9501.994351604924
"PatchTST-SSL(HoW-cond, patch-mask train)",Hog_office_Lavon,124,drift,2,moderate,240,1571.1852408501998,True,54.0,0.016666666666666666,13977.91122672814
"PatchTST-SSL(HoW-cond, patch-mask train)",Hog_office_Lavon,124,spike,1,subtle,3,2562.0763129709776,True,2.0,0.3333333333333333,3929.3225985906483
"PatchTST-SSL(HoW-cond, patch-mask train)",Hog_office_Lavon,124,spike,2,moderate,3,3484.1998013300895,True,1.0,0.6666666666666666,4310.639279882695
"PatchTST-SSL(HoW-cond, patch-mask train)",Hog_office_Merilyn,124,spike,2,moderate,1,50.65190585486498,True,0.0,1.0,48.840331209973584
"PatchTST-SSL(HoW-cond, patch-mask train)",Hog_office_Merilyn,124,schedule,3,obvious,216,152.38178728386578,True,184.0,0.004629629629629629,1647.106070868562
"PatchTST-SSL(HoW-cond, patch-mask train)",Hog_office_Merilyn,124,drift,3,obvious,120,1338.0795839605812,True,80.0,0.3333333333333333,823.0610656010108
"PatchTST-SSL(HoW-cond, patch-mask train)",Hog_office_Merilyn,124,spike,2,moderate,2,45.062402681060725,True,1.0,0.5,43.33964744359041
"PatchTST-SSL(HoW-cond, patch-mask train)",Hog_office_Merilyn,124,spike,3,obvious,2,85.3039948781363,False,,0.0,104.50887543665083
"PatchTST-SSL(HoW-cond, patch-mask train)",Hog_office_Merilyn,124,schedule,3,obvious,96,77.01120943656545,False,,0.0,550.2876818811635
"PatchTST-SSL(HoW-cond, patch-mask train)",Hog_office_Miriam,124,spike,3,obvious,2,64.35778551681808,True,1.0,0.5,60.705234214151254
"PatchTST-SSL(HoW-cond, patch-mask train)",Hog_office_Miriam,124,drift,2,moderate,144,710.5379465954393,True,16.0,0.2152777777777778,1220.824878042331
"PatchTST-SSL(HoW-cond, patch-mask train)",Hog_office_Miriam,124,drift,2,moderate,264,2505.2621881358136,True,28.0,0.13257575757575757,2605.361871241006
"PatchTST-SSL(HoW-cond, patch-mask train)",Hog_office_Miriam,124,schedule,2,moderate,192,28.96860913554888,False,,0.0,720.806081282273
"PatchTST-SSL(HoW-cond, patch-mask train)",Hog_office_Miriam,124,spike,1,subtle,4,54.73908505905362,False,,0.0,46.594624174947526
"PatchTST-SSL(HoW-cond, patch-mask train)",Hog_office_Miriam,124,drift,3,obvious,216,2729.9115140571216,True,182.0,0.004629629629629629,2885.036729958661
"PatchTST-SSL(HoW-cond, patch-mask train)",Hog_office_Napoleon,124,drift,2,moderate,120,2540.854333607559,True,51.0,0.125,3524.7538116319256
"PatchTST-SSL(HoW-cond, patch-mask train)",Hog_office_Napoleon,124,spike,3,obvious,4,551.9924978736196,True,1.0,0.75,559.2809258920865
"PatchTST-SSL(HoW-cond, patch-mask train)",Hog_office_Napoleon,124,drift,3,obvious,312,31153.419467939406,True,23.0,0.47115384615384615,31873.944878540515
"PatchTST-SSL(HoW-cond, patch-mask train)",Hog_office_Napoleon,124,spike,3,obvious,2,273.4514251683141,True,1.0,0.5,250.36838159145037
"PatchTST-SSL(HoW-cond, patch-mask train)",Hog_office_Napoleon,124,spike,3,obvious,2,327.44329958523474,False,,0.0,395.88447810545347
"PatchTST-SSL(HoW-cond, patch-mask train)",Hog_office_Napoleon,124,spike,3,obvious,2,305.2755175273484,True,1.0,0.5,354.69175983273107
"PatchTST-SSL(HoW-cond, patch-mask train)",Hog_office_Shawna,124,spike,3,obvious,5,1539.5136699261304,True,1.0,0.8,1531.4405418065278
"PatchTST-SSL(HoW-cond, patch-mask train)",Hog_office_Shawna,124,spike,2,moderate,3,657.8599513082542,True,1.0,0.6666666666666666,604.723084247161
"PatchTST-SSL(HoW-cond, patch-mask train)",Hog_office_Shawna,124,drift,2,moderate,216,9750.165846063275,True,44.0,0.17592592592592593,16103.226132518083
"PatchTST-SSL(HoW-cond, patch-mask train)",Hog_office_Shawna,124,drift,1,subtle,192,3460.430783507374,True,147.0,0.010416666666666666,10009.943726343688
"PatchTST-SSL(HoW-cond, patch-mask train)",Hog_office_Shawna,124,drift,2,moderate,192,8020.109920496582,True,92.0,0.03125,14651.491380845799
"PatchTST-SSL(HoW-cond, patch-mask train)",Hog_office_Shawna,124,drift,3,obvious,288,37201.3147175408,True,29.0,0.1909722222222222,50536.736127588694
"PatchTST-SSL(HoW-cond, patch-mask train)",Hog_office_Shawnna,124,schedule,2,moderate,192,2686.9850695181667,False,,0.0,6852.061795778363
"PatchTST-SSL(HoW-cond, patch-mask train)",Hog_office_Shawnna,124,schedule,2,moderate,192,2339.9254203213586,True,5.0,0.19270833333333334,6314.279663559974
"PatchTST-SSL(HoW-cond, patch-mask train)",Hog_office_Shawnna,124,spike,3,obvious,4,2756.7676249264605,True,1.0,0.75,2662.8100424435606
"PatchTST-SSL(HoW-cond, patch-mask train)",Hog_office_Shawnna,124,spike,2,moderate,3,1509.4132712336545,True,1.0,0.6666666666666666,1274.532618621502
"PatchTST-SSL(HoW-cond, patch-mask train)",Hog_office_Shawnna,124,drift,2,moderate,312,70147.64740535856,True,9.0,0.2724358974358974,68092.05057658924
"PatchTST-SSL(HoW-cond, patch-mask train)",Hog_office_Shawnna,124,drift,3,obvious,168,34606.77408644281,True,63.0,0.22023809523809523,23932.311646241495
"PatchTST-SSL(HoW-cond, patch-mask train)",Hog_office_Sherrie,124,drift,1,subtle,144,299.9499753120218,False,,0.0,879.4278676916
"PatchTST-SSL(HoW-cond, patch-mask train)",Hog_office_Sherrie,124,drift,1,subtle,288,1723.6191147775007,True,48.0,0.08680555555555555,3217.520324328525
"PatchTST-SSL(HoW-cond, patch-mask train)",Hog_office_Sherrie,124,drift,3,obvious,240,5648.538585258806,True,8.0,0.5833333333333334,7400.3658735105
"PatchTST-SSL(HoW-cond, patch-mask train)",Hog_office_Sherrie,124,schedule,2,moderate,144,4.347234852761044,False,,0.0,861.0450885417722
"PatchTST-SSL(HoW-cond, patch-mask train)",Hog_office_Sherrie,124,schedule,3,obvious,144,343.59874707536767,False,,0.0,1239.1974658631211
"PatchTST-SSL(HoW-cond, patch-mask train)",Hog_office_Sherrie,124,spike,1,subtle,3,99.29138806902563,False,,0.0,84.3646589277328
"PatchTST-SSL(HoW-cond, patch-mask train)",Hog_office_Shon,124,drift,1,subtle,192,2182.037256465568,True,98.0,0.03125,4765.371754009036
"PatchTST-SSL(HoW-cond, patch-mask train)",Hog_office_Shon,124,spike,2,moderate,1,151.8227361048974,True,0.0,1.0,153.42146159658824
"PatchTST-SSL(HoW-cond, patch-mask train)",Hog_office_Shon,124,schedule,3,obvious,144,879.862336287282,False,,0.0,2482.1396428076664
"PatchTST-SSL(HoW-cond, patch-mask train)",Hog_office_Shon,124,schedule,3,obvious,192,1117.8231857134415,False,,0.0,3910.9183696819186
"PatchTST-SSL(HoW-cond, patch-mask train)",Hog_office_Shon,124,drift,2,moderate,192,3701.5660588324213,True,56.0,0.28125,5437.272770044595
"PatchTST-SSL(HoW-cond, patch-mask train)",Hog_office_Shon,124,drift,2,moderate,144,2737.1461577962623,True,26.0,0.041666666666666664,1259.1312677660908
"PatchTST-SSL(HoW-cond, patch-mask train)",Hog_office_Sydney,124,drift,1,subtle,288,8119.592526843504,True,19.0,0.13194444444444445,9600.242083892856
"PatchTST-SSL(HoW-cond, patch-mask train)",Hog_office_Sydney,124,spike,1,subtle,5,196.46583991897998,True,4.0,0.2,170.62503114560826
"PatchTST-SSL(HoW-cond, patch-mask train)",Hog_office_Sydney,124,spike,1,subtle,1,85.70597551646374,True,0.0,1.0,77.04057895032741
"PatchTST-SSL(HoW-cond, patch-mask train)",Hog_office_Sydney,124,spike,2,moderate,1,131.22745681677335,False,,0.0,133.8890935349938
"PatchTST-SSL(HoW-cond, patch-mask train)",Hog_office_Sydney,124,spike,2,moderate,1,148.69647404756202,True,0.0,1.0,149.58644405207173
"PatchTST-SSL(HoW-cond, patch-mask train)",Hog_office_Sydney,124,spike,2,moderate,2,174.68537972142465,True,1.0,0.5,201.33134114375142
"PatchTST-SSL(HoW-cond, patch-mask train)",Hog_office_Valda,124,drift,2,moderate,264,2857.1177976370764,True,56.0,0.3939393939393939,4086.361317834828
"PatchTST-SSL(HoW-cond, patch-mask train)",Hog_office_Valda,124,spike,3,obvious,1,146.1924647334952,True,0.0,1.0,152.02213018390142
"PatchTST-SSL(HoW-cond, patch-mask train)",Hog_office_Valda,124,drift,3,obvious,264,4547.513835535305,True,22.0,0.5189393939393939,5689.1687847076155
"PatchTST-SSL(HoW-cond, patch-mask train)",Hog_office_Valda,124,spike,2,moderate,1,90.96816539874969,True,0.0,1.0,103.27561798325556
"PatchTST-SSL(HoW-cond, patch-mask train)",Hog_office_Valda,124,schedule,3,obvious,192,295.3654460515271,True,5.0,0.11979166666666667,1523.9737542466823
"PatchTST-SSL(HoW-cond, patch-mask train)",Hog_office_Valda,124,schedule,3,obvious,72,129.23500259287323,True,17.0,0.19444444444444445,526.3718980058675
"PatchTST-SSL(HoW-cond, patch-mask train)",Lamb_education_Armando,124,schedule,3,obvious,168,42.351505729948684,False,,0.0,4670.474568413831
"PatchTST-SSL(HoW-cond, patch-mask train)",Lamb_education_Armando,124,drift,2,moderate,264,3545.686108845367,True,17.0,0.2196969696969697,13363.347251680058
"PatchTST-SSL(HoW-cond, patch-mask train)",Lamb_education_Armando,124,drift,2,moderate,120,581.1700915763748,False,,0.0,557.946041935811
"PatchTST-SSL(HoW-cond, patch-mask train)",Lamb_education_Armando,124,drift,3,obvious,192,3408.2489944527274,True,95.0,0.24479166666666666,8688.784553915162
"PatchTST-SSL(HoW-cond, patch-mask train)",Lamb_education_Armando,124,spike,2,moderate,1,221.83527427775363,True,0.0,1.0,229.46881022304328
"PatchTST-SSL(HoW-cond, patch-mask train)",Lamb_education_Armando,124,schedule,3,obvious,96,36.35899298629825,False,,0.0,1860.5739010228153
"PatchTST-SSL(HoW-cond, patch-mask train)",Lamb_education_Eula,124,drift,3,obvious,216,124.56056570809537,True,16.0,0.14814814814814814,327.14169218097794
"PatchTST-SSL(HoW-cond, patch-mask train)",Lamb_education_Eula,124,spike,1,subtle,3,9.411480791510446,True,1.0,0.6666666666666666,9.997735696893688
"PatchTST-SSL(HoW-cond, patch-mask train)",Lamb_education_Eula,124,drift,2,moderate,264,116.57449026741199,True,26.0,0.022727272727272728,231.6797298607887
"PatchTST-SSL(HoW-cond, patch-mask train)",Lamb_education_Eula,124,spike,2,moderate,2,8.906459358942762,True,1.0,0.5,16.486007253699235
"PatchTST-SSL(HoW-cond, patch-mask train)",Lamb_education_Eula,124,spike,3,obvious,2,15.085603107142502,True,1.0,0.5,15.503254883329317
"PatchTST-SSL(HoW-cond, patch-mask train)",Lamb_education_Eula,124,drift,2,moderate,240,67.55719881227861,True,19.0,0.24166666666666667,466.32541752237364
"PatchTST-SSL(HoW-cond, patch-mask train)",Lamb_education_Lazaro,124,drift,1,subtle,192,461.23669069021577,False,,0.0,2213.545289776868
"PatchTST-SSL(HoW-cond, patch-mask train)",Lamb_education_Lazaro,124,spike,3,obvious,4,400.82250918666176,False,,0.0,305.82528228090524
"PatchTST-SSL(HoW-cond, patch-mask train)",Lamb_education_Lazaro,124,drift,1,subtle,240,604.235159033965,False,,0.0,986.4906789138486
"PatchTST-SSL(HoW-cond, patch-mask train)",Lamb_education_Lazaro,124,drift,2,moderate,144,497.9093626321239,False,,0.0,2156.2053249895475
"PatchTST-SSL(HoW-cond, patch-mask train)",Lamb_education_Lazaro,124,spike,2,moderate,5,323.27785981812565,True,2.0,0.6,297.27201449383233
"PatchTST-SSL(HoW-cond, patch-mask train)",Lamb_education_Lazaro,124,spike,3,obvious,1,216.09390823268618,True,0.0,1.0,217.30917377732885
"PatchTST-SSL(HoW-cond, patch-mask train)",Lamb_education_Lucas,124,drift,3,obvious,240,801.2582428094648,True,41.0,0.3,1711.1947981248377
"PatchTST-SSL(HoW-cond, patch-mask train)",Lamb_education_Lucas,124,schedule,3,obvious,120,44.89451201081894,True,108.0,0.008333333333333333,44.80328442572585
"PatchTST-SSL(HoW-cond, patch-mask train)",Lamb_education_Lucas,124,spike,3,obvious,5,133.8321468000379,True,2.0,0.6,166.0290001192074
"PatchTST-SSL(HoW-cond, patch-mask train)",Lamb_education_Lucas,124,drift,3,obvious,144,273.9606663738274,True,27.0,0.11805555555555555,836.2315285059816
"PatchTST-SSL(HoW-cond, patch-mask train)",Lamb_education_Lucas,124,spike,3,obvious,5,142.6454074837294,True,1.0,0.8,132.51376041676596
"PatchTST-SSL(HoW-cond, patch-mask train)",Lamb_education_Lucas,124,drift,1,subtle,120,38.67614445359179,True,21.0,0.06666666666666667,649.1092778428322
"PatchTST-SSL(HoW-cond, patch-mask train)",Lamb_education_Mae,124,spike,1,subtle,5,323.07918229430084,True,0.0,1.0,424.6684995903413
"PatchTST-SSL(HoW-cond, patch-mask train)",Lamb_education_Mae,124,spike,2,moderate,4,516.0264638666401,True,1.0,0.75,525.1741348611894
"PatchTST-SSL(HoW-cond, patch-mask train)",Lamb_education_Mae,124,drift,2,moderate,240,3932.5231562095887,True,61.0,0.21666666666666667,11145.223592198625
"PatchTST-SSL(HoW-cond, patch-mask train)",Lamb_education_Mae,124,spike,2,moderate,2,212.59441880931385,True,1.0,0.5,218.11285851612863
"PatchTST-SSL(HoW-cond, patch-mask train)",Lamb_education_Mae,124,drift,3,obvious,144,2958.7246626678852,True,139.0,0.027777777777777776,2441.9130144938276
"PatchTST-SSL(HoW-cond, patch-mask train)",Lamb_education_Mae,124,spike,1,subtle,1,162.31276356035605,True,0.0,1.0,241.9699244433355
"PatchTST-SSL(HoW-cond, patch-mask train)",Lamb_education_Williams,124,drift,1,subtle,264,746.3809443232789,True,18.0,0.12121212121212122,5435.017962651974
"PatchTST-SSL(HoW-cond, patch-mask train)",Lamb_education_Williams,124,drift,1,subtle,240,639.2960181545328,True,138.0,0.0625,6513.731915676684
"PatchTST-SSL(HoW-cond, patch-mask train)",Lamb_education_Williams,124,drift,3,obvious,312,4579.005177313596,True,97.0,0.15384615384615385,7531.342411609012
"PatchTST-SSL(HoW-cond, patch-mask train)",Lamb_education_Williams,124,schedule,3,obvious,168,245.34222782811088,True,10.0,0.05357142857142857,4510.590303137472
"PatchTST-SSL(HoW-cond, patch-mask train)",Lamb_education_Williams,124,spike,1,subtle,4,225.11065302241795,True,2.0,0.5,246.97508203827863
"PatchTST-SSL(HoW-cond, patch-mask train)",Lamb_education_Williams,124,schedule,2,moderate,216,120.36486662932188,True,82.0,0.06018518518518518,6092.233942582205
"PatchTST-SSL(HoW-cond, patch-mask train)",Lamb_office_Caitlin,124,spike,2,moderate,2,287.84152497083744,True,1.0,0.5,277.6483360601048
"PatchTST-SSL(HoW-cond, patch-mask train)",Lamb_office_Caitlin,124,drift,1,subtle,144,174.86513893786412,True,41.0,0.06944444444444445,13.436891780956037
"PatchTST-SSL(HoW-cond, patch-mask train)",Lamb_office_Caitlin,124,schedule,1,subtle,72,45.94439519567189,True,53.0,0.05555555555555555,7.155215175403887
"PatchTST-SSL(HoW-cond, patch-mask train)",Lamb_office_Caitlin,124,drift,3,obvious,192,1366.1223200641446,True,39.0,0.3958333333333333,3060.9260582797465
"PatchTST-SSL(HoW-cond, patch-mask train)",Lamb_office_Caitlin,124,spike,3,obvious,3,499.75478148973514,False,,0.0,472.614583590053
"PatchTST-SSL(HoW-cond, patch-mask train)",Lamb_office_Caitlin,124,spike,3,obvious,5,914.2945579554216,True,1.0,0.8,825.2052133180018
"PatchTST-SSL(HoW-cond, patch-mask train)",Lamb_office_Velma,124,spike,2,moderate,5,712.063480372273,True,2.0,0.6,775.1077967709572
"PatchTST-SSL(HoW-cond, patch-mask train)",Lamb_office_Velma,124,schedule,2,moderate,192,5.02976783064522,True,2.0,0.020833333333333332,7536.25014115513
"PatchTST-SSL(HoW-cond, patch-mask train)",Lamb_office_Velma,124,spike,1,subtle,4,402.868816575697,True,1.0,0.75,702.9141127092478
"PatchTST-SSL(HoW-cond, patch-mask train)",Lamb_office_Velma,124,spike,2,moderate,5,716.8389665969552,True,2.0,0.6,605.1201523289494
"PatchTST-SSL(HoW-cond, patch-mask train)",Lamb_office_Velma,124,drift,2,moderate,168,3639.54112623905,True,13.0,0.19642857142857142,9926.749095026
"PatchTST-SSL(HoW-cond, patch-mask train)",Lamb_office_Velma,124,drift,3,obvious,168,7579.385515407095,True,16.0,0.27976190476190477,13112.868450926124
"PatchTST-SSL(HoW-cond, patch-mask train)",Rat_retail_Jeffrey,124,spike,1,subtle,5,291.60367573257804,True,3.0,0.4,152.04043522732744
"PatchTST-SSL(HoW-cond, patch-mask train)",Rat_retail_Jeffrey,124,spike,2,moderate,4,475.52021965664414,True,1.0,0.75,424.08196317408624
"PatchTST-SSL(HoW-cond, patch-mask train)",Rat_retail_Jeffrey,124,drift,2,moderate,144,2154.4490308847585,True,59.0,0.125,2680.0822292706757
"PatchTST-SSL(HoW-cond, patch-mask train)",Rat_retail_Jeffrey,124,spike,1,subtle,1,138.38502458085736,True,0.0,1.0,143.89035433827885
"PatchTST-SSL(HoW-cond, patch-mask train)",Rat_retail_Jeffrey,124,drift,1,subtle,120,610.2952989490467,True,3.0,0.26666666666666666,992.4408737581177
"PatchTST-SSL(HoW-cond, patch-mask train)",Rat_retail_Jeffrey,124,spike,3,obvious,3,473.61949934562676,True,1.0,0.6666666666666666,556.8998908419442
"PatchTST-SSL(HoW-cond, patch-mask train)",Robin_education_Zenia,124,drift,1,subtle,312,9085.837298458526,True,288.0,0.016025641025641024,31121.439079688596
"PatchTST-SSL(HoW-cond, patch-mask train)",Robin_education_Zenia,124,drift,3,obvious,264,29233.784782501494,True,74.0,0.38636363636363635,49034.11064633141
"PatchTST-SSL(HoW-cond, patch-mask train)",Robin_education_Zenia,124,drift,3,obvious,216,19698.159837123923,True,37.0,0.5370370370370371,36922.020850877045
"PatchTST-SSL(HoW-cond, patch-mask train)",Robin_education_Zenia,124,spike,3,obvious,1,234.24180318846012,False,,0.0,316.39368911889176
"PatchTST-SSL(HoW-cond, patch-mask train)",Robin_education_Zenia,124,drift,2,moderate,192,8507.294132048073,True,64.0,0.09895833333333333,21852.858612925327
"PatchTST-SSL(HoW-cond, patch-mask train)",Robin_education_Zenia,124,spike,1,subtle,1,103.78091077838481,True,0.0,1.0,167.13155866539228
"PatchTST-SSL(HoW-cond, patch-mask train)",Robin_office_Dina,124,drift,1,subtle,312,1671.5645498087358,True,7.0,0.07371794871794872,3840.3173033203934
"PatchTST-SSL(HoW-cond, patch-mask train)",Robin_office_Dina,124,spike,3,obvious,2,76.99172519770566,True,1.0,0.5,109.05944832063484
"PatchTST-SSL(HoW-cond, patch-mask train)",Robin_office_Dina,124,drift,2,moderate,168,1361.1516267334248,True,9.0,0.2976190476190476,1922.4633918753339
"PatchTST-SSL(HoW-cond, patch-mask train)",Robin_office_Dina,124,spike,1,subtle,3,54.39925792780521,True,1.0,0.6666666666666666,83.2762792261008
"PatchTST-SSL(HoW-cond, patch-mask train)",Robin_office_Dina,124,spike,3,obvious,3,106.22402211052074,True,1.0,0.6666666666666666,109.65993488636511
"PatchTST-SSL(HoW-cond, patch-mask train)",Robin_office_Dina,124,spike,2,moderate,4,100.90720420303032,True,2.0,0.5,167.82295143494042
"PatchTST-SSL(HoW-cond, patch-mask train)",Robin_office_Sammie,124,drift,2,moderate,240,8193.376963553696,True,75.0,0.05,10201.18492202894
"PatchTST-SSL(HoW-cond, patch-mask train)",Robin_office_Sammie,124,spike,2,moderate,5,264.22219886949006,True,4.0,0.2,352.29932994084135
"PatchTST-SSL(HoW-cond, patch-mask train)",Robin_office_Sammie,124,drift,2,moderate,120,2188.0140383288563,True,76.0,0.19166666666666668,4105.407729740596
"PatchTST-SSL(HoW-cond, patch-mask train)",Robin_office_Sammie,124,spike,3,obvious,4,325.76388530020796,True,1.0,0.75,423.7402992823843
"PatchTST-SSL(HoW-cond, patch-mask train)",Robin_office_Sammie,124,drift,3,obvious,216,10950.46293039176,True,17.0,0.44907407407407407,11379.937350826716
"PatchTST-SSL(HoW-cond, patch-mask train)",Robin_office_Sammie,124,schedule,2,moderate,216,283.6852349670226,False,,0.0,3034.0313214435973
"PatchTST-SSL(HoW-cond, patch-mask train)",Shrew_office_Doris,124,spike,3,obvious,4,967.677461342442,True,2.0,0.5,1251.5903155709407
"PatchTST-SSL(HoW-cond, patch-mask train)",Shrew_office_Doris,124,drift,2,moderate,216,13274.214899719289,True,3.0,0.5092592592592593,19033.14686396614
"PatchTST-SSL(HoW-cond, patch-mask train)",Shrew_office_Doris,124,drift,3,obvious,192,16874.680037500937,True,9.0,0.5677083333333334,22895.89231065369
"PatchTST-SSL(HoW-cond, patch-mask train)",Shrew_office_Doris,124,drift,2,moderate,288,21097.276446337128,True,161.0,0.06597222222222222,27863.803326426587
"PatchTST-SSL(HoW-cond, patch-mask train)",Shrew_office_Doris,124,spike,3,obvious,5,1269.3416243658435,True,2.0,0.6,1197.498072690847
"PatchTST-SSL(HoW-cond, patch-mask train)",Shrew_office_Doris,124,spike,1,subtle,5,492.6340337493294,True,3.0,0.4,509.03451322451485
"PatchTST-SSL(HoW-cond, patch-mask train)",Shrew_office_Ila,124,drift,1,subtle,216,2996.99212687992,True,125.0,0.032407407407407406,6704.185251938625
"PatchTST-SSL(HoW-cond, patch-mask train)",Shrew_office_Ila,124,drift,3,obvious,216,17305.03319043162,True,137.0,0.023148148148148147,19229.778616354255
"PatchTST-SSL(HoW-cond, patch-mask train)",Shrew_office_Ila,124,spike,3,obvious,4,725.0771146387649,True,1.0,0.75,727.6630264335706
"PatchTST-SSL(HoW-cond, patch-mask train)",Shrew_office_Ila,124,spike,1,subtle,2,146.5948962159231,True,1.0,0.5,158.43701288726598
"PatchTST-SSL(HoW-cond, patch-mask train)",Shrew_office_Ila,124,drift,2,moderate,144,4621.5561975259025,False,,0.0,7014.58673486802
"PatchTST-SSL(HoW-cond, patch-mask train)",Shrew_office_Ila,124,spike,3,obvious,4,673.7401307453438,True,1.0,0.75,817.4189863731895
"PatchTST-SSL(HoW-cond, patch-mask train)",Shrew_office_Kenneth,124,drift,2,moderate,192,1498.5085912518607,True,90.0,0.19270833333333334,3598.2490051849877
"PatchTST-SSL(HoW-cond, patch-mask train)",Shrew_office_Kenneth,124,drift,3,obvious,192,2842.3791870818204,True,16.0,0.40625,1119.811825000613
"PatchTST-SSL(HoW-cond, patch-mask train)",Shrew_office_Kenneth,124,spike,2,moderate,2,90.89096949254512,True,1.0,0.5,82.73547259975614
"PatchTST-SSL(HoW-cond, patch-mask train)",Shrew_office_Kenneth,124,spike,1,subtle,1,62.498642336023934,True,0.0,1.0,64.0398018961391
"PatchTST-SSL(HoW-cond, patch-mask train)",Shrew_office_Kenneth,124,spike,3,obvious,5,300.9768943363502,True,1.0,0.8,273.78898636117924
"PatchTST-SSL(HoW-cond, patch-mask train)",Shrew_office_Kenneth,124,spike,1,subtle,5,132.02422580194082,True,2.0,0.6,168.18593851830292
"PatchTST-SSL(HoW-cond, patch-mask train)",Shrew_office_Nora,124,drift,3,obvious,168,13959.850749005422,True,21.0,0.7202380952380952,18414.210729143844
"PatchTST-SSL(HoW-cond, patch-mask train)",Shrew_office_Nora,124,spike,1,subtle,2,260.69750787688605,True,1.0,0.5,201.2684425797283
"PatchTST-SSL(HoW-cond, patch-mask train)",Shrew_office_Nora,124,drift,1,subtle,216,4665.425658313194,True,36.0,0.09259259259259259,10966.279691248248
"PatchTST-SSL(HoW-cond, patch-mask train)",Shrew_office_Nora,124,drift,3,obvious,240,26280.58367879771,True,15.0,0.675,32564.411204670716
"PatchTST-SSL(HoW-cond, patch-mask train)",Shrew_office_Nora,124,spike,1,subtle,5,548.8590061520682,True,2.0,0.6,1046.115616988216
"PatchTST-SSL(HoW-cond, patch-mask train)",Shrew_office_Nora,124,spike,2,moderate,2,390.28208907425113,True,1.0,0.5,548.3104099983598
"PatchTST-SSL(HoW-cond, patch-mask train)",Shrew_office_Sherill,124,spike,3,obvious,3,1285.7986614249328,True,1.0,0.6666666666666666,1606.1016645479356
"PatchTST-SSL(HoW-cond, patch-mask train)",Shrew_office_Sherill,124,drift,2,moderate,120,6816.240253363444,True,20.0,0.15,12108.538802104085
"PatchTST-SSL(HoW-cond, patch-mask train)",Shrew_office_Sherill,124,spike,1,subtle,4,809.928865577001,True,2.0,0.5,568.9659045597773
"PatchTST-SSL(HoW-cond, patch-mask train)",Shrew_office_Sherill,124,drift,3,obvious,168,19918.04479791922,True,27.0,0.24404761904761904,28844.862043875983
"PatchTST-SSL(HoW-cond, patch-mask train)",Shrew_office_Sherill,124,spike,1,subtle,5,982.0393289635585,False,,0.0,1076.014557770428
"PatchTST-SSL(HoW-cond, patch-mask train)",Shrew_office_Sherill,124,spike,3,obvious,3,1418.5189408034698,True,1.0,0.6666666666666666,1292.0541194739285
"PatchTST-SSL(HoW-cond, patch-mask train)",Wolf_office_Darleen,124,drift,3,obvious,216,4246.600657922468,True,164.0,0.09722222222222222,2767.8895334307836
"PatchTST-SSL(HoW-cond, patch-mask train)",Wolf_office_Darleen,124,drift,3,obvious,240,4976.241380732559,True,173.0,0.058333333333333334,7223.622039256285
"PatchTST-SSL(HoW-cond, patch-mask train)",Wolf_office_Darleen,124,spike,3,obvious,3,254.48626821207995,True,1.0,0.6666666666666666,232.72583584114645
"PatchTST-SSL(HoW-cond, patch-mask train)",Wolf_office_Darleen,124,schedule,3,obvious,216,98.90988369231172,True,34.0,0.05092592592592592,2202.679709150168
"PatchTST-SSL(HoW-cond, patch-mask train)",Wolf_office_Darleen,124,spike,2,moderate,5,263.59770868297966,True,1.0,0.8,232.7804133022737
"PatchTST-SSL(HoW-cond, patch-mask train)",Wolf_office_Darleen,124,drift,3,obvious,192,3387.5794404471744,True,24.0,0.4322916666666667,4964.8447886354425
"PatchTST-SSL(HoW-cond, patch-mask train)",Wolf_retail_Harriett,124,spike,1,subtle,3,109.46943691528074,False,,0.0,225.79575964970428
"PatchTST-SSL(HoW-cond, patch-mask train)",Wolf_retail_Harriett,124,drift,2,moderate,216,3442.80368568748,True,38.0,0.3611111111111111,5451.324568693729
"PatchTST-SSL(HoW-cond, patch-mask train)",Wolf_retail_Harriett,124,spike,2,moderate,1,118.095825507048,True,0.0,1.0,138.3732225016374
"PatchTST-SSL(HoW-cond, patch-mask train)",Wolf_retail_Harriett,124,spike,2,moderate,1,95.23365086904356,True,0.0,1.0,115.100835010318
"PatchTST-SSL(HoW-cond, patch-mask train)",Wolf_retail_Harriett,124,drift,1,subtle,168,915.2694268515739,False,,0.0,3135.67013427911
"PatchTST-SSL(HoW-cond, patch-mask train)",Wolf_retail_Harriett,124,schedule,2,moderate,120,16.811704598329925,True,7.0,0.008333333333333333,1118.663630151107
"PatchTST-SSL(HoW-cond, patch-mask train)",Wolf_retail_Marcella,124,drift,1,subtle,120,77.19480955887502,True,43.0,0.025,266.43381226153554
"PatchTST-SSL(HoW-cond, patch-mask train)",Wolf_retail_Marcella,124,spike,3,obvious,4,54.744085512607896,True,1.0,0.75,75.78495106697707
"PatchTST-SSL(HoW-cond, patch-mask train)",Wolf_retail_Marcella,124,drift,3,obvious,216,805.9237291893736,True,69.0,0.08333333333333333,1332.8991879264954
"PatchTST-SSL(HoW-cond, patch-mask train)",Wolf_retail_Marcella,124,drift,2,moderate,144,245.1612452558267,True,87.0,0.375,410.6717282449441
"PatchTST-SSL(HoW-cond, patch-mask train)",Wolf_retail_Marcella,124,spike,1,subtle,1,15.299112680094524,True,0.0,1.0,14.106696444914094
"PatchTST-SSL(HoW-cond, patch-mask train)",Wolf_retail_Marcella,124,drift,1,subtle,240,161.5415176515241,True,13.0,0.041666666666666664,505.5444981197204
"PatchTST-SSL(HoW-cond, patch-mask train)",Wolf_retail_Toshia,124,spike,3,obvious,4,813.8222848184951,True,1.0,0.75,689.9393688873205
"PatchTST-SSL(HoW-cond, patch-mask train)",Wolf_retail_Toshia,124,spike,3,obvious,5,1170.5817793556578,True,1.0,0.8,1191.1661682982424
"PatchTST-SSL(HoW-cond, patch-mask train)",Wolf_retail_Toshia,124,schedule,3,obvious,120,146.55404856680667,True,96.0,0.075,3173.3140308726474
"PatchTST-SSL(HoW-cond, patch-mask train)",Wolf_retail_Toshia,124,schedule,3,obvious,72,196.04409342229565,True,41.0,0.013888888888888888,1580.0356815974403
"PatchTST-SSL(HoW-cond, patch-mask train)",Wolf_retail_Toshia,124,drift,1,subtle,216,1058.247230158493,True,79.0,0.027777777777777776,6931.363836059059
"PatchTST-SSL(HoW-cond, patch-mask train)",Wolf_retail_Toshia,124,spike,1,subtle,4,354.7456702313118,True,2.0,0.5,339.4459930127932
TOWT(HoW-cond),Fox_education_Henrietta,124,schedule,3,obvious,192,60.315560882006025,True,0.0,0.2760416666666667,1505.6316694321197
TOWT(HoW-cond),Fox_education_Henrietta,124,spike,3,obvious,4,167.26170856365857,True,1.0,0.75,186.9749539639485
TOWT(HoW-cond),Fox_education_Henrietta,124,spike,1,subtle,5,78.18136394771389,True,3.0,0.4,56.36602670319599
TOWT(HoW-cond),Fox_education_Henrietta,124,schedule,3,obvious,144,183.66365980408142,False,,0.0,197.2329038876064
TOWT(HoW-cond),Fox_education_Henrietta,124,drift,1,subtle,216,520.3709604977303,True,119.0,0.10185185185185185,2213.8145366098033
TOWT(HoW-cond),Fox_education_Henrietta,124,spike,2,moderate,1,61.819841831657534,True,0.0,1.0,69.15900884208297
TOWT(HoW-cond),Fox_retail_Manie,124,spike,3,obvious,3,360.30977822599573,True,1.0,0.6666666666666666,322.33113465226256
TOWT(HoW-cond),Fox_retail_Manie,124,schedule,3,obvious,192,705.5814088582074,True,0.0,0.21354166666666666,1570.0669304294347
TOWT(HoW-cond),Fox_retail_Manie,124,spike,3,obvious,5,598.2254276518972,True,2.0,0.6,564.409375282931
TOWT(HoW-cond),Fox_retail_Manie,124,drift,2,moderate,168,1941.7014736338524,True,7.0,0.19047619047619047,2270.441526700357
TOWT(HoW-cond),Fox_retail_Manie,124,spike,1,subtle,3,155.21794966966723,True,2.0,0.3333333333333333,84.72382636357254
TOWT(HoW-cond),Fox_retail_Manie,124,schedule,3,obvious,96,172.62577698158896,True,40.0,0.10416666666666667,804.4520380309664
TOWT(HoW-cond),Hog_education_Bruno,124,drift,3,obvious,264,46417.54410572455,True,9.0,0.7916666666666666,45731.021549490404
TOWT(HoW-cond),Hog_education_Bruno,124,drift,1,subtle,216,9812.30313173102,False,,0.0,10353.361718204622
TOWT(HoW-cond),Hog_education_Bruno,124,drift,2,moderate,120,6595.295146158791,True,39.0,0.09166666666666666,6637.026325369862
TOWT(HoW-cond),Hog_education_Bruno,124,spike,1,subtle,5,299.2891721906774,False,,0.0,341.5293286606401
TOWT(HoW-cond),Hog_education_Bruno,124,drift,1,subtle,216,8137.5103929530915,True,171.0,0.05092592592592592,9348.119608795272
TOWT(HoW-cond),Hog_education_Bruno,124,spike,1,subtle,4,291.6501178934577,False,,0.0,297.06335457758433
TOWT(HoW-cond),Hog_education_Caridad,124,drift,2,moderate,120,26559.114233147702,False,,0.0,41899.40366708211
TOWT(HoW-cond),Hog_education_Caridad,124,schedule,2,moderate,168,5586.936543560644,False,,0.0,1053.6631133991064
TOWT(HoW-cond),Hog_education_Caridad,124,drift,1,subtle,192,28961.841270979025,True,136.0,0.005208333333333333,53850.535672513055
TOWT(HoW-cond),Hog_education_Caridad,124,spike,1,subtle,1,3232.119287388384,False,,0.0,2518.757472950231
TOWT(HoW-cond),Hog_education_Caridad,124,schedule,3,obvious,96,7326.264039132635,False,,0.0,8156.078798207164
TOWT(HoW-cond),Hog_education_Caridad,124,spike,1,subtle,4,6005.765793875593,True,2.0,0.5,7101.19517767833
TOWT(HoW-cond),Hog_education_Josh,124,spike,1,subtle,5,594.6326420608618,False,,0.0,433.43066574791493
TOWT(HoW-cond),Hog_education_Josh,124,schedule,2,moderate,96,1475.452371600362,False,,0.0,0.0
TOWT(HoW-cond),Hog_education_Josh,124,drift,3,obvious,192,16691.47805798628,True,35.0,0.3645833333333333,20063.81798643102
TOWT(HoW-cond),Hog_education_Josh,124,spike,3,obvious,3,765.3532648336346,True,1.0,0.6666666666666666,833.2211100654353
TOWT(HoW-cond),Hog_education_Josh,124,spike,3,obvious,3,668.1453240628807,True,1.0,0.6666666666666666,859.2975462852755
TOWT(HoW-cond),Hog_education_Josh,124,drift,1,subtle,168,2891.321119750779,True,16.0,0.11904761904761904,14639.047079127533
TOWT(HoW-cond),Hog_education_Luvenia,124,drift,3,obvious,168,36139.97417896839,True,0.0,0.9107142857142857,40183.17130232875
TOWT(HoW-cond),Hog_education_Luvenia,124,drift,1,subtle,192,8901.64724636137,False,,0.0,2988.139722880453
TOWT(HoW-cond),Hog_education_Luvenia,124,drift,3,obvious,288,107739.74583786631,True,52.0,0.6701388888888888,98824.88562697567
TOWT(HoW-cond),Hog_education_Luvenia,124,drift,3,obvious,120,16462.105680988763,False,,0.0,16662.853297479898
TOWT(HoW-cond),Hog_education_Luvenia,124,spike,2,moderate,4,909.4970148676152,False,,0.0,1153.9599867516295
TOWT(HoW-cond),Hog_education_Luvenia,124,drift,3,obvious,144,25989.04317118203,True,74.0,0.2986111111111111,28858.55021711585
TOWT(HoW-cond),Hog_office_Almeda,124,schedule,3,obvious,144,687.7865728908646,True,4.0,0.1527777777777778,975.0801449209694
TOWT(HoW-cond),Hog_office_Almeda,124,schedule,2,moderate,120,80.57674715737826,True,64.0,0.15,1239.6217446142796
TOWT(HoW-cond),Hog_office_Almeda,124,drift,1,subtle,288,2065.7478398767325,True,56.0,0.03125,1970.5047344755867
TOWT(HoW-cond),Hog_office_Almeda,124,spike,3,obvious,4,433.52703801649193,True,1.0,0.75,487.4947821993679
TOWT(HoW-cond),Hog_office_Almeda,124,spike,3,obvious,4,417.9640816562538,True,1.0,0.75,415.44734900281014
TOWT(HoW-cond),Hog_office_Almeda,124,spike,2,moderate,2,136.54824351694936,True,1.0,0.5,164.19939676308303
TOWT(HoW-cond),Hog_office_Cortney,124,spike,2,moderate,3,357.681035451082,True,1.0,0.6666666666666666,341.9017268723172
TOWT(HoW-cond),Hog_office_Cortney,124,spike,3,obvious,5,867.3573209702461,True,1.0,0.8,913.2410005484842
TOWT(HoW-cond),Hog_office_Cortney,124,spike,1,subtle,5,408.4063300315772,True,1.0,0.8,380.837843418228
TOWT(HoW-cond),Hog_office_Cortney,124,spike,2,moderate,1,272.95887519299555,True,0.0,1.0,265.45327598180614
TOWT(HoW-cond),Hog_office_Cortney,124,schedule,3,obvious,120,371.5476152277705,True,4.0,0.008333333333333333,353.03141299052277
TOWT(HoW-cond),Hog_office_Cortney,124,spike,1,subtle,1,181.02968838654505,True,0.0,1.0,175.5084822506108
TOWT(HoW-cond),Hog_office_Denita,124,schedule,3,obvious,192,911.8087205658233,True,17.0,0.11979166666666667,742.8869503558785
TOWT(HoW-cond),Hog_office_Denita,124,schedule,2,moderate,120,221.43335855207079,False,,0.0,3.452042068958008
TOWT(HoW-cond),Hog_office_Denita,124,drift,1,subtle,264,2914.5363022298425,True,169.0,0.20454545454545456,2624.3357314763125
TOWT(HoW-cond),Hog_office_Denita,124,schedule,2,moderate,120,364.88929710752984,True,76.0,0.008333333333333333,566.574967119866
TOWT(HoW-cond),Hog_office_Denita,124,drift,3,obvious,144,2702.7509967910933,False,,0.0,2662.0731935242648
TOWT(HoW-cond),Hog_office_Denita,124,spike,3,obvious,5,636.4034244866059,True,1.0,0.8,686.1700793503703
TOWT(HoW-cond),Hog_office_Garrett,124,drift,1,subtle,192,5556.152288561812,False,,0.0,9370.466667721008
TOWT(HoW-cond),Hog_office_Garrett,124,schedule,3,obvious,192,6469.905965881119,True,56.0,0.0625,9142.062042948077
TOWT(HoW-cond),Hog_office_Garrett,124,drift,1,subtle,120,2425.0334129518105,False,,0.0,1021.7855833157363
TOWT(HoW-cond),Hog_office_Garrett,124,spike,3,obvious,3,2491.689618857125,True,1.0,0.6666666666666666,2718.8987079674994
TOWT(HoW-cond),Hog_office_Garrett,124,drift,1,subtle,312,26591.048645774314,True,117.0,0.18269230769230768,12906.123936313397
TOWT(HoW-cond),Hog_office_Garrett,124,spike,1,subtle,3,934.2433043536314,True,1.0,0.6666666666666666,643.9666503065866
TOWT(HoW-cond),Hog_office_Lavon,124,drift,1,subtle,168,350.1790514100819,False,,0.0,17721.10322382464
TOWT(HoW-cond),Hog_office_Lavon,124,drift,3,obvious,216,2544.700922092341,False,,0.0,43116.33448245807
TOWT(HoW-cond),Hog_office_Lavon,124,spike,3,obvious,4,7791.569566645738,True,1.0,0.75,8629.535094887848
TOWT(HoW-cond),Hog_office_Lavon,124,drift,2,moderate,240,1571.1852408501998,False,,0.0,16969.582466537006
TOWT(HoW-cond),Hog_office_Lavon,124,spike,1,subtle,3,2562.0763129709776,True,1.0,0.6666666666666666,3349.168282825162
TOWT(HoW-cond),Hog_office_Lavon,124,spike,2,moderate,3,3484.1998013300895,True,1.0,0.6666666666666666,4324.955701322964
TOWT(HoW-cond),Hog_office_Merilyn,124,spike,2,moderate,1,50.65190585486498,True,0.0,1.0,51.3467053256248
TOWT(HoW-cond),Hog_office_Merilyn,124,schedule,3,obvious,216,152.38178728386578,True,184.0,0.004629629629629629,1249.222354447223
TOWT(HoW-cond),Hog_office_Merilyn,124,drift,3,obvious,120,1338.0795839605812,True,27.0,0.6833333333333333,1373.328779359883
TOWT(HoW-cond),Hog_office_Merilyn,124,spike,2,moderate,2,45.062402681060725,True,1.0,0.5,44.77533591999745
TOWT(HoW-cond),Hog_office_Merilyn,124,spike,3,obvious,2,85.3039948781363,False,,0.0,90.57712026116495
TOWT(HoW-cond),Hog_office_Merilyn,124,schedule,3,obvious,96,77.01120943656545,False,,0.0,247.08517772865602
TOWT(HoW-cond),Hog_office_Miriam,124,spike,3,obvious,2,64.35778551681808,True,1.0,0.5,65.49084939465601
TOWT(HoW-cond),Hog_office_Miriam,124,drift,2,moderate,144,710.5379465954393,True,16.0,0.2777777777777778,870.5491106208204
TOWT(HoW-cond),Hog_office_Miriam,124,drift,2,moderate,264,2505.2621881358136,True,29.0,0.23106060606060605,2117.8785059626466
TOWT(HoW-cond),Hog_office_Miriam,124,schedule,2,moderate,192,28.96860913554888,False,,0.0,253.19582814955623
TOWT(HoW-cond),Hog_office_Miriam,124,spike,1,subtle,4,54.73908505905362,False,,0.0,47.38525465235412
TOWT(HoW-cond),Hog_office_Miriam,124,drift,3,obvious,216,2729.9115140571216,True,116.0,0.027777777777777776,2484.155075148634
TOWT(HoW-cond),Hog_office_Napoleon,124,drift,2,moderate,120,2540.854333607559,True,51.0,0.10833333333333334,2159.251163134978
TOWT(HoW-cond),Hog_office_Napoleon,124,spike,3,obvious,4,551.9924978736196,True,1.0,0.75,553.3347897244573
TOWT(HoW-cond),Hog_office_Napoleon,124,drift,3,obvious,312,31153.419467939406,True,1.0,0.4519230769230769,28970.916113188763
TOWT(HoW-cond),Hog_office_Napoleon,124,spike,3,obvious,2,273.4514251683141,True,1.0,0.5,258.1411069289902
TOWT(HoW-cond),Hog_office_Napoleon,124,spike,3,obvious,2,327.44329958523474,False,,0.0,365.1823898015036
TOWT(HoW-cond),Hog_office_Napoleon,124,spike,3,obvious,2,305.2755175273484,True,1.0,0.5,326.34461222852065
TOWT(HoW-cond),Hog_office_Shawna,124,spike,3,obvious,5,1539.5136699261304,True,1.0,0.8,1497.387296173123
TOWT(HoW-cond),Hog_office_Shawna,124,spike,2,moderate,3,657.8599513082542,True,1.0,0.6666666666666666,628.4071357006674
TOWT(HoW-cond),Hog_office_Shawna,124,drift,2,moderate,216,9750.165846063275,True,44.0,0.26851851851851855,10783.961182979536
TOWT(HoW-cond),Hog_office_Shawna,124,drift,1,subtle,192,3460.430783507374,True,147.0,0.010416666666666666,4222.032163804752
TOWT(HoW-cond),Hog_office_Shawna,124,drift,2,moderate,192,8020.109920496582,True,92.0,0.015625,9691.31035354156
TOWT(HoW-cond),Hog_office_Shawna,124,drift,3,obvious,288,37201.3147175408,True,30.0,0.2881944444444444,41054.62257177941
TOWT(HoW-cond),Hog_office_Shawnna,124,schedule,2,moderate,192,2686.9850695181667,False,,0.0,2882.062915999133
TOWT(HoW-cond),Hog_office_Shawnna,124,schedule,2,moderate,192,2339.9254203213586,False,,0.0,2798.725409993946
TOWT(HoW-cond),Hog_office_Shawnna,124,spike,3,obvious,4,2756.7676249264605,True,1.0,0.75,2452.4651010190028
TOWT(HoW-cond),Hog_office_Shawnna,124,spike,2,moderate,3,1509.4132712336545,True,1.0,0.6666666666666666,1356.9565221537507
TOWT(HoW-cond),Hog_office_Shawnna,124,drift,2,moderate,312,70147.64740535856,True,73.0,0.14423076923076922,64352.60301755785
TOWT(HoW-cond),Hog_office_Shawnna,124,drift,3,obvious,168,34606.77408644281,True,91.0,0.125,24103.284966322433
TOWT(HoW-cond),Hog_office_Sherrie,124,drift,1,subtle,144,299.9499753120218,True,15.0,0.020833333333333332,782.9532143101953
TOWT(HoW-cond),Hog_office_Sherrie,124,drift,1,subtle,288,1723.6191147775007,True,48.0,0.0625,2246.764978504605
TOWT(HoW-cond),Hog_office_Sherrie,124,drift,3,obvious,240,5648.538585258806,True,7.0,0.5583333333333333,5369.583372691159
TOWT(HoW-cond),Hog_office_Sherrie,124,schedule,2,moderate,144,4.347234852761044,False,,0.0,254.58898761594455
TOWT(HoW-cond),Hog_office_Sherrie,124,schedule,3,obvious,144,343.59874707536767,False,,0.0,879.0650806054771
TOWT(HoW-cond),Hog_office_Sherrie,124,spike,1,subtle,3,99.29138806902563,False,,0.0,90.43149683316346
TOWT(HoW-cond),Hog_office_Shon,124,drift,1,subtle,192,2182.037256465568,True,146.0,0.005208333333333333,2661.244549607361
TOWT(HoW-cond),Hog_office_Shon,124,spike,2,moderate,1,151.8227361048974,True,0.0,1.0,125.67621785168248
TOWT(HoW-cond),Hog_office_Shon,124,schedule,3,obvious,144,879.862336287282,False,,0.0,1220.9078395502747
TOWT(HoW-cond),Hog_office_Shon,124,schedule,3,obvious,192,1117.8231857134415,False,,0.0,1740.871954880345
TOWT(HoW-cond),Hog_office_Shon,124,drift,2,moderate,192,3701.5660588324213,True,58.0,0.203125,3572.0880842471406
TOWT(HoW-cond),Hog_office_Shon,124,drift,2,moderate,144,2737.1461577962623,True,92.0,0.041666666666666664,489.2981532070704
TOWT(HoW-cond),Hog_office_Sydney,124,drift,1,subtle,288,8119.592526843504,True,19.0,0.3020833333333333,5445.96307958704
TOWT(HoW-cond),Hog_office_Sydney,124,spike,1,subtle,5,196.46583991897998,True,4.0,0.2,197.61998227627998
TOWT(HoW-cond),Hog_office_Sydney,124,spike,1,subtle,1,85.70597551646374,True,0.0,1.0,62.749554664021524
TOWT(HoW-cond),Hog_office_Sydney,124,spike,2,moderate,1,131.22745681677335,False,,0.0,116.3509205276828
TOWT(HoW-cond),Hog_office_Sydney,124,spike,2,moderate,1,148.69647404756202,True,0.0,1.0,141.95534331442587
TOWT(HoW-cond),Hog_office_Sydney,124,spike,2,moderate,2,174.68537972142465,True,1.0,0.5,162.22551469244007
TOWT(HoW-cond),Hog_office_Valda,124,drift,2,moderate,264,2857.1177976370764,True,35.0,0.45075757575757575,2476.4752179271704
TOWT(HoW-cond),Hog_office_Valda,124,spike,3,obvious,1,146.1924647334952,True,0.0,1.0,146.123978360935
TOWT(HoW-cond),Hog_office_Valda,124,drift,3,obvious,264,4547.513835535305,True,17.0,0.48484848484848486,4949.606569522946
TOWT(HoW-cond),Hog_office_Valda,124,spike,2,moderate,1,90.96816539874969,True,0.0,1.0,89.53217500713653
TOWT(HoW-cond),Hog_office_Valda,124,schedule,3,obvious,192,295.3654460515271,True,28.0,0.171875,1192.0798742937773
TOWT(HoW-cond),Hog_office_Valda,124,schedule,3,obvious,72,129.23500259287323,True,28.0,0.1527777777777778,379.5958575993815
TOWT(HoW-cond),Lamb_education_Armando,124,schedule,3,obvious,168,42.351505729948684,False,,0.0,2005.5408263136446
TOWT(HoW-cond),Lamb_education_Armando,124,drift,2,moderate,264,3545.686108845367,True,120.0,0.13257575757575757,8009.452776706556
TOWT(HoW-cond),Lamb_education_Armando,124,drift,2,moderate,120,581.1700915763748,False,,0.0,210.0258954323329
TOWT(HoW-cond),Lamb_education_Armando,124,drift,3,obvious,192,3408.2489944527274,True,58.0,0.09895833333333333,5382.2583036962515
TOWT(HoW-cond),Lamb_education_Armando,124,spike,2,moderate,1,221.83527427775363,True,0.0,1.0,221.4778031131571
TOWT(HoW-cond),Lamb_education_Armando,124,schedule,3,obvious,96,36.35899298629825,False,,0.0,789.6612554679302
TOWT(HoW-cond),Lamb_education_Eula,124,drift,3,obvious,216,124.56056570809537,True,16.0,0.35648148148148145,185.78641482279983
TOWT(HoW-cond),Lamb_education_Eula,124,spike,1,subtle,3,9.411480791510446,True,1.0,0.6666666666666666,9.886767499678673
TOWT(HoW-cond),Lamb_education_Eula,124,drift,2,moderate,264,116.57449026741199,True,216.0,0.011363636363636364,100.24221382377652
TOWT(HoW-cond),Lamb_education_Eula,124,spike,2,moderate,2,8.906459358942762,True,1.0,0.5,11.109892986551198
TOWT(HoW-cond),Lamb_education_Eula,124,spike,3,obvious,2,15.085603107142502,True,1.0,0.5,15.344164802115687
TOWT(HoW-cond),Lamb_education_Eula,124,drift,2,moderate,240,67.55719881227861,True,19.0,0.2125,296.4585106592597
TOWT(HoW-cond),Lamb_education_Lazaro,124,drift,1,subtle,192,461.23669069021577,False,,0.0,1675.63160174141
TOWT(HoW-cond),Lamb_education_Lazaro,124,spike,3,obvious,4,400.82250918666176,False,,0.0,239.51776739948806
TOWT(HoW-cond),Lamb_education_Lazaro,124,drift,1,subtle,240,604.235159033965,False,,0.0,506.65147687502656
TOWT(HoW-cond),Lamb_education_Lazaro,124,drift,2,moderate,144,497.9093626321239,False,,0.0,1354.768036123428
TOWT(HoW-cond),Lamb_education_Lazaro,124,spike,2,moderate,5,323.27785981812565,True,2.0,0.6,269.7414202618985
TOWT(HoW-cond),Lamb_education_Lazaro,124,spike,3,obvious,1,216.09390823268618,True,0.0,1.0,220.14521925034836
TOWT(HoW-cond),Lamb_education_Lucas,124,drift,3,obvious,240,801.2582428094648,True,87.0,0.15,1033.0095347916345
TOWT(HoW-cond),Lamb_education_Lucas,124,schedule,3,obvious,120,44.89451201081894,False,,0.0,48.31790442476262
TOWT(HoW-cond),Lamb_education_Lucas,124,spike,3,obvious,5,133.8321468000379,True,2.0,0.6,135.54797940275705
TOWT(HoW-cond),Lamb_education_Lucas,124,drift,3,obvious,144,273.9606663738274,True,49.0,0.1597222222222222,364.0337872521902
TOWT(HoW-cond),Lamb_education_Lucas,124,spike,3,obvious,5,142.6454074837294,True,1.0,0.8,142.98400758411572
TOWT(HoW-cond),Lamb_education_Lucas,124,drift,1,subtle,120,38.67614445359179,True,20.0,0.058333333333333334,223.50886365009774
TOWT(HoW-cond),Lamb_education_Mae,124,spike,1,subtle,5,323.07918229430084,True,2.0,0.6,312.8372797893702
TOWT(HoW-cond),Lamb_education_Mae,124,spike,2,moderate,4,516.0264638666401,True,1.0,0.75,495.9398884677895
TOWT(HoW-cond),Lamb_education_Mae,124,drift,2,moderate,240,3932.5231562095887,True,63.0,0.09583333333333334,6224.560507774614
TOWT(HoW-cond),Lamb_education_Mae,124,spike,2,moderate,2,212.59441880931385,True,1.0,0.5,211.36448512286518
TOWT(HoW-cond),Lamb_education_Mae,124,drift,3,obvious,144,2958.7246626678852,False,,0.0,1395.85137057479
TOWT(HoW-cond),Lamb_education_Mae,124,spike,1,subtle,1,162.31276356035605,True,0.0,1.0,187.36818766168014
TOWT(HoW-cond),Lamb_education_Williams,124,drift,1,subtle,264,746.3809443232789,True,9.0,0.10606060606060606,2108.7469369927103
TOWT(HoW-cond),Lamb_education_Williams,124,drift,1,subtle,240,639.2960181545328,True,183.0,0.029166666666666667,2355.900236635428
TOWT(HoW-cond),Lamb_education_Williams,124,drift,3,obvious,312,4579.005177313596,True,28.0,0.14102564102564102,3370.2635693596744
TOWT(HoW-cond),Lamb_education_Williams,124,schedule,3,obvious,168,245.34222782811088,True,69.0,0.023809523809523808,791.1553696556034
TOWT(HoW-cond),Lamb_education_Williams,124,spike,1,subtle,4,225.11065302241795,True,2.0,0.5,208.87932938262395
TOWT(HoW-cond),Lamb_education_Williams,124,schedule,2,moderate,216,120.36486662932188,True,18.0,0.11574074074074074,1756.2417950145878
TOWT(HoW-cond),Lamb_office_Caitlin,124,spike,2,moderate,2,287.84152497083744,True,1.0,0.5,286.8606120373155
TOWT(HoW-cond),Lamb_office_Caitlin,124,drift,1,subtle,144,174.86513893786412,False,,0.0,0.5210960475782044
TOWT(HoW-cond),Lamb_office_Caitlin,124,schedule,1,subtle,72,45.94439519567189,False,,0.0,0.0
TOWT(HoW-cond),Lamb_office_Caitlin,124,drift,3,obvious,192,1366.1223200641446,True,137.0,0.11979166666666667,1583.2553092404694
TOWT(HoW-cond),Lamb_office_Caitlin,124,spike,3,obvious,3,499.75478148973514,False,,0.0,398.06309025724113
TOWT(HoW-cond),Lamb_office_Caitlin,124,spike,3,obvious,5,914.2945579554216,True,1.0,0.8,909.8987826228897
TOWT(HoW-cond),Lamb_office_Velma,124,spike,2,moderate,5,712.063480372273,True,2.0,0.6,744.3690846811724
TOWT(HoW-cond),Lamb_office_Velma,124,schedule,2,moderate,192,5.02976783064522,False,,0.0,2463.0444923011933
TOWT(HoW-cond),Lamb_office_Velma,124,spike,1,subtle,4,402.868816575697,True,1.0,0.75,464.50897142583443
TOWT(HoW-cond),Lamb_office_Velma,124,spike,2,moderate,5,716.8389665969552,True,2.0,0.6,692.8076494091392
TOWT(HoW-cond),Lamb_office_Velma,124,drift,2,moderate,168,3639.54112623905,True,34.0,0.06547619047619048,6521.639715203441
TOWT(HoW-cond),Lamb_office_Velma,124,drift,3,obvious,168,7579.385515407095,True,15.0,0.39880952380952384,9053.665646742149
TOWT(HoW-cond),Rat_retail_Jeffrey,124,spike,1,subtle,5,291.60367573257804,True,3.0,0.4,212.06606723786436
TOWT(HoW-cond),Rat_retail_Jeffrey,124,spike,2,moderate,4,475.52021965664414,True,1.0,0.75,483.2349524662029
TOWT(HoW-cond),Rat_retail_Jeffrey,124,drift,2,moderate,144,2154.4490308847585,True,48.0,0.020833333333333332,2334.337747176985
TOWT(HoW-cond),Rat_retail_Jeffrey,124,spike,1,subtle,1,138.38502458085736,True,0.0,1.0,164.7250849106727
TOWT(HoW-cond),Rat_retail_Jeffrey,124,drift,1,subtle,120,610.2952989490467,False,,0.0,1343.4377063382158
TOWT(HoW-cond),Rat_retail_Jeffrey,124,spike,3,obvious,3,473.61949934562676,True,1.0,0.6666666666666666,471.66973851199447
TOWT(HoW-cond),Robin_education_Zenia,124,drift,1,subtle,312,9085.837298458526,True,238.0,0.01282051282051282,30622.114864850526
TOWT(HoW-cond),Robin_education_Zenia,124,drift,3,obvious,264,29233.784782501494,True,0.0,0.36742424242424243,47692.83855092825
TOWT(HoW-cond),Robin_education_Zenia,124,drift,3,obvious,216,19698.159837123923,True,10.0,0.47685185185185186,37490.698129900935
TOWT(HoW-cond),Robin_education_Zenia,124,spike,3,obvious,1,234.24180318846012,False,,0.0,293.045180922073
TOWT(HoW-cond),Robin_education_Zenia,124,drift,2,moderate,192,8507.294132048073,True,65.0,0.22916666666666666,20694.01289405337
TOWT(HoW-cond),Robin_education_Zenia,124,spike,1,subtle,1,103.78091077838481,False,,0.0,182.47028634284192
TOWT(HoW-cond),Robin_office_Dina,124,drift,1,subtle,312,1671.5645498087358,True,7.0,0.0673076923076923,2521.186473447825
TOWT(HoW-cond),Robin_office_Dina,124,spike,3,obvious,2,76.99172519770566,True,1.0,0.5,86.94493242240318
TOWT(HoW-cond),Robin_office_Dina,124,drift,2,moderate,168,1361.1516267334248,True,9.0,0.4642857142857143,1442.202998841903
TOWT(HoW-cond),Robin_office_Dina,124,spike,1,subtle,3,54.39925792780521,True,1.0,0.6666666666666666,52.25977211262137
TOWT(HoW-cond),Robin_office_Dina,124,spike,3,obvious,3,106.22402211052074,True,1.0,0.6666666666666666,102.28195841711928
TOWT(HoW-cond),Robin_office_Dina,124,spike,2,moderate,4,100.90720420303032,True,2.0,0.5,125.5197804059741
TOWT(HoW-cond),Robin_office_Sammie,124,drift,2,moderate,240,8193.376963553696,True,0.0,0.11666666666666667,7722.051982104575
TOWT(HoW-cond),Robin_office_Sammie,124,spike,2,moderate,5,264.22219886949006,True,4.0,0.2,204.4040917304015
TOWT(HoW-cond),Robin_office_Sammie,124,drift,2,moderate,120,2188.0140383288563,True,51.0,0.18333333333333332,2739.3448866660183
TOWT(HoW-cond),Robin_office_Sammie,124,spike,3,obvious,4,325.76388530020796,True,2.0,0.5,304.8835184967949
TOWT(HoW-cond),Robin_office_Sammie,124,drift,3,obvious,216,10950.46293039176,True,17.0,0.46296296296296297,9515.93253054078
TOWT(HoW-cond),Robin_office_Sammie,124,schedule,2,moderate,216,283.6852349670226,False,,0.0,782.8420051339511
TOWT(HoW-cond),Shrew_office_Doris,124,spike,3,obvious,4,967.677461342442,True,2.0,0.5,918.3278237638326
TOWT(HoW-cond),Shrew_office_Doris,124,drift,2,moderate,216,13274.214899719289,True,50.0,0.4398148148148148,15195.746532982132
TOWT(HoW-cond),Shrew_office_Doris,124,drift,3,obvious,192,16874.680037500937,True,10.0,0.6822916666666666,18502.595750347893
TOWT(HoW-cond),Shrew_office_Doris,124,drift,2,moderate,288,21097.276446337128,True,228.0,0.06597222222222222,21524.05205698257
TOWT(HoW-cond),Shrew_office_Doris,124,spike,3,obvious,5,1269.3416243658435,True,2.0,0.6,1214.3213457482352
TOWT(HoW-cond),Shrew_office_Doris,124,spike,1,subtle,5,492.6340337493294,True,4.0,0.2,467.2729102746505
TOWT(HoW-cond),Shrew_office_Ila,124,drift,1,subtle,216,2996.99212687992,True,54.0,0.2222222222222222,2317.2691756405766
TOWT(HoW-cond),Shrew_office_Ila,124,drift,3,obvious,216,17305.03319043162,True,122.0,0.06481481481481481,16737.345923309724
TOWT(HoW-cond),Shrew_office_Ila,124,spike,3,obvious,4,725.0771146387649,True,1.0,0.75,704.8746528825307
TOWT(HoW-cond),Shrew_office_Ila,124,spike,1,subtle,2,146.5948962159231,True,1.0,0.5,163.7362046610227
TOWT(HoW-cond),Shrew_office_Ila,124,drift,2,moderate,144,4621.5561975259025,True,134.0,0.0625,5112.492185940779
TOWT(HoW-cond),Shrew_office_Ila,124,spike,3,obvious,4,673.7401307453438,True,1.0,0.75,718.5614038031815
TOWT(HoW-cond),Shrew_office_Kenneth,124,drift,2,moderate,192,1498.5085912518607,True,156.0,0.010416666666666666,1673.1385601313168
TOWT(HoW-cond),Shrew_office_Kenneth,124,drift,3,obvious,192,2842.3791870818204,True,20.0,0.34375,997.0264777435743
TOWT(HoW-cond),Shrew_office_Kenneth,124,spike,2,moderate,2,90.89096949254512,True,1.0,0.5,84.88419441216963
TOWT(HoW-cond),Shrew_office_Kenneth,124,spike,1,subtle,1,62.498642336023934,True,0.0,1.0,69.77424967327194
TOWT(HoW-cond),Shrew_office_Kenneth,124,spike,3,obvious,5,300.9768943363502,True,2.0,0.6,231.45108357470122
TOWT(HoW-cond),Shrew_office_Kenneth,124,spike,1,subtle,5,132.02422580194082,True,2.0,0.6,97.67964487214888
TOWT(HoW-cond),Shrew_office_Nora,124,drift,3,obvious,168,13959.850749005422,True,20.0,0.7440476190476191,15100.049593901562
TOWT(HoW-cond),Shrew_office_Nora,124,spike,1,subtle,2,260.69750787688605,True,1.0,0.5,270.9263598481895
TOWT(HoW-cond),Shrew_office_Nora,124,drift,1,subtle,216,4665.425658313194,True,38.0,0.20833333333333334,5849.694359880255
TOWT(HoW-cond),Shrew_office_Nora,124,drift,3,obvious,240,26280.58367879771,True,0.0,0.6666666666666666,27503.97948284849
TOWT(HoW-cond),Shrew_office_Nora,124,spike,1,subtle,5,548.8590061520682,True,2.0,0.6,546.5367403036586
TOWT(HoW-cond),Shrew_office_Nora,124,spike,2,moderate,2,390.28208907425113,True,1.0,0.5,395.4370478801991
TOWT(HoW-cond),Shrew_office_Sherill,124,spike,3,obvious,3,1285.7986614249328,True,1.0,0.6666666666666666,1117.2860115153956
TOWT(HoW-cond),Shrew_office_Sherill,124,drift,2,moderate,120,6816.240253363444,True,20.0,0.625,8275.64299643203
TOWT(HoW-cond),Shrew_office_Sherill,124,spike,1,subtle,4,809.928865577001,True,2.0,0.5,399.3043670595924
TOWT(HoW-cond),Shrew_office_Sherill,124,drift,3,obvious,168,19918.04479791922,True,28.0,0.20833333333333334,23046.445529635872
TOWT(HoW-cond),Shrew_office_Sherill,124,spike,1,subtle,5,982.0393289635585,False,,0.0,788.456440748242
TOWT(HoW-cond),Shrew_office_Sherill,124,spike,3,obvious,3,1418.5189408034698,True,1.0,0.6666666666666666,1369.6396789877376
TOWT(HoW-cond),Wolf_office_Darleen,124,drift,3,obvious,216,4246.600657922468,True,145.0,0.10185185185185185,1844.1178950513615
TOWT(HoW-cond),Wolf_office_Darleen,124,drift,3,obvious,240,4976.241380732559,True,30.0,0.24166666666666667,5849.853105169993
TOWT(HoW-cond),Wolf_office_Darleen,124,spike,3,obvious,3,254.48626821207995,True,1.0,0.6666666666666666,251.0118019367419
TOWT(HoW-cond),Wolf_office_Darleen,124,schedule,3,obvious,216,98.90988369231172,True,34.0,0.037037037037037035,1179.0202700306163
TOWT(HoW-cond),Wolf_office_Darleen,124,spike,2,moderate,5,263.59770868297966,True,1.0,0.8,221.31062519912456
TOWT(HoW-cond),Wolf_office_Darleen,124,drift,3,obvious,192,3387.5794404471744,True,30.0,0.5572916666666666,3374.0239279539837
TOWT(HoW-cond),Wolf_retail_Harriett,124,spike,1,subtle,3,109.46943691528074,False,,0.0,157.0493826428146
TOWT(HoW-cond),Wolf_retail_Harriett,124,drift,2,moderate,216,3442.80368568748,True,17.0,0.37037037037037035,4032.7347125296665
TOWT(HoW-cond),Wolf_retail_Harriett,124,spike,2,moderate,1,118.095825507048,True,0.0,1.0,130.84009527414
TOWT(HoW-cond),Wolf_retail_Harriett,124,spike,2,moderate,1,95.23365086904356,True,0.0,1.0,99.45558111769292
TOWT(HoW-cond),Wolf_retail_Harriett,124,drift,1,subtle,168,915.2694268515739,True,7.0,0.005952380952380952,1990.218561829462
TOWT(HoW-cond),Wolf_retail_Harriett,124,schedule,2,moderate,120,16.811704598329925,True,7.0,0.016666666666666666,431.98264186786776
TOWT(HoW-cond),Wolf_retail_Marcella,124,drift,1,subtle,120,77.19480955887502,True,43.0,0.016666666666666666,172.99282683571533
TOWT(HoW-cond),Wolf_retail_Marcella,124,spike,3,obvious,4,54.744085512607896,True,1.0,0.75,73.91246391830805
TOWT(HoW-cond),Wolf_retail_Marcella,124,drift,3,obvious,216,805.9237291893736,True,68.0,0.12962962962962962,1029.9892173101066
TOWT(HoW-cond),Wolf_retail_Marcella,124,drift,2,moderate,144,245.1612452558267,True,1.0,0.4236111111111111,304.07828162464403
TOWT(HoW-cond),Wolf_retail_Marcella,124,spike,1,subtle,1,15.299112680094524,True,0.0,1.0,13.893868452626979
TOWT(HoW-cond),Wolf_retail_Marcella,124,drift,1,subtle,240,161.5415176515241,True,0.0,0.07916666666666666,252.48193034771361
TOWT(HoW-cond),Wolf_retail_Toshia,124,spike,3,obvious,4,813.8222848184951,True,1.0,0.75,744.1300232990935
TOWT(HoW-cond),Wolf_retail_Toshia,124,spike,3,obvious,5,1170.5817793556578,True,1.0,0.8,1173.2082557592582
TOWT(HoW-cond),Wolf_retail_Toshia,124,schedule,3,obvious,120,146.55404856680667,True,96.0,0.075,1476.3584087132517
TOWT(HoW-cond),Wolf_retail_Toshia,124,schedule,3,obvious,72,196.04409342229565,True,43.0,0.08333333333333333,781.5269067745669
TOWT(HoW-cond),Wolf_retail_Toshia,124,drift,1,subtle,216,1058.247230158493,True,10.0,0.05092592592592592,2966.0761083070947
TOWT(HoW-cond),Wolf_retail_Toshia,124,spike,1,subtle,4,354.7456702313118,True,2.0,0.5,224.28040074933946
HOW-profile+z(slot),Fox_education_Henrietta,124,schedule,3,obvious,192,60.315560882006025,True,0.0,0.15104166666666666,
HOW-profile+z(slot),Fox_education_Henrietta,124,spike,3,obvious,4,167.26170856365857,True,1.0,0.75,
HOW-profile+z(slot),Fox_education_Henrietta,124,spike,1,subtle,5,78.18136394771389,True,3.0,0.4,
HOW-profile+z(slot),Fox_education_Henrietta,124,schedule,3,obvious,144,183.66365980408142,False,,0.0,
HOW-profile+z(slot),Fox_education_Henrietta,124,drift,1,subtle,216,520.3709604977303,True,118.0,0.041666666666666664,
HOW-profile+z(slot),Fox_education_Henrietta,124,spike,2,moderate,1,61.819841831657534,True,0.0,1.0,
HOW-profile+z(slot),Fox_retail_Manie,124,spike,3,obvious,3,360.30977822599573,True,1.0,0.6666666666666666,
HOW-profile+z(slot),Fox_retail_Manie,124,schedule,3,obvious,192,705.5814088582074,True,0.0,0.2604166666666667,
HOW-profile+z(slot),Fox_retail_Manie,124,spike,3,obvious,5,598.2254276518972,True,2.0,0.6,
HOW-profile+z(slot),Fox_retail_Manie,124,drift,2,moderate,168,1941.7014736338524,True,7.0,0.19642857142857142,
HOW-profile+z(slot),Fox_retail_Manie,124,spike,1,subtle,3,155.21794966966723,True,2.0,0.3333333333333333,
HOW-profile+z(slot),Fox_retail_Manie,124,schedule,3,obvious,96,172.62577698158896,True,16.0,0.16666666666666666,
HOW-profile+z(slot),Hog_education_Bruno,124,drift,3,obvious,264,46417.54410572455,True,7.0,0.8106060606060606,
HOW-profile+z(slot),Hog_education_Bruno,124,drift,1,subtle,216,9812.30313173102,False,,0.0,
HOW-profile+z(slot),Hog_education_Bruno,124,drift,2,moderate,120,6595.295146158791,True,19.0,0.6166666666666667,
HOW-profile+z(slot),Hog_education_Bruno,124,spike,1,subtle,5,299.2891721906774,False,,0.0,
HOW-profile+z(slot),Hog_education_Bruno,124,drift,1,subtle,216,8137.5103929530915,True,199.0,0.004629629629629629,
HOW-profile+z(slot),Hog_education_Bruno,124,spike,1,subtle,4,291.6501178934577,False,,0.0,
HOW-profile+z(slot),Hog_education_Caridad,124,drift,2,moderate,120,26559.114233147702,True,49.0,0.38333333333333336,
HOW-profile+z(slot),Hog_education_Caridad,124,schedule,2,moderate,168,5586.936543560644,False,,0.0,
HOW-profile+z(slot),Hog_education_Caridad,124,drift,1,subtle,192,28961.841270979025,True,66.0,0.3177083333333333,
HOW-profile+z(slot),Hog_education_Caridad,124,spike,1,subtle,1,3232.119287388384,False,,0.0,
HOW-profile+z(slot),Hog_education_Caridad,124,schedule,3,obvious,96,7326.264039132635,False,,0.0,
HOW-profile+z(slot),Hog_education_Caridad,124,spike,1,subtle,4,6005.765793875593,True,1.0,0.75,
HOW-profile+z(slot),Hog_education_Josh,124,spike,1,subtle,5,594.6326420608618,False,,0.0,
HOW-profile+z(slot),Hog_education_Josh,124,schedule,2,moderate,96,1475.452371600362,False,,0.0,
HOW-profile+z(slot),Hog_education_Josh,124,drift,3,obvious,192,16691.47805798628,True,29.0,0.375,
HOW-profile+z(slot),Hog_education_Josh,124,spike,3,obvious,3,765.3532648336346,True,1.0,0.6666666666666666,
HOW-profile+z(slot),Hog_education_Josh,124,spike,3,obvious,3,668.1453240628807,True,1.0,0.6666666666666666,
HOW-profile+z(slot),Hog_education_Josh,124,drift,1,subtle,168,2891.321119750779,True,17.0,0.047619047619047616,
HOW-profile+z(slot),Hog_education_Luvenia,124,drift,3,obvious,168,36139.97417896839,True,7.0,0.8988095238095238,
HOW-profile+z(slot),Hog_education_Luvenia,124,drift,1,subtle,192,8901.64724636137,False,,0.0,
HOW-profile+z(slot),Hog_education_Luvenia,124,drift,3,obvious,288,107739.74583786631,True,53.0,0.6284722222222222,
HOW-profile+z(slot),Hog_education_Luvenia,124,drift,3,obvious,120,16462.105680988763,False,,0.0,
HOW-profile+z(slot),Hog_education_Luvenia,124,spike,2,moderate,4,909.4970148676152,False,,0.0,
HOW-profile+z(slot),Hog_education_Luvenia,124,drift,3,obvious,144,25989.04317118203,True,79.0,0.22916666666666666,
HOW-profile+z(slot),Hog_office_Almeda,124,schedule,3,obvious,144,687.7865728908646,True,4.0,0.125,
HOW-profile+z(slot),Hog_office_Almeda,124,schedule,2,moderate,120,80.57674715737826,True,65.0,0.10833333333333334,
HOW-profile+z(slot),Hog_office_Almeda,124,drift,1,subtle,288,2065.7478398767325,True,16.0,0.07291666666666667,
HOW-profile+z(slot),Hog_office_Almeda,124,spike,3,obvious,4,433.52703801649193,True,1.0,0.75,
HOW-profile+z(slot),Hog_office_Almeda,124,spike,3,obvious,4,417.9640816562538,True,1.0,0.75,
HOW-profile+z(slot),Hog_office_Almeda,124,spike,2,moderate,2,136.54824351694936,True,1.0,0.5,
HOW-profile+z(slot),Hog_office_Cortney,124,spike,2,moderate,3,357.681035451082,True,1.0,0.6666666666666666,
HOW-profile+z(slot),Hog_office_Cortney,124,spike,3,obvious,5,867.3573209702461,True,1.0,0.8,
HOW-profile+z(slot),Hog_office_Cortney,124,spike,1,subtle,5,408.4063300315772,True,1.0,0.8,
HOW-profile+z(slot),Hog_office_Cortney,124,spike,2,moderate,1,272.95887519299555,True,0.0,1.0,
HOW-profile+z(slot),Hog_office_Cortney,124,schedule,3,obvious,120,371.5476152277705,True,4.0,0.025,
HOW-profile+z(slot),Hog_office_Cortney,124,spike,1,subtle,1,181.02968838654505,True,0.0,1.0,
HOW-profile+z(slot),Hog_office_Denita,124,schedule,3,obvious,192,911.8087205658233,True,16.0,0.17708333333333334,
HOW-profile+z(slot),Hog_office_Denita,124,schedule,2,moderate,120,221.43335855207079,False,,0.0,
HOW-profile+z(slot),Hog_office_Denita,124,drift,1,subtle,264,2914.5363022298425,True,148.0,0.1893939393939394,
HOW-profile+z(slot),Hog_office_Denita,124,schedule,2,moderate,120,364.88929710752984,True,76.0,0.008333333333333333,
HOW-profile+z(slot),Hog_office_Denita,124,drift,3,obvious,144,2702.7509967910933,False,,0.0,
HOW-profile+z(slot),Hog_office_Denita,124,spike,3,obvious,5,636.4034244866059,True,1.0,0.8,
HOW-profile+z(slot),Hog_office_Garrett,124,drift,1,subtle,192,5556.152288561812,True,55.0,0.171875,
HOW-profile+z(slot),Hog_office_Garrett,124,schedule,3,obvious,192,6469.905965881119,True,4.0,0.2552083333333333,
HOW-profile+z(slot),Hog_office_Garrett,124,drift,1,subtle,120,2425.0334129518105,True,4.0,0.11666666666666667,
HOW-profile+z(slot),Hog_office_Garrett,124,spike,3,obvious,3,2491.689618857125,True,0.0,1.0,
HOW-profile+z(slot),Hog_office_Garrett,124,drift,1,subtle,312,26591.048645774314,True,0.0,0.3717948717948718,
HOW-profile+z(slot),Hog_office_Garrett,124,spike,1,subtle,3,934.2433043536314,True,1.0,0.6666666666666666,
HOW-profile+z(slot),Hog_office_Lavon,124,drift,1,subtle,168,350.1790514100819,False,,0.0,
HOW-profile+z(slot),Hog_office_Lavon,124,drift,3,obvious,216,2544.700922092341,True,207.0,0.013888888888888888,
HOW-profile+z(slot),Hog_office_Lavon,124,spike,3,obvious,4,7791.569566645738,True,1.0,0.75,
HOW-profile+z(slot),Hog_office_Lavon,124,drift,2,moderate,240,1571.1852408501998,True,0.0,0.03333333333333333,
HOW-profile+z(slot),Hog_office_Lavon,124,spike,1,subtle,3,2562.0763129709776,True,2.0,0.3333333333333333,
HOW-profile+z(slot),Hog_office_Lavon,124,spike,2,moderate,3,3484.1998013300895,True,1.0,0.6666666666666666,
HOW-profile+z(slot),Hog_office_Merilyn,124,spike,2,moderate,1,50.65190585486498,True,0.0,1.0,
HOW-profile+z(slot),Hog_office_Merilyn,124,schedule,3,obvious,216,152.38178728386578,True,184.0,0.004629629629629629,
HOW-profile+z(slot),Hog_office_Merilyn,124,drift,3,obvious,120,1338.0795839605812,True,48.0,0.5166666666666667,
HOW-profile+z(slot),Hog_office_Merilyn,124,spike,2,moderate,2,45.062402681060725,True,1.0,0.5,
HOW-profile+z(slot),Hog_office_Merilyn,124,spike,3,obvious,2,85.3039948781363,False,,0.0,
HOW-profile+z(slot),Hog_office_Merilyn,124,schedule,3,obvious,96,77.01120943656545,False,,0.0,
HOW-profile+z(slot),Hog_office_Miriam,124,spike,3,obvious,2,64.35778551681808,True,1.0,0.5,
HOW-profile+z(slot),Hog_office_Miriam,124,drift,2,moderate,144,710.5379465954393,True,10.0,0.2847222222222222,
HOW-profile+z(slot),Hog_office_Miriam,124,drift,2,moderate,264,2505.2621881358136,True,27.0,0.08333333333333333,
HOW-profile+z(slot),Hog_office_Miriam,124,schedule,2,moderate,192,28.96860913554888,False,,0.0,
HOW-profile+z(slot),Hog_office_Miriam,124,spike,1,subtle,4,54.73908505905362,True,2.0,0.5,
HOW-profile+z(slot),Hog_office_Miriam,124,drift,3,obvious,216,2729.9115140571216,True,124.0,0.013888888888888888,
HOW-profile+z(slot),Hog_office_Napoleon,124,drift,2,moderate,120,2540.854333607559,True,51.0,0.125,
HOW-profile+z(slot),Hog_office_Napoleon,124,spike,3,obvious,4,551.9924978736196,True,1.0,0.75,
HOW-profile+z(slot),Hog_office_Napoleon,124,drift,3,obvious,312,31153.419467939406,True,23.0,0.46474358974358976,
HOW-profile+z(slot),Hog_office_Napoleon,124,spike,3,obvious,2,273.4514251683141,True,1.0,0.5,
HOW-profile+z(slot),Hog_office_Napoleon,124,spike,3,obvious,2,327.44329958523474,False,,0.0,
HOW-profile+z(slot),Hog_office_Napoleon,124,spike,3,obvious,2,305.2755175273484,True,1.0,0.5,
HOW-profile+z(slot),Hog_office_Shawna,124,spike,3,obvious,5,1539.5136699261304,True,1.0,0.8,
HOW-profile+z(slot),Hog_office_Shawna,124,spike,2,moderate,3,657.8599513082542,True,1.0,0.6666666666666666,
HOW-profile+z(slot),Hog_office_Shawna,124,drift,2,moderate,216,9750.165846063275,True,47.0,0.33796296296296297,
HOW-profile+z(slot),Hog_office_Shawna,124,drift,1,subtle,192,3460.430783507374,True,152.0,0.005208333333333333,
HOW-profile+z(slot),Hog_office_Shawna,124,drift,2,moderate,192,8020.109920496582,True,180.0,0.005208333333333333,
HOW-profile+z(slot),Hog_office_Shawna,124,drift,3,obvious,288,37201.3147175408,True,29.0,0.3645833333333333,
HOW-profile+z(slot),Hog_office_Shawnna,124,schedule,2,moderate,192,2686.9850695181667,False,,0.0,
HOW-profile+z(slot),Hog_office_Shawnna,124,schedule,2,moderate,192,2339.9254203213586,True,5.0,0.203125,
HOW-profile+z(slot),Hog_office_Shawnna,124,spike,3,obvious,4,2756.7676249264605,True,1.0,0.75,
HOW-profile+z(slot),Hog_office_Shawnna,124,spike,2,moderate,3,1509.4132712336545,True,2.0,0.3333333333333333,
HOW-profile+z(slot),Hog_office_Shawnna,124,drift,2,moderate,312,70147.64740535856,True,9.0,0.28525641025641024,
HOW-profile+z(slot),Hog_office_Shawnna,124,drift,3,obvious,168,34606.77408644281,True,39.0,0.23214285714285715,
HOW-profile+z(slot),Hog_office_Sherrie,124,drift,1,subtle,144,299.9499753120218,False,,0.0,
HOW-profile+z(slot),Hog_office_Sherrie,124,drift,1,subtle,288,1723.6191147775007,True,48.0,0.04861111111111111,
HOW-profile+z(slot),Hog_office_Sherrie,124,drift,3,obvious,240,5648.538585258806,True,31.0,0.6083333333333333,
HOW-profile+z(slot),Hog_office_Sherrie,124,schedule,2,moderate,144,4.347234852761044,True,116.0,0.006944444444444444,
HOW-profile+z(slot),Hog_office_Sherrie,124,schedule,3,obvious,144,343.59874707536767,False,,0.0,
HOW-profile+z(slot),Hog_office_Sherrie,124,spike,1,subtle,3,99.29138806902563,False,,0.0,
HOW-profile+z(slot),Hog_office_Shon,124,drift,1,subtle,192,2182.037256465568,True,98.0,0.026041666666666668,
HOW-profile+z(slot),Hog_office_Shon,124,spike,2,moderate,1,151.8227361048974,True,0.0,1.0,
HOW-profile+z(slot),Hog_office_Shon,124,schedule,3,obvious,144,879.862336287282,False,,0.0,
HOW-profile+z(slot),Hog_office_Shon,124,schedule,3,obvious,192,1117.8231857134415,False,,0.0,
HOW-profile+z(slot),Hog_office_Shon,124,drift,2,moderate,192,3701.5660588324213,True,58.0,0.16666666666666666,
HOW-profile+z(slot),Hog_office_Shon,124,drift,2,moderate,144,2737.1461577962623,True,26.0,0.2361111111111111,
HOW-profile+z(slot),Hog_office_Sydney,124,drift,1,subtle,288,8119.592526843504,True,19.0,0.1840277777777778,
HOW-profile+z(slot),Hog_office_Sydney,124,spike,1,subtle,5,196.46583991897998,True,4.0,0.2,
HOW-profile+z(slot),Hog_office_Sydney,124,spike,1,subtle,1,85.70597551646374,True,0.0,1.0,
HOW-profile+z(slot),Hog_office_Sydney,124,spike,2,moderate,1,131.22745681677335,False,,0.0,
HOW-profile+z(slot),Hog_office_Sydney,124,spike,2,moderate,1,148.69647404756202,True,0.0,1.0,
HOW-profile+z(slot),Hog_office_Sydney,124,spike,2,moderate,2,174.68537972142465,True,1.0,0.5,
HOW-profile+z(slot),Hog_office_Valda,124,drift,2,moderate,264,2857.1177976370764,True,60.0,0.3939393939393939,
HOW-profile+z(slot),Hog_office_Valda,124,spike,3,obvious,1,146.1924647334952,True,0.0,1.0,
HOW-profile+z(slot),Hog_office_Valda,124,drift,3,obvious,264,4547.513835535305,True,29.0,0.5075757575757576,
HOW-profile+z(slot),Hog_office_Valda,124,spike,2,moderate,1,90.96816539874969,True,0.0,1.0,
HOW-profile+z(slot),Hog_office_Valda,124,schedule,3,obvious,192,295.3654460515271,True,7.0,0.09895833333333333,
HOW-profile+z(slot),Hog_office_Valda,124,schedule,3,obvious,72,129.23500259287323,True,7.0,0.2361111111111111,
HOW-profile+z(slot),Lamb_education_Armando,124,schedule,3,obvious,168,42.351505729948684,False,,0.0,
HOW-profile+z(slot),Lamb_education_Armando,124,drift,2,moderate,264,3545.686108845367,True,17.0,0.3371212121212121,
HOW-profile+z(slot),Lamb_education_Armando,124,drift,2,moderate,120,581.1700915763748,True,100.0,0.008333333333333333,
HOW-profile+z(slot),Lamb_education_Armando,124,drift,3,obvious,192,3408.2489944527274,True,46.0,0.421875,
HOW-profile+z(slot),Lamb_education_Armando,124,spike,2,moderate,1,221.83527427775363,True,0.0,1.0,
HOW-profile+z(slot),Lamb_education_Armando,124,schedule,3,obvious,96,36.35899298629825,False,,0.0,
HOW-profile+z(slot),Lamb_education_Eula,124,drift,3,obvious,216,124.56056570809537,True,15.0,0.2175925925925926,
HOW-profile+z(slot),Lamb_education_Eula,124,spike,1,subtle,3,9.411480791510446,True,1.0,0.6666666666666666,
HOW-profile+z(slot),Lamb_education_Eula,124,drift,2,moderate,264,116.57449026741199,True,26.0,0.003787878787878788,
HOW-profile+z(slot),Lamb_education_Eula,124,spike,2,moderate,2,8.906459358942762,True,1.0,0.5,
HOW-profile+z(slot),Lamb_education_Eula,124,spike,3,obvious,2,15.085603107142502,True,1.0,0.5,
HOW-profile+z(slot),Lamb_education_Eula,124,drift,2,moderate,240,67.55719881227861,True,104.0,0.10416666666666667,
HOW-profile+z(slot),Lamb_education_Lazaro,124,drift,1,subtle,192,461.23669069021577,False,,0.0,
HOW-profile+z(slot),Lamb_education_Lazaro,124,spike,3,obvious,4,400.82250918666176,False,,0.0,
HOW-profile+z(slot),Lamb_education_Lazaro,124,drift,1,subtle,240,604.235159033965,False,,0.0,
HOW-profile+z(slot),Lamb_education_Lazaro,124,drift,2,moderate,144,497.9093626321239,False,,0.0,
HOW-profile+z(slot),Lamb_education_Lazaro,124,spike,2,moderate,5,323.27785981812565,True,2.0,0.6,
HOW-profile+z(slot),Lamb_education_Lazaro,124,spike,3,obvious,1,216.09390823268618,True,0.0,1.0,
HOW-profile+z(slot),Lamb_education_Lucas,124,drift,3,obvious,240,801.2582428094648,True,63.0,0.29583333333333334,
HOW-profile+z(slot),Lamb_education_Lucas,124,schedule,3,obvious,120,44.89451201081894,True,2.0,0.041666666666666664,
HOW-profile+z(slot),Lamb_education_Lucas,124,spike,3,obvious,5,133.8321468000379,True,2.0,0.6,
HOW-profile+z(slot),Lamb_education_Lucas,124,drift,3,obvious,144,273.9606663738274,True,5.0,0.2152777777777778,
HOW-profile+z(slot),Lamb_education_Lucas,124,spike,3,obvious,5,142.6454074837294,True,1.0,0.8,
HOW-profile+z(slot),Lamb_education_Lucas,124,drift,1,subtle,120,38.67614445359179,True,21.0,0.08333333333333333,
HOW-profile+z(slot),Lamb_education_Mae,124,spike,1,subtle,5,323.07918229430084,True,2.0,0.6,
HOW-profile+z(slot),Lamb_education_Mae,124,spike,2,moderate,4,516.0264638666401,True,1.0,0.75,
HOW-profile+z(slot),Lamb_education_Mae,124,drift,2,moderate,240,3932.5231562095887,True,61.0,0.25416666666666665,
HOW-profile+z(slot),Lamb_education_Mae,124,spike,2,moderate,2,212.59441880931385,True,1.0,0.5,
HOW-profile+z(slot),Lamb_education_Mae,124,drift,3,obvious,144,2958.7246626678852,True,135.0,0.034722222222222224,
HOW-profile+z(slot),Lamb_education_Mae,124,spike,1,subtle,1,162.31276356035605,True,0.0,1.0,
HOW-profile+z(slot),Lamb_education_Williams,124,drift,1,subtle,264,746.3809443232789,True,14.0,0.23484848484848486,
HOW-profile+z(slot),Lamb_education_Williams,124,drift,1,subtle,240,639.2960181545328,True,135.0,0.05,
HOW-profile+z(slot),Lamb_education_Williams,124,drift,3,obvious,312,4579.005177313596,True,26.0,0.3782051282051282,
HOW-profile+z(slot),Lamb_education_Williams,124,schedule,3,obvious,168,245.34222782811088,True,105.0,0.005952380952380952,
HOW-profile+z(slot),Lamb_education_Williams,124,spike,1,subtle,4,225.11065302241795,True,3.0,0.25,
HOW-profile+z(slot),Lamb_education_Williams,124,schedule,2,moderate,216,120.36486662932188,True,12.0,0.09259259259259259,
HOW-profile+z(slot),Lamb_office_Caitlin,124,spike,2,moderate,2,287.84152497083744,True,1.0,0.5,
HOW-profile+z(slot),Lamb_office_Caitlin,124,drift,1,subtle,144,174.86513893786412,True,42.0,0.027777777777777776,
HOW-profile+z(slot),Lamb_office_Caitlin,124,schedule,1,subtle,72,45.94439519567189,True,7.0,0.013888888888888888,
HOW-profile+z(slot),Lamb_office_Caitlin,124,drift,3,obvious,192,1366.1223200641446,True,65.0,0.4375,
HOW-profile+z(slot),Lamb_office_Caitlin,124,spike,3,obvious,3,499.75478148973514,False,,0.0,
HOW-profile+z(slot),Lamb_office_Caitlin,124,spike,3,obvious,5,914.2945579554216,True,1.0,0.8,
HOW-profile+z(slot),Lamb_office_Velma,124,spike,2,moderate,5,712.063480372273,True,1.0,0.8,
HOW-profile+z(slot),Lamb_office_Velma,124,schedule,2,moderate,192,5.02976783064522,True,6.0,0.005208333333333333,
HOW-profile+z(slot),Lamb_office_Velma,124,spike,1,subtle,4,402.868816575697,True,2.0,0.5,
HOW-profile+z(slot),Lamb_office_Velma,124,spike,2,moderate,5,716.8389665969552,True,2.0,0.6,
HOW-profile+z(slot),Lamb_office_Velma,124,drift,2,moderate,168,3639.54112623905,True,0.0,0.32142857142857145,
HOW-profile+z(slot),Lamb_office_Velma,124,drift,3,obvious,168,7579.385515407095,True,16.0,0.40476190476190477,
HOW-profile+z(slot),Rat_retail_Jeffrey,124,spike,1,subtle,5,291.60367573257804,True,3.0,0.4,
HOW-profile+z(slot),Rat_retail_Jeffrey,124,spike,2,moderate,4,475.52021965664414,True,1.0,0.75,
HOW-profile+z(slot),Rat_retail_Jeffrey,124,drift,2,moderate,144,2154.4490308847585,True,60.0,0.0763888888888889,
HOW-profile+z(slot),Rat_retail_Jeffrey,124,spike,1,subtle,1,138.38502458085736,True,0.0,1.0,
HOW-profile+z(slot),Rat_retail_Jeffrey,124,drift,1,subtle,120,610.2952989490467,True,5.0,0.23333333333333334,
HOW-profile+z(slot),Rat_retail_Jeffrey,124,spike,3,obvious,3,473.61949934562676,True,1.0,0.6666666666666666,
HOW-profile+z(slot),Robin_education_Zenia,124,drift,1,subtle,312,9085.837298458526,True,21.0,0.04807692307692308,
HOW-profile+z(slot),Robin_education_Zenia,124,drift,3,obvious,264,29233.784782501494,True,0.0,0.3181818181818182,
HOW-profile+z(slot),Robin_education_Zenia,124,drift,3,obvious,216,19698.159837123923,True,51.0,0.4444444444444444,
HOW-profile+z(slot),Robin_education_Zenia,124,spike,3,obvious,1,234.24180318846012,False,,0.0,
HOW-profile+z(slot),Robin_education_Zenia,124,drift,2,moderate,192,8507.294132048073,True,102.0,0.13541666666666666,
HOW-profile+z(slot),Robin_education_Zenia,124,spike,1,subtle,1,103.78091077838481,False,,0.0,
HOW-profile+z(slot),Robin_office_Dina,124,drift,1,subtle,312,1671.5645498087358,True,36.0,0.09615384615384616,
HOW-profile+z(slot),Robin_office_Dina,124,spike,3,obvious,2,76.99172519770566,True,1.0,0.5,
HOW-profile+z(slot),Robin_office_Dina,124,drift,2,moderate,168,1361.1516267334248,True,9.0,0.44047619047619047,
HOW-profile+z(slot),Robin_office_Dina,124,spike,1,subtle,3,54.39925792780521,True,1.0,0.6666666666666666,
HOW-profile+z(slot),Robin_office_Dina,124,spike,3,obvious,3,106.22402211052074,True,1.0,0.6666666666666666,
HOW-profile+z(slot),Robin_office_Dina,124,spike,2,moderate,4,100.90720420303032,True,2.0,0.5,
HOW-profile+z(slot),Robin_office_Sammie,124,drift,2,moderate,240,8193.376963553696,True,73.0,0.15,
HOW-profile+z(slot),Robin_office_Sammie,124,spike,2,moderate,5,264.22219886949006,True,4.0,0.2,
HOW-profile+z(slot),Robin_office_Sammie,124,drift,2,moderate,120,2188.0140383288563,True,52.0,0.14166666666666666,
HOW-profile+z(slot),Robin_office_Sammie,124,spike,3,obvious,4,325.76388530020796,True,1.0,0.75,
HOW-profile+z(slot),Robin_office_Sammie,124,drift,3,obvious,216,10950.46293039176,True,17.0,0.3194444444444444,
HOW-profile+z(slot),Robin_office_Sammie,124,schedule,2,moderate,216,283.6852349670226,False,,0.0,
HOW-profile+z(slot),Shrew_office_Doris,124,spike,3,obvious,4,967.677461342442,True,2.0,0.5,
HOW-profile+z(slot),Shrew_office_Doris,124,drift,2,moderate,216,13274.214899719289,True,54.0,0.4212962962962963,
HOW-profile+z(slot),Shrew_office_Doris,124,drift,3,obvious,192,16874.680037500937,True,9.0,0.7291666666666666,
HOW-profile+z(slot),Shrew_office_Doris,124,drift,2,moderate,288,21097.276446337128,True,226.0,0.0625,
HOW-profile+z(slot),Shrew_office_Doris,124,spike,3,obvious,5,1269.3416243658435,True,2.0,0.6,
HOW-profile+z(slot),Shrew_office_Doris,124,spike,1,subtle,5,492.6340337493294,False,,0.0,
HOW-profile+z(slot),Shrew_office_Ila,124,drift,1,subtle,216,2996.99212687992,True,26.0,0.06018518518518518,
HOW-profile+z(slot),Shrew_office_Ila,124,drift,3,obvious,216,17305.03319043162,True,207.0,0.004629629629629629,
HOW-profile+z(slot),Shrew_office_Ila,124,spike,3,obvious,4,725.0771146387649,True,1.0,0.75,
HOW-profile+z(slot),Shrew_office_Ila,124,spike,1,subtle,2,146.5948962159231,True,1.0,0.5,
HOW-profile+z(slot),Shrew_office_Ila,124,drift,2,moderate,144,4621.5561975259025,False,,0.0,
HOW-profile+z(slot),Shrew_office_Ila,124,spike,3,obvious,4,673.7401307453438,True,0.0,1.0,
HOW-profile+z(slot),Shrew_office_Kenneth,124,drift,2,moderate,192,1498.5085912518607,True,35.0,0.2864583333333333,
HOW-profile+z(slot),Shrew_office_Kenneth,124,drift,3,obvious,192,2842.3791870818204,True,57.0,0.3020833333333333,
HOW-profile+z(slot),Shrew_office_Kenneth,124,spike,2,moderate,2,90.89096949254512,True,1.0,0.5,
HOW-profile+z(slot),Shrew_office_Kenneth,124,spike,1,subtle,1,62.498642336023934,True,0.0,1.0,
HOW-profile+z(slot),Shrew_office_Kenneth,124,spike,3,obvious,5,300.9768943363502,True,1.0,0.8,
HOW-profile+z(slot),Shrew_office_Kenneth,124,spike,1,subtle,5,132.02422580194082,True,1.0,0.8,
HOW-profile+z(slot),Shrew_office_Nora,124,drift,3,obvious,168,13959.850749005422,True,8.0,0.7797619047619048,
HOW-profile+z(slot),Shrew_office_Nora,124,spike,1,subtle,2,260.69750787688605,True,1.0,0.5,
HOW-profile+z(slot),Shrew_office_Nora,124,drift,1,subtle,216,4665.425658313194,True,21.0,0.2222222222222222,
HOW-profile+z(slot),Shrew_office_Nora,124,drift,3,obvious,240,26280.58367879771,True,0.0,0.7583333333333333,
HOW-profile+z(slot),Shrew_office_Nora,124,spike,1,subtle,5,548.8590061520682,True,2.0,0.6,
HOW-profile+z(slot),Shrew_office_Nora,124,spike,2,moderate,2,390.28208907425113,True,1.0,0.5,
HOW-profile+z(slot),Shrew_office_Sherill,124,spike,3,obvious,3,1285.7986614249328,True,1.0,0.6666666666666666,
HOW-profile+z(slot),Shrew_office_Sherill,124,drift,2,moderate,120,6816.240253363444,True,21.0,0.5333333333333333,
HOW-profile+z(slot),Shrew_office_Sherill,124,spike,1,subtle,4,809.928865577001,True,2.0,0.5,
HOW-profile+z(slot),Shrew_office_Sherill,124,drift,3,obvious,168,19918.04479791922,True,27.0,0.3333333333333333,
HOW-profile+z(slot),Shrew_office_Sherill,124,spike,1,subtle,5,982.0393289635585,False,,0.0,
HOW-profile+z(slot),Shrew_office_Sherill,124,spike,3,obvious,3,1418.5189408034698,True,1.0,0.6666666666666666,
HOW-profile+z(slot),Wolf_office_Darleen,124,drift,3,obvious,216,4246.600657922468,True,97.0,0.12962962962962962,
HOW-profile+z(slot),Wolf_office_Darleen,124,drift,3,obvious,240,4976.241380732559,True,31.0,0.15416666666666667,
HOW-profile+z(slot),Wolf_office_Darleen,124,spike,3,obvious,3,254.48626821207995,True,1.0,0.6666666666666666,
HOW-profile+z(slot),Wolf_office_Darleen,124,schedule,3,obvious,216,98.90988369231172,True,34.0,0.032407407407407406,
HOW-profile+z(slot),Wolf_office_Darleen,124,spike,2,moderate,5,263.59770868297966,True,1.0,0.8,
HOW-profile+z(slot),Wolf_office_Darleen,124,drift,3,obvious,192,3387.5794404471744,True,7.0,0.6145833333333334,
HOW-profile+z(slot),Wolf_retail_Harriett,124,spike,1,subtle,3,109.46943691528074,False,,0.0,
HOW-profile+z(slot),Wolf_retail_Harriett,124,drift,2,moderate,216,3442.80368568748,True,17.0,0.3333333333333333,
HOW-profile+z(slot),Wolf_retail_Harriett,124,spike,2,moderate,1,118.095825507048,True,0.0,1.0,
HOW-profile+z(slot),Wolf_retail_Harriett,124,spike,2,moderate,1,95.23365086904356,True,0.0,1.0,
HOW-profile+z(slot),Wolf_retail_Harriett,124,drift,1,subtle,168,915.2694268515739,True,7.0,0.041666666666666664,
HOW-profile+z(slot),Wolf_retail_Harriett,124,schedule,2,moderate,120,16.811704598329925,True,7.0,0.016666666666666666,
HOW-profile+z(slot),Wolf_retail_Marcella,124,drift,1,subtle,120,77.19480955887502,True,45.0,0.008333333333333333,
HOW-profile+z(slot),Wolf_retail_Marcella,124,spike,3,obvious,4,54.744085512607896,True,1.0,0.75,
HOW-profile+z(slot),Wolf_retail_Marcella,124,drift,3,obvious,216,805.9237291893736,True,55.0,0.14814814814814814,
HOW-profile+z(slot),Wolf_retail_Marcella,124,drift,2,moderate,144,245.1612452558267,True,66.0,0.4027777777777778,
HOW-profile+z(slot),Wolf_retail_Marcella,124,spike,1,subtle,1,15.299112680094524,True,0.0,1.0,
HOW-profile+z(slot),Wolf_retail_Marcella,124,drift,1,subtle,240,161.5415176515241,True,0.0,0.0875,
HOW-profile+z(slot),Wolf_retail_Toshia,124,spike,3,obvious,4,813.8222848184951,True,1.0,0.75,
HOW-profile+z(slot),Wolf_retail_Toshia,124,spike,3,obvious,5,1170.5817793556578,True,1.0,0.8,
HOW-profile+z(slot),Wolf_retail_Toshia,124,schedule,3,obvious,120,146.55404856680667,True,96.0,0.058333333333333334,
HOW-profile+z(slot),Wolf_retail_Toshia,124,schedule,3,obvious,72,196.04409342229565,True,42.0,0.013888888888888888,
HOW-profile+z(slot),Wolf_retail_Toshia,124,drift,1,subtle,216,1058.247230158493,True,37.0,0.027777777777777776,
HOW-profile+z(slot),Wolf_retail_Toshia,124,spike,1,subtle,4,354.7456702313118,True,2.0,0.5,
Autoencoder(t),Fox_education_Henrietta,124,schedule,3,obvious,192,60.315560882006025,True,0.0,0.21354166666666666,
Autoencoder(t),Fox_education_Henrietta,124,spike,3,obvious,4,167.26170856365857,True,1.0,0.75,
Autoencoder(t),Fox_education_Henrietta,124,spike,1,subtle,5,78.18136394771389,True,3.0,0.4,
Autoencoder(t),Fox_education_Henrietta,124,schedule,3,obvious,144,183.66365980408142,True,19.0,0.034722222222222224,
Autoencoder(t),Fox_education_Henrietta,124,drift,1,subtle,216,520.3709604977303,True,51.0,0.2916666666666667,
Autoencoder(t),Fox_education_Henrietta,124,spike,2,moderate,1,61.819841831657534,True,0.0,1.0,
Autoencoder(t),Fox_retail_Manie,124,spike,3,obvious,3,360.30977822599573,True,1.0,0.6666666666666666,
Autoencoder(t),Fox_retail_Manie,124,schedule,3,obvious,192,705.5814088582074,True,12.0,0.11979166666666667,
Autoencoder(t),Fox_retail_Manie,124,spike,3,obvious,5,598.2254276518972,True,3.0,0.4,
Autoencoder(t),Fox_retail_Manie,124,drift,2,moderate,168,1941.7014736338524,True,11.0,0.17857142857142858,
Autoencoder(t),Fox_retail_Manie,124,spike,1,subtle,3,155.21794966966723,True,2.0,0.3333333333333333,
Autoencoder(t),Fox_retail_Manie,124,schedule,3,obvious,96,172.62577698158896,True,19.0,0.0625,
Autoencoder(t),Hog_education_Bruno,124,drift,3,obvious,264,46417.54410572455,True,4.0,0.6856060606060606,
Autoencoder(t),Hog_education_Bruno,124,drift,1,subtle,216,9812.30313173102,True,160.0,0.07407407407407407,
Autoencoder(t),Hog_education_Bruno,124,drift,2,moderate,120,6595.295146158791,True,21.0,0.5666666666666667,
Autoencoder(t),Hog_education_Bruno,124,spike,1,subtle,5,299.2891721906774,False,,0.0,
Autoencoder(t),Hog_education_Bruno,124,drift,1,subtle,216,8137.5103929530915,True,13.0,0.2175925925925926,
Autoencoder(t),Hog_education_Bruno,124,spike,1,subtle,4,291.6501178934577,False,,0.0,
Autoencoder(t),Hog_education_Caridad,124,drift,2,moderate,120,26559.114233147702,True,9.0,0.13333333333333333,
Autoencoder(t),Hog_education_Caridad,124,schedule,2,moderate,168,5586.936543560644,True,0.0,0.10119047619047619,
Autoencoder(t),Hog_education_Caridad,124,drift,1,subtle,192,28961.841270979025,True,39.0,0.08333333333333333,
Autoencoder(t),Hog_education_Caridad,124,spike,1,subtle,1,3232.119287388384,False,,0.0,
Autoencoder(t),Hog_education_Caridad,124,schedule,3,obvious,96,7326.264039132635,True,2.0,0.07291666666666667,
Autoencoder(t),Hog_education_Caridad,124,spike,1,subtle,4,6005.765793875593,True,1.0,0.75,
Autoencoder(t),Hog_education_Josh,124,spike,1,subtle,5,594.6326420608618,True,3.0,0.2,
Autoencoder(t),Hog_education_Josh,124,schedule,2,moderate,96,1475.452371600362,False,,0.0,
Autoencoder(t),Hog_education_Josh,124,drift,3,obvious,192,16691.47805798628,True,7.0,0.4947916666666667,
Autoencoder(t),Hog_education_Josh,124,spike,3,obvious,3,765.3532648336346,True,1.0,0.6666666666666666,
Autoencoder(t),Hog_education_Josh,124,spike,3,obvious,3,668.1453240628807,True,0.0,0.6666666666666666,
Autoencoder(t),Hog_education_Josh,124,drift,1,subtle,168,2891.321119750779,True,19.0,0.1130952380952381,
Autoencoder(t),Hog_education_Luvenia,124,drift,3,obvious,168,36139.97417896839,True,0.0,0.75,
Autoencoder(t),Hog_education_Luvenia,124,drift,1,subtle,192,8901.64724636137,True,151.0,0.020833333333333332,
Autoencoder(t),Hog_education_Luvenia,124,drift,3,obvious,288,107739.74583786631,True,111.0,0.5208333333333334,
Autoencoder(t),Hog_education_Luvenia,124,drift,3,obvious,120,16462.105680988763,False,,0.0,
Autoencoder(t),Hog_education_Luvenia,124,spike,2,moderate,4,909.4970148676152,False,,0.0,
Autoencoder(t),Hog_education_Luvenia,124,drift,3,obvious,144,25989.04317118203,True,38.0,0.14583333333333334,
Autoencoder(t),Hog_office_Almeda,124,schedule,3,obvious,144,687.7865728908646,True,31.0,0.08333333333333333,
Autoencoder(t),Hog_office_Almeda,124,schedule,2,moderate,120,80.57674715737826,True,6.0,0.14166666666666666,
Autoencoder(t),Hog_office_Almeda,124,drift,1,subtle,288,2065.7478398767325,True,0.0,0.10416666666666667,
Autoencoder(t),Hog_office_Almeda,124,spike,3,obvious,4,433.52703801649193,True,3.0,0.25,
Autoencoder(t),Hog_office_Almeda,124,spike,3,obvious,4,417.9640816562538,True,2.0,0.5,
Autoencoder(t),Hog_office_Almeda,124,spike,2,moderate,2,136.54824351694936,True,1.0,0.5,
Autoencoder(t),Hog_office_Cortney,124,spike,2,moderate,3,357.681035451082,False,,0.0,
Autoencoder(t),Hog_office_Cortney,124,spike,3,obvious,5,867.3573209702461,True,2.0,0.6,
Autoencoder(t),Hog_office_Cortney,124,spike,1,subtle,5,408.4063300315772,True,3.0,0.4,
Autoencoder(t),Hog_office_Cortney,124,spike,2,moderate,1,272.95887519299555,False,,0.0,
Autoencoder(t),Hog_office_Cortney,124,schedule,3,obvious,120,371.5476152277705,True,0.0,0.1,
Autoencoder(t),Hog_office_Cortney,124,spike,1,subtle,1,181.02968838654505,True,0.0,1.0,
Autoencoder(t),Hog_office_Denita,124,schedule,3,obvious,192,911.8087205658233,True,1.0,0.0625,
Autoencoder(t),Hog_office_Denita,124,schedule,2,moderate,120,221.43335855207079,True,21.0,0.06666666666666667,
Autoencoder(t),Hog_office_Denita,124,drift,1,subtle,264,2914.5363022298425,True,11.0,0.125,
Autoencoder(t),Hog_office_Denita,124,schedule,2,moderate,120,364.88929710752984,True,10.0,0.15,
Autoencoder(t),Hog_office_Denita,124,drift,3,obvious,144,2702.7509967910933,False,,0.0,
Autoencoder(t),Hog_office_Denita,124,spike,3,obvious,5,636.4034244866059,True,2.0,0.6,
Autoencoder(t),Hog_office_Garrett,124,drift,1,subtle,192,5556.152288561812,True,4.0,0.11458333333333333,
Autoencoder(t),Hog_office_Garrett,124,schedule,3,obvious,192,6469.905965881119,True,1.0,0.11458333333333333,
Autoencoder(t),Hog_office_Garrett,124,drift,1,subtle,120,2425.0334129518105,True,87.0,0.016666666666666666,
Autoencoder(t),Hog_office_Garrett,124,spike,3,obvious,3,2491.689618857125,True,1.0,0.6666666666666666,
Autoencoder(t),Hog_office_Garrett,124,drift,1,subtle,312,26591.048645774314,True,13.0,0.1282051282051282,
Autoencoder(t),Hog_office_Garrett,124,spike,1,subtle,3,934.2433043536314,True,2.0,0.3333333333333333,
Autoencoder(t),Hog_office_Lavon,124,drift,1,subtle,168,350.1790514100819,True,10.0,0.2261904761904762,
Autoencoder(t),Hog_office_Lavon,124,drift,3,obvious,216,2544.700922092341,True,174.0,0.07407407407407407,
Autoencoder(t),Hog_office_Lavon,124,spike,3,obvious,4,7791.569566645738,True,1.0,0.75,
Autoencoder(t),Hog_office_Lavon,124,drift,2,moderate,240,1571.1852408501998,True,15.0,0.14166666666666666,
Autoencoder(t),Hog_office_Lavon,124,spike,1,subtle,3,2562.0763129709776,True,1.0,0.6666666666666666,
Autoencoder(t),Hog_office_Lavon,124,spike,2,moderate,3,3484.1998013300895,True,1.0,0.6666666666666666,
Autoencoder(t),Hog_office_Merilyn,124,spike,2,moderate,1,50.65190585486498,False,,0.0,
Autoencoder(t),Hog_office_Merilyn,124,schedule,3,obvious,216,152.38178728386578,True,21.0,0.18055555555555555,
Autoencoder(t),Hog_office_Merilyn,124,drift,3,obvious,120,1338.0795839605812,True,2.0,0.2,
Autoencoder(t),Hog_office_Merilyn,124,spike,2,moderate,2,45.062402681060725,True,1.0,0.5,
Autoencoder(t),Hog_office_Merilyn,124,spike,3,obvious,2,85.3039948781363,False,,0.0,
Autoencoder(t),Hog_office_Merilyn,124,schedule,3,obvious,96,77.01120943656545,True,6.0,0.07291666666666667,
Autoencoder(t),Hog_office_Miriam,124,spike,3,obvious,2,64.35778551681808,True,1.0,0.5,
Autoencoder(t),Hog_office_Miriam,124,drift,2,moderate,144,710.5379465954393,True,16.0,0.19444444444444445,
Autoencoder(t),Hog_office_Miriam,124,drift,2,moderate,264,2505.2621881358136,True,25.0,0.2878787878787879,
Autoencoder(t),Hog_office_Miriam,124,schedule,2,moderate,192,28.96860913554888,True,169.0,0.03125,
Autoencoder(t),Hog_office_Miriam,124,spike,1,subtle,4,54.73908505905362,False,,0.0,
Autoencoder(t),Hog_office_Miriam,124,drift,3,obvious,216,2729.9115140571216,True,6.0,0.2916666666666667,
Autoencoder(t),Hog_office_Napoleon,124,drift,2,moderate,120,2540.854333607559,True,81.0,0.1,
Autoencoder(t),Hog_office_Napoleon,124,spike,3,obvious,4,551.9924978736196,True,2.0,0.5,
Autoencoder(t),Hog_office_Napoleon,124,drift,3,obvious,312,31153.419467939406,True,19.0,0.3814102564102564,
Autoencoder(t),Hog_office_Napoleon,124,spike,3,obvious,2,273.4514251683141,True,1.0,0.5,
Autoencoder(t),Hog_office_Napoleon,124,spike,3,obvious,2,327.44329958523474,True,1.0,0.5,
Autoencoder(t),Hog_office_Napoleon,124,spike,3,obvious,2,305.2755175273484,True,1.0,0.5,
Autoencoder(t),Hog_office_Shawna,124,spike,3,obvious,5,1539.5136699261304,True,2.0,0.6,
Autoencoder(t),Hog_office_Shawna,124,spike,2,moderate,3,657.8599513082542,True,2.0,0.3333333333333333,
Autoencoder(t),Hog_office_Shawna,124,drift,2,moderate,216,9750.165846063275,True,71.0,0.18981481481481483,
Autoencoder(t),Hog_office_Shawna,124,drift,1,subtle,192,3460.430783507374,True,95.0,0.03125,
Autoencoder(t),Hog_office_Shawna,124,drift,2,moderate,192,8020.109920496582,True,0.0,0.21354166666666666,
Autoencoder(t),Hog_office_Shawna,124,drift,3,obvious,288,37201.3147175408,True,35.0,0.3958333333333333,
Autoencoder(t),Hog_office_Shawnna,124,schedule,2,moderate,192,2686.9850695181667,True,68.0,0.010416666666666666,
Autoencoder(t),Hog_office_Shawnna,124,schedule,2,moderate,192,2339.9254203213586,True,2.0,0.08854166666666667,
Autoencoder(t),Hog_office_Shawnna,124,spike,3,obvious,4,2756.7676249264605,True,1.0,0.75,
Autoencoder(t),Hog_office_Shawnna,124,spike,2,moderate,3,1509.4132712336545,True,2.0,0.3333333333333333,
Autoencoder(t),Hog_office_Shawnna,124,drift,2,moderate,312,70147.64740535856,True,0.0,0.40705128205128205,
Autoencoder(t),Hog_office_Shawnna,124,drift,3,obvious,168,34606.77408644281,True,52.0,0.27380952380952384,
Autoencoder(t),Hog_office_Sherrie,124,drift,1,subtle,144,299.9499753120218,True,14.0,0.09722222222222222,
Autoencoder(t),Hog_office_Sherrie,124,drift,1,subtle,288,1723.6191147775007,True,6.0,0.1284722222222222,
Autoencoder(t),Hog_office_Sherrie,124,drift,3,obvious,240,5648.538585258806,True,9.0,0.3625,
Autoencoder(t),Hog_office_Sherrie,124,schedule,2,moderate,144,4.347234852761044,True,132.0,0.013888888888888888,
Autoencoder(t),Hog_office_Sherrie,124,schedule,3,obvious,144,343.59874707536767,True,8.0,0.034722222222222224,
Autoencoder(t),Hog_office_Sherrie,124,spike,1,subtle,3,99.29138806902563,False,,0.0,
Autoencoder(t),Hog_office_Shon,124,drift,1,subtle,192,2182.037256465568,True,75.0,0.234375,
Autoencoder(t),Hog_office_Shon,124,spike,2,moderate,1,151.8227361048974,True,0.0,1.0,
Autoencoder(t),Hog_office_Shon,124,schedule,3,obvious,144,879.862336287282,True,71.0,0.09027777777777778,
Autoencoder(t),Hog_office_Shon,124,schedule,3,obvious,192,1117.8231857134415,True,0.0,0.203125,
Autoencoder(t),Hog_office_Shon,124,drift,2,moderate,192,3701.5660588324213,True,59.0,0.265625,
Autoencoder(t),Hog_office_Shon,124,drift,2,moderate,144,2737.1461577962623,True,29.0,0.05555555555555555,
Autoencoder(t),Hog_office_Sydney,124,drift,1,subtle,288,8119.592526843504,True,5.0,0.2604166666666667,
Autoencoder(t),Hog_office_Sydney,124,spike,1,subtle,5,196.46583991897998,True,3.0,0.2,
Autoencoder(t),Hog_office_Sydney,124,spike,1,subtle,1,85.70597551646374,True,0.0,1.0,
Autoencoder(t),Hog_office_Sydney,124,spike,2,moderate,1,131.22745681677335,False,,0.0,
Autoencoder(t),Hog_office_Sydney,124,spike,2,moderate,1,148.69647404756202,True,0.0,1.0,
Autoencoder(t),Hog_office_Sydney,124,spike,2,moderate,2,174.68537972142465,True,1.0,0.5,
Autoencoder(t),Hog_office_Valda,124,drift,2,moderate,264,2857.1177976370764,True,28.0,0.1856060606060606,
Autoencoder(t),Hog_office_Valda,124,spike,3,obvious,1,146.1924647334952,True,0.0,1.0,
Autoencoder(t),Hog_office_Valda,124,drift,3,obvious,264,4547.513835535305,True,27.0,0.3333333333333333,
Autoencoder(t),Hog_office_Valda,124,spike,2,moderate,1,90.96816539874969,True,0.0,1.0,
Autoencoder(t),Hog_office_Valda,124,schedule,3,obvious,192,295.3654460515271,True,5.0,0.234375,
Autoencoder(t),Hog_office_Valda,124,schedule,3,obvious,72,129.23500259287323,True,4.0,0.2777777777777778,
Autoencoder(t),Lamb_education_Armando,124,schedule,3,obvious,168,42.351505729948684,True,63.0,0.09523809523809523,
Autoencoder(t),Lamb_education_Armando,124,drift,2,moderate,264,3545.686108845367,True,3.0,0.2727272727272727,
Autoencoder(t),Lamb_education_Armando,124,drift,2,moderate,120,581.1700915763748,True,22.0,0.10833333333333334,
Autoencoder(t),Lamb_education_Armando,124,drift,3,obvious,192,3408.2489944527274,True,33.0,0.2760416666666667,
Autoencoder(t),Lamb_education_Armando,124,spike,2,moderate,1,221.83527427775363,False,,0.0,
Autoencoder(t),Lamb_education_Armando,124,schedule,3,obvious,96,36.35899298629825,True,8.0,0.15625,
Autoencoder(t),Lamb_education_Eula,124,drift,3,obvious,216,124.56056570809537,True,1.0,0.30092592592592593,
Autoencoder(t),Lamb_education_Eula,124,spike,1,subtle,3,9.411480791510446,True,2.0,0.3333333333333333,
Autoencoder(t),Lamb_education_Eula,124,drift,2,moderate,264,116.57449026741199,True,32.0,0.12121212121212122,
Autoencoder(t),Lamb_education_Eula,124,spike,2,moderate,2,8.906459358942762,True,0.0,1.0,
Autoencoder(t),Lamb_education_Eula,124,spike,3,obvious,2,15.085603107142502,True,1.0,0.5,
Autoencoder(t),Lamb_education_Eula,124,drift,2,moderate,240,67.55719881227861,True,39.0,0.2,
Autoencoder(t),Lamb_education_Lazaro,124,drift,1,subtle,192,461.23669069021577,True,191.0,0.005208333333333333,
Autoencoder(t),Lamb_education_Lazaro,124,spike,3,obvious,4,400.82250918666176,True,2.0,0.5,
Autoencoder(t),Lamb_education_Lazaro,124,drift,1,subtle,240,604.235159033965,True,15.0,0.16666666666666666,
Autoencoder(t),Lamb_education_Lazaro,124,drift,2,moderate,144,497.9093626321239,True,19.0,0.24305555555555555,
Autoencoder(t),Lamb_education_Lazaro,124,spike,2,moderate,5,323.27785981812565,True,3.0,0.4,
Autoencoder(t),Lamb_education_Lazaro,124,spike,3,obvious,1,216.09390823268618,True,0.0,1.0,
Autoencoder(t),Lamb_education_Lucas,124,drift,3,obvious,240,801.2582428094648,True,0.0,0.25,
Autoencoder(t),Lamb_education_Lucas,124,schedule,3,obvious,120,44.89451201081894,True,14.0,0.175,
Autoencoder(t),Lamb_education_Lucas,124,spike,3,obvious,5,133.8321468000379,True,2.0,0.6,
Autoencoder(t),Lamb_education_Lucas,124,drift,3,obvious,144,273.9606663738274,True,4.0,0.2708333333333333,
Autoencoder(t),Lamb_education_Lucas,124,spike,3,obvious,5,142.6454074837294,True,2.0,0.6,
Autoencoder(t),Lamb_education_Lucas,124,drift,1,subtle,120,38.67614445359179,True,13.0,0.23333333333333334,
Autoencoder(t),Lamb_education_Mae,124,spike,1,subtle,5,323.07918229430084,True,3.0,0.4,
Autoencoder(t),Lamb_education_Mae,124,spike,2,moderate,4,516.0264638666401,True,1.0,0.75,
Autoencoder(t),Lamb_education_Mae,124,drift,2,moderate,240,3932.5231562095887,True,52.0,0.25833333333333336,
Autoencoder(t),Lamb_education_Mae,124,spike,2,moderate,2,212.59441880931385,False,,0.0,
Autoencoder(t),Lamb_education_Mae,124,drift,3,obvious,144,2958.7246626678852,True,39.0,0.0625,
Autoencoder(t),Lamb_education_Mae,124,spike,1,subtle,1,162.31276356035605,True,0.0,1.0,
Autoencoder(t),Lamb_education_Williams,124,drift,1,subtle,264,746.3809443232789,True,31.0,0.125,
Autoencoder(t),Lamb_education_Williams,124,drift,1,subtle,240,639.2960181545328,True,147.0,0.12083333333333333,
Autoencoder(t),Lamb_education_Williams,124,drift,3,obvious,312,4579.005177313596,True,16.0,0.15384615384615385,
Autoencoder(t),Lamb_education_Williams,124,schedule,3,obvious,168,245.34222782811088,True,0.0,0.24404761904761904,
Autoencoder(t),Lamb_education_Williams,124,spike,1,subtle,4,225.11065302241795,True,2.0,0.5,
Autoencoder(t),Lamb_education_Williams,124,schedule,2,moderate,216,120.36486662932188,True,22.0,0.2175925925925926,
Autoencoder(t),Lamb_office_Caitlin,124,spike,2,moderate,2,287.84152497083744,True,1.0,0.5,
Autoencoder(t),Lamb_office_Caitlin,124,drift,1,subtle,144,174.86513893786412,True,7.0,0.06944444444444445,
Autoencoder(t),Lamb_office_Caitlin,124,schedule,1,subtle,72,45.94439519567189,True,21.0,0.125,
Autoencoder(t),Lamb_office_Caitlin,124,drift,3,obvious,192,1366.1223200641446,True,6.0,0.16145833333333334,
Autoencoder(t),Lamb_office_Caitlin,124,spike,3,obvious,3,499.75478148973514,False,,0.0,
Autoencoder(t),Lamb_office_Caitlin,124,spike,3,obvious,5,914.2945579554216,True,2.0,0.6,
Autoencoder(t),Lamb_office_Velma,124,spike,2,moderate,5,712.063480372273,True,4.0,0.2,
Autoencoder(t),Lamb_office_Velma,124,schedule,2,moderate,192,5.02976783064522,True,6.0,0.125,
Autoencoder(t),Lamb_office_Velma,124,spike,1,subtle,4,402.868816575697,True,2.0,0.5,
Autoencoder(t),Lamb_office_Velma,124,spike,2,moderate,5,716.8389665969552,True,2.0,0.6,
Autoencoder(t),Lamb_office_Velma,124,drift,2,moderate,168,3639.54112623905,True,13.0,0.27380952380952384,
Autoencoder(t),Lamb_office_Velma,124,drift,3,obvious,168,7579.385515407095,True,6.0,0.38095238095238093,
Autoencoder(t),Rat_retail_Jeffrey,124,spike,1,subtle,5,291.60367573257804,True,2.0,0.6,
Autoencoder(t),Rat_retail_Jeffrey,124,spike,2,moderate,4,475.52021965664414,True,2.0,0.5,
Autoencoder(t),Rat_retail_Jeffrey,124,drift,2,moderate,144,2154.4490308847585,True,8.0,0.16666666666666666,
Autoencoder(t),Rat_retail_Jeffrey,124,spike,1,subtle,1,138.38502458085736,True,0.0,1.0,
Autoencoder(t),Rat_retail_Jeffrey,124,drift,1,subtle,120,610.2952989490467,True,0.0,0.125,
Autoencoder(t),Rat_retail_Jeffrey,124,spike,3,obvious,3,473.61949934562676,True,1.0,0.6666666666666666,
Autoencoder(t),Robin_education_Zenia,124,drift,1,subtle,312,9085.837298458526,True,193.0,0.060897435897435896,
Autoencoder(t),Robin_education_Zenia,124,drift,3,obvious,264,29233.784782501494,True,32.0,0.5568181818181818,
Autoencoder(t),Robin_education_Zenia,124,drift,3,obvious,216,19698.159837123923,True,61.0,0.6296296296296297,
Autoencoder(t),Robin_education_Zenia,124,spike,3,obvious,1,234.24180318846012,False,,0.0,
Autoencoder(t),Robin_education_Zenia,124,drift,2,moderate,192,8507.294132048073,True,112.0,0.203125,
Autoencoder(t),Robin_education_Zenia,124,spike,1,subtle,1,103.78091077838481,False,,0.0,
Autoencoder(t),Robin_office_Dina,124,drift,1,subtle,312,1671.5645498087358,True,7.0,0.34615384615384615,
Autoencoder(t),Robin_office_Dina,124,spike,3,obvious,2,76.99172519770566,True,0.0,1.0,
Autoencoder(t),Robin_office_Dina,124,drift,2,moderate,168,1361.1516267334248,True,0.0,0.31547619047619047,
Autoencoder(t),Robin_office_Dina,124,spike,1,subtle,3,54.39925792780521,True,2.0,0.3333333333333333,
Autoencoder(t),Robin_office_Dina,124,spike,3,obvious,3,106.22402211052074,True,1.0,0.6666666666666666,
Autoencoder(t),Robin_office_Dina,124,spike,2,moderate,4,100.90720420303032,True,0.0,1.0,
Autoencoder(t),Robin_office_Sammie,124,drift,2,moderate,240,8193.376963553696,True,3.0,0.4166666666666667,
Autoencoder(t),Robin_office_Sammie,124,spike,2,moderate,5,264.22219886949006,True,3.0,0.2,
Autoencoder(t),Robin_office_Sammie,124,drift,2,moderate,120,2188.0140383288563,True,31.0,0.4,
Autoencoder(t),Robin_office_Sammie,124,spike,3,obvious,4,325.76388530020796,True,1.0,0.75,
Autoencoder(t),Robin_office_Sammie,124,drift,3,obvious,216,10950.46293039176,True,0.0,0.5092592592592593,
Autoencoder(t),Robin_office_Sammie,124,schedule,2,moderate,216,283.6852349670226,True,121.0,0.041666666666666664,
Autoencoder(t),Shrew_office_Doris,124,spike,3,obvious,4,967.677461342442,True,0.0,1.0,
Autoencoder(t),Shrew_office_Doris,124,drift,2,moderate,216,13274.214899719289,True,4.0,0.39351851851851855,
Autoencoder(t),Shrew_office_Doris,124,drift,3,obvious,192,16874.680037500937,True,1.0,0.4427083333333333,
Autoencoder(t),Shrew_office_Doris,124,drift,2,moderate,288,21097.276446337128,True,21.0,0.3263888888888889,
Autoencoder(t),Shrew_office_Doris,124,spike,3,obvious,5,1269.3416243658435,True,2.0,0.6,
Autoencoder(t),Shrew_office_Doris,124,spike,1,subtle,5,492.6340337493294,True,2.0,0.4,
Autoencoder(t),Shrew_office_Ila,124,drift,1,subtle,216,2996.99212687992,True,0.0,0.0787037037037037,
Autoencoder(t),Shrew_office_Ila,124,drift,3,obvious,216,17305.03319043162,True,100.0,0.20833333333333334,
Autoencoder(t),Shrew_office_Ila,124,spike,3,obvious,4,725.0771146387649,True,2.0,0.5,
Autoencoder(t),Shrew_office_Ila,124,spike,1,subtle,2,146.5948962159231,False,,0.0,
Autoencoder(t),Shrew_office_Ila,124,drift,2,moderate,144,4621.5561975259025,True,63.0,0.09027777777777778,
Autoencoder(t),Shrew_office_Ila,124,spike,3,obvious,4,673.7401307453438,True,2.0,0.5,
Autoencoder(t),Shrew_office_Kenneth,124,drift,2,moderate,192,1498.5085912518607,True,9.0,0.3645833333333333,
Autoencoder(t),Shrew_office_Kenneth,124,drift,3,obvious,192,2842.3791870818204,True,71.0,0.06770833333333333,
Autoencoder(t),Shrew_office_Kenneth,124,spike,2,moderate,2,90.89096949254512,True,1.0,0.5,
Autoencoder(t),Shrew_office_Kenneth,124,spike,1,subtle,1,62.498642336023934,True,0.0,1.0,
Autoencoder(t),Shrew_office_Kenneth,124,spike,3,obvious,5,300.9768943363502,True,0.0,0.8,
Autoencoder(t),Shrew_office_Kenneth,124,spike,1,subtle,5,132.02422580194082,True,2.0,0.6,
Autoencoder(t),Shrew_office_Nora,124,drift,3,obvious,168,13959.850749005422,True,12.0,0.3869047619047619,
Autoencoder(t),Shrew_office_Nora,124,spike,1,subtle,2,260.69750787688605,True,1.0,0.5,
Autoencoder(t),Shrew_office_Nora,124,drift,1,subtle,216,4665.425658313194,True,13.0,0.2037037037037037,
Autoencoder(t),Shrew_office_Nora,124,drift,3,obvious,240,26280.58367879771,True,3.0,0.5416666666666666,
Autoencoder(t),Shrew_office_Nora,124,spike,1,subtle,5,548.8590061520682,True,1.0,0.8,
Autoencoder(t),Shrew_office_Nora,124,spike,2,moderate,2,390.28208907425113,True,1.0,0.5,
Autoencoder(t),Shrew_office_Sherill,124,spike,3,obvious,3,1285.7986614249328,True,1.0,0.6666666666666666,
Autoencoder(t),Shrew_office_Sherill,124,drift,2,moderate,120,6816.240253363444,True,6.0,0.275,
Autoencoder(t),Shrew_office_Sherill,124,spike,1,subtle,4,809.928865577001,True,2.0,0.5,
Autoencoder(t),Shrew_office_Sherill,124,drift,3,obvious,168,19918.04479791922,True,16.0,0.40476190476190477,
Autoencoder(t),Shrew_office_Sherill,124,spike,1,subtle,5,982.0393289635585,False,,0.0,
Autoencoder(t),Shrew_office_Sherill,124,spike,3,obvious,3,1418.5189408034698,True,1.0,0.6666666666666666,
Autoencoder(t),Wolf_office_Darleen,124,drift,3,obvious,216,4246.600657922468,True,8.0,0.16666666666666666,
Autoencoder(t),Wolf_office_Darleen,124,drift,3,obvious,240,4976.241380732559,True,31.0,0.3541666666666667,
Autoencoder(t),Wolf_office_Darleen,124,spike,3,obvious,3,254.48626821207995,True,2.0,0.3333333333333333,
Autoencoder(t),Wolf_office_Darleen,124,schedule,3,obvious,216,98.90988369231172,True,34.0,0.1527777777777778,
Autoencoder(t),Wolf_office_Darleen,124,spike,2,moderate,5,263.59770868297966,True,2.0,0.6,
Autoencoder(t),Wolf_office_Darleen,124,drift,3,obvious,192,3387.5794404471744,True,38.0,0.25,
Autoencoder(t),Wolf_retail_Harriett,124,spike,1,subtle,3,109.46943691528074,False,,0.0,
Autoencoder(t),Wolf_retail_Harriett,124,drift,2,moderate,216,3442.80368568748,True,0.0,0.4027777777777778,
Autoencoder(t),Wolf_retail_Harriett,124,spike,2,moderate,1,118.095825507048,True,0.0,1.0,
Autoencoder(t),Wolf_retail_Harriett,124,spike,2,moderate,1,95.23365086904356,True,0.0,1.0,
Autoencoder(t),Wolf_retail_Harriett,124,drift,1,subtle,168,915.2694268515739,True,10.0,0.13690476190476192,
Autoencoder(t),Wolf_retail_Harriett,124,schedule,2,moderate,120,16.811704598329925,True,42.0,0.1,
Autoencoder(t),Wolf_retail_Marcella,124,drift,1,subtle,120,77.19480955887502,True,0.0,0.15833333333333333,
Autoencoder(t),Wolf_retail_Marcella,124,spike,3,obvious,4,54.744085512607896,True,1.0,0.75,
Autoencoder(t),Wolf_retail_Marcella,124,drift,3,obvious,216,805.9237291893736,True,10.0,0.38425925925925924,
Autoencoder(t),Wolf_retail_Marcella,124,drift,2,moderate,144,245.1612452558267,True,0.0,0.24305555555555555,
Autoencoder(t),Wolf_retail_Marcella,124,spike,1,subtle,1,15.299112680094524,True,0.0,1.0,
Autoencoder(t),Wolf_retail_Marcella,124,drift,1,subtle,240,161.5415176515241,True,13.0,0.17083333333333334,
Autoencoder(t),Wolf_retail_Toshia,124,spike,3,obvious,4,813.8222848184951,True,2.0,0.5,
Autoencoder(t),Wolf_retail_Toshia,124,spike,3,obvious,5,1170.5817793556578,True,2.0,0.6,
Autoencoder(t),Wolf_retail_Toshia,124,schedule,3,obvious,120,146.55404856680667,True,96.0,0.05,
Autoencoder(t),Wolf_retail_Toshia,124,schedule,3,obvious,72,196.04409342229565,True,4.0,0.2361111111111111,
Autoencoder(t),Wolf_retail_Toshia,124,drift,1,subtle,216,1058.247230158493,True,43.0,0.1388888888888889,
Autoencoder(t),Wolf_retail_Toshia,124,spike,1,subtle,4,354.7456702313118,True,2.0,0.5,
IsolationForest(t),Fox_education_Henrietta,124,schedule,3,obvious,192,60.315560882006025,False,,0.0,
IsolationForest(t),Fox_education_Henrietta,124,spike,3,obvious,4,167.26170856365857,True,2.0,0.5,
IsolationForest(t),Fox_education_Henrietta,124,spike,1,subtle,5,78.18136394771389,True,4.0,0.2,
IsolationForest(t),Fox_education_Henrietta,124,schedule,3,obvious,144,183.66365980408142,False,,0.0,
IsolationForest(t),Fox_education_Henrietta,124,drift,1,subtle,216,520.3709604977303,True,93.0,0.06018518518518518,
IsolationForest(t),Fox_education_Henrietta,124,spike,2,moderate,1,61.819841831657534,True,0.0,1.0,
IsolationForest(t),Fox_retail_Manie,124,spike,3,obvious,3,360.30977822599573,True,1.0,0.6666666666666666,
IsolationForest(t),Fox_retail_Manie,124,schedule,3,obvious,192,705.5814088582074,True,88.0,0.09375,
IsolationForest(t),Fox_retail_Manie,124,spike,3,obvious,5,598.2254276518972,True,2.0,0.6,
IsolationForest(t),Fox_retail_Manie,124,drift,2,moderate,168,1941.7014736338524,True,13.0,0.005952380952380952,
IsolationForest(t),Fox_retail_Manie,124,spike,1,subtle,3,155.21794966966723,False,,0.0,
IsolationForest(t),Fox_retail_Manie,124,schedule,3,obvious,96,172.62577698158896,False,,0.0,
IsolationForest(t),Hog_education_Bruno,124,drift,3,obvious,264,46417.54410572455,True,16.0,0.6022727272727273,
IsolationForest(t),Hog_education_Bruno,124,drift,1,subtle,216,9812.30313173102,False,,0.0,
IsolationForest(t),Hog_education_Bruno,124,drift,2,moderate,120,6595.295146158791,False,,0.0,
IsolationForest(t),Hog_education_Bruno,124,spike,1,subtle,5,299.2891721906774,False,,0.0,
IsolationForest(t),Hog_education_Bruno,124,drift,1,subtle,216,8137.5103929530915,True,131.0,0.06018518518518518,
IsolationForest(t),Hog_education_Bruno,124,spike,1,subtle,4,291.6501178934577,False,,0.0,
IsolationForest(t),Hog_education_Caridad,124,drift,2,moderate,120,26559.114233147702,False,,0.0,
IsolationForest(t),Hog_education_Caridad,124,schedule,2,moderate,168,5586.936543560644,False,,0.0,
IsolationForest(t),Hog_education_Caridad,124,drift,1,subtle,192,28961.841270979025,True,46.0,0.015625,
IsolationForest(t),Hog_education_Caridad,124,spike,1,subtle,1,3232.119287388384,False,,0.0,
IsolationForest(t),Hog_education_Caridad,124,schedule,3,obvious,96,7326.264039132635,False,,0.0,
IsolationForest(t),Hog_education_Caridad,124,spike,1,subtle,4,6005.765793875593,True,2.0,0.5,
IsolationForest(t),Hog_education_Josh,124,spike,1,subtle,5,594.6326420608618,False,,0.0,
IsolationForest(t),Hog_education_Josh,124,schedule,2,moderate,96,1475.452371600362,False,,0.0,
IsolationForest(t),Hog_education_Josh,124,drift,3,obvious,192,16691.47805798628,True,35.0,0.19791666666666666,
IsolationForest(t),Hog_education_Josh,124,spike,3,obvious,3,765.3532648336346,True,1.0,0.6666666666666666,
IsolationForest(t),Hog_education_Josh,124,spike,3,obvious,3,668.1453240628807,True,1.0,0.6666666666666666,
IsolationForest(t),Hog_education_Josh,124,drift,1,subtle,168,2891.321119750779,False,,0.0,
IsolationForest(t),Hog_education_Luvenia,124,drift,3,obvious,168,36139.97417896839,True,0.0,0.6130952380952381,
IsolationForest(t),Hog_education_Luvenia,124,drift,1,subtle,192,8901.64724636137,False,,0.0,
IsolationForest(t),Hog_education_Luvenia,124,drift,3,obvious,288,107739.74583786631,True,99.0,0.34375,
IsolationForest(t),Hog_education_Luvenia,124,drift,3,obvious,120,16462.105680988763,False,,0.0,
IsolationForest(t),Hog_education_Luvenia,124,spike,2,moderate,4,909.4970148676152,False,,0.0,
IsolationForest(t),Hog_education_Luvenia,124,drift,3,obvious,144,25989.04317118203,False,,0.0,
IsolationForest(t),Hog_office_Almeda,124,schedule,3,obvious,144,687.7865728908646,True,22.0,0.034722222222222224,
IsolationForest(t),Hog_office_Almeda,124,schedule,2,moderate,120,80.57674715737826,True,6.0,0.041666666666666664,
IsolationForest(t),Hog_office_Almeda,124,drift,1,subtle,288,2065.7478398767325,True,21.0,0.027777777777777776,
IsolationForest(t),Hog_office_Almeda,124,spike,3,obvious,4,433.52703801649193,True,1.0,0.75,
IsolationForest(t),Hog_office_Almeda,124,spike,3,obvious,4,417.9640816562538,True,2.0,0.5,
IsolationForest(t),Hog_office_Almeda,124,spike,2,moderate,2,136.54824351694936,True,1.0,0.5,
IsolationForest(t),Hog_office_Cortney,124,spike,2,moderate,3,357.681035451082,True,2.0,0.3333333333333333,
IsolationForest(t),Hog_office_Cortney,124,spike,3,obvious,5,867.3573209702461,True,2.0,0.6,
IsolationForest(t),Hog_office_Cortney,124,spike,1,subtle,5,408.4063300315772,True,3.0,0.4,
IsolationForest(t),Hog_office_Cortney,124,spike,2,moderate,1,272.95887519299555,True,0.0,1.0,
IsolationForest(t),Hog_office_Cortney,124,schedule,3,obvious,120,371.5476152277705,True,94.0,0.03333333333333333,
IsolationForest(t),Hog_office_Cortney,124,spike,1,subtle,1,181.02968838654505,True,0.0,1.0,
IsolationForest(t),Hog_office_Denita,124,schedule,3,obvious,192,911.8087205658233,True,75.0,0.015625,
IsolationForest(t),Hog_office_Denita,124,schedule,2,moderate,120,221.43335855207079,False,,0.0,
IsolationForest(t),Hog_office_Denita,124,drift,1,subtle,264,2914.5363022298425,True,84.0,0.056818181818181816,
IsolationForest(t),Hog_office_Denita,124,schedule,2,moderate,120,364.88929710752984,True,107.0,0.06666666666666667,
IsolationForest(t),Hog_office_Denita,124,drift,3,obvious,144,2702.7509967910933,False,,0.0,
IsolationForest(t),Hog_office_Denita,124,spike,3,obvious,5,636.4034244866059,True,2.0,0.6,
IsolationForest(t),Hog_office_Garrett,124,drift,1,subtle,192,5556.152288561812,False,,0.0,
IsolationForest(t),Hog_office_Garrett,124,schedule,3,obvious,192,6469.905965881119,True,62.0,0.041666666666666664,
IsolationForest(t),Hog_office_Garrett,124,drift,1,subtle,120,2425.0334129518105,True,83.0,0.008333333333333333,
IsolationForest(t),Hog_office_Garrett,124,spike,3,obvious,3,2491.689618857125,True,1.0,0.6666666666666666,
IsolationForest(t),Hog_office_Garrett,124,drift,1,subtle,312,26591.048645774314,True,78.0,0.016025641025641024,
IsolationForest(t),Hog_office_Garrett,124,spike,1,subtle,3,934.2433043536314,True,2.0,0.3333333333333333,
IsolationForest(t),Hog_office_Lavon,124,drift,1,subtle,168,350.1790514100819,True,3.0,0.06547619047619048,
IsolationForest(t),Hog_office_Lavon,124,drift,3,obvious,216,2544.700922092341,True,170.0,0.041666666666666664,
IsolationForest(t),Hog_office_Lavon,124,spike,3,obvious,4,7791.569566645738,True,1.0,0.75,
IsolationForest(t),Hog_office_Lavon,124,drift,2,moderate,240,1571.1852408501998,False,,0.0,
IsolationForest(t),Hog_office_Lavon,124,spike,1,subtle,3,2562.0763129709776,True,1.0,0.6666666666666666,
IsolationForest(t),Hog_office_Lavon,124,spike,2,moderate,3,3484.1998013300895,True,1.0,0.6666666666666666,
IsolationForest(t),Hog_office_Merilyn,124,spike,2,moderate,1,50.65190585486498,True,0.0,1.0,
IsolationForest(t),Hog_office_Merilyn,124,schedule,3,obvious,216,152.38178728386578,True,19.0,0.009259259259259259,
IsolationForest(t),Hog_office_Merilyn,124,drift,3,obvious,120,1338.0795839605812,True,111.0,0.008333333333333333,
IsolationForest(t),Hog_office_Merilyn,124,spike,2,moderate,2,45.062402681060725,True,1.0,0.5,
IsolationForest(t),Hog_office_Merilyn,124,spike,3,obvious,2,85.3039948781363,False,,0.0,
IsolationForest(t),Hog_office_Merilyn,124,schedule,3,obvious,96,77.01120943656545,False,,0.0,
IsolationForest(t),Hog_office_Miriam,124,spike,3,obvious,2,64.35778551681808,True,1.0,0.5,
IsolationForest(t),Hog_office_Miriam,124,drift,2,moderate,144,710.5379465954393,False,,0.0,
IsolationForest(t),Hog_office_Miriam,124,drift,2,moderate,264,2505.2621881358136,True,23.0,0.17045454545454544,
IsolationForest(t),Hog_office_Miriam,124,schedule,2,moderate,192,28.96860913554888,True,169.0,0.03125,
IsolationForest(t),Hog_office_Miriam,124,spike,1,subtle,4,54.73908505905362,True,3.0,0.25,
IsolationForest(t),Hog_office_Miriam,124,drift,3,obvious,216,2729.9115140571216,True,58.0,0.07407407407407407,
IsolationForest(t),Hog_office_Napoleon,124,drift,2,moderate,120,2540.854333607559,True,53.0,0.175,
IsolationForest(t),Hog_office_Napoleon,124,spike,3,obvious,4,551.9924978736196,True,1.0,0.75,
IsolationForest(t),Hog_office_Napoleon,124,drift,3,obvious,312,31153.419467939406,True,95.0,0.34615384615384615,
IsolationForest(t),Hog_office_Napoleon,124,spike,3,obvious,2,273.4514251683141,True,1.0,0.5,
IsolationForest(t),Hog_office_Napoleon,124,spike,3,obvious,2,327.44329958523474,False,,0.0,
IsolationForest(t),Hog_office_Napoleon,124,spike,3,obvious,2,305.2755175273484,True,1.0,0.5,
IsolationForest(t),Hog_office_Shawna,124,spike,3,obvious,5,1539.5136699261304,True,2.0,0.6,
IsolationForest(t),Hog_office_Shawna,124,spike,2,moderate,3,657.8599513082542,True,1.0,0.6666666666666666,
IsolationForest(t),Hog_office_Shawna,124,drift,2,moderate,216,9750.165846063275,True,35.0,0.14351851851851852,
IsolationForest(t),Hog_office_Shawna,124,drift,1,subtle,192,3460.430783507374,True,138.0,0.041666666666666664,
IsolationForest(t),Hog_office_Shawna,124,drift,2,moderate,192,8020.109920496582,True,93.0,0.052083333333333336,
IsolationForest(t),Hog_office_Shawna,124,drift,3,obvious,288,37201.3147175408,True,32.0,0.3506944444444444,
IsolationForest(t),Hog_office_Shawnna,124,schedule,2,moderate,192,2686.9850695181667,False,,0.0,
IsolationForest(t),Hog_office_Shawnna,124,schedule,2,moderate,192,2339.9254203213586,False,,0.0,
IsolationForest(t),Hog_office_Shawnna,124,spike,3,obvious,4,2756.7676249264605,True,1.0,0.75,
IsolationForest(t),Hog_office_Shawnna,124,spike,2,moderate,3,1509.4132712336545,True,2.0,0.3333333333333333,
IsolationForest(t),Hog_office_Shawnna,124,drift,2,moderate,312,70147.64740535856,True,170.0,0.2564102564102564,
IsolationForest(t),Hog_office_Shawnna,124,drift,3,obvious,168,34606.77408644281,False,,0.0,
IsolationForest(t),Hog_office_Sherrie,124,drift,1,subtle,144,299.9499753120218,True,0.0,0.041666666666666664,
IsolationForest(t),Hog_office_Sherrie,124,drift,1,subtle,288,1723.6191147775007,True,34.0,0.04861111111111111,
IsolationForest(t),Hog_office_Sherrie,124,drift,3,obvious,240,5648.538585258806,True,8.0,0.24166666666666667,
IsolationForest(t),Hog_office_Sherrie,124,schedule,2,moderate,144,4.347234852761044,True,106.0,0.006944444444444444,
IsolationForest(t),Hog_office_Sherrie,124,schedule,3,obvious,144,343.59874707536767,False,,0.0,
IsolationForest(t),Hog_office_Sherrie,124,spike,1,subtle,3,99.29138806902563,False,,0.0,
IsolationForest(t),Hog_office_Shon,124,drift,1,subtle,192,2182.037256465568,True,75.0,0.11979166666666667,
IsolationForest(t),Hog_office_Shon,124,spike,2,moderate,1,151.8227361048974,False,,0.0,
IsolationForest(t),Hog_office_Shon,124,schedule,3,obvious,144,879.862336287282,True,104.0,0.08333333333333333,
IsolationForest(t),Hog_office_Shon,124,schedule,3,obvious,192,1117.8231857134415,True,0.0,0.11979166666666667,
IsolationForest(t),Hog_office_Shon,124,drift,2,moderate,192,3701.5660588324213,True,59.0,0.22916666666666666,
IsolationForest(t),Hog_office_Shon,124,drift,2,moderate,144,2737.1461577962623,False,,0.0,
IsolationForest(t),Hog_office_Sydney,124,drift,1,subtle,288,8119.592526843504,True,0.0,0.006944444444444444,
IsolationForest(t),Hog_office_Sydney,124,spike,1,subtle,5,196.46583991897998,False,,0.0,
IsolationForest(t),Hog_office_Sydney,124,spike,1,subtle,1,85.70597551646374,True,0.0,1.0,
IsolationForest(t),Hog_office_Sydney,124,spike,2,moderate,1,131.22745681677335,False,,0.0,
IsolationForest(t),Hog_office_Sydney,124,spike,2,moderate,1,148.69647404756202,True,0.0,1.0,
IsolationForest(t),Hog_office_Sydney,124,spike,2,moderate,2,174.68537972142465,True,1.0,0.5,
IsolationForest(t),Hog_office_Valda,124,drift,2,moderate,264,2857.1177976370764,True,10.0,0.17045454545454544,
IsolationForest(t),Hog_office_Valda,124,spike,3,obvious,1,146.1924647334952,True,0.0,1.0,
IsolationForest(t),Hog_office_Valda,124,drift,3,obvious,264,4547.513835535305,True,26.0,0.1893939393939394,
IsolationForest(t),Hog_office_Valda,124,spike,2,moderate,1,90.96816539874969,True,0.0,1.0,
IsolationForest(t),Hog_office_Valda,124,schedule,3,obvious,192,295.3654460515271,True,63.0,0.0625,
IsolationForest(t),Hog_office_Valda,124,schedule,3,obvious,72,129.23500259287323,True,63.0,0.1111111111111111,
IsolationForest(t),Lamb_education_Armando,124,schedule,3,obvious,168,42.351505729948684,True,101.0,0.03571428571428571,
IsolationForest(t),Lamb_education_Armando,124,drift,2,moderate,264,3545.686108845367,True,2.0,0.041666666666666664,
IsolationForest(t),Lamb_education_Armando,124,drift,2,moderate,120,581.1700915763748,False,,0.0,
IsolationForest(t),Lamb_education_Armando,124,drift,3,obvious,192,3408.2489944527274,True,40.0,0.026041666666666668,
IsolationForest(t),Lamb_education_Armando,124,spike,2,moderate,1,221.83527427775363,True,0.0,1.0,
IsolationForest(t),Lamb_education_Armando,124,schedule,3,obvious,96,36.35899298629825,False,,0.0,
IsolationForest(t),Lamb_education_Eula,124,drift,3,obvious,216,124.56056570809537,True,19.0,0.27314814814814814,
IsolationForest(t),Lamb_education_Eula,124,spike,1,subtle,3,9.411480791510446,True,2.0,0.3333333333333333,
IsolationForest(t),Lamb_education_Eula,124,drift,2,moderate,264,116.57449026741199,False,,0.0,
IsolationForest(t),Lamb_education_Eula,124,spike,2,moderate,2,8.906459358942762,True,1.0,0.5,
IsolationForest(t),Lamb_education_Eula,124,spike,3,obvious,2,15.085603107142502,True,1.0,0.5,
IsolationForest(t),Lamb_education_Eula,124,drift,2,moderate,240,67.55719881227861,True,46.0,0.029166666666666667,
IsolationForest(t),Lamb_education_Lazaro,124,drift,1,subtle,192,461.23669069021577,False,,0.0,
IsolationForest(t),Lamb_education_Lazaro,124,spike,3,obvious,4,400.82250918666176,True,2.0,0.5,
IsolationForest(t),Lamb_education_Lazaro,124,drift,1,subtle,240,604.235159033965,True,134.0,0.029166666666666667,
IsolationForest(t),Lamb_education_Lazaro,124,drift,2,moderate,144,497.9093626321239,True,27.0,0.09027777777777778,
IsolationForest(t),Lamb_education_Lazaro,124,spike,2,moderate,5,323.27785981812565,True,2.0,0.6,
IsolationForest(t),Lamb_education_Lazaro,124,spike,3,obvious,1,216.09390823268618,True,0.0,1.0,
IsolationForest(t),Lamb_education_Lucas,124,drift,3,obvious,240,801.2582428094648,True,63.0,0.04583333333333333,
IsolationForest(t),Lamb_education_Lucas,124,schedule,3,obvious,120,44.89451201081894,False,,0.0,
IsolationForest(t),Lamb_education_Lucas,124,spike,3,obvious,5,133.8321468000379,True,2.0,0.6,
IsolationForest(t),Lamb_education_Lucas,124,drift,3,obvious,144,273.9606663738274,True,51.0,0.1388888888888889,
IsolationForest(t),Lamb_education_Lucas,124,spike,3,obvious,5,142.6454074837294,True,2.0,0.6,
IsolationForest(t),Lamb_education_Lucas,124,drift,1,subtle,120,38.67614445359179,True,23.0,0.06666666666666667,
IsolationForest(t),Lamb_education_Mae,124,spike,1,subtle,5,323.07918229430084,True,3.0,0.4,
IsolationForest(t),Lamb_education_Mae,124,spike,2,moderate,4,516.0264638666401,True,2.0,0.5,
IsolationForest(t),Lamb_education_Mae,124,drift,2,moderate,240,3932.5231562095887,True,127.0,0.03333333333333333,
IsolationForest(t),Lamb_education_Mae,124,spike,2,moderate,2,212.59441880931385,True,1.0,0.5,
IsolationForest(t),Lamb_education_Mae,124,drift,3,obvious,144,2958.7246626678852,True,132.0,0.04861111111111111,
IsolationForest(t),Lamb_education_Mae,124,spike,1,subtle,1,162.31276356035605,True,0.0,1.0,
IsolationForest(t),Lamb_education_Williams,124,drift,1,subtle,264,746.3809443232789,True,31.0,0.06439393939393939,
IsolationForest(t),Lamb_education_Williams,124,drift,1,subtle,240,639.2960181545328,True,150.0,0.07083333333333333,
IsolationForest(t),Lamb_education_Williams,124,drift,3,obvious,312,4579.005177313596,False,,0.0,
IsolationForest(t),Lamb_education_Williams,124,schedule,3,obvious,168,245.34222782811088,True,0.0,0.20833333333333334,
IsolationForest(t),Lamb_education_Williams,124,spike,1,subtle,4,225.11065302241795,True,3.0,0.25,
IsolationForest(t),Lamb_education_Williams,124,schedule,2,moderate,216,120.36486662932188,True,23.0,0.06481481481481481,
IsolationForest(t),Lamb_office_Caitlin,124,spike,2,moderate,2,287.84152497083744,True,1.0,0.5,
IsolationForest(t),Lamb_office_Caitlin,124,drift,1,subtle,144,174.86513893786412,False,,0.0,
IsolationForest(t),Lamb_office_Caitlin,124,schedule,1,subtle,72,45.94439519567189,False,,0.0,
IsolationForest(t),Lamb_office_Caitlin,124,drift,3,obvious,192,1366.1223200641446,True,87.0,0.171875,
IsolationForest(t),Lamb_office_Caitlin,124,spike,3,obvious,3,499.75478148973514,False,,0.0,
IsolationForest(t),Lamb_office_Caitlin,124,spike,3,obvious,5,914.2945579554216,True,2.0,0.6,
IsolationForest(t),Lamb_office_Velma,124,spike,2,moderate,5,712.063480372273,True,2.0,0.6,
IsolationForest(t),Lamb_office_Velma,124,schedule,2,moderate,192,5.02976783064522,True,22.0,0.010416666666666666,
IsolationForest(t),Lamb_office_Velma,124,spike,1,subtle,4,402.868816575697,True,2.0,0.5,
IsolationForest(t),Lamb_office_Velma,124,spike,2,moderate,5,716.8389665969552,True,2.0,0.6,
IsolationForest(t),Lamb_office_Velma,124,drift,2,moderate,168,3639.54112623905,True,14.0,0.06547619047619048,
IsolationForest(t),Lamb_office_Velma,124,drift,3,obvious,168,7579.385515407095,True,80.0,0.08333333333333333,
IsolationForest(t),Rat_retail_Jeffrey,124,spike,1,subtle,5,291.60367573257804,True,4.0,0.2,
IsolationForest(t),Rat_retail_Jeffrey,124,spike,2,moderate,4,475.52021965664414,True,2.0,0.5,
IsolationForest(t),Rat_retail_Jeffrey,124,drift,2,moderate,144,2154.4490308847585,True,47.0,0.027777777777777776,
IsolationForest(t),Rat_retail_Jeffrey,124,spike,1,subtle,1,138.38502458085736,True,0.0,1.0,
IsolationForest(t),Rat_retail_Jeffrey,124,drift,1,subtle,120,610.2952989490467,True,60.0,0.2,
IsolationForest(t),Rat_retail_Jeffrey,124,spike,3,obvious,3,473.61949934562676,True,1.0,0.6666666666666666,
IsolationForest(t),Robin_education_Zenia,124,drift,1,subtle,312,9085.837298458526,False,,0.0,
IsolationForest(t),Robin_education_Zenia,124,drift,3,obvious,264,29233.784782501494,False,,0.0,
IsolationForest(t),Robin_education_Zenia,124,drift,3,obvious,216,19698.159837123923,True,74.0,0.09259259259259259,
IsolationForest(t),Robin_education_Zenia,124,spike,3,obvious,1,234.24180318846012,False,,0.0,
IsolationForest(t),Robin_education_Zenia,124,drift,2,moderate,192,8507.294132048073,False,,0.0,
IsolationForest(t),Robin_education_Zenia,124,spike,1,subtle,1,103.78091077838481,False,,0.0,
IsolationForest(t),Robin_office_Dina,124,drift,1,subtle,312,1671.5645498087358,True,12.0,0.21153846153846154,
IsolationForest(t),Robin_office_Dina,124,spike,3,obvious,2,76.99172519770566,True,1.0,0.5,
IsolationForest(t),Robin_office_Dina,124,drift,2,moderate,168,1361.1516267334248,True,47.0,0.11904761904761904,
IsolationForest(t),Robin_office_Dina,124,spike,1,subtle,3,54.39925792780521,True,2.0,0.3333333333333333,
IsolationForest(t),Robin_office_Dina,124,spike,3,obvious,3,106.22402211052074,True,1.0,0.6666666666666666,
IsolationForest(t),Robin_office_Dina,124,spike,2,moderate,4,100.90720420303032,False,,0.0,
IsolationForest(t),Robin_office_Sammie,124,drift,2,moderate,240,8193.376963553696,True,75.0,0.029166666666666667,
IsolationForest(t),Robin_office_Sammie,124,spike,2,moderate,5,264.22219886949006,True,3.0,0.4,
IsolationForest(t),Robin_office_Sammie,124,drift,2,moderate,120,2188.0140383288563,True,108.0,0.025,
IsolationForest(t),Robin_office_Sammie,124,spike,3,obvious,4,325.76388530020796,True,1.0,0.75,
IsolationForest(t),Robin_office_Sammie,124,drift,3,obvious,216,10950.46293039176,True,44.0,0.36574074074074076,
IsolationForest(t),Robin_office_Sammie,124,schedule,2,moderate,216,283.6852349670226,False,,0.0,
IsolationForest(t),Shrew_office_Doris,124,spike,3,obvious,4,967.677461342442,True,1.0,0.75,
IsolationForest(t),Shrew_office_Doris,124,drift,2,moderate,216,13274.214899719289,True,10.0,0.2777777777777778,
IsolationForest(t),Shrew_office_Doris,124,drift,3,obvious,192,16874.680037500937,True,63.0,0.4166666666666667,
IsolationForest(t),Shrew_office_Doris,124,drift,2,moderate,288,21097.276446337128,True,68.0,0.22569444444444445,
IsolationForest(t),Shrew_office_Doris,124,spike,3,obvious,5,1269.3416243658435,True,2.0,0.6,
IsolationForest(t),Shrew_office_Doris,124,spike,1,subtle,5,492.6340337493294,False,,0.0,
IsolationForest(t),Shrew_office_Ila,124,drift,1,subtle,216,2996.99212687992,True,13.0,0.027777777777777776,
IsolationForest(t),Shrew_office_Ila,124,drift,3,obvious,216,17305.03319043162,True,147.0,0.046296296296296294,
IsolationForest(t),Shrew_office_Ila,124,spike,3,obvious,4,725.0771146387649,True,1.0,0.75,
IsolationForest(t),Shrew_office_Ila,124,spike,1,subtle,2,146.5948962159231,True,1.0,0.5,
IsolationForest(t),Shrew_office_Ila,124,drift,2,moderate,144,4621.5561975259025,False,,0.0,
IsolationForest(t),Shrew_office_Ila,124,spike,3,obvious,4,673.7401307453438,True,1.0,0.75,
IsolationForest(t),Shrew_office_Kenneth,124,drift,2,moderate,192,1498.5085912518607,True,110.0,0.13020833333333334,
IsolationForest(t),Shrew_office_Kenneth,124,drift,3,obvious,192,2842.3791870818204,True,190.0,0.005208333333333333,
IsolationForest(t),Shrew_office_Kenneth,124,spike,2,moderate,2,90.89096949254512,True,1.0,0.5,
IsolationForest(t),Shrew_office_Kenneth,124,spike,1,subtle,1,62.498642336023934,True,0.0,1.0,
IsolationForest(t),Shrew_office_Kenneth,124,spike,3,obvious,5,300.9768943363502,True,2.0,0.6,
IsolationForest(t),Shrew_office_Kenneth,124,spike,1,subtle,5,132.02422580194082,True,3.0,0.4,
IsolationForest(t),Shrew_office_Nora,124,drift,3,obvious,168,13959.850749005422,True,8.0,0.2619047619047619,
IsolationForest(t),Shrew_office_Nora,124,spike,1,subtle,2,260.69750787688605,True,1.0,0.5,
IsolationForest(t),Shrew_office_Nora,124,drift,1,subtle,216,4665.425658313194,True,27.0,0.06018518518518518,
IsolationForest(t),Shrew_office_Nora,124,drift,3,obvious,240,26280.58367879771,True,120.0,0.15416666666666667,
IsolationForest(t),Shrew_office_Nora,124,spike,1,subtle,5,548.8590061520682,True,2.0,0.6,
IsolationForest(t),Shrew_office_Nora,124,spike,2,moderate,2,390.28208907425113,True,1.0,0.5,
IsolationForest(t),Shrew_office_Sherill,124,spike,3,obvious,3,1285.7986614249328,True,1.0,0.6666666666666666,
IsolationForest(t),Shrew_office_Sherill,124,drift,2,moderate,120,6816.240253363444,True,81.0,0.26666666666666666,
IsolationForest(t),Shrew_office_Sherill,124,spike,1,subtle,4,809.928865577001,True,2.0,0.5,
IsolationForest(t),Shrew_office_Sherill,124,drift,3,obvious,168,19918.04479791922,True,83.0,0.1130952380952381,
IsolationForest(t),Shrew_office_Sherill,124,spike,1,subtle,5,982.0393289635585,False,,0.0,
IsolationForest(t),Shrew_office_Sherill,124,spike,3,obvious,3,1418.5189408034698,True,1.0,0.6666666666666666,
IsolationForest(t),Wolf_office_Darleen,124,drift,3,obvious,216,4246.600657922468,True,163.0,0.027777777777777776,
IsolationForest(t),Wolf_office_Darleen,124,drift,3,obvious,240,4976.241380732559,False,,0.0,
IsolationForest(t),Wolf_office_Darleen,124,spike,3,obvious,3,254.48626821207995,True,1.0,0.6666666666666666,
IsolationForest(t),Wolf_office_Darleen,124,schedule,3,obvious,216,98.90988369231172,True,34.0,0.08333333333333333,
IsolationForest(t),Wolf_office_Darleen,124,spike,2,moderate,5,263.59770868297966,True,2.0,0.6,
IsolationForest(t),Wolf_office_Darleen,124,drift,3,obvious,192,3387.5794404471744,True,159.0,0.09375,
IsolationForest(t),Wolf_retail_Harriett,124,spike,1,subtle,3,109.46943691528074,False,,0.0,
IsolationForest(t),Wolf_retail_Harriett,124,drift,2,moderate,216,3442.80368568748,True,96.0,0.2175925925925926,
IsolationForest(t),Wolf_retail_Harriett,124,spike,2,moderate,1,118.095825507048,True,0.0,1.0,
IsolationForest(t),Wolf_retail_Harriett,124,spike,2,moderate,1,95.23365086904356,True,0.0,1.0,
IsolationForest(t),Wolf_retail_Harriett,124,drift,1,subtle,168,915.2694268515739,False,,0.0,
IsolationForest(t),Wolf_retail_Harriett,124,schedule,2,moderate,120,16.811704598329925,True,35.0,0.025,
IsolationForest(t),Wolf_retail_Marcella,124,drift,1,subtle,120,77.19480955887502,False,,0.0,
IsolationForest(t),Wolf_retail_Marcella,124,spike,3,obvious,4,54.744085512607896,True,2.0,0.5,
IsolationForest(t),Wolf_retail_Marcella,124,drift,3,obvious,216,805.9237291893736,True,40.0,0.18981481481481483,
IsolationForest(t),Wolf_retail_Marcella,124,drift,2,moderate,144,245.1612452558267,True,94.0,0.2152777777777778,
IsolationForest(t),Wolf_retail_Marcella,124,spike,1,subtle,1,15.299112680094524,True,0.0,1.0,
IsolationForest(t),Wolf_retail_Marcella,124,drift,1,subtle,240,161.5415176515241,True,13.0,0.029166666666666667,
IsolationForest(t),Wolf_retail_Toshia,124,spike,3,obvious,4,813.8222848184951,True,2.0,0.5,
IsolationForest(t),Wolf_retail_Toshia,124,spike,3,obvious,5,1170.5817793556578,True,2.0,0.6,
IsolationForest(t),Wolf_retail_Toshia,124,schedule,3,obvious,120,146.55404856680667,True,96.0,0.025,
IsolationForest(t),Wolf_retail_Toshia,124,schedule,3,obvious,72,196.04409342229565,False,,0.0,
IsolationForest(t),Wolf_retail_Toshia,124,drift,1,subtle,216,1058.247230158493,True,116.0,0.023148148148148147,
IsolationForest(t),Wolf_retail_Toshia,124,spike,1,subtle,4,354.7456702313118,True,3.0,0.25,
OC-SVM(t),Fox_education_Henrietta,124,schedule,3,obvious,192,60.315560882006025,True,35.0,0.036458333333333336,
OC-SVM(t),Fox_education_Henrietta,124,spike,3,obvious,4,167.26170856365857,True,2.0,0.5,
OC-SVM(t),Fox_education_Henrietta,124,spike,1,subtle,5,78.18136394771389,True,3.0,0.4,
OC-SVM(t),Fox_education_Henrietta,124,schedule,3,obvious,144,183.66365980408142,False,,0.0,
OC-SVM(t),Fox_education_Henrietta,124,drift,1,subtle,216,520.3709604977303,True,66.0,0.33796296296296297,
OC-SVM(t),Fox_education_Henrietta,124,spike,2,moderate,1,61.819841831657534,True,0.0,1.0,
OC-SVM(t),Fox_retail_Manie,124,spike,3,obvious,3,360.30977822599573,True,1.0,0.6666666666666666,
OC-SVM(t),Fox_retail_Manie,124,schedule,3,obvious,192,705.5814088582074,True,15.0,0.09375,
OC-SVM(t),Fox_retail_Manie,124,spike,3,obvious,5,598.2254276518972,True,1.0,0.8,
OC-SVM(t),Fox_retail_Manie,124,drift,2,moderate,168,1941.7014736338524,True,11.0,0.05952380952380952,
OC-SVM(t),Fox_retail_Manie,124,spike,1,subtle,3,155.21794966966723,True,2.0,0.3333333333333333,
OC-SVM(t),Fox_retail_Manie,124,schedule,3,obvious,96,172.62577698158896,False,,0.0,
OC-SVM(t),Hog_education_Bruno,124,drift,3,obvious,264,46417.54410572455,True,29.0,0.7803030303030303,
OC-SVM(t),Hog_education_Bruno,124,drift,1,subtle,216,9812.30313173102,True,183.0,0.041666666666666664,
OC-SVM(t),Hog_education_Bruno,124,drift,2,moderate,120,6595.295146158791,True,89.0,0.10833333333333334,
OC-SVM(t),Hog_education_Bruno,124,spike,1,subtle,5,299.2891721906774,True,3.0,0.4,
OC-SVM(t),Hog_education_Bruno,124,drift,1,subtle,216,8137.5103929530915,True,129.0,0.1712962962962963,
OC-SVM(t),Hog_education_Bruno,124,spike,1,subtle,4,291.6501178934577,False,,0.0,
OC-SVM(t),Hog_education_Caridad,124,drift,2,moderate,120,26559.114233147702,False,,0.0,
OC-SVM(t),Hog_education_Caridad,124,schedule,2,moderate,168,5586.936543560644,True,25.0,0.05952380952380952,
OC-SVM(t),Hog_education_Caridad,124,drift,1,subtle,192,28961.841270979025,False,,0.0,
OC-SVM(t),Hog_education_Caridad,124,spike,1,subtle,1,3232.119287388384,False,,0.0,
OC-SVM(t),Hog_education_Caridad,124,schedule,3,obvious,96,7326.264039132635,False,,0.0,
OC-SVM(t),Hog_education_Caridad,124,spike,1,subtle,4,6005.765793875593,True,2.0,0.5,
OC-SVM(t),Hog_education_Josh,124,spike,1,subtle,5,594.6326420608618,True,3.0,0.4,
OC-SVM(t),Hog_education_Josh,124,schedule,2,moderate,96,1475.452371600362,False,,0.0,
OC-SVM(t),Hog_education_Josh,124,drift,3,obvious,192,16691.47805798628,True,18.0,0.6666666666666666,
OC-SVM(t),Hog_education_Josh,124,spike,3,obvious,3,765.3532648336346,True,1.0,0.6666666666666666,
OC-SVM(t),Hog_education_Josh,124,spike,3,obvious,3,668.1453240628807,True,1.0,0.6666666666666666,
OC-SVM(t),Hog_education_Josh,124,drift,1,subtle,168,2891.321119750779,True,4.0,0.125,
OC-SVM(t),Hog_education_Luvenia,124,drift,3,obvious,168,36139.97417896839,True,16.0,0.8630952380952381,
OC-SVM(t),Hog_education_Luvenia,124,drift,1,subtle,192,8901.64724636137,False,,0.0,
OC-SVM(t),Hog_education_Luvenia,124,drift,3,obvious,288,107739.74583786631,True,73.0,0.6111111111111112,
OC-SVM(t),Hog_education_Luvenia,124,drift,3,obvious,120,16462.105680988763,False,,0.0,
OC-SVM(t),Hog_education_Luvenia,124,spike,2,moderate,4,909.4970148676152,False,,0.0,
OC-SVM(t),Hog_education_Luvenia,124,drift,3,obvious,144,25989.04317118203,True,34.0,0.5069444444444444,
OC-SVM(t),Hog_office_Almeda,124,schedule,3,obvious,144,687.7865728908646,True,21.0,0.08333333333333333,
OC-SVM(t),Hog_office_Almeda,124,schedule,2,moderate,120,80.57674715737826,True,6.0,0.06666666666666667,
OC-SVM(t),Hog_office_Almeda,124,drift,1,subtle,288,2065.7478398767325,True,18.0,0.06944444444444445,
OC-SVM(t),Hog_office_Almeda,124,spike,3,obvious,4,433.52703801649193,True,1.0,0.75,
OC-SVM(t),Hog_office_Almeda,124,spike,3,obvious,4,417.9640816562538,True,1.0,0.75,
OC-SVM(t),Hog_office_Almeda,124,spike,2,moderate,2,136.54824351694936,True,1.0,0.5,
OC-SVM(t),Hog_office_Cortney,124,spike,2,moderate,3,357.681035451082,True,2.0,0.3333333333333333,
OC-SVM(t),Hog_office_Cortney,124,spike,3,obvious,5,867.3573209702461,True,2.0,0.6,
OC-SVM(t),Hog_office_Cortney,124,spike,1,subtle,5,408.4063300315772,True,2.0,0.6,
OC-SVM(t),Hog_office_Cortney,124,spike,2,moderate,1,272.95887519299555,True,0.0,1.0,
OC-SVM(t),Hog_office_Cortney,124,schedule,3,obvious,120,371.5476152277705,False,,0.0,
OC-SVM(t),Hog_office_Cortney,124,spike,1,subtle,1,181.02968838654505,True,0.0,1.0,
OC-SVM(t),Hog_office_Denita,124,schedule,3,obvious,192,911.8087205658233,True,150.0,0.041666666666666664,
OC-SVM(t),Hog_office_Denita,124,schedule,2,moderate,120,221.43335855207079,False,,0.0,
OC-SVM(t),Hog_office_Denita,124,drift,1,subtle,264,2914.5363022298425,True,251.0,0.026515151515151516,
OC-SVM(t),Hog_office_Denita,124,schedule,2,moderate,120,364.88929710752984,False,,0.0,
OC-SVM(t),Hog_office_Denita,124,drift,3,obvious,144,2702.7509967910933,False,,0.0,
OC-SVM(t),Hog_office_Denita,124,spike,3,obvious,5,636.4034244866059,True,1.0,0.8,
OC-SVM(t),Hog_office_Garrett,124,drift,1,subtle,192,5556.152288561812,False,,0.0,
OC-SVM(t),Hog_office_Garrett,124,schedule,3,obvious,192,6469.905965881119,True,25.0,0.0625,
OC-SVM(t),Hog_office_Garrett,124,drift,1,subtle,120,2425.0334129518105,False,,0.0,
OC-SVM(t),Hog_office_Garrett,124,spike,3,obvious,3,2491.689618857125,True,1.0,0.6666666666666666,
OC-SVM(t),Hog_office_Garrett,124,drift,1,subtle,312,26591.048645774314,True,215.0,0.003205128205128205,
OC-SVM(t),Hog_office_Garrett,124,spike,1,subtle,3,934.2433043536314,True,1.0,0.6666666666666666,
OC-SVM(t),Hog_office_Lavon,124,drift,1,subtle,168,350.1790514100819,True,72.0,0.1488095238095238,
OC-SVM(t),Hog_office_Lavon,124,drift,3,obvious,216,2544.700922092341,True,197.0,0.032407407407407406,
OC-SVM(t),Hog_office_Lavon,124,spike,3,obvious,4,7791.569566645738,True,1.0,0.75,
OC-SVM(t),Hog_office_Lavon,124,drift,2,moderate,240,1571.1852408501998,False,,0.0,
OC-SVM(t),Hog_office_Lavon,124,spike,1,subtle,3,2562.0763129709776,True,1.0,0.6666666666666666,
OC-SVM(t),Hog_office_Lavon,124,spike,2,moderate,3,3484.1998013300895,True,1.0,0.6666666666666666,
OC-SVM(t),Hog_office_Merilyn,124,spike,2,moderate,1,50.65190585486498,True,0.0,1.0,
OC-SVM(t),Hog_office_Merilyn,124,schedule,3,obvious,216,152.38178728386578,True,15.0,0.037037037037037035,
OC-SVM(t),Hog_office_Merilyn,124,drift,3,obvious,120,1338.0795839605812,True,105.0,0.125,
OC-SVM(t),Hog_office_Merilyn,124,spike,2,moderate,2,45.062402681060725,True,1.0,0.5,
OC-SVM(t),Hog_office_Merilyn,124,spike,3,obvious,2,85.3039948781363,False,,0.0,
OC-SVM(t),Hog_office_Merilyn,124,schedule,3,obvious,96,77.01120943656545,True,60.0,0.010416666666666666,
OC-SVM(t),Hog_office_Miriam,124,spike,3,obvious,2,64.35778551681808,True,1.0,0.5,
OC-SVM(t),Hog_office_Miriam,124,drift,2,moderate,144,710.5379465954393,True,6.0,0.2152777777777778,
OC-SVM(t),Hog_office_Miriam,124,drift,2,moderate,264,2505.2621881358136,True,23.0,0.18181818181818182,
OC-SVM(t),Hog_office_Miriam,124,schedule,2,moderate,192,28.96860913554888,False,,0.0,
OC-SVM(t),Hog_office_Miriam,124,spike,1,subtle,4,54.73908505905362,True,3.0,0.25,
OC-SVM(t),Hog_office_Miriam,124,drift,3,obvious,216,2729.9115140571216,True,57.0,0.23148148148148148,
OC-SVM(t),Hog_office_Napoleon,124,drift,2,moderate,120,2540.854333607559,True,52.0,0.09166666666666666,
OC-SVM(t),Hog_office_Napoleon,124,spike,3,obvious,4,551.9924978736196,True,2.0,0.5,
OC-SVM(t),Hog_office_Napoleon,124,drift,3,obvious,312,31153.419467939406,True,93.0,0.6762820512820513,
OC-SVM(t),Hog_office_Napoleon,124,spike,3,obvious,2,273.4514251683141,True,1.0,0.5,
OC-SVM(t),Hog_office_Napoleon,124,spike,3,obvious,2,327.44329958523474,True,1.0,0.5,
OC-SVM(t),Hog_office_Napoleon,124,spike,3,obvious,2,305.2755175273484,True,1.0,0.5,
OC-SVM(t),Hog_office_Shawna,124,spike,3,obvious,5,1539.5136699261304,True,2.0,0.6,
OC-SVM(t),Hog_office_Shawna,124,spike,2,moderate,3,657.8599513082542,True,1.0,0.6666666666666666,
OC-SVM(t),Hog_office_Shawna,124,drift,2,moderate,216,9750.165846063275,True,106.0,0.09259259259259259,
OC-SVM(t),Hog_office_Shawna,124,drift,1,subtle,192,3460.430783507374,True,137.0,0.026041666666666668,
OC-SVM(t),Hog_office_Shawna,124,drift,2,moderate,192,8020.109920496582,True,92.0,0.15104166666666666,
OC-SVM(t),Hog_office_Shawna,124,drift,3,obvious,288,37201.3147175408,True,54.0,0.5520833333333334,
OC-SVM(t),Hog_office_Shawnna,124,schedule,2,moderate,192,2686.9850695181667,True,102.0,0.09375,
OC-SVM(t),Hog_office_Shawnna,124,schedule,2,moderate,192,2339.9254203213586,True,73.0,0.005208333333333333,
OC-SVM(t),Hog_office_Shawnna,124,spike,3,obvious,4,2756.7676249264605,True,1.0,0.75,
OC-SVM(t),Hog_office_Shawnna,124,spike,2,moderate,3,1509.4132712336545,True,2.0,0.3333333333333333,
OC-SVM(t),Hog_office_Shawnna,124,drift,2,moderate,312,70147.64740535856,True,203.0,0.20512820512820512,
OC-SVM(t),Hog_office_Shawnna,124,drift,3,obvious,168,34606.77408644281,True,142.0,0.03571428571428571,
OC-SVM(t),Hog_office_Sherrie,124,drift,1,subtle,144,299.9499753120218,True,0.0,0.09722222222222222,
OC-SVM(t),Hog_office_Sherrie,124,drift,1,subtle,288,1723.6191147775007,True,34.0,0.059027777777777776,
OC-SVM(t),Hog_office_Sherrie,124,drift,3,obvious,240,5648.538585258806,True,8.0,0.625,
OC-SVM(t),Hog_office_Sherrie,124,schedule,2,moderate,144,4.347234852761044,False,,0.0,
OC-SVM(t),Hog_office_Sherrie,124,schedule,3,obvious,144,343.59874707536767,False,,0.0,
OC-SVM(t),Hog_office_Sherrie,124,spike,1,subtle,3,99.29138806902563,False,,0.0,
OC-SVM(t),Hog_office_Shon,124,drift,1,subtle,192,2182.037256465568,True,75.0,0.19791666666666666,
OC-SVM(t),Hog_office_Shon,124,spike,2,moderate,1,151.8227361048974,True,0.0,1.0,
OC-SVM(t),Hog_office_Shon,124,schedule,3,obvious,144,879.862336287282,True,104.0,0.020833333333333332,
OC-SVM(t),Hog_office_Shon,124,schedule,3,obvious,192,1117.8231857134415,True,50.0,0.041666666666666664,
OC-SVM(t),Hog_office_Shon,124,drift,2,moderate,192,3701.5660588324213,True,59.0,0.21875,
OC-SVM(t),Hog_office_Shon,124,drift,2,moderate,144,2737.1461577962623,False,,0.0,
OC-SVM(t),Hog_office_Sydney,124,drift,1,subtle,288,8119.592526843504,True,32.0,0.1388888888888889,
OC-SVM(t),Hog_office_Sydney,124,spike,1,subtle,5,196.46583991897998,True,4.0,0.2,
OC-SVM(t),Hog_office_Sydney,124,spike,1,subtle,1,85.70597551646374,True,0.0,1.0,
OC-SVM(t),Hog_office_Sydney,124,spike,2,moderate,1,131.22745681677335,False,,0.0,
OC-SVM(t),Hog_office_Sydney,124,spike,2,moderate,1,148.69647404756202,True,0.0,1.0,
OC-SVM(t),Hog_office_Sydney,124,spike,2,moderate,2,174.68537972142465,True,1.0,0.5,
OC-SVM(t),Hog_office_Valda,124,drift,2,moderate,264,2857.1177976370764,True,10.0,0.3446969696969697,
OC-SVM(t),Hog_office_Valda,124,spike,3,obvious,1,146.1924647334952,True,0.0,1.0,
OC-SVM(t),Hog_office_Valda,124,drift,3,obvious,264,4547.513835535305,True,25.0,0.3712121212121212,
OC-SVM(t),Hog_office_Valda,124,spike,2,moderate,1,90.96816539874969,True,0.0,1.0,
OC-SVM(t),Hog_office_Valda,124,schedule,3,obvious,192,295.3654460515271,True,47.0,0.0625,
OC-SVM(t),Hog_office_Valda,124,schedule,3,obvious,72,129.23500259287323,True,60.0,0.1388888888888889,
OC-SVM(t),Lamb_education_Armando,124,schedule,3,obvious,168,42.351505729948684,False,,0.0,
OC-SVM(t),Lamb_education_Armando,124,drift,2,moderate,264,3545.686108845367,True,0.0,0.26136363636363635,
OC-SVM(t),Lamb_education_Armando,124,drift,2,moderate,120,581.1700915763748,False,,0.0,
OC-SVM(t),Lamb_education_Armando,124,drift,3,obvious,192,3408.2489944527274,True,39.0,0.15104166666666666,
OC-SVM(t),Lamb_education_Armando,124,spike,2,moderate,1,221.83527427775363,True,0.0,1.0,
OC-SVM(t),Lamb_education_Armando,124,schedule,3,obvious,96,36.35899298629825,False,,0.0,
OC-SVM(t),Lamb_education_Eula,124,drift,3,obvious,216,124.56056570809537,True,19.0,0.2037037037037037,
OC-SVM(t),Lamb_education_Eula,124,spike,1,subtle,3,9.411480791510446,True,1.0,0.6666666666666666,
OC-SVM(t),Lamb_education_Eula,124,drift,2,moderate,264,116.57449026741199,True,105.0,0.007575757575757576,
OC-SVM(t),Lamb_education_Eula,124,spike,2,moderate,2,8.906459358942762,True,0.0,1.0,
OC-SVM(t),Lamb_education_Eula,124,spike,3,obvious,2,15.085603107142502,True,1.0,0.5,
OC-SVM(t),Lamb_education_Eula,124,drift,2,moderate,240,67.55719881227861,True,2.0,0.23333333333333334,
OC-SVM(t),Lamb_education_Lazaro,124,drift,1,subtle,192,461.23669069021577,False,,0.0,
OC-SVM(t),Lamb_education_Lazaro,124,spike,3,obvious,4,400.82250918666176,True,2.0,0.5,
OC-SVM(t),Lamb_education_Lazaro,124,drift,1,subtle,240,604.235159033965,True,14.0,0.1,
OC-SVM(t),Lamb_education_Lazaro,124,drift,2,moderate,144,497.9093626321239,True,74.0,0.041666666666666664,
OC-SVM(t),Lamb_education_Lazaro,124,spike,2,moderate,5,323.27785981812565,True,2.0,0.6,
OC-SVM(t),Lamb_education_Lazaro,124,spike,3,obvious,1,216.09390823268618,True,0.0,1.0,
OC-SVM(t),Lamb_education_Lucas,124,drift,3,obvious,240,801.2582428094648,True,63.0,0.16666666666666666,
OC-SVM(t),Lamb_education_Lucas,124,schedule,3,obvious,120,44.89451201081894,True,8.0,0.18333333333333332,
OC-SVM(t),Lamb_education_Lucas,124,spike,3,obvious,5,133.8321468000379,True,2.0,0.6,
OC-SVM(t),Lamb_education_Lucas,124,drift,3,obvious,144,273.9606663738274,True,51.0,0.19444444444444445,
OC-SVM(t),Lamb_education_Lucas,124,spike,3,obvious,5,142.6454074837294,True,2.0,0.6,
OC-SVM(t),Lamb_education_Lucas,124,drift,1,subtle,120,38.67614445359179,True,21.0,0.1,
OC-SVM(t),Lamb_education_Mae,124,spike,1,subtle,5,323.07918229430084,True,0.0,0.8,
OC-SVM(t),Lamb_education_Mae,124,spike,2,moderate,4,516.0264638666401,True,1.0,0.75,
OC-SVM(t),Lamb_education_Mae,124,drift,2,moderate,240,3932.5231562095887,True,53.0,0.22083333333333333,
OC-SVM(t),Lamb_education_Mae,124,spike,2,moderate,2,212.59441880931385,True,1.0,0.5,
OC-SVM(t),Lamb_education_Mae,124,drift,3,obvious,144,2958.7246626678852,True,132.0,0.006944444444444444,
OC-SVM(t),Lamb_education_Mae,124,spike,1,subtle,1,162.31276356035605,True,0.0,1.0,
OC-SVM(t),Lamb_education_Williams,124,drift,1,subtle,264,746.3809443232789,True,32.0,0.07196969696969698,
OC-SVM(t),Lamb_education_Williams,124,drift,1,subtle,240,639.2960181545328,True,150.0,0.05416666666666667,
OC-SVM(t),Lamb_education_Williams,124,drift,3,obvious,312,4579.005177313596,True,17.0,0.035256410256410256,
OC-SVM(t),Lamb_education_Williams,124,schedule,3,obvious,168,245.34222782811088,True,0.0,0.10714285714285714,
OC-SVM(t),Lamb_education_Williams,124,spike,1,subtle,4,225.11065302241795,True,2.0,0.5,
OC-SVM(t),Lamb_education_Williams,124,schedule,2,moderate,216,120.36486662932188,True,24.0,0.12037037037037036,
OC-SVM(t),Lamb_office_Caitlin,124,spike,2,moderate,2,287.84152497083744,True,1.0,0.5,
OC-SVM(t),Lamb_office_Caitlin,124,drift,1,subtle,144,174.86513893786412,True,2.0,0.13194444444444445,
OC-SVM(t),Lamb_office_Caitlin,124,schedule,1,subtle,72,45.94439519567189,False,,0.0,
OC-SVM(t),Lamb_office_Caitlin,124,drift,3,obvious,192,1366.1223200641446,True,1.0,0.16666666666666666,
OC-SVM(t),Lamb_office_Caitlin,124,spike,3,obvious,3,499.75478148973514,False,,0.0,
OC-SVM(t),Lamb_office_Caitlin,124,spike,3,obvious,5,914.2945579554216,True,2.0,0.6,
OC-SVM(t),Lamb_office_Velma,124,spike,2,moderate,5,712.063480372273,True,2.0,0.6,
OC-SVM(t),Lamb_office_Velma,124,schedule,2,moderate,192,5.02976783064522,True,21.0,0.026041666666666668,
OC-SVM(t),Lamb_office_Velma,124,spike,1,subtle,4,402.868816575697,True,1.0,0.75,
OC-SVM(t),Lamb_office_Velma,124,spike,2,moderate,5,716.8389665969552,True,2.0,0.6,
OC-SVM(t),Lamb_office_Velma,124,drift,2,moderate,168,3639.54112623905,True,13.0,0.19642857142857142,
OC-SVM(t),Lamb_office_Velma,124,drift,3,obvious,168,7579.385515407095,True,14.0,0.3392857142857143,
OC-SVM(t),Rat_retail_Jeffrey,124,spike,1,subtle,5,291.60367573257804,True,4.0,0.2,
OC-SVM(t),Rat_retail_Jeffrey,124,spike,2,moderate,4,475.52021965664414,True,2.0,0.5,
OC-SVM(t),Rat_retail_Jeffrey,124,drift,2,moderate,144,2154.4490308847585,True,47.0,0.020833333333333332,
OC-SVM(t),Rat_retail_Jeffrey,124,spike,1,subtle,1,138.38502458085736,True,0.0,1.0,
OC-SVM(t),Rat_retail_Jeffrey,124,drift,1,subtle,120,610.2952989490467,True,63.0,0.175,
OC-SVM(t),Rat_retail_Jeffrey,124,spike,3,obvious,3,473.61949934562676,True,1.0,0.6666666666666666,
OC-SVM(t),Robin_education_Zenia,124,drift,1,subtle,312,9085.837298458526,False,,0.0,
OC-SVM(t),Robin_education_Zenia,124,drift,3,obvious,264,29233.784782501494,False,,0.0,
OC-SVM(t),Robin_education_Zenia,124,drift,3,obvious,216,19698.159837123923,True,60.0,0.23148148148148148,
OC-SVM(t),Robin_education_Zenia,124,spike,3,obvious,1,234.24180318846012,False,,0.0,
OC-SVM(t),Robin_education_Zenia,124,drift,2,moderate,192,8507.294132048073,True,111.0,0.036458333333333336,
OC-SVM(t),Robin_education_Zenia,124,spike,1,subtle,1,103.78091077838481,False,,0.0,
OC-SVM(t),Robin_office_Dina,124,drift,1,subtle,312,1671.5645498087358,True,8.0,0.32371794871794873,
OC-SVM(t),Robin_office_Dina,124,spike,3,obvious,2,76.99172519770566,True,1.0,0.5,
OC-SVM(t),Robin_office_Dina,124,drift,2,moderate,168,1361.1516267334248,True,47.0,0.23809523809523808,
OC-SVM(t),Robin_office_Dina,124,spike,1,subtle,3,54.39925792780521,True,1.0,0.6666666666666666,
OC-SVM(t),Robin_office_Dina,124,spike,3,obvious,3,106.22402211052074,True,1.0,0.6666666666666666,
OC-SVM(t),Robin_office_Dina,124,spike,2,moderate,4,100.90720420303032,True,1.0,0.75,
OC-SVM(t),Robin_office_Sammie,124,drift,2,moderate,240,8193.376963553696,True,75.0,0.2791666666666667,
OC-SVM(t),Robin_office_Sammie,124,spike,2,moderate,5,264.22219886949006,True,2.0,0.6,
OC-SVM(t),Robin_office_Sammie,124,drift,2,moderate,120,2188.0140383288563,True,35.0,0.20833333333333334,
OC-SVM(t),Robin_office_Sammie,124,spike,3,obvious,4,325.76388530020796,True,1.0,0.75,
OC-SVM(t),Robin_office_Sammie,124,drift,3,obvious,216,10950.46293039176,True,96.0,0.4305555555555556,
OC-SVM(t),Robin_office_Sammie,124,schedule,2,moderate,216,283.6852349670226,False,,0.0,
OC-SVM(t),Shrew_office_Doris,124,spike,3,obvious,4,967.677461342442,True,1.0,0.75,
OC-SVM(t),Shrew_office_Doris,124,drift,2,moderate,216,13274.214899719289,True,12.0,0.4537037037037037,
OC-SVM(t),Shrew_office_Doris,124,drift,3,obvious,192,16874.680037500937,True,63.0,0.6354166666666666,
OC-SVM(t),Shrew_office_Doris,124,drift,2,moderate,288,21097.276446337128,True,68.0,0.3229166666666667,
OC-SVM(t),Shrew_office_Doris,124,spike,3,obvious,5,1269.3416243658435,True,2.0,0.6,
OC-SVM(t),Shrew_office_Doris,124,spike,1,subtle,5,492.6340337493294,True,3.0,0.4,
OC-SVM(t),Shrew_office_Ila,124,drift,1,subtle,216,2996.99212687992,True,12.0,0.05555555555555555,
OC-SVM(t),Shrew_office_Ila,124,drift,3,obvious,216,17305.03319043162,True,108.0,0.35648148148148145,
OC-SVM(t),Shrew_office_Ila,124,spike,3,obvious,4,725.0771146387649,True,2.0,0.5,
OC-SVM(t),Shrew_office_Ila,124,spike,1,subtle,2,146.5948962159231,True,1.0,0.5,
OC-SVM(t),Shrew_office_Ila,124,drift,2,moderate,144,4621.5561975259025,False,,0.0,
OC-SVM(t),Shrew_office_Ila,124,spike,3,obvious,4,673.7401307453438,True,1.0,0.75,
OC-SVM(t),Shrew_office_Kenneth,124,drift,2,moderate,192,1498.5085912518607,True,96.0,0.3020833333333333,
OC-SVM(t),Shrew_office_Kenneth,124,drift,3,obvious,192,2842.3791870818204,False,,0.0,
OC-SVM(t),Shrew_office_Kenneth,124,spike,2,moderate,2,90.89096949254512,True,1.0,0.5,
OC-SVM(t),Shrew_office_Kenneth,124,spike,1,subtle,1,62.498642336023934,True,0.0,1.0,
OC-SVM(t),Shrew_office_Kenneth,124,spike,3,obvious,5,300.9768943363502,True,2.0,0.6,
OC-SVM(t),Shrew_office_Kenneth,124,spike,1,subtle,5,132.02422580194082,True,2.0,0.6,
OC-SVM(t),Shrew_office_Nora,124,drift,3,obvious,168,13959.850749005422,True,20.0,0.30952380952380953,
OC-SVM(t),Shrew_office_Nora,124,spike,1,subtle,2,260.69750787688605,True,1.0,0.5,
OC-SVM(t),Shrew_office_Nora,124,drift,1,subtle,216,4665.425658313194,True,127.0,0.032407407407407406,
OC-SVM(t),Shrew_office_Nora,124,drift,3,obvious,240,26280.58367879771,True,53.0,0.36666666666666664,
OC-SVM(t),Shrew_office_Nora,124,spike,1,subtle,5,548.8590061520682,True,2.0,0.6,
OC-SVM(t),Shrew_office_Nora,124,spike,2,moderate,2,390.28208907425113,True,1.0,0.5,
OC-SVM(t),Shrew_office_Sherill,124,spike,3,obvious,3,1285.7986614249328,True,1.0,0.6666666666666666,
OC-SVM(t),Shrew_office_Sherill,124,drift,2,moderate,120,6816.240253363444,True,32.0,0.2916666666666667,
OC-SVM(t),Shrew_office_Sherill,124,spike,1,subtle,4,809.928865577001,True,0.0,1.0,
OC-SVM(t),Shrew_office_Sherill,124,drift,3,obvious,168,19918.04479791922,True,84.0,0.3392857142857143,
OC-SVM(t),Shrew_office_Sherill,124,spike,1,subtle,5,982.0393289635585,False,,0.0,
OC-SVM(t),Shrew_office_Sherill,124,spike,3,obvious,3,1418.5189408034698,True,1.0,0.6666666666666666,
OC-SVM(t),Wolf_office_Darleen,124,drift,3,obvious,216,4246.600657922468,True,151.0,0.08796296296296297,
OC-SVM(t),Wolf_office_Darleen,124,drift,3,obvious,240,4976.241380732559,True,32.0,0.2,
OC-SVM(t),Wolf_office_Darleen,124,spike,3,obvious,3,254.48626821207995,True,1.0,0.6666666666666666,
OC-SVM(t),Wolf_office_Darleen,124,schedule,3,obvious,216,98.90988369231172,True,36.0,0.05555555555555555,
OC-SVM(t),Wolf_office_Darleen,124,spike,2,moderate,5,263.59770868297966,True,2.0,0.6,
OC-SVM(t),Wolf_office_Darleen,124,drift,3,obvious,192,3387.5794404471744,True,38.0,0.15625,
OC-SVM(t),Wolf_retail_Harriett,124,spike,1,subtle,3,109.46943691528074,False,,0.0,
OC-SVM(t),Wolf_retail_Harriett,124,drift,2,moderate,216,3442.80368568748,True,35.0,0.3055555555555556,
OC-SVM(t),Wolf_retail_Harriett,124,spike,2,moderate,1,118.095825507048,True,0.0,1.0,
OC-SVM(t),Wolf_retail_Harriett,124,spike,2,moderate,1,95.23365086904356,True,0.0,1.0,
OC-SVM(t),Wolf_retail_Harriett,124,drift,1,subtle,168,915.2694268515739,True,15.0,0.15476190476190477,
OC-SVM(t),Wolf_retail_Harriett,124,schedule,2,moderate,120,16.811704598329925,True,35.0,0.041666666666666664,
OC-SVM(t),Wolf_retail_Marcella,124,drift,1,subtle,120,77.19480955887502,True,0.0,0.058333333333333334,
OC-SVM(t),Wolf_retail_Marcella,124,spike,3,obvious,4,54.744085512607896,True,1.0,0.75,
OC-SVM(t),Wolf_retail_Marcella,124,drift,3,obvious,216,805.9237291893736,True,17.0,0.33796296296296297,
OC-SVM(t),Wolf_retail_Marcella,124,drift,2,moderate,144,245.1612452558267,True,40.0,0.14583333333333334,
OC-SVM(t),Wolf_retail_Marcella,124,spike,1,subtle,1,15.299112680094524,True,0.0,1.0,
OC-SVM(t),Wolf_retail_Marcella,124,drift,1,subtle,240,161.5415176515241,True,2.0,0.06666666666666667,
OC-SVM(t),Wolf_retail_Toshia,124,spike,3,obvious,4,813.8222848184951,True,2.0,0.5,
OC-SVM(t),Wolf_retail_Toshia,124,spike,3,obvious,5,1170.5817793556578,True,1.0,0.8,
OC-SVM(t),Wolf_retail_Toshia,124,schedule,3,obvious,120,146.55404856680667,True,97.0,0.016666666666666666,
OC-SVM(t),Wolf_retail_Toshia,124,schedule,3,obvious,72,196.04409342229565,False,,0.0,
OC-SVM(t),Wolf_retail_Toshia,124,drift,1,subtle,216,1058.247230158493,True,116.0,0.1111111111111111,
OC-SVM(t),Wolf_retail_Toshia,124,spike,1,subtle,4,354.7456702313118,True,2.0,0.5,
LSTM-AE(t),Fox_education_Henrietta,124,schedule,3,obvious,192,60.315560882006025,False,,0.0,
LSTM-AE(t),Fox_education_Henrietta,124,spike,3,obvious,4,167.26170856365857,True,0.0,1.0,
LSTM-AE(t),Fox_education_Henrietta,124,spike,1,subtle,5,78.18136394771389,False,,0.0,
LSTM-AE(t),Fox_education_Henrietta,124,schedule,3,obvious,144,183.66365980408142,False,,0.0,
LSTM-AE(t),Fox_education_Henrietta,124,drift,1,subtle,216,520.3709604977303,True,74.0,0.4444444444444444,
LSTM-AE(t),Fox_education_Henrietta,124,spike,2,moderate,1,61.819841831657534,True,0.0,1.0,
LSTM-AE(t),Fox_retail_Manie,124,spike,3,obvious,3,360.30977822599573,True,0.0,1.0,
LSTM-AE(t),Fox_retail_Manie,124,schedule,3,obvious,192,705.5814088582074,False,,0.0,
LSTM-AE(t),Fox_retail_Manie,124,spike,3,obvious,5,598.2254276518972,True,0.0,1.0,
LSTM-AE(t),Fox_retail_Manie,124,drift,2,moderate,168,1941.7014736338524,True,53.0,0.2857142857142857,
LSTM-AE(t),Fox_retail_Manie,124,spike,1,subtle,3,155.21794966966723,False,,0.0,
LSTM-AE(t),Fox_retail_Manie,124,schedule,3,obvious,96,172.62577698158896,False,,0.0,
LSTM-AE(t),Hog_education_Bruno,124,drift,3,obvious,264,46417.54410572455,True,0.0,0.9924242424242424,
LSTM-AE(t),Hog_education_Bruno,124,drift,1,subtle,216,9812.30313173102,False,,0.0,
LSTM-AE(t),Hog_education_Bruno,124,drift,2,moderate,120,6595.295146158791,True,5.0,0.7583333333333333,
LSTM-AE(t),Hog_education_Bruno,124,spike,1,subtle,5,299.2891721906774,False,,0.0,
LSTM-AE(t),Hog_education_Bruno,124,drift,1,subtle,216,8137.5103929530915,False,,0.0,
LSTM-AE(t),Hog_education_Bruno,124,spike,1,subtle,4,291.6501178934577,False,,0.0,
LSTM-AE(t),Hog_education_Caridad,124,drift,2,moderate,120,26559.114233147702,True,66.0,0.4,
LSTM-AE(t),Hog_education_Caridad,124,schedule,2,moderate,168,5586.936543560644,False,,0.0,
LSTM-AE(t),Hog_education_Caridad,124,drift,1,subtle,192,28961.841270979025,False,,0.0,
LSTM-AE(t),Hog_education_Caridad,124,spike,1,subtle,1,3232.119287388384,False,,0.0,
LSTM-AE(t),Hog_education_Caridad,124,schedule,3,obvious,96,7326.264039132635,True,70.0,0.2708333333333333,
LSTM-AE(t),Hog_education_Caridad,124,spike,1,subtle,4,6005.765793875593,True,0.0,1.0,
LSTM-AE(t),Hog_education_Josh,124,spike,1,subtle,5,594.6326420608618,False,,0.0,
LSTM-AE(t),Hog_education_Josh,124,schedule,2,moderate,96,1475.452371600362,False,,0.0,
LSTM-AE(t),Hog_education_Josh,124,drift,3,obvious,192,16691.47805798628,True,0.0,0.9427083333333334,
LSTM-AE(t),Hog_education_Josh,124,spike,3,obvious,3,765.3532648336346,False,,0.0,
LSTM-AE(t),Hog_education_Josh,124,spike,3,obvious,3,668.1453240628807,True,0.0,1.0,
LSTM-AE(t),Hog_education_Josh,124,drift,1,subtle,168,2891.321119750779,False,,0.0,
LSTM-AE(t),Hog_education_Luvenia,124,drift,3,obvious,168,36139.97417896839,True,0.0,0.8630952380952381,
LSTM-AE(t),Hog_education_Luvenia,124,drift,1,subtle,192,8901.64724636137,False,,0.0,
LSTM-AE(t),Hog_education_Luvenia,124,drift,3,obvious,288,107739.74583786631,True,90.0,0.6666666666666666,
LSTM-AE(t),Hog_education_Luvenia,124,drift,3,obvious,120,16462.105680988763,False,,0.0,
LSTM-AE(t),Hog_education_Luvenia,124,spike,2,moderate,4,909.4970148676152,False,,0.0,
LSTM-AE(t),Hog_education_Luvenia,124,drift,3,obvious,144,25989.04317118203,True,91.0,0.3680555555555556,
LSTM-AE(t),Hog_office_Almeda,124,schedule,3,obvious,144,687.7865728908646,False,,0.0,
LSTM-AE(t),Hog_office_Almeda,124,schedule,2,moderate,120,80.57674715737826,False,,0.0,
LSTM-AE(t),Hog_office_Almeda,124,drift,1,subtle,288,2065.7478398767325,False,,0.0,
LSTM-AE(t),Hog_office_Almeda,124,spike,3,obvious,4,433.52703801649193,True,0.0,1.0,
LSTM-AE(t),Hog_office_Almeda,124,spike,3,obvious,4,417.9640816562538,True,0.0,1.0,
LSTM-AE(t),Hog_office_Almeda,124,spike,2,moderate,2,136.54824351694936,True,0.0,1.0,
LSTM-AE(t),Hog_office_Cortney,124,spike,2,moderate,3,357.681035451082,True,0.0,1.0,
LSTM-AE(t),Hog_office_Cortney,124,spike,3,obvious,5,867.3573209702461,True,0.0,1.0,
LSTM-AE(t),Hog_office_Cortney,124,spike,1,subtle,5,408.4063300315772,True,0.0,1.0,
LSTM-AE(t),Hog_office_Cortney,124,spike,2,moderate,1,272.95887519299555,True,0.0,1.0,
LSTM-AE(t),Hog_office_Cortney,124,schedule,3,obvious,120,371.5476152277705,False,,0.0,
LSTM-AE(t),Hog_office_Cortney,124,spike,1,subtle,1,181.02968838654505,False,,0.0,
LSTM-AE(t),Hog_office_Denita,124,schedule,3,obvious,192,911.8087205658233,True,105.0,0.25,
LSTM-AE(t),Hog_office_Denita,124,schedule,2,moderate,120,221.43335855207079,False,,0.0,
LSTM-AE(t),Hog_office_Denita,124,drift,1,subtle,264,2914.5363022298425,False,,0.0,
LSTM-AE(t),Hog_office_Denita,124,schedule,2,moderate,120,364.88929710752984,False,,0.0,
LSTM-AE(t),Hog_office_Denita,124,drift,3,obvious,144,2702.7509967910933,False,,0.0,
LSTM-AE(t),Hog_office_Denita,124,spike,3,obvious,5,636.4034244866059,True,0.0,1.0,
LSTM-AE(t),Hog_office_Garrett,124,drift,1,subtle,192,5556.152288561812,False,,0.0,
LSTM-AE(t),Hog_office_Garrett,124,schedule,3,obvious,192,6469.905965881119,False,,0.0,
LSTM-AE(t),Hog_office_Garrett,124,drift,1,subtle,120,2425.0334129518105,False,,0.0,
LSTM-AE(t),Hog_office_Garrett,124,spike,3,obvious,3,2491.689618857125,True,0.0,0.6666666666666666,
LSTM-AE(t),Hog_office_Garrett,124,drift,1,subtle,312,26591.048645774314,False,,0.0,
LSTM-AE(t),Hog_office_Garrett,124,spike,1,subtle,3,934.2433043536314,False,,0.0,
LSTM-AE(t),Hog_office_Lavon,124,drift,1,subtle,168,350.1790514100819,False,,0.0,
LSTM-AE(t),Hog_office_Lavon,124,drift,3,obvious,216,2544.700922092341,False,,0.0,
LSTM-AE(t),Hog_office_Lavon,124,spike,3,obvious,4,7791.569566645738,True,0.0,1.0,
LSTM-AE(t),Hog_office_Lavon,124,drift,2,moderate,240,1571.1852408501998,False,,0.0,
LSTM-AE(t),Hog_office_Lavon,124,spike,1,subtle,3,2562.0763129709776,True,0.0,1.0,
LSTM-AE(t),Hog_office_Lavon,124,spike,2,moderate,3,3484.1998013300895,True,0.0,1.0,
LSTM-AE(t),Hog_office_Merilyn,124,spike,2,moderate,1,50.65190585486498,True,0.0,1.0,
LSTM-AE(t),Hog_office_Merilyn,124,schedule,3,obvious,216,152.38178728386578,True,151.0,0.22685185185185186,
LSTM-AE(t),Hog_office_Merilyn,124,drift,3,obvious,120,1338.0795839605812,True,104.0,0.13333333333333333,
LSTM-AE(t),Hog_office_Merilyn,124,spike,2,moderate,2,45.062402681060725,False,,0.0,
LSTM-AE(t),Hog_office_Merilyn,124,spike,3,obvious,2,85.3039948781363,False,,0.0,
LSTM-AE(t),Hog_office_Merilyn,124,schedule,3,obvious,96,77.01120943656545,False,,0.0,
LSTM-AE(t),Hog_office_Miriam,124,spike,3,obvious,2,64.35778551681808,True,0.0,1.0,
LSTM-AE(t),Hog_office_Miriam,124,drift,2,moderate,144,710.5379465954393,True,26.0,0.6527777777777778,
LSTM-AE(t),Hog_office_Miriam,124,drift,2,moderate,264,2505.2621881358136,True,0.0,0.7310606060606061,
LSTM-AE(t),Hog_office_Miriam,124,schedule,2,moderate,192,28.96860913554888,False,,0.0,
LSTM-AE(t),Hog_office_Miriam,124,spike,1,subtle,4,54.73908505905362,False,,0.0,
LSTM-AE(t),Hog_office_Miriam,124,drift,3,obvious,216,2729.9115140571216,True,131.0,0.39351851851851855,
LSTM-AE(t),Hog_office_Napoleon,124,drift,2,moderate,120,2540.854333607559,True,37.0,0.6916666666666667,
LSTM-AE(t),Hog_office_Napoleon,124,spike,3,obvious,4,551.9924978736196,True,0.0,1.0,
LSTM-AE(t),Hog_office_Napoleon,124,drift,3,obvious,312,31153.419467939406,True,110.0,0.6153846153846154,
LSTM-AE(t),Hog_office_Napoleon,124,spike,3,obvious,2,273.4514251683141,True,0.0,1.0,
LSTM-AE(t),Hog_office_Napoleon,124,spike,3,obvious,2,327.44329958523474,False,,0.0,
LSTM-AE(t),Hog_office_Napoleon,124,spike,3,obvious,2,305.2755175273484,True,0.0,1.0,
LSTM-AE(t),Hog_office_Shawna,124,spike,3,obvious,5,1539.5136699261304,True,0.0,1.0,
LSTM-AE(t),Hog_office_Shawna,124,spike,2,moderate,3,657.8599513082542,True,0.0,1.0,
LSTM-AE(t),Hog_office_Shawna,124,drift,2,moderate,216,9750.165846063275,True,161.0,0.25462962962962965,
LSTM-AE(t),Hog_office_Shawna,124,drift,1,subtle,192,3460.430783507374,True,95.0,0.13020833333333334,
LSTM-AE(t),Hog_office_Shawna,124,drift,2,moderate,192,8020.109920496582,True,101.0,0.010416666666666666,
LSTM-AE(t),Hog_office_Shawna,124,drift,3,obvious,288,37201.3147175408,True,63.0,0.6180555555555556,
LSTM-AE(t),Hog_office_Shawnna,124,schedule,2,moderate,192,2686.9850695181667,True,0.0,0.010416666666666666,
LSTM-AE(t),Hog_office_Shawnna,124,schedule,2,moderate,192,2339.9254203213586,False,,0.0,
LSTM-AE(t),Hog_office_Shawnna,124,spike,3,obvious,4,2756.7676249264605,True,0.0,1.0,
LSTM-AE(t),Hog_office_Shawnna,124,spike,2,moderate,3,1509.4132712336545,True,0.0,1.0,
LSTM-AE(t),Hog_office_Shawnna,124,drift,2,moderate,312,70147.64740535856,True,116.0,0.6282051282051282,
LSTM-AE(t),Hog_office_Shawnna,124,drift,3,obvious,168,34606.77408644281,True,128.0,0.23809523809523808,
LSTM-AE(t),Hog_office_Sherrie,124,drift,1,subtle,144,299.9499753120218,True,49.0,0.006944444444444444,
LSTM-AE(t),Hog_office_Sherrie,124,drift,1,subtle,288,1723.6191147775007,True,0.0,0.3020833333333333,
LSTM-AE(t),Hog_office_Sherrie,124,drift,3,obvious,240,5648.538585258806,True,0.0,0.475,
LSTM-AE(t),Hog_office_Sherrie,124,schedule,2,moderate,144,4.347234852761044,False,,0.0,
LSTM-AE(t),Hog_office_Sherrie,124,schedule,3,obvious,144,343.59874707536767,False,,0.0,
LSTM-AE(t),Hog_office_Sherrie,124,spike,1,subtle,3,99.29138806902563,False,,0.0,
LSTM-AE(t),Hog_office_Shon,124,drift,1,subtle,192,2182.037256465568,False,,0.0,
LSTM-AE(t),Hog_office_Shon,124,spike,2,moderate,1,151.8227361048974,False,,0.0,
LSTM-AE(t),Hog_office_Shon,124,schedule,3,obvious,144,879.862336287282,False,,0.0,
LSTM-AE(t),Hog_office_Shon,124,schedule,3,obvious,192,1117.8231857134415,False,,0.0,
LSTM-AE(t),Hog_office_Shon,124,drift,2,moderate,192,3701.5660588324213,True,43.0,0.625,
LSTM-AE(t),Hog_office_Shon,124,drift,2,moderate,144,2737.1461577962623,False,,0.0,
LSTM-AE(t),Hog_office_Sydney,124,drift,1,subtle,288,8119.592526843504,True,102.0,0.5625,
LSTM-AE(t),Hog_office_Sydney,124,spike,1,subtle,5,196.46583991897998,True,0.0,1.0,
LSTM-AE(t),Hog_office_Sydney,124,spike,1,subtle,1,85.70597551646374,False,,0.0,
LSTM-AE(t),Hog_office_Sydney,124,spike,2,moderate,1,131.22745681677335,False,,0.0,
LSTM-AE(t),Hog_office_Sydney,124,spike,2,moderate,1,148.69647404756202,True,0.0,1.0,
LSTM-AE(t),Hog_office_Sydney,124,spike,2,moderate,2,174.68537972142465,True,0.0,1.0,
LSTM-AE(t),Hog_office_Valda,124,drift,2,moderate,264,2857.1177976370764,True,196.0,0.1856060606060606,
LSTM-AE(t),Hog_office_Valda,124,spike,3,obvious,1,146.1924647334952,True,0.0,1.0,
LSTM-AE(t),Hog_office_Valda,124,drift,3,obvious,264,4547.513835535305,True,34.0,0.7272727272727273,
LSTM-AE(t),Hog_office_Valda,124,spike,2,moderate,1,90.96816539874969,True,0.0,1.0,
LSTM-AE(t),Hog_office_Valda,124,schedule,3,obvious,192,295.3654460515271,False,,0.0,
LSTM-AE(t),Hog_office_Valda,124,schedule,3,obvious,72,129.23500259287323,False,,0.0,
LSTM-AE(t),Lamb_education_Armando,124,schedule,3,obvious,168,42.351505729948684,False,,0.0,
LSTM-AE(t),Lamb_education_Armando,124,drift,2,moderate,264,3545.686108845367,False,,0.0,
LSTM-AE(t),Lamb_education_Armando,124,drift,2,moderate,120,581.1700915763748,False,,0.0,
LSTM-AE(t),Lamb_education_Armando,124,drift,3,obvious,192,3408.2489944527274,True,65.0,0.005208333333333333,
LSTM-AE(t),Lamb_education_Armando,124,spike,2,moderate,1,221.83527427775363,False,,0.0,
LSTM-AE(t),Lamb_education_Armando,124,schedule,3,obvious,96,36.35899298629825,False,,0.0,
LSTM-AE(t),Lamb_education_Eula,124,drift,3,obvious,216,124.56056570809537,False,,0.0,
LSTM-AE(t),Lamb_education_Eula,124,spike,1,subtle,3,9.411480791510446,True,0.0,1.0,
LSTM-AE(t),Lamb_education_Eula,124,drift,2,moderate,264,116.57449026741199,False,,0.0,
LSTM-AE(t),Lamb_education_Eula,124,spike,2,moderate,2,8.906459358942762,True,0.0,1.0,
LSTM-AE(t),Lamb_education_Eula,124,spike,3,obvious,2,15.085603107142502,True,0.0,1.0,
LSTM-AE(t),Lamb_education_Eula,124,drift,2,moderate,240,67.55719881227861,True,71.0,0.10416666666666667,
LSTM-AE(t),Lamb_education_Lazaro,124,drift,1,subtle,192,461.23669069021577,False,,0.0,
LSTM-AE(t),Lamb_education_Lazaro,124,spike,3,obvious,4,400.82250918666176,False,,0.0,
LSTM-AE(t),Lamb_education_Lazaro,124,drift,1,subtle,240,604.235159033965,False,,0.0,
LSTM-AE(t),Lamb_education_Lazaro,124,drift,2,moderate,144,497.9093626321239,False,,0.0,
LSTM-AE(t),Lamb_education_Lazaro,124,spike,2,moderate,5,323.27785981812565,False,,0.0,
LSTM-AE(t),Lamb_education_Lazaro,124,spike,3,obvious,1,216.09390823268618,False,,0.0,
LSTM-AE(t),Lamb_education_Lucas,124,drift,3,obvious,240,801.2582428094648,False,,0.0,
LSTM-AE(t),Lamb_education_Lucas,124,schedule,3,obvious,120,44.89451201081894,False,,0.0,
LSTM-AE(t),Lamb_education_Lucas,124,spike,3,obvious,5,133.8321468000379,True,0.0,1.0,
LSTM-AE(t),Lamb_education_Lucas,124,drift,3,obvious,144,273.9606663738274,False,,0.0,
LSTM-AE(t),Lamb_education_Lucas,124,spike,3,obvious,5,142.6454074837294,True,0.0,1.0,
LSTM-AE(t),Lamb_education_Lucas,124,drift,1,subtle,120,38.67614445359179,False,,0.0,
LSTM-AE(t),Lamb_education_Mae,124,spike,1,subtle,5,323.07918229430084,True,0.0,1.0,
LSTM-AE(t),Lamb_education_Mae,124,spike,2,moderate,4,516.0264638666401,True,0.0,1.0,
LSTM-AE(t),Lamb_education_Mae,124,drift,2,moderate,240,3932.5231562095887,False,,0.0,
LSTM-AE(t),Lamb_education_Mae,124,spike,2,moderate,2,212.59441880931385,False,,0.0,
LSTM-AE(t),Lamb_education_Mae,124,drift,3,obvious,144,2958.7246626678852,False,,0.0,
LSTM-AE(t),Lamb_education_Mae,124,spike,1,subtle,1,162.31276356035605,True,0.0,1.0,
LSTM-AE(t),Lamb_education_Williams,124,drift,1,subtle,264,746.3809443232789,False,,0.0,
LSTM-AE(t),Lamb_education_Williams,124,drift,1,subtle,240,639.2960181545328,True,152.0,0.05416666666666667,
LSTM-AE(t),Lamb_education_Williams,124,drift,3,obvious,312,4579.005177313596,False,,0.0,
LSTM-AE(t),Lamb_education_Williams,124,schedule,3,obvious,168,245.34222782811088,False,,0.0,
LSTM-AE(t),Lamb_education_Williams,124,spike,1,subtle,4,225.11065302241795,False,,0.0,
LSTM-AE(t),Lamb_education_Williams,124,schedule,2,moderate,216,120.36486662932188,True,192.0,0.1111111111111111,
LSTM-AE(t),Lamb_office_Caitlin,124,spike,2,moderate,2,287.84152497083744,True,0.0,1.0,
LSTM-AE(t),Lamb_office_Caitlin,124,drift,1,subtle,144,174.86513893786412,False,,0.0,
LSTM-AE(t),Lamb_office_Caitlin,124,schedule,1,subtle,72,45.94439519567189,False,,0.0,
LSTM-AE(t),Lamb_office_Caitlin,124,drift,3,obvious,192,1366.1223200641446,True,101.0,0.4739583333333333,
LSTM-AE(t),Lamb_office_Caitlin,124,spike,3,obvious,3,499.75478148973514,False,,0.0,
LSTM-AE(t),Lamb_office_Caitlin,124,spike,3,obvious,5,914.2945579554216,True,0.0,1.0,
LSTM-AE(t),Lamb_office_Velma,124,spike,2,moderate,5,712.063480372273,False,,0.0,
LSTM-AE(t),Lamb_office_Velma,124,schedule,2,moderate,192,5.02976783064522,False,,0.0,
LSTM-AE(t),Lamb_office_Velma,124,spike,1,subtle,4,402.868816575697,False,,0.0,
LSTM-AE(t),Lamb_office_Velma,124,spike,2,moderate,5,716.8389665969552,True,0.0,1.0,
LSTM-AE(t),Lamb_office_Velma,124,drift,2,moderate,168,3639.54112623905,True,104.0,0.38095238095238093,
LSTM-AE(t),Lamb_office_Velma,124,drift,3,obvious,168,7579.385515407095,True,57.0,0.5238095238095238,
LSTM-AE(t),Rat_retail_Jeffrey,124,spike,1,subtle,5,291.60367573257804,False,,0.0,
LSTM-AE(t),Rat_retail_Jeffrey,124,spike,2,moderate,4,475.52021965664414,True,0.0,1.0,
LSTM-AE(t),Rat_retail_Jeffrey,124,drift,2,moderate,144,2154.4490308847585,False,,0.0,
LSTM-AE(t),Rat_retail_Jeffrey,124,spike,1,subtle,1,138.38502458085736,True,0.0,1.0,
LSTM-AE(t),Rat_retail_Jeffrey,124,drift,1,subtle,120,610.2952989490467,True,116.0,0.03333333333333333,
LSTM-AE(t),Rat_retail_Jeffrey,124,spike,3,obvious,3,473.61949934562676,True,0.0,1.0,
LSTM-AE(t),Robin_education_Zenia,124,drift,1,subtle,312,9085.837298458526,False,,0.0,
LSTM-AE(t),Robin_education_Zenia,124,drift,3,obvious,264,29233.784782501494,True,100.0,0.6212121212121212,
LSTM-AE(t),Robin_education_Zenia,124,drift,3,obvious,216,19698.159837123923,True,39.0,0.7824074074074074,
LSTM-AE(t),Robin_education_Zenia,124,spike,3,obvious,1,234.24180318846012,False,,0.0,
LSTM-AE(t),Robin_education_Zenia,124,drift,2,moderate,192,8507.294132048073,True,88.0,0.5416666666666666,
LSTM-AE(t),Robin_education_Zenia,124,spike,1,subtle,1,103.78091077838481,False,,0.0,
LSTM-AE(t),Robin_office_Dina,124,drift,1,subtle,312,1671.5645498087358,True,81.0,0.003205128205128205,
LSTM-AE(t),Robin_office_Dina,124,spike,3,obvious,2,76.99172519770566,True,0.0,1.0,
LSTM-AE(t),Robin_office_Dina,124,drift,2,moderate,168,1361.1516267334248,True,47.0,0.5773809523809523,
LSTM-AE(t),Robin_office_Dina,124,spike,1,subtle,3,54.39925792780521,True,0.0,1.0,
LSTM-AE(t),Robin_office_Dina,124,spike,3,obvious,3,106.22402211052074,True,0.0,1.0,
LSTM-AE(t),Robin_office_Dina,124,spike,2,moderate,4,100.90720420303032,False,,0.0,
LSTM-AE(t),Robin_office_Sammie,124,drift,2,moderate,240,8193.376963553696,True,0.0,0.12083333333333333,
LSTM-AE(t),Robin_office_Sammie,124,spike,2,moderate,5,264.22219886949006,False,,0.0,
LSTM-AE(t),Robin_office_Sammie,124,drift,2,moderate,120,2188.0140383288563,True,32.0,0.7333333333333333,
LSTM-AE(t),Robin_office_Sammie,124,spike,3,obvious,4,325.76388530020796,True,0.0,1.0,
LSTM-AE(t),Robin_office_Sammie,124,drift,3,obvious,216,10950.46293039176,True,91.0,0.5787037037037037,
LSTM-AE(t),Robin_office_Sammie,124,schedule,2,moderate,216,283.6852349670226,False,,0.0,
LSTM-AE(t),Shrew_office_Doris,124,spike,3,obvious,4,967.677461342442,True,0.0,1.0,
LSTM-AE(t),Shrew_office_Doris,124,drift,2,moderate,216,13274.214899719289,True,0.0,0.6203703703703703,
LSTM-AE(t),Shrew_office_Doris,124,drift,3,obvious,192,16874.680037500937,True,43.0,0.7760416666666666,
LSTM-AE(t),Shrew_office_Doris,124,drift,2,moderate,288,21097.276446337128,True,211.0,0.2673611111111111,
LSTM-AE(t),Shrew_office_Doris,124,spike,3,obvious,5,1269.3416243658435,False,,0.0,
LSTM-AE(t),Shrew_office_Doris,124,spike,1,subtle,5,492.6340337493294,False,,0.0,
LSTM-AE(t),Shrew_office_Ila,124,drift,1,subtle,216,2996.99212687992,False,,0.0,
LSTM-AE(t),Shrew_office_Ila,124,drift,3,obvious,216,17305.03319043162,True,124.0,0.42592592592592593,
LSTM-AE(t),Shrew_office_Ila,124,spike,3,obvious,4,725.0771146387649,True,0.0,1.0,
LSTM-AE(t),Shrew_office_Ila,124,spike,1,subtle,2,146.5948962159231,True,0.0,1.0,
LSTM-AE(t),Shrew_office_Ila,124,drift,2,moderate,144,4621.5561975259025,False,,0.0,
LSTM-AE(t),Shrew_office_Ila,124,spike,3,obvious,4,673.7401307453438,True,0.0,1.0,
LSTM-AE(t),Shrew_office_Kenneth,124,drift,2,moderate,192,1498.5085912518607,True,112.0,0.2552083333333333,
LSTM-AE(t),Shrew_office_Kenneth,124,drift,3,obvious,192,2842.3791870818204,True,160.0,0.16666666666666666,
LSTM-AE(t),Shrew_office_Kenneth,124,spike,2,moderate,2,90.89096949254512,True,0.0,1.0,
LSTM-AE(t),Shrew_office_Kenneth,124,spike,1,subtle,1,62.498642336023934,False,,0.0,
LSTM-AE(t),Shrew_office_Kenneth,124,spike,3,obvious,5,300.9768943363502,True,0.0,1.0,
LSTM-AE(t),Shrew_office_Kenneth,124,spike,1,subtle,5,132.02422580194082,True,0.0,1.0,
LSTM-AE(t),Shrew_office_Nora,124,drift,3,obvious,168,13959.850749005422,True,62.0,0.6309523809523809,
LSTM-AE(t),Shrew_office_Nora,124,spike,1,subtle,2,260.69750787688605,False,,0.0,
LSTM-AE(t),Shrew_office_Nora,124,drift,1,subtle,216,4665.425658313194,False,,0.0,
LSTM-AE(t),Shrew_office_Nora,124,drift,3,obvious,240,26280.58367879771,True,0.0,0.7,
LSTM-AE(t),Shrew_office_Nora,124,spike,1,subtle,5,548.8590061520682,True,0.0,1.0,
LSTM-AE(t),Shrew_office_Nora,124,spike,2,moderate,2,390.28208907425113,True,0.0,1.0,
LSTM-AE(t),Shrew_office_Sherill,124,spike,3,obvious,3,1285.7986614249328,True,0.0,1.0,
LSTM-AE(t),Shrew_office_Sherill,124,drift,2,moderate,120,6816.240253363444,True,58.0,0.5166666666666667,
LSTM-AE(t),Shrew_office_Sherill,124,spike,1,subtle,4,809.928865577001,False,,0.0,
LSTM-AE(t),Shrew_office_Sherill,124,drift,3,obvious,168,19918.04479791922,True,42.0,0.75,
LSTM-AE(t),Shrew_office_Sherill,124,spike,1,subtle,5,982.0393289635585,False,,0.0,
LSTM-AE(t),Shrew_office_Sherill,124,spike,3,obvious,3,1418.5189408034698,True,0.0,1.0,
LSTM-AE(t),Wolf_office_Darleen,124,drift,3,obvious,216,4246.600657922468,False,,0.0,
LSTM-AE(t),Wolf_office_Darleen,124,drift,3,obvious,240,4976.241380732559,False,,0.0,
LSTM-AE(t),Wolf_office_Darleen,124,spike,3,obvious,3,254.48626821207995,False,,0.0,
LSTM-AE(t),Wolf_office_Darleen,124,schedule,3,obvious,216,98.90988369231172,False,,0.0,
LSTM-AE(t),Wolf_office_Darleen,124,spike,2,moderate,5,263.59770868297966,True,0.0,1.0,
LSTM-AE(t),Wolf_office_Darleen,124,drift,3,obvious,192,3387.5794404471744,True,137.0,0.2864583333333333,
LSTM-AE(t),Wolf_retail_Harriett,124,spike,1,subtle,3,109.46943691528074,False,,0.0,
LSTM-AE(t),Wolf_retail_Harriett,124,drift,2,moderate,216,3442.80368568748,True,95.0,0.5601851851851852,
LSTM-AE(t),Wolf_retail_Harriett,124,spike,2,moderate,1,118.095825507048,False,,0.0,
LSTM-AE(t),Wolf_retail_Harriett,124,spike,2,moderate,1,95.23365086904356,False,,0.0,
LSTM-AE(t),Wolf_retail_Harriett,124,drift,1,subtle,168,915.2694268515739,False,,0.0,
LSTM-AE(t),Wolf_retail_Harriett,124,schedule,2,moderate,120,16.811704598329925,False,,0.0,
LSTM-AE(t),Wolf_retail_Marcella,124,drift,1,subtle,120,77.19480955887502,False,,0.0,
LSTM-AE(t),Wolf_retail_Marcella,124,spike,3,obvious,4,54.744085512607896,False,,0.0,
LSTM-AE(t),Wolf_retail_Marcella,124,drift,3,obvious,216,805.9237291893736,True,157.0,0.27314814814814814,
LSTM-AE(t),Wolf_retail_Marcella,124,drift,2,moderate,144,245.1612452558267,True,51.0,0.6458333333333334,
LSTM-AE(t),Wolf_retail_Marcella,124,spike,1,subtle,1,15.299112680094524,False,,0.0,
LSTM-AE(t),Wolf_retail_Marcella,124,drift,1,subtle,240,161.5415176515241,False,,0.0,
LSTM-AE(t),Wolf_retail_Toshia,124,spike,3,obvious,4,813.8222848184951,True,0.0,1.0,
LSTM-AE(t),Wolf_retail_Toshia,124,spike,3,obvious,5,1170.5817793556578,True,0.0,1.0,
LSTM-AE(t),Wolf_retail_Toshia,124,schedule,3,obvious,120,146.55404856680667,False,,0.0,
LSTM-AE(t),Wolf_retail_Toshia,124,schedule,3,obvious,72,196.04409342229565,False,,0.0,
LSTM-AE(t),Wolf_retail_Toshia,124,drift,1,subtle,216,1058.247230158493,False,,0.0,
LSTM-AE(t),Wolf_retail_Toshia,124,spike,1,subtle,4,354.7456702313118,True,0.0,1.0,
