model,building_id,seed,site,type,severity,true_kwh,clip_kwh,signed_kwh,floor_kwh
PatchTST-SSL(HoW-cond),Fox_education_Henrietta,124,Fox,schedule,3,60.315560882006025,1023.071718612055,645.8518813838742,462.59659170452585
PatchTST-SSL(HoW-cond),Fox_education_Henrietta,124,Fox,spike,3,167.26170856365857,130.75062743434867,117.56763690795053,119.07406229044182
PatchTST-SSL(HoW-cond),Fox_education_Henrietta,124,Fox,spike,1,78.18136394771389,16.365227253066617,-14.695536231839549,1.7695208231830488
PatchTST-SSL(HoW-cond),Fox_education_Henrietta,124,Fox,schedule,3,183.66365980408142,540.4442975649293,340.2500941854723,120.08795238428257
PatchTST-SSL(HoW-cond),Fox_education_Henrietta,124,Fox,drift,1,520.3709604977303,2790.8515119681333,2782.3410670434273,2160.3169941971632
PatchTST-SSL(HoW-cond),Fox_education_Henrietta,124,Fox,spike,2,61.819841831657534,62.09206390804465,62.09206390804465,59.17292262206794
PatchTST-SSL(HoW-cond),Fox_retail_Manie,124,Fox,spike,3,360.30977822599573,435.0099490955472,435.0099490955472,416.0694227162219
PatchTST-SSL(HoW-cond),Fox_retail_Manie,124,Fox,schedule,3,705.5814088582074,2816.331379777445,1571.5383495523006,1604.1376915006242
PatchTST-SSL(HoW-cond),Fox_retail_Manie,124,Fox,spike,3,598.2254276518972,700.4734669156489,700.4734669156489,668.9059229501067
PatchTST-SSL(HoW-cond),Fox_retail_Manie,124,Fox,drift,2,1941.7014736338524,3038.6447239849736,2437.9782651984524,1977.9752467427554
PatchTST-SSL(HoW-cond),Fox_retail_Manie,124,Fox,spike,1,155.21794966966723,135.56779217576042,119.23578995495633,116.6272657964351
PatchTST-SSL(HoW-cond),Fox_retail_Manie,124,Fox,schedule,3,172.62577698158896,1447.1516593375177,1372.677939159963,841.0548151991073
PatchTST-SSL(HoW-cond),Hog_education_Bruno,124,Hog,drift,3,46417.54410572455,51370.70390788342,51365.5236380122,49659.340300245196
PatchTST-SSL(HoW-cond),Hog_education_Bruno,124,Hog,drift,1,9812.30313173102,14596.708155491702,14584.308347808568,13196.501567424064
PatchTST-SSL(HoW-cond),Hog_education_Bruno,124,Hog,drift,2,6595.295146158791,8151.202903705056,8151.202903705056,7373.31035477859
PatchTST-SSL(HoW-cond),Hog_education_Bruno,124,Hog,spike,1,299.2891721906774,435.9022776389505,435.9022776389505,403.4900881003478
PatchTST-SSL(HoW-cond),Hog_education_Bruno,124,Hog,drift,1,8137.5103929530915,11965.140716599453,11665.742535572712,10564.934128531815
PatchTST-SSL(HoW-cond),Hog_education_Bruno,124,Hog,spike,1,291.6501178934577,390.4113426530389,390.4113426530389,364.48159102215675
PatchTST-SSL(HoW-cond),Hog_education_Caridad,124,Hog,drift,2,26559.114233147702,32265.37876904825,21054.19498181477,7755.424227197367
PatchTST-SSL(HoW-cond),Hog_education_Caridad,124,Hog,schedule,2,5586.936543560644,5679.887582460415,-67453.91730185493,0.0
PatchTST-SSL(HoW-cond),Hog_education_Caridad,124,Hog,drift,1,28961.841270979025,38821.05131423272,16384.10440364261,0.0
PatchTST-SSL(HoW-cond),Hog_education_Caridad,124,Hog,spike,1,3232.119287388384,2935.5334368917283,2935.5334368917283,2731.2838157096376
PatchTST-SSL(HoW-cond),Hog_education_Caridad,124,Hog,schedule,3,7326.264039132635,14190.911430355065,-2301.858079294672,0.0
PatchTST-SSL(HoW-cond),Hog_education_Caridad,124,Hog,spike,1,6005.765793875593,8114.614365949432,8114.614365949432,7297.615881221069
PatchTST-SSL(HoW-cond),Hog_education_Josh,124,Hog,spike,1,594.6326420608618,473.5142852112806,354.8273476249438,348.91945723701406
PatchTST-SSL(HoW-cond),Hog_education_Josh,124,Hog,schedule,2,1475.452371600362,371.5136362600606,-1076.9260284007612,0.0
PatchTST-SSL(HoW-cond),Hog_education_Josh,124,Hog,drift,3,16691.47805798628,26325.323886829807,26325.323886829807,21540.88249261797
PatchTST-SSL(HoW-cond),Hog_education_Josh,124,Hog,spike,3,765.3532648336346,890.2467604547321,890.2467604547321,815.4898636701722
PatchTST-SSL(HoW-cond),Hog_education_Josh,124,Hog,spike,3,668.1453240628807,1113.740345930621,1113.740345930621,1038.983449146061
PatchTST-SSL(HoW-cond),Hog_education_Josh,124,Hog,drift,1,2891.321119750779,19512.85559494234,19512.357933423315,15326.469375006982
PatchTST-SSL(HoW-cond),Hog_education_Luvenia,124,Hog,drift,3,36139.97417896839,43883.260577981615,43883.260577981615,40531.36929814777
PatchTST-SSL(HoW-cond),Hog_education_Luvenia,124,Hog,drift,1,8901.64724636137,6595.252822549746,5999.971437159477,2764.51993131107
PatchTST-SSL(HoW-cond),Hog_education_Luvenia,124,Hog,drift,3,107739.74583786631,103381.7924181784,102541.70917956856,97635.6930813204
PatchTST-SSL(HoW-cond),Hog_education_Luvenia,124,Hog,drift,3,16462.105680988763,20666.01309419536,20590.362481380595,18271.805037171187
PatchTST-SSL(HoW-cond),Hog_education_Luvenia,124,Hog,spike,2,909.4970148676152,1532.1999716734272,1532.1999716734272,1452.3930364392882
PatchTST-SSL(HoW-cond),Hog_education_Luvenia,124,Hog,drift,3,25989.04317118203,31424.76782170823,31424.76782170823,28551.71815327922
PatchTST-SSL(HoW-cond),Hog_office_Almeda,124,Hog,schedule,3,687.7865728908646,1876.300209451613,1561.9530362743462,844.5236106747925
PatchTST-SSL(HoW-cond),Hog_office_Almeda,124,Hog,schedule,2,80.57674715737826,1867.0631285529666,1761.596143445292,1007.2492962389496
PatchTST-SSL(HoW-cond),Hog_office_Almeda,124,Hog,drift,1,2065.7478398767325,3500.484122698541,2442.5493649975683,1436.9309251449
PatchTST-SSL(HoW-cond),Hog_office_Almeda,124,Hog,spike,3,433.52703801649193,494.0223771447869,494.0223771447869,465.361916067653
PatchTST-SSL(HoW-cond),Hog_office_Almeda,124,Hog,spike,3,417.9640816562538,454.0854367310351,454.0854367310351,425.4249756539012
PatchTST-SSL(HoW-cond),Hog_office_Almeda,124,Hog,spike,2,136.54824351694936,140.7866762725569,140.7866762725569,126.45644573398994
PatchTST-SSL(HoW-cond),Hog_office_Cortney,124,Hog,spike,2,357.681035451082,356.2193120258037,348.9162204308493,321.8496594392184
PatchTST-SSL(HoW-cond),Hog_office_Cortney,124,Hog,spike,3,867.3573209702461,1032.4628253500903,1016.5382602755078,975.1800710391148
PatchTST-SSL(HoW-cond),Hog_office_Cortney,124,Hog,spike,1,408.4063300315772,431.06649313741116,431.06649313741116,373.7837388264357
PatchTST-SSL(HoW-cond),Hog_office_Cortney,124,Hog,spike,2,272.95887519299555,283.77297375082304,283.77297375082304,272.3164228886279
PatchTST-SSL(HoW-cond),Hog_office_Cortney,124,Hog,schedule,3,371.5476152277705,2397.7698340032357,1653.079018708844,1022.9837305398244
PatchTST-SSL(HoW-cond),Hog_office_Cortney,124,Hog,spike,1,181.02968838654505,203.31371319733617,203.31371319733617,191.85716233514108
PatchTST-SSL(HoW-cond),Hog_office_Denita,124,Hog,schedule,3,911.8087205658233,2118.087562712006,1038.585687944063,377.3294030436725
PatchTST-SSL(HoW-cond),Hog_office_Denita,124,Hog,schedule,2,221.43335855207079,85.81033889500054,-991.5451417670698,0.0
PatchTST-SSL(HoW-cond),Hog_office_Denita,124,Hog,drift,1,2914.5363022298425,4984.60777102877,4255.970224965646,2591.0653014848117
PatchTST-SSL(HoW-cond),Hog_office_Denita,124,Hog,schedule,2,364.88929710752984,1582.512450926697,1105.5474106074485,494.53860113398855
PatchTST-SSL(HoW-cond),Hog_office_Denita,124,Hog,drift,3,2702.7509967910933,4084.6660879029864,3884.2368160972665,2779.0974681517364
PatchTST-SSL(HoW-cond),Hog_office_Denita,124,Hog,spike,3,636.4034244866059,758.4927917201527,758.4927917201527,713.1605479787899
PatchTST-SSL(HoW-cond),Hog_office_Garrett,124,Hog,drift,1,5556.152288561812,10720.602513812079,8799.51326236871,3983.310082560384
PatchTST-SSL(HoW-cond),Hog_office_Garrett,124,Hog,schedule,3,6469.905965881119,7258.86632236329,-562.7992597602188,521.5738911115959
PatchTST-SSL(HoW-cond),Hog_office_Garrett,124,Hog,drift,1,2425.0334129518105,4133.767417419564,909.2121104894056,0.0
PatchTST-SSL(HoW-cond),Hog_office_Garrett,124,Hog,spike,3,2491.689618857125,2299.7245362366407,2247.3532321978328,2194.454341998333
PatchTST-SSL(HoW-cond),Hog_office_Garrett,124,Hog,drift,1,26591.048645774314,22454.966114605653,18093.91327495616,11506.86591382165
PatchTST-SSL(HoW-cond),Hog_office_Garrett,124,Hog,spike,1,934.2433043536314,914.9541845915821,842.2198744340236,809.6839903532745
PatchTST-SSL(HoW-cond),Hog_office_Lavon,124,Hog,drift,1,350.1790514100819,12491.83264132174,-14846.360765125271,0.0
PatchTST-SSL(HoW-cond),Hog_office_Lavon,124,Hog,drift,3,2544.700922092341,51586.106317887505,39710.04347131775,24979.083844778652
PatchTST-SSL(HoW-cond),Hog_office_Lavon,124,Hog,spike,3,7791.569566645738,9851.082186278343,9851.082186278343,9358.359547887438
PatchTST-SSL(HoW-cond),Hog_office_Lavon,124,Hog,drift,2,1571.1852408501998,12380.05857998128,-30165.227964082274,0.0
PatchTST-SSL(HoW-cond),Hog_office_Lavon,124,Hog,spike,1,2562.0763129709776,4116.472777819452,4116.472777819452,3746.9307990262732
PatchTST-SSL(HoW-cond),Hog_office_Lavon,124,Hog,spike,2,3484.1998013300895,4621.346284497637,4621.346284497637,4251.804305704458
PatchTST-SSL(HoW-cond),Hog_office_Merilyn,124,Hog,spike,2,50.65190585486498,51.2568266550548,51.2568266550548,48.7559853763237
PatchTST-SSL(HoW-cond),Hog_office_Merilyn,124,Hog,schedule,3,152.38178728386578,1679.0889957665156,1634.0439895783554,1138.907279560598
PatchTST-SSL(HoW-cond),Hog_office_Merilyn,124,Hog,drift,3,1338.0795839605812,927.02626431917,786.5214035419601,626.925310871438
PatchTST-SSL(HoW-cond),Hog_office_Merilyn,124,Hog,spike,2,45.062402681060725,41.79859042858356,37.81838580129469,36.79690787112136
PatchTST-SSL(HoW-cond),Hog_office_Merilyn,124,Hog,spike,3,85.3039948781363,106.46255168517102,106.46255168517102,101.46086912770882
PatchTST-SSL(HoW-cond),Hog_office_Merilyn,124,Hog,schedule,3,77.01120943656545,492.4259373984759,386.51129014259675,252.3451746402903
PatchTST-SSL(HoW-cond),Hog_office_Miriam,124,Hog,spike,3,64.35778551681808,61.952965950699344,56.115429709311584,58.23841383767741
PatchTST-SSL(HoW-cond),Hog_office_Miriam,124,Hog,drift,2,710.5379465954393,1271.8002476407332,1270.6906311657824,1004.3524955031539
PatchTST-SSL(HoW-cond),Hog_office_Miriam,124,Hog,drift,2,2505.2621881358136,2520.9053723404,2486.130907207173,2030.5844934215047
PatchTST-SSL(HoW-cond),Hog_office_Miriam,124,Hog,schedule,2,28.96860913554888,594.8417363102408,385.4448479668837,238.24473346013514
PatchTST-SSL(HoW-cond),Hog_office_Miriam,124,Hog,spike,1,54.73908505905362,47.69975879020109,45.72270784843445,40.27065456415722
PatchTST-SSL(HoW-cond),Hog_office_Miriam,124,Hog,drift,3,2729.9115140571216,2805.2645592584904,2775.290693075578,2404.0929310521215
PatchTST-SSL(HoW-cond),Hog_office_Napoleon,124,Hog,drift,2,2540.854333607559,3332.345343774059,3105.860420323499,1864.3107577792423
PatchTST-SSL(HoW-cond),Hog_office_Napoleon,124,Hog,spike,3,551.9924978736196,536.4586012076995,533.5751701902714,487.5241150078723
PatchTST-SSL(HoW-cond),Hog_office_Napoleon,124,Hog,drift,3,31153.419467939406,31770.498657856024,31366.563028155415,27953.6087342695
PatchTST-SSL(HoW-cond),Hog_office_Napoleon,124,Hog,spike,3,273.4514251683141,259.9765728460686,248.48772763468952,235.509329746155
PatchTST-SSL(HoW-cond),Hog_office_Napoleon,124,Hog,spike,3,327.44329958523474,404.7049123430958,404.7049123430958,380.2376692431822
PatchTST-SSL(HoW-cond),Hog_office_Napoleon,124,Hog,spike,3,305.2755175273484,338.9553172278573,338.9553172278573,314.48807412794366
PatchTST-SSL(HoW-cond),Hog_office_Shawna,124,Hog,spike,3,1539.5136699261304,1572.884616350112,1572.7835819771342,1448.6894991347142
PatchTST-SSL(HoW-cond),Hog_office_Shawna,124,Hog,spike,2,657.8599513082542,620.8277279241828,613.6935589028507,546.3106575949441
PatchTST-SSL(HoW-cond),Hog_office_Shawna,124,Hog,drift,2,9750.165846063275,15743.534376233989,15056.510713687672,10378.305312528802
PatchTST-SSL(HoW-cond),Hog_office_Shawna,124,Hog,drift,1,3460.430783507374,9022.705727682885,7711.345821721951,4253.61322661161
PatchTST-SSL(HoW-cond),Hog_office_Shawna,124,Hog,drift,2,8020.109920496582,14315.881486384458,14118.411787431709,9546.788985313182
PatchTST-SSL(HoW-cond),Hog_office_Shawna,124,Hog,drift,3,37201.3147175408,51395.8698393857,51230.99281653295,44242.23108777878
PatchTST-SSL(HoW-cond),Hog_office_Shawnna,124,Hog,schedule,2,2686.9850695181667,8963.63827822898,7506.873663139373,2429.485701577646
PatchTST-SSL(HoW-cond),Hog_office_Shawnna,124,Hog,schedule,2,2339.9254203213586,6169.000437070119,1828.1378630997135,0.0
PatchTST-SSL(HoW-cond),Hog_office_Shawnna,124,Hog,spike,3,2756.7676249264605,2490.7021083024183,2453.2837391777457,2354.5739296221823
PatchTST-SSL(HoW-cond),Hog_office_Shawnna,124,Hog,spike,2,1509.4132712336545,1314.577962453834,1240.7393269025586,1212.481828443657
PatchTST-SSL(HoW-cond),Hog_office_Shawnna,124,Hog,drift,2,70147.64740535856,69798.35545158072,67708.91004305003,59180.3575145223
PatchTST-SSL(HoW-cond),Hog_office_Shawnna,124,Hog,drift,3,34606.77408644281,21686.22705384746,19602.289063072825,15968.84354927754
PatchTST-SSL(HoW-cond),Hog_office_Sherrie,124,Hog,drift,1,299.9499753120218,724.9674351493377,-83.17616988061002,218.59518575027647
PatchTST-SSL(HoW-cond),Hog_office_Sherrie,124,Hog,drift,1,1723.6191147775007,3213.4717614775736,2560.3025436464213,2200.727262679451
PatchTST-SSL(HoW-cond),Hog_office_Sherrie,124,Hog,drift,3,5648.538585258806,8005.029004652874,7974.538995217301,7161.075255654439
PatchTST-SSL(HoW-cond),Hog_office_Sherrie,124,Hog,schedule,2,4.347234852761044,785.8905614082852,265.5738632115574,279.51831200922396
PatchTST-SSL(HoW-cond),Hog_office_Sherrie,124,Hog,schedule,3,343.59874707536767,1036.0435046290731,757.388079875518,529.6712552300119
PatchTST-SSL(HoW-cond),Hog_office_Sherrie,124,Hog,spike,1,99.29138806902563,85.0442795650753,69.73017436204142,74.49485770259486
PatchTST-SSL(HoW-cond),Hog_office_Shon,124,Hog,drift,1,2182.037256465568,4785.757319561628,3971.350163210033,3144.2433491206584
PatchTST-SSL(HoW-cond),Hog_office_Shon,124,Hog,spike,2,151.8227361048974,149.37503772299183,149.37503772299183,140.8254857936118
PatchTST-SSL(HoW-cond),Hog_office_Shon,124,Hog,schedule,3,879.862336287282,2440.526600658052,2101.3488263993013,1209.391122827325
PatchTST-SSL(HoW-cond),Hog_office_Shon,124,Hog,schedule,3,1117.8231857134415,3797.9013080161367,3482.65758905162,2156.3873375751673
PatchTST-SSL(HoW-cond),Hog_office_Shon,124,Hog,drift,2,3701.5660588324213,5440.618549153703,4920.878285982837,3799.104578712733
PatchTST-SSL(HoW-cond),Hog_office_Shon,124,Hog,drift,2,2737.1461577962623,1214.0261825495845,775.5087457131772,0.0
PatchTST-SSL(HoW-cond),Hog_office_Sydney,124,Hog,drift,1,8119.592526843504,9513.212116084356,9443.632119618984,7989.403028526092
PatchTST-SSL(HoW-cond),Hog_office_Sydney,124,Hog,spike,1,196.46583991897998,169.93325380727242,163.12224030447197,143.47823492605258
PatchTST-SSL(HoW-cond),Hog_office_Sydney,124,Hog,spike,1,85.70597551646374,73.30201056314469,73.30201056314469,68.01100678690072
PatchTST-SSL(HoW-cond),Hog_office_Sydney,124,Hog,spike,2,131.22745681677335,130.86650918903635,130.86650918903635,125.57550541279238
PatchTST-SSL(HoW-cond),Hog_office_Sydney,124,Hog,spike,2,148.69647404756202,139.78103621038736,139.78103621038736,134.4900324341434
PatchTST-SSL(HoW-cond),Hog_office_Sydney,124,Hog,spike,2,174.68537972142465,187.90589989453,187.90589989453,177.32389234204206
PatchTST-SSL(HoW-cond),Hog_office_Valda,124,Hog,drift,2,2857.1177976370764,4383.349772912139,4346.372074550584,3600.6088442080995
PatchTST-SSL(HoW-cond),Hog_office_Valda,124,Hog,spike,3,146.1924647334952,151.68902839355925,151.68902839355925,148.72410063331668
PatchTST-SSL(HoW-cond),Hog_office_Valda,124,Hog,drift,3,4547.513835535305,5545.698317147986,5482.30717921784,4762.957388443946
PatchTST-SSL(HoW-cond),Hog_office_Valda,124,Hog,spike,2,90.96816539874969,101.2715857742574,101.2715857742574,98.30665801401483
PatchTST-SSL(HoW-cond),Hog_office_Valda,124,Hog,schedule,3,295.3654460515271,1552.271408813112,1455.3927392514922,983.0052788465376
PatchTST-SSL(HoW-cond),Hog_office_Valda,124,Hog,schedule,3,129.23500259287323,587.9154744429671,505.1033629511836,374.4406757055018
PatchTST-SSL(HoW-cond),Lamb_education_Armando,124,Lamb,schedule,3,42.351505729948684,4303.503947413749,3813.1603679612135,2540.4797334482355
PatchTST-SSL(HoW-cond),Lamb_education_Armando,124,Lamb,drift,2,3545.686108845367,12237.466458488027,11926.869893901512,9466.99983654222
PatchTST-SSL(HoW-cond),Lamb_education_Armando,124,Lamb,drift,2,581.1700915763748,480.5220351507992,-1008.5555106889179,0.0
PatchTST-SSL(HoW-cond),Lamb_education_Armando,124,Lamb,drift,3,3408.2489944527274,8137.013781327269,7600.136726391176,6122.128965366682
PatchTST-SSL(HoW-cond),Lamb_education_Armando,124,Lamb,spike,2,221.83527427775363,231.21347223843244,231.21347223843244,220.7192804886377
PatchTST-SSL(HoW-cond),Lamb_education_Armando,124,Lamb,schedule,3,36.35899298629825,1866.4897345428035,1519.605213486353,859.0473265625101
PatchTST-SSL(HoW-cond),Lamb_education_Eula,124,Lamb,drift,3,124.56056570809537,272.8403488166924,239.3258916307355,185.47502085791427
PatchTST-SSL(HoW-cond),Lamb_education_Eula,124,Lamb,spike,1,9.411480791510446,10.329658454421986,10.329658454421986,9.116251121661179
PatchTST-SSL(HoW-cond),Lamb_education_Eula,124,Lamb,drift,2,116.57449026741199,213.62234807417047,145.6535076710994,106.84250279121942
PatchTST-SSL(HoW-cond),Lamb_education_Eula,124,Lamb,spike,2,8.906459358942762,15.676996314621006,15.676996314621006,14.868058092780467
PatchTST-SSL(HoW-cond),Lamb_education_Eula,124,Lamb,spike,3,15.085603107142502,15.671457760520987,15.671457760520987,14.862519538680449
PatchTST-SSL(HoW-cond),Lamb_education_Eula,124,Lamb,drift,2,67.55719881227861,414.72367673891694,364.1620519666846,317.65109011805237
PatchTST-SSL(HoW-cond),Lamb_education_Lazaro,124,Lamb,drift,1,461.23669069021577,2268.641361074743,133.8413012429969,618.5547110511618
PatchTST-SSL(HoW-cond),Lamb_education_Lazaro,124,Lamb,spike,3,400.82250918666176,282.2330271626612,236.29115260456612,247.85622195383658
PatchTST-SSL(HoW-cond),Lamb_education_Lazaro,124,Lamb,drift,1,604.235159033965,945.6901861352937,-3510.4376462296514,0.0
PatchTST-SSL(HoW-cond),Lamb_education_Lazaro,124,Lamb,drift,2,497.9093626321239,2116.0153972443823,978.9287813883959,878.4504097266963
PatchTST-SSL(HoW-cond),Lamb_education_Lazaro,124,Lamb,spike,2,323.27785981812565,300.74289897516695,280.8408702235281,257.77189246413616
PatchTST-SSL(HoW-cond),Lamb_education_Lazaro,124,Lamb,spike,3,216.09390823268618,219.45625805013913,219.45625805013913,210.86205674793297
PatchTST-SSL(HoW-cond),Lamb_education_Lucas,124,Lamb,drift,3,801.2582428094648,1637.1762025825997,1497.9839054412068,1292.715835090653
PatchTST-SSL(HoW-cond),Lamb_education_Lucas,124,Lamb,schedule,3,44.89451201081894,65.14991801814945,-258.1116367207269,0.0
PatchTST-SSL(HoW-cond),Lamb_education_Lucas,124,Lamb,spike,3,133.8321468000379,158.3042008745796,158.3042008745796,151.1279432184974
PatchTST-SSL(HoW-cond),Lamb_education_Lucas,124,Lamb,drift,3,273.9606663738274,760.7096717982556,637.8184060920996,554.0334513030875
PatchTST-SSL(HoW-cond),Lamb_education_Lucas,124,Lamb,spike,3,142.6454074837294,131.68517163058232,131.68517163058232,124.50891397450009
PatchTST-SSL(HoW-cond),Lamb_education_Lucas,124,Lamb,drift,1,38.67614445359179,581.1876345465806,369.28036928268557,408.95745080060726
PatchTST-SSL(HoW-cond),Lamb_education_Mae,124,Lamb,spike,1,323.07918229430084,400.163901764733,400.163901764733,334.35188994314325
PatchTST-SSL(HoW-cond),Lamb_education_Mae,124,Lamb,spike,2,516.0264638666401,549.0252905856557,549.0252905856557,496.3756811283839
PatchTST-SSL(HoW-cond),Lamb_education_Mae,124,Lamb,drift,2,3932.5231562095887,10480.166164222957,9518.765083411472,7321.189596786649
PatchTST-SSL(HoW-cond),Lamb_education_Mae,124,Lamb,spike,2,212.59441880931385,232.05201031016054,232.05201031016054,205.72720558152463
PatchTST-SSL(HoW-cond),Lamb_education_Mae,124,Lamb,drift,3,2958.7246626678852,2382.5659662604007,1565.7810148217256,487.1800257986158
PatchTST-SSL(HoW-cond),Lamb_education_Mae,124,Lamb,spike,1,162.31276356035605,232.97651561669383,232.97651561669383,219.81411325237588
PatchTST-SSL(HoW-cond),Lamb_education_Williams,124,Lamb,drift,1,746.3809443232789,5115.820315906081,3539.7579563236227,2758.644835086506
PatchTST-SSL(HoW-cond),Lamb_education_Williams,124,Lamb,drift,1,639.2960181545328,5875.905006102501,4526.236103743752,3733.0182053574326
PatchTST-SSL(HoW-cond),Lamb_education_Williams,124,Lamb,drift,3,4579.005177313596,6958.816992534235,5708.087340516383,4173.064151565646
PatchTST-SSL(HoW-cond),Lamb_education_Williams,124,Lamb,schedule,3,245.34222782811088,3666.9951494657807,2073.3160465275,2166.9743889442325
PatchTST-SSL(HoW-cond),Lamb_education_Williams,124,Lamb,spike,1,225.11065302241795,235.24113590697715,232.16765298673195,199.52635589455934
PatchTST-SSL(HoW-cond),Lamb_education_Williams,124,Lamb,schedule,2,120.36486662932188,5513.302264838141,3923.532978928518,3584.704144167579
PatchTST-SSL(HoW-cond),Lamb_office_Caitlin,124,Lamb,spike,2,287.84152497083744,272.88554948321917,262.5357780251039,255.89950531721814
PatchTST-SSL(HoW-cond),Lamb_office_Caitlin,124,Lamb,drift,1,174.86513893786412,73.14113668110214,-2741.277113180408,0.0
PatchTST-SSL(HoW-cond),Lamb_office_Caitlin,124,Lamb,schedule,1,45.94439519567189,3.450313334884353,-2289.0224798257123,0.0
PatchTST-SSL(HoW-cond),Lamb_office_Caitlin,124,Lamb,drift,3,1366.1223200641446,2366.922111020068,-444.37061108800253,736.2618710839683
PatchTST-SSL(HoW-cond),Lamb_office_Caitlin,124,Lamb,spike,3,499.75478148973514,476.0381506290276,458.1561942562542,450.55908438002604
PatchTST-SSL(HoW-cond),Lamb_office_Caitlin,124,Lamb,spike,3,914.2945579554216,838.3510993675545,820.8322084902031,795.8859889525519
PatchTST-SSL(HoW-cond),Lamb_office_Velma,124,Lamb,spike,2,712.063480372273,743.0093455121605,717.6902008590787,654.6896359354054
PatchTST-SSL(HoW-cond),Lamb_office_Velma,124,Lamb,schedule,2,5.02976783064522,6968.509828396962,5131.694427946597,3577.0329806495656
PatchTST-SSL(HoW-cond),Lamb_office_Velma,124,Lamb,spike,1,402.868816575697,689.8543543638482,689.8543543638482,619.1985867024441
PatchTST-SSL(HoW-cond),Lamb_office_Velma,124,Lamb,spike,2,716.8389665969552,620.3987926307078,603.4668226617375,532.0790830539527
PatchTST-SSL(HoW-cond),Lamb_office_Velma,124,Lamb,drift,2,3639.54112623905,9054.02177104498,8511.85686363156,6086.479529266007
PatchTST-SSL(HoW-cond),Lamb_office_Velma,124,Lamb,drift,3,7579.385515407095,12807.990983591275,12687.832936545183,9840.448741812303
PatchTST-SSL(HoW-cond),Rat_retail_Jeffrey,124,Rat,spike,1,291.60367573257804,131.47200112154889,59.25390863561296,96.34151721652626
PatchTST-SSL(HoW-cond),Rat_retail_Jeffrey,124,Rat,spike,2,475.52021965664414,403.9986755211692,376.9241359874318,375.8942883971511
PatchTST-SSL(HoW-cond),Rat_retail_Jeffrey,124,Rat,drift,2,2154.4490308847585,2711.9595025632966,2396.697000902902,1700.2015660986444
PatchTST-SSL(HoW-cond),Rat_retail_Jeffrey,124,Rat,spike,1,138.38502458085736,157.23513671147475,157.23513671147475,150.20903993047023
PatchTST-SSL(HoW-cond),Rat_retail_Jeffrey,124,Rat,drift,1,610.2952989490467,1133.2022657812913,332.50949170554304,290.070652060748
PatchTST-SSL(HoW-cond),Rat_retail_Jeffrey,124,Rat,spike,3,473.61949934562676,535.4853994847888,535.4853994847888,514.4071091417752
PatchTST-SSL(HoW-cond),Robin_education_Zenia,124,Robin,drift,1,9085.837298458526,29198.855083720176,29198.855083720176,25690.71691789184
PatchTST-SSL(HoW-cond),Robin_education_Zenia,124,Robin,drift,3,29233.784782501494,49008.791944534794,49008.791944534794,46040.36734268005
PatchTST-SSL(HoW-cond),Robin_education_Zenia,124,Robin,drift,3,19698.159837123923,35972.20607730292,35972.20607730292,33543.49503942177
PatchTST-SSL(HoW-cond),Robin_education_Zenia,124,Robin,spike,3,234.24180318846012,312.046223545721,312.046223545721,300.80219096293786
PatchTST-SSL(HoW-cond),Robin_education_Zenia,124,Robin,drift,2,8507.294132048073,21626.49512867919,21626.49512867919,19467.640872784832
PatchTST-SSL(HoW-cond),Robin_education_Zenia,124,Robin,spike,1,103.78091077838481,164.71370482141097,164.71370482141097,153.46967223862785
PatchTST-SSL(HoW-cond),Robin_office_Dina,124,Robin,drift,1,1671.5645498087358,3393.4613697804216,3140.8310590486717,2490.0581947729997
PatchTST-SSL(HoW-cond),Robin_office_Dina,124,Robin,spike,3,76.99172519770566,101.39111815988866,101.39111815988866,95.60007216625135
PatchTST-SSL(HoW-cond),Robin_office_Dina,124,Robin,drift,2,1361.1516267334248,1926.4609140116518,1855.0467085648834,1440.013050546117
PatchTST-SSL(HoW-cond),Robin_office_Dina,124,Robin,spike,1,54.39925792780521,72.12275816959573,72.12275816959573,63.43618917913975
PatchTST-SSL(HoW-cond),Robin_office_Dina,124,Robin,spike,3,106.22402211052074,111.13022323456539,111.13022323456539,102.44365424410941
PatchTST-SSL(HoW-cond),Robin_office_Dina,124,Robin,spike,2,100.90720420303032,155.105546348676,155.105546348676,143.52345436140138
PatchTST-SSL(HoW-cond),Robin_office_Sammie,124,Robin,drift,2,8193.376963553696,9713.226288781245,9624.858574496013,7535.008792672844
PatchTST-SSL(HoW-cond),Robin_office_Sammie,124,Robin,spike,2,264.22219886949006,315.1903240150986,315.1903240150986,269.81079284617357
PatchTST-SSL(HoW-cond),Robin_office_Sammie,124,Robin,drift,2,2188.0140383288563,3465.5775507737526,3139.2809020658597,2376.468802719552
PatchTST-SSL(HoW-cond),Robin_office_Sammie,124,Robin,spike,3,325.76388530020796,420.7704392253744,420.7704392253744,384.46681429023437
PatchTST-SSL(HoW-cond),Robin_office_Sammie,124,Robin,drift,3,10950.46293039176,11100.654120638665,10973.613250136812,9140.258374141104
PatchTST-SSL(HoW-cond),Robin_office_Sammie,124,Robin,schedule,2,283.6852349670226,2404.8152527505345,232.19206745187677,444.4195062529732
PatchTST-SSL(HoW-cond),Shrew_office_Doris,124,Shrew,spike,3,967.677461342442,1201.6344460588139,1201.6344460588139,1144.4369950269759
PatchTST-SSL(HoW-cond),Shrew_office_Doris,124,Shrew,drift,2,13274.214899719289,18379.90063446561,18254.32312350875,15291.238278746365
PatchTST-SSL(HoW-cond),Shrew_office_Doris,124,Shrew,drift,3,16874.680037500937,21096.556977597953,21096.556977597953,18351.079328069733
PatchTST-SSL(HoW-cond),Shrew_office_Doris,124,Shrew,drift,2,21097.276446337128,26810.414805659027,26346.96585633589,22692.1983313667
PatchTST-SSL(HoW-cond),Shrew_office_Doris,124,Shrew,spike,3,1269.3416243658435,1159.5446457742855,1107.3106110726585,1088.047831984488
PatchTST-SSL(HoW-cond),Shrew_office_Doris,124,Shrew,spike,1,492.6340337493294,478.0913255536572,386.84508221075316,406.5945117638598
PatchTST-SSL(HoW-cond),Shrew_office_Ila,124,Shrew,drift,1,2996.99212687992,5830.102018436,5447.141310620109,3369.6303324002974
PatchTST-SSL(HoW-cond),Shrew_office_Ila,124,Shrew,drift,3,17305.03319043162,18675.59290117617,18397.89297802264,16215.121215140465
PatchTST-SSL(HoW-cond),Shrew_office_Ila,124,Shrew,spike,3,725.0771146387649,719.3194209877142,699.5124929262014,673.7551305055716
PatchTST-SSL(HoW-cond),Shrew_office_Ila,124,Shrew,spike,1,146.5948962159231,146.53631288887868,113.2194322220093,123.75416764780736
PatchTST-SSL(HoW-cond),Shrew_office_Ila,124,Shrew,drift,2,4621.5561975259025,7021.537871179756,6767.440242394758,5381.22341382262
PatchTST-SSL(HoW-cond),Shrew_office_Ila,124,Shrew,spike,3,673.7401307453438,777.072113698563,777.072113698563,731.5078232164204
PatchTST-SSL(HoW-cond),Shrew_office_Kenneth,124,Shrew,drift,2,1498.5085912518607,3255.064764760135,3235.1512217408263,2584.1005996850745
PatchTST-SSL(HoW-cond),Shrew_office_Kenneth,124,Shrew,drift,3,2842.3791870818204,1049.4465665887005,704.213608799586,378.48240151363984
PatchTST-SSL(HoW-cond),Shrew_office_Kenneth,124,Shrew,spike,2,90.89096949254512,84.13308288067743,78.96530119970114,77.14387282781222
PatchTST-SSL(HoW-cond),Shrew_office_Kenneth,124,Shrew,spike,1,62.498642336023934,61.88615090033957,61.88615090033957,58.39154587390696
PatchTST-SSL(HoW-cond),Shrew_office_Kenneth,124,Shrew,spike,3,300.9768943363502,275.78818290462993,270.8238067692765,258.3151577724669
PatchTST-SSL(HoW-cond),Shrew_office_Kenneth,124,Shrew,spike,1,132.02422580194082,157.86670038262358,157.86670038262358,140.39367525046055
PatchTST-SSL(HoW-cond),Shrew_office_Nora,124,Shrew,drift,3,13959.850749005422,15779.105573138968,15338.850341498244,11424.618766302363
PatchTST-SSL(HoW-cond),Shrew_office_Nora,124,Shrew,spike,1,260.69750787688605,189.10901941090074,129.86296562924787,137.26989075808402
PatchTST-SSL(HoW-cond),Shrew_office_Nora,124,Shrew,drift,1,4665.425658313194,10252.607188195292,8895.589876004457,4653.981293691086
PatchTST-SSL(HoW-cond),Shrew_office_Nora,124,Shrew,drift,3,26280.58367879771,28993.462914071104,28143.351632613852,22772.767475733097
PatchTST-SSL(HoW-cond),Shrew_office_Nora,124,Shrew,spike,1,548.8590061520682,904.9475049380546,904.9475049380546,775.3496833060128
PatchTST-SSL(HoW-cond),Shrew_office_Nora,124,Shrew,spike,2,390.28208907425113,491.0677977473885,491.0677977473885,439.2286690945718
PatchTST-SSL(HoW-cond),Shrew_office_Sherill,124,Shrew,spike,3,1285.7986614249328,1515.6442256199978,1515.6442256199978,1417.974123363555
PatchTST-SSL(HoW-cond),Shrew_office_Sherill,124,Shrew,drift,2,6816.240253363444,10456.312956246991,9570.936767372703,6549.508865989281
PatchTST-SSL(HoW-cond),Shrew_office_Sherill,124,Shrew,spike,1,809.928865577001,500.5700174478692,359.06688216645125,370.3432144392789
PatchTST-SSL(HoW-cond),Shrew_office_Sherill,124,Shrew,drift,3,19918.04479791922,24368.461093859856,23847.537544386025,18898.935367499063
PatchTST-SSL(HoW-cond),Shrew_office_Sherill,124,Shrew,spike,1,982.0393289635585,967.3687617706546,867.8275040317301,804.5852580099167
PatchTST-SSL(HoW-cond),Shrew_office_Sherill,124,Shrew,spike,3,1418.5189408034698,1298.4293220271688,1235.8357827511609,1200.759219770726
PatchTST-SSL(HoW-cond),Wolf_office_Darleen,124,Wolf,drift,3,4246.600657922468,2045.3134107674284,1510.3154833720455,560.470441905585
PatchTST-SSL(HoW-cond),Wolf_office_Darleen,124,Wolf,drift,3,4976.241380732559,6539.457331124353,6056.190336860923,4889.631810166749
PatchTST-SSL(HoW-cond),Wolf_office_Darleen,124,Wolf,spike,3,254.48626821207995,233.17601754464604,228.60664640769264,212.553198532676
PatchTST-SSL(HoW-cond),Wolf_office_Darleen,124,Wolf,schedule,3,98.90988369231172,2092.672579154048,1163.5043971233767,607.8296102922045
PatchTST-SSL(HoW-cond),Wolf_office_Darleen,124,Wolf,spike,2,263.59770868297966,229.21723703512248,216.80060658329018,194.8458720151724
PatchTST-SSL(HoW-cond),Wolf_office_Darleen,124,Wolf,drift,3,3387.5794404471744,4354.140810432442,4138.5459009540955,3034.2803936663586
PatchTST-SSL(HoW-cond),Wolf_retail_Harriett,124,Wolf,spike,1,109.46943691528074,203.09535004761858,203.09535004761858,170.7027783994692
PatchTST-SSL(HoW-cond),Wolf_retail_Harriett,124,Wolf,drift,2,3442.80368568748,5173.768923561232,4921.845678800607,2841.503764894478
PatchTST-SSL(HoW-cond),Wolf_retail_Harriett,124,Wolf,spike,2,118.095825507048,139.8146691390927,139.8146691390927,129.01714525637624
PatchTST-SSL(HoW-cond),Wolf_retail_Harriett,124,Wolf,spike,2,95.23365086904356,115.28044376236402,115.28044376236402,104.48291987964757
PatchTST-SSL(HoW-cond),Wolf_retail_Harriett,124,Wolf,drift,1,915.2694268515739,2522.559280939945,1790.013649346746,708.5752686435803
PatchTST-SSL(HoW-cond),Wolf_retail_Harriett,124,Wolf,schedule,2,16.811704598329925,998.2851037669346,232.02723823580789,0.0
PatchTST-SSL(HoW-cond),Wolf_retail_Marcella,124,Wolf,drift,1,77.19480955887502,202.82799254524045,86.38074458996616,53.476584591491076
PatchTST-SSL(HoW-cond),Wolf_retail_Marcella,124,Wolf,spike,3,54.744085512607896,75.86175773498155,75.86175773498155,70.88337746985657
PatchTST-SSL(HoW-cond),Wolf_retail_Marcella,124,Wolf,drift,3,805.9237291893736,1220.1377977657119,1170.728935031263,951.305263448963
PatchTST-SSL(HoW-cond),Wolf_retail_Marcella,124,Wolf,drift,2,245.1612452558267,376.26309834322626,317.7409364111734,197.04140879872702
PatchTST-SSL(HoW-cond),Wolf_retail_Marcella,124,Wolf,spike,1,15.299112680094524,14.279704764409534,14.279704764409534,13.03510969812829
PatchTST-SSL(HoW-cond),Wolf_retail_Marcella,124,Wolf,drift,1,161.5415176515241,393.9484663751473,190.85072494229723,95.24565046764855
PatchTST-SSL(HoW-cond),Wolf_retail_Toshia,124,Wolf,spike,3,813.8222848184951,656.8728464056645,625.7335571326992,576.5960173107056
PatchTST-SSL(HoW-cond),Wolf_retail_Toshia,124,Wolf,spike,3,1170.5817793556578,1214.6583455302173,1214.6583455302173,1114.3123091615187
PatchTST-SSL(HoW-cond),Wolf_retail_Toshia,124,Wolf,schedule,3,146.55404856680667,2836.57955986699,1402.3296278206544,428.274687018225
PatchTST-SSL(HoW-cond),Wolf_retail_Toshia,124,Wolf,schedule,3,196.04409342229565,1500.8895666679277,779.8867084078831,55.906642958668726
PatchTST-SSL(HoW-cond),Wolf_retail_Toshia,124,Wolf,drift,1,1058.247230158493,6424.004941177942,4304.999349069181,2089.056170050165
PatchTST-SSL(HoW-cond),Wolf_retail_Toshia,124,Wolf,spike,1,354.7456702313118,330.32367902897374,316.71513061912873,250.04684993401492
HOW-profile(HoW-cond),Fox_education_Henrietta,124,Fox,schedule,3,60.315560882006025,671.827780441003,458.470560882006,344.7675201314903
HOW-profile(HoW-cond),Fox_education_Henrietta,124,Fox,spike,3,167.26170856365857,147.73170856365857,141.73170856365857,140.91795314054372
HOW-profile(HoW-cond),Fox_education_Henrietta,124,Fox,spike,1,78.18136394771389,37.83670516102384,21.981363947713902,29.31951088213028
HOW-profile(HoW-cond),Fox_education_Henrietta,124,Fox,schedule,3,183.66365980408142,184.40802575282686,40.10365980408144,0.0
HOW-profile(HoW-cond),Fox_education_Henrietta,124,Fox,drift,1,520.3709604977303,2285.478385009902,2283.15096049773,1917.5355921617002
HOW-profile(HoW-cond),Fox_education_Henrietta,124,Fox,spike,2,61.819841831657534,62.934841831657536,62.934841831657536,61.23140297587882
HOW-profile(HoW-cond),Fox_retail_Manie,124,Fox,spike,3,360.30977822599573,311.84977822599575,291.65977822599575,297.3439317197552
HOW-profile(HoW-cond),Fox_retail_Manie,124,Fox,schedule,3,705.5814088582074,2242.5656401352435,698.5064088582078,1314.1914637358454
HOW-profile(HoW-cond),Fox_retail_Manie,124,Fox,spike,3,598.2254276518972,558.945427651897,535.7754276518972,534.7690168081627
HOW-profile(HoW-cond),Fox_retail_Manie,124,Fox,drift,2,1941.7014736338524,2908.37391409149,1457.156473633853,2096.0465097420165
HOW-profile(HoW-cond),Fox_retail_Manie,124,Fox,spike,1,155.21794966966723,90.51676351378529,40.017949669667225,76.01091700754469
HOW-profile(HoW-cond),Fox_retail_Manie,124,Fox,schedule,3,172.62577698158896,839.3356413892254,439.8157769815891,375.14855318952635
HOW-profile(HoW-cond),Hog_education_Bruno,124,Hog,drift,3,46417.54410572455,46488.48991110774,46480.155105724545,45620.772353297856
HOW-profile(HoW-cond),Hog_education_Bruno,124,Hog,drift,1,9812.30313173102,10613.717986548276,10537.05813173102,9903.7672574311
HOW-profile(HoW-cond),Hog_education_Bruno,124,Hog,drift,2,6595.295146158791,6049.144154652606,5979.473646158791,5654.727082920842
HOW-profile(HoW-cond),Hog_education_Bruno,124,Hog,spike,1,299.2891721906774,292.53317219067753,291.6751721906775,276.0991275351874
HOW-profile(HoW-cond),Hog_education_Bruno,124,Hog,drift,1,8137.5103929530915,8973.52404181322,8145.767392953093,8263.573312696044
HOW-profile(HoW-cond),Hog_education_Bruno,124,Hog,spike,1,291.6501178934577,300.40311789345765,298.6711178934577,287.2558821690655
HOW-profile(HoW-cond),Hog_education_Caridad,124,Hog,drift,2,26559.114233147702,13672.404267300335,11282.469233147702,6899.886259819119
HOW-profile(HoW-cond),Hog_education_Caridad,124,Hog,schedule,2,5586.936543560644,45.66599999999994,-59147.36945643936,0.0
HOW-profile(HoW-cond),Hog_education_Caridad,124,Hog,drift,1,28961.841270979025,14311.986869261551,10053.067770979025,3475.9580572916075
HOW-profile(HoW-cond),Hog_education_Caridad,124,Hog,spike,1,3232.119287388384,2769.3752873883836,2769.3752873883836,2712.93763732604
HOW-profile(HoW-cond),Hog_education_Caridad,124,Hog,schedule,3,7326.264039132635,466.45075942045924,-13129.386960867365,0.0
HOW-profile(HoW-cond),Hog_education_Caridad,124,Hog,spike,1,6005.765793875593,6288.003793875593,6288.003793875593,6062.253193626219
HOW-profile(HoW-cond),Hog_education_Josh,124,Hog,spike,1,594.6326420608618,512.2496420608618,485.06064206086177,429.1212344270357
HOW-profile(HoW-cond),Hog_education_Josh,124,Hog,schedule,2,1475.452371600362,136.46655283094563,-3271.9316283996377,0.0
HOW-profile(HoW-cond),Hog_education_Josh,124,Hog,drift,3,16691.47805798628,23436.70405798628,23436.70405798628,20244.57320484736
HOW-profile(HoW-cond),Hog_education_Josh,124,Hog,spike,3,765.3532648336346,889.8927648336347,889.8927648336347,840.015720253339
HOW-profile(HoW-cond),Hog_education_Josh,124,Hog,spike,3,668.1453240628807,922.1953240628808,922.1953240628808,872.3182794825851
HOW-profile(HoW-cond),Hog_education_Josh,124,Hog,drift,1,2891.321119750779,14551.620619750778,14551.620619750778,11758.506123254221
HOW-profile(HoW-cond),Hog_education_Luvenia,124,Hog,drift,3,36139.97417896839,40173.02217896839,40173.02217896839,38577.75523936258
HOW-profile(HoW-cond),Hog_education_Luvenia,124,Hog,drift,1,8901.64724636137,2684.2118571195283,339.64274636136906,861.0496404271689
HOW-profile(HoW-cond),Hog_education_Luvenia,124,Hog,drift,3,107739.74583786631,98312.19436613006,96753.7318378663,95577.45104109152
HOW-profile(HoW-cond),Hog_education_Luvenia,124,Hog,drift,3,16462.105680988763,16052.28510606135,16012.148680988767,14912.808720628625
HOW-profile(HoW-cond),Hog_education_Luvenia,124,Hog,spike,2,909.4970148676152,1088.5990148676156,1088.5990148676156,1050.6164686865247
HOW-profile(HoW-cond),Hog_education_Luvenia,124,Hog,drift,3,25989.04317118203,28714.577171182034,28714.577171182034,27347.205508662766
HOW-profile(HoW-cond),Hog_office_Almeda,124,Hog,schedule,3,687.7865728908646,1142.9845728908647,900.4275728908647,639.5119260797676
HOW-profile(HoW-cond),Hog_office_Almeda,124,Hog,schedule,2,80.57674715737826,1459.750611226807,1342.2757471573784,1040.1900722175594
HOW-profile(HoW-cond),Hog_office_Almeda,124,Hog,drift,1,2065.7478398767325,2714.8739926883336,1045.8648398767318,1707.9286990661394
HOW-profile(HoW-cond),Hog_office_Almeda,124,Hog,spike,3,433.52703801649193,498.6820380164919,498.6820380164919,484.69668671618365
HOW-profile(HoW-cond),Hog_office_Almeda,124,Hog,spike,3,417.9640816562538,416.85808165625383,415.9520816562539,402.8727303559456
HOW-profile(HoW-cond),Hog_office_Almeda,124,Hog,spike,2,136.54824351694936,172.43574351694937,172.43574351694937,165.44306786679525
HOW-profile(HoW-cond),Hog_office_Cortney,124,Hog,spike,2,357.681035451082,340.448035451082,333.582035451082,333.10195538553626
HOW-profile(HoW-cond),Hog_office_Cortney,124,Hog,spike,3,867.3573209702461,952.6043209702461,944.9043209702461,940.3608541943366
HOW-profile(HoW-cond),Hog_office_Cortney,124,Hog,spike,1,408.4063300315772,389.9808300315773,383.3193300315773,377.7373632556678
HOW-profile(HoW-cond),Hog_office_Cortney,124,Hog,spike,2,272.95887519299555,267.82137519299556,267.82137519299556,265.3726818378137
HOW-profile(HoW-cond),Hog_office_Cortney,124,Hog,schedule,3,371.5476152277705,346.96814706551345,90.86561522777077,53.12494444368548
HOW-profile(HoW-cond),Hog_office_Cortney,124,Hog,spike,1,181.02968838654505,177.35118838654506,177.35118838654506,174.90249503136317
HOW-profile(HoW-cond),Hog_office_Denita,124,Hog,schedule,3,911.8087205658233,852.0278336167557,-1006.0035294341768,351.89818556012614
HOW-profile(HoW-cond),Hog_office_Denita,124,Hog,schedule,2,221.43335855207079,15.574313322364176,-1937.0173914479292,0.0
HOW-profile(HoW-cond),Hog_office_Denita,124,Hog,drift,1,2914.5363022298425,2382.5296991755367,2233.875802229842,1694.851433097671
HOW-profile(HoW-cond),Hog_office_Denita,124,Hog,schedule,2,364.88929710752984,451.3657393360735,281.4425471075297,138.78470930068
HOW-profile(HoW-cond),Hog_office_Denita,124,Hog,drift,3,2702.7509967910933,2460.8418526323185,2408.5949967910933,2085.7446165898464
HOW-profile(HoW-cond),Hog_office_Denita,124,Hog,spike,3,636.4034244866059,693.665424486606,693.665424486606,680.6412149017979
HOW-profile(HoW-cond),Hog_office_Garrett,124,Hog,drift,1,5556.152288561812,5453.5142461802525,3637.5910385618135,2350.813932969711
HOW-profile(HoW-cond),Hog_office_Garrett,124,Hog,schedule,3,6469.905965881119,6305.329331150542,-734.4072841188813,3202.6290179400007
HOW-profile(HoW-cond),Hog_office_Garrett,124,Hog,drift,1,2425.0334129518105,1161.5309822227587,-341.2598370481895,0.0
HOW-profile(HoW-cond),Hog_office_Garrett,124,Hog,spike,3,2491.689618857125,2606.655618857125,2606.655618857125,2558.17592646321
HOW-profile(HoW-cond),Hog_office_Garrett,124,Hog,drift,1,26591.048645774314,21217.295140359947,19525.896145774313,16175.407131392818
HOW-profile(HoW-cond),Hog_office_Garrett,124,Hog,spike,1,934.2433043536314,958.3463043536312,928.7843043536313,909.8666119597166
HOW-profile(HoW-cond),Hog_office_Lavon,124,Hog,drift,1,350.1790514100819,5824.047486532786,4393.376301410081,0.0
HOW-profile(HoW-cond),Hog_office_Lavon,124,Hog,drift,3,2544.700922092341,63814.537125482675,63528.40342209234,35473.61574843574
HOW-profile(HoW-cond),Hog_office_Lavon,124,Hog,spike,3,7791.569566645738,8753.216566645737,8753.216566645737,8228.384689293016
HOW-profile(HoW-cond),Hog_office_Lavon,124,Hog,drift,2,1571.1852408501998,1776.2304908501997,1776.2304908501997,0.0
HOW-profile(HoW-cond),Hog_office_Lavon,124,Hog,spike,1,2562.0763129709776,3381.3703129709775,3381.3703129709775,2987.746404956437
HOW-profile(HoW-cond),Hog_office_Lavon,124,Hog,spike,2,3484.1998013300895,4277.507051330089,4277.507051330089,3883.8831433155483
HOW-profile(HoW-cond),Hog_office_Merilyn,124,Hog,spike,2,50.65190585486498,45.39940585486498,45.39940585486498,42.60292706662826
HOW-profile(HoW-cond),Hog_office_Merilyn,124,Hog,schedule,3,152.38178728386578,1094.228482295338,1039.8937872838658,490.1890640362062
HOW-profile(HoW-cond),Hog_office_Merilyn,124,Hog,drift,3,1338.0795839605812,600.1027346276646,160.32208396058104,264.5252800392581
HOW-profile(HoW-cond),Hog_office_Merilyn,124,Hog,spike,2,45.062402681060725,35.479402681060726,25.246402681060726,29.886445104587285
HOW-profile(HoW-cond),Hog_office_Merilyn,124,Hog,spike,3,85.3039948781363,95.5279948781363,95.5279948781363,89.93503730166286
HOW-profile(HoW-cond),Hog_office_Merilyn,124,Hog,schedule,3,77.01120943656545,176.51,-57.41429056343455,0.0
HOW-profile(HoW-cond),Hog_office_Miriam,124,Hog,spike,3,64.35778551681808,63.51978551681809,61.79328551681809,61.0533480068885
HOW-profile(HoW-cond),Hog_office_Miriam,124,Hog,drift,2,710.5379465954393,812.0331173877837,771.0129465954394,634.4496166728529
HOW-profile(HoW-cond),Hog_office_Miriam,124,Hog,drift,2,2505.2621881358136,2036.4329459890737,2017.2316881358138,1710.863194678367
HOW-profile(HoW-cond),Hog_office_Miriam,124,Hog,schedule,2,28.96860913554888,290.2860812180732,66.31260913554894,53.50808026483216
HOW-profile(HoW-cond),Hog_office_Miriam,124,Hog,spike,1,54.73908505905362,49.401085059053635,47.29208505905363,44.468210039194446
HOW-profile(HoW-cond),Hog_office_Miriam,124,Hog,drift,3,2729.9115140571216,2467.3095206735857,2422.039514057122,2200.9342696011895
HOW-profile(HoW-cond),Hog_office_Napoleon,124,Hog,drift,2,2540.854333607559,2123.1221173359418,1912.352833607559,1322.1509720249921
HOW-profile(HoW-cond),Hog_office_Napoleon,124,Hog,spike,3,551.9924978736196,549.8874978736197,549.5794978736197,523.1884596965881
HOW-profile(HoW-cond),Hog_office_Napoleon,124,Hog,drift,3,31153.419467939406,29030.587831750097,28308.024467939405,26948.06285394163
HOW-profile(HoW-cond),Hog_office_Napoleon,124,Hog,spike,3,273.4514251683141,261.6759251683141,249.2774251683141,248.3264060797983
HOW-profile(HoW-cond),Hog_office_Napoleon,124,Hog,spike,3,327.44329958523474,360.5272995852347,360.5272995852347,347.17778049671887
HOW-profile(HoW-cond),Hog_office_Napoleon,124,Hog,spike,3,305.2755175273484,322.56251752734846,322.56251752734846,309.21299843883264
HOW-profile(HoW-cond),Hog_office_Shawna,124,Hog,spike,3,1539.5136699261304,1517.0436699261306,1516.9096699261306,1485.2003055518298
HOW-profile(HoW-cond),Hog_office_Shawna,124,Hog,spike,2,657.8599513082542,643.2499513082541,640.9479513082541,624.1439326836736
HOW-profile(HoW-cond),Hog_office_Shawna,124,Hog,drift,2,9750.165846063275,11501.318598518208,11469.183846063275,10125.685257548412
HOW-profile(HoW-cond),Hog_office_Shawna,124,Hog,drift,1,3460.430783507374,4726.228965643533,4621.024783507374,3503.4437736703817
HOW-profile(HoW-cond),Hog_office_Shawna,124,Hog,drift,2,8020.109920496582,10642.934185831047,10502.255920496582,9420.148993857896
HOW-profile(HoW-cond),Hog_office_Shawna,124,Hog,drift,3,37201.3147175408,42414.19054947408,42361.1697175408,40580.01276151435
HOW-profile(HoW-cond),Hog_office_Shawnna,124,Hog,schedule,2,2686.9850695181667,1993.389393110532,-7346.752930481834,0.0
HOW-profile(HoW-cond),Hog_office_Shawnna,124,Hog,schedule,2,2339.9254203213586,1397.7469589591055,-5949.868079678642,0.0
HOW-profile(HoW-cond),Hog_office_Shawnna,124,Hog,spike,3,2756.7676249264605,2525.5566249264607,2445.7106249264607,2438.584241902459
HOW-profile(HoW-cond),Hog_office_Shawnna,124,Hog,spike,2,1509.4132712336545,1243.0117712336544,1142.1607712336545,1177.782483965653
HOW-profile(HoW-cond),Hog_office_Shawnna,124,Hog,drift,2,70147.64740535856,53501.491356530285,51303.02940535855,46717.645480658146
HOW-profile(HoW-cond),Hog_office_Shawnna,124,Hog,drift,3,34606.77408644281,19069.125841387744,13825.480586442813,15416.285754379669
HOW-profile(HoW-cond),Hog_office_Sherrie,124,Hog,drift,1,299.9499753120218,315.1434095193435,-464.88052468797815,78.87644022283598
HOW-profile(HoW-cond),Hog_office_Sherrie,124,Hog,drift,1,1723.6191147775007,1869.7226063130458,1763.5131147775005,1397.188667720031
HOW-profile(HoW-cond),Hog_office_Sherrie,124,Hog,drift,3,5648.538585258806,5982.422405858097,5971.362585258807,5588.6441236972505
HOW-profile(HoW-cond),Hog_office_Sherrie,124,Hog,schedule,2,4.347234852761044,199.046,-55.41776514723891,0.0
HOW-profile(HoW-cond),Hog_office_Sherrie,124,Hog,schedule,3,343.59874707536767,480.7410043471301,84.27624707536773,244.4740350506226
HOW-profile(HoW-cond),Hog_office_Sherrie,124,Hog,spike,1,99.29138806902563,95.70788806902563,89.86888806902563,90.78565954201505
HOW-profile(HoW-cond),Hog_office_Shon,124,Hog,drift,1,2182.037256465568,3352.1228989985525,2661.8297564655686,2547.929415185424
HOW-profile(HoW-cond),Hog_office_Shon,124,Hog,spike,2,151.8227361048974,132.9747361048974,132.9747361048974,128.78622837670403
HOW-profile(HoW-cond),Hog_office_Shon,124,Hog,schedule,3,879.862336287282,1506.0023889628942,1404.5338362872817,902.8572761030479
HOW-profile(HoW-cond),Hog_office_Shon,124,Hog,schedule,3,1117.8231857134415,2311.2326198404726,2175.3366857134415,1507.0391360273443
HOW-profile(HoW-cond),Hog_office_Shon,124,Hog,drift,2,3701.5660588324213,4207.446914332948,3915.843058832422,3403.2534305198196
HOW-profile(HoW-cond),Hog_office_Shon,124,Hog,drift,2,2737.1461577962623,951.6326419567728,-111.95234220373789,348.48752909692644
HOW-profile(HoW-cond),Hog_office_Sydney,124,Hog,drift,1,8119.592526843504,6232.483500506569,5882.273526843504,5064.605820984688
HOW-profile(HoW-cond),Hog_office_Sydney,124,Hog,spike,1,196.46583991897998,184.61583991898004,177.60083991898003,164.34018576061405
HOW-profile(HoW-cond),Hog_office_Sydney,124,Hog,spike,1,85.70597551646374,59.45497551646372,59.45497551646372,55.39984468479052
HOW-profile(HoW-cond),Hog_office_Sydney,124,Hog,spike,2,131.22745681677335,114.12045681677334,114.12045681677334,110.06532598510015
HOW-profile(HoW-cond),Hog_office_Sydney,124,Hog,spike,2,148.69647404756202,137.03647404756202,137.03647404756202,132.9813432158888
HOW-profile(HoW-cond),Hog_office_Sydney,124,Hog,spike,2,174.68537972142465,156.7363797214247,140.8533797214247,148.6261180580783
HOW-profile(HoW-cond),Hog_office_Valda,124,Hog,drift,2,2857.1177976370764,2548.627444149781,2496.6002976370764,2099.7003290331004
HOW-profile(HoW-cond),Hog_office_Valda,124,Hog,spike,3,146.1924647334952,148.47946473349523,148.47946473349523,146.77898323684113
HOW-profile(HoW-cond),Hog_office_Valda,124,Hog,drift,3,4547.513835535305,4617.3788355353045,4617.3788355353045,4168.451720418624
HOW-profile(HoW-cond),Hog_office_Valda,124,Hog,spike,2,90.96816539874969,90.34516539874967,90.34516539874967,88.64468390209558
HOW-profile(HoW-cond),Hog_office_Valda,124,Hog,schedule,3,295.3654460515271,913.5178179938936,889.3649460515271,587.0253706363078
HOW-profile(HoW-cond),Hog_office_Valda,124,Hog,schedule,3,129.23500259287323,457.2265025928732,457.2265025928732,334.7918348337785
HOW-profile(HoW-cond),Lamb_education_Armando,124,Lamb,schedule,3,42.351505729948684,1224.75152526373,1166.401505729949,434.78175589635157
HOW-profile(HoW-cond),Lamb_education_Armando,124,Lamb,drift,2,3545.686108845367,7885.836108845368,7885.836108845368,6644.455042696631
HOW-profile(HoW-cond),Lamb_education_Armando,124,Lamb,drift,2,581.1700915763748,111.11481531109555,-2765.294908423625,0.0
HOW-profile(HoW-cond),Lamb_education_Armando,124,Lamb,drift,3,3408.2489944527274,5136.083218135669,5090.498994452728,4233.260624572951
HOW-profile(HoW-cond),Lamb_education_Armando,124,Lamb,spike,2,221.83527427775363,223.3352742777536,223.3352742777536,218.63307326961444
HOW-profile(HoW-cond),Lamb_education_Armando,124,Lamb,schedule,3,36.35899298629825,694.9974521963443,459.70899298629826,243.58615541498517
HOW-profile(HoW-cond),Lamb_education_Eula,124,Lamb,drift,3,124.56056570809537,155.65466024646287,148.50546570809536,110.93939028227167
HOW-profile(HoW-cond),Lamb_education_Eula,124,Lamb,spike,1,9.411480791510446,9.711480791510446,9.711480791510446,9.090435375341125
HOW-profile(HoW-cond),Lamb_education_Eula,124,Lamb,drift,2,116.57449026741199,87.50076697581363,-7.480609732587986,32.8487703529133
HOW-profile(HoW-cond),Lamb_education_Eula,124,Lamb,spike,2,8.906459358942762,10.106459358942761,10.106459358942761,9.692429081496547
HOW-profile(HoW-cond),Lamb_education_Eula,124,Lamb,spike,3,15.085603107142502,15.285603107142505,15.285603107142505,14.87157282969629
HOW-profile(HoW-cond),Lamb_education_Eula,124,Lamb,drift,2,67.55719881227861,247.84504798982823,231.90209881227864,198.16141469628246
HOW-profile(HoW-cond),Lamb_education_Lazaro,124,Lamb,drift,1,461.23669069021577,1158.230861679369,-2051.2074093097845,0.0
HOW-profile(HoW-cond),Lamb_education_Lazaro,124,Lamb,spike,3,400.82250918666176,197.08329137141902,80.08050918666179,162.68814010285217
HOW-profile(HoW-cond),Lamb_education_Lazaro,124,Lamb,drift,1,604.235159033965,323.26771905784506,-6810.861540966034,0.0
HOW-profile(HoW-cond),Lamb_education_Lazaro,124,Lamb,drift,2,497.9093626321239,778.5268512494292,-652.254337367876,0.0
HOW-profile(HoW-cond),Lamb_education_Lazaro,124,Lamb,spike,2,323.27785981812565,266.3662598181256,251.7508598181256,223.37232073241705
HOW-profile(HoW-cond),Lamb_education_Lazaro,124,Lamb,spike,3,216.09390823268618,220.1939082326862,220.1939082326862,211.59512041554447
HOW-profile(HoW-cond),Lamb_education_Lucas,124,Lamb,drift,3,801.2582428094648,1062.0913984165784,1050.2867428094648,980.9651229101171
HOW-profile(HoW-cond),Lamb_education_Lucas,124,Lamb,schedule,3,44.89451201081894,35.271314063218966,-458.487487989181,0.0
HOW-profile(HoW-cond),Lamb_education_Lucas,124,Lamb,spike,3,133.8321468000379,132.64114680003786,132.64114680003786,130.95101606031992
HOW-profile(HoW-cond),Lamb_education_Lucas,124,Lamb,drift,3,273.9606663738274,431.56520302930386,426.9706663738274,382.88943772542706
HOW-profile(HoW-cond),Lamb_education_Lucas,124,Lamb,spike,3,142.6454074837294,141.38140748372942,141.1064074837294,139.69127674401147
HOW-profile(HoW-cond),Lamb_education_Lucas,124,Lamb,drift,1,38.67614445359179,205.49363958005134,175.03864445359176,164.9305018268207
HOW-profile(HoW-cond),Lamb_education_Mae,124,Lamb,spike,1,323.07918229430084,364.7291822943008,364.7291822943008,338.039016194643
HOW-profile(HoW-cond),Lamb_education_Mae,124,Lamb,spike,2,516.0264638666401,523.1764638666401,523.1764638666401,501.8243309869139
HOW-profile(HoW-cond),Lamb_education_Mae,124,Lamb,drift,2,3932.5231562095887,7106.125771119268,7079.2042562095885,5824.997798335695
HOW-profile(HoW-cond),Lamb_education_Mae,124,Lamb,spike,2,212.59441880931385,208.27401880931384,203.22401880931383,197.59795236945072
HOW-profile(HoW-cond),Lamb_education_Mae,124,Lamb,drift,3,2958.7246626678852,1606.9847529525186,-460.06713733211427,838.3079692823746
HOW-profile(HoW-cond),Lamb_education_Mae,124,Lamb,spike,1,162.31276356035605,211.81276356035607,211.81276356035607,206.47473034042451
HOW-profile(HoW-cond),Lamb_education_Williams,124,Lamb,drift,1,746.3809443232789,1816.2183962503736,-461.3190556767213,1293.1207142883272
HOW-profile(HoW-cond),Lamb_education_Williams,124,Lamb,drift,1,639.2960181545328,1520.0566799207336,1202.446218154533,1044.5133326825098
HOW-profile(HoW-cond),Lamb_education_Williams,124,Lamb,drift,3,4579.005177313596,3754.9328471127637,1181.705177313595,3136.726495703073
HOW-profile(HoW-cond),Lamb_education_Williams,124,Lamb,schedule,3,245.34222782811088,781.1449179727624,573.8930278281108,448.2645749060057
HOW-profile(HoW-cond),Lamb_education_Williams,124,Lamb,spike,1,225.11065302241795,225.41065302241796,225.01065302241796,217.48493056844757
HOW-profile(HoW-cond),Lamb_education_Williams,124,Lamb,schedule,2,120.36486662932188,1456.8737125917628,1203.6654666293218,1028.8847000773612
HOW-profile(HoW-cond),Lamb_office_Caitlin,124,Lamb,spike,2,287.84152497083744,285.14152497083745,280.14152497083745,270.8279068076969
HOW-profile(HoW-cond),Lamb_office_Caitlin,124,Lamb,drift,1,174.86513893786412,18.743694548172734,-4328.534861062135,0.0
HOW-profile(HoW-cond),Lamb_office_Caitlin,124,Lamb,schedule,1,45.94439519567189,0.0,-3359.755604804328,0.0
HOW-profile(HoW-cond),Lamb_office_Caitlin,124,Lamb,drift,3,1366.1223200641446,2448.807373493656,-2091.477679935855,1074.7000298321614
HOW-profile(HoW-cond),Lamb_office_Caitlin,124,Lamb,spike,3,499.75478148973514,388.4547814897351,300.9547814897351,366.9843542450243
HOW-profile(HoW-cond),Lamb_office_Caitlin,124,Lamb,spike,3,914.2945579554216,899.1945579554216,896.3445579554216,863.4105125475702
HOW-profile(HoW-cond),Lamb_office_Velma,124,Lamb,spike,2,712.063480372273,762.8634803722732,762.8634803722732,730.7761338701915
HOW-profile(HoW-cond),Lamb_office_Velma,124,Lamb,schedule,2,5.02976783064522,2360.8,1959.8797678306453,1128.6458943200646
HOW-profile(HoW-cond),Lamb_office_Velma,124,Lamb,spike,1,402.868816575697,467.868816575697,467.868816575697,442.1989393740317
HOW-profile(HoW-cond),Lamb_office_Velma,124,Lamb,spike,2,716.8389665969552,692.0389665969551,681.638966596955,659.9516200948734
HOW-profile(HoW-cond),Lamb_office_Velma,124,Lamb,drift,2,3639.54112623905,6179.091126239051,6179.091126239051,5100.956283769107
HOW-profile(HoW-cond),Lamb_office_Velma,124,Lamb,drift,3,7579.385515407095,9513.435515407094,9513.435515407094,8435.30067293715
HOW-profile(HoW-cond),Rat_retail_Jeffrey,124,Rat,spike,1,291.60367573257804,250.77367573257803,239.00367573257805,227.97243688179006
HOW-profile(HoW-cond),Rat_retail_Jeffrey,124,Rat,spike,2,475.52021965664414,484.6802196566441,473.90021965664414,466.4392285760137
HOW-profile(HoW-cond),Rat_retail_Jeffrey,124,Rat,drift,2,2154.4490308847585,3217.5423830349046,3201.199030884759,2560.8667041322105
HOW-profile(HoW-cond),Rat_retail_Jeffrey,124,Rat,spike,1,138.38502458085736,149.56002458085734,149.56002458085734,144.99977681069976
HOW-profile(HoW-cond),Rat_retail_Jeffrey,124,Rat,drift,1,610.2952989490467,870.5134605269159,753.4052989490468,323.2837281080044
HOW-profile(HoW-cond),Rat_retail_Jeffrey,124,Rat,spike,3,473.61949934562676,513.7144993456268,513.7144993456268,500.033756035154
HOW-profile(HoW-cond),Robin_education_Zenia,124,Robin,drift,1,9085.837298458526,27947.243998458525,27947.243998458525,25107.37933233131
HOW-profile(HoW-cond),Robin_education_Zenia,124,Robin,drift,3,29233.784782501494,46492.9920825015,46492.9920825015,44090.02967270155
HOW-profile(HoW-cond),Robin_education_Zenia,124,Robin,drift,3,19698.159837123923,34623.52338712393,34623.52338712393,32657.463233651244
HOW-profile(HoW-cond),Robin_education_Zenia,124,Robin,spike,3,234.24180318846012,298.04180318846016,298.04180318846016,288.9396728483088
HOW-profile(HoW-cond),Robin_education_Zenia,124,Robin,drift,2,8507.294132048073,19911.467132048077,19911.467132048077,18163.858106739022
HOW-profile(HoW-cond),Robin_education_Zenia,124,Robin,spike,1,103.78091077838481,174.85591077838478,174.85591077838478,165.75378043823346
HOW-profile(HoW-cond),Robin_office_Dina,124,Robin,drift,1,1671.5645498087358,2906.0617969205446,2896.480249808736,2352.4441687924627
HOW-profile(HoW-cond),Robin_office_Dina,124,Robin,spike,3,76.99172519770566,84.99172519770566,84.99172519770566,81.44289424816668
HOW-profile(HoW-cond),Robin_office_Dina,124,Robin,drift,2,1361.1516267334248,1644.4729926984405,1535.0108767334245,1346.3711929371657
HOW-profile(HoW-cond),Robin_office_Dina,124,Robin,spike,1,54.39925792780521,56.39925792780521,56.39925792780521,51.07601150349673
HOW-profile(HoW-cond),Robin_office_Dina,124,Robin,spike,3,106.22402211052074,108.22402211052072,108.22402211052072,102.90077568621224
HOW-profile(HoW-cond),Robin_office_Dina,124,Robin,spike,2,100.90720420303032,121.15720420303032,121.15720420303032,114.05954230395236
HOW-profile(HoW-cond),Robin_office_Sammie,124,Robin,drift,2,8193.376963553696,8479.348494360207,8468.922163553696,7148.536888283088
HOW-profile(HoW-cond),Robin_office_Sammie,124,Robin,spike,2,264.22219886949006,230.0405988694901,229.6905988694901,202.3153570762168
HOW-profile(HoW-cond),Robin_office_Sammie,124,Robin,drift,2,2188.0140383288563,2943.1960208056953,2785.589938328856,2277.790217767136
HOW-profile(HoW-cond),Robin_office_Sammie,124,Robin,spike,3,325.76388530020796,325.24458530020786,325.24458530020786,303.0643918655892
HOW-profile(HoW-cond),Robin_office_Sammie,124,Robin,drift,3,10950.46293039176,9631.433979725287,9557.92193039176,8433.70353425588
HOW-profile(HoW-cond),Robin_office_Sammie,124,Robin,schedule,2,283.6852349670226,933.0805309415512,-516.3807650329773,0.0
HOW-profile(HoW-cond),Shrew_office_Doris,124,Shrew,spike,3,967.677461342442,892.5774613424421,873.5774613424421,869.924090447885
HOW-profile(HoW-cond),Shrew_office_Doris,124,Shrew,drift,2,13274.214899719289,14358.956393195163,14357.264899719288,13135.674364889075
HOW-profile(HoW-cond),Shrew_office_Doris,124,Shrew,drift,3,16874.680037500937,19154.780037500936,19154.780037500936,18067.418234562192
HOW-profile(HoW-cond),Shrew_office_Doris,124,Shrew,drift,2,21097.276446337128,20545.536126205036,20526.126446337126,18914.493421796917
HOW-profile(HoW-cond),Shrew_office_Doris,124,Shrew,spike,3,1269.3416243658435,1225.7416243658433,1214.7416243658433,1197.424910747647
HOW-profile(HoW-cond),Shrew_office_Doris,124,Shrew,spike,1,492.6340337493294,450.58403374932936,449.6340337493293,422.26732013113286
HOW-profile(HoW-cond),Shrew_office_Ila,124,Shrew,drift,1,2996.99212687992,3621.2553992585754,2742.8421268799198,2819.574487757719
HOW-profile(HoW-cond),Shrew_office_Ila,124,Shrew,drift,3,17305.03319043162,16530.846026226514,16122.083190431616,15729.165114725658
HOW-profile(HoW-cond),Shrew_office_Ila,124,Shrew,spike,3,725.0771146387649,748.7771146387649,748.7771146387649,733.9311718331935
HOW-profile(HoW-cond),Shrew_office_Ila,124,Shrew,spike,1,146.5948962159231,170.1948962159231,170.1948962159231,162.7719248131374
HOW-profile(HoW-cond),Shrew_office_Ila,124,Shrew,drift,2,4621.5561975259025,5422.679946540273,5420.106197525903,4888.226005539702
HOW-profile(HoW-cond),Shrew_office_Ila,124,Shrew,spike,3,673.7401307453438,790.9401307453438,790.9401307453438,776.0941879397724
HOW-profile(HoW-cond),Shrew_office_Kenneth,124,Shrew,drift,2,1498.5085912518607,3141.4585912518605,3141.4585912518605,2437.370530863326
HOW-profile(HoW-cond),Shrew_office_Kenneth,124,Shrew,drift,3,2842.3791870818204,981.6283949791236,474.879187081821,277.5403345905895
HOW-profile(HoW-cond),Shrew_office_Kenneth,124,Shrew,spike,2,90.89096949254512,81.14096949254512,72.99096949254513,73.80671886349789
HOW-profile(HoW-cond),Shrew_office_Kenneth,124,Shrew,spike,1,62.498642336023934,68.79864233602393,68.79864233602393,65.13151702150031
HOW-profile(HoW-cond),Shrew_office_Kenneth,124,Shrew,spike,3,300.9768943363502,268.57689433635016,259.2768943363502,250.24126776373208
HOW-profile(HoW-cond),Shrew_office_Kenneth,124,Shrew,spike,1,132.02422580194082,146.07422580194083,146.07422580194083,127.73859922932274
HOW-profile(HoW-cond),Shrew_office_Nora,124,Shrew,drift,3,13959.850749005422,14192.709429064189,14084.350749005422,13517.012016271965
HOW-profile(HoW-cond),Shrew_office_Nora,124,Shrew,spike,1,260.69750787688605,262.49750787688606,262.49750787688606,254.45349105793102
HOW-profile(HoW-cond),Shrew_office_Nora,124,Shrew,drift,1,4665.425658313194,4611.303050582468,4581.325658313192,3742.549234135324
HOW-profile(HoW-cond),Shrew_office_Nora,124,Shrew,drift,3,26280.58367879771,26028.217340454656,26027.53367879771,25062.935322180052
HOW-profile(HoW-cond),Shrew_office_Nora,124,Shrew,spike,1,548.8590061520682,525.7590061520682,523.5590061520682,505.6489641046806
HOW-profile(HoW-cond),Shrew_office_Nora,124,Shrew,spike,2,390.28208907425113,387.5820890742512,382.6820890742512,379.53807225529613
HOW-profile(HoW-cond),Shrew_office_Sherill,124,Shrew,spike,3,1285.7986614249328,1074.7986614249328,982.2986614249327,1054.836487333776
HOW-profile(HoW-cond),Shrew_office_Sherill,124,Shrew,drift,2,6816.240253363444,7109.940718238582,6955.040253363444,6311.45375459231
HOW-profile(HoW-cond),Shrew_office_Sherill,124,Shrew,spike,1,809.928865577001,412.92886557700103,367.42886557700103,386.31263345545864
HOW-profile(HoW-cond),Shrew_office_Sherill,124,Shrew,drift,3,19918.04479791922,21568.644797919223,21568.644797919223,20450.763048814442
HOW-profile(HoW-cond),Shrew_office_Sherill,124,Shrew,spike,1,982.0393289635585,790.0393289635585,782.5393289635585,756.7690388116306
HOW-profile(HoW-cond),Shrew_office_Sherill,124,Shrew,spike,3,1418.5189408034698,1359.7689408034698,1332.5189408034698,1339.806766712313
HOW-profile(HoW-cond),Wolf_office_Darleen,124,Wolf,drift,3,4246.600657922468,1911.9508815476784,953.1006579224675,1592.5560960891698
HOW-profile(HoW-cond),Wolf_office_Darleen,124,Wolf,drift,3,4976.241380732559,5934.894096726729,5587.241380732559,5580.01100177283
HOW-profile(HoW-cond),Wolf_office_Darleen,124,Wolf,spike,3,254.48626821207995,253.48626821207995,252.48626821207995,249.05022952515623
HOW-profile(HoW-cond),Wolf_office_Darleen,124,Wolf,schedule,3,98.90988369231172,1134.159181529546,207.4098836923117,814.7643960710375
HOW-profile(HoW-cond),Wolf_office_Darleen,124,Wolf,spike,2,263.59770868297966,247.09770868297966,244.09770868297966,239.7043108714401
HOW-profile(HoW-cond),Wolf_office_Darleen,124,Wolf,drift,3,3387.5794404471744,3214.3874194322266,3197.0794404471744,2930.480943469108
HOW-profile(HoW-cond),Wolf_retail_Harriett,124,Wolf,spike,1,109.46943691528074,138.76943691528075,138.76943691528075,123.29653397529077
HOW-profile(HoW-cond),Wolf_retail_Harriett,124,Wolf,drift,2,3442.80368568748,4336.91102950273,3834.252606627651,3222.8620178234523
HOW-profile(HoW-cond),Wolf_retail_Harriett,124,Wolf,spike,2,118.095825507048,131.067075507048,131.067075507048,125.90944119371801
HOW-profile(HoW-cond),Wolf_retail_Harriett,124,Wolf,spike,2,95.23365086904356,101.07615086904359,101.07615086904359,95.9185165557136
HOW-profile(HoW-cond),Wolf_retail_Harriett,124,Wolf,drift,1,915.2694268515739,2143.9617593034436,1771.3344428772148,1277.4791946640053
HOW-profile(HoW-cond),Wolf_retail_Harriett,124,Wolf,schedule,2,16.811704598329925,437.74541666666664,-349.47746206833676,0.0
HOW-profile(HoW-cond),Wolf_retail_Marcella,124,Wolf,drift,1,77.19480955887502,213.41098676185246,138.582309558875,139.86146533265702
HOW-profile(HoW-cond),Wolf_retail_Marcella,124,Wolf,spike,3,54.744085512607896,78.45908551260788,78.45908551260788,76.00743479830138
HOW-profile(HoW-cond),Wolf_retail_Marcella,124,Wolf,drift,3,805.9237291893736,1107.1722797877621,1104.6887291893736,974.7831412152103
HOW-profile(HoW-cond),Wolf_retail_Marcella,124,Wolf,drift,2,245.1612452558267,318.5617662398868,244.70749525582676,230.3023405248523
HOW-profile(HoW-cond),Wolf_retail_Marcella,124,Wolf,spike,1,15.299112680094524,14.737862680094524,14.737862680094524,14.124950001517895
HOW-profile(HoW-cond),Wolf_retail_Marcella,124,Wolf,drift,1,161.5415176515241,349.51022842699905,233.2527676515241,202.41118556860815
HOW-profile(HoW-cond),Wolf_retail_Toshia,124,Wolf,spike,3,813.8222848184951,778.0097848184951,768.786034818495,758.7899078676169
HOW-profile(HoW-cond),Wolf_retail_Toshia,124,Wolf,spike,3,1170.5817793556578,1171.014279355658,1169.661779355658,1146.98943316706
HOW-profile(HoW-cond),Wolf_retail_Toshia,124,Wolf,schedule,3,146.55404856680667,2022.348586662745,322.52904856680675,1445.7522781363987
HOW-profile(HoW-cond),Wolf_retail_Toshia,124,Wolf,schedule,3,196.04409342229565,453.8317506097279,113.18159342229572,107.87396549392025
HOW-profile(HoW-cond),Wolf_retail_Toshia,124,Wolf,drift,1,1058.247230158493,2169.083683972961,1631.2534801584927,1131.2103286255378
HOW-profile(HoW-cond),Wolf_retail_Toshia,124,Wolf,spike,1,354.7456702313118,257.0441380631554,185.06692023131185,237.82426111227718
TOWT(HoW-cond),Fox_education_Henrietta,124,Fox,schedule,3,60.315560882006025,1505.6316694321197,1499.300627314536,1156.2846661914616
TOWT(HoW-cond),Fox_education_Henrietta,124,Fox,spike,3,167.26170856365857,186.9749539639485,186.9749539639485,179.6968913964348
TOWT(HoW-cond),Fox_education_Henrietta,124,Fox,spike,1,78.18136394771389,56.36602670319599,52.30567550315715,47.26844849380386
TOWT(HoW-cond),Fox_education_Henrietta,124,Fox,schedule,3,183.66365980408142,197.2329038876064,13.310907131216254,0.0
TOWT(HoW-cond),Fox_education_Henrietta,124,Fox,drift,1,520.3709604977303,2213.8145366098033,2207.8312142400637,1820.799157964063
TOWT(HoW-cond),Fox_education_Henrietta,124,Fox,spike,2,61.819841831657534,69.15900884208297,69.15900884208297,67.33949320020454
TOWT(HoW-cond),Fox_retail_Manie,124,Fox,spike,3,360.30977822599573,322.33113465226256,307.1641767482421,304.99510367676845
TOWT(HoW-cond),Fox_retail_Manie,124,Fox,schedule,3,705.5814088582074,1570.0669304294347,-444.4284190347006,460.5609479978107
TOWT(HoW-cond),Fox_retail_Manie,124,Fox,spike,3,598.2254276518972,564.409375282931,536.5615421276186,535.5159903237742
TOWT(HoW-cond),Fox_retail_Manie,124,Fox,drift,2,1941.7014736338524,2270.441526700357,465.1071412426429,1299.6237920726858
TOWT(HoW-cond),Fox_retail_Manie,124,Fox,spike,1,155.21794966966723,84.72382636357254,21.985258302760137,67.38779538807842
TOWT(HoW-cond),Fox_retail_Manie,124,Fox,schedule,3,172.62577698158896,804.4520380309664,427.20181739264694,249.69904681515436
TOWT(HoW-cond),Hog_education_Bruno,124,Hog,drift,3,46417.54410572455,45731.021549490404,45700.269579566666,43909.70190033282
TOWT(HoW-cond),Hog_education_Bruno,124,Hog,drift,1,9812.30313173102,10353.361718204622,10284.261769769544,8863.191096166593
TOWT(HoW-cond),Hog_education_Bruno,124,Hog,drift,2,6595.295146158791,6637.026325369862,6618.77022318316,5809.153757570957
TOWT(HoW-cond),Hog_education_Bruno,124,Hog,spike,1,299.2891721906774,341.5293286606401,341.5293286606401,307.0346383356857
TOWT(HoW-cond),Hog_education_Bruno,124,Hog,drift,1,8137.5103929530915,9348.119608795272,8641.70714582518,7857.948986757243
TOWT(HoW-cond),Hog_education_Bruno,124,Hog,spike,1,291.6501178934577,297.06335457758433,293.4882306432766,269.46760231762084
TOWT(HoW-cond),Hog_education_Caridad,124,Hog,drift,2,26559.114233147702,41899.40366708211,41899.40366708211,24860.794011997
TOWT(HoW-cond),Hog_education_Caridad,124,Hog,schedule,2,5586.936543560644,1053.6631133991064,-46831.85751038453,0.0
TOWT(HoW-cond),Hog_education_Caridad,124,Hog,drift,1,28961.841270979025,53850.535672513055,53827.01624361469,26588.76022437689
TOWT(HoW-cond),Hog_education_Caridad,124,Hog,spike,1,3232.119287388384,2518.757472950231,2518.757472950231,2376.7690591578553
TOWT(HoW-cond),Hog_education_Caridad,124,Hog,schedule,3,7326.264039132635,8156.078798207164,-1316.9285253855164,0.0
TOWT(HoW-cond),Hog_education_Caridad,124,Hog,spike,1,6005.765793875593,7101.19517767833,7101.19517767833,6533.241522508826
TOWT(HoW-cond),Hog_education_Josh,124,Hog,spike,1,594.6326420608618,433.43066574791493,374.11255025637723,358.9719680268469
TOWT(HoW-cond),Hog_education_Josh,124,Hog,schedule,2,1475.452371600362,0.0,-5799.5249199469945,0.0
TOWT(HoW-cond),Hog_education_Josh,124,Hog,drift,3,16691.47805798628,20063.81798643102,20063.81798643102,17204.603993942008
TOWT(HoW-cond),Hog_education_Josh,124,Hog,spike,3,765.3532648336346,833.2211100654353,833.2211100654353,788.5458914327944
TOWT(HoW-cond),Hog_education_Josh,124,Hog,spike,3,668.1453240628807,859.2975462852755,859.2975462852755,814.6223276526347
TOWT(HoW-cond),Hog_education_Josh,124,Hog,drift,1,2891.321119750779,14639.047079127533,14629.93336760253,12137.234835699648
TOWT(HoW-cond),Hog_education_Luvenia,124,Hog,drift,3,36139.97417896839,40183.17130232875,40183.17130232875,38644.398287019874
TOWT(HoW-cond),Hog_education_Luvenia,124,Hog,drift,1,8901.64724636137,2988.139722880453,1118.763582529022,1229.5419910988794
TOWT(HoW-cond),Hog_education_Luvenia,124,Hog,drift,3,107739.74583786631,98824.88562697567,97398.13591638736,96186.98902930331
TOWT(HoW-cond),Hog_education_Luvenia,124,Hog,drift,3,16462.105680988763,16662.853297479898,16634.06556569815,15563.729715116415
TOWT(HoW-cond),Hog_education_Luvenia,124,Hog,spike,2,909.4970148676152,1153.9599867516295,1153.9599867516295,1117.32253400618
TOWT(HoW-cond),Hog_education_Luvenia,124,Hog,drift,3,25989.04317118203,28858.55021711585,28858.55021711585,27539.60191827967
TOWT(HoW-cond),Hog_office_Almeda,124,Hog,schedule,3,687.7865728908646,975.0801449209694,615.1131013352433,338.7610598447161
TOWT(HoW-cond),Hog_office_Almeda,124,Hog,schedule,2,80.57674715737826,1239.6217446142796,1011.8075488219093,709.3558403840685
TOWT(HoW-cond),Hog_office_Almeda,124,Hog,drift,1,2065.7478398767325,1970.5047344755867,-71.872008241108,697.8665643230802
TOWT(HoW-cond),Hog_office_Almeda,124,Hog,spike,3,433.52703801649193,487.4947821993679,487.4947821993679,469.81925205836086
TOWT(HoW-cond),Hog_office_Almeda,124,Hog,spike,3,417.9640816562538,415.44734900281014,414.41291947633755,397.7718188618031
TOWT(HoW-cond),Hog_office_Almeda,124,Hog,spike,2,136.54824351694936,164.19939676308303,164.19939676308303,155.36163169257952
TOWT(HoW-cond),Hog_office_Cortney,124,Hog,spike,2,357.681035451082,341.9017268723172,335.5414011655837,333.8880293798826
TOWT(HoW-cond),Hog_office_Cortney,124,Hog,spike,3,867.3573209702461,913.2410005484842,903.6625586974183,899.8848380610931
TOWT(HoW-cond),Hog_office_Cortney,124,Hog,spike,1,408.4063300315772,380.837843418228,372.1969424115373,367.48168093083694
TOWT(HoW-cond),Hog_office_Cortney,124,Hog,spike,2,272.95887519299555,265.45327598180614,265.45327598180614,262.7820434843279
TOWT(HoW-cond),Hog_office_Cortney,124,Hog,schedule,3,371.5476152277705,353.03141299052277,-62.629433842358004,32.48351329313755
TOWT(HoW-cond),Hog_office_Cortney,124,Hog,spike,1,181.02968838654505,175.5084822506108,175.5084822506108,172.8372497531326
TOWT(HoW-cond),Hog_office_Denita,124,Hog,schedule,3,911.8087205658233,742.8869503558785,-1107.340415988907,220.02143658279158
TOWT(HoW-cond),Hog_office_Denita,124,Hog,schedule,2,221.43335855207079,3.452042068958008,-2035.9758194850597,0.0
TOWT(HoW-cond),Hog_office_Denita,124,Hog,drift,1,2914.5363022298425,2624.3357314763125,2444.5886099187146,1905.3956500383179
TOWT(HoW-cond),Hog_office_Denita,124,Hog,schedule,2,364.88929710752984,566.574967119866,376.33442573703417,239.7840210116866
TOWT(HoW-cond),Hog_office_Denita,124,Hog,drift,3,2702.7509967910933,2662.0731935242648,2597.4201130244896,2269.9240581944496
TOWT(HoW-cond),Hog_office_Denita,124,Hog,spike,3,636.4034244866059,686.1700793503703,686.1700793503703,672.5537899291962
TOWT(HoW-cond),Hog_office_Garrett,124,Hog,drift,1,5556.152288561812,9370.466667721008,7805.344308140828,3172.0578244964745
TOWT(HoW-cond),Hog_office_Garrett,124,Hog,schedule,3,6469.905965881119,9142.062042948077,2385.6112774703574,2943.6531997235434
TOWT(HoW-cond),Hog_office_Garrett,124,Hog,drift,1,2425.0334129518105,1021.7855833157363,-2852.8212614858985,0.0
TOWT(HoW-cond),Hog_office_Garrett,124,Hog,spike,3,2491.689618857125,2718.8987079674994,2718.8987079674994,2622.048569792116
TOWT(HoW-cond),Hog_office_Garrett,124,Hog,drift,1,26591.048645774314,12906.123936313397,5347.967618526964,2833.7095660735304
TOWT(HoW-cond),Hog_office_Garrett,124,Hog,spike,1,934.2433043536314,643.9666503065866,500.7987445995567,547.1165121312033
TOWT(HoW-cond),Hog_office_Lavon,124,Hog,drift,1,350.1790514100819,17721.10322382464,16488.61684865082,6855.182323060348
TOWT(HoW-cond),Hog_office_Lavon,124,Hog,drift,3,2544.700922092341,43116.33448245807,20677.23087886026,29145.86475290398
TOWT(HoW-cond),Hog_office_Lavon,124,Hog,spike,3,7791.569566645738,8629.535094887848,8629.535094887848,8370.822692488699
TOWT(HoW-cond),Hog_office_Lavon,124,Hog,drift,2,1571.1852408501998,16969.582466537006,15413.305306623784,1446.838322588017
TOWT(HoW-cond),Hog_office_Lavon,124,Hog,spike,1,2562.0763129709776,3349.168282825162,3349.168282825162,3155.1339810257996
TOWT(HoW-cond),Hog_office_Lavon,124,Hog,spike,2,3484.1998013300895,4324.955701322964,4324.955701322964,4130.921399523601
TOWT(HoW-cond),Hog_office_Merilyn,124,Hog,spike,2,50.65190585486498,51.3467053256248,51.3467053256248,49.528428780999484
TOWT(HoW-cond),Hog_office_Merilyn,124,Hog,schedule,3,152.38178728386578,1249.222354447223,1201.107612539443,856.4746208081551
TOWT(HoW-cond),Hog_office_Merilyn,124,Hog,drift,3,1338.0795839605812,1373.328779359883,1371.0549797754259,1155.1355940048452
TOWT(HoW-cond),Hog_office_Merilyn,124,Hog,spike,2,45.062402681060725,44.77533591999745,42.89571213402162,41.13878283074682
TOWT(HoW-cond),Hog_office_Merilyn,124,Hog,spike,3,85.3039948781363,90.57712026116495,90.57712026116495,86.94056717191432
TOWT(HoW-cond),Hog_office_Merilyn,124,Hog,schedule,3,77.01120943656545,247.08517772865602,134.61495923972572,72.53062944462579
TOWT(HoW-cond),Hog_office_Miriam,124,Hog,spike,3,64.35778551681808,65.49084939465601,63.676930330337036,63.000591187684506
TOWT(HoW-cond),Hog_office_Miriam,124,Hog,drift,2,710.5379465954393,870.5491106208204,836.0371853122136,691.2505197188723
TOWT(HoW-cond),Hog_office_Miriam,124,Hog,drift,2,2505.2621881358136,2117.8785059626466,2100.924234522309,1789.1644226424082
TOWT(HoW-cond),Hog_office_Miriam,124,Hog,schedule,2,28.96860913554888,253.19582814955623,62.05093888776186,14.131040280292012
TOWT(HoW-cond),Hog_office_Miriam,124,Hog,spike,1,54.73908505905362,47.38525465235412,44.67266496750628,42.40473823841111
TOWT(HoW-cond),Hog_office_Miriam,124,Hog,drift,3,2729.9115140571216,2484.155075148634,2446.99385990017,2215.2071887957118
TOWT(HoW-cond),Hog_office_Napoleon,124,Hog,drift,2,2540.854333607559,2159.251163134978,1907.2689267511905,1289.1584351848746
TOWT(HoW-cond),Hog_office_Napoleon,124,Hog,spike,3,551.9924978736196,553.3347897244573,553.3347897244573,524.3316987927872
TOWT(HoW-cond),Hog_office_Napoleon,124,Hog,drift,3,31153.419467939406,28970.916113188763,28291.695541256402,26708.675020518494
TOWT(HoW-cond),Hog_office_Napoleon,124,Hog,spike,3,273.4514251683141,258.1411069289902,243.39947081488788,243.63956146315516
TOWT(HoW-cond),Hog_office_Napoleon,124,Hog,spike,3,327.44329958523474,365.1823898015036,365.1823898015036,350.6808443356685
TOWT(HoW-cond),Hog_office_Napoleon,124,Hog,spike,3,305.2755175273484,326.34461222852065,326.34461222852065,311.84306676268557
TOWT(HoW-cond),Hog_office_Shawna,124,Hog,spike,3,1539.5136699261304,1497.387296173123,1493.8474904640802,1458.195958250718
TOWT(HoW-cond),Hog_office_Shawna,124,Hog,spike,2,657.8599513082542,628.4071357006674,618.6667589507126,604.8923329472243
TOWT(HoW-cond),Hog_office_Shawna,124,Hog,drift,2,9750.165846063275,10783.961182979536,10591.291165989369,9090.895384731633
TOWT(HoW-cond),Hog_office_Shawna,124,Hog,drift,1,3460.430783507374,4222.032163804752,3828.7722397159578,2717.084787584394
TOWT(HoW-cond),Hog_office_Shawna,124,Hog,drift,2,8020.109920496582,9691.31035354156,9540.42466319993,8186.3629773212015
TOWT(HoW-cond),Hog_office_Shawna,124,Hog,drift,3,37201.3147175408,41054.62257177941,40991.385553188506,38797.20150744887
TOWT(HoW-cond),Hog_office_Shawnna,124,Hog,schedule,2,2686.9850695181667,2882.062915999133,-4431.986672097275,0.0
TOWT(HoW-cond),Hog_office_Shawnna,124,Hog,schedule,2,2339.9254203213586,2798.725409993946,-2193.2183418720406,0.0
TOWT(HoW-cond),Hog_office_Shawnna,124,Hog,spike,3,2756.7676249264605,2452.4651010190028,2365.66186343795,2374.720235227338
TOWT(HoW-cond),Hog_office_Shawnna,124,Hog,spike,2,1509.4132712336545,1356.9565221537507,1309.0650439322042,1298.6478728100021
TOWT(HoW-cond),Hog_office_Shawnna,124,Hog,drift,2,70147.64740535856,64352.60301755785,63633.58644712731,58288.503485808
TOWT(HoW-cond),Hog_office_Shawnna,124,Hog,drift,3,34606.77408644281,24103.284966322433,21125.80143491578,20838.000603072516
TOWT(HoW-cond),Hog_office_Sherrie,124,Hog,drift,1,299.9499753120218,782.9532143101953,172.64093670383193,478.17368058343834
TOWT(HoW-cond),Hog_office_Sherrie,124,Hog,drift,1,1723.6191147775007,2246.764978504605,2085.7014471444936,1637.205911051091
TOWT(HoW-cond),Hog_office_Sherrie,124,Hog,drift,3,5648.538585258806,5369.583372691159,5360.491439529692,4861.617483146564
TOWT(HoW-cond),Hog_office_Sherrie,124,Hog,schedule,2,4.347234852761044,254.58898761594455,-6.396436454811152,0.0
TOWT(HoW-cond),Hog_office_Sherrie,124,Hog,schedule,3,343.59874707536767,879.0650806054771,639.1329776523592,574.2855468787201
TOWT(HoW-cond),Hog_office_Sherrie,124,Hog,spike,1,99.29138806902563,90.43149683316346,81.60768106925349,84.08192321385603
TOWT(HoW-cond),Hog_office_Shon,124,Hog,drift,1,2182.037256465568,2661.244549607361,1525.8670768655948,1854.1421982926058
TOWT(HoW-cond),Hog_office_Shon,124,Hog,spike,2,151.8227361048974,125.67621785168248,125.67621785168248,121.47255977191813
TOWT(HoW-cond),Hog_office_Shon,124,Hog,schedule,3,879.862336287282,1220.9078395502747,976.1741640830494,615.5810760642084
TOWT(HoW-cond),Hog_office_Shon,124,Hog,schedule,3,1117.8231857134415,1740.871954880345,1444.6081149951494,933.7696035655898
TOWT(HoW-cond),Hog_office_Shon,124,Hog,drift,2,3701.5660588324213,3572.0880842471406,2999.8584134666526,2764.9857329323854
TOWT(HoW-cond),Hog_office_Shon,124,Hog,drift,2,2737.1461577962623,489.2981532070704,-1068.2194901772996,0.0
TOWT(HoW-cond),Hog_office_Sydney,124,Hog,drift,1,8119.592526843504,5445.96307958704,4511.9143332850235,4275.727365566728
TOWT(HoW-cond),Hog_office_Sydney,124,Hog,spike,1,196.46583991897998,197.61998227627998,193.02174288292878,177.3033900189829
TOWT(HoW-cond),Hog_office_Sydney,124,Hog,spike,1,85.70597551646374,62.749554664021524,62.749554664021524,58.68623621256211
TOWT(HoW-cond),Hog_office_Sydney,124,Hog,spike,2,131.22745681677335,116.3509205276828,116.3509205276828,112.28760207622338
TOWT(HoW-cond),Hog_office_Sydney,124,Hog,spike,2,148.69647404756202,141.95534331442587,141.95534331442587,137.89202486296645
TOWT(HoW-cond),Hog_office_Sydney,124,Hog,spike,2,174.68537972142465,162.22551469244007,150.17844959696708,154.09887778952123
TOWT(HoW-cond),Hog_office_Valda,124,Hog,drift,2,2857.1177976370764,2476.4752179271704,2439.462861355153,2069.2696774226433
TOWT(HoW-cond),Hog_office_Valda,124,Hog,spike,3,146.1924647334952,146.123978360935,146.123978360935,144.5815331317512
TOWT(HoW-cond),Hog_office_Valda,124,Hog,drift,3,4547.513835535305,4949.606569522946,4949.606569522946,4542.401029018419
TOWT(HoW-cond),Hog_office_Valda,124,Hog,spike,2,90.96816539874969,89.53217500713653,89.53217500713653,87.98972977795272
TOWT(HoW-cond),Hog_office_Valda,124,Hog,schedule,3,295.3654460515271,1192.0798742937773,1190.927553609794,895.9303902904848
TOWT(HoW-cond),Hog_office_Valda,124,Hog,schedule,3,129.23500259287323,379.5958575993815,378.6732362883862,268.53980109814677
TOWT(HoW-cond),Lamb_education_Armando,124,Lamb,schedule,3,42.351505729948684,2005.5408263136446,1919.071647346088,1056.43350109204
TOWT(HoW-cond),Lamb_education_Armando,124,Lamb,drift,2,3545.686108845367,8009.452776706556,7978.095648147457,6517.9984085011765
TOWT(HoW-cond),Lamb_education_Armando,124,Lamb,drift,2,581.1700915763748,210.0258954323329,-1971.967043284833,0.0
TOWT(HoW-cond),Lamb_education_Armando,124,Lamb,drift,3,3408.2489944527274,5382.2583036962515,5316.061661601669,4297.564217728704
TOWT(HoW-cond),Lamb_education_Armando,124,Lamb,spike,2,221.83527427775363,221.4778031131571,221.4778031131571,215.82835474874278
TOWT(HoW-cond),Lamb_education_Armando,124,Lamb,schedule,3,36.35899298629825,789.6612554679302,439.61388874514773,247.3142124841562
TOWT(HoW-cond),Lamb_education_Eula,124,Lamb,drift,3,124.56056570809537,185.78641482279983,182.75352594833313,143.5117420685737
TOWT(HoW-cond),Lamb_education_Eula,124,Lamb,spike,1,9.411480791510446,9.886767499678673,9.886767499678673,9.299619266981088
TOWT(HoW-cond),Lamb_education_Eula,124,Lamb,drift,2,116.57449026741199,100.24221382377652,22.974265020752448,48.57316934638903
TOWT(HoW-cond),Lamb_education_Eula,124,Lamb,spike,2,8.906459358942762,11.109892986551198,11.109892986551198,10.718460831419476
TOWT(HoW-cond),Lamb_education_Eula,124,Lamb,spike,3,15.085603107142502,15.344164802115687,15.344164802115687,14.952732646983964
TOWT(HoW-cond),Lamb_education_Eula,124,Lamb,drift,2,67.55719881227861,296.4585106592597,291.4909460558797,249.48665204345286
TOWT(HoW-cond),Lamb_education_Lazaro,124,Lamb,drift,1,461.23669069021577,1675.63160174141,-948.7348976552173,57.51155417074392
TOWT(HoW-cond),Lamb_education_Lazaro,124,Lamb,spike,3,400.82250918666176,239.51776739948806,165.96981418443863,205.80693307509918
TOWT(HoW-cond),Lamb_education_Lazaro,124,Lamb,drift,1,604.235159033965,506.65147687502656,-5243.5698361278555,0.0
TOWT(HoW-cond),Lamb_education_Lazaro,124,Lamb,drift,2,497.9093626321239,1354.768036123428,146.79894761701618,141.17800044542855
TOWT(HoW-cond),Lamb_education_Lazaro,124,Lamb,spike,2,323.27785981812565,269.7414202618985,255.54223325040397,227.60287735641242
TOWT(HoW-cond),Lamb_education_Lazaro,124,Lamb,spike,3,216.09390823268618,220.14521925034836,220.14521925034836,211.71751066925114
TOWT(HoW-cond),Lamb_education_Lucas,124,Lamb,drift,3,801.2582428094648,1033.0095347916345,966.5950171191328,913.773585650166
TOWT(HoW-cond),Lamb_education_Lucas,124,Lamb,schedule,3,44.89451201081894,48.31790442476262,-385.1763347144602,0.0
TOWT(HoW-cond),Lamb_education_Lucas,124,Lamb,spike,3,133.8321468000379,135.54797940275705,135.54797940275705,133.06389712897646
TOWT(HoW-cond),Lamb_education_Lucas,124,Lamb,drift,3,273.9606663738274,364.0337872521902,339.1725572574089,292.4922177673091
TOWT(HoW-cond),Lamb_education_Lucas,124,Lamb,spike,3,142.6454074837294,142.98400758411572,142.85279806132354,140.49992531033513
TOWT(HoW-cond),Lamb_education_Lucas,124,Lamb,drift,1,38.67614445359179,223.50886365009774,199.19235739506095,163.89088907936346
TOWT(HoW-cond),Lamb_education_Mae,124,Lamb,spike,1,323.07918229430084,312.8372797893702,312.8372797893702,275.83919338196574
TOWT(HoW-cond),Lamb_education_Mae,124,Lamb,spike,2,516.0264638666401,495.9398884677895,488.64716729008705,466.34141934186596
TOWT(HoW-cond),Lamb_education_Mae,124,Lamb,drift,2,3932.5231562095887,6224.560507774614,6133.241387729255,4448.652360219201
TOWT(HoW-cond),Lamb_education_Mae,124,Lamb,spike,2,212.59441880931385,211.36448512286518,209.78630975327002,196.5652505599034
TOWT(HoW-cond),Lamb_education_Mae,124,Lamb,drift,3,2958.7246626678852,1395.85137057479,-1138.0087335590933,330.30648204154204
TOWT(HoW-cond),Lamb_education_Mae,124,Lamb,spike,1,162.31276356035605,187.36818766168014,187.36818766168014,179.96857038019925
TOWT(HoW-cond),Lamb_education_Williams,124,Lamb,drift,1,746.3809443232789,2108.7469369927103,-9.496933138078475,1488.818008929733
TOWT(HoW-cond),Lamb_education_Williams,124,Lamb,drift,1,639.2960181545328,2355.900236635428,2052.0996228588724,1792.3284838509032
TOWT(HoW-cond),Lamb_education_Williams,124,Lamb,drift,3,4579.005177313596,3370.2635693596744,1174.32156844168,2637.620290739792
TOWT(HoW-cond),Lamb_education_Williams,124,Lamb,schedule,3,245.34222782811088,791.1553696556034,414.795602632635,396.65514270643604
TOWT(HoW-cond),Lamb_education_Williams,124,Lamb,spike,1,225.11065302241795,208.87932938262395,204.50955973256032,199.48646683621521
TOWT(HoW-cond),Lamb_education_Williams,124,Lamb,schedule,2,120.36486662932188,1756.2417950145878,1265.8230009414247,1249.0272175085154
TOWT(HoW-cond),Lamb_office_Caitlin,124,Lamb,spike,2,287.84152497083744,286.8606120373155,281.1655821963095,263.11007714439756
TOWT(HoW-cond),Lamb_office_Caitlin,124,Lamb,drift,1,174.86513893786412,0.5210960475782044,-4736.90872405552,0.0
TOWT(HoW-cond),Lamb_office_Caitlin,124,Lamb,schedule,1,45.94439519567189,0.0,-3827.3991476739197,0.0
TOWT(HoW-cond),Lamb_office_Caitlin,124,Lamb,drift,3,1366.1223200641446,1583.2553092404694,-3478.9895346576736,0.0
TOWT(HoW-cond),Lamb_office_Caitlin,124,Lamb,spike,3,499.75478148973514,398.06309025724113,319.0141491706654,362.4372879178642
TOWT(HoW-cond),Lamb_office_Caitlin,124,Lamb,spike,3,914.2945579554216,909.8987826228897,909.8987826228897,850.5224453905948
TOWT(HoW-cond),Lamb_office_Velma,124,Lamb,spike,2,712.063480372273,744.3690846811724,744.3690846811724,702.9229570260147
TOWT(HoW-cond),Lamb_office_Velma,124,Lamb,schedule,2,5.02976783064522,2463.0444923011933,1902.7722849488885,871.5131903431386
TOWT(HoW-cond),Lamb_office_Velma,124,Lamb,spike,1,402.868816575697,464.50897142583443,464.50897142583443,431.3520693017083
TOWT(HoW-cond),Lamb_office_Velma,124,Lamb,spike,2,716.8389665969552,692.8076494091392,683.1524658102685,651.3615217539816
TOWT(HoW-cond),Lamb_office_Velma,124,Lamb,drift,2,3639.54112623905,6521.639715203441,6521.639715203441,5129.049825990142
TOWT(HoW-cond),Lamb_office_Velma,124,Lamb,drift,3,7579.385515407095,9053.665646742149,9053.665646742149,7661.075757528851
TOWT(HoW-cond),Rat_retail_Jeffrey,124,Rat,spike,1,291.60367573257804,212.06606723786436,177.60499732582645,182.01051169908652
TOWT(HoW-cond),Rat_retail_Jeffrey,124,Rat,spike,2,475.52021965664414,483.2349524662029,474.3331357286162,459.19050803518064
TOWT(HoW-cond),Rat_retail_Jeffrey,124,Rat,drift,2,2154.4490308847585,2334.337747176985,2238.0623403593268,1468.7377476601832
TOWT(HoW-cond),Rat_retail_Jeffrey,124,Rat,spike,1,138.38502458085736,164.7250849106727,164.7250849106727,158.71397380291714
TOWT(HoW-cond),Rat_retail_Jeffrey,124,Rat,drift,1,610.2952989490467,1343.4377063382158,1249.311155761784,622.1043734075477
TOWT(HoW-cond),Rat_retail_Jeffrey,124,Rat,spike,3,473.61949934562676,471.66973851199447,459.1026187795843,453.63640518872774
TOWT(HoW-cond),Robin_education_Zenia,124,Robin,drift,1,9085.837298458526,30622.114864850526,30622.114864850526,27816.700681583112
TOWT(HoW-cond),Robin_education_Zenia,124,Robin,drift,3,29233.784782501494,47692.83855092825,47692.83855092825,45319.02654970198
TOWT(HoW-cond),Robin_education_Zenia,124,Robin,drift,3,19698.159837123923,37490.698129900935,37490.698129900935,35548.4883107158
TOWT(HoW-cond),Robin_education_Zenia,124,Robin,spike,3,234.24180318846012,293.045180922073,293.045180922073,284.0534687962159
TOWT(HoW-cond),Robin_education_Zenia,124,Robin,drift,2,8507.294132048073,20694.01289405337,20694.01289405337,18967.604165888806
TOWT(HoW-cond),Robin_education_Zenia,124,Robin,spike,1,103.78091077838481,182.47028634284192,182.47028634284192,173.47857421698484
TOWT(HoW-cond),Robin_office_Dina,124,Robin,drift,1,1671.5645498087358,2521.186473447825,2424.7628483686713,1923.4907950155152
TOWT(HoW-cond),Robin_office_Dina,124,Robin,spike,3,76.99172519770566,86.94493242240318,86.94493242240318,83.11354986834992
TOWT(HoW-cond),Robin_office_Dina,124,Robin,drift,2,1361.1516267334248,1442.202998841903,1362.7734790862157,1120.3668643014287
TOWT(HoW-cond),Robin_office_Dina,124,Robin,spike,1,54.39925792780521,52.25977211262137,52.25977211262137,46.51269828154147
TOWT(HoW-cond),Robin_office_Dina,124,Robin,spike,3,106.22402211052074,102.28195841711928,99.28620567115425,96.53488458603938
TOWT(HoW-cond),Robin_office_Dina,124,Robin,spike,2,100.90720420303032,125.5197804059741,125.5197804059741,117.85701529786758
TOWT(HoW-cond),Robin_office_Sammie,124,Robin,drift,2,8193.376963553696,7722.051982104575,7698.605914751623,6488.195419824595
TOWT(HoW-cond),Robin_office_Sammie,124,Robin,spike,2,264.22219886949006,204.4040917304015,197.99778949492247,178.6987466829019
TOWT(HoW-cond),Robin_office_Sammie,124,Robin,drift,2,2188.0140383288563,2739.3448866660183,2469.109132882134,2122.4166055260284
TOWT(HoW-cond),Robin_office_Sammie,124,Robin,spike,3,325.76388530020796,304.8835184967949,300.0570895654305,284.31924245879526
TOWT(HoW-cond),Robin_office_Sammie,124,Robin,drift,3,10950.46293039176,9515.93253054078,9445.367260868023,8405.461624488798
TOWT(HoW-cond),Robin_office_Sammie,124,Robin,schedule,2,283.6852349670226,782.8420051339511,-1009.1280651830687,0.0
TOWT(HoW-cond),Shrew_office_Doris,124,Shrew,spike,3,967.677461342442,918.3278237638326,908.7481565677111,890.7413110657402
TOWT(HoW-cond),Shrew_office_Doris,124,Shrew,drift,2,13274.214899719289,15195.746532982132,15195.746532982132,13706.07484728514
TOWT(HoW-cond),Shrew_office_Doris,124,Shrew,drift,3,16874.680037500937,18502.595750347893,18502.595750347893,17178.443140839456
TOWT(HoW-cond),Shrew_office_Doris,124,Shrew,drift,2,21097.276446337128,21524.05205698257,21515.820340064827,19537.823142719917
TOWT(HoW-cond),Shrew_office_Doris,124,Shrew,spike,3,1269.3416243658435,1214.3213457482352,1202.9387686449113,1179.8382048756196
TOWT(HoW-cond),Shrew_office_Doris,124,Shrew,spike,1,492.6340337493294,467.2729102746505,467.2729102746505,432.78976940203495
TOWT(HoW-cond),Shrew_office_Ila,124,Shrew,drift,1,2996.99212687992,2317.2691756405766,768.2541089459663,1465.0861174373094
TOWT(HoW-cond),Shrew_office_Ila,124,Shrew,drift,3,17305.03319043162,16737.345923309724,16373.602287072596,15885.162865106457
TOWT(HoW-cond),Shrew_office_Ila,124,Shrew,spike,3,725.0771146387649,704.8746528825307,703.8436145781775,689.0934851380257
TOWT(HoW-cond),Shrew_office_Ila,124,Shrew,spike,1,146.5948962159231,163.7362046610227,163.7362046610227,155.84562078877022
TOWT(HoW-cond),Shrew_office_Ila,124,Shrew,drift,2,4621.5561975259025,5112.492185940779,5109.817376242065,4544.3701471386
TOWT(HoW-cond),Shrew_office_Ila,124,Shrew,spike,3,673.7401307453438,718.5614038031815,718.5614038031815,702.7802360586766
TOWT(HoW-cond),Shrew_office_Kenneth,124,Shrew,drift,2,1498.5085912518607,1673.1385601313168,1637.4899858072533,1042.7348189568183
TOWT(HoW-cond),Shrew_office_Kenneth,124,Shrew,drift,3,2842.3791870818204,997.0264777435743,440.46786409641834,366.622736569076
TOWT(HoW-cond),Shrew_office_Kenneth,124,Shrew,spike,2,90.89096949254512,84.88419441216963,78.08334267411878,78.31748877493527
TOWT(HoW-cond),Shrew_office_Kenneth,124,Shrew,spike,1,62.498642336023934,69.77424967327194,69.77424967327194,66.49089685465476
TOWT(HoW-cond),Shrew_office_Kenneth,124,Shrew,spike,3,300.9768943363502,231.45108357470122,209.9562216339537,215.0343194816153
TOWT(HoW-cond),Shrew_office_Kenneth,124,Shrew,spike,1,132.02422580194082,97.67964487214888,88.83625996666733,81.26288077906298
TOWT(HoW-cond),Shrew_office_Nora,124,Shrew,drift,3,13959.850749005422,15100.049593901562,15074.909545076025,14328.720720244619
TOWT(HoW-cond),Shrew_office_Nora,124,Shrew,spike,1,260.69750787688605,270.9263598481895,270.9263598481895,261.74387325703543
TOWT(HoW-cond),Shrew_office_Nora,124,Shrew,drift,1,4665.425658313194,5849.694359880255,5843.401408250281,4857.985808035615
TOWT(HoW-cond),Shrew_office_Nora,124,Shrew,drift,3,26280.58367879771,27503.97948284849,27503.97948284849,26402.08109191
TOWT(HoW-cond),Shrew_office_Nora,124,Shrew,spike,1,548.8590061520682,546.5367403036586,546.5367403036586,523.5805238257734
TOWT(HoW-cond),Shrew_office_Nora,124,Shrew,spike,2,390.28208907425113,395.4370478801991,395.4370478801991,386.254561289045
TOWT(HoW-cond),Shrew_office_Sherill,124,Shrew,spike,3,1285.7986614249328,1117.2860115153956,1042.3718399521981,1093.8949240035156
TOWT(HoW-cond),Shrew_office_Sherill,124,Shrew,drift,2,6816.240253363444,8275.64299643203,8199.041036477189,7339.999495956832
TOWT(HoW-cond),Shrew_office_Sherill,124,Shrew,spike,1,809.928865577001,399.3043670595924,339.41844803234056,368.11625037708575
TOWT(HoW-cond),Shrew_office_Sherill,124,Shrew,drift,3,19918.04479791922,23046.445529635872,23046.445529635872,21736.544628970594
TOWT(HoW-cond),Shrew_office_Sherill,124,Shrew,spike,1,982.0393289635585,788.456440748242,782.7610799081017,749.4712948951087
TOWT(HoW-cond),Shrew_office_Sherill,124,Shrew,spike,3,1418.5189408034698,1369.6396789877376,1348.094366495223,1346.2485914758577
TOWT(HoW-cond),Wolf_office_Darleen,124,Wolf,drift,3,4246.600657922468,1844.1178950513615,1190.4288564073906,1439.0343407756422
TOWT(HoW-cond),Wolf_office_Darleen,124,Wolf,drift,3,4976.241380732559,5849.853105169993,5517.537246868723,5399.7602670858605
TOWT(HoW-cond),Wolf_office_Darleen,124,Wolf,spike,3,254.48626821207995,251.0118019367419,248.60125943040555,245.38564146069024
TOWT(HoW-cond),Wolf_office_Darleen,124,Wolf,schedule,3,98.90988369231172,1179.0202700306163,275.5178880377792,773.936715754897
TOWT(HoW-cond),Wolf_office_Darleen,124,Wolf,spike,2,263.59770868297966,221.31062519912456,217.89881086189752,211.9336910723718
TOWT(HoW-cond),Wolf_office_Darleen,124,Wolf,drift,3,3387.5794404471744,3374.0239279539837,3374.0239279539837,3013.9496574866776
TOWT(HoW-cond),Wolf_retail_Harriett,124,Wolf,spike,1,109.46943691528074,157.0493826428146,157.0493826428146,140.3656361104723
TOWT(HoW-cond),Wolf_retail_Harriett,124,Wolf,drift,2,3442.80368568748,4032.7347125296665,3517.997255510462,2831.504962201022
TOWT(HoW-cond),Wolf_retail_Harriett,124,Wolf,spike,2,118.095825507048,130.84009527414,130.84009527414,125.27884643002591
TOWT(HoW-cond),Wolf_retail_Harriett,124,Wolf,spike,2,95.23365086904356,99.45558111769292,99.45558111769292,93.89433227357883
TOWT(HoW-cond),Wolf_retail_Harriett,124,Wolf,drift,1,915.2694268515739,1990.218561829462,1548.8176964879428,1055.9287560182938
TOWT(HoW-cond),Wolf_retail_Harriett,124,Wolf,schedule,2,16.811704598329925,431.98264186786776,-427.6504038399578,0.0
TOWT(HoW-cond),Wolf_retail_Marcella,124,Wolf,drift,1,77.19480955887502,172.99282683571533,77.69907553168616,110.06382546044374
TOWT(HoW-cond),Wolf_retail_Marcella,124,Wolf,spike,3,54.744085512607896,73.91246391830805,73.91246391830805,71.81483053913233
TOWT(HoW-cond),Wolf_retail_Marcella,124,Wolf,drift,3,805.9237291893736,1029.9892173101066,1028.157620015273,916.7170148346177
TOWT(HoW-cond),Wolf_retail_Marcella,124,Wolf,drift,2,245.1612452558267,304.07828162464403,196.88037445400562,228.5634799743181
TOWT(HoW-cond),Wolf_retail_Marcella,124,Wolf,spike,1,15.299112680094524,13.893868452626979,13.893868452626979,13.36946010783305
TOWT(HoW-cond),Wolf_retail_Marcella,124,Wolf,drift,1,161.5415176515241,252.48193034771361,112.76586385383631,126.62392759717042
TOWT(HoW-cond),Wolf_retail_Toshia,124,Wolf,spike,3,813.8222848184951,744.1300232990935,736.558859039871,709.6040241909827
TOWT(HoW-cond),Wolf_retail_Toshia,124,Wolf,spike,3,1170.5817793556578,1173.2082557592582,1157.4622872757782,1130.0507568741198
TOWT(HoW-cond),Wolf_retail_Toshia,124,Wolf,schedule,3,146.55404856680667,1476.3584087132517,166.6223677335172,440.57843546992694
TOWT(HoW-cond),Wolf_retail_Toshia,124,Wolf,schedule,3,196.04409342229565,781.5269067745669,276.2888829742493,160.058922828572
TOWT(HoW-cond),Wolf_retail_Toshia,124,Wolf,drift,1,1058.247230158493,2966.0761083070947,1672.2135759918222,1101.6721564691102
TOWT(HoW-cond),Wolf_retail_Toshia,124,Wolf,spike,1,354.7456702313118,224.28040074933946,172.27379401768215,189.75440164122864
"PatchTST-SSL(HoW-cond, patch-mask train)",Fox_education_Henrietta,124,Fox,schedule,3,60.315560882006025,1316.0082907978606,1180.4422006406476,877.8325625382383
"PatchTST-SSL(HoW-cond, patch-mask train)",Fox_education_Henrietta,124,Fox,spike,3,167.26170856365857,145.88004505018665,138.30179225941697,136.75138404477786
"PatchTST-SSL(HoW-cond, patch-mask train)",Fox_education_Henrietta,124,Fox,spike,1,78.18136394771389,32.256407727026385,17.42186419649875,20.845581470265394
"PatchTST-SSL(HoW-cond, patch-mask train)",Fox_education_Henrietta,124,Fox,schedule,3,183.66365980408142,537.997955876407,444.60817787480573,209.36615968169036
"PatchTST-SSL(HoW-cond, patch-mask train)",Fox_education_Henrietta,124,Fox,drift,1,520.3709604977303,2847.8067961445427,2847.513164856536,2354.8591018524676
"PatchTST-SSL(HoW-cond, patch-mask train)",Fox_education_Henrietta,124,Fox,spike,2,61.819841831657534,62.648130483650085,62.648130483650085,60.36596523229789
"PatchTST-SSL(HoW-cond, patch-mask train)",Fox_retail_Manie,124,Fox,spike,3,360.30977822599573,429.2763320170262,429.2763320170262,409.81680899272203
"PatchTST-SSL(HoW-cond, patch-mask train)",Fox_retail_Manie,124,Fox,schedule,3,705.5814088582074,3727.8126966260916,2952.545724111478,2482.4032230706216
"PatchTST-SSL(HoW-cond, patch-mask train)",Fox_retail_Manie,124,Fox,spike,3,598.2254276518972,706.8627863722331,706.8627863722331,674.4302479983928
"PatchTST-SSL(HoW-cond, patch-mask train)",Fox_retail_Manie,124,Fox,drift,2,1941.7014736338524,3816.2306837043134,3501.275184637834,2726.497394343277
"PatchTST-SSL(HoW-cond, patch-mask train)",Fox_retail_Manie,124,Fox,spike,1,155.21794966966723,151.61529545820704,145.26156740903895,132.15577243390283
"PatchTST-SSL(HoW-cond, patch-mask train)",Fox_retail_Manie,124,Fox,schedule,3,172.62577698158896,1653.6047678362172,1604.6072179069924,1030.9000310584825
"PatchTST-SSL(HoW-cond, patch-mask train)",Hog_education_Bruno,124,Hog,drift,3,46417.54410572455,51519.51307945926,51514.31469058813,49722.36069865996
"PatchTST-SSL(HoW-cond, patch-mask train)",Hog_education_Bruno,124,Hog,drift,1,9812.30313173102,14407.801994248195,14406.25044033807,12937.404591776043
"PatchTST-SSL(HoW-cond, patch-mask train)",Hog_education_Bruno,124,Hog,drift,2,6595.295146158791,8514.976369456454,8514.976369456454,7698.088923638591
"PatchTST-SSL(HoW-cond, patch-mask train)",Hog_education_Bruno,124,Hog,spike,1,299.2891721906774,381.50631491000445,381.50631491000445,347.4693380009268
"PatchTST-SSL(HoW-cond, patch-mask train)",Hog_education_Bruno,124,Hog,drift,1,8137.5103929530915,12401.143523710523,12253.066097822351,10930.746121238371
"PatchTST-SSL(HoW-cond, patch-mask train)",Hog_education_Bruno,124,Hog,spike,1,291.6501178934577,436.49344292920364,436.49344292920364,409.26386140194154
"PatchTST-SSL(HoW-cond, patch-mask train)",Hog_education_Caridad,124,Hog,drift,2,26559.114233147702,31122.46895904946,23309.616964328692,9196.303964191375
"PatchTST-SSL(HoW-cond, patch-mask train)",Hog_education_Caridad,124,Hog,schedule,2,5586.936543560644,3433.463480205168,-64955.47083068341,0.0
"PatchTST-SSL(HoW-cond, patch-mask train)",Hog_education_Caridad,124,Hog,drift,1,28961.841270979025,30331.36168401139,11705.578103608641,0.0
"PatchTST-SSL(HoW-cond, patch-mask train)",Hog_education_Caridad,124,Hog,spike,1,3232.119287388384,2986.3412669016734,2986.3412669016734,2803.623225277856
"PatchTST-SSL(HoW-cond, patch-mask train)",Hog_education_Caridad,124,Hog,schedule,3,7326.264039132635,7888.253092250551,-7782.953554085414,0.0
"PatchTST-SSL(HoW-cond, patch-mask train)",Hog_education_Caridad,124,Hog,spike,1,6005.765793875593,8084.791113747247,8084.791113747247,7353.918947251978
"PatchTST-SSL(HoW-cond, patch-mask train)",Hog_education_Josh,124,Hog,spike,1,594.6326420608618,495.64292635092875,383.8705859582076,370.3723018512104
"PatchTST-SSL(HoW-cond, patch-mask train)",Hog_education_Josh,124,Hog,schedule,2,1475.452371600362,444.3929320304898,-997.3320834694073,0.0
"PatchTST-SSL(HoW-cond, patch-mask train)",Hog_education_Josh,124,Hog,drift,3,16691.47805798628,26415.82964019443,26415.82964019443,21605.43765940525
"PatchTST-SSL(HoW-cond, patch-mask train)",Hog_education_Josh,124,Hog,spike,3,765.3532648336346,838.9313459197463,838.9313459197463,763.7689712199153
"PatchTST-SSL(HoW-cond, patch-mask train)",Hog_education_Josh,124,Hog,spike,3,668.1453240628807,1130.4419186834548,1130.4419186834548,1055.2795439836239
"PatchTST-SSL(HoW-cond, patch-mask train)",Hog_education_Josh,124,Hog,drift,1,2891.321119750779,19159.809948653496,19159.809948653496,14950.716965462962
"PatchTST-SSL(HoW-cond, patch-mask train)",Hog_education_Luvenia,124,Hog,drift,3,36139.97417896839,43995.23780384225,43995.23780384225,40651.61071707155
"PatchTST-SSL(HoW-cond, patch-mask train)",Hog_education_Luvenia,124,Hog,drift,1,8901.64724636137,7424.951741606805,6943.8004089886135,3603.663642440291
"PatchTST-SSL(HoW-cond, patch-mask train)",Hog_education_Luvenia,124,Hog,drift,3,107739.74583786631,103341.28267683629,102831.20592910747,97609.35052808652
"PatchTST-SSL(HoW-cond, patch-mask train)",Hog_education_Luvenia,124,Hog,drift,3,16462.105680988763,19219.045813664896,19091.389528245883,16830.740751685826
"PatchTST-SSL(HoW-cond, patch-mask train)",Hog_education_Luvenia,124,Hog,spike,2,909.4970148676152,1603.748802601679,1603.748802601679,1524.1386338690434
"PatchTST-SSL(HoW-cond, patch-mask train)",Hog_education_Luvenia,124,Hog,drift,3,25989.04317118203,31453.323033332934,31453.323033332934,28587.356958958047
"PatchTST-SSL(HoW-cond, patch-mask train)",Hog_office_Almeda,124,Hog,schedule,3,687.7865728908646,1918.1438102333188,1605.5721238888177,756.8422328537281
"PatchTST-SSL(HoW-cond, patch-mask train)",Hog_office_Almeda,124,Hog,schedule,2,80.57674715737826,1937.0060288511818,1755.5266422977359,969.2547143681895
"PatchTST-SSL(HoW-cond, patch-mask train)",Hog_office_Almeda,124,Hog,drift,1,2065.7478398767325,3563.794812360573,2643.2639745374167,1241.1916576013914
"PatchTST-SSL(HoW-cond, patch-mask train)",Hog_office_Almeda,124,Hog,spike,3,433.52703801649193,488.1778216917762,488.1778216917762,455.9194445423431
"PatchTST-SSL(HoW-cond, patch-mask train)",Hog_office_Almeda,124,Hog,spike,3,417.9640816562538,424.68619081825705,424.68619081825705,392.42781366882394
"PatchTST-SSL(HoW-cond, patch-mask train)",Hog_office_Almeda,124,Hog,spike,2,136.54824351694936,148.23252055919306,148.23252055919306,132.1033319844765
"PatchTST-SSL(HoW-cond, patch-mask train)",Hog_office_Cortney,124,Hog,spike,2,357.681035451082,357.5254336211322,353.2150260443325,322.1624383894844
"PatchTST-SSL(HoW-cond, patch-mask train)",Hog_office_Cortney,124,Hog,spike,3,867.3573209702461,1041.3852419688785,1020.8220593609406,982.4469165827988
"PatchTST-SSL(HoW-cond, patch-mask train)",Hog_office_Cortney,124,Hog,spike,1,408.4063300315772,366.5981842007249,366.5981842007249,307.6598588146452
"PatchTST-SSL(HoW-cond, patch-mask train)",Hog_office_Cortney,124,Hog,spike,2,272.95887519299555,273.1734095977688,273.1734095977688,261.38574452055286
"PatchTST-SSL(HoW-cond, patch-mask train)",Hog_office_Cortney,124,Hog,schedule,3,371.5476152277705,2377.632991987024,1506.1561934604947,963.1131827211113
"PatchTST-SSL(HoW-cond, patch-mask train)",Hog_office_Cortney,124,Hog,spike,1,181.02968838654505,190.37357965228162,190.37357965228162,178.5859145750657
"PatchTST-SSL(HoW-cond, patch-mask train)",Hog_office_Denita,124,Hog,schedule,3,911.8087205658233,2171.8193559944693,1192.926531890168,436.5416093859519
"PatchTST-SSL(HoW-cond, patch-mask train)",Hog_office_Denita,124,Hog,schedule,2,221.43335855207079,181.93751477417203,-871.7045843859916,0.0
"PatchTST-SSL(HoW-cond, patch-mask train)",Hog_office_Denita,124,Hog,drift,1,2914.5363022298425,5125.942528227006,4303.408089884006,2739.9356266402947
"PatchTST-SSL(HoW-cond, patch-mask train)",Hog_office_Denita,124,Hog,schedule,2,364.88929710752984,1572.1993294288022,1050.5783815134337,487.650737798479
"PatchTST-SSL(HoW-cond, patch-mask train)",Hog_office_Denita,124,Hog,drift,3,2702.7509967910933,4394.065129196909,4215.664478161811,3092.606819240521
"PatchTST-SSL(HoW-cond, patch-mask train)",Hog_office_Denita,124,Hog,spike,3,636.4034244866059,776.9012526343108,776.9012526343108,731.7117279830474
"PatchTST-SSL(HoW-cond, patch-mask train)",Hog_office_Garrett,124,Hog,drift,1,5556.152288561812,9376.1424365346,7116.598500024285,3335.9915074803275
"PatchTST-SSL(HoW-cond, patch-mask train)",Hog_office_Garrett,124,Hog,schedule,3,6469.905965881119,6548.323679583875,715.2612802577628,508.17275052960304
"PatchTST-SSL(HoW-cond, patch-mask train)",Hog_office_Garrett,124,Hog,drift,1,2425.0334129518105,4096.327435299587,312.757931096911,321.23310464066753
"PatchTST-SSL(HoW-cond, patch-mask train)",Hog_office_Garrett,124,Hog,spike,3,2491.689618857125,2292.385562538051,2232.3733519832977,2198.008204271578
"PatchTST-SSL(HoW-cond, patch-mask train)",Hog_office_Garrett,124,Hog,drift,1,26591.048645774314,23424.001819385678,19340.24833703323,13608.756559672487
"PatchTST-SSL(HoW-cond, patch-mask train)",Hog_office_Garrett,124,Hog,spike,1,934.2433043536314,931.0691517481489,854.8740571235733,836.6917934816759
"PatchTST-SSL(HoW-cond, patch-mask train)",Hog_office_Lavon,124,Hog,drift,1,350.1790514100819,10910.418537627065,-10538.53477339861,0.0
"PatchTST-SSL(HoW-cond, patch-mask train)",Hog_office_Lavon,124,Hog,drift,3,2544.700922092341,51591.317896568566,43832.07742770489,27455.372287442373
"PatchTST-SSL(HoW-cond, patch-mask train)",Hog_office_Lavon,124,Hog,spike,3,7791.569566645738,9501.994351604924,9501.994351604924,9055.032395880366
"PatchTST-SSL(HoW-cond, patch-mask train)",Hog_office_Lavon,124,Hog,drift,2,1571.1852408501998,13977.91122672814,-18376.91794320946,0.0
"PatchTST-SSL(HoW-cond, patch-mask train)",Hog_office_Lavon,124,Hog,spike,1,2562.0763129709776,3929.3225985906483,3929.3225985906483,3594.101131797229
"PatchTST-SSL(HoW-cond, patch-mask train)",Hog_office_Lavon,124,Hog,spike,2,3484.1998013300895,4310.639279882695,4310.639279882695,3975.417813089275
"PatchTST-SSL(HoW-cond, patch-mask train)",Hog_office_Merilyn,124,Hog,spike,2,50.65190585486498,48.840331209973584,48.840331209973584,46.69218612678432
"PatchTST-SSL(HoW-cond, patch-mask train)",Hog_office_Merilyn,124,Hog,schedule,3,152.38178728386578,1647.106070868562,1621.9187356767989,1183.1067328996808
"PatchTST-SSL(HoW-cond, patch-mask train)",Hog_office_Merilyn,124,Hog,drift,3,1338.0795839605812,823.0610656010108,710.765287949278,565.283655618299
"PatchTST-SSL(HoW-cond, patch-mask train)",Hog_office_Merilyn,124,Hog,spike,2,45.062402681060725,43.33964744359041,41.23394688030688,39.04335727721188
"PatchTST-SSL(HoW-cond, patch-mask train)",Hog_office_Merilyn,124,Hog,spike,3,85.3039948781363,104.50887543665083,104.50887543665083,100.2125852702723
"PatchTST-SSL(HoW-cond, patch-mask train)",Hog_office_Merilyn,124,Hog,schedule,3,77.01120943656545,550.2876818811635,466.0021444459994,344.06575389499403
"PatchTST-SSL(HoW-cond, patch-mask train)",Hog_office_Miriam,124,Hog,spike,3,64.35778551681808,60.705234214151254,53.40654581048173,56.62194235396155
"PatchTST-SSL(HoW-cond, patch-mask train)",Hog_office_Miriam,124,Hog,drift,2,710.5379465954393,1220.824878042331,1216.7125657579527,926.8278641086722
"PatchTST-SSL(HoW-cond, patch-mask train)",Hog_office_Miriam,124,Hog,drift,2,2505.2621881358136,2605.361871241006,2569.9057451964377,2066.367345695965
"PatchTST-SSL(HoW-cond, patch-mask train)",Hog_office_Miriam,124,Hog,schedule,2,28.96860913554888,720.806081282273,470.0678335289685,328.8100627040613
"PatchTST-SSL(HoW-cond, patch-mask train)",Hog_office_Miriam,124,Hog,spike,1,54.73908505905362,46.594624174947526,44.51492368046904,38.42804045456812
"PatchTST-SSL(HoW-cond, patch-mask train)",Hog_office_Miriam,124,Hog,drift,3,2729.9115140571216,2885.036729958661,2853.9692244784605,2444.0412090581726
"PatchTST-SSL(HoW-cond, patch-mask train)",Hog_office_Napoleon,124,Hog,drift,2,2540.854333607559,3524.7538116319256,3186.3614092632993,1916.7921389896946
"PatchTST-SSL(HoW-cond, patch-mask train)",Hog_office_Napoleon,124,Hog,spike,3,551.9924978736196,559.2809258920865,559.2809258920865,505.6822034706788
"PatchTST-SSL(HoW-cond, patch-mask train)",Hog_office_Napoleon,124,Hog,drift,3,31153.419467939406,31873.944878540515,31609.969245281543,27693.244529670716
"PatchTST-SSL(HoW-cond, patch-mask train)",Hog_office_Napoleon,124,Hog,spike,3,273.4514251683141,250.36838159145037,230.363972639804,223.5690203807465
"PatchTST-SSL(HoW-cond, patch-mask train)",Hog_office_Napoleon,124,Hog,spike,3,327.44329958523474,395.88447810545347,395.88447810545347,369.0851168947496
"PatchTST-SSL(HoW-cond, patch-mask train)",Hog_office_Napoleon,124,Hog,spike,3,305.2755175273484,354.69175983273107,354.69175983273107,327.8923986220272
"PatchTST-SSL(HoW-cond, patch-mask train)",Hog_office_Shawna,124,Hog,spike,3,1539.5136699261304,1531.4405418065278,1523.2521513187876,1395.6562308078287
"PatchTST-SSL(HoW-cond, patch-mask train)",Hog_office_Shawna,124,Hog,spike,2,657.8599513082542,604.723084247161,589.5730323248167,523.2524976479416
"PatchTST-SSL(HoW-cond, patch-mask train)",Hog_office_Shawna,124,Hog,drift,2,9750.165846063275,16103.226132518083,15211.071369693873,10237.343897374287
"PatchTST-SSL(HoW-cond, patch-mask train)",Hog_office_Shawna,124,Hog,drift,1,3460.430783507374,10009.943726343688,8522.187707975178,4795.826183993648
"PatchTST-SSL(HoW-cond, patch-mask train)",Hog_office_Shawna,124,Hog,drift,2,8020.109920496582,14651.491380845799,14253.646098461795,9437.373838495758
"PatchTST-SSL(HoW-cond, patch-mask train)",Hog_office_Shawna,124,Hog,drift,3,37201.3147175408,50536.736127588694,50318.43423571888,42715.559814063636
"PatchTST-SSL(HoW-cond, patch-mask train)",Hog_office_Shawnna,124,Hog,schedule,2,2686.9850695181667,6852.061795778363,4187.523813385729,0.0
"PatchTST-SSL(HoW-cond, patch-mask train)",Hog_office_Shawnna,124,Hog,schedule,2,2339.9254203213586,6314.279663559974,1687.0713103547728,0.0
"PatchTST-SSL(HoW-cond, patch-mask train)",Hog_office_Shawnna,124,Hog,spike,3,2756.7676249264605,2662.8100424435606,2662.8100424435606,2503.0411995028817
"PatchTST-SSL(HoW-cond, patch-mask train)",Hog_office_Shawnna,124,Hog,spike,2,1509.4132712336545,1274.532618621502,1173.6212146256885,1154.7059864159926
"PatchTST-SSL(HoW-cond, patch-mask train)",Hog_office_Shawnna,124,Hog,drift,2,70147.64740535856,68092.05057658924,65881.15563401842,55630.08082721627
"PatchTST-SSL(HoW-cond, patch-mask train)",Hog_office_Shawnna,124,Hog,drift,3,34606.77408644281,23932.311646241495,21554.043450066634,17222.020242732968
"PatchTST-SSL(HoW-cond, patch-mask train)",Hog_office_Sherrie,124,Hog,drift,1,299.9499753120218,879.4278676916,247.59896790937808,329.4078791744496
"PatchTST-SSL(HoW-cond, patch-mask train)",Hog_office_Sherrie,124,Hog,drift,1,1723.6191147775007,3217.520324328525,2603.77703649081,2117.480347294224
"PatchTST-SSL(HoW-cond, patch-mask train)",Hog_office_Sherrie,124,Hog,drift,3,5648.538585258806,7400.3658735105,7319.436941347911,6483.6658926485825
"PatchTST-SSL(HoW-cond, patch-mask train)",Hog_office_Sherrie,124,Hog,schedule,2,4.347234852761044,861.0450885417722,334.69002914156715,311.0251000246218
"PatchTST-SSL(HoW-cond, patch-mask train)",Hog_office_Sherrie,124,Hog,schedule,3,343.59874707536767,1239.1974658631211,1062.653037642617,689.1774773459707
"PatchTST-SSL(HoW-cond, patch-mask train)",Hog_office_Sherrie,124,Hog,spike,1,99.29138806902563,84.3646589277328,71.60231654822734,72.90590916695884
"PatchTST-SSL(HoW-cond, patch-mask train)",Hog_office_Shon,124,Hog,drift,1,2182.037256465568,4765.371754009036,3986.3849816857564,3104.167311982759
"PatchTST-SSL(HoW-cond, patch-mask train)",Hog_office_Shon,124,Hog,spike,2,151.8227361048974,153.42146159658824,153.42146159658824,144.76935512770137
"PatchTST-SSL(HoW-cond, patch-mask train)",Hog_office_Shon,124,Hog,schedule,3,879.862336287282,2482.1396428076664,2176.156386233113,1236.236311287959
"PatchTST-SSL(HoW-cond, patch-mask train)",Hog_office_Shon,124,Hog,schedule,3,1117.8231857134415,3910.9183696819186,3619.9309818978336,2249.7139276556427
"PatchTST-SSL(HoW-cond, patch-mask train)",Hog_office_Shon,124,Hog,drift,2,3701.5660588324213,5437.272770044595,4825.234833081811,3776.0683280183184
"PatchTST-SSL(HoW-cond, patch-mask train)",Hog_office_Shon,124,Hog,drift,2,2737.1461577962623,1259.1312677660908,978.6114440297471,13.227936246383479
"PatchTST-SSL(HoW-cond, patch-mask train)",Hog_office_Sydney,124,Hog,drift,1,8119.592526843504,9600.242083892856,9509.944382707898,7965.284320171941
"PatchTST-SSL(HoW-cond, patch-mask train)",Hog_office_Sydney,124,Hog,spike,1,196.46583991897998,170.62503114560826,166.1170193856535,142.2403477476757
"PatchTST-SSL(HoW-cond, patch-mask train)",Hog_office_Sydney,124,Hog,spike,1,85.70597551646374,77.04057895032741,77.04057895032741,71.36364227074091
"PatchTST-SSL(HoW-cond, patch-mask train)",Hog_office_Sydney,124,Hog,spike,2,131.22745681677335,133.8890935349938,133.8890935349938,128.2121568554073
"PatchTST-SSL(HoW-cond, patch-mask train)",Hog_office_Sydney,124,Hog,spike,2,148.69647404756202,149.58644405207173,149.58644405207173,143.90950737248522
"PatchTST-SSL(HoW-cond, patch-mask train)",Hog_office_Sydney,124,Hog,spike,2,174.68537972142465,201.33134114375142,201.33134114375142,189.9774677845784
"PatchTST-SSL(HoW-cond, patch-mask train)",Hog_office_Valda,124,Hog,drift,2,2857.1177976370764,4086.361317834828,3983.7050710567646,3291.5891889629834
"PatchTST-SSL(HoW-cond, patch-mask train)",Hog_office_Valda,124,Hog,spike,3,146.1924647334952,152.02213018390142,152.02213018390142,149.01162969575049
"PatchTST-SSL(HoW-cond, patch-mask train)",Hog_office_Valda,124,Hog,drift,3,4547.513835535305,5689.1687847076155,5636.225268836395,4894.3966558357715
"PatchTST-SSL(HoW-cond, patch-mask train)",Hog_office_Valda,124,Hog,spike,2,90.96816539874969,103.27561798325556,103.27561798325556,100.26511749510463
"PatchTST-SSL(HoW-cond, patch-mask train)",Hog_office_Valda,124,Hog,schedule,3,295.3654460515271,1523.9737542466823,1439.2331900155068,945.9576605217047
"PatchTST-SSL(HoW-cond, patch-mask train)",Hog_office_Valda,124,Hog,schedule,3,129.23500259287323,526.3718980058675,457.5319015241688,309.6158628590008
"PatchTST-SSL(HoW-cond, patch-mask train)",Lamb_education_Armando,124,Lamb,schedule,3,42.351505729948684,4670.474568413831,4174.132679011803,3008.537707355529
"PatchTST-SSL(HoW-cond, patch-mask train)",Lamb_education_Armando,124,Lamb,drift,2,3545.686108845367,13363.347251680058,13258.619196043137,10751.732184302726
"PatchTST-SSL(HoW-cond, patch-mask train)",Lamb_education_Armando,124,Lamb,drift,2,581.1700915763748,557.946041935811,-752.8565554436755,0.0
"PatchTST-SSL(HoW-cond, patch-mask train)",Lamb_education_Armando,124,Lamb,drift,3,3408.2489944527274,8688.784553915162,8457.855853277131,6789.428141277103
"PatchTST-SSL(HoW-cond, patch-mask train)",Lamb_education_Armando,124,Lamb,spike,2,221.83527427775363,229.46881022304328,229.46881022304328,219.57632890722005
"PatchTST-SSL(HoW-cond, patch-mask train)",Lamb_education_Armando,124,Lamb,schedule,3,36.35899298629825,1860.5739010228153,1575.798911225313,910.8956947037857
"PatchTST-SSL(HoW-cond, patch-mask train)",Lamb_education_Eula,124,Lamb,drift,3,124.56056570809537,327.14169218097794,312.0930465185682,250.13394862490264
"PatchTST-SSL(HoW-cond, patch-mask train)",Lamb_education_Eula,124,Lamb,spike,1,9.411480791510446,9.997735696893688,9.997735696893688,8.92818370305931
"PatchTST-SSL(HoW-cond, patch-mask train)",Lamb_education_Eula,124,Lamb,drift,2,116.57449026741199,231.6797298607887,181.30304465372822,137.55915440336338
"PatchTST-SSL(HoW-cond, patch-mask train)",Lamb_education_Eula,124,Lamb,spike,2,8.906459358942762,16.486007253699235,16.486007253699235,15.772972591142983
"PatchTST-SSL(HoW-cond, patch-mask train)",Lamb_education_Eula,124,Lamb,spike,3,15.085603107142502,15.503254883329317,15.503254883329317,14.790220220773065
"PatchTST-SSL(HoW-cond, patch-mask train)",Lamb_education_Eula,124,Lamb,drift,2,67.55719881227861,466.32541752237364,434.5698707390726,380.7612580156233
"PatchTST-SSL(HoW-cond, patch-mask train)",Lamb_education_Lazaro,124,Lamb,drift,1,461.23669069021577,2213.545289776868,459.13369734783555,758.8765685547744
"PatchTST-SSL(HoW-cond, patch-mask train)",Lamb_education_Lazaro,124,Lamb,spike,3,400.82250918666176,305.82528228090524,266.8823544790446,275.51968392211165
"PatchTST-SSL(HoW-cond, patch-mask train)",Lamb_education_Lazaro,124,Lamb,drift,1,604.235159033965,986.4906789138486,-3097.8479248437025,0.0
"PatchTST-SSL(HoW-cond, patch-mask train)",Lamb_education_Lazaro,124,Lamb,drift,2,497.9093626321239,2156.2053249895475,1096.9973104390958,1065.2037840729774
"PatchTST-SSL(HoW-cond, patch-mask train)",Lamb_education_Lazaro,124,Lamb,spike,2,323.27785981812565,297.27201449383233,281.63030644011053,259.3900165453403
"PatchTST-SSL(HoW-cond, patch-mask train)",Lamb_education_Lazaro,124,Lamb,spike,3,216.09390823268618,217.30917377732885,217.30917377732885,209.73277418763044
"PatchTST-SSL(HoW-cond, patch-mask train)",Lamb_education_Lucas,124,Lamb,drift,3,801.2582428094648,1711.1947981248377,1637.4649980300323,1440.9523899676947
"PatchTST-SSL(HoW-cond, patch-mask train)",Lamb_education_Lucas,124,Lamb,schedule,3,44.89451201081894,44.80328442572585,-225.4790278657327,0.0
"PatchTST-SSL(HoW-cond, patch-mask train)",Lamb_education_Lucas,124,Lamb,spike,3,133.8321468000379,166.0290001192074,166.0290001192074,160.39894994926692
"PatchTST-SSL(HoW-cond, patch-mask train)",Lamb_education_Lucas,124,Lamb,drift,3,273.9606663738274,836.2315285059816,762.2784372204289,674.0860836116958
"PatchTST-SSL(HoW-cond, patch-mask train)",Lamb_education_Lucas,124,Lamb,spike,3,142.6454074837294,132.51376041676596,132.51376041676596,126.88371024682549
"PatchTST-SSL(HoW-cond, patch-mask train)",Lamb_education_Lucas,124,Lamb,drift,1,38.67614445359179,649.1092778428322,511.387631926016,513.9880737642607
"PatchTST-SSL(HoW-cond, patch-mask train)",Lamb_education_Mae,124,Lamb,spike,1,323.07918229430084,424.6684995903413,424.6684995903413,367.8690480633946
"PatchTST-SSL(HoW-cond, patch-mask train)",Lamb_education_Mae,124,Lamb,spike,2,516.0264638666401,525.1741348611894,525.1741348611894,479.734573639632
"PatchTST-SSL(HoW-cond, patch-mask train)",Lamb_education_Mae,124,Lamb,drift,2,3932.5231562095887,11145.223592198625,10695.715978311246,8418.849918905184
"PatchTST-SSL(HoW-cond, patch-mask train)",Lamb_education_Mae,124,Lamb,spike,2,212.59441880931385,218.11285851612863,218.11285851612863,195.39307790534994
"PatchTST-SSL(HoW-cond, patch-mask train)",Lamb_education_Mae,124,Lamb,drift,3,2958.7246626678852,2441.9130144938276,1875.852746317147,806.088810517763
"PatchTST-SSL(HoW-cond, patch-mask train)",Lamb_education_Mae,124,Lamb,spike,1,162.31276356035605,241.9699244433355,241.9699244433355,230.61003413794614
"PatchTST-SSL(HoW-cond, patch-mask train)",Lamb_education_Williams,124,Lamb,drift,1,746.3809443232789,5435.017962651974,3968.459804323784,3392.3436707884466
"PatchTST-SSL(HoW-cond, patch-mask train)",Lamb_education_Williams,124,Lamb,drift,1,639.2960181545328,6513.731915676684,5227.259642446712,4656.755286709841
"PatchTST-SSL(HoW-cond, patch-mask train)",Lamb_education_Williams,124,Lamb,drift,3,4579.005177313596,7531.342411609012,6698.322297275522,5117.2727939521155
"PatchTST-SSL(HoW-cond, patch-mask train)",Lamb_education_Williams,124,Lamb,schedule,3,245.34222782811088,4510.590303137472,3705.170222657242,3210.7066628606817
"PatchTST-SSL(HoW-cond, patch-mask train)",Lamb_education_Williams,124,Lamb,spike,1,225.11065302241795,246.97508203827863,246.97508203827863,216.02547155549792
"PatchTST-SSL(HoW-cond, patch-mask train)",Lamb_education_Williams,124,Lamb,schedule,2,120.36486662932188,6092.233942582205,4937.394286290685,4420.954976512046
"PatchTST-SSL(HoW-cond, patch-mask train)",Lamb_office_Caitlin,124,Lamb,spike,2,287.84152497083744,277.6483360601048,272.57684962259907,264.32546904548406
"PatchTST-SSL(HoW-cond, patch-mask train)",Lamb_office_Caitlin,124,Lamb,drift,1,174.86513893786412,13.436891780956037,-2692.467412033885,0.0
"PatchTST-SSL(HoW-cond, patch-mask train)",Lamb_office_Caitlin,124,Lamb,schedule,1,45.94439519567189,7.155215175403887,-1916.1299183898739,0.0
"PatchTST-SSL(HoW-cond, patch-mask train)",Lamb_office_Caitlin,124,Lamb,drift,3,1366.1223200641446,3060.9260582797465,1160.361446729161,1781.9308248761554
"PatchTST-SSL(HoW-cond, patch-mask train)",Lamb_office_Caitlin,124,Lamb,spike,3,499.75478148973514,472.614583590053,453.3725832802389,452.63028306812186
"PatchTST-SSL(HoW-cond, patch-mask train)",Lamb_office_Caitlin,124,Lamb,spike,3,914.2945579554216,825.2052133180018,804.2069794292447,791.8980457814499
"PatchTST-SSL(HoW-cond, patch-mask train)",Lamb_office_Velma,124,Lamb,spike,2,712.063480372273,775.1077967709572,756.5877647247603,678.9906996547736
"PatchTST-SSL(HoW-cond, patch-mask train)",Lamb_office_Velma,124,Lamb,schedule,2,5.02976783064522,7536.25014115513,6087.7863371283165,3845.353611893682
"PatchTST-SSL(HoW-cond, patch-mask train)",Lamb_office_Velma,124,Lamb,spike,1,402.868816575697,702.9141127092478,702.9141127092478,626.0204350163009
"PatchTST-SSL(HoW-cond, patch-mask train)",Lamb_office_Velma,124,Lamb,spike,2,716.8389665969552,605.1201523289494,590.3040260412124,509.00305521276584
"PatchTST-SSL(HoW-cond, patch-mask train)",Lamb_office_Velma,124,Lamb,drift,2,3639.54112623905,9926.749095026,9691.063932533736,6697.214631922232
"PatchTST-SSL(HoW-cond, patch-mask train)",Lamb_office_Velma,124,Lamb,drift,3,7579.385515407095,13112.868450926124,13034.195186601364,9883.333987822356
"PatchTST-SSL(HoW-cond, patch-mask train)",Rat_retail_Jeffrey,124,Rat,spike,1,291.60367573257804,152.04043522732744,94.48770479891718,120.6879979275242
"PatchTST-SSL(HoW-cond, patch-mask train)",Rat_retail_Jeffrey,124,Rat,spike,2,475.52021965664414,424.08196317408624,401.494229776612,399.00001333424365
"PatchTST-SSL(HoW-cond, patch-mask train)",Rat_retail_Jeffrey,124,Rat,drift,2,2154.4490308847585,2680.0822292706757,2507.470681034142,1777.1320350363421
"PatchTST-SSL(HoW-cond, patch-mask train)",Rat_retail_Jeffrey,124,Rat,spike,1,138.38502458085736,143.89035433827885,143.89035433827885,137.6198668783182
"PatchTST-SSL(HoW-cond, patch-mask train)",Rat_retail_Jeffrey,124,Rat,drift,1,610.2952989490467,992.4408737581177,393.1094563981587,239.9823785628398
"PatchTST-SSL(HoW-cond, patch-mask train)",Rat_retail_Jeffrey,124,Rat,spike,3,473.61949934562676,556.8998908419442,556.8998908419442,538.0884284620622
"PatchTST-SSL(HoW-cond, patch-mask train)",Robin_education_Zenia,124,Robin,drift,1,9085.837298458526,31121.439079688596,31121.439079688596,27505.13003345675
"PatchTST-SSL(HoW-cond, patch-mask train)",Robin_education_Zenia,124,Robin,drift,3,29233.784782501494,49034.11064633141,49034.11064633141,45974.15683798139
"PatchTST-SSL(HoW-cond, patch-mask train)",Robin_education_Zenia,124,Robin,drift,3,19698.159837123923,36922.020850877045,36922.020850877045,34418.42228040884
"PatchTST-SSL(HoW-cond, patch-mask train)",Robin_education_Zenia,124,Robin,spike,3,234.24180318846012,316.39368911889176,316.39368911889176,304.8029549963538
"PatchTST-SSL(HoW-cond, patch-mask train)",Robin_education_Zenia,124,Robin,drift,2,8507.294132048073,21852.858612925327,21852.858612925327,19627.437661398035
"PatchTST-SSL(HoW-cond, patch-mask train)",Robin_education_Zenia,124,Robin,spike,1,103.78091077838481,167.13155866539228,167.13155866539228,155.5408245428543
"PatchTST-SSL(HoW-cond, patch-mask train)",Robin_office_Dina,124,Robin,drift,1,1671.5645498087358,3840.3173033203934,3680.860687486741,2953.752881084723
"PatchTST-SSL(HoW-cond, patch-mask train)",Robin_office_Dina,124,Robin,spike,3,76.99172519770566,109.05944832063484,109.05944832063484,103.37634304989336
"PatchTST-SSL(HoW-cond, patch-mask train)",Robin_office_Dina,124,Robin,drift,2,1361.1516267334248,1922.4633918753339,1876.443622349801,1445.0825491330497
"PatchTST-SSL(HoW-cond, patch-mask train)",Robin_office_Dina,124,Robin,spike,1,54.39925792780521,83.2762792261008,83.2762792261008,74.75162131998859
"PatchTST-SSL(HoW-cond, patch-mask train)",Robin_office_Dina,124,Robin,spike,3,106.22402211052074,109.65993488636511,109.65993488636511,101.1352769802529
"PatchTST-SSL(HoW-cond, patch-mask train)",Robin_office_Dina,124,Robin,spike,2,100.90720420303032,167.82295143494042,167.82295143494042,156.45674089345746
"PatchTST-SSL(HoW-cond, patch-mask train)",Robin_office_Sammie,124,Robin,drift,2,8193.376963553696,10201.18492202894,10132.000385230072,7753.0364061503005
"PatchTST-SSL(HoW-cond, patch-mask train)",Robin_office_Sammie,124,Robin,spike,2,264.22219886949006,352.29932994084135,352.29932994084135,301.29623586003635
"PatchTST-SSL(HoW-cond, patch-mask train)",Robin_office_Sammie,124,Robin,drift,2,2188.0140383288563,4105.407729740596,3846.4769318540475,2881.3334718012757
"PatchTST-SSL(HoW-cond, patch-mask train)",Robin_office_Sammie,124,Robin,spike,3,325.76388530020796,423.7402992823843,423.7402992823843,382.9378240177403
"PatchTST-SSL(HoW-cond, patch-mask train)",Robin_office_Sammie,124,Robin,drift,3,10950.46293039176,11379.937350826716,11237.590024968275,9176.603686535942
"PatchTST-SSL(HoW-cond, patch-mask train)",Robin_office_Sammie,124,Robin,schedule,2,283.6852349670226,3034.0313214435973,1272.1913641095878,830.6976571528221
"PatchTST-SSL(HoW-cond, patch-mask train)",Shrew_office_Doris,124,Shrew,spike,3,967.677461342442,1251.5903155709407,1251.5903155709407,1194.2658126381723
"PatchTST-SSL(HoW-cond, patch-mask train)",Shrew_office_Doris,124,Shrew,drift,2,13274.214899719289,19033.14686396614,18940.9757927484,15937.623705596643
"PatchTST-SSL(HoW-cond, patch-mask train)",Shrew_office_Doris,124,Shrew,drift,3,16874.680037500937,22895.89231065369,22895.89231065369,20144.316169880803
"PatchTST-SSL(HoW-cond, patch-mask train)",Shrew_office_Doris,124,Shrew,drift,2,21097.276446337128,27863.803326426587,27395.468516851077,23736.439115267258
"PatchTST-SSL(HoW-cond, patch-mask train)",Shrew_office_Doris,124,Shrew,spike,3,1269.3416243658435,1197.498072690847,1172.0957148071311,1125.8424440248864
"PatchTST-SSL(HoW-cond, patch-mask train)",Shrew_office_Doris,124,Shrew,spike,1,492.6340337493294,509.03451322451485,456.61446977211926,437.37888455855426
"PatchTST-SSL(HoW-cond, patch-mask train)",Shrew_office_Ila,124,Shrew,drift,1,2996.99212687992,6704.185251938625,6473.079925321006,4243.9697730045955
"PatchTST-SSL(HoW-cond, patch-mask train)",Shrew_office_Ila,124,Shrew,drift,3,17305.03319043162,19229.778616354255,19041.226071955974,16769.563137420228
"PatchTST-SSL(HoW-cond, patch-mask train)",Shrew_office_Ila,124,Shrew,spike,3,725.0771146387649,727.6630264335706,709.6883755796512,682.1034805273849
"PatchTST-SSL(HoW-cond, patch-mask train)",Shrew_office_Ila,124,Shrew,spike,1,146.5948962159231,158.43701288726598,141.96745269834793,135.6572399341731
"PatchTST-SSL(HoW-cond, patch-mask train)",Shrew_office_Ila,124,Shrew,drift,2,4621.5561975259025,7014.58673486802,6838.779279501199,5374.443082245334
"PatchTST-SSL(HoW-cond, patch-mask train)",Shrew_office_Ila,124,Shrew,spike,3,673.7401307453438,817.4189863731895,817.4189863731895,771.8594404670038
"PatchTST-SSL(HoW-cond, patch-mask train)",Shrew_office_Kenneth,124,Shrew,drift,2,1498.5085912518607,3598.2490051849877,3598.2490051849877,2798.206909401531
"PatchTST-SSL(HoW-cond, patch-mask train)",Shrew_office_Kenneth,124,Shrew,drift,3,2842.3791870818204,1119.811825000613,758.3173475361106,319.7697292171563
"PatchTST-SSL(HoW-cond, patch-mask train)",Shrew_office_Kenneth,124,Shrew,spike,2,90.89096949254512,82.73547259975614,76.36040412980483,74.40170076867847
"PatchTST-SSL(HoW-cond, patch-mask train)",Shrew_office_Kenneth,124,Shrew,spike,1,62.498642336023934,64.0398018961391,64.0398018961391,59.87291598060026
"PatchTST-SSL(HoW-cond, patch-mask train)",Shrew_office_Kenneth,124,Shrew,spike,3,300.9768943363502,273.78898636117924,269.0685208819767,252.95455678348506
"PatchTST-SSL(HoW-cond, patch-mask train)",Shrew_office_Kenneth,124,Shrew,spike,1,132.02422580194082,168.18593851830292,168.18593851830292,147.35150894060874
"PatchTST-SSL(HoW-cond, patch-mask train)",Shrew_office_Nora,124,Shrew,drift,3,13959.850749005422,18414.210729143844,18049.710439468436,13448.907604821925
"PatchTST-SSL(HoW-cond, patch-mask train)",Shrew_office_Nora,124,Shrew,spike,1,260.69750787688605,201.2684425797283,143.38898330206783,142.15769109970543
"PatchTST-SSL(HoW-cond, patch-mask train)",Shrew_office_Nora,124,Shrew,drift,1,4665.425658313194,10966.279691248248,9222.151354711605,4582.318531405779
"PatchTST-SSL(HoW-cond, patch-mask train)",Shrew_office_Nora,124,Shrew,drift,3,26280.58367879771,32564.411204670716,32097.790337188093,25471.121027067973
"PatchTST-SSL(HoW-cond, patch-mask train)",Shrew_office_Nora,124,Shrew,spike,1,548.8590061520682,1046.115616988216,1046.115616988216,898.338738288159
"PatchTST-SSL(HoW-cond, patch-mask train)",Shrew_office_Nora,124,Shrew,spike,2,390.28208907425113,548.3104099983598,548.3104099983598,489.19965851833695
"PatchTST-SSL(HoW-cond, patch-mask train)",Shrew_office_Sherill,124,Shrew,spike,3,1285.7986614249328,1606.1016645479356,1606.1016645479356,1515.6795102054825
"PatchTST-SSL(HoW-cond, patch-mask train)",Shrew_office_Sherill,124,Shrew,drift,2,6816.240253363444,12108.538802104085,11516.980052028559,8491.652628405967
"PatchTST-SSL(HoW-cond, patch-mask train)",Shrew_office_Sherill,124,Shrew,spike,1,809.928865577001,568.9659045597773,490.96126460326366,448.40303210317336
"PatchTST-SSL(HoW-cond, patch-mask train)",Shrew_office_Sherill,124,Shrew,drift,3,19918.04479791922,28844.862043875983,28577.729748649155,23781.221400698618
"PatchTST-SSL(HoW-cond, patch-mask train)",Shrew_office_Sherill,124,Shrew,spike,1,982.0393289635585,1076.014557770428,999.2870064975016,925.310967199673
"PatchTST-SSL(HoW-cond, patch-mask train)",Shrew_office_Sherill,124,Shrew,spike,3,1418.5189408034698,1292.0541194739285,1233.9826156969173,1201.6319651314755
"PatchTST-SSL(HoW-cond, patch-mask train)",Wolf_office_Darleen,124,Wolf,drift,3,4246.600657922468,2767.8895334307836,2483.7129305775493,1431.650958653864
"PatchTST-SSL(HoW-cond, patch-mask train)",Wolf_office_Darleen,124,Wolf,drift,3,4976.241380732559,7223.622039256285,6981.723141747636,5738.912511726374
"PatchTST-SSL(HoW-cond, patch-mask train)",Wolf_office_Darleen,124,Wolf,spike,3,254.48626821207995,232.72583584114645,228.63975112038406,214.16696674702257
"PatchTST-SSL(HoW-cond, patch-mask train)",Wolf_office_Darleen,124,Wolf,schedule,3,98.90988369231172,2202.679709150168,1352.7474006795487,866.4411343732486
"PatchTST-SSL(HoW-cond, patch-mask train)",Wolf_office_Darleen,124,Wolf,spike,2,263.59770868297966,232.7804133022737,223.9647260429784,201.84896481206724
"PatchTST-SSL(HoW-cond, patch-mask train)",Wolf_office_Darleen,124,Wolf,drift,3,3387.5794404471744,4964.8447886354425,4835.707135410106,3777.0771666115143
"PatchTST-SSL(HoW-cond, patch-mask train)",Wolf_retail_Harriett,124,Wolf,spike,1,109.46943691528074,225.79575964970428,225.79575964970428,194.41756277282448
"PatchTST-SSL(HoW-cond, patch-mask train)",Wolf_retail_Harriett,124,Wolf,drift,2,3442.80368568748,5451.324568693729,5217.569614885417,3192.0943935583828
"PatchTST-SSL(HoW-cond, patch-mask train)",Wolf_retail_Harriett,124,Wolf,spike,2,118.095825507048,138.3732225016374,138.3732225016374,127.91382354267746
"PatchTST-SSL(HoW-cond, patch-mask train)",Wolf_retail_Harriett,124,Wolf,spike,2,95.23365086904356,115.100835010318,115.100835010318,104.64143605135806
"PatchTST-SSL(HoW-cond, patch-mask train)",Wolf_retail_Harriett,124,Wolf,drift,1,915.2694268515739,3135.67013427911,2717.065914655159,1378.4911091738406
"PatchTST-SSL(HoW-cond, patch-mask train)",Wolf_retail_Harriett,124,Wolf,schedule,2,16.811704598329925,1118.663630151107,401.0689134974763,0.0
"PatchTST-SSL(HoW-cond, patch-mask train)",Wolf_retail_Marcella,124,Wolf,drift,1,77.19480955887502,266.43381226153554,199.1978111463172,114.96167274640683
"PatchTST-SSL(HoW-cond, patch-mask train)",Wolf_retail_Marcella,124,Wolf,spike,3,54.744085512607896,75.78495106697707,75.78495106697707,70.73587974980612
"PatchTST-SSL(HoW-cond, patch-mask train)",Wolf_retail_Marcella,124,Wolf,drift,3,805.9237291893736,1332.8991879264954,1302.425341640575,1060.2493367992638
"PatchTST-SSL(HoW-cond, patch-mask train)",Wolf_retail_Marcella,124,Wolf,drift,2,245.1612452558267,410.6717282449441,351.4756769817063,228.90516082678968
"PatchTST-SSL(HoW-cond, patch-mask train)",Wolf_retail_Marcella,124,Wolf,spike,1,15.299112680094524,14.106696444914094,14.106696444914094,12.844428615621355
"PatchTST-SSL(HoW-cond, patch-mask train)",Wolf_retail_Marcella,124,Wolf,drift,1,161.5415176515241,505.5444981197204,390.69847065965337,202.600219089463
"PatchTST-SSL(HoW-cond, patch-mask train)",Wolf_retail_Toshia,124,Wolf,spike,3,813.8222848184951,689.9393688873205,657.8568758868154,619.7260078942129
"PatchTST-SSL(HoW-cond, patch-mask train)",Wolf_retail_Toshia,124,Wolf,spike,3,1170.5817793556578,1191.1661682982424,1191.1661682982424,1103.399467056858
"PatchTST-SSL(HoW-cond, patch-mask train)",Wolf_retail_Toshia,124,Wolf,schedule,3,146.55404856680667,3173.3140308726474,2020.3749902305344,1066.9132010794206
"PatchTST-SSL(HoW-cond, patch-mask train)",Wolf_retail_Toshia,124,Wolf,schedule,3,196.04409342229565,1580.0356815974403,980.825597513366,316.19518372150446
"PatchTST-SSL(HoW-cond, patch-mask train)",Wolf_retail_Toshia,124,Wolf,drift,1,1058.247230158493,6931.363836059059,5430.218218645597,3139.8423424312514
"PatchTST-SSL(HoW-cond, patch-mask train)",Wolf_retail_Toshia,124,Wolf,spike,1,354.7456702313118,339.4459930127932,324.32885497235884,269.23263201968564
