baseline_bias,baseline_cov,z6_bias,z6_cov,z12_bias,z12_cov,cusum_bias,cusum_cov,true_kwh,missed_kwh,model,building_id,seed
-0.6030839722713565,0.03,-0.491304736563434,0.05333333333333334,-0.27968356147334744,0.10666666666666667,1.193685950746193,0.7433333333333333,2373.369318511601,87.98322133298653,PatchTST-SSL(HoW-cond),Fox_education_Henrietta,123
-0.3124887460028627,0.1891385767790262,0.13448591344648725,0.50187265917603,0.41347319342930244,0.5411985018726592,0.4932666901411693,0.702247191011236,9988.54459407402,508.74734967780324,PatchTST-SSL(HoW-cond),Fox_retail_Manie,123
-0.44728534632050215,0.3199023199023199,-0.042617622994042974,0.5286935286935287,-0.026392633269833928,0.536019536019536,0.18611263446996243,0.6996336996336996,54401.37673466893,0.0,PatchTST-SSL(HoW-cond),Hog_education_Bruno,123
-0.6460961515642509,0.24742268041237114,-0.6993538842354011,0.27491408934707906,-0.6070247777423375,0.3951890034364261,-0.35150755122938365,0.6872852233676976,194402.84155505014,2429.8295210594533,PatchTST-SSL(HoW-cond),Hog_education_Caridad,123
-0.9577622159851568,0.011695906432748537,-0.7287536788860458,0.10331384015594541,-0.7115510520989875,0.10331384015594541,-0.34857122539235275,0.4619883040935672,74708.30184247419,38002.38669273902,PatchTST-SSL(HoW-cond),Hog_education_Luvenia,123
-0.505229536315623,0.22629310344827586,0.41535794713667434,0.6357758620689655,0.4909035184340761,0.7327586206896551,1.2735194352106196,0.9224137931034483,9417.311027781248,0.0,PatchTST-SSL(HoW-cond),Hog_office_Almeda,123
-0.7340029492519607,0.09844559585492228,0.09351219957868162,0.3238341968911917,0.3180947793123967,0.40414507772020725,1.058556253013514,0.6075129533678757,13863.27034193821,677.7136591565569,PatchTST-SSL(HoW-cond),Hog_office_Cortney,123
-0.7815682333938829,0.21145374449339208,-0.2206681077922803,0.5726872246696035,-0.17343467633864335,0.6255506607929515,-0.04026630823912684,0.6784140969162996,22167.1395612787,0.0,PatchTST-SSL(HoW-cond),Hog_office_Denita,123
-0.7144579700067932,0.23015873015873015,-0.5412073245597516,0.4142857142857143,-0.5126683022987066,0.5984126984126984,-0.44733193359489176,0.6634920634920635,74761.55072201448,673.1114520180763,PatchTST-SSL(HoW-cond),Hog_office_Garrett,123
-0.3375971309463186,0.028846153846153848,0.566385310294001,0.11950549450549451,0.6590007495872895,0.14697802197802198,2.6304242634168067,0.5357142857142857,43327.82005139158,30513.593527304172,PatchTST-SSL(HoW-cond),Hog_office_Lavon,123
-0.8962080769321368,0.024464831804281346,-0.8370687978477872,0.039755351681957186,-0.7969871717330883,0.06116207951070336,-0.1462641151276105,0.9847094801223242,3404.8623827046636,0.0,PatchTST-SSL(HoW-cond),Hog_office_Merilyn,123
-0.41079740132376646,0.23539518900343642,-0.19668405463153374,0.37285223367697595,-0.11786692291883347,0.6185567010309279,0.2648507197416861,0.5876288659793815,2733.19612771947,0.0,PatchTST-SSL(HoW-cond),Hog_office_Miriam,123
-0.5396591276111216,0.2397003745318352,-0.21170882392716522,0.4438202247191011,-0.09663023585732852,0.601123595505618,0.13542798627798586,0.7752808988764045,13164.94391405967,1240.808483746051,PatchTST-SSL(HoW-cond),Hog_office_Napoleon,123
-0.2791024702326422,0.06654676258992806,1.3359209714175027,0.22302158273381295,1.792451899777417,0.3363309352517986,2.7779819820491287,0.7931654676258992,6758.17610943246,375.54039039351596,PatchTST-SSL(HoW-cond),Hog_office_Shawna,123
-0.7529581117533356,0.2390488110137672,-0.3727041368080376,0.5832290362953693,-0.3544346031045881,0.7571964956195244,-0.34061751551742736,0.8523153942428036,125372.16791342666,0.0,PatchTST-SSL(HoW-cond),Hog_office_Shawnna,123
-0.7461968805108765,0.056910569105691054,0.001887703317878911,0.30691056910569103,0.2936041182084048,0.4959349593495935,1.3403553411697224,0.8536585365853658,4999.540930113644,2.3142792858528196,PatchTST-SSL(HoW-cond),Hog_office_Sherrie,123
-0.44720053617717576,0.14743589743589744,0.4298078287490495,0.33974358974358976,0.5273570117834012,0.4423076923076923,1.2823897746085593,0.8247863247863247,7850.146933398892,0.0,PatchTST-SSL(HoW-cond),Hog_office_Shon,123
-0.4547440508082544,0.6247582205029013,-0.1328884399213651,0.8375241779497099,-0.11066835729894335,0.8936170212765957,-0.10983725517055798,0.9206963249516441,35688.41172784455,270.126265038092,PatchTST-SSL(HoW-cond),Hog_office_Sydney,123
-0.6765510322498121,0.06377551020408163,-0.056429473184231804,0.2193877551020408,0.20205837057290954,0.28316326530612246,1.368532093480709,0.6938775510204082,2589.0456041595153,113.66255122026587,PatchTST-SSL(HoW-cond),Hog_office_Valda,123
-0.7034876636516222,0.028,-0.37426379854447284,0.08133333333333333,0.13196786448126063,0.13333333333333333,3.1440811696446005,0.5306666666666666,3934.357376597145,1393.7809332964346,PatchTST-SSL(HoW-cond),Lamb_education_Armando,123
-0.27247996745587383,0.052307692307692305,1.0375834405134763,0.2,1.3935856301622307,0.27692307692307694,2.0699394890250056,0.8553846153846154,281.50345907383456,0.0,PatchTST-SSL(HoW-cond),Lamb_education_Eula,123
0.49812247876204074,0.2331288343558282,0.9633904244562481,0.19938650306748465,2.0847885297892006,0.3128834355828221,4.399389502279582,0.39263803680981596,2732.2174995928317,0.0,PatchTST-SSL(HoW-cond),Lamb_education_Lazaro,123
-0.23253933522516676,0.030927835051546393,2.1468587722877057,0.17353951890034364,2.4933260442282825,0.3333333333333333,3.8776384096591534,1.0,689.9874148777225,0.0,PatchTST-SSL(HoW-cond),Lamb_education_Lucas,123
-0.54779836004122,0.05096418732782369,-0.1994697539434867,0.18319559228650137,0.14531549893122947,0.31129476584022037,1.933747928434786,1.0,9386.55849108594,0.0,PatchTST-SSL(HoW-cond),Lamb_education_Mae,123
inf,,inf,,inf,,inf,,0.0,0.0,PatchTST-SSL(HoW-cond),Lamb_education_Willetta,123
-0.6801735885885725,0.019784172661870502,-0.007624607058072696,0.07553956834532374,0.5092336905049892,0.13489208633093525,2.5320343667262213,0.4262589928057554,4340.983674226856,734.8926841813179,PatchTST-SSL(HoW-cond),Lamb_education_Williams,123
-0.02042002912726879,0.06557377049180328,0.45527872636476907,0.14918032786885246,0.6227331080101839,0.22295081967213115,1.0387064832068322,0.45737704918032784,2334.791275192391,124.64261458590028,PatchTST-SSL(HoW-cond),Lamb_office_Caitlin,123
-0.5260015603701494,0.037037037037037035,0.06195966119057649,0.1840628507295174,0.264130936192569,0.2716049382716049,1.6405561208145192,0.8821548821548821,9813.136828809173,0.0,PatchTST-SSL(HoW-cond),Lamb_office_Velma,123
-0.7578469839810416,0.18270401948842874,-0.3090984091910536,0.39707673568818513,-0.09665045116234262,0.5943970767356882,-0.01279446312648477,0.8453105968331304,13741.885133980677,189.2789668781123,PatchTST-SSL(HoW-cond),Rat_retail_Jeffrey,123
-0.25525064606060577,0.3525835866261398,3.105747212120493,1.0,3.2641588126674623,1.0,3.29873625980678,1.0,33588.96758583762,0.0,PatchTST-SSL(HoW-cond),Robin_education_Zenia,123
-0.567622587817101,0.19811320754716982,0.042116356368790756,0.4563679245283019,0.08447464689410498,0.5058962264150944,0.2541677769739177,0.6686320754716981,6397.499952015792,110.4701280502336,PatchTST-SSL(HoW-cond),Robin_office_Dina,123
-0.7476350453787123,0.1132623426911907,-0.370883091528219,0.3475314617618587,-0.32722652203793373,0.44240077444336884,-0.13258196491648075,1.0,28638.901961943724,35.86979335507271,PatchTST-SSL(HoW-cond),Robin_office_Sammie,123
-0.8844454545572185,0.06940874035989718,-0.3558352185227776,0.442159383033419,-0.26109576202257906,0.506426735218509,0.03775999464956521,1.0,37713.79795495542,0.0,PatchTST-SSL(HoW-cond),Shrew_office_Doris,123
-0.6552983798527912,0.25329280648429586,-0.21085567084601337,0.5775075987841946,-0.15478917109652235,0.6038500506585613,0.19303411916248384,1.0,56475.608029300376,0.0,PatchTST-SSL(HoW-cond),Shrew_office_Ila,123
-0.6712017099554468,0.15932642487046633,-0.5326721278716511,0.29404145077720206,-0.5106971661536007,0.38341968911917096,-0.17013849565591282,0.866580310880829,5626.082519954916,0.0,PatchTST-SSL(HoW-cond),Shrew_office_Kenneth,123
-0.7818193801034974,0.13282442748091602,-0.625172086042447,0.3480916030534351,-0.4871450291178746,0.5587786259541985,-0.2197480174175777,0.6519083969465649,14394.2638131671,1416.5460083676978,PatchTST-SSL(HoW-cond),Shrew_office_Nora,123
-0.06520560862665736,0.07142857142857142,0.8437028415925454,0.07142857142857142,1.5169516683534952,0.08333333333333333,6.4381693533652,0.9761904761904762,3431.345055613974,750.0000924082099,PatchTST-SSL(HoW-cond),Shrew_office_Sherill,123
0.9724959394194725,0.1297709923664122,1.6767956606316485,0.22900763358778625,2.2100554315475756,0.2748091603053435,3.867038786715416,0.6717557251908397,833.1804513129612,0.0,PatchTST-SSL(HoW-cond),Wolf_office_Darleen,123
-0.7881482647359215,0.10804597701149425,-0.32789787541812365,0.39655172413793105,-0.1834425253228668,0.47126436781609193,0.22289559790237176,0.8839080459770114,18955.973709227597,0.0,PatchTST-SSL(HoW-cond),Wolf_retail_Harriett,123
0.2614257265319306,0.07528641571194762,1.2777870148652073,0.2078559738134206,1.8241121760473826,0.2864157119476268,3.226038634568903,0.6235679214402619,240.8112086307441,0.0,PatchTST-SSL(HoW-cond),Wolf_retail_Marcella,123
0.9507018990590973,0.081374321880651,2.932560072919903,0.244122965641953,3.6031759448089464,0.3924050632911392,8.270260844523612,0.8933092224231465,1497.2236255203593,288.7450087384966,PatchTST-SSL(HoW-cond),Wolf_retail_Toshia,123
-0.7458408863374192,0.013333333333333334,-0.5593254600014581,0.013333333333333334,-0.476618060796581,0.013333333333333334,0.29280667560805124,0.03,2373.369318511601,2217.2254730261734,PatchTST-SSL(HoD-cond),Fox_education_Henrietta,123
-0.3131105878147687,0.16666666666666666,0.13128807106293044,0.37640449438202245,0.3081139398379357,0.47752808988764045,0.5175805543360622,0.7322097378277154,9988.54459407402,277.5089404892598,PatchTST-SSL(HoD-cond),Fox_retail_Manie,123
-0.5418272525637962,0.25274725274725274,-0.24569882060054168,0.4078144078144078,-0.23453845514612978,0.4249084249084249,0.27046489772622373,0.7692307692307693,54401.37673466893,0.0,PatchTST-SSL(HoD-cond),Hog_education_Bruno,123
-0.7340878900567888,0.10481099656357389,-0.7167721175287267,0.13745704467353953,-0.6532266220462849,0.2542955326460481,-0.4336336662749314,0.5103092783505154,194402.84155505014,2429.8295210594533,PatchTST-SSL(HoD-cond),Hog_education_Caridad,123
-0.8193727432001249,0.0682261208576998,-0.41976920886547653,0.21052631578947367,-0.4068104164769215,0.21052631578947367,0.19663885308230922,0.797270955165692,74708.30184247419,13585.749655747957,PatchTST-SSL(HoD-cond),Hog_education_Luvenia,123
-0.6412770700269302,0.1788793103448276,0.16789735895621757,0.5237068965517241,0.33431520010746923,0.6681034482758621,0.7428738676215132,0.8081896551724138,9417.311027781248,35.04166236582216,PatchTST-SSL(HoD-cond),Hog_office_Almeda,123
-0.9243372366399644,0.03626943005181347,-0.6287059615553053,0.11269430051813471,-0.551010671512193,0.15025906735751296,-0.3024814544737012,0.14766839378238342,13863.27034193821,1547.6289198218446,PatchTST-SSL(HoD-cond),Hog_office_Cortney,123
-0.7721014973667693,0.19530102790014683,-0.2836073049337888,0.4933920704845815,-0.2252334078965935,0.6020558002936858,-0.029240959417682184,0.8002936857562408,22167.1395612787,0.0,PatchTST-SSL(HoD-cond),Hog_office_Denita,123
-0.7451425473208597,0.13968253968253969,-0.5957484303694007,0.23809523809523808,-0.5538462050303881,0.3984126984126984,-0.45905000002082297,0.8015873015873016,74761.55072201448,14814.728588802252,PatchTST-SSL(HoD-cond),Hog_office_Garrett,123
-0.3032651933179909,0.03021978021978022,0.5424362073240158,0.11950549450549451,0.7268097156249931,0.1510989010989011,1.1734973026503004,0.23214285714285715,43327.82005139158,32477.994897222972,PatchTST-SSL(HoD-cond),Hog_office_Lavon,123
-0.8798126408997184,0.024464831804281346,-0.8258753365389601,0.039755351681957186,-0.7859003357164606,0.0581039755351682,-0.13535601283540122,0.9877675840978594,3404.8623827046636,0.0,PatchTST-SSL(HoD-cond),Hog_office_Merilyn,123
-0.5701893895033916,0.1323024054982818,-0.2535547754097941,0.26804123711340205,-0.2283324553364636,0.27835051546391754,0.2036344815853952,0.5017182130584192,2733.19612771947,83.82321208825682,PatchTST-SSL(HoD-cond),Hog_office_Miriam,123
-0.7913535947370246,0.05805243445692884,-0.6041785548185533,0.13857677902621723,-0.5196128987660784,0.19662921348314608,0.2194238184868265,0.7172284644194756,13164.94391405967,1240.808483746051,PatchTST-SSL(HoD-cond),Hog_office_Napoleon,123
-0.7532228110422511,0.00539568345323741,-0.5461001188347214,0.00539568345323741,-0.31274378973096684,0.00539568345323741,1.2467695200204303,0.17805755395683454,6758.17610943246,5818.526798270622,PatchTST-SSL(HoD-cond),Hog_office_Shawna,123
-0.756996670510263,0.20901126408010012,-0.3975937792883687,0.45431789737171463,-0.38280304315618663,0.6257822277847309,-0.35838093595474735,0.7784730913642053,125372.16791342666,0.0,PatchTST-SSL(HoD-cond),Hog_office_Shawnna,123
-0.7819618854140543,0.034552845528455285,-0.2628806124145401,0.12195121951219512,0.09790152317045404,0.34146341463414637,1.0557675645462519,0.8475609756097561,4999.540930113644,97.67172532886167,PatchTST-SSL(HoD-cond),Hog_office_Sherrie,123
-0.5024350511999449,0.12179487179487179,0.32751123966740847,0.26495726495726496,0.34859493616383147,0.2905982905982906,0.7666408969940788,0.6260683760683761,7850.146933398892,0.0,PatchTST-SSL(HoD-cond),Hog_office_Shon,123
-0.5246139708164375,0.5009671179883946,-0.11765795291127724,0.8375241779497099,-0.11206998292081378,0.8839458413926499,-0.08758203406000857,0.9284332688588007,35688.41172784455,270.126265038092,PatchTST-SSL(HoD-cond),Hog_office_Sydney,123
-0.706049267066301,0.030612244897959183,-0.31785910038128684,0.08673469387755102,-0.18411989013830493,0.15306122448979592,1.0340771799461168,0.6938775510204082,2589.0456041595153,113.66255122026587,PatchTST-SSL(HoD-cond),Hog_office_Valda,123
-0.7439074095528168,0.012,-0.4801077156739469,0.029333333333333333,-0.43650851915104805,0.037333333333333336,-0.4309758571904195,0.03333333333333333,3934.357376597145,3016.5527084361665,PatchTST-SSL(HoD-cond),Lamb_education_Armando,123
-0.4980589605406623,0.04,0.5069805753671344,0.14153846153846153,0.7536801676259373,0.2246153846153846,2.1752206339404907,0.7046153846153846,281.50345907383456,0.0,PatchTST-SSL(HoD-cond),Lamb_education_Eula,123
0.9424981905130408,0.3128834355828221,0.9675764424080644,0.3282208588957055,1.4039262323743755,0.4171779141104294,4.465373195323778,0.49693251533742333,2732.2174995928317,141.49733594162015,PatchTST-SSL(HoD-cond),Lamb_education_Lazaro,123
-0.24666339083353173,0.02577319587628866,2.155007030036268,0.14261168384879724,2.380885943821722,0.25601374570446733,2.920244270315754,0.5189003436426117,689.9874148777225,89.34172921874708,PatchTST-SSL(HoD-cond),Lamb_education_Lucas,123
-0.592783623008458,0.024793388429752067,-0.33031426533827163,0.09228650137741047,-0.10465753063188529,0.1584022038567493,1.982630970362029,0.7355371900826446,9386.55849108594,3791.6686049023856,PatchTST-SSL(HoD-cond),Lamb_education_Mae,123
inf,,inf,,inf,,inf,,0.0,0.0,PatchTST-SSL(HoD-cond),Lamb_education_Willetta,123
-0.7218611603754828,0.02877697841726619,-0.2979529131104477,0.09712230215827339,-0.10086465161632187,0.12949640287769784,0.9926978672036241,0.4244604316546763,4340.983674226856,734.8926841813179,PatchTST-SSL(HoD-cond),Lamb_education_Williams,123
0.5446539262903254,0.1180327868852459,0.7908203476155015,0.17868852459016393,0.9727997389356262,0.2934426229508197,1.1494213244403522,0.6442622950819672,2334.791275192391,124.64261458590028,PatchTST-SSL(HoD-cond),Lamb_office_Caitlin,123
-0.5610300136154155,0.025813692480359147,-0.2513059010643342,0.07295173961840629,-0.13163474175141526,0.12570145903479238,2.1008150148354696,0.8698092031425365,9813.136828809173,4156.293868384331,PatchTST-SSL(HoD-cond),Lamb_office_Velma,123
-0.78955410667499,0.13276492082825822,-0.4239909728908561,0.28989037758830694,-0.25175048833209357,0.4628501827040195,-0.05422558285798088,0.6857490864799025,13741.885133980677,189.2789668781123,PatchTST-SSL(HoD-cond),Rat_retail_Jeffrey,123
-0.21936498401061508,0.3373860182370821,2.5389736043032665,1.0,3.0722417969398172,1.0,3.277522844702457,1.0,33588.96758583762,0.0,PatchTST-SSL(HoD-cond),Robin_education_Zenia,123
-0.5835592781491084,0.14976415094339623,0.0037740617668482837,0.41745283018867924,0.1035112125191741,0.5082547169811321,0.23628936842050868,0.6179245283018868,6397.499952015792,110.4701280502336,PatchTST-SSL(HoD-cond),Robin_office_Dina,123
-0.7916524705955524,0.07647628267182963,-0.5219214599085773,0.2042594385285576,-0.47065254253262745,0.2758954501452081,-0.2326846258119275,0.7279767666989352,28638.901961943724,1745.3693984777099,PatchTST-SSL(HoD-cond),Robin_office_Sammie,123
-0.8400836128912486,0.055269922879177376,-0.563130840177451,0.2506426735218509,-0.38662962400011747,0.38688946015424164,-0.11773879306258407,0.6979434447300771,37713.79795495542,0.0,PatchTST-SSL(HoD-cond),Shrew_office_Doris,123
-0.591481382976709,0.23606889564336372,-0.2339685622176144,0.5116514690982776,-0.16761115394203122,0.5542046605876393,0.19303411916248384,1.0,56475.608029300376,203.38148492878386,PatchTST-SSL(HoD-cond),Shrew_office_Ila,123
-0.75383118093327,0.10362694300518134,-0.5721098304126669,0.24352331606217617,-0.5410203981120002,0.32512953367875647,-0.35261029421761303,0.9378238341968912,5626.082519954916,0.0,PatchTST-SSL(HoD-cond),Shrew_office_Kenneth,123
-0.8797807493794592,0.042748091603053436,-0.7779253818519509,0.17862595419847327,-0.7104979901131216,0.2641221374045801,-0.3262129218729692,0.38625954198473283,14394.2638131671,1094.4520359605751,PatchTST-SSL(HoD-cond),Shrew_office_Nora,123
-0.10385505626377664,0.07142857142857142,0.1812946771142183,0.08333333333333333,0.7643855741126231,0.08333333333333333,1.853774566768364,0.09523809523809523,3431.345055613974,1095.8744974520555,PatchTST-SSL(HoD-cond),Shrew_office_Sherill,123
0.2337864818623353,0.10687022900763359,1.0495502924504998,0.16793893129770993,1.2601218171301656,0.3435114503816794,3.025915994224991,0.6564885496183206,833.1804513129612,0.0,PatchTST-SSL(HoD-cond),Wolf_office_Darleen,123
-0.8242396776500116,0.05517241379310345,-0.4687310297939912,0.28735632183908044,-0.34459748912505356,0.3781609195402299,0.061654007097762496,0.7425287356321839,18955.973709227597,3947.0433792888175,PatchTST-SSL(HoD-cond),Wolf_retail_Harriett,123
-0.007736032650504542,0.054009819967266774,0.5069682142554786,0.12274959083469722,0.9149595155997772,0.1734860883797054,1.5555371932424453,0.2569558101472995,240.8112086307441,80.90879238077281,PatchTST-SSL(HoD-cond),Wolf_retail_Marcella,123
-0.5615650359908695,0.012658227848101266,0.20512113964610085,0.04701627486437613,0.46628862737725496,0.07956600361663653,2.4028809905213446,0.36528028933092227,1497.2236255203593,443.00459366740495,PatchTST-SSL(HoD-cond),Wolf_retail_Toshia,123
-0.6629818418623052,0.02666666666666667,-0.48038797221316804,0.04666666666666667,-0.3576979060358571,0.06666666666666667,1.4073445108714866,0.7433333333333333,2373.369318511601,87.98322133298653,HOW-profile(HoW-cond),Fox_education_Henrietta,123
0.4579381410354222,0.2209737827715356,0.8098542277973608,0.4737827715355805,0.9849073719946163,0.5449438202247191,1.1382591612367026,0.7322097378277154,9988.54459407402,508.74734967780324,HOW-profile(HoW-cond),Fox_retail_Manie,123
-0.4140061515007171,0.36385836385836384,0.007966252392178446,0.608058608058608,0.015061045266308658,0.6153846153846154,0.10043154029196959,0.7435897435897436,54401.37673466893,0.0,HOW-profile(HoW-cond),Hog_education_Bruno,123
-0.38356457773101543,0.3024054982817869,-0.5449884239421561,0.21305841924398625,-0.46584107530926716,0.2869415807560137,-0.073953999576497,0.6701030927835051,194402.84155505014,2429.8295210594533,HOW-profile(HoW-cond),Hog_education_Caridad,123
-0.9387253083898622,0.025341130604288498,-0.6247464711990239,0.14619883040935672,-0.6156826458502992,0.14619883040935672,-0.028142675166829563,0.7446393762183235,74708.30184247419,860.1704662170247,HOW-profile(HoW-cond),Hog_education_Luvenia,123
-0.18492402344803757,0.27801724137931033,0.6628398508968258,0.6185344827586207,0.7886721816141167,0.6788793103448276,1.0373643502277259,0.8469827586206896,9417.311027781248,0.0,HOW-profile(HoW-cond),Hog_office_Almeda,123
-0.4729758360430274,0.19948186528497408,0.06442918910818674,0.4339378238341969,0.18282931805268068,0.5453367875647669,0.25708651442149066,0.5284974093264249,13863.27034193821,677.7136591565569,HOW-profile(HoW-cond),Hog_office_Cortney,123
-0.6230824857405881,0.32158590308370044,-0.25818409825908945,0.6475770925110133,-0.23938331686150546,0.6828193832599119,-0.15588293645166493,0.8986784140969163,22167.1395612787,0.0,HOW-profile(HoW-cond),Hog_office_Denita,123
-0.5169411235072691,0.3253968253968254,-0.2863113275819283,0.5380952380952381,-0.09795794942531594,0.7793650793650794,-0.06829752266172227,0.8238095238095238,74761.55072201448,673.1114520180763,HOW-profile(HoW-cond),Hog_office_Garrett,123
-0.012004574441436202,0.05631868131868132,5.643002611178704,0.2541208791208791,5.6431814108503895,0.2541208791208791,6.2317509870496055,0.6016483516483516,43327.82005139158,30513.593527304172,HOW-profile(HoW-cond),Hog_office_Lavon,123
-0.8981533043263191,0.027522935779816515,-0.8771448194127001,0.04281345565749235,-0.8615535872179262,0.06422018348623854,-0.023505908416314378,0.7706422018348624,3404.8623827046636,0.0,HOW-profile(HoW-cond),Hog_office_Merilyn,123
-0.4605101296633394,0.1958762886597938,-0.3208171270508836,0.27835051546391754,-0.3038524798411725,0.28865979381443296,-0.2926330082380481,0.34192439862542956,2733.19612771947,18.70976328340205,HOW-profile(HoW-cond),Hog_office_Miriam,123
-0.3294870871517435,0.2808988764044944,-0.04692398272893084,0.5355805243445693,0.14038580413145405,0.7134831460674157,0.21254126762988249,0.8389513108614233,13164.94391405967,1240.808483746051,HOW-profile(HoW-cond),Hog_office_Napoleon,123
-0.014725501870694225,0.07913669064748201,0.8982577741502755,0.25,1.3322970363258468,0.35431654676258995,2.826764342244967,0.9982014388489209,6758.17610943246,0.0,HOW-profile(HoW-cond),Hog_office_Shawna,123
-0.6679488986554754,0.2565707133917397,-0.31283858260147807,0.6320400500625782,-0.30078487051027863,0.8085106382978723,-0.2929244696775378,0.8297872340425532,125372.16791342666,0.0,HOW-profile(HoW-cond),Hog_office_Shawnna,123
-0.692805423166713,0.08943089430894309,0.10572680160536288,0.4613821138211382,0.262056925017924,0.5650406504065041,0.6508269454838613,0.8434959349593496,4999.540930113644,97.67172532886167,HOW-profile(HoW-cond),Hog_office_Sherrie,123
-0.3678338076267124,0.1517094017094017,0.5734255064265318,0.37393162393162394,0.823486539810725,0.47649572649572647,1.081863628760375,0.8141025641025641,7850.146933398892,0.0,HOW-profile(HoW-cond),Hog_office_Shon,123
-0.4005363223675298,0.6789168278529981,-0.27502673052238974,0.6266924564796905,-0.24305634795600542,0.7659574468085106,-0.1283246819029164,0.9903288201160542,35688.41172784455,270.126265038092,HOW-profile(HoW-cond),Hog_office_Sydney,123
-0.5586620689252253,0.12244897959183673,-0.27326506945294887,0.2653061224489796,-0.03375261162199765,0.40816326530612246,0.4731982820514518,0.6938775510204082,2589.0456041595153,113.66255122026587,HOW-profile(HoW-cond),Hog_office_Valda,123
-0.3198399803806708,0.124,0.5123417480522311,0.24933333333333332,1.1729753533362586,0.35733333333333334,2.659026842522556,0.44533333333333336,3934.357376597145,1382.4976844901717,HOW-profile(HoW-cond),Lamb_education_Armando,123
0.24328177248665914,0.06461538461538462,1.3325260781655088,0.3076923076923077,1.497673025123552,0.3261538461538461,2.099498086328622,0.9292307692307692,281.50345907383456,0.0,HOW-profile(HoW-cond),Lamb_education_Eula,123
0.0863625516786032,0.25153374233128833,1.2945478967587603,0.3619631901840491,1.7800761591381906,0.3834355828220859,3.632636652215187,0.40797546012269936,2732.2174995928317,463.6770954773831,HOW-profile(HoW-cond),Lamb_education_Lazaro,123
0.31059774362988524,0.15463917525773196,1.6083308654590112,0.4742268041237113,1.8051801907913196,0.7044673539518901,2.4178111481507205,1.0,689.9874148777225,0.0,HOW-profile(HoW-cond),Lamb_education_Lucas,123
-0.2650415926105213,0.05647382920110193,0.2577037443595668,0.1790633608815427,0.5474303751196211,0.30303030303030304,1.7917435766980587,0.8815426997245179,9386.55849108594,5.25419288600467,HOW-profile(HoW-cond),Lamb_education_Mae,123
,,,,,,,,0.0,0.0,HOW-profile(HoW-cond),Lamb_education_Willetta,123
-0.2814031133891826,0.1510791366906475,0.4171761463557546,0.3579136690647482,0.9441353180128299,0.3830935251798561,1.7171566657905704,0.6924460431654677,4340.983674226856,734.8926841813179,HOW-profile(HoW-cond),Lamb_education_Williams,123
0.9586019076749309,0.14754098360655737,1.0668194750229307,0.1901639344262295,1.1580197666839187,0.27377049180327867,2.303255468178397,0.5081967213114754,2334.791275192391,124.64261458590028,HOW-profile(HoW-cond),Lamb_office_Caitlin,123
-0.352336266910054,0.07519640852974187,0.28992152674303806,0.24803591470258138,0.5784024986123742,0.33557800224466894,1.6445018277423304,0.8103254769921436,9813.136828809173,1117.230507604571,HOW-profile(HoW-cond),Lamb_office_Velma,123
-0.2661512884159319,0.27040194884287455,0.10378175447377022,0.4348355663824604,0.6299909029057008,0.6869671132764921,0.879504969245699,0.8855054811205847,13741.885133980677,189.2789668781123,HOW-profile(HoW-cond),Rat_retail_Jeffrey,123
-0.1238406412231064,0.3373860182370821,3.370932113666406,1.0,3.6054603074808975,1.0,3.7063379584935667,1.0,33588.96758583762,124.56619969956976,HOW-profile(HoW-cond),Robin_education_Zenia,123
-0.24090409474467459,0.267688679245283,0.44130490406565137,0.5483490566037735,0.5084361888444306,0.6096698113207547,0.5785084546340135,0.7429245283018868,6397.499952015792,110.4701280502336,HOW-profile(HoW-cond),Robin_office_Dina,123
-0.744888142160887,0.11616650532429816,-0.2792608422762742,0.3872216844143272,-0.2302511941284682,0.4927395934172314,-0.0015509031526640502,1.0,28638.901961943724,35.86979335507271,HOW-profile(HoW-cond),Robin_office_Sammie,123
-0.6769452119751571,0.21465295629820053,-0.12414387889427407,0.5244215938303342,-0.10070759409051862,0.5501285347043702,0.22106986396019754,1.0,37713.79795495542,0.0,HOW-profile(HoW-cond),Shrew_office_Doris,123
-0.4881141815999323,0.3485309017223911,-0.122473979056684,0.5400202634245187,-0.026431421728645686,0.5775075987841946,0.352808065203346,1.0,56475.608029300376,0.0,HOW-profile(HoW-cond),Shrew_office_Ila,123
-0.5839057540942977,0.26424870466321243,-0.3054514532270566,0.34585492227979275,-0.2158877880710936,0.4740932642487047,0.43151679656383857,0.9715025906735751,5626.082519954916,0.0,HOW-profile(HoW-cond),Shrew_office_Kenneth,123
-0.2872022871439954,0.3251908396946565,-0.06875813983338688,0.549618320610687,0.057202486490505106,0.7877862595419848,0.17858786090870638,0.8015267175572519,14394.2638131671,0.0,HOW-profile(HoW-cond),Shrew_office_Nora,123
0.5122189342969766,0.08333333333333333,1.4168350395532836,0.08333333333333333,1.7536271666258025,0.09523809523809523,2.823630311308972,0.9761904761904762,3431.345055613974,750.0000924082099,HOW-profile(HoW-cond),Shrew_office_Sherill,123
2.7804118027990015,0.08396946564885496,3.701580799011696,0.1984732824427481,3.9776314428278776,0.3053435114503817,4.543701388851521,0.7709923664122137,833.1804513129612,0.0,HOW-profile(HoW-cond),Wolf_office_Darleen,123
-0.626119023110853,0.19540229885057472,0.10701530742926747,0.5850574712643678,0.38173485047412686,0.7172413793103448,0.5100827480073222,0.8770114942528736,18955.973709227597,0.0,HOW-profile(HoW-cond),Wolf_retail_Harriett,123
1.5411571476242787,0.132569558101473,3.1828801780679035,0.22422258592471359,3.8468747513937447,0.3060556464811784,7.466823966003012,0.6432078559738135,240.8112086307441,49.06125647800477,HOW-profile(HoW-cond),Wolf_retail_Marcella,123
2.897566244892996,0.07956600361663653,4.239573767583864,0.19529837251356238,4.659274186431144,0.3037974683544304,6.545074779683296,0.7775768535262206,1497.2236255203593,413.9777016624653,HOW-profile(HoW-cond),Wolf_retail_Toshia,123
-0.3248005248771964,0.07,0.3219315489615093,0.22333333333333333,0.582146190829531,0.24666666666666667,3.0615766396576136,0.7466666666666667,2373.369318511601,87.98322133298653,TOWT(HoW-cond),Fox_education_Henrietta,123
0.18137073296801196,0.1853932584269663,0.6735297618968658,0.4887640449438202,0.9500140870104473,0.7340823970037453,0.9073493404475159,0.7303370786516854,9988.54459407402,508.74734967780324,TOWT(HoW-cond),Fox_retail_Manie,123
-0.4184166506223962,0.3614163614163614,-0.09186596176690431,0.3882783882783883,0.14503076988759842,0.5628815628815629,0.28067171890947307,0.7032967032967034,54401.37673466893,0.0,TOWT(HoW-cond),Hog_education_Bruno,123
-0.7674952978613137,0.08762886597938144,-0.6349071268972531,0.15807560137457044,-0.5455722037104462,0.21305841924398625,-0.1182336652695229,0.5876288659793815,194402.84155505014,1367.9883498139122,TOWT(HoW-cond),Hog_education_Caridad,123
-0.9517738508259396,0.015594541910331383,-0.8353203915907659,0.06627680311890838,-0.8291888838038988,0.06627680311890838,-0.5347795805246491,0.42300194931773877,74708.30184247419,38341.62747856193,TOWT(HoW-cond),Hog_education_Luvenia,123
-0.29894343721055444,0.27370689655172414,0.3522333096377841,0.5905172413793104,0.4635576802501665,0.6724137931034483,1.0286278252181273,0.9978448275862069,9417.311027781248,0.0,TOWT(HoW-cond),Hog_office_Almeda,123
-0.544562145908885,0.16709844559585493,0.06959290297505491,0.45984455958549225,0.13061143176374324,0.5932642487046632,0.3041963422519243,0.6139896373056994,13863.27034193821,677.7136591565569,TOWT(HoW-cond),Hog_office_Cortney,123
-0.6338151469702706,0.3465491923641703,-0.24560206316421943,0.7165932452276065,-0.20432067609012125,0.7738619676945668,-0.15683253826767637,0.9530102790014684,22167.1395612787,0.0,TOWT(HoW-cond),Hog_office_Denita,123
-0.7879021524703554,0.12222222222222222,-0.49340910941101646,0.2904761904761905,-0.2882608524093538,0.44285714285714284,-0.16260679697135835,0.5793650793650794,74761.55072201448,15487.840040820329,TOWT(HoW-cond),Hog_office_Garrett,123
-0.7550820844468119,0.02197802197802198,-0.4960447159367068,0.042582417582417584,-0.15884148669939394,0.059065934065934064,1.7532006813819099,0.3434065934065934,43327.82005139158,10577.582415180976,TOWT(HoW-cond),Hog_office_Lavon,123
-0.7771939434513413,0.08256880733944955,-0.21704733149068942,0.40978593272171254,-0.11657377029623664,0.48623853211009177,0.6497549394363871,0.9785932721712538,3404.8623827046636,0.0,TOWT(HoW-cond),Hog_office_Merilyn,123
-0.35303065565656166,0.2268041237113402,-0.1337418530626522,0.3951890034364261,-0.07651712040090036,0.5223367697594502,0.1111546050084339,0.6649484536082474,2733.19612771947,0.0,TOWT(HoW-cond),Hog_office_Miriam,123
-0.3411293713974908,0.27902621722846443,-0.03934443924876943,0.5355805243445693,0.16853503586219548,0.7134831460674157,0.23661478336163305,0.8389513108614233,13164.94391405967,1240.808483746051,TOWT(HoW-cond),Hog_office_Napoleon,123
-0.15793977759419237,0.07014388489208633,0.7243977261103522,0.2158273381294964,1.167397968466369,0.3471223021582734,2.337448340879553,0.9982014388489209,6758.17610943246,0.0,TOWT(HoW-cond),Hog_office_Shawna,123
-0.8589028997390408,0.09762202753441802,-0.48196398657088174,0.4918648310387985,-0.46075783098539025,0.5769712140175219,-0.3828299536538238,0.7121401752190237,125372.16791342666,0.0,TOWT(HoW-cond),Hog_office_Shawnna,123
-0.6659355105215948,0.08333333333333333,0.49442199080141547,0.5447154471544715,0.6851659703438171,0.6280487804878049,1.0935062305019199,0.6524390243902439,4999.540930113644,97.67172532886167,TOWT(HoW-cond),Hog_office_Sherrie,123
-0.36463718624524405,0.16025641025641027,0.17371192186516865,0.3141025641025641,0.31807311272000016,0.41239316239316237,0.3987941121250773,0.7713675213675214,7850.146933398892,0.0,TOWT(HoW-cond),Hog_office_Shon,123
-0.43531790672992277,0.6421663442940039,-0.28154998315739127,0.5957446808510638,-0.2401382841071936,0.746615087040619,-0.0827732168721891,1.0,35688.41172784455,270.126265038092,TOWT(HoW-cond),Hog_office_Sydney,123
-0.41793924065292853,0.18877551020408162,0.027838612199992566,0.3520408163265306,0.22186864632495676,0.39540816326530615,0.9261130327015938,0.6938775510204082,2589.0456041595153,113.66255122026587,TOWT(HoW-cond),Hog_office_Valda,123
-0.6769755288474566,0.02,-0.2545058744675164,0.058666666666666666,0.029649467509768296,0.12666666666666668,2.856501907411175,0.4226666666666667,3934.357376597145,1484.8017980232953,TOWT(HoW-cond),Lamb_education_Armando,123
0.18881661322588245,0.06153846153846154,1.5509515496804673,0.41846153846153844,1.829667730479188,0.41846153846153844,2.308584648003434,0.4246153846153846,281.50345907383456,0.0,TOWT(HoW-cond),Lamb_education_Eula,123
0.5115267776664821,0.3098159509202454,1.727758185743104,0.22392638036809817,2.4771582557020584,0.24233128834355827,4.901514272958001,0.40797546012269936,2732.2174995928317,0.0,TOWT(HoW-cond),Lamb_education_Lazaro,123
-0.11985963165780107,0.03436426116838488,1.305506294109523,0.1718213058419244,1.7371818645836572,0.40034364261168387,2.6135771689862515,1.0,689.9874148777225,0.0,TOWT(HoW-cond),Lamb_education_Lucas,123
-0.8795671797757967,0.01790633608815427,-0.688093377518346,0.0743801652892562,-0.5606586584859076,0.13085399449035812,0.6708040153656445,0.6349862258953168,9386.55849108594,3796.92279778839,TOWT(HoW-cond),Lamb_education_Mae,123
inf,,inf,,inf,,inf,,0.0,0.0,TOWT(HoW-cond),Lamb_education_Willetta,123
-0.5549165669608481,0.05575539568345324,0.3939854284549595,0.17446043165467626,0.745268464373583,0.22841726618705036,1.6257240740783883,0.43345323741007197,4340.983674226856,734.8926841813179,TOWT(HoW-cond),Lamb_education_Williams,123
0.49931322060431577,0.04426229508196721,0.6771942677263769,0.06885245901639345,0.7994715399569345,0.10163934426229508,1.4751137119561977,0.10163934426229508,2334.791275192391,1628.591663610175,TOWT(HoW-cond),Lamb_office_Caitlin,123
-0.572630879488492,0.03479236812570146,0.033851300330759525,0.1638608305274972,0.2700933288792877,0.20987654320987653,1.6377903982122002,0.6251402918069585,9813.136828809173,1117.230507604571,TOWT(HoW-cond),Lamb_office_Velma,123
-0.2723813940132555,0.19732034104750304,0.19646161109345836,0.3690621193666261,0.27266989594384006,0.3982947624847747,0.6170021118624787,0.7454323995127893,13741.885133980677,2255.801236583361,TOWT(HoW-cond),Rat_retail_Jeffrey,123
0.09972877214840631,0.3860182370820669,4.125272121579284,1.0,4.280979738769075,1.0,4.280979738769075,1.0,33588.96758583762,0.0,TOWT(HoW-cond),Robin_education_Zenia,123
-0.36339907694743284,0.25,0.35636606004342636,0.5200471698113207,0.40708784286225314,0.5837264150943396,0.49293984143253267,0.7429245283018868,6397.499952015792,110.4701280502336,TOWT(HoW-cond),Robin_office_Dina,123
-0.7941912142564641,0.08906098741529525,-0.3126849564750512,0.38915779283639884,-0.27958157916304305,0.4675701839303001,-0.10852434890111441,0.9457889641819942,28638.901961943724,35.86979335507271,TOWT(HoW-cond),Robin_office_Sammie,123
-0.7482509970947137,0.16195372750642673,-0.19485118127658055,0.4948586118251928,-0.16985089617020738,0.5475578406169666,0.23949276547985437,1.0,37713.79795495542,0.0,TOWT(HoW-cond),Shrew_office_Doris,123
-0.5852838643728043,0.3171225937183384,-0.14575163562971463,0.6514690982776089,-0.07099825438041865,0.6889564336372846,0.1242863790326153,1.0,56475.608029300376,0.0,TOWT(HoW-cond),Shrew_office_Ila,123
-0.6682603491176453,0.133419689119171,-0.4181745694542967,0.22538860103626943,-0.4071737217098306,0.28886010362694303,-0.32103070059270306,0.40932642487046633,5626.082519954916,2044.3788970319556,TOWT(HoW-cond),Shrew_office_Kenneth,123
-0.25949360956418344,0.3053435114503817,0.052464247853888236,0.516030534351145,0.23583642978929917,0.7618320610687023,0.5759426177273372,0.8,14394.2638131671,0.0,TOWT(HoW-cond),Shrew_office_Nora,123
0.37154258136137014,0.08333333333333333,1.4953516803636098,0.08333333333333333,2.3123465843362014,0.09523809523809523,5.002564261525795,0.9761904761904762,3431.345055613974,750.0000924082099,TOWT(HoW-cond),Shrew_office_Sherill,123
2.2520729781720403,0.061068702290076333,3.3374036530177116,0.06870229007633588,3.61710406436717,0.06870229007633588,4.678219059414395,0.07633587786259542,833.1804513129612,7.9152393080438666,TOWT(HoW-cond),Wolf_office_Darleen,123
-0.6991058406058517,0.14482758620689656,-0.009963540789392178,0.5287356321839081,0.15006377856944136,0.632183908045977,0.41897270192693975,0.8781609195402299,18955.973709227597,0.0,TOWT(HoW-cond),Wolf_retail_Harriett,123
1.5311036741654733,0.13911620294599017,3.3663308981548266,0.24877250409165302,4.358883835585615,0.4075286415711948,6.114299267893659,0.6432078559738135,240.8112086307441,49.06125647800477,TOWT(HoW-cond),Wolf_retail_Marcella,123
2.2872325785824654,0.09403254972875226,4.019992646507342,0.24954792043399637,5.326678869656946,0.3743218806509946,12.442035990862795,0.8734177215189873,1497.2236255203593,288.7450087384966,TOWT(HoW-cond),Wolf_retail_Toshia,123
-0.2066180926504911,0.08185053380782918,-0.16790169081418593,0.08718861209964412,0.125723910680455,0.14590747330960854,0.37230544186698766,0.19217081850533807,1107.4806002254224,313.7842675572221,PatchTST-SSL(HoW-cond),Fox_education_Henrietta,124
0.42501768823483854,0.14132762312633834,0.9969305903032664,0.49678800856531047,1.7680439765430478,0.8629550321199143,1.9585499725395559,0.7473233404710921,3626.3112078834088,0.0,PatchTST-SSL(HoW-cond),Fox_retail_Manie,124
-0.47755287886385783,0.31393939393939396,-0.24821178361821028,0.416969696969697,-0.23505316815355298,0.416969696969697,-0.08485260741435136,0.5575757575757576,70905.57536670782,10237.327144428455,PatchTST-SSL(HoW-cond),Hog_education_Bruno,124
-0.5005046898471636,0.03442340791738382,-0.5544561807432833,0.06368330464716007,-0.4308322111163208,0.09982788296041308,0.04312857652652368,0.2719449225473322,56272.62225551479,5257.691884890048,PatchTST-SSL(HoW-cond),Hog_education_Caridad,124
-0.08291174182734674,0.3219761499148211,0.01955001912234217,0.41396933560477,0.09877117301381848,0.5076660988074957,0.3121225117237349,0.5877342419080068,59142.887731973824,1033.8116659066873,PatchTST-SSL(HoW-cond),Hog_education_Luvenia,124
-0.6674334802370052,0.1812227074235808,-0.22543632609461076,0.36790393013100436,-0.15541513937630108,0.3875545851528384,0.314859278005242,0.7041484716157205,26347.14394521596,4276.260423105365,PatchTST-SSL(HoW-cond),Hog_office_Almeda,124
-0.6384172833436846,0.07122507122507123,0.26024314375262475,0.24216524216524216,0.7167976825156351,0.28347578347578345,2.6781788742594164,0.9743589743589743,5763.154084636514,1643.1245456414822,PatchTST-SSL(HoW-cond),Hog_office_Cortney,124
0.16300030229010734,0.75,1.2587814878310284,0.75,1.6519186624500246,0.8125,4.697826305416123,0.9375,1957.7320670309248,0.0,PatchTST-SSL(HoW-cond),Hog_office_Denita,124
0.5632751935766743,0.1275626423690205,1.8160351684886913,0.2072892938496583,2.2155656221363107,0.357630979498861,3.2556030350793908,1.0,4905.220974570065,1150.2193187770629,PatchTST-SSL(HoW-cond),Hog_office_Garrett,124
-0.544974366975067,0.08236808236808237,0.02042134760847764,0.16731016731016732,0.16542846127673858,0.23294723294723294,1.295531454946025,0.4247104247104247,77630.38289868446,22002.338440437285,PatchTST-SSL(HoW-cond),Hog_office_Lavon,124
-0.9383694772722914,0.004866180048661801,-0.8557325097100448,0.01824817518248175,-0.8182654346490253,0.058394160583941604,-0.040673776545912324,0.354014598540146,2475.5146315287707,183.57863311676067,PatchTST-SSL(HoW-cond),Hog_office_Merilyn,124
-0.9188270674252736,0.022187004754358162,-0.6318908279516204,0.17115689381933438,-0.55473118732553,0.25356576862123614,-0.2459594527371872,0.49920760697305866,3018.017875718827,0.0,PatchTST-SSL(HoW-cond),Hog_office_Miriam,124
-0.3675327135421831,0.18409090909090908,0.12820200644920296,0.35454545454545455,0.3103786369407996,0.5136363636363637,0.7845808671030668,0.5681818181818182,7939.414743740277,585.9359372638103,PatchTST-SSL(HoW-cond),Hog_office_Napoleon,124
-0.7797619421404091,0.107421875,0.2918654720683277,0.607421875,0.40916493363324574,0.703125,0.628488961647653,0.8515625,21745.98594262971,781.6706310996688,PatchTST-SSL(HoW-cond),Hog_office_Shawna,124
-0.735643267438359,0.20046082949308755,-0.3553344306547175,0.4642857142857143,-0.3267431451804401,0.554147465437788,-0.23441582592002919,0.8629032258064516,146378.57176457968,0.0,PatchTST-SSL(HoW-cond),Hog_office_Shawnna,124
-0.5688110800039818,0.10163934426229508,-0.011339029599049581,0.27377049180327867,0.15185029342200604,0.3442622950819672,0.9874337846476829,0.759016393442623,4885.453478772886,0.0,PatchTST-SSL(HoW-cond),Hog_office_Sherrie,124
-0.5692769533773149,0.28885832187070154,-0.05256583495140508,0.5529573590096286,-0.03590732406439332,0.5928473177441541,0.07527728616655424,0.8486932599724897,26788.902373174722,707.2217123860731,PatchTST-SSL(HoW-cond),Hog_office_Shon,124
-0.7345407386111802,0.06995884773662552,-0.18363658101530328,0.23251028806584362,-0.09143125482960027,0.411522633744856,0.297402046884983,0.6646090534979424,5659.770485979846,94.92475947572255,PatchTST-SSL(HoW-cond),Hog_office_Sydney,124
-0.7559689551167831,0.06684491978609626,0.019006497264730977,0.20989304812834225,0.2876793459545353,0.356951871657754,1.3672688569133318,0.8074866310160428,3235.1808664736077,210.78209659420787,PatchTST-SSL(HoW-cond),Hog_office_Valda,124
-0.6511078139144798,0.11851851851851852,-0.0344981170693087,0.4222222222222222,0.3158923552751553,0.5925925925925926,2.6149505291965385,0.9,5435.352705326311,235.3689587498103,PatchTST-SSL(HoW-cond),Lamb_education_Armando,124
-0.8127736294772859,0.06395939086294417,-0.0402071072182116,0.3086294416243655,0.18644653011067455,0.45989847715736043,1.0143730280667096,0.7604060913705584,495.683569918793,24.829181915334505,PatchTST-SSL(HoW-cond),Lamb_education_Eula,124
-0.31678563938412335,0.04797047970479705,0.1310147769868385,0.14575645756457564,0.5765706815931729,0.2822878228782288,3.2272537604820695,0.7896678966789668,3911.7728013481587,175.4824471788012,PatchTST-SSL(HoW-cond),Lamb_education_Lazaro,124
-0.3578568541129898,0.037712895377128956,1.6124701933962025,0.19464720194647203,1.9080541230278576,0.32968369829683697,3.0501100466609463,0.791970802919708,828.5473526716132,0.0,PatchTST-SSL(HoW-cond),Lamb_education_Lucas,124
-0.30524179344028013,0.2393617021276596,0.29472491313466564,0.48138297872340424,0.6199761150909936,0.601063829787234,1.7669692939895216,1.0,12530.660011929125,0.0,PatchTST-SSL(HoW-cond),Lamb_education_Mae,124
inf,,inf,,inf,,inf,,0.0,0.0,PatchTST-SSL(HoW-cond),Lamb_education_Willetta,124
-0.4825712174108378,0.07128309572301425,0.4333419972602766,0.20570264765784113,1.0921273364406743,0.28105906313645623,3.7180906145385686,0.8513238289205702,3389.4907512393693,167.49647288672838,PatchTST-SSL(HoW-cond),Lamb_education_Williams,124
-0.07133829755815865,0.06357615894039735,0.41728096322948693,0.1827814569536424,0.5602726760035476,0.343046357615894,0.9836491342428908,0.5364238410596026,2476.678899597335,0.0,PatchTST-SSL(HoW-cond),Lamb_office_Caitlin,124
1.5537718786107635,0.04700854700854701,3.258705558719023,0.07264957264957266,4.0600388014483135,0.10683760683760683,10.128365478865382,0.6709401709401709,2192.5150835093805,335.24492273029006,PatchTST-SSL(HoW-cond),Lamb_office_Velma,124
-0.7772026094088272,0.14626391096979333,-0.32260343316637746,0.32273449920508746,-0.14295515479927207,0.5325914149443561,0.04123637496679833,0.6788553259141494,9401.103471177124,216.859487484736,PatchTST-SSL(HoW-cond),Rat_retail_Jeffrey,124
-0.5699598783259293,0.28330522765598654,0.6556057500524066,0.8431703204047217,0.821031875463901,0.8431703204047217,0.821031875463901,0.8431703204047217,96598.2212980391,770.5893926980148,PatchTST-SSL(HoW-cond),Robin_education_Zenia,124
-0.5585923893418576,0.27768014059753954,-0.252210187466202,0.5184534270650264,-0.2428064238917295,0.5202108963093146,-0.008061137688047313,0.9086115992970123,8183.486186309855,103.85123793855118,PatchTST-SSL(HoW-cond),Robin_office_Dina,124
-0.7797417293216478,0.09669211195928754,-0.5051096495987718,0.3104325699745547,-0.4375073963025919,0.37404580152671757,0.22193412932469092,0.7837150127226463,8038.4596903316215,245.05695107701519,PatchTST-SSL(HoW-cond),Robin_office_Sammie,124
-0.8533096915698888,0.048214285714285716,-0.6213085903203098,0.24285714285714285,-0.34207862491300456,0.39285714285714285,0.433917595149852,0.8767857142857143,13481.714723603747,552.3972861989043,PatchTST-SSL(HoW-cond),Shrew_office_Doris,124
-0.7461810247009978,0.17890995260663506,-0.34460092984035373,0.3578199052132701,-0.3285419585950333,0.3732227488151659,0.25179835276713947,0.8779620853080569,43987.54832713803,0.0,PatchTST-SSL(HoW-cond),Shrew_office_Ila,124
-0.7366380760427498,0.2055800293685756,-0.290539267490716,0.591776798825257,-0.2384233300077487,0.7254038179148311,-0.17593536396192452,1.0,9362.96485472773,0.0,PatchTST-SSL(HoW-cond),Shrew_office_Kenneth,124
-0.2602202525787037,0.3058823529411765,0.0808944353882158,0.5529411764705883,0.4077530173856833,0.8117647058823529,1.9757267789558253,0.9647058823529412,3625.8417730065985,552.9763488267555,PatchTST-SSL(HoW-cond),Shrew_office_Nora,124
-0.6724354427998475,0.18494271685761046,-0.23782109768360093,0.41243862520458263,-0.19978474614243552,0.4451718494271686,0.07298814523572492,0.6399345335515548,40670.41259053998,3124.000009028708,PatchTST-SSL(HoW-cond),Shrew_office_Sherill,124
-0.5545252504319851,0.057663125948406675,-0.3360060937151122,0.1471927162367223,-0.1669015942349255,0.2306525037936267,0.23733753612323516,0.3596358118361153,3533.560887216791,397.33894205403715,PatchTST-SSL(HoW-cond),Wolf_office_Darleen,124
-0.40269624939275417,0.028747433264887063,0.41675133435099815,0.14784394250513347,2.0235079924569477,0.3839835728952772,7.31825508498413,0.9753593429158111,1612.224977001204,378.23525998102906,PatchTST-SSL(HoW-cond),Wolf_retail_Harriett,124
-0.6005206661420119,0.06837606837606838,0.09850865325528775,0.33618233618233617,0.31508144452407405,0.3817663817663818,0.6326910749254238,0.6495726495726496,987.5867578599267,59.85411486576385,PatchTST-SSL(HoW-cond),Wolf_retail_Marcella,124
-0.5015335010372354,0.06628242074927954,-0.07212487914751566,0.2478386167146974,0.048727981817225284,0.34293948126801155,0.8053238848761749,0.6484149855907781,8115.615163571036,793.1988403244793,PatchTST-SSL(HoW-cond),Wolf_retail_Toshia,124
-0.31138123469972184,0.0711743772241993,-0.03456097538859686,0.09252669039145907,0.14190397581049358,0.13523131672597866,0.37899020369325,0.18861209964412812,1107.4806002254224,313.7842675572221,PatchTST-SSL(HoD-cond),Fox_education_Henrietta,124
0.40298599619717873,0.14989293361884368,0.9266492857773497,0.4089935760171306,1.4108343809040815,0.5910064239828694,1.970314637761225,0.7537473233404711,3626.3112078834088,0.0,PatchTST-SSL(HoD-cond),Fox_retail_Manie,124
-0.47596328653832437,0.30303030303030304,-0.27052064431121414,0.39151515151515154,-0.2668010474035387,0.3987878787878788,-0.1591755238362027,0.5551515151515152,70905.57536670782,18637.064276813755,PatchTST-SSL(HoD-cond),Hog_education_Bruno,124
-0.4888612685260296,0.01721170395869191,-0.487840234662784,0.03442340791738382,-0.3373276048865323,0.06540447504302926,0.19470502243788637,0.24612736660929432,56272.62225551479,5257.691884890048,PatchTST-SSL(HoD-cond),Hog_education_Caridad,124
-0.11358761463982714,0.27938671209540034,0.06837387825274967,0.39522998296422485,0.09497548642233727,0.45315161839863716,0.37427658389879814,0.7342419080068143,59142.887731973824,0.0,PatchTST-SSL(HoD-cond),Hog_education_Luvenia,124
-0.6464063587140678,0.17248908296943233,-0.22030852347052798,0.34934497816593885,-0.10699709088931908,0.40829694323144106,0.22714523034976536,0.7041484716157205,26347.14394521596,4918.236877893499,PatchTST-SSL(HoD-cond),Hog_office_Almeda,124
-0.7068265229856308,0.04415954415954416,-0.24443405844985672,0.10683760683760683,0.007830469206595516,0.14387464387464388,0.8199464653620028,0.5783475783475783,5763.154084636514,1939.975330642841,PatchTST-SSL(HoD-cond),Hog_office_Cortney,124
0.02105523503265647,0.75,0.25740079719625275,0.75,0.3515891203256716,0.8125,1.1813196951926628,0.8125,1957.7320670309248,0.0,PatchTST-SSL(HoD-cond),Hog_office_Denita,124
0.7388669567866846,0.1070615034168565,1.8415692558235983,0.17084282460136674,2.1307317639891483,0.29157175398633256,2.867351010559779,0.5216400911161732,4905.220974570065,1150.2193187770629,PatchTST-SSL(HoD-cond),Hog_office_Garrett,124
-0.7196694651277837,0.019305019305019305,-0.3392018930268564,0.0489060489060489,-0.19239215733443418,0.05662805662805663,0.8883018274378186,0.22522522522522523,77630.38289868446,58696.01970959902,PatchTST-SSL(HoD-cond),Hog_office_Lavon,124
-0.9120081396243432,0.012165450121654502,-0.807431207640519,0.029197080291970802,-0.7669882065960641,0.06447688564476886,-0.0014397361579319519,0.5255474452554745,2475.5146315287707,183.57863311676067,PatchTST-SSL(HoD-cond),Hog_office_Merilyn,124
-0.8467852523639581,0.03169572107765452,-0.5236728825904825,0.09667194928684628,-0.4738236887829361,0.11410459587955626,-0.3602184957208377,0.098256735340729,3018.017875718827,195.2461875304726,PatchTST-SSL(HoD-cond),Hog_office_Miriam,124
-0.6883234272474642,0.06136363636363636,-0.30313977431977124,0.19090909090909092,-0.2677258507124158,0.22727272727272727,-0.13233513251145265,0.2636363636363636,7939.414743740277,585.9359372638103,PatchTST-SSL(HoD-cond),Hog_office_Napoleon,124
-0.8413354783664132,0.037109375,-0.33468009593533754,0.212890625,-0.30008569372031696,0.248046875,0.08770400419075822,0.595703125,21745.98594262971,2325.5730173474967,PatchTST-SSL(HoD-cond),Hog_office_Shawna,124
-0.7375126318259801,0.18202764976958524,-0.3600342291046037,0.4228110599078341,-0.3355288215930094,0.5161290322580645,-0.29690671655809076,0.5679723502304147,146378.57176457968,7368.0963669449375,PatchTST-SSL(HoD-cond),Hog_office_Shawnna,124
-0.702813640316039,0.040983606557377046,-0.2579788242655682,0.12622950819672132,0.0011639708293607874,0.25573770491803277,0.5614138922034267,0.6819672131147541,4885.453478772886,689.4963211207596,PatchTST-SSL(HoD-cond),Hog_office_Sherrie,124
-0.704909388953721,0.1499312242090784,-0.3164155131022731,0.34112792297111416,-0.29681822382509476,0.3796423658872077,0.12362628305471199,0.8473177441540578,26788.902373174722,707.2217123860731,PatchTST-SSL(HoD-cond),Hog_office_Shon,124
-0.8349941114912292,0.0205761316872428,-0.5385641466509976,0.04938271604938271,-0.5210480808149341,0.09053497942386832,0.4004832003800978,0.4711934156378601,5659.770485979846,800.8576153867873,PatchTST-SSL(HoD-cond),Hog_office_Sydney,124
-0.7702032203126671,0.045454545454545456,-0.2978748494657004,0.13502673796791445,-0.13196273371825185,0.23796791443850268,1.5373315161487722,0.8368983957219251,3235.1808664736077,0.0,PatchTST-SSL(HoD-cond),Hog_office_Valda,124
-0.7031515642754378,0.025925925925925925,-0.41743363670391415,0.08888888888888889,-0.23723496267476013,0.15925925925925927,1.523284709641448,0.8407407407407408,5435.352705326311,235.3689587498103,PatchTST-SSL(HoD-cond),Lamb_education_Armando,124
-0.8364819997681241,0.028426395939086295,-0.18475622753223725,0.19695431472081218,0.026033225879223854,0.31370558375634516,0.9401977291316611,0.7228426395939086,495.683569918793,24.829181915334505,PatchTST-SSL(HoD-cond),Lamb_education_Eula,124
0.11236650526844276,0.016605166051660517,0.07759621712186791,0.03136531365313653,0.35323610027745106,0.0940959409594096,1.909440512462272,0.4944649446494465,3911.7728013481587,998.6636333565048,PatchTST-SSL(HoD-cond),Lamb_education_Lazaro,124
-0.36722716898020036,0.021897810218978103,1.6716777821595812,0.1411192214111922,1.8964460197942345,0.24087591240875914,2.6647110935524445,0.6143552311435523,828.5473526716132,106.58158020200854,PatchTST-SSL(HoD-cond),Lamb_education_Lucas,124
-0.37653709775243194,0.14893617021276595,0.08354719064727938,0.3696808510638298,0.39210716671867596,0.4627659574468085,1.7041674741986255,1.0,12530.660011929125,970.0878135073401,PatchTST-SSL(HoD-cond),Lamb_education_Mae,124
inf,,inf,,inf,,inf,,0.0,0.0,PatchTST-SSL(HoD-cond),Lamb_education_Willetta,124
-0.6214256468992638,0.028513238289205704,-0.3144067317770554,0.09979633401221996,0.05885658795154128,0.14052953156822812,0.7423845269575999,0.164969450101833,3389.4907512393693,353.1591620716319,PatchTST-SSL(HoD-cond),Lamb_education_Williams,124
0.48382107209531555,0.1152317880794702,0.6959271596327897,0.16821192052980133,0.8589565377329811,0.2847682119205298,1.0537390220682719,0.5562913907284768,2476.678899597335,260.5031542122271,PatchTST-SSL(HoD-cond),Lamb_office_Caitlin,124
0.975389708352464,0.038461538461538464,2.3052355406509406,0.0641025641025641,2.513140143359776,0.09829059829059829,8.268037225822585,0.6752136752136753,2192.5150835093805,335.24492273029006,PatchTST-SSL(HoD-cond),Lamb_office_Velma,124
-0.7669568244173469,0.13195548489666137,-0.407659839033671,0.246422893481717,-0.21247301438192853,0.4626391096979332,-0.2956883345168449,0.6534181240063593,9401.103471177124,141.82856022609417,PatchTST-SSL(HoD-cond),Rat_retail_Jeffrey,124
-0.5882488253169779,0.26644182124789206,0.1012281951507287,0.45699831365935917,0.25267019463641616,0.4822934232715008,0.7107070329715696,0.7942664418212478,96598.2212980391,770.5893926980148,PatchTST-SSL(HoD-cond),Robin_education_Zenia,124
-0.6295322908519837,0.2056239015817223,-0.29604862700747003,0.4446397188049209,-0.21831054402095293,0.5272407732864675,-0.023390821384197333,0.9349736379613357,8183.486186309855,103.85123793855118,PatchTST-SSL(HoD-cond),Robin_office_Dina,124
-0.8541341050244776,0.03307888040712468,-0.5999288288541664,0.1984732824427481,-0.5359364783387626,0.24681933842239187,0.10402698911960433,0.7786259541984732,8038.4596903316215,245.05695107701519,PatchTST-SSL(HoD-cond),Robin_office_Sammie,124
-0.8715869294534865,0.03214285714285714,-0.7306248508229345,0.08928571428571429,-0.6288072046829841,0.12321428571428572,0.1547777315584612,0.8767857142857143,13481.714723603747,1812.0980503973062,PatchTST-SSL(HoD-cond),Shrew_office_Doris,124
-0.6652631096609208,0.18364928909952608,-0.23697973080155257,0.43838862559241704,-0.2040277435714491,0.4597156398104265,0.21703206941729983,0.8530805687203792,43987.54832713803,160.2436871752297,PatchTST-SSL(HoD-cond),Shrew_office_Ila,124
-0.7947018697957248,0.14831130690161526,-0.5891339545611907,0.32305433186490456,-0.44298143978494836,0.4669603524229075,-0.4228900874280444,0.6828193832599119,9362.96485472773,0.0,PatchTST-SSL(HoD-cond),Shrew_office_Kenneth,124
-0.3604777353831632,0.17647058823529413,-0.2658276517994914,0.32941176470588235,-0.08836977668297313,0.5176470588235295,1.2980245441247196,0.7529411764705882,3625.8417730065985,552.9763488267555,PatchTST-SSL(HoD-cond),Shrew_office_Nora,124
-0.7641201260380838,0.06546644844517185,-0.48495761035478563,0.21112929623567922,-0.3952631090784492,0.28314238952536824,-0.12877587659153963,0.44353518821603927,40670.41259053998,5787.731521380518,PatchTST-SSL(HoD-cond),Shrew_office_Sherill,124
-0.7639447185112163,0.03338391502276176,-0.5501976459623692,0.0819423368740516,-0.5021092278088926,0.1274658573596358,-0.10837154834443465,0.28072837632776937,3533.560887216791,397.33894205403715,PatchTST-SSL(HoD-cond),Wolf_office_Darleen,124
-0.4935646807506513,0.008213552361396304,-0.12694275332865565,0.024640657084188913,0.2140670438693067,0.049281314168377825,2.9509970643680092,0.2731006160164271,1612.224977001204,660.2337768645815,PatchTST-SSL(HoD-cond),Wolf_retail_Harriett,124
-0.6390618887580632,0.07692307692307693,-0.08725197244249976,0.3076923076923077,0.006179658538258967,0.3076923076923077,0.14858872216659733,0.3076923076923077,987.5867578599267,59.85411486576385,PatchTST-SSL(HoD-cond),Wolf_retail_Marcella,124
-0.8461317066301172,0.02881844380403458,-0.6674879662047986,0.07204610951008646,-0.6012527289154915,0.10662824207492795,-0.19695442949650085,0.5677233429394812,8115.615163571036,826.6462503668081,PatchTST-SSL(HoD-cond),Wolf_retail_Toshia,124
-0.32435175887537226,0.06761565836298933,-0.020582184937931954,0.10320284697508897,0.13785747617580726,0.1494661921708185,1.6162939744890836,0.4786476868327402,1107.4806002254224,268.37177566030937,HOW-profile(HoW-cond),Fox_education_Henrietta,124
2.2929396211780304,0.21413276231263384,3.0330004320006285,0.8115631691648822,3.5145804134904766,0.9635974304068522,3.7146923335472644,0.9464668094218416,3626.3112078834088,0.0,HOW-profile(HoW-cond),Fox_retail_Manie,124
-0.46784158848998,0.3563636363636364,-0.5814314904811785,0.3054545454545455,-0.174642996313865,0.5418181818181819,-0.07644093648654662,0.7248484848484849,70905.57536670782,10237.327144428455,HOW-profile(HoW-cond),Hog_education_Bruno,124
-0.3162833612555095,0.09982788296041308,-0.30165591294156885,0.06884681583476764,-0.19784864424082232,0.12048192771084337,-0.04032806286306973,0.33562822719449226,56272.62225551479,5257.691884890048,HOW-profile(HoW-cond),Hog_education_Caridad,124
0.001350492204351375,0.37649063032367974,0.13533552182046457,0.5008517887563884,0.1654758836457115,0.5212947189097104,0.27409804743053806,0.555366269165247,59142.887731973824,1033.8116659066873,HOW-profile(HoW-cond),Hog_education_Luvenia,124
-0.5535728505871249,0.19323144104803494,-0.031342342282431976,0.4432314410480349,0.04107211797901833,0.5393013100436681,0.37433142414302223,0.7860262008733624,26347.14394521596,4276.260423105365,HOW-profile(HoW-cond),Hog_office_Almeda,124
-0.42335106689094376,0.10826210826210826,-0.07458400334394788,0.18376068376068377,0.22340701579937441,0.2863247863247863,0.7501505606950529,0.9985754985754985,5763.154084636514,1790.3155883821585,HOW-profile(HoW-cond),Hog_office_Cortney,124
0.21000524378370156,0.75,0.6045233512443176,0.8125,0.6842311430447854,0.875,1.3054495776206891,0.9375,1957.7320670309248,0.0,HOW-profile(HoW-cond),Hog_office_Denita,124
0.5731867178771218,0.17084282460136674,1.231425232209019,0.38724373576309795,1.6506380196225992,0.6537585421412301,2.176279243907035,0.9544419134396356,4905.220974570065,0.0,HOW-profile(HoW-cond),Hog_office_Garrett,124
-0.11020897753441866,0.3127413127413127,3.257170081408444,0.4967824967824968,3.2575212003773615,0.5045045045045045,3.440371249324153,0.7876447876447876,77630.38289868446,22002.338440437285,HOW-profile(HoW-cond),Hog_office_Lavon,124
-0.9274785807890716,0.0072992700729927005,-0.8360768856633572,0.023114355231143552,-0.764047584934349,0.037712895377128956,-0.18256693653229025,0.3442822384428224,2475.5146315287707,554.4916252570599,HOW-profile(HoW-cond),Hog_office_Merilyn,124
-0.9072457242567225,0.028526148969889066,-0.6382434330356768,0.19175911251980982,-0.6065796388146121,0.27892234548335976,-0.5099216245785296,0.48177496038034867,3018.017875718827,38.11091692338832,HOW-profile(HoW-cond),Hog_office_Miriam,124
-0.08425066026018864,0.19090909090909092,0.31554375397096274,0.39090909090909093,0.595821355390721,0.5431818181818182,0.7635680704860947,0.6295454545454545,7939.414743740277,585.9359372638103,HOW-profile(HoW-cond),Hog_office_Napoleon,124
-0.4624436721313409,0.255859375,0.3143669018378238,0.623046875,0.47055156385105257,0.712890625,0.8020021745718662,0.9609375,21745.98594262971,781.6706310996688,HOW-profile(HoW-cond),Hog_office_Shawna,124
-0.6573546001809161,0.25921658986175117,-0.24757768198377242,0.6451612903225806,-0.2047339684759376,0.7845622119815668,-0.1703416813860891,0.9158986175115207,146378.57176457968,0.0,HOW-profile(HoW-cond),Hog_office_Shawnna,124
-0.7002784272484772,0.06229508196721312,-0.36295438719423184,0.20327868852459016,-0.23503354450451613,0.25081967213114753,0.3183792329784727,0.7557377049180328,4885.453478772886,0.0,HOW-profile(HoW-cond),Hog_office_Sherrie,124
-0.49977392266658915,0.29573590096286106,-0.032197276324064335,0.5584594222833562,0.005268755898766318,0.6217331499312242,0.13876409598697276,0.8500687757909215,26788.902373174722,0.0,HOW-profile(HoW-cond),Hog_office_Shon,124
-0.6910122455262312,0.08024691358024691,-0.551712621811923,0.205761316872428,-0.4476792314583537,0.43209876543209874,-0.17539376966228043,0.7736625514403292,5659.770485979846,94.92475947572255,HOW-profile(HoW-cond),Hog_office_Sydney,124
-0.6579038766717449,0.11764705882352941,-0.3534919878404702,0.26336898395721925,-0.16740478042920767,0.3770053475935829,0.5853662164262674,0.8061497326203209,3235.1808664736077,210.78209659420787,HOW-profile(HoW-cond),Hog_office_Valda,124
-0.1440173183348868,0.5074074074074074,0.6903254125363324,0.8222222222222222,1.1206214169355728,0.9407407407407408,2.045161153966966,0.9888888888888889,5435.352705326311,235.3689587498103,HOW-profile(HoW-cond),Lamb_education_Armando,124
-0.6151734385884499,0.10253807106598985,0.6114417514841686,0.4781725888324873,0.7973007882494898,0.583756345177665,1.2348728787024328,0.8791878172588833,495.683569918793,24.829181915334505,HOW-profile(HoW-cond),Lamb_education_Eula,124
-0.6276580129768644,0.03690036900369004,-0.09628026958285779,0.11070110701107011,0.11463254716371254,0.2177121771217712,2.198020698857124,0.7730627306273062,3911.7728013481587,175.4824471788012,HOW-profile(HoW-cond),Lamb_education_Lazaro,124
0.030929906026725122,0.07542579075425791,1.2097905398313458,0.36982968369829683,1.5396691114609586,0.5754257907542579,2.10492102877968,0.8102189781021898,828.5473526716132,0.0,HOW-profile(HoW-cond),Lamb_education_Lucas,124
0.19358028797183174,0.39361702127659576,0.9461751149693379,0.6223404255319149,1.1090035636322049,0.6702127659574468,1.8657205200049098,1.0,12530.660011929125,0.0,HOW-profile(HoW-cond),Lamb_education_Mae,124
,,,,,,,,0.0,0.0,HOW-profile(HoW-cond),Lamb_education_Willetta,124
0.050258560131496856,0.1934826883910387,1.2634731487182154,0.42362525458248473,1.7562315370953752,0.43584521384928715,2.6062115358754747,1.0,3389.4907512393693,167.49647288672838,HOW-profile(HoW-cond),Lamb_education_Williams,124
0.857557917919304,0.13509933774834437,0.8222106088517583,0.18940397350993377,1.3996599339647369,0.2993377483443709,2.1529295382247278,0.43443708609271525,2476.678899597335,794.5412126531814,HOW-profile(HoW-cond),Lamb_office_Caitlin,124
2.076358102865114,0.04700854700854701,3.8580334169283694,0.05128205128205128,5.1942385915403255,0.05555555555555555,10.313564994111923,0.6709401709401709,2192.5150835093805,335.24492273029006,HOW-profile(HoW-cond),Lamb_office_Velma,124
-0.37771504406001666,0.23052464228934816,0.012275991813523629,0.44038155802861684,0.602786197220315,0.685214626391097,0.9900037484265228,0.7074721780604134,9401.103471177124,216.859487484736,HOW-profile(HoW-cond),Rat_retail_Jeffrey,124
-0.4223037996115908,0.3254637436762226,1.1721347244133826,1.0,1.2499164485386955,1.0,1.2499164485386955,1.0,96598.2212980391,770.5893926980148,HOW-profile(HoW-cond),Robin_education_Zenia,124
-0.43414859113164056,0.27768014059753954,-0.029609656834498326,0.5729349736379613,-0.01670599357950889,0.5746924428822495,0.4662446386185667,1.0,8183.486186309855,103.85123793855118,HOW-profile(HoW-cond),Robin_office_Dina,124
-0.6283822580515909,0.12213740458015267,-0.06542269123454941,0.4529262086513995,0.12062164166405955,0.6641221374045801,0.669371767003825,0.9974554707379135,8038.4596903316215,245.05695107701519,HOW-profile(HoW-cond),Robin_office_Sammie,124
-0.7400556271915911,0.12142857142857143,-0.38012376953040433,0.35714285714285715,-0.30046536367584425,0.4160714285714286,0.4318962408455729,0.8732142857142857,13481.714723603747,552.3972861989043,HOW-profile(HoW-cond),Shrew_office_Doris,124
-0.5998475914751128,0.20616113744075829,-0.12593128501352904,0.3791469194312796,-0.08828764858656225,0.38744075829383884,0.41635944276795805,0.7440758293838863,43987.54832713803,2861.668889784182,HOW-profile(HoW-cond),Shrew_office_Ila,124
-0.6721015168031885,0.3671071953010279,-0.11749799666536206,0.6196769456681351,-0.06920664902140826,0.7063142437591777,0.3430948814399872,0.973568281938326,9362.96485472773,0.0,HOW-profile(HoW-cond),Shrew_office_Kenneth,124
0.3259283463265519,0.4470588235294118,0.9174479004047166,0.6235294117647059,1.2305374278407448,0.9294117647058824,1.7384057009984686,0.8705882352941177,3625.8417730065985,552.9763488267555,HOW-profile(HoW-cond),Shrew_office_Nora,124
-0.3175768985405134,0.32405891980360063,-0.08452525758105615,0.45171849427168576,-0.047520817592110055,0.49427168576104746,0.03398736245229531,0.7708674304418985,40670.41259053998,3124.000009028708,HOW-profile(HoW-cond),Shrew_office_Sherill,124
-0.039025658579773206,0.15022761760242792,0.34238334158297207,0.4355083459787557,0.5229699847596886,0.5887708649468892,0.9144639479853638,0.8163884673748103,3533.560887216791,0.0,HOW-profile(HoW-cond),Wolf_office_Darleen,124
0.3159496347335093,0.07186858316221766,3.0242021612578074,0.33059548254620125,5.79092839374434,0.5913757700205339,8.772841169092201,0.7967145790554415,1612.224977001204,232.50153552626406,HOW-profile(HoW-cond),Wolf_retail_Harriett,124
-0.37658752724667427,0.05128205128205128,0.46752235743073495,0.28205128205128205,0.6609078369208463,0.33903133903133903,1.5705947198745027,0.6752136752136753,987.5867578599267,0.0,HOW-profile(HoW-cond),Wolf_retail_Marcella,124
0.11978774164496124,0.22478386167146974,0.6174044168796858,0.521613832853026,0.771695345454475,0.654178674351585,1.1875367526675276,0.9740634005763689,8115.615163571036,452.5884349261682,HOW-profile(HoW-cond),Wolf_retail_Toshia,124
0.41137879115826487,0.13701067615658363,1.0797097050536497,0.20818505338078291,1.534409484655937,0.26512455516014233,6.631147488718761,0.5320284697508897,1107.4806002254224,268.37177566030937,TOWT(HoW-cond),Fox_education_Henrietta,124
1.8631134517065366,0.18843683083511778,2.4869068534535326,0.5610278372591007,3.0863906139197264,0.9593147751605996,3.0628380005515066,0.7558886509635975,3626.3112078834088,0.0,TOWT(HoW-cond),Fox_retail_Manie,124
-0.507437681450078,0.2824242424242424,-0.542742883851354,0.21575757575757576,-0.10227061754647093,0.4618181818181818,0.054517882251958576,0.6690909090909091,70905.57536670782,10237.327144428455,TOWT(HoW-cond),Hog_education_Bruno,124
-0.7910709085108517,0.0034423407917383822,-0.7111815604222398,0.0034423407917383822,-0.6688733128946104,0.0034423407917383822,-0.32258144697469565,0.1721170395869191,56272.62225551479,53938.11084692582,TOWT(HoW-cond),Hog_education_Caridad,124
-0.003690566124702585,0.3850085178875639,0.12918054769676365,0.49233390119250425,0.15730734161747234,0.5025553662691652,0.2885369167142803,0.5587734241908007,59142.887731973824,1033.8116659066873,TOWT(HoW-cond),Hog_education_Luvenia,124
-0.5287156966301398,0.20087336244541484,-0.13674853604423348,0.39082969432314413,-0.10217933349780772,0.46943231441048033,0.2385502993135958,0.7925764192139738,26347.14394521596,2954.5623889841436,TOWT(HoW-cond),Hog_office_Almeda,124
-0.44006653982693134,0.10826210826210826,0.01176126390582024,0.18518518518518517,0.16620079343582694,0.2492877492877493,0.6202155572843936,0.9985754985754985,5763.154084636514,1790.3155883821585,TOWT(HoW-cond),Hog_office_Cortney,124
0.11249301426782926,0.75,0.4700502614883113,0.8125,0.6075577285833894,0.875,1.648290726580429,0.9375,1957.7320670309248,0.0,TOWT(HoW-cond),Hog_office_Denita,124
-0.431382913477006,0.015945330296127564,-0.36234436166991163,0.02733485193621868,-0.3476301276595597,0.04100227790432802,-0.19332340855537997,0.11617312072892938,4905.220974570065,2489.506720300461,TOWT(HoW-cond),Hog_office_Garrett,124
-0.8660767209130474,0.023166023166023165,-0.7058019003715162,0.04633204633204633,-0.5795739270083149,0.07464607464607464,1.0166891863505922,0.2702702702702703,77630.38289868446,22002.338440437285,TOWT(HoW-cond),Hog_office_Lavon,124
-0.8176652199261931,0.021897810218978103,-0.24219346314041607,0.14963503649635038,-0.09590484715777295,0.18856447688564476,0.8379525487518368,0.6021897810218978,2475.5146315287707,183.57863311676067,TOWT(HoW-cond),Hog_office_Merilyn,124
-0.8379219061288824,0.04754358161648178,-0.48083340959902615,0.2551505546751189,-0.43795987161358696,0.4215530903328051,-0.27119323919408156,0.6814580031695721,3018.017875718827,0.0,TOWT(HoW-cond),Hog_office_Miriam,124
-0.1034143988484663,0.18409090909090908,0.2826373226684642,0.325,0.5679671917562021,0.4772727272727273,0.7641636730578931,0.6181818181818182,7939.414743740277,585.9359372638103,TOWT(HoW-cond),Hog_office_Napoleon,124
-0.5296692826723384,0.234375,0.32146435326358364,0.703125,0.5137713029200847,0.8359375,0.635996151022802,0.9609375,21745.98594262971,781.6706310996688,TOWT(HoW-cond),Hog_office_Shawna,124
-0.5826836950554287,0.2534562211981567,-0.2060926582958923,0.4861751152073733,-0.20117043053770323,0.5126728110599078,-0.19114704287959558,0.5311059907834101,146378.57176457968,10742.449514581145,TOWT(HoW-cond),Hog_office_Shawnna,124
-0.5988054489978273,0.09016393442622951,-0.14500905353231366,0.23442622950819672,0.12347141622422259,0.3344262295081967,0.9564619282374064,0.7065573770491803,4885.453478772886,0.0,TOWT(HoW-cond),Hog_office_Sherrie,124
-0.6010778116614937,0.2517193947730399,-0.18051443197823633,0.5447042640990372,-0.16087315110990666,0.5722145804676754,-0.04545391817450056,0.8762035763411279,26788.902373174722,707.2217123860731,TOWT(HoW-cond),Hog_office_Shon,124
-0.7007259415093376,0.0720164609053498,-0.5357321351705573,0.16049382716049382,-0.3699458818947876,0.41358024691358025,-0.14667827235606332,0.6481481481481481,5659.770485979846,94.92475947572255,TOWT(HoW-cond),Hog_office_Sydney,124
-0.7082887312220794,0.08689839572192513,-0.2370577192992419,0.27406417112299464,0.0328551924557029,0.3663101604278075,0.8996876850865898,0.7994652406417112,3235.1808664736077,210.78209659420787,TOWT(HoW-cond),Hog_office_Valda,124
-0.6386567288892803,0.07777777777777778,-0.117455638691046,0.2518518518518518,0.11481498050775502,0.4074074074074074,2.139088954784265,0.9851851851851852,5435.352705326311,235.3689587498103,TOWT(HoW-cond),Lamb_education_Armando,124
-0.5451595676970997,0.1350253807106599,0.5335358201088787,0.4446700507614213,0.9018665864680152,0.6,1.5458426248176822,0.9025380710659898,495.683569918793,24.829181915334505,TOWT(HoW-cond),Lamb_education_Eula,124
-0.30121792523285057,0.04428044280442804,0.5009302685251298,0.17343173431734318,1.1004143002485902,0.19557195571955718,3.391630255705772,0.8228782287822878,3911.7728013481587,175.4824471788012,TOWT(HoW-cond),Lamb_education_Lazaro,124
-0.24358042707327146,0.04257907542579075,0.9948029784004072,0.22141119221411193,1.3803604887237197,0.3771289537712895,1.9909222627665415,0.6131386861313869,828.5473526716132,0.0,TOWT(HoW-cond),Lamb_education_Lucas,124
-0.30565222592908237,0.30319148936170215,0.23747100935078447,0.5319148936170213,0.30965600694606066,0.5478723404255319,0.6237167801260278,0.8590425531914894,12530.660011929125,436.7788957651129,TOWT(HoW-cond),Lamb_education_Mae,124
inf,,inf,,inf,,inf,,0.0,0.0,TOWT(HoW-cond),Lamb_education_Willetta,124
-0.10316827105691875,0.13441955193482688,1.1959224580838101,0.31160896130346233,1.7097057443972268,0.37474541751527496,2.50800206551052,0.5580448065173116,3389.4907512393693,353.1591620716319,TOWT(HoW-cond),Lamb_education_Williams,124
0.16936401057927022,0.039735099337748346,0.5374983604062845,0.10066225165562914,0.6757675520956857,0.2410596026490066,1.3976254471157685,0.35496688741721855,2476.678899597335,1734.6000925352905,TOWT(HoW-cond),Lamb_office_Caitlin,124
1.1273621771280806,0.04700854700854701,2.2771730472474947,0.04700854700854701,3.319110049054911,0.05128205128205128,9.679118480463163,0.06837606837606838,2192.5150835093805,335.24492273029006,TOWT(HoW-cond),Lamb_office_Velma,124
-0.7538119083166602,0.034976152623211444,0.010085686796826516,0.2655007949125596,0.19277019744763038,0.34022257551669316,0.8256994141399787,0.4149443561208267,9401.103471177124,141.82856022609417,TOWT(HoW-cond),Rat_retail_Jeffrey,124
-0.47263258064812513,0.2900505902192243,1.4300302063488817,1.0,1.4300302063488817,1.0,1.4300302063488817,1.0,96598.2212980391,770.5893926980148,TOWT(HoW-cond),Robin_education_Zenia,124
-0.4643709376517392,0.28471001757469244,-0.1254049062570765,0.5114235500878734,-0.1020021531977797,0.5131810193321616,0.2666808056083348,0.9314586994727593,8183.486186309855,0.0,TOWT(HoW-cond),Robin_office_Dina,124
-0.78412403396157,0.06870229007633588,-0.3764094987129606,0.361323155216285,-0.3144758738207325,0.4631043256997455,0.10791980296113744,0.7811704834605598,8038.4596903316215,245.05695107701519,TOWT(HoW-cond),Robin_office_Sammie,124
-0.7824130773787357,0.08214285714285714,-0.469022073138357,0.26607142857142857,-0.42400495479244016,0.29464285714285715,0.4554687657474184,0.9142857142857143,13481.714723603747,552.3972861989043,TOWT(HoW-cond),Shrew_office_Doris,124
-0.6991978310528841,0.19194312796208532,-0.15293911219016712,0.47393364928909953,-0.11925113981190985,0.49170616113744076,0.1754953350381772,0.7440758293838863,43987.54832713803,2861.668889784182,TOWT(HoW-cond),Shrew_office_Ila,124
-0.9450363222932435,0.05286343612334802,-0.5801437944197926,0.302496328928047,-0.5771718973257948,0.3377386196769457,-0.4651084660520814,0.44640234948604995,9362.96485472773,0.0,TOWT(HoW-cond),Shrew_office_Kenneth,124
0.36811774732752184,0.4235294117647059,1.3517975921867207,0.6352941176470588,1.7784174856372443,0.8470588235294118,3.199848465509879,0.8705882352941177,3625.8417730065985,552.9763488267555,TOWT(HoW-cond),Shrew_office_Nora,124
-0.30711727222358565,0.32078559738134205,-0.023153030897243607,0.46808510638297873,0.06151539857601872,0.513911620294599,0.2128309886343311,0.8101472995090017,40670.41259053998,3124.000009028708,TOWT(HoW-cond),Shrew_office_Sherill,124
-0.2039195380044046,0.11684370257966616,0.2145760388521524,0.3581183611532625,0.4679340643195793,0.49013657056145676,1.1742569127447122,0.7996965098634294,3533.560887216791,0.0,TOWT(HoW-cond),Wolf_office_Darleen,124
0.34460363541750716,0.059548254620123205,3.045361818186997,0.26283367556468173,5.25668730658147,0.5318275154004107,7.33262328910968,0.7967145790554415,1612.224977001204,232.50153552626406,TOWT(HoW-cond),Wolf_retail_Harriett,124
-0.3117341939542699,0.05982905982905983,0.5461627640436203,0.2792022792022792,0.8419800668264225,0.34472934472934474,1.2631976282794426,0.6780626780626781,987.5867578599267,0.0,TOWT(HoW-cond),Wolf_retail_Marcella,124
0.018451301155225034,0.2881844380403458,0.6549951174336964,0.6167146974063401,0.9110934144163233,0.7492795389048992,2.341127877541948,0.9740634005763689,8115.615163571036,452.5884349261682,TOWT(HoW-cond),Wolf_retail_Toshia,124
-0.5301897018163825,0.1404833836858006,-0.6041842513622442,0.11933534743202417,-0.33503809687575914,0.23867069486404835,0.13657542148613389,0.4818731117824773,3694.9906478493317,696.3035253587796,PatchTST-SSL(HoW-cond),Fox_education_Henrietta,125
-0.533039391745333,0.05317324185248713,-0.12832369926757203,0.15608919382504288,0.1662606332822734,0.2641509433962264,0.23898848947362625,0.34991423670668953,9155.738379378796,405.93068316393874,PatchTST-SSL(HoW-cond),Fox_retail_Manie,125
-0.13711287577955794,0.43493761140819964,0.19336071802347407,0.6987522281639929,0.22643946790757633,0.732620320855615,0.3975263315284093,0.7433155080213903,31479.852552345856,16.76775248648599,PatchTST-SSL(HoW-cond),Hog_education_Bruno,125
-0.6182397631470576,0.06052269601100413,-0.6677944666599965,0.05089408528198074,-0.5789118482249723,0.08390646492434663,-0.520129277729094,0.15955983493810177,85136.90640907052,28240.01185913104,PatchTST-SSL(HoW-cond),Hog_education_Caridad,125
-0.2681541926417251,0.4683257918552036,0.0866342930858819,0.6877828054298643,0.14056444556394532,0.7285067873303167,0.4009372890616913,0.832579185520362,57301.60804579975,1307.3753470860104,PatchTST-SSL(HoW-cond),Hog_education_Luvenia,125
-0.44368792323296724,0.0898716119828816,0.7786134366083832,0.3723252496433666,1.3146150843219229,0.5620542082738944,3.3314059677573784,0.8601997146932953,4337.220297571744,75.69179760304814,PatchTST-SSL(HoW-cond),Hog_office_Almeda,125
-0.5679066011606841,0.16729323308270677,0.3814159173517681,0.40601503759398494,0.5577184207759444,0.4642857142857143,1.909469910931027,0.7274436090225563,7041.146683197066,441.43456097049,PatchTST-SSL(HoW-cond),Hog_office_Cortney,125
-0.42146004105789214,0.45525291828793774,-0.016272751743318308,0.7198443579766537,0.06136081834137808,0.7431906614785992,0.36782030539836896,0.980544747081712,8319.749503782794,372.7701261554439,PatchTST-SSL(HoW-cond),Hog_office_Denita,125
-0.6247866066008874,0.36828644501278773,-0.39323962939531704,0.6521739130434783,-0.31952942364174886,0.8695652173913043,-0.28009006457977154,0.9718670076726342,68276.98973603806,1091.7914091283226,PatchTST-SSL(HoW-cond),Hog_office_Garrett,125
-0.007943042013941883,0.00927643784786642,1.352786789378334,0.022263450834879406,1.362911205669223,0.03339517625231911,4.255916876666455,0.022263450834879406,28205.801421711414,22464.71308198611,PatchTST-SSL(HoW-cond),Hog_office_Lavon,125
-0.0986822139081163,0.07741935483870968,0.7626824226023755,0.10967741935483871,1.3958976021952687,0.14838709677419354,2.840396117853438,0.5032258064516129,223.9682659583033,42.739964659491385,PatchTST-SSL(HoW-cond),Hog_office_Merilyn,125
-0.6111773524695164,0.16605616605616605,-0.30547117051548633,0.3797313797313797,-0.25096042992611006,0.4346764346764347,-0.1823033508953992,0.5152625152625152,4952.39762782504,274.8299047126119,PatchTST-SSL(HoW-cond),Hog_office_Miriam,125
-0.47703297620677537,0.04700854700854701,0.4746874758842438,0.1858974358974359,0.8571114347258684,0.3076923076923077,3.0413278145802294,0.5363247863247863,4053.084496278672,783.2068546541666,PatchTST-SSL(HoW-cond),Hog_office_Napoleon,125
-0.44713527538088266,0.16875,0.7623925761111587,0.46875,1.1905180340453965,0.56875,2.9466462531409103,0.946875,10064.748618129255,0.0,PatchTST-SSL(HoW-cond),Hog_office_Shawna,125
-0.5401243198381295,0.04580152671755725,0.45070199685922663,0.1272264631043257,0.7616346449684885,0.20610687022900764,1.7668024258614023,0.4223918575063613,5702.316601369376,1701.0241867684344,PatchTST-SSL(HoW-cond),Hog_office_Shawnna,125
0.06474377413432952,0.11538461538461539,1.254754689299387,0.26244343891402716,1.4352598102431913,0.3665158371040724,4.181275993006797,0.7352941176470589,1861.3228985736177,212.24493076145416,PatchTST-SSL(HoW-cond),Hog_office_Sherrie,125
-0.5342500659973994,0.329073482428115,-0.1430977562315033,0.5601703940362087,-0.10787473286853735,0.6048988285410011,0.08357543441490806,0.9574014909478168,38584.6731595557,3146.3289233278756,PatchTST-SSL(HoW-cond),Hog_office_Shon,125
-0.561146813154612,0.5067264573991032,-0.087945568508639,0.8094170403587444,-0.07508622971896892,0.8587443946188341,-0.020062438685473864,0.9887892376681614,36208.74372073834,191.4336743613265,PatchTST-SSL(HoW-cond),Hog_office_Sydney,125
-0.5875951897519511,0.18140243902439024,0.01227610848011565,0.4329268292682927,0.18480446072412712,0.5487804878048781,0.6462185168779815,0.6600609756097561,4370.366337318555,0.0,PatchTST-SSL(HoW-cond),Hog_office_Valda,125
-0.6869637633566593,0.07392996108949416,-0.1021163678912181,0.22568093385214008,0.23309511926967136,0.2898832684824903,2.081911196973321,0.6498054474708171,6423.818931766165,520.6153725558952,PatchTST-SSL(HoW-cond),Lamb_education_Armando,125
0.33492134687866865,0.3185840707964602,2.6587769787229507,0.588495575221239,3.4949004040387783,0.9469026548672567,4.364409540899542,0.995575221238938,152.55021472214582,0.0,PatchTST-SSL(HoW-cond),Lamb_education_Eula,125
-0.8134759335249082,0.019769357495881382,-0.2563012720196211,0.11202635914332784,0.0998105508607563,0.1416803953871499,3.213356671203379,0.4827018121911038,3560.667444770663,1173.9301591421752,PatchTST-SSL(HoW-cond),Lamb_education_Lazaro,125
-0.46655737755151694,0.03659976387249114,1.2636837083387447,0.19480519480519481,1.597816184987302,0.3825265643447462,2.9631041650801033,0.9881936245572609,888.1822435421024,0.0,PatchTST-SSL(HoW-cond),Lamb_education_Lucas,125
-0.2681736610864944,0.05429864253393665,0.3673292009388546,0.2737556561085973,0.9667102383864431,0.37104072398190047,2.8786744274370615,0.9434389140271493,5651.747395291096,0.0,PatchTST-SSL(HoW-cond),Lamb_education_Mae,125
inf,,inf,,inf,,inf,,0.0,0.0,PatchTST-SSL(HoW-cond),Lamb_education_Willetta,125
-0.6359947165192387,0.03566333808844508,0.3927822770693711,0.15121255349500715,1.0206151903924539,0.2653352353780314,3.3784217100293463,0.7703281027104137,3993.9243071204255,0.0,PatchTST-SSL(HoW-cond),Lamb_education_Williams,125
0.5298936374330045,0.022587268993839837,1.3010500990318146,0.049281314168377825,1.635737062048784,0.1704312114989733,2.1818565359015167,0.35523613963039014,1485.8833082739716,1189.9406586044922,PatchTST-SSL(HoW-cond),Lamb_office_Caitlin,125
-0.7861468198214439,0.07388663967611336,0.023835781219594315,0.4686234817813765,0.09087732732033375,0.5323886639676113,0.43095900445021057,0.9190283400809717,40802.928400161436,0.0,PatchTST-SSL(HoW-cond),Lamb_office_Velma,125
-0.5407675019649275,0.1781115879828326,0.2155138216918704,0.37553648068669526,0.6001345402141236,0.6094420600858369,0.7577768671900736,0.9656652360515021,5272.353145253515,0.0,PatchTST-SSL(HoW-cond),Rat_retail_Jeffrey,125
-0.04254210521425822,0.12299465240641712,8.36290892457109,0.6363636363636364,9.523977599018203,0.93048128342246,9.624218460716893,0.93048128342246,11586.30055131238,0.0,PatchTST-SSL(HoW-cond),Robin_education_Zenia,125
-0.5407303017672966,0.19424460431654678,-0.05000286451696755,0.49640287769784175,0.17599062054863704,0.7002398081534772,0.5649086330717998,0.9928057553956835,3980.517788624134,0.0,PatchTST-SSL(HoW-cond),Robin_office_Dina,125
-0.8987112593034182,0.065,-0.5371287578074009,0.305,-0.4934973312834623,0.3725,-0.20911401503094762,0.6791666666666667,39039.89350001495,6572.164724787894,PatchTST-SSL(HoW-cond),Robin_office_Sammie,125
-0.58172670384242,0.37264150943396224,-0.1832069552523224,0.7547169811320755,-0.12356254247967016,0.7688679245283019,0.09129847502367043,0.9929245283018868,27814.793941622735,0.0,PatchTST-SSL(HoW-cond),Shrew_office_Doris,125
-0.6925045580503851,0.15196599362380447,-0.39237565792004586,0.3421891604675877,-0.37419303652872654,0.3708820403825717,0.14542351739964074,0.7098831030818279,34838.371833330086,0.0,PatchTST-SSL(HoW-cond),Shrew_office_Ila,125
-0.8784423868715988,0.046511627906976744,-0.711071126563008,0.1744186046511628,-0.6223475102514763,0.27906976744186046,-0.060468721635482885,0.5552325581395349,3764.3168924736374,0.0,PatchTST-SSL(HoW-cond),Shrew_office_Kenneth,125
-0.8065616745950898,0.15547703180212014,-0.3906912582876795,0.4363957597173145,-0.3234143890322528,0.5459363957597173,0.07423623741281375,0.9946996466431095,18869.674641874823,0.0,PatchTST-SSL(HoW-cond),Shrew_office_Nora,125
-0.875108810407244,0.0471584038694075,-0.6907049465572184,0.2007255139056832,-0.603663835495979,0.33373639661426846,-0.021407669632468866,0.9407496977025392,38173.23720263379,0.0,PatchTST-SSL(HoW-cond),Shrew_office_Sherill,125
-0.621778386027788,0.125,-0.21706023992110599,0.3694029850746269,-0.17382864224032396,0.44776119402985076,-0.030488191152345682,0.4552238805970149,6133.110195241102,1256.7623624872067,PatchTST-SSL(HoW-cond),Wolf_office_Darleen,125
-0.4262172253256427,0.13553113553113552,0.3516330745343458,0.3882783882783883,0.9260073529251336,0.48717948717948717,2.9934292546070216,1.0,3832.8535001567175,0.0,PatchTST-SSL(HoW-cond),Wolf_retail_Harriett,125
-0.7473310169032619,0.018270401948842874,-0.4057455858180983,0.11693057247259439,-0.14601219051505027,0.1900121802679659,-0.011985137336644039,0.19366626065773446,1198.7522063529384,220.06265247896363,PatchTST-SSL(HoW-cond),Wolf_retail_Marcella,125
-0.6465252567721533,0.05186170212765957,-0.20665904863026274,0.2220744680851064,-0.0508946191766433,0.31648936170212766,0.4093623100890786,0.7659574468085106,10746.240803187698,447.8777360003793,PatchTST-SSL(HoW-cond),Wolf_retail_Toshia,125
-0.607548280843678,0.12084592145015106,-0.6747386480896955,0.09214501510574018,-0.47858359300208847,0.17673716012084592,0.18740540964845073,0.4743202416918429,3694.9906478493317,657.8883422450255,PatchTST-SSL(HoD-cond),Fox_education_Henrietta,125
-0.4851875164938078,0.0634648370497427,-0.04576435921681431,0.17667238421955403,0.11015403195404919,0.22126929674099485,0.35342861338940773,0.3876500857632933,9155.738379378796,405.93068316393874,PatchTST-SSL(HoD-cond),Fox_retail_Manie,125
-0.2500340639640285,0.38324420677361853,0.14365657641983917,0.6648841354723708,0.17753938198017613,0.7272727272727273,0.28210709069889234,0.7344028520499108,31479.852552345856,16.76775248648599,PatchTST-SSL(HoD-cond),Hog_education_Bruno,125
-0.67898243141716,0.02888583218707015,-0.6406259630675396,0.03163686382393398,-0.5611052315947097,0.061898211829436035,-0.2624757304661148,0.3149931224209078,85136.90640907052,28240.01185913104,PatchTST-SSL(HoD-cond),Hog_education_Caridad,125
-0.3438900992107059,0.40497737556561086,0.058710403476995826,0.6425339366515838,0.08577254271437942,0.6719457013574661,0.20250643456447834,0.8280542986425339,57301.60804579975,1307.3753470860104,PatchTST-SSL(HoD-cond),Hog_education_Luvenia,125
-0.6386453667251201,0.08701854493580599,0.24536461882518876,0.2867332382310984,0.6811306223844933,0.48216833095577744,3.0201534476644314,0.7132667617689016,4337.220297571744,2312.2122886826455,PatchTST-SSL(HoD-cond),Hog_office_Almeda,125
-0.7390404014563604,0.10902255639097744,-0.1976704411047981,0.2781954887218045,0.13598456421809627,0.40601503759398494,0.5971492635572567,0.5131578947368421,7041.146683197066,441.43456097049,PatchTST-SSL(HoD-cond),Hog_office_Cortney,125
-0.6309286253549955,0.24124513618677043,-0.12111272013520638,0.5680933852140078,-0.00429356229393486,0.6848249027237354,0.21166040594416527,0.9688715953307393,8319.749503782794,372.7701261554439,PatchTST-SSL(HoD-cond),Hog_office_Denita,125
-0.5943443327591164,0.319693094629156,-0.3386949362711361,0.5626598465473146,-0.3240360270829663,0.6854219948849105,-0.26070201594666936,0.8158567774936062,68276.98973603806,1091.7914091283226,PatchTST-SSL(HoD-cond),Hog_office_Garrett,125
0.08619282068717846,0.0055658627087198514,1.2479797317694832,0.0055658627087198514,1.4883016835659064,0.0055658627087198514,3.788873303599588,0.011131725417439703,28205.801421711414,24676.581999255257,PatchTST-SSL(HoD-cond),Hog_office_Lavon,125
0.19011471485022946,0.14838709677419354,0.9689628316254795,0.10967741935483871,1.5368259359074241,0.21935483870967742,8.337976696053035,0.5161290322580645,223.9682659583033,42.739964659491385,PatchTST-SSL(HoD-cond),Hog_office_Merilyn,125
-0.7114005525774788,0.10866910866910867,-0.3383893222700285,0.3076923076923077,-0.2625155223416366,0.36385836385836384,-0.14321081696696375,0.49572649572649574,4952.39762782504,274.8299047126119,PatchTST-SSL(HoD-cond),Hog_office_Miriam,125
-0.6129894600602247,0.014957264957264958,-0.4514714559918632,0.014957264957264958,-0.4272935517374376,0.014957264957264958,0.7466710436276769,0.30128205128205127,4053.084496278672,2612.0106385435147,PatchTST-SSL(HoD-cond),Hog_office_Napoleon,125
-0.7330871636129309,0.03125,-0.5389070465664076,0.05625,-0.07298055032275189,0.1875,0.27571838708815993,0.1875,10064.748618129255,4581.01767824491,PatchTST-SSL(HoD-cond),Hog_office_Shawna,125
-0.3949640914184126,0.07888040712468193,0.0010926241267061394,0.1806615776081425,0.3028259103177106,0.3384223918575064,1.445629620720826,0.7964376590330788,5702.316601369376,840.1210646996985,PatchTST-SSL(HoD-cond),Hog_office_Shawnna,125
-0.20663025382786196,0.07692307692307693,1.25695080267137,0.2579185520361991,1.4520674453103357,0.3031674208144796,3.6220917231389005,0.7013574660633484,1861.3228985736177,225.70272128359017,PatchTST-SSL(HoD-cond),Hog_office_Sherrie,125
-0.6663699828986204,0.2215122470713525,-0.1350272288983476,0.5452609158679447,-0.11635821707043478,0.5676251331203408,0.07485873133635353,0.8136315228966986,38584.6731595557,3146.3289233278756,PatchTST-SSL(HoD-cond),Hog_office_Shon,125
-0.5664349099924368,0.4663677130044843,-0.10512447009763289,0.7690582959641256,-0.09623806689737695,0.820627802690583,-0.032563118919871875,0.9865470852017937,36208.74372073834,191.4336743613265,PatchTST-SSL(HoD-cond),Hog_office_Sydney,125
-0.6317381347954302,0.1402439024390244,-0.10015159672640823,0.32926829268292684,0.0017718119885754278,0.42378048780487804,0.4582790567212435,0.6463414634146342,4370.366337318555,280.5367410103387,PatchTST-SSL(HoD-cond),Hog_office_Valda,125
-0.6396575990080093,0.07003891050583658,-0.19565171002858783,0.1926070038910506,-0.09641900288962371,0.21595330739299612,0.5263344438362995,0.29961089494163423,6423.818931766165,1425.2876964304787,PatchTST-SSL(HoD-cond),Lamb_education_Armando,125
-0.1972466177407128,0.12831858407079647,1.6508604428230236,0.4336283185840708,2.00634882208336,0.5575221238938053,4.239006718134453,0.9867256637168141,152.55021472214582,19.1025194642668,PatchTST-SSL(HoD-cond),Lamb_education_Eula,125
-0.06389532845774364,0.042833607907743,0.1908127838020303,0.0757825370675453,0.2260205337549588,0.10543657331136738,1.7934560682163248,0.47775947281713343,3560.667444770663,1782.0672161963985,PatchTST-SSL(HoD-cond),Lamb_education_Lazaro,125
-0.44684795415995787,0.02833530106257379,1.4645460118261733,0.15702479338842976,1.7108238048384707,0.2833530106257379,2.2348731859727367,0.7142857142857143,888.1822435421024,97.49477022361795,PatchTST-SSL(HoD-cond),Lamb_education_Lucas,125
-0.2533088329504209,0.049773755656108594,0.11441432369133289,0.19004524886877827,0.4888917002465904,0.30995475113122173,3.5439414324953566,1.0,5651.747395291096,0.0,PatchTST-SSL(HoD-cond),Lamb_education_Mae,125
inf,,inf,,inf,,inf,,0.0,0.0,PatchTST-SSL(HoD-cond),Lamb_education_Willetta,125
-0.7184214375988047,0.014265335235378032,-0.40441352784704815,0.0442225392296719,-0.1343400496531585,0.06990014265335236,1.7232451686771517,0.29814550641940085,3993.9243071204255,1524.3791101980041,PatchTST-SSL(HoD-cond),Lamb_education_Williams,125
1.3888338883128457,0.04106776180698152,1.7359395507172886,0.07802874743326489,2.079019012566102,0.13963039014373715,2.278247899239291,0.459958932238193,1485.8833082739716,1092.0940195629894,PatchTST-SSL(HoD-cond),Lamb_office_Caitlin,125
-0.8169494834548886,0.05465587044534413,-0.10612890760068536,0.4008097165991903,-0.05595009153569481,0.4524291497975709,0.3386434880004691,0.937246963562753,40802.928400161436,1388.1175135233798,PatchTST-SSL(HoD-cond),Lamb_office_Velma,125
-0.6460490306512554,0.1630901287553648,-0.057833956843339245,0.2811158798283262,0.27225211124273846,0.4742489270386266,0.7411122800263438,0.9656652360515021,5272.353145253515,0.0,PatchTST-SSL(HoD-cond),Rat_retail_Jeffrey,125
-0.07652940216625577,0.0962566844919786,6.342479917475517,0.5240641711229946,8.21396681192742,0.6702317290552585,9.455443905610288,0.893048128342246,11586.30055131238,0.0,PatchTST-SSL(HoD-cond),Robin_education_Zenia,125
-0.5753376663919478,0.1750599520383693,-0.0005901388072785336,0.5059952038369304,0.12006078285059812,0.6067146282973621,0.2895986354185719,0.988009592326139,3980.517788624134,75.51796794738951,PatchTST-SSL(HoD-cond),Robin_office_Dina,125
-0.9364590996487238,0.04083333333333333,-0.6062174089489002,0.24083333333333334,-0.5970276110470644,0.2608333333333333,-0.34170706029290326,0.5391666666666667,39039.89350001495,15525.927623576103,PatchTST-SSL(HoD-cond),Robin_office_Sammie,125
-0.6467265323201045,0.2429245283018868,-0.2782804508079328,0.5400943396226415,-0.2440581456179258,0.5990566037735849,-0.14358996374334876,0.6084905660377359,27814.793941622735,438.4235387510678,PatchTST-SSL(HoD-cond),Shrew_office_Doris,125
-0.6076831451095779,0.16046758767268862,-0.26195453578123606,0.36663124335812963,-0.21327814382355972,0.3931987247608927,0.1194330984933559,0.6493092454835282,34838.371833330086,363.82611180846686,PatchTST-SSL(HoD-cond),Shrew_office_Ila,125
-0.9029656086610515,0.01744186046511628,-0.8231971888825004,0.0377906976744186,-0.773232670292697,0.055232558139534885,-0.23842442216549353,0.5087209302325582,3764.3168924736374,2128.875852557867,PatchTST-SSL(HoD-cond),Shrew_office_Kenneth,125
-0.9024731985121246,0.04240282685512368,-0.8182731905896403,0.1607773851590106,-0.7458581944223591,0.28091872791519434,0.02665547787010466,0.8745583038869258,18869.674641874823,0.0,PatchTST-SSL(HoD-cond),Shrew_office_Nora,125
-0.8759382268343776,0.020556227327690448,-0.8366807520300579,0.060459492140266025,-0.7999681728376572,0.09673518742442563,-0.29315063681837883,0.585247883917775,38173.23720263379,15584.728581219393,PatchTST-SSL(HoD-cond),Shrew_office_Sherill,125
-0.8325718459094952,0.06343283582089553,-0.3750304719042707,0.26119402985074625,-0.26546867540124974,0.3414179104477612,-0.026618241446222254,0.44402985074626866,6133.110195241102,1503.0864723117581,PatchTST-SSL(HoD-cond),Wolf_office_Darleen,125
-0.5349056188900733,0.08424908424908426,0.10329451815730159,0.315018315018315,0.2786693128620771,0.315018315018315,1.2385165667940978,0.5567765567765568,3832.8535001567175,407.38698679316815,PatchTST-SSL(HoD-cond),Wolf_retail_Harriett,125
-0.7334383972182523,0.030450669914738125,-0.3653634250160949,0.12911084043848964,-0.30579457259051385,0.146163215590743,-0.3143626031102029,0.13520097442143728,1198.7522063529384,221.53368021234365,PatchTST-SSL(HoD-cond),Wolf_retail_Marcella,125
-0.8697221662407008,0.014627659574468085,-0.7298328451847372,0.0598404255319149,-0.5401617868426758,0.12632978723404256,-0.3321573857603616,0.29388297872340424,10746.240803187698,1290.44640500086,PatchTST-SSL(HoD-cond),Wolf_retail_Toshia,125
-0.5987632606501309,0.1268882175226586,-0.5959450344798628,0.11782477341389729,-0.40061100472970446,0.21299093655589124,0.32448611989162285,0.48942598187311176,3694.9906478493317,657.8883422450255,HOW-profile(HoW-cond),Fox_education_Henrietta,125
0.12390764259329128,0.09090909090909091,0.6317580269768376,0.37392795883361923,0.8775467581455642,0.451114922813036,0.8828491902169107,0.3893653516295026,9155.738379378796,405.93068316393874,HOW-profile(HoW-cond),Fox_retail_Manie,125
-0.07617638673931976,0.5757575757575758,0.10015500954069194,0.750445632798574,0.11288108953492311,0.7878787878787878,0.1533214596672603,0.8288770053475936,31479.852552345856,16.76775248648599,HOW-profile(HoW-cond),Hog_education_Bruno,125
-0.5283957055255377,0.07840440165061899,-0.5160891247159617,0.07702888583218707,-0.4521564733090208,0.11279229711141678,-0.1734560981494252,0.41127922971114167,85136.90640907052,28240.01185913104,HOW-profile(HoW-cond),Hog_education_Caridad,125
-0.183005470558473,0.5407239819004525,0.1127888271452415,0.755656108597285,0.12909475874719123,0.7782805429864253,0.29119105102725146,0.8280542986425339,57301.60804579975,1307.3753470860104,HOW-profile(HoW-cond),Hog_education_Luvenia,125
-0.0010461579544173783,0.11840228245363767,1.3580448088177182,0.4108416547788873,1.8641561673052853,0.6262482168330956,2.9672063069114096,0.8630527817403709,4337.220297571744,75.69179760304814,HOW-profile(HoW-cond),Hog_office_Almeda,125
-0.34214044294975576,0.23308270676691728,0.16362463645040295,0.43045112781954886,0.3117968026440067,0.5037593984962406,0.4062113479780692,0.5657894736842105,7041.146683197066,8.479006557511866,HOW-profile(HoW-cond),Hog_office_Cortney,125
-0.3998632853127091,0.39299610894941633,-0.020805411238457198,0.7898832684824902,0.007470302899383031,0.8482490272373541,0.08650132558711503,0.9766536964980544,8319.749503782794,372.7701261554439,HOW-profile(HoW-cond),Hog_office_Denita,125
-0.3855123030617282,0.5012787723785166,-0.11142527907960754,0.731457800511509,0.022751737393660952,0.8746803069053708,0.060677116430602286,0.9207161125319693,68276.98973603806,1091.7914091283226,HOW-profile(HoW-cond),Hog_office_Garrett,125
0.4145800186191003,0.12244897959183673,8.939685408739157,0.12987012987012986,8.949595243126362,0.16326530612244897,9.482458123646943,0.5009276437847866,28205.801421711414,22464.71308198611,HOW-profile(HoW-cond),Hog_office_Lavon,125
-0.22130905777977872,0.03225806451612903,0.1717868106161073,0.03225806451612903,0.38872156158232435,0.03225806451612903,0.8178807557780113,0.05161290322580645,223.9682659583033,69.66697166764581,HOW-profile(HoW-cond),Hog_office_Merilyn,125
-0.5324340496467728,0.18925518925518925,-0.2365500985678282,0.3882783882783883,-0.21078150501563156,0.4444444444444444,-0.14651531683224772,0.6275946275946276,4952.39762782504,274.8299047126119,HOW-profile(HoW-cond),Hog_office_Miriam,125
0.009407764327384188,0.0811965811965812,0.7342865907754255,0.2329059829059829,1.401282802326859,0.4188034188034188,2.449730631955472,0.7905982905982906,4053.084496278672,783.2068546541666,HOW-profile(HoW-cond),Hog_office_Napoleon,125
-0.005483891018849084,0.23125,0.953833229577637,0.578125,1.3794171427028228,0.784375,2.1789304713399207,0.946875,10064.748618129255,0.0,HOW-profile(HoW-cond),Hog_office_Shawna,125
0.022184174228446214,0.1297709923664122,0.3047061851362248,0.35877862595419846,0.8445812103304592,0.6157760814249363,1.1752996635743802,0.8447837150127226,5702.316601369376,840.1210646996985,HOW-profile(HoW-cond),Hog_office_Shawnna,125
-0.07009768916719765,0.14479638009049775,0.5509899465723772,0.3167420814479638,0.7270043652905518,0.4095022624434389,1.4827915297124792,0.7714932126696833,1861.3228985736177,225.70272128359017,HOW-profile(HoW-cond),Hog_office_Sherrie,125
-0.431038313479428,0.3652822151224707,-0.06204137841711964,0.6027689030883919,-0.048583449487016976,0.6155484558040468,0.13687523176022942,0.9584664536741214,38584.6731595557,3146.3289233278756,HOW-profile(HoW-cond),Hog_office_Shon,125
-0.5210729592617951,0.5403587443946188,-0.08289418257377253,0.820627802690583,-0.068570844516108,0.9192825112107623,-0.05446168671281366,0.9887892376681614,36208.74372073834,191.4336743613265,HOW-profile(HoW-cond),Hog_office_Sydney,125
-0.580790054305867,0.1875,-0.1282170739995686,0.4740853658536585,0.07697777728115669,0.6067073170731707,0.4232398960891602,0.7103658536585366,4370.366337318555,0.0,HOW-profile(HoW-cond),Hog_office_Valda,125
-0.3734058106143822,0.19066147859922178,0.5963882584191578,0.4396887159533074,0.9822378612640053,0.5291828793774319,1.8345184297502188,0.877431906614786,6423.818931766165,520.6153725558952,HOW-profile(HoW-cond),Lamb_education_Armando,125
1.420788769506355,0.36283185840707965,3.435334311810494,0.7079646017699115,3.8044768809458396,0.8672566371681416,4.6337224310749985,1.0,152.55021472214582,0.0,HOW-profile(HoW-cond),Lamb_education_Eula,125
-0.841712169084492,0.0016474464579901153,-0.5013827171499405,0.0016474464579901153,-0.3395310393566725,0.0016474464579901153,1.2563948760721781,0.07248764415156507,3560.667444770663,3122.134076329513,HOW-profile(HoW-cond),Lamb_education_Lazaro,125
-0.03773243447964398,0.11688311688311688,1.2288099675166664,0.5348288075560803,1.4411424976882714,0.6847697756788665,2.039070296984836,0.9752066115702479,888.1822435421024,0.0,HOW-profile(HoW-cond),Lamb_education_Lucas,125
0.07053185076334757,0.11312217194570136,0.8236696820495063,0.3755656108597285,1.3673949725002166,0.5429864253393665,3.640047729680985,0.9411764705882353,5651.747395291096,0.0,HOW-profile(HoW-cond),Lamb_education_Mae,125
,,,,,,,,0.0,0.0,HOW-profile(HoW-cond),Lamb_education_Willetta,125
-0.34215983158560864,0.1369472182596291,0.3304889342881442,0.46790299572039945,1.2129047843186334,0.5977175463623395,2.0777085750319984,0.8102710413694721,3993.9243071204255,460.5784731650495,HOW-profile(HoW-cond),Lamb_education_Williams,125
1.8227024819292144,0.002053388090349076,1.862456343939157,0.002053388090349076,2.024514830402483,0.012320328542094456,3.855244057154408,0.006160164271047228,1485.8833082739716,1363.7268061518403,HOW-profile(HoW-cond),Lamb_office_Caitlin,125
-0.5301560472817687,0.20445344129554655,0.2451065288637692,0.6346153846153846,0.33455144231358,0.7388663967611336,0.5549698733361059,0.9767206477732794,40802.928400161436,0.0,HOW-profile(HoW-cond),Lamb_office_Velma,125
0.36483062871212857,0.2939914163090129,1.1637159981461633,0.5536480686695279,1.8532454677416943,0.869098712446352,2.5532391485204897,0.9549356223175965,5272.353145253515,0.0,HOW-profile(HoW-cond),Rat_retail_Jeffrey,125
0.22941910867478138,0.11051693404634581,10.274691373940977,0.8538324420677362,10.572706398997994,0.93048128342246,10.817589771169674,0.93048128342246,11586.30055131238,0.0,HOW-profile(HoW-cond),Robin_education_Zenia,125
-0.2313848390447372,0.2565947242206235,0.6106319470013287,0.7338129496402878,0.8069935762024597,0.8848920863309353,1.016983523618399,0.9904076738609112,3980.517788624134,75.51796794738951,HOW-profile(HoW-cond),Robin_office_Dina,125
-0.8527849485308692,0.09083333333333334,-0.3690063191410955,0.39666666666666667,-0.363376497316405,0.4066666666666667,-0.0868218820489045,0.72,39039.89350001495,6572.164724787894,HOW-profile(HoW-cond),Robin_office_Sammie,125
-0.24339575779192738,0.5754716981132075,0.048095686606046135,0.8018867924528302,0.08368423281823663,0.839622641509434,0.23015796105823352,0.9882075471698113,27814.793941622735,438.4235387510678,HOW-profile(HoW-cond),Shrew_office_Doris,125
-0.6071754777850924,0.16259298618490967,-0.3205297481540298,0.3198724760892667,-0.2433949723712795,0.332624867162593,0.14834994710254926,0.640807651434644,34838.371833330086,12957.90945118457,HOW-profile(HoW-cond),Shrew_office_Ila,125
-0.7386365183906679,0.11337209302325581,-0.3452202522622381,0.32558139534883723,-0.14335357678945887,0.47093023255813954,0.9895293373182433,0.6453488372093024,3764.3168924736374,0.0,HOW-profile(HoW-cond),Shrew_office_Kenneth,125
-0.44224079007353445,0.3409893992932862,0.03747237443751046,0.7084805653710248,0.11499404842142492,0.9081272084805654,0.18334544974587702,0.9699646643109541,18869.674641874823,0.0,HOW-profile(HoW-cond),Shrew_office_Nora,125
-0.6168584602078322,0.19951632406287786,-0.24040998783062553,0.5816203143893591,-0.1845827146976807,0.6698911729141476,-0.057199775502369585,0.9963724304715841,38173.23720263379,0.0,HOW-profile(HoW-cond),Shrew_office_Sherill,125
-0.12423621123042494,0.2667910447761194,0.20023504156505859,0.44216417910447764,0.23365135153555647,0.46828358208955223,0.4032224130541491,0.6921641791044776,6133.110195241102,1256.7623624872067,HOW-profile(HoW-cond),Wolf_office_Darleen,125
0.041968892628796536,0.1978021978021978,1.6573645410994116,0.5018315018315018,2.7718533027168624,0.6483516483516484,3.7352814284452602,1.0,3832.8535001567175,0.0,HOW-profile(HoW-cond),Wolf_retail_Harriett,125
-0.5885229937846208,0.013398294762484775,-0.12234351261564137,0.0730816077953715,0.04617825304498487,0.10840438489646773,0.506450666165308,0.30572472594397077,1198.7522063529384,180.41092812853688,HOW-profile(HoW-cond),Wolf_retail_Marcella,125
-0.09703023853942079,0.1875,0.46056265217791664,0.4348404255319149,0.5738111254363834,0.4920212765957447,0.8811553890500247,0.7672872340425532,10746.240803187698,447.8777360003793,HOW-profile(HoW-cond),Wolf_retail_Toshia,125
-0.34439521957464764,0.1782477341389728,0.31610752806580106,0.3338368580060423,0.7157892767057888,0.4516616314199396,1.5520286885541636,0.5392749244712991,3694.9906478493317,657.8883422450255,TOWT(HoW-cond),Fox_education_Henrietta,125
-0.06544156909685495,0.07890222984562607,0.5104562462543539,0.307032590051458,0.8919204764686932,0.7204116638078902,0.7623090295393926,0.3910806174957118,9155.738379378796,405.93068316393874,TOWT(HoW-cond),Fox_retail_Manie,125
-0.09274047452971003,0.5115864527629234,0.3071008404679621,0.64349376114082,0.44605627146770904,0.714795008912656,0.538051331140227,0.8003565062388592,31479.852552345856,16.76775248648599,TOWT(HoW-cond),Hog_education_Bruno,125
-0.6962610893877067,0.039889958734525444,-0.6368576567334476,0.0343878954607978,-0.5401240758565669,0.06052269601100413,0.14529510928593842,0.3576341127922971,85136.90640907052,53036.317479117955,TOWT(HoW-cond),Hog_education_Caridad,125
-0.19955147070908522,0.5248868778280543,0.10657256423663747,0.7760180995475113,0.12568545869545716,0.8122171945701357,0.3031829245295862,0.9049773755656109,57301.60804579975,0.0,TOWT(HoW-cond),Hog_education_Luvenia,125
-0.08666719782355818,0.12981455064194009,0.5938208203059542,0.39514978601997147,1.1088446352662538,0.5805991440798859,2.2559285070408213,0.8616262482168331,4337.220297571744,75.69179760304814,TOWT(HoW-cond),Hog_office_Almeda,125
-0.36939977661612117,0.20676691729323307,0.14280226092987053,0.40601503759398494,0.28295989209928124,0.48872180451127817,0.3512101381003418,0.5150375939849624,7041.146683197066,441.43456097049,TOWT(HoW-cond),Hog_office_Cortney,125
-0.446018853201666,0.3968871595330739,-0.06031614785099209,0.7859922178988327,-0.02377299745719758,0.8482490272373541,0.03895852909397201,0.980544747081712,8319.749503782794,372.7701261554439,TOWT(HoW-cond),Hog_office_Denita,125
-0.5867709100474071,0.30179028132992325,-0.27679440652487647,0.5754475703324808,-0.20511641057645688,0.6879795396419437,-0.039109925929666174,0.9360613810741688,68276.98973603806,1091.7914091283226,TOWT(HoW-cond),Hog_office_Garrett,125
-0.745122198396442,0.016697588126159554,-0.45508657936594465,0.025974025974025976,-0.2926422651857069,0.03710575139146568,2.8361112789487466,0.027829313543599257,28205.801421711414,9081.041782733952,TOWT(HoW-cond),Hog_office_Lavon,125
0.9335446829713416,0.07741935483870968,2.8492800304798886,0.2064516129032258,3.2513793511498563,0.24516129032258063,7.664921713098082,0.17419354838709677,223.9682659583033,42.739964659491385,TOWT(HoW-cond),Hog_office_Merilyn,125
-0.4827224147910555,0.19658119658119658,-0.17535246149376466,0.4163614163614164,-0.1577425685443649,0.46764346764346765,-0.10330035097004164,0.514041514041514,4952.39762782504,274.8299047126119,TOWT(HoW-cond),Hog_office_Miriam,125
-0.004944199095533981,0.0876068376068376,0.7189000699527446,0.23504273504273504,1.4518476442185537,0.4337606837606838,2.565249271374718,0.7905982905982906,4053.084496278672,783.2068546541666,TOWT(HoW-cond),Hog_office_Napoleon,125
-0.15724582733271125,0.203125,0.7595271608175286,0.5,1.1060233377615103,0.6625,1.8663710152554462,1.0,10064.748618129255,0.0,TOWT(HoW-cond),Hog_office_Shawna,125
-0.47157472088724484,0.01272264631043257,-0.30186682589980485,0.04071246819338423,-0.2174509388710141,0.09669211195928754,0.4081198719265157,0.5216284987277354,5702.316601369376,2599.849009753283,TOWT(HoW-cond),Hog_office_Shawnna,125
0.00244539731738324,0.1085972850678733,0.9805951409931851,0.2420814479638009,1.4070076539659115,0.2986425339366516,2.9263848151789205,0.35294117647058826,1861.3228985736177,225.70272128359017,TOWT(HoW-cond),Hog_office_Sherrie,125
-0.5227150929885669,0.29818956336528224,-0.17102344972198902,0.531416400425985,-0.1655502558855539,0.54419595314164,-0.07568715139204285,0.7784877529286475,38584.6731595557,3146.3289233278756,TOWT(HoW-cond),Hog_office_Shon,125
-0.5553076812381724,0.5201793721973094,-0.09454195948963183,0.8295964125560538,-0.08917958110462339,0.9080717488789237,-0.07103418374184468,0.9865470852017937,36208.74372073834,191.4336743613265,TOWT(HoW-cond),Hog_office_Sydney,125
-0.6076959917128715,0.14939024390243902,-0.10638215428677539,0.39939024390243905,-0.034289885310558925,0.4298780487804878,0.6012143328435501,0.7835365853658537,4370.366337318555,0.0,TOWT(HoW-cond),Hog_office_Valda,125
-0.5682741065939396,0.11673151750972763,0.02477762479394716,0.26264591439688717,0.20030608692187993,0.32490272373540857,2.2409982243198425,0.8015564202334631,6423.818931766165,520.6153725558952,TOWT(HoW-cond),Lamb_education_Armando,125
1.0522794487968774,0.37610619469026546,3.863898732149133,0.7168141592920354,4.358022348350672,0.915929203539823,5.368942961037069,1.0,152.55021472214582,6.7498187085270915,TOWT(HoW-cond),Lamb_education_Eula,125
-0.8053699946667234,0.0032948929159802307,-0.09271205399996911,0.0032948929159802307,0.09246313186964593,0.0032948929159802307,2.1220103408606037,0.11367380560131796,3560.667444770663,3122.134076329513,TOWT(HoW-cond),Lamb_education_Lazaro,125
-0.32667757846768725,0.03778040141676505,0.9069742940855314,0.20543093270365997,1.2178083439762164,0.3990554899645809,1.984259939473072,0.7744982290436836,888.1822435421024,0.0,TOWT(HoW-cond),Lamb_education_Lucas,125
-0.6379601204694594,0.024886877828054297,-0.4985479428793273,0.07239819004524888,-0.21101955398585256,0.09954751131221719,2.05639721429479,0.8371040723981901,5651.747395291096,6.69251278102152,TOWT(HoW-cond),Lamb_education_Mae,125
inf,,inf,,inf,,inf,,0.0,0.0,TOWT(HoW-cond),Lamb_education_Willetta,125
-0.404390011090023,0.11126961483594865,0.39675310403609554,0.2553495007132668,0.7317996821553421,0.3680456490727532,1.7847630115871962,0.7945791726105563,3993.9243071204255,460.5784731650495,TOWT(HoW-cond),Lamb_education_Williams,125
1.1997173604987066,0.002053388090349076,1.4850334209109417,0.002053388090349076,1.7347907892473757,0.002053388090349076,2.7233446528358156,0.002053388090349076,1485.8833082739716,1363.7268061518403,TOWT(HoW-cond),Lamb_office_Caitlin,125
-0.6988296652887354,0.1062753036437247,0.03448529353951251,0.45445344129554655,0.10763945930442086,0.5151821862348178,0.48704692225239504,0.7823886639676113,40802.928400161436,322.72392264067025,TOWT(HoW-cond),Lamb_office_Velma,125
-0.25329859680102895,0.04935622317596566,0.4889571081577105,0.19957081545064378,0.9836910272734448,0.3283261802575107,2.506946873810765,0.6866952789699571,5272.353145253515,0.0,TOWT(HoW-cond),Rat_retail_Jeffrey,125
0.7204588232203564,0.1586452762923351,11.989848707445123,0.9340463458110517,12.412235787999052,0.9340463458110517,12.412235787999052,0.9340463458110517,11586.30055131238,0.0,TOWT(HoW-cond),Robin_education_Zenia,125
-0.34784412225555267,0.2422062350119904,0.5260625494065345,0.7434052757793765,0.6944192554933697,0.8848920863309353,0.8613285350518614,0.9904076738609112,3980.517788624134,75.51796794738951,TOWT(HoW-cond),Robin_office_Dina,125
-0.8631742080204141,0.0875,-0.44065213606397063,0.3575,-0.42936731208260753,0.375,-0.1608274598827487,0.655,39039.89350001495,6572.164724787894,TOWT(HoW-cond),Robin_office_Sammie,125
-0.27880840184023403,0.5495283018867925,0.09428212050113782,0.8042452830188679,0.11256837775215853,0.8183962264150944,0.25312775530837855,0.9716981132075472,27814.793941622735,438.4235387510678,TOWT(HoW-cond),Shrew_office_Doris,125
-0.6003824323221217,0.1806588735387885,-0.24595688346729133,0.38257173219978746,-0.210034709602877,0.40807651434643993,0.10571304806810074,0.6068012752391073,34838.371833330086,421.3858559237735,TOWT(HoW-cond),Shrew_office_Ila,125
-0.9051747306715922,0.020348837209302327,-0.6869972593421355,0.14825581395348839,-0.6726098768332335,0.16569767441860464,-0.5274315334273639,0.14244186046511628,3764.3168924736374,1313.1956620789167,TOWT(HoW-cond),Shrew_office_Kenneth,125
-0.4482520171242357,0.30565371024734983,0.16668493050052266,0.7402826855123675,0.24021457142333716,0.8798586572438163,0.4318245841919129,0.9964664310954063,18869.674641874823,0.0,TOWT(HoW-cond),Shrew_office_Nora,125
-0.6451251885673323,0.17049576783555018,-0.1519862723836903,0.5477629987908101,-0.06670352508919981,0.6420798065296252,0.14973216302674175,0.9782345828295043,38173.23720263379,0.0,TOWT(HoW-cond),Shrew_office_Sherill,125
-0.17248130407108117,0.28171641791044777,0.16030920140780214,0.47388059701492535,0.20090472715717814,0.47388059701492535,0.3029971239455389,0.47574626865671643,6133.110195241102,1340.2637810971287,TOWT(HoW-cond),Wolf_office_Darleen,125
0.07920397324481591,0.2271062271062271,1.476004912564275,0.47985347985347987,2.254941872292393,0.6410256410256411,3.304131248211346,1.0,3832.8535001567175,0.0,TOWT(HoW-cond),Wolf_retail_Harriett,125
-0.5256356053783166,0.030450669914738125,0.015895334766657967,0.13885505481120586,0.1752907998276986,0.18757612667478685,0.3878204744559338,0.26674786845310594,1198.7522063529384,127.71859867087753,TOWT(HoW-cond),Wolf_retail_Marcella,125
-0.1936119833419964,0.1981382978723404,0.5167876258302246,0.49069148936170215,0.7704356549725853,0.6196808510638298,1.3618254895981305,0.9029255319148937,10746.240803187698,447.8777360003793,TOWT(HoW-cond),Wolf_retail_Toshia,125
