n_events,tp_events,precision,recall,f1,detection_delay_h,detection_rate,false_alarm_rate,model,building_id,seed,btype,seen,waste_est_kwh,waste_true_kwh,waste_error_mean,waste_error_total
6.0,3.0,0.25,0.5,0.3333333333333333,1.6666666666666667,0.5,0.016350210970464137,PatchTST-SSL(w-tuned),Fox_education_Henrietta,123,education,False,2212.2456247672026,2373.369318511601,0.8941675914425528,0.06788816746204629
6.0,4.0,0.35135135135135137,0.6666666666666666,0.46017699115044247,51.25,0.6666666666666666,0.06979542719614922,PatchTST-SSL(w-tuned),Fox_retail_Manie,123,retail,False,8981.18273327445,9988.54459407402,0.33214584753925586,0.10085171581425525
6.0,6.0,0.9166666666666666,1.0,0.9565217391304348,76.0,1.0,0.0014524328249818446,PatchTST-SSL(w-tuned),Hog_education_Bruno,123,education,False,59535.739326162584,54401.37673466893,0.6505906541668015,0.094379276769693
6.0,4.0,0.8571428571428571,0.6666666666666666,0.75,80.0,0.6666666666666666,0.0161090458488228,PatchTST-SSL(w-tuned),Hog_education_Caridad,123,education,False,91870.4358074615,194402.84155505014,0.6035282805895485,0.5274223613575831
6.0,3.0,0.5833333333333334,0.5,0.5384615384615384,69.33333333333333,0.5,0.0041592394533571005,PatchTST-SSL(w-tuned),Hog_education_Luvenia,123,education,False,86414.04311143672,74708.30184247419,0.29038329140690616,0.1566859502929757
6.0,5.0,0.6785714285714286,0.8333333333333334,0.7480314960629922,3.6,0.8333333333333334,0.009237875288683603,PatchTST-SSL(w-tuned),Hog_office_Almeda,123,office,True,13325.591127114665,9417.311027781248,9.612075587808496,0.4150101964142328
6.0,3.0,0.875,0.5,0.6363636363636364,70.66666666666667,0.5,0.0007022471910112359,PatchTST-SSL(w-tuned),Hog_office_Cortney,123,office,True,17792.53488402955,13863.27034193821,2.010542566758542,0.2834298434046112
6.0,6.0,0.8709677419354839,1.0,0.9310344827586207,42.666666666666664,1.0,0.0026402640264026403,PatchTST-SSL(w-tuned),Hog_office_Denita,123,office,True,17887.87719333203,22167.1395612787,0.2053378877947517,0.19304531178310586
6.0,5.0,0.5454545454545454,0.8333333333333334,0.6593406593406592,28.6,0.8333333333333334,0.02937420178799489,PatchTST-SSL(w-tuned),Hog_office_Garrett,123,office,True,32168.404329405876,74761.55072201448,0.3566002557054138,0.5697199426879532
6.0,4.0,0.625,0.6666666666666666,0.6451612903225806,43.75,0.6666666666666666,0.004768392370572207,PatchTST-SSL(w-tuned),Hog_office_Lavon,123,office,True,118044.33851519064,43327.82005139158,8.164136124696391,1.724446749805945
6.0,6.0,0.6,1.0,0.7499999999999999,13.333333333333334,1.0,0.010165864098448368,PatchTST-SSL(w-tuned),Hog_office_Merilyn,123,office,True,1106.5707373335347,3404.8623827046636,0.28171783519243115,0.6750028010076206
6.0,4.0,0.7407407407407407,0.6666666666666666,0.7017543859649122,33.0,0.6666666666666666,0.0055762081784386614,PatchTST-SSL(w-tuned),Hog_office_Miriam,123,office,True,2469.305687656769,2733.19612771947,1.3065572489181694,0.09655012949359276
6.0,5.0,0.9285714285714286,0.8333333333333334,0.8783783783783784,47.2,0.8333333333333334,0.0006016847172081829,PatchTST-SSL(w-tuned),Hog_office_Napoleon,123,office,True,10831.757548087522,13164.94391405967,0.4238925924778827,0.17722721655353135
6.0,2.0,0.3333333333333333,0.3333333333333333,0.3333333333333333,0.5,0.3333333333333333,0.004878048780487805,PatchTST-SSL(w-tuned),Hog_office_Shawna,123,office,True,13402.21931661442,6758.17610943246,1.1313272440624484,0.9831118780566841
6.0,6.0,0.8611111111111112,1.0,0.9253731343283582,32.5,1.0,0.0071581961345740875,PatchTST-SSL(w-tuned),Hog_office_Shawnna,123,office,True,90748.35474858232,125372.16791342666,0.2966938989137434,0.2761682576052537
6.0,4.0,0.34615384615384615,0.6666666666666666,0.45569620253164556,2.25,0.6666666666666666,0.014084507042253521,PatchTST-SSL(w-tuned),Hog_office_Sherrie,123,office,True,5388.970646374717,4999.540930113644,33.10565533016088,0.07789309492706178
6.0,6.0,0.5789473684210527,1.0,0.7333333333333334,37.0,1.0,0.006944444444444444,PatchTST-SSL(w-tuned),Hog_office_Shon,123,office,True,11315.815710390216,7850.146933398892,1.82988433349092,0.4414782049806535
6.0,5.0,0.7575757575757576,0.8333333333333334,0.7936507936507938,9.0,0.8333333333333334,0.008933889219773675,PatchTST-SSL(w-tuned),Hog_office_Sydney,123,office,True,31820.722015430263,35688.41172784455,0.11807041332728628,0.108373825708715
6.0,5.0,0.3888888888888889,0.8333333333333334,0.5303030303030303,21.2,0.8333333333333334,0.012195121951219513,PatchTST-SSL(w-tuned),Hog_office_Valda,123,office,True,2315.8882150695476,2589.0456041595153,0.3479569989236136,0.10550505122471299
6.0,3.0,1.0,0.5,0.6666666666666666,7.0,0.5,0.0,PatchTST-SSL(w-tuned),Lamb_education_Armando,123,education,False,13364.38124147762,3934.357376597145,33.98437421215697,2.3968396772935185
6.0,6.0,0.2962962962962963,1.0,0.45714285714285713,16.833333333333332,1.0,0.017103153393907,PatchTST-SSL(w-tuned),Lamb_education_Eula,123,education,False,232.50950678595387,281.50345907383456,0.2125898102497207,0.17404387302761432
6.0,5.0,0.8181818181818182,0.8333333333333334,0.8256880733944955,34.2,0.8333333333333334,0.008556149732620321,PatchTST-SSL(w-tuned),Lamb_education_Lazaro,123,education,False,5471.511473094861,2732.2174995928317,0.5687298764179314,1.0025900111942962
6.0,5.0,0.3783783783783784,0.8333333333333334,0.5204460966542751,14.8,0.8333333333333334,0.014250309789343246,PatchTST-SSL(w-tuned),Lamb_education_Lucas,123,education,False,1395.641959788636,689.9874148777225,1.3019456441750428,1.0227063997043593
6.0,5.0,0.38461538461538464,0.8333333333333334,0.5263157894736842,54.4,0.8333333333333334,0.024489795918367346,PatchTST-SSL(w-tuned),Lamb_education_Mae,123,education,False,10111.835793657974,9386.55849108594,41.66605996628626,0.0772676485488055
,,,,,,,,PatchTST-SSL(w-tuned),Lamb_education_Willetta,123,education,False,0.0,0.0,,0.0
6.0,2.0,0.375,0.3333333333333333,0.35294117647058826,8.5,0.3333333333333333,0.016463414634146342,PatchTST-SSL(w-tuned),Lamb_education_Williams,123,education,False,6848.393965904019,4340.983674226856,4.344527480982567,0.5776133890030676
6.0,4.0,0.30612244897959184,0.6666666666666666,0.4195804195804196,28.5,0.6666666666666666,0.0832282471626734,PatchTST-SSL(w-tuned),Lamb_office_Caitlin,123,office,True,1498.8028184137042,2334.791275192391,1.1067884235749457,0.35805704161276675
6.0,4.0,0.3684210526315789,0.6666666666666666,0.4745762711864407,69.5,0.6666666666666666,0.022988505747126436,PatchTST-SSL(w-tuned),Lamb_office_Velma,123,office,True,14689.46512107921,9813.136828809173,0.6229309072511672,0.4969184041084834
6.0,5.0,0.6829268292682927,0.8333333333333334,0.7506702412868633,23.8,0.8333333333333334,0.029818181818181817,PatchTST-SSL(w-tuned),Rat_retail_Jeffrey,123,retail,False,10591.57913038779,13741.885133980677,0.42377721296505394,0.22924845993675705
6.0,6.0,0.3939393939393939,1.0,0.5652173913043478,7.666666666666667,1.0,0.05731119442956615,PatchTST-SSL(w-tuned),Robin_education_Zenia,123,education,False,50645.79868520212,33588.96758583762,0.5749287741862066,0.5078105200993526
6.0,5.0,0.9310344827586207,0.8333333333333334,0.8794788273615635,36.6,0.8333333333333334,0.001483679525222552,PatchTST-SSL(w-tuned),Robin_office_Dina,123,office,True,7526.466506480445,6397.499952015792,5.150606473429593,0.17646995903593973
6.0,4.0,0.9333333333333333,0.6666666666666666,0.7777777777777778,55.0,0.6666666666666666,0.0017196904557179708,PatchTST-SSL(w-tuned),Robin_office_Sammie,123,office,True,24330.482153797922,28638.901961943724,0.34414507790214516,0.1504394202637715
6.0,6.0,0.8095238095238095,1.0,0.8947368421052632,67.16666666666667,1.0,0.003526093088857546,PatchTST-SSL(w-tuned),Shrew_office_Doris,123,office,True,34894.37797820255,37713.79795495542,0.13473642195905042,0.07475831471866945
6.0,5.0,0.8723404255319149,0.8333333333333334,0.8523908523908524,81.4,0.8333333333333334,0.009098428453267164,PatchTST-SSL(w-tuned),Shrew_office_Ila,123,office,True,56352.248964307655,56475.608029300376,0.1562622372624436,0.002184289276331836
6.0,6.0,1.0,1.0,1.0,56.5,1.0,0.0,PatchTST-SSL(w-tuned),Shrew_office_Kenneth,123,office,True,3126.9382845837795,5626.082519954916,0.47451969892980356,0.4442068217995429
6.0,5.0,0.9285714285714286,0.8333333333333334,0.8783783783783784,61.6,0.8333333333333334,0.0006489292667099286,PatchTST-SSL(w-tuned),Shrew_office_Nora,123,office,True,8184.575197809062,14394.2638131671,0.42033976044711285,0.4314002227524653
6.0,3.0,0.3,0.5,0.37499999999999994,1.0,0.5,0.008049242424242424,PatchTST-SSL(w-tuned),Shrew_office_Sherill,123,office,True,3976.345175665039,3431.345055613974,3.831198739982398,0.15882987901767495
6.0,6.0,0.5384615384615384,1.0,0.7000000000000001,8.0,1.0,0.004842615012106538,PatchTST-SSL(w-tuned),Wolf_office_Darleen,123,office,True,1337.9704616449203,833.1804513129612,11.12882495447831,0.6058591623657151
6.0,5.0,0.9166666666666666,0.8333333333333334,0.8730158730158729,42.4,0.8333333333333334,0.0030165912518853697,PatchTST-SSL(w-tuned),Wolf_retail_Harriett,123,retail,False,19253.759620703662,18955.973709227597,0.09513358033946573,0.015709343980104037
6.0,4.0,0.8125,0.6666666666666666,0.7323943661971831,6.75,0.6666666666666666,0.0031545741324921135,PatchTST-SSL(w-tuned),Wolf_retail_Marcella,123,retail,False,629.4417678919501,240.8112086307441,2.1366414030813865,1.6138391625164163
6.0,2.0,0.375,0.3333333333333333,0.35294117647058826,21.0,0.3333333333333333,0.00426049908703591,PatchTST-SSL(w-tuned),Wolf_retail_Toshia,123,retail,False,5844.8797543817045,1497.2236255203593,43.105194869153756,2.9038121325064714
6.0,2.0,0.15384615384615385,0.3333333333333333,0.21052631578947367,2.5,0.3333333333333333,0.025843881856540084,PatchTST-SSL(w=0.5 fixed),Fox_education_Henrietta,123,education,False,,,,
6.0,4.0,0.2558139534883721,0.6666666666666666,0.3697478991596639,51.75,0.6666666666666666,0.09446450060168472,PatchTST-SSL(w=0.5 fixed),Fox_retail_Manie,123,retail,False,,,,
6.0,6.0,0.6428571428571429,1.0,0.782608695652174,88.5,1.0,0.007988380537400145,PatchTST-SSL(w=0.5 fixed),Hog_education_Bruno,123,education,False,,,,
6.0,3.0,0.6666666666666666,0.5,0.5714285714285715,74.66666666666667,0.5,0.011771995043370507,PatchTST-SSL(w=0.5 fixed),Hog_education_Caridad,123,education,False,,,,
6.0,2.0,0.4,0.3333333333333333,0.3636363636363636,90.5,0.3333333333333333,0.10873440285204991,PatchTST-SSL(w=0.5 fixed),Hog_education_Luvenia,123,education,False,,,,
6.0,2.0,0.3076923076923077,0.3333333333333333,0.32,69.0,0.3333333333333333,0.02367205542725173,PatchTST-SSL(w=0.5 fixed),Hog_office_Almeda,123,office,True,,,,
6.0,3.0,0.6153846153846154,0.5,0.5517241379310345,55.0,0.5,0.0056179775280898875,PatchTST-SSL(w=0.5 fixed),Hog_office_Cortney,123,office,True,,,,
6.0,6.0,0.7931034482758621,1.0,0.8846153846153846,28.0,1.0,0.007920792079207921,PatchTST-SSL(w=0.5 fixed),Hog_office_Denita,123,office,True,,,,
6.0,6.0,0.4857142857142857,1.0,0.6538461538461539,42.5,1.0,0.04086845466155811,PatchTST-SSL(w=0.5 fixed),Hog_office_Garrett,123,office,True,,,,
6.0,4.0,0.625,0.6666666666666666,0.6451612903225806,43.5,0.6666666666666666,0.0034059945504087193,PatchTST-SSL(w=0.5 fixed),Hog_office_Lavon,123,office,True,,,,
6.0,4.0,0.8823529411764706,0.6666666666666666,0.7594936708860759,4.5,0.6666666666666666,0.012306046013911182,PatchTST-SSL(w=0.5 fixed),Hog_office_Merilyn,123,office,True,,,,
6.0,4.0,0.29411764705882354,0.6666666666666666,0.40816326530612246,20.5,0.6666666666666666,0.03717472118959108,PatchTST-SSL(w=0.5 fixed),Hog_office_Miriam,123,office,True,,,,
6.0,5.0,0.9615384615384616,0.8333333333333334,0.8928571428571429,18.2,0.8333333333333334,0.0006016847172081829,PatchTST-SSL(w=0.5 fixed),Hog_office_Napoleon,123,office,True,,,,
6.0,2.0,0.2,0.3333333333333333,0.25,0.5,0.3333333333333333,0.01707317073170732,PatchTST-SSL(w=0.5 fixed),Hog_office_Shawna,123,office,True,,,,
6.0,5.0,0.7407407407407407,0.8333333333333334,0.7843137254901961,29.4,0.8333333333333334,0.03937007874015748,PatchTST-SSL(w=0.5 fixed),Hog_office_Shawnna,123,office,True,,,,
6.0,4.0,0.5,0.6666666666666666,0.5714285714285715,2.5,0.6666666666666666,0.028755868544600938,PatchTST-SSL(w=0.5 fixed),Hog_office_Sherrie,123,office,True,,,,
6.0,6.0,0.6190476190476191,1.0,0.7647058823529412,17.5,1.0,0.006944444444444444,PatchTST-SSL(w=0.5 fixed),Hog_office_Shon,123,office,True,,,,
6.0,5.0,0.7619047619047619,0.8333333333333334,0.7960199004975124,15.6,0.8333333333333334,0.014889815366289458,PatchTST-SSL(w=0.5 fixed),Hog_office_Sydney,123,office,True,,,,
6.0,5.0,0.42857142857142855,0.8333333333333334,0.5660377358490566,34.8,0.8333333333333334,0.07926829268292683,PatchTST-SSL(w=0.5 fixed),Hog_office_Valda,123,office,True,,,,
6.0,2.0,0.6666666666666666,0.3333333333333333,0.4444444444444444,0.5,0.3333333333333333,0.0006915629322268327,PatchTST-SSL(w=0.5 fixed),Lamb_education_Armando,123,education,False,,,,
6.0,5.0,0.21739130434782608,0.8333333333333334,0.3448275862068966,0.8,0.8333333333333334,0.032068412613575625,PatchTST-SSL(w=0.5 fixed),Lamb_education_Eula,123,education,False,,,,
6.0,3.0,0.4444444444444444,0.5,0.47058823529411764,0.0,0.5,0.10267379679144385,PatchTST-SSL(w=0.5 fixed),Lamb_education_Lazaro,123,education,False,,,,
6.0,6.0,0.36363636363636365,1.0,0.5333333333333333,44.0,1.0,0.08302354399008674,PatchTST-SSL(w=0.5 fixed),Lamb_education_Lucas,123,education,False,,,,
6.0,4.0,0.3157894736842105,0.6666666666666666,0.42857142857142855,33.25,0.6666666666666666,0.018367346938775512,PatchTST-SSL(w=0.5 fixed),Lamb_education_Mae,123,education,False,,,,
,,,,,,,,PatchTST-SSL(w=0.5 fixed),Lamb_education_Willetta,123,education,False,,,,
6.0,4.0,0.391304347826087,0.6666666666666666,0.4931506849315068,23.75,0.6666666666666666,0.08536585365853659,PatchTST-SSL(w=0.5 fixed),Lamb_education_Williams,123,education,False,,,,
6.0,2.0,0.15384615384615385,0.3333333333333333,0.21052631578947367,123.5,0.3333333333333333,0.08259773013871374,PatchTST-SSL(w=0.5 fixed),Lamb_office_Caitlin,123,office,True,,,,
6.0,2.0,0.25,0.3333333333333333,0.28571428571428575,83.0,0.3333333333333333,0.017624521072796936,PatchTST-SSL(w=0.5 fixed),Lamb_office_Velma,123,office,True,,,,
6.0,5.0,0.7435897435897436,0.8333333333333334,0.7859078590785907,23.2,0.8333333333333334,0.012363636363636363,PatchTST-SSL(w=0.5 fixed),Rat_retail_Jeffrey,123,retail,False,,,,
6.0,5.0,0.6153846153846154,0.8333333333333334,0.7079646017699115,38.0,0.8333333333333334,0.009105516871987145,PatchTST-SSL(w=0.5 fixed),Robin_education_Zenia,123,education,False,,,,
6.0,5.0,0.8888888888888888,0.8333333333333334,0.8602150537634408,32.0,0.8333333333333334,0.1016320474777448,PatchTST-SSL(w=0.5 fixed),Robin_office_Dina,123,office,True,,,,
6.0,3.0,0.9333333333333333,0.5,0.6511627906976745,63.333333333333336,0.5,0.0008598452278589854,PatchTST-SSL(w=0.5 fixed),Robin_office_Sammie,123,office,True,,,,
6.0,5.0,1.0,0.8333333333333334,0.9090909090909091,54.0,0.8333333333333334,0.06770098730606489,PatchTST-SSL(w=0.5 fixed),Shrew_office_Doris,123,office,True,,,,
6.0,5.0,0.9743589743589743,0.8333333333333334,0.8983451536643026,104.4,0.8333333333333334,0.0008271298593879239,PatchTST-SSL(w=0.5 fixed),Shrew_office_Ila,123,office,True,,,,
6.0,4.0,1.0,0.6666666666666666,0.8,4.75,0.6666666666666666,0.0,PatchTST-SSL(w=0.5 fixed),Shrew_office_Kenneth,123,office,True,,,,
6.0,5.0,0.8823529411764706,0.8333333333333334,0.8571428571428571,51.2,0.8333333333333334,0.0012978585334198572,PatchTST-SSL(w=0.5 fixed),Shrew_office_Nora,123,office,True,,,,
6.0,4.0,0.3076923076923077,0.6666666666666666,0.42105263157894735,18.25,0.6666666666666666,0.10132575757575757,PatchTST-SSL(w=0.5 fixed),Shrew_office_Sherill,123,office,True,,,,
6.0,6.0,0.5,1.0,0.6666666666666666,19.333333333333332,1.0,0.11041162227602906,PatchTST-SSL(w=0.5 fixed),Wolf_office_Darleen,123,office,True,,,,
6.0,3.0,0.6923076923076923,0.5,0.5806451612903226,75.66666666666667,0.5,0.12895927601809956,PatchTST-SSL(w=0.5 fixed),Wolf_retail_Harriett,123,retail,False,,,,
6.0,3.0,0.25,0.5,0.3333333333333333,2.0,0.5,0.00946372239747634,PatchTST-SSL(w=0.5 fixed),Wolf_retail_Marcella,123,retail,False,,,,
6.0,2.0,0.3,0.3333333333333333,0.3157894736842105,75.5,0.3333333333333333,0.1393791844187462,PatchTST-SSL(w=0.5 fixed),Wolf_retail_Toshia,123,retail,False,,,,
6.0,3.0,0.25,0.5,0.3333333333333333,1.6666666666666667,0.5,0.016350210970464137,Abl: short-only,Fox_education_Henrietta,123,education,False,,,,
6.0,4.0,0.35135135135135137,0.6666666666666666,0.46017699115044247,51.25,0.6666666666666666,0.06979542719614922,Abl: short-only,Fox_retail_Manie,123,retail,False,,,,
6.0,6.0,0.9166666666666666,1.0,0.9565217391304348,76.0,1.0,0.0014524328249818446,Abl: short-only,Hog_education_Bruno,123,education,False,,,,
6.0,4.0,0.8571428571428571,0.6666666666666666,0.75,80.0,0.6666666666666666,0.0161090458488228,Abl: short-only,Hog_education_Caridad,123,education,False,,,,
6.0,3.0,0.5833333333333334,0.5,0.5384615384615384,69.33333333333333,0.5,0.0041592394533571005,Abl: short-only,Hog_education_Luvenia,123,education,False,,,,
6.0,5.0,0.6785714285714286,0.8333333333333334,0.7480314960629922,3.6,0.8333333333333334,0.009237875288683603,Abl: short-only,Hog_office_Almeda,123,office,True,,,,
6.0,3.0,0.875,0.5,0.6363636363636364,70.66666666666667,0.5,0.0007022471910112359,Abl: short-only,Hog_office_Cortney,123,office,True,,,,
6.0,6.0,0.8709677419354839,1.0,0.9310344827586207,42.666666666666664,1.0,0.0026402640264026403,Abl: short-only,Hog_office_Denita,123,office,True,,,,
6.0,5.0,0.5454545454545454,0.8333333333333334,0.6593406593406592,28.6,0.8333333333333334,0.02937420178799489,Abl: short-only,Hog_office_Garrett,123,office,True,,,,
6.0,4.0,0.625,0.6666666666666666,0.6451612903225806,43.75,0.6666666666666666,0.004768392370572207,Abl: short-only,Hog_office_Lavon,123,office,True,,,,
6.0,6.0,0.6,1.0,0.7499999999999999,13.333333333333334,1.0,0.010165864098448368,Abl: short-only,Hog_office_Merilyn,123,office,True,,,,
6.0,4.0,0.7407407407407407,0.6666666666666666,0.7017543859649122,33.0,0.6666666666666666,0.0055762081784386614,Abl: short-only,Hog_office_Miriam,123,office,True,,,,
6.0,5.0,0.9285714285714286,0.8333333333333334,0.8783783783783784,47.2,0.8333333333333334,0.0006016847172081829,Abl: short-only,Hog_office_Napoleon,123,office,True,,,,
6.0,2.0,0.3333333333333333,0.3333333333333333,0.3333333333333333,0.5,0.3333333333333333,0.004878048780487805,Abl: short-only,Hog_office_Shawna,123,office,True,,,,
6.0,6.0,0.8611111111111112,1.0,0.9253731343283582,32.5,1.0,0.0071581961345740875,Abl: short-only,Hog_office_Shawnna,123,office,True,,,,
6.0,4.0,0.34615384615384615,0.6666666666666666,0.45569620253164556,2.25,0.6666666666666666,0.014084507042253521,Abl: short-only,Hog_office_Sherrie,123,office,True,,,,
6.0,6.0,0.5789473684210527,1.0,0.7333333333333334,37.0,1.0,0.006944444444444444,Abl: short-only,Hog_office_Shon,123,office,True,,,,
6.0,5.0,0.7575757575757576,0.8333333333333334,0.7936507936507938,9.0,0.8333333333333334,0.008933889219773675,Abl: short-only,Hog_office_Sydney,123,office,True,,,,
6.0,5.0,0.3888888888888889,0.8333333333333334,0.5303030303030303,21.2,0.8333333333333334,0.012195121951219513,Abl: short-only,Hog_office_Valda,123,office,True,,,,
6.0,3.0,1.0,0.5,0.6666666666666666,7.0,0.5,0.0,Abl: short-only,Lamb_education_Armando,123,education,False,,,,
6.0,6.0,0.2962962962962963,1.0,0.45714285714285713,16.833333333333332,1.0,0.017103153393907,Abl: short-only,Lamb_education_Eula,123,education,False,,,,
6.0,5.0,0.8181818181818182,0.8333333333333334,0.8256880733944955,34.2,0.8333333333333334,0.008556149732620321,Abl: short-only,Lamb_education_Lazaro,123,education,False,,,,
6.0,5.0,0.3783783783783784,0.8333333333333334,0.5204460966542751,14.8,0.8333333333333334,0.014250309789343246,Abl: short-only,Lamb_education_Lucas,123,education,False,,,,
6.0,5.0,0.38461538461538464,0.8333333333333334,0.5263157894736842,54.4,0.8333333333333334,0.024489795918367346,Abl: short-only,Lamb_education_Mae,123,education,False,,,,
,,,,,,,,Abl: short-only,Lamb_education_Willetta,123,education,False,,,,
6.0,2.0,0.375,0.3333333333333333,0.35294117647058826,8.5,0.3333333333333333,0.016463414634146342,Abl: short-only,Lamb_education_Williams,123,education,False,,,,
6.0,4.0,0.30612244897959184,0.6666666666666666,0.4195804195804196,28.5,0.6666666666666666,0.0832282471626734,Abl: short-only,Lamb_office_Caitlin,123,office,True,,,,
6.0,4.0,0.3684210526315789,0.6666666666666666,0.4745762711864407,69.5,0.6666666666666666,0.022988505747126436,Abl: short-only,Lamb_office_Velma,123,office,True,,,,
6.0,5.0,0.6829268292682927,0.8333333333333334,0.7506702412868633,23.8,0.8333333333333334,0.029818181818181817,Abl: short-only,Rat_retail_Jeffrey,123,retail,False,,,,
6.0,6.0,0.3939393939393939,1.0,0.5652173913043478,7.666666666666667,1.0,0.05731119442956615,Abl: short-only,Robin_education_Zenia,123,education,False,,,,
6.0,5.0,0.9310344827586207,0.8333333333333334,0.8794788273615635,36.6,0.8333333333333334,0.001483679525222552,Abl: short-only,Robin_office_Dina,123,office,True,,,,
6.0,4.0,0.9333333333333333,0.6666666666666666,0.7777777777777778,55.0,0.6666666666666666,0.0017196904557179708,Abl: short-only,Robin_office_Sammie,123,office,True,,,,
6.0,6.0,0.8095238095238095,1.0,0.8947368421052632,67.16666666666667,1.0,0.003526093088857546,Abl: short-only,Shrew_office_Doris,123,office,True,,,,
6.0,5.0,0.8723404255319149,0.8333333333333334,0.8523908523908524,81.4,0.8333333333333334,0.009098428453267164,Abl: short-only,Shrew_office_Ila,123,office,True,,,,
6.0,6.0,1.0,1.0,1.0,56.5,1.0,0.0,Abl: short-only,Shrew_office_Kenneth,123,office,True,,,,
6.0,5.0,0.9285714285714286,0.8333333333333334,0.8783783783783784,61.6,0.8333333333333334,0.0006489292667099286,Abl: short-only,Shrew_office_Nora,123,office,True,,,,
6.0,3.0,0.3,0.5,0.37499999999999994,1.0,0.5,0.008049242424242424,Abl: short-only,Shrew_office_Sherill,123,office,True,,,,
6.0,6.0,0.5384615384615384,1.0,0.7000000000000001,8.0,1.0,0.004842615012106538,Abl: short-only,Wolf_office_Darleen,123,office,True,,,,
6.0,5.0,0.9166666666666666,0.8333333333333334,0.8730158730158729,42.4,0.8333333333333334,0.0030165912518853697,Abl: short-only,Wolf_retail_Harriett,123,retail,False,,,,
6.0,4.0,0.8125,0.6666666666666666,0.7323943661971831,6.75,0.6666666666666666,0.0031545741324921135,Abl: short-only,Wolf_retail_Marcella,123,retail,False,,,,
6.0,2.0,0.375,0.3333333333333333,0.35294117647058826,21.0,0.3333333333333333,0.00426049908703591,Abl: short-only,Wolf_retail_Toshia,123,retail,False,,,,
6.0,1.0,0.3333333333333333,0.16666666666666666,0.2222222222222222,51.0,0.16666666666666666,0.10917721518987342,Abl: long-only,Fox_education_Henrietta,123,education,False,,,,
6.0,2.0,0.6666666666666666,0.3333333333333333,0.4444444444444444,0.0,0.3333333333333333,0.27015643802647415,Abl: long-only,Fox_retail_Manie,123,retail,False,,,,
6.0,1.0,0.5,0.16666666666666666,0.25,0.0,0.16666666666666666,0.09513435003631082,Abl: long-only,Hog_education_Bruno,123,education,False,,,,
6.0,1.0,1.0,0.16666666666666666,0.2857142857142857,49.0,0.16666666666666666,0.0,Abl: long-only,Hog_education_Caridad,123,education,False,,,,
6.0,1.0,0.6666666666666666,0.16666666666666666,0.26666666666666666,36.0,0.16666666666666666,0.17052881758764113,Abl: long-only,Hog_education_Luvenia,123,education,False,,,,
6.0,0.0,0.0,0.0,0.0,,0.0,0.11027713625866051,Abl: long-only,Hog_office_Almeda,123,office,True,,,,
6.0,3.0,0.6666666666666666,0.5,0.5714285714285715,80.66666666666667,0.5,0.20926966292134833,Abl: long-only,Hog_office_Cortney,123,office,True,,,,
6.0,2.0,0.6666666666666666,0.3333333333333333,0.4444444444444444,67.5,0.3333333333333333,0.29108910891089107,Abl: long-only,Hog_office_Denita,123,office,True,,,,
6.0,3.0,0.75,0.5,0.6,12.333333333333334,0.5,0.20242656449553,Abl: long-only,Hog_office_Garrett,123,office,True,,,,
6.0,3.0,1.0,0.5,0.6666666666666666,29.333333333333332,0.5,0.07425068119891008,Abl: long-only,Hog_office_Lavon,123,office,True,,,,
6.0,2.0,0.5,0.3333333333333333,0.4,16.5,0.3333333333333333,0.10005350454788657,Abl: long-only,Hog_office_Merilyn,123,office,True,,,,
6.0,1.0,0.5,0.16666666666666666,0.25,47.0,0.16666666666666666,0.1332094175960347,Abl: long-only,Hog_office_Miriam,123,office,True,,,,
6.0,1.0,0.3333333333333333,0.16666666666666666,0.2222222222222222,0.0,0.16666666666666666,0.17027677496991575,Abl: long-only,Hog_office_Napoleon,123,office,True,,,,
6.0,0.0,0.0,0.0,0.0,,0.0,0.11646341463414635,Abl: long-only,Hog_office_Shawna,123,office,True,,,,
6.0,3.0,1.0,0.5,0.6666666666666666,3.3333333333333335,0.5,0.20257695060844666,Abl: long-only,Hog_office_Shawnna,123,office,True,,,,
6.0,0.0,0.0,0.0,0.0,,0.0,0.18251173708920188,Abl: long-only,Hog_office_Sherrie,123,office,True,,,,
6.0,2.0,0.6666666666666666,0.3333333333333333,0.4444444444444444,9.5,0.3333333333333333,0.13541666666666666,Abl: long-only,Hog_office_Shon,123,office,True,,,,
6.0,0.0,0.0,0.0,0.0,,0.0,0.12805241215008933,Abl: long-only,Hog_office_Sydney,123,office,True,,,,
6.0,2.0,0.5,0.3333333333333333,0.4,87.5,0.3333333333333333,0.13470066518847007,Abl: long-only,Hog_office_Valda,123,office,True,,,,
6.0,0.0,0.0,0.0,0.0,,0.0,0.0,Abl: long-only,Lamb_education_Armando,123,education,False,,,,
6.0,0.0,0.0,0.0,0.0,,0.0,0.012292891501870658,Abl: long-only,Lamb_education_Eula,123,education,False,,,,
6.0,1.0,0.5,0.16666666666666666,0.25,0.0,0.16666666666666666,0.09037433155080214,Abl: long-only,Lamb_education_Lazaro,123,education,False,,,,
6.0,2.0,0.4,0.3333333333333333,0.3636363636363636,61.0,0.3333333333333333,0.2825278810408922,Abl: long-only,Lamb_education_Lucas,123,education,False,,,,
6.0,0.0,0.0,0.0,0.0,,0.0,0.08163265306122448,Abl: long-only,Lamb_education_Mae,123,education,False,,,,
,,,,,,,,Abl: long-only,Lamb_education_Willetta,123,education,False,,,,
6.0,1.0,1.0,0.16666666666666666,0.2857142857142857,0.0,0.16666666666666666,0.09634146341463415,Abl: long-only,Lamb_education_Williams,123,education,False,,,,
6.0,1.0,1.0,0.16666666666666666,0.2857142857142857,0.0,0.16666666666666666,0.09331651954602774,Abl: long-only,Lamb_office_Caitlin,123,office,True,,,,
6.0,1.0,0.3333333333333333,0.16666666666666666,0.2222222222222222,165.0,0.16666666666666666,0.09961685823754789,Abl: long-only,Lamb_office_Velma,123,office,True,,,,
6.0,2.0,0.8,0.3333333333333333,0.47058823529411764,52.5,0.3333333333333333,0.03709090909090909,Abl: long-only,Rat_retail_Jeffrey,123,retail,False,,,,
6.0,0.0,0.0,0.0,0.0,,0.0,0.0,Abl: long-only,Robin_education_Zenia,123,education,False,,,,
6.0,1.0,0.5,0.16666666666666666,0.25,56.0,0.16666666666666666,0.14169139465875372,Abl: long-only,Robin_office_Dina,123,office,True,,,,
6.0,2.0,0.5,0.3333333333333333,0.4,131.5,0.3333333333333333,0.14875322441960448,Abl: long-only,Robin_office_Sammie,123,office,True,,,,
6.0,2.0,1.0,0.3333333333333333,0.5,74.5,0.3333333333333333,0.07757404795486601,Abl: long-only,Shrew_office_Doris,123,office,True,,,,
6.0,2.0,1.0,0.3333333333333333,0.5,106.5,0.3333333333333333,0.04880066170388751,Abl: long-only,Shrew_office_Ila,123,office,True,,,,
6.0,0.0,0.0,0.0,0.0,,0.0,0.0,Abl: long-only,Shrew_office_Kenneth,123,office,True,,,,
6.0,3.0,1.0,0.5,0.6666666666666666,37.333333333333336,0.5,0.11421155094094744,Abl: long-only,Shrew_office_Nora,123,office,True,,,,
6.0,3.0,0.6666666666666666,0.5,0.5714285714285715,7.666666666666667,0.5,0.17897727272727273,Abl: long-only,Shrew_office_Sherill,123,office,True,,,,
6.0,1.0,0.3333333333333333,0.16666666666666666,0.2222222222222222,0.0,0.16666666666666666,0.28958837772397095,Abl: long-only,Wolf_office_Darleen,123,office,True,,,,
6.0,1.0,0.3333333333333333,0.16666666666666666,0.2222222222222222,89.0,0.16666666666666666,0.30693815987933637,Abl: long-only,Wolf_retail_Harriett,123,retail,False,,,,
6.0,0.0,0.0,0.0,0.0,,0.0,0.02965299684542587,Abl: long-only,Wolf_retail_Marcella,123,retail,False,,,,
6.0,3.0,0.6666666666666666,0.5,0.5714285714285715,16.333333333333332,0.5,0.31588557516737675,Abl: long-only,Wolf_retail_Toshia,123,retail,False,,,,
6.0,2.0,0.6666666666666666,0.3333333333333333,0.4444444444444444,2.0,0.3333333333333333,0.0015822784810126582,Abl: global-MAD short,Fox_education_Henrietta,123,education,False,,,,
6.0,5.0,0.4782608695652174,0.8333333333333334,0.6077348066298343,51.4,0.8333333333333334,0.022262334536702767,Abl: global-MAD short,Fox_retail_Manie,123,retail,False,,,,
6.0,4.0,0.9333333333333333,0.6666666666666666,0.7777777777777778,30.25,0.6666666666666666,0.0007262164124909223,Abl: global-MAD short,Hog_education_Bruno,123,education,False,,,,
6.0,1.0,0.5,0.16666666666666666,0.25,0.0,0.16666666666666666,0.0006195786864931846,Abl: global-MAD short,Hog_education_Caridad,123,education,False,,,,
6.0,2.0,0.4,0.3333333333333333,0.3636363636363636,1.0,0.3333333333333333,0.004753416518122401,Abl: global-MAD short,Hog_education_Luvenia,123,education,False,,,,
6.0,4.0,0.5416666666666666,0.6666666666666666,0.5977011494252873,7.0,0.6666666666666666,0.015011547344110854,Abl: global-MAD short,Hog_office_Almeda,123,office,True,,,,
6.0,3.0,0.75,0.5,0.6,34.0,0.5,0.0014044943820224719,Abl: global-MAD short,Hog_office_Cortney,123,office,True,,,,
6.0,5.0,0.6111111111111112,0.8333333333333334,0.7051282051282051,21.2,0.8333333333333334,0.011221122112211221,Abl: global-MAD short,Hog_office_Denita,123,office,True,,,,
6.0,4.0,0.8333333333333334,0.6666666666666666,0.7407407407407408,41.75,0.6666666666666666,0.0006385696040868455,Abl: global-MAD short,Hog_office_Garrett,123,office,True,,,,
6.0,3.0,1.0,0.5,0.6666666666666666,13.0,0.5,0.0,Abl: global-MAD short,Hog_office_Lavon,123,office,True,,,,
6.0,5.0,0.8333333333333334,0.8333333333333334,0.8333333333333334,1.8,0.8333333333333334,0.0005350454788657035,Abl: global-MAD short,Hog_office_Merilyn,123,office,True,,,,
6.0,4.0,0.5,0.6666666666666666,0.5714285714285715,34.25,0.6666666666666666,0.010532837670384139,Abl: global-MAD short,Hog_office_Miriam,123,office,True,,,,
6.0,4.0,0.6666666666666666,0.6666666666666666,0.6666666666666666,8.25,0.6666666666666666,0.00421179302045728,Abl: global-MAD short,Hog_office_Napoleon,123,office,True,,,,
6.0,4.0,0.5,0.6666666666666666,0.5714285714285715,7.5,0.6666666666666666,0.01707317073170732,Abl: global-MAD short,Hog_office_Shawna,123,office,True,,,,
6.0,5.0,1.0,0.8333333333333334,0.9090909090909091,56.6,0.8333333333333334,0.0,Abl: global-MAD short,Hog_office_Shawnna,123,office,True,,,,
6.0,3.0,0.5555555555555556,0.5,0.5263157894736842,3.6666666666666665,0.5,0.004694835680751174,Abl: global-MAD short,Hog_office_Sherrie,123,office,True,,,,
6.0,6.0,0.4838709677419355,1.0,0.6521739130434783,12.333333333333334,1.0,0.03587962962962963,Abl: global-MAD short,Hog_office_Shon,123,office,True,,,,
6.0,4.0,0.9259259259259259,0.6666666666666666,0.7751937984496123,15.0,0.6666666666666666,0.0029779630732578916,Abl: global-MAD short,Hog_office_Sydney,123,office,True,,,,
6.0,5.0,0.7142857142857143,0.8333333333333334,0.7692307692307692,36.4,0.8333333333333334,0.0033259423503325942,Abl: global-MAD short,Hog_office_Valda,123,office,True,,,,
6.0,5.0,0.5294117647058824,0.8333333333333334,0.6474820143884893,29.0,0.8333333333333334,0.017980636237897647,Abl: global-MAD short,Lamb_education_Armando,123,education,False,,,,
6.0,5.0,0.29411764705882354,0.8333333333333334,0.4347826086956522,0.6,0.8333333333333334,0.012827365045430252,Abl: global-MAD short,Lamb_education_Eula,123,education,False,,,,
6.0,6.0,0.8333333333333334,1.0,0.9090909090909091,34.333333333333336,1.0,0.006951871657754011,Abl: global-MAD short,Lamb_education_Lazaro,123,education,False,,,,
6.0,6.0,0.34782608695652173,1.0,0.5161290322580645,3.1666666666666665,1.0,0.04275092936802974,Abl: global-MAD short,Lamb_education_Lucas,123,education,False,,,,
6.0,4.0,0.4666666666666667,0.6666666666666666,0.5490196078431373,28.5,0.6666666666666666,0.01020408163265306,Abl: global-MAD short,Lamb_education_Mae,123,education,False,,,,
,,,,,,,,Abl: global-MAD short,Lamb_education_Willetta,123,education,False,,,,
6.0,1.0,0.07142857142857142,0.16666666666666666,0.1,0.0,0.16666666666666666,0.020121951219512196,Abl: global-MAD short,Lamb_education_Williams,123,education,False,,,,
6.0,1.0,1.0,0.16666666666666666,0.2857142857142857,106.0,0.16666666666666666,0.0,Abl: global-MAD short,Lamb_office_Caitlin,123,office,True,,,,
6.0,4.0,0.7,0.6666666666666666,0.6829268292682926,49.5,0.6666666666666666,0.0053639846743295016,Abl: global-MAD short,Lamb_office_Velma,123,office,True,,,,
6.0,3.0,0.8,0.5,0.6153846153846154,84.33333333333333,0.5,0.0014545454545454545,Abl: global-MAD short,Rat_retail_Jeffrey,123,retail,False,,,,
6.0,6.0,0.6538461538461539,1.0,0.7906976744186047,9.0,1.0,0.008034279592929834,Abl: global-MAD short,Robin_education_Zenia,123,education,False,,,,
6.0,5.0,0.9411764705882353,0.8333333333333334,0.8839779005524863,28.6,0.8333333333333334,0.001483679525222552,Abl: global-MAD short,Robin_office_Dina,123,office,True,,,,
6.0,4.0,1.0,0.6666666666666666,0.8,55.25,0.6666666666666666,0.0,Abl: global-MAD short,Robin_office_Sammie,123,office,True,,,,
6.0,4.0,0.5384615384615384,0.6666666666666666,0.5957446808510638,8.25,0.6666666666666666,0.00846262341325811,Abl: global-MAD short,Shrew_office_Doris,123,office,True,,,,
6.0,4.0,0.9444444444444444,0.6666666666666666,0.7816091954022987,105.25,0.6666666666666666,0.0008271298593879239,Abl: global-MAD short,Shrew_office_Ila,123,office,True,,,,
6.0,3.0,1.0,0.5,0.6666666666666666,51.333333333333336,0.5,0.0,Abl: global-MAD short,Shrew_office_Kenneth,123,office,True,,,,
6.0,3.0,0.5,0.5,0.5,69.33333333333333,0.5,0.003244646333549643,Abl: global-MAD short,Shrew_office_Nora,123,office,True,,,,
6.0,4.0,0.5714285714285714,0.6666666666666666,0.6153846153846153,1.25,0.6666666666666666,0.0033143939393939395,Abl: global-MAD short,Shrew_office_Sherill,123,office,True,,,,
6.0,6.0,0.46153846153846156,1.0,0.631578947368421,18.0,1.0,0.007263922518159807,Abl: global-MAD short,Wolf_office_Darleen,123,office,True,,,,
6.0,6.0,0.85,1.0,0.9189189189189189,77.33333333333333,1.0,0.005279034690799397,Abl: global-MAD short,Wolf_retail_Harriett,123,retail,False,,,,
6.0,4.0,0.4482758620689655,0.6666666666666666,0.536082474226804,7.0,0.6666666666666666,0.017034700315457414,Abl: global-MAD short,Wolf_retail_Marcella,123,retail,False,,,,
6.0,4.0,0.5384615384615384,0.6666666666666666,0.5957446808510638,28.5,0.6666666666666666,0.007303712720632989,Abl: global-MAD short,Wolf_retail_Toshia,123,retail,False,,,,
6.0,5.0,0.29411764705882354,0.8333333333333334,0.4347826086956522,38.2,0.8333333333333334,0.0490506329113924,IsolationForest(t),Fox_education_Henrietta,123,education,False,,,,
6.0,5.0,0.4642857142857143,0.8333333333333334,0.5963302752293578,53.6,0.8333333333333334,0.03369434416365824,IsolationForest(t),Fox_retail_Manie,123,retail,False,,,,
6.0,6.0,0.5454545454545454,1.0,0.7058823529411764,37.333333333333336,1.0,0.01888162672476398,IsolationForest(t),Hog_education_Bruno,123,education,False,,,,
6.0,4.0,0.7,0.6666666666666666,0.6829268292682926,79.25,0.6666666666666666,0.006815365551425031,IsolationForest(t),Hog_education_Caridad,123,education,False,,,,
6.0,1.0,0.04,0.16666666666666666,0.06451612903225806,1.0,0.16666666666666666,0.041592394533571005,IsolationForest(t),Hog_education_Luvenia,123,education,False,,,,
6.0,4.0,0.43902439024390244,0.6666666666666666,0.5294117647058824,7.5,0.6666666666666666,0.04676674364896074,IsolationForest(t),Hog_office_Almeda,123,office,True,,,,
6.0,5.0,0.48148148148148145,0.8333333333333334,0.6103286384976525,18.2,0.8333333333333334,0.02457865168539326,IsolationForest(t),Hog_office_Cortney,123,office,True,,,,
6.0,5.0,0.45,0.8333333333333334,0.5844155844155844,12.0,0.8333333333333334,0.033663366336633666,IsolationForest(t),Hog_office_Denita,123,office,True,,,,
6.0,4.0,0.4166666666666667,0.6666666666666666,0.5128205128205129,33.0,0.6666666666666666,0.015964240102171137,IsolationForest(t),Hog_office_Garrett,123,office,True,,,,
6.0,5.0,0.41935483870967744,0.8333333333333334,0.5579399141630902,70.2,0.8333333333333334,0.05653950953678474,IsolationForest(t),Hog_office_Lavon,123,office,True,,,,
6.0,6.0,0.4090909090909091,1.0,0.5806451612903226,34.5,1.0,0.013911182450508293,IsolationForest(t),Hog_office_Merilyn,123,office,True,,,,
6.0,5.0,0.391304347826087,0.8333333333333334,0.5325443786982248,27.8,0.8333333333333334,0.02168525402726146,IsolationForest(t),Hog_office_Miriam,123,office,True,,,,
6.0,5.0,0.84,0.8333333333333334,0.8366533864541832,19.8,0.8333333333333334,0.0024067388688327317,IsolationForest(t),Hog_office_Napoleon,123,office,True,,,,
6.0,6.0,0.2727272727272727,1.0,0.42857142857142855,41.833333333333336,1.0,0.02378048780487805,IsolationForest(t),Hog_office_Shawna,123,office,True,,,,
6.0,5.0,0.7777777777777778,0.8333333333333334,0.8045977011494253,56.8,0.8333333333333334,0.009305654974946313,IsolationForest(t),Hog_office_Shawnna,123,office,True,,,,
6.0,4.0,0.5,0.6666666666666666,0.5714285714285715,9.25,0.6666666666666666,0.014671361502347418,IsolationForest(t),Hog_office_Sherrie,123,office,True,,,,
6.0,6.0,0.4,1.0,0.5714285714285715,12.666666666666666,1.0,0.08796296296296297,IsolationForest(t),Hog_office_Shon,123,office,True,,,,
6.0,4.0,0.7777777777777778,0.6666666666666666,0.717948717948718,32.75,0.6666666666666666,0.008338296605122097,IsolationForest(t),Hog_office_Sydney,123,office,True,,,,
6.0,5.0,0.23333333333333334,0.8333333333333334,0.36458333333333337,3.0,0.8333333333333334,0.04711751662971175,IsolationForest(t),Hog_office_Valda,123,office,True,,,,
6.0,6.0,0.40476190476190477,1.0,0.576271186440678,46.166666666666664,1.0,0.08229598893499308,IsolationForest(t),Lamb_education_Armando,123,education,False,,,,
6.0,5.0,0.08064516129032258,0.8333333333333334,0.14705882352941174,0.4,0.8333333333333334,0.08818813468733298,IsolationForest(t),Lamb_education_Eula,123,education,False,,,,
6.0,6.0,0.37037037037037035,1.0,0.5405405405405406,34.0,1.0,0.06684491978609626,IsolationForest(t),Lamb_education_Lazaro,123,education,False,,,,
6.0,6.0,0.5,1.0,0.6666666666666666,3.1666666666666665,1.0,0.06071871127633209,IsolationForest(t),Lamb_education_Lucas,123,education,False,,,,
6.0,5.0,0.38596491228070173,0.8333333333333334,0.52757793764988,29.0,0.8333333333333334,0.09591836734693877,IsolationForest(t),Lamb_education_Mae,123,education,False,,,,
,,,,,,,,IsolationForest(t),Lamb_education_Willetta,123,education,False,,,,
6.0,4.0,0.4489795918367347,0.6666666666666666,0.5365853658536586,15.25,0.6666666666666666,0.08475609756097562,IsolationForest(t),Lamb_education_Williams,123,education,False,,,,
6.0,3.0,0.23333333333333334,0.5,0.3181818181818182,29.333333333333332,0.5,0.05296343001261034,IsolationForest(t),Lamb_office_Caitlin,123,office,True,,,,
6.0,6.0,0.5681818181818182,1.0,0.7246376811594203,40.833333333333336,1.0,0.031417624521072794,IsolationForest(t),Lamb_office_Velma,123,office,True,,,,
6.0,3.0,0.6333333333333333,0.5,0.5588235294117647,95.66666666666667,0.5,0.02690909090909091,IsolationForest(t),Rat_retail_Jeffrey,123,retail,False,,,,
6.0,2.0,1.0,0.3333333333333333,0.5,1.5,0.3333333333333333,0.0,IsolationForest(t),Robin_education_Zenia,123,education,False,,,,
6.0,5.0,0.6363636363636364,0.8333333333333334,0.7216494845360825,13.0,0.8333333333333334,0.039317507418397624,IsolationForest(t),Robin_office_Dina,123,office,True,,,,
6.0,5.0,0.9,0.8333333333333334,0.8653846153846153,53.2,0.8333333333333334,0.0025795356835769563,IsolationForest(t),Robin_office_Sammie,123,office,True,,,,
6.0,3.0,0.3695652173913043,0.5,0.425,17.666666666666668,0.5,0.04442877291960508,IsolationForest(t),Shrew_office_Doris,123,office,True,,,,
6.0,3.0,0.36,0.5,0.41860465116279066,22.666666666666668,0.5,0.03556658395368073,IsolationForest(t),Shrew_office_Ila,123,office,True,,,,
6.0,4.0,0.37037037037037035,0.6666666666666666,0.47619047619047616,23.75,0.6666666666666666,0.04002808988764045,IsolationForest(t),Shrew_office_Kenneth,123,office,True,,,,
6.0,5.0,0.30434782608695654,0.8333333333333334,0.4458598726114649,22.0,0.8333333333333334,0.048020765736534715,IsolationForest(t),Shrew_office_Nora,123,office,True,,,,
6.0,4.0,0.18181818181818182,0.6666666666666666,0.28571428571428575,1.25,0.6666666666666666,0.028882575757575756,IsolationForest(t),Shrew_office_Sherill,123,office,True,,,,
6.0,5.0,0.15625,0.8333333333333334,0.2631578947368421,0.8,0.8333333333333334,0.03389830508474576,IsolationForest(t),Wolf_office_Darleen,123,office,True,,,,
6.0,4.0,0.7407407407407407,0.6666666666666666,0.7017543859649122,96.5,0.6666666666666666,0.01282051282051282,IsolationForest(t),Wolf_retail_Harriett,123,retail,False,,,,
6.0,5.0,0.35,0.8333333333333334,0.49295774647887325,3.6,0.8333333333333334,0.049842271293375394,IsolationForest(t),Wolf_retail_Marcella,123,retail,False,,,,
6.0,3.0,0.2857142857142857,0.5,0.36363636363636365,14.333333333333334,0.5,0.02130249543517955,IsolationForest(t),Wolf_retail_Toshia,123,retail,False,,,,
6.0,5.0,0.325,0.8333333333333334,0.4676258992805756,18.4,0.8333333333333334,0.05327004219409283,OC-SVM(t),Fox_education_Henrietta,123,education,False,,,,
6.0,5.0,0.2619047619047619,0.8333333333333334,0.39855072463768115,56.8,0.8333333333333334,0.05174488567990373,OC-SVM(t),Fox_retail_Manie,123,retail,False,,,,
6.0,6.0,0.5806451612903226,1.0,0.7346938775510204,33.166666666666664,1.0,0.01888162672476398,OC-SVM(t),Hog_education_Bruno,123,education,False,,,,
6.0,3.0,0.32,0.5,0.39024390243902435,8.666666666666666,0.5,0.06381660470879802,OC-SVM(t),Hog_education_Caridad,123,education,False,,,,
6.0,5.0,0.2857142857142857,0.8333333333333334,0.42553191489361697,28.0,0.8333333333333334,0.08377896613190731,OC-SVM(t),Hog_education_Luvenia,123,education,False,,,,
6.0,6.0,0.4339622641509434,1.0,0.6052631578947368,7.0,1.0,0.050808314087759814,OC-SVM(t),Hog_office_Almeda,123,office,True,,,,
6.0,5.0,0.5,0.8333333333333334,0.625,16.8,0.8333333333333334,0.06882022471910113,OC-SVM(t),Hog_office_Cortney,123,office,True,,,,
6.0,6.0,0.8,1.0,0.888888888888889,55.666666666666664,1.0,0.014521452145214522,OC-SVM(t),Hog_office_Denita,123,office,True,,,,
6.0,5.0,0.8823529411764706,0.8333333333333334,0.8571428571428571,28.4,0.8333333333333334,0.007662835249042145,OC-SVM(t),Hog_office_Garrett,123,office,True,,,,
6.0,5.0,0.40625,0.8333333333333334,0.5462184873949579,27.6,0.8333333333333334,0.13283378746594005,OC-SVM(t),Hog_office_Lavon,123,office,True,,,,
6.0,6.0,0.3783783783783784,1.0,0.5490196078431372,1.1666666666666667,1.0,0.07597645799892991,OC-SVM(t),Hog_office_Merilyn,123,office,True,,,,
6.0,5.0,0.27586206896551724,0.8333333333333334,0.41450777202072536,39.8,0.8333333333333334,0.01982651796778191,OC-SVM(t),Hog_office_Miriam,123,office,True,,,,
6.0,5.0,0.7073170731707317,0.8333333333333334,0.7651715039577838,20.0,0.8333333333333334,0.013838748495788207,OC-SVM(t),Hog_office_Napoleon,123,office,True,,,,
6.0,5.0,0.2727272727272727,0.8333333333333334,0.4109589041095891,47.0,0.8333333333333334,0.027439024390243903,OC-SVM(t),Hog_office_Shawna,123,office,True,,,,
6.0,5.0,0.42857142857142855,0.8333333333333334,0.5660377358490566,52.4,0.8333333333333334,0.08589835361488905,OC-SVM(t),Hog_office_Shawnna,123,office,True,,,,
6.0,5.0,0.3076923076923077,0.8333333333333334,0.4494382022471911,27.0,0.8333333333333334,0.04988262910798122,OC-SVM(t),Hog_office_Sherrie,123,office,True,,,,
6.0,6.0,0.3469387755102041,1.0,0.5151515151515151,12.5,1.0,0.08796296296296297,OC-SVM(t),Hog_office_Shon,123,office,True,,,,
6.0,6.0,0.7368421052631579,1.0,0.8484848484848484,26.333333333333332,1.0,0.01072066706372841,OC-SVM(t),Hog_office_Sydney,123,office,True,,,,
6.0,6.0,0.21621621621621623,1.0,0.35555555555555557,10.666666666666666,1.0,0.082039911308204,OC-SVM(t),Hog_office_Valda,123,office,True,,,,
6.0,6.0,0.4423076923076923,1.0,0.6133333333333333,33.833333333333336,1.0,0.15283540802213003,OC-SVM(t),Lamb_education_Armando,123,education,False,,,,
6.0,6.0,0.0898876404494382,1.0,0.16494845360824742,13.0,1.0,0.16729021913415287,OC-SVM(t),Lamb_education_Eula,123,education,False,,,,
6.0,6.0,0.2608695652173913,1.0,0.41379310344827586,10.166666666666666,1.0,0.11978609625668449,OC-SVM(t),Lamb_education_Lazaro,123,education,False,,,,
6.0,6.0,0.35365853658536583,1.0,0.5225225225225225,2.1666666666666665,1.0,0.14312267657992564,OC-SVM(t),Lamb_education_Lucas,123,education,False,,,,
6.0,6.0,0.3902439024390244,1.0,0.5614035087719299,20.5,1.0,0.16666666666666666,OC-SVM(t),Lamb_education_Mae,123,education,False,,,,
,,,,,,,,OC-SVM(t),Lamb_education_Willetta,123,education,False,,,,
6.0,5.0,0.3137254901960784,0.8333333333333334,0.4558404558404559,30.2,0.8333333333333334,0.1274390243902439,OC-SVM(t),Lamb_education_Williams,123,education,False,,,,
6.0,3.0,0.3,0.5,0.37499999999999994,0.0,0.5,0.09773013871374527,OC-SVM(t),Lamb_office_Caitlin,123,office,True,,,,
6.0,5.0,0.49019607843137253,0.8333333333333334,0.6172839506172839,24.2,0.8333333333333334,0.10114942528735632,OC-SVM(t),Lamb_office_Velma,123,office,True,,,,
6.0,5.0,0.44,0.8333333333333334,0.5759162303664922,68.2,0.8333333333333334,0.04654545454545454,OC-SVM(t),Rat_retail_Jeffrey,123,retail,False,,,,
6.0,6.0,0.17307692307692307,1.0,0.29508196721311475,8.0,1.0,0.1387252276379218,OC-SVM(t),Robin_education_Zenia,123,education,False,,,,
6.0,5.0,0.5,0.8333333333333334,0.625,12.6,0.8333333333333334,0.09272997032640949,OC-SVM(t),Robin_office_Dina,123,office,True,,,,
6.0,6.0,0.631578947368421,1.0,0.7741935483870968,70.16666666666667,1.0,0.03869303525365434,OC-SVM(t),Robin_office_Sammie,123,office,True,,,,
6.0,5.0,0.3620689655172414,0.8333333333333334,0.5048076923076923,12.2,0.8333333333333334,0.0846262341325811,OC-SVM(t),Shrew_office_Doris,123,office,True,,,,
6.0,6.0,0.6666666666666666,1.0,0.8,48.666666666666664,1.0,0.05707196029776675,OC-SVM(t),Shrew_office_Ila,123,office,True,,,,
6.0,4.0,0.4642857142857143,0.6666666666666666,0.5473684210526316,6.0,0.6666666666666666,0.06320224719101124,OC-SVM(t),Shrew_office_Kenneth,123,office,True,,,,
6.0,4.0,0.2,0.6666666666666666,0.30769230769230765,55.25,0.6666666666666666,0.1044776119402985,OC-SVM(t),Shrew_office_Nora,123,office,True,,,,
6.0,4.0,0.14285714285714285,0.6666666666666666,0.23529411764705882,1.25,0.6666666666666666,0.05539772727272727,OC-SVM(t),Shrew_office_Sherill,123,office,True,,,,
6.0,6.0,0.1951219512195122,1.0,0.326530612244898,8.333333333333334,1.0,0.06246973365617434,OC-SVM(t),Wolf_office_Darleen,123,office,True,,,,
6.0,6.0,0.6153846153846154,1.0,0.761904761904762,37.166666666666664,1.0,0.05203619909502263,OC-SVM(t),Wolf_retail_Harriett,123,retail,False,,,,
6.0,6.0,0.3088235294117647,1.0,0.4719101123595506,34.833333333333336,1.0,0.08580441640378549,OC-SVM(t),Wolf_retail_Marcella,123,retail,False,,,,
6.0,4.0,0.30303030303030304,0.6666666666666666,0.41666666666666663,10.25,0.6666666666666666,0.060255629945222156,OC-SVM(t),Wolf_retail_Toshia,123,retail,False,,,,
6.0,5.0,0.16470588235294117,0.8333333333333334,0.275049115913556,2.8,0.8333333333333334,0.13660337552742616,Autoencoder(t),Fox_education_Henrietta,123,education,False,4.20894089746972,2373.369318511601,0.9931712386089983,0.9982265967354338
6.0,5.0,0.18518518518518517,0.8333333333333334,0.303030303030303,38.2,0.8333333333333334,0.1690734055354994,Autoencoder(t),Fox_retail_Manie,123,retail,False,36.62155614212574,9988.54459407402,0.9851638940427462,0.9963336444266513
6.0,6.0,0.5245901639344263,1.0,0.6881720430107526,31.5,1.0,0.06318082788671024,Autoencoder(t),Hog_education_Bruno,123,education,False,359.09345419753504,54401.37673466893,0.9923536597034359,0.9933991844370238
6.0,4.0,0.3442622950819672,0.6666666666666666,0.454054054054054,49.0,0.6666666666666666,0.10037174721189591,Autoencoder(t),Hog_education_Caridad,123,education,False,352.44347303872837,194402.84155505014,0.9981605720186835,0.9981870456716605
6.0,6.0,0.1746031746031746,1.0,0.29729729729729726,32.0,1.0,0.10576351752822341,Autoencoder(t),Hog_education_Luvenia,123,education,False,606.3891969077109,74708.30184247419,0.9835828647982745,0.9918832421303551
6.0,5.0,0.3142857142857143,0.8333333333333334,0.4564315352697096,14.2,0.8333333333333334,0.10161662817551963,Autoencoder(t),Hog_office_Almeda,123,office,True,31.271270991652084,9417.311027781248,0.9810189976147449,0.9966793842850256
6.0,6.0,0.4222222222222222,1.0,0.59375,34.5,1.0,0.04985955056179775,Autoencoder(t),Hog_office_Cortney,123,office,True,50.95579979555146,13863.27034193821,0.9908849605821147,0.9963244026453554
6.0,5.0,0.3230769230769231,0.8333333333333334,0.4656319290465632,9.6,0.8333333333333334,0.09636963696369637,Autoencoder(t),Hog_office_Denita,123,office,True,54.81025038453633,22167.1395612787,0.9835265156868483,0.9975274098747373
6.0,5.0,0.32894736842105265,0.8333333333333334,0.4716981132075471,20.0,0.8333333333333334,0.140485312899106,Autoencoder(t),Hog_office_Garrett,123,office,True,154.6181728339938,74761.55072201448,0.9952299106749378,0.9979318490408405
6.0,6.0,0.3333333333333333,1.0,0.5,25.333333333333332,1.0,0.164850136239782,Autoencoder(t),Hog_office_Lavon,123,office,True,258.94352807600285,43327.82005139158,0.9860892698205611,0.9940236197489543
6.0,6.0,0.21176470588235294,1.0,0.34951456310679613,13.166666666666666,1.0,0.16693418940609953,Autoencoder(t),Hog_office_Merilyn,123,office,True,7.61204758412312,3404.8623827046636,0.9883104485022414,0.9977643596925417
6.0,6.0,0.3291139240506329,1.0,0.4952380952380952,3.0,1.0,0.12825278810408922,Autoencoder(t),Hog_office_Miriam,123,office,True,10.271208564823192,2733.19612771947,0.9690320413881065,0.9962420521305972
6.0,6.0,0.38271604938271603,1.0,0.5535714285714286,20.833333333333332,1.0,0.08303249097472924,Autoencoder(t),Hog_office_Napoleon,123,office,True,67.1428205418702,13164.94391405967,0.9794040361847829,0.9948998779652859
6.0,6.0,0.24193548387096775,1.0,0.38961038961038963,22.833333333333332,1.0,0.09939024390243903,Autoencoder(t),Hog_office_Shawna,123,office,True,47.49337285738435,6758.17610943246,0.9889064802526549,0.9929724570522663
6.0,6.0,0.4025974025974026,1.0,0.5740740740740741,40.5,1.0,0.14459556191839656,Autoencoder(t),Hog_office_Shawnna,123,office,True,222.36473466445943,125372.16791342666,0.9910612927737622,0.9982263628493845
6.0,4.0,0.35064935064935066,0.6666666666666666,0.45957446808510644,1.75,0.6666666666666666,0.11091549295774648,Autoencoder(t),Hog_office_Sherrie,123,office,True,10.489967864898867,4999.540930113644,0.9247450905141447,0.9979018137841987
6.0,5.0,0.26153846153846155,0.8333333333333334,0.3981264637002342,3.0,0.8333333333333334,0.11979166666666667,Autoencoder(t),Hog_office_Shon,123,office,True,43.05221889253171,7850.146933398892,0.9863522517489024,0.9945157435576952
6.0,6.0,0.46153846153846156,1.0,0.631578947368421,6.833333333333333,1.0,0.07087552114353782,Autoencoder(t),Hog_office_Sydney,123,office,True,254.94816108322618,35688.41172784455,0.9888490884717286,0.9928562760644148
6.0,6.0,0.2077922077922078,1.0,0.34408602150537637,4.5,1.0,0.1130820399113082,Autoencoder(t),Hog_office_Valda,123,office,True,13.040967112776926,2589.0456041595153,0.985451844809497,0.9949630214733084
6.0,6.0,0.3076923076923077,1.0,0.47058823529411764,35.666666666666664,1.0,0.12378976486860305,Autoencoder(t),Lamb_education_Armando,123,education,False,41.23068301705374,3934.357376597145,0.853225936638054,0.9895203513381099
6.0,6.0,0.1276595744680851,1.0,0.22641509433962262,1.3333333333333333,1.0,0.13041154462854088,Autoencoder(t),Lamb_education_Eula,123,education,False,2.4733916229709,281.50345907383456,0.9800670607275439,0.9912136368373287
6.0,6.0,0.28,1.0,0.43750000000000006,0.6666666666666666,1.0,0.10160427807486631,Autoencoder(t),Lamb_education_Lazaro,123,education,False,76.71922335825928,2732.2174995928317,0.9700528173617257,0.9719205285195296
6.0,6.0,0.38571428571428573,1.0,0.5567010309278351,8.833333333333334,1.0,0.08240396530359356,Autoencoder(t),Lamb_education_Lucas,123,education,False,10.09585097713066,689.9874148777225,0.9785549325104069,0.9853680650408387
6.0,6.0,0.34285714285714286,1.0,0.5106382978723404,12.166666666666666,1.0,0.1306122448979592,Autoencoder(t),Lamb_education_Mae,123,education,False,39.65837419702718,9386.55849108594,0.9305225036457405,0.9957749824672493
,,,,,,,,Autoencoder(t),Lamb_education_Willetta,123,education,False,0.0,0.0,,0.0
6.0,4.0,0.29577464788732394,0.6666666666666666,0.40975609756097564,11.75,0.6666666666666666,0.09878048780487805,Autoencoder(t),Lamb_education_Williams,123,education,False,39.21716389606763,4340.983674226856,0.9501189690644128,0.9909658347418105
6.0,4.0,0.43243243243243246,0.6666666666666666,0.5245901639344263,49.5,0.6666666666666666,0.09079445145018916,Autoencoder(t),Lamb_office_Caitlin,123,office,True,23.858207591070258,2334.791275192391,0.9280344852907088,0.9897814387758904
6.0,6.0,0.4520547945205479,1.0,0.6226415094339622,20.333333333333332,1.0,0.09731800766283524,Autoencoder(t),Lamb_office_Velma,123,office,True,58.756990519198936,9813.136828809173,0.9912472852207402,0.9940124150366779
6.0,5.0,0.46987951807228917,0.8333333333333334,0.600924499229584,23.6,0.8333333333333334,0.12872727272727272,Autoencoder(t),Rat_retail_Jeffrey,123,retail,False,27.524178182587633,13741.885133980677,0.995735054001568,0.9979970595071759
6.0,6.0,0.13513513513513514,1.0,0.2380952380952381,3.3333333333333335,1.0,0.2062131762185324,Autoencoder(t),Robin_education_Zenia,123,education,False,1317.9323225035598,33588.96758583762,0.9610585898177137,0.9607629404168038
6.0,6.0,0.5238095238095238,1.0,0.6875000000000001,17.5,1.0,0.13501483679525222,Autoencoder(t),Robin_office_Dina,123,office,True,20.345244714579707,6397.499952015792,0.9818407622133593,0.9968198132290459
6.0,6.0,0.5373134328358209,1.0,0.6990291262135923,29.333333333333332,1.0,0.07480653482373173,Autoencoder(t),Robin_office_Sammie,123,office,True,148.69267911919846,28638.901961943724,0.9899281634436049,0.9948080174541334
6.0,6.0,0.36619718309859156,1.0,0.5360824742268041,6.0,1.0,0.11918194640338504,Autoencoder(t),Shrew_office_Doris,123,office,True,130.82517087569562,37713.79795495542,0.9869216183622641,0.9965311059089845
6.0,6.0,0.5135135135135135,1.0,0.6785714285714285,22.666666666666668,1.0,0.12158808933002481,Autoencoder(t),Shrew_office_Ila,123,office,True,177.9299355264537,56475.608029300376,0.9883013233335795,0.9968494374521096
6.0,6.0,0.3333333333333333,1.0,0.5,14.833333333333334,1.0,0.10533707865168539,Autoencoder(t),Shrew_office_Kenneth,123,office,True,12.219556826590592,5626.082519954916,0.9940723197505509,0.9978280523289075
6.0,6.0,0.2571428571428571,1.0,0.40909090909090906,34.0,1.0,0.14600908500973395,Autoencoder(t),Shrew_office_Nora,123,office,True,46.078759433458806,14394.2638131671,0.9934445989823626,0.9967988109686229
6.0,4.0,0.06493506493506493,0.6666666666666666,0.11834319526627217,2.5,0.6666666666666666,0.12310606060606061,Autoencoder(t),Shrew_office_Sherill,123,office,True,40.5745499694261,3431.345055613974,0.9666282276303327,0.9881753221224304
6.0,6.0,0.1111111111111111,1.0,0.19999999999999998,3.6666666666666665,1.0,0.10460048426150122,Autoencoder(t),Wolf_office_Darleen,123,office,True,20.435500950074417,833.1804513129612,0.9456222916197268,0.9754728991566337
6.0,6.0,0.5294117647058824,1.0,0.6923076923076924,37.0,1.0,0.10633484162895927,Autoencoder(t),Wolf_retail_Harriett,123,retail,False,66.68063469219275,18955.973709227597,0.9899731416085694,0.9964823418878381
6.0,6.0,0.25806451612903225,1.0,0.41025641025641024,27.666666666666668,1.0,0.138801261829653,Autoencoder(t),Wolf_retail_Marcella,123,retail,False,4.860232371992729,240.8112086307441,0.9808982976591616,0.9798172502034764
6.0,4.0,0.23728813559322035,0.6666666666666666,0.35,25.25,0.6666666666666666,0.10772976262933658,Autoencoder(t),Wolf_retail_Toshia,123,retail,False,27.213001548213175,1497.2236255203593,0.8722373884078523,0.9818243573742998
6.0,1.0,0.3333333333333333,0.16666666666666666,0.2222222222222222,197.0,0.16666666666666666,0.06592827004219409,LSTM-AE(t),Fox_education_Henrietta,123,education,False,1457.4476960645409,2373.369318511601,1.8988194861236678,0.38591618055526955
6.0,2.0,0.4,0.3333333333333333,0.3636363636363636,103.0,0.3333333333333333,0.1365824308062575,LSTM-AE(t),Fox_retail_Manie,123,retail,False,14653.38887749429,9988.54459407402,1.7638624149384083,0.46701941804292674
6.0,6.0,0.8333333333333334,1.0,0.9090909090909091,63.0,1.0,0.15250544662309368,LSTM-AE(t),Hog_education_Bruno,123,education,False,114556.3663095215,54401.37673466893,1.144064254786042,1.1057622653236454
6.0,2.0,1.0,0.3333333333333333,0.5,55.0,0.3333333333333333,0.02292441140024783,LSTM-AE(t),Hog_education_Caridad,123,education,False,118747.30442188766,194402.84155505014,0.5987802020497152,0.3891688852281446
6.0,1.0,0.5,0.16666666666666666,0.25,99.0,0.16666666666666666,0.030303030303030304,LSTM-AE(t),Hog_education_Luvenia,123,education,False,212684.09202672596,74708.30184247419,1.1871097258643173,1.8468602120709414
6.0,2.0,1.0,0.3333333333333333,0.5,88.5,0.3333333333333333,0.04792147806004619,LSTM-AE(t),Hog_office_Almeda,123,office,True,18240.200187882474,9417.311027781248,11.546573807401224,0.9368798730416287
6.0,3.0,0.6,0.5,0.5454545454545454,57.0,0.5,0.125,LSTM-AE(t),Hog_office_Cortney,123,office,True,27702.495793576254,13863.27034193821,2.576306683399572,0.9982655686784504
6.0,6.0,0.8888888888888888,1.0,0.9411764705882353,42.833333333333336,1.0,0.1966996699669967,LSTM-AE(t),Hog_office_Denita,123,office,True,22993.922233608802,22167.1395612787,0.48517320026205124,0.03729767072763499
6.0,2.0,1.0,0.3333333333333333,0.5,63.0,0.3333333333333333,0.0491698595146871,LSTM-AE(t),Hog_office_Garrett,123,office,True,37365.93993259673,74761.55072201448,0.5973910476402503,0.5001984366063469
6.0,3.0,1.0,0.5,0.6666666666666666,46.333333333333336,0.5,0.04564032697547684,LSTM-AE(t),Hog_office_Lavon,123,office,True,133239.72795312485,43327.82005139158,8.747876219551749,2.075154203352207
6.0,2.0,0.5,0.3333333333333333,0.4,118.5,0.3333333333333333,0.048154093097913325,LSTM-AE(t),Hog_office_Merilyn,123,office,True,1315.6365179723,3404.8623827046636,0.5722694269486491,0.6136006774737192
6.0,4.0,1.0,0.6666666666666666,0.8,31.75,0.6666666666666666,0.10594795539033457,LSTM-AE(t),Hog_office_Miriam,123,office,True,3494.830226061155,2733.19612771947,6.436384638613537,0.27866060932011444
6.0,5.0,0.8,0.8333333333333334,0.816326530612245,3.2,0.8333333333333334,0.13959085439229843,LSTM-AE(t),Hog_office_Napoleon,123,office,True,13473.006024912433,13164.94391405967,0.45452681353542573,0.02340018406943338
6.0,3.0,0.42857142857142855,0.5,0.4615384615384615,36.333333333333336,0.5,0.19573170731707318,LSTM-AE(t),Hog_office_Shawna,123,office,True,15412.803766821482,6758.17610943246,1.462973772197011,1.2806158817479856
6.0,3.0,0.75,0.5,0.6,67.33333333333333,0.5,0.09878310665712241,LSTM-AE(t),Hog_office_Shawnna,123,office,True,110868.37189106492,125372.16791342666,0.36669742213565487,0.11568593144514386
6.0,4.0,0.6666666666666666,0.6666666666666666,0.6666666666666666,34.0,0.6666666666666666,0.16549295774647887,LSTM-AE(t),Hog_office_Sherrie,123,office,True,4440.788950208922,4999.540930113644,13.974903522218566,0.1117606571713818
6.0,2.0,1.0,0.3333333333333333,0.5,24.0,0.3333333333333333,0.026041666666666668,LSTM-AE(t),Hog_office_Shon,123,office,True,22685.7992695894,7850.146933398892,3.941774900814167,1.8898566437108826
6.0,4.0,1.0,0.6666666666666666,0.8,24.75,0.6666666666666666,0.09767718880285885,LSTM-AE(t),Hog_office_Sydney,123,office,True,71656.83685592012,35688.41172784455,0.7252426572377257,1.0078460594538745
6.0,3.0,0.6,0.5,0.5454545454545454,0.0,0.5,0.1696230598669623,LSTM-AE(t),Hog_office_Valda,123,office,True,1886.5649587429227,2589.0456041595153,0.831134327424024,0.2713280307955949
6.0,1.0,1.0,0.16666666666666666,0.2857142857142857,0.0,0.16666666666666666,0.04633471645919779,LSTM-AE(t),Lamb_education_Armando,123,education,False,23704.0483687355,3934.357376597145,90.74394225381695,5.024884396556092
6.0,4.0,1.0,0.6666666666666666,0.8,0.0,0.6666666666666666,0.13468733297701763,LSTM-AE(t),Lamb_education_Eula,123,education,False,287.18770208934103,281.50345907383456,0.45192144365380144,0.020192444647778085
6.0,2.0,0.5,0.3333333333333333,0.4,77.5,0.3333333333333333,0.05561497326203209,LSTM-AE(t),Lamb_education_Lazaro,123,education,False,9181.585831655622,2732.2174995928317,1.4469041711307093,2.3604886261887668
6.0,5.0,0.75,0.8333333333333334,0.7894736842105262,42.6,0.8333333333333334,0.10037174721189591,LSTM-AE(t),Lamb_education_Lucas,123,education,False,4295.71407173581,689.9874148777225,5.689248120797071,5.2257861217614865
6.0,2.0,1.0,0.3333333333333333,0.5,40.5,0.3333333333333333,0.05170068027210884,LSTM-AE(t),Lamb_education_Mae,123,education,False,22615.374408834163,9386.55849108594,82.46770015966592,1.4093361193360836
,,,,,,,,LSTM-AE(t),Lamb_education_Willetta,123,education,False,0.0,0.0,,0.0
6.0,0.0,0.0,0.0,0.0,,0.0,0.04390243902439024,LSTM-AE(t),Lamb_education_Williams,123,education,False,12322.654227712437,4340.983674226856,11.688870981221799,1.8386778556376726
6.0,4.0,0.6666666666666666,0.6666666666666666,0.6666666666666666,0.0,0.6666666666666666,0.2351828499369483,LSTM-AE(t),Lamb_office_Caitlin,123,office,True,3158.829830808895,2334.791275192391,4.066949096145554,0.35293885340932757
6.0,2.0,0.6666666666666666,0.3333333333333333,0.4444444444444444,3.0,0.3333333333333333,0.06053639846743295,LSTM-AE(t),Lamb_office_Velma,123,office,True,27345.515417483646,9813.136828809173,1.964626436513596,1.7866232678223068
6.0,3.0,1.0,0.5,0.6666666666666666,115.33333333333333,0.5,0.05818181818181818,LSTM-AE(t),Rat_retail_Jeffrey,123,retail,False,13880.72883199355,13741.885133980677,0.5077837287586197,0.010103686405407616
6.0,3.0,0.8,0.5,0.6153846153846154,21.666666666666668,0.5,0.048205677557579006,LSTM-AE(t),Robin_education_Zenia,123,education,False,351329.474760818,33588.96758583762,2.51726752934486,9.459668754717896
6.0,2.0,0.8,0.3333333333333333,0.47058823529411764,93.0,0.3333333333333333,0.05712166172106825,LSTM-AE(t),Robin_office_Dina,123,office,True,15123.847771583907,6397.499952015792,12.333107265740457,1.3640246791746402
6.0,4.0,0.8,0.6666666666666666,0.7272727272727272,80.5,0.6666666666666666,0.06964746345657781,LSTM-AE(t),Robin_office_Sammie,123,office,True,65059.24727074211,28638.901961943724,5.692744503342183,1.271708858014001
6.0,3.0,0.75,0.5,0.6,66.66666666666667,0.5,0.07898448519040903,LSTM-AE(t),Shrew_office_Doris,123,office,True,52124.1080515623,37713.79795495542,0.32354702237552263,0.3820964972506417
6.0,4.0,1.0,0.6666666666666666,0.8,51.25,0.6666666666666666,0.08850289495450786,LSTM-AE(t),Shrew_office_Ila,123,office,True,103367.56535461622,56475.608029300376,0.7409719445104331,0.8303046033782869
6.0,5.0,1.0,0.8333333333333334,0.9090909090909091,36.8,0.8333333333333334,0.061095505617977525,LSTM-AE(t),Shrew_office_Kenneth,123,office,True,3214.1729270799224,5626.082519954916,0.5251723233906956,0.42870142489383917
6.0,4.0,0.8,0.6666666666666666,0.7272727272727272,31.0,0.6666666666666666,0.10707332900713822,LSTM-AE(t),Shrew_office_Nora,123,office,True,12044.361065001958,14394.2638131671,0.31708998347744205,0.16325272196384064
6.0,2.0,0.6666666666666666,0.3333333333333333,0.4444444444444444,0.0,0.3333333333333333,0.06534090909090909,LSTM-AE(t),Shrew_office_Sherill,123,office,True,2878.458967704226,3431.345055613974,6.568896228365681,0.16112809377919582
6.0,4.0,1.0,0.6666666666666666,0.8,26.5,0.6666666666666666,0.13946731234866827,LSTM-AE(t),Wolf_office_Darleen,123,office,True,1582.7478918902893,833.1804513129612,24.436221358963763,0.8996459763261703
6.0,3.0,0.75,0.5,0.6,80.66666666666667,0.5,0.05656108597285068,LSTM-AE(t),Wolf_retail_Harriett,123,retail,False,33197.5552067145,18955.973709227597,0.6572418374072003,0.75129780806534
6.0,3.0,1.0,0.5,0.6666666666666666,3.3333333333333335,0.5,0.1167192429022082,LSTM-AE(t),Wolf_retail_Marcella,123,retail,False,1921.6140098250603,240.8112086307441,8.104980765544143,6.979753188198275
6.0,1.0,0.3333333333333333,0.16666666666666666,0.2222222222222222,33.0,0.16666666666666666,0.12233718807060255,LSTM-AE(t),Wolf_retail_Toshia,123,retail,False,13093.254230939763,1497.2236255203593,73.00982383444921,7.745022458745406
6.0,4.0,0.4375,0.6666666666666666,0.5283018867924528,42.0,0.6666666666666666,0.008438818565400843,Abl: AE+fusion,Fox_education_Henrietta,123,education,False,,,,
6.0,3.0,0.42857142857142855,0.5,0.4615384615384615,0.6666666666666666,0.5,0.05415162454873646,Abl: AE+fusion,Fox_retail_Manie,123,retail,False,,,,
6.0,6.0,0.5454545454545454,1.0,0.7058823529411764,73.83333333333333,1.0,0.21931735657225854,Abl: AE+fusion,Hog_education_Bruno,123,education,False,,,,
6.0,2.0,0.5,0.3333333333333333,0.4,39.5,0.3333333333333333,0.004956629491945477,Abl: AE+fusion,Hog_education_Caridad,123,education,False,,,,
6.0,3.0,0.3333333333333333,0.5,0.4,33.0,0.5,0.14913844325609033,Abl: AE+fusion,Hog_education_Luvenia,123,education,False,,,,
6.0,4.0,0.3333333333333333,0.6666666666666666,0.4444444444444444,43.25,0.6666666666666666,0.10219399538106236,Abl: AE+fusion,Hog_office_Almeda,123,office,True,,,,
6.0,2.0,0.4666666666666667,0.3333333333333333,0.3888888888888889,27.0,0.3333333333333333,0.026685393258426966,Abl: AE+fusion,Hog_office_Cortney,123,office,True,,,,
6.0,5.0,0.4444444444444444,0.8333333333333334,0.5797101449275363,55.8,0.8333333333333334,0.053465346534653464,Abl: AE+fusion,Hog_office_Denita,123,office,True,,,,
6.0,3.0,0.6666666666666666,0.5,0.5714285714285715,4.0,0.5,0.005747126436781609,Abl: AE+fusion,Hog_office_Garrett,123,office,True,,,,
6.0,5.0,0.47058823529411764,0.8333333333333334,0.6015037593984962,32.6,0.8333333333333334,0.020435967302452316,Abl: AE+fusion,Hog_office_Lavon,123,office,True,,,,
6.0,6.0,0.3939393939393939,1.0,0.5652173913043478,40.333333333333336,1.0,0.07330123060460139,Abl: AE+fusion,Hog_office_Merilyn,123,office,True,,,,
6.0,4.0,0.23076923076923078,0.6666666666666666,0.3428571428571429,2.25,0.6666666666666666,0.1976456009913259,Abl: AE+fusion,Hog_office_Miriam,123,office,True,,,,
6.0,5.0,0.3888888888888889,0.8333333333333334,0.5303030303030303,30.0,0.8333333333333334,0.05836341756919374,Abl: AE+fusion,Hog_office_Napoleon,123,office,True,,,,
6.0,4.0,0.25,0.6666666666666666,0.36363636363636365,29.0,0.6666666666666666,0.04207317073170732,Abl: AE+fusion,Hog_office_Shawna,123,office,True,,,,
6.0,4.0,0.6923076923076923,0.6666666666666666,0.6792452830188679,41.0,0.6666666666666666,0.03435934144595562,Abl: AE+fusion,Hog_office_Shawnna,123,office,True,,,,
6.0,3.0,0.35,0.5,0.4117647058823529,52.333333333333336,0.5,0.022887323943661973,Abl: AE+fusion,Hog_office_Sherrie,123,office,True,,,,
6.0,3.0,0.2631578947368421,0.5,0.3448275862068966,24.333333333333332,0.5,0.13425925925925927,Abl: AE+fusion,Hog_office_Shon,123,office,True,,,,
6.0,4.0,0.875,0.6666666666666666,0.7567567567567567,39.5,0.6666666666666666,0.1643835616438356,Abl: AE+fusion,Hog_office_Sydney,123,office,True,,,,
6.0,4.0,0.13793103448275862,0.6666666666666666,0.2285714285714286,1.0,0.6666666666666666,0.10310421286031042,Abl: AE+fusion,Hog_office_Valda,123,office,True,,,,
6.0,3.0,0.3333333333333333,0.5,0.4,4.0,0.5,0.030428769017980636,Abl: AE+fusion,Lamb_education_Armando,123,education,False,,,,
6.0,5.0,0.29411764705882354,0.8333333333333334,0.4347826086956522,1.0,0.8333333333333334,0.04703367183324426,Abl: AE+fusion,Lamb_education_Eula,123,education,False,,,,
6.0,5.0,0.8333333333333334,0.8333333333333334,0.8333333333333334,5.6,0.8333333333333334,0.08502673796791443,Abl: AE+fusion,Lamb_education_Lazaro,123,education,False,,,,
6.0,4.0,0.5,0.6666666666666666,0.5714285714285715,43.75,0.6666666666666666,0.08612143742255267,Abl: AE+fusion,Lamb_education_Lucas,123,education,False,,,,
6.0,3.0,1.0,0.5,0.6666666666666666,16.333333333333332,0.5,0.11224489795918367,Abl: AE+fusion,Lamb_education_Mae,123,education,False,,,,
,,,,,,,,Abl: AE+fusion,Lamb_education_Willetta,123,education,False,,,,
6.0,2.0,0.6153846153846154,0.3333333333333333,0.43243243243243246,83.5,0.3333333333333333,0.003658536585365854,Abl: AE+fusion,Lamb_education_Williams,123,education,False,,,,
6.0,2.0,0.2,0.3333333333333333,0.25,53.5,0.3333333333333333,0.018915510718789406,Abl: AE+fusion,Lamb_office_Caitlin,123,office,True,,,,
6.0,4.0,0.4,0.6666666666666666,0.5,30.0,0.6666666666666666,0.028352490421455937,Abl: AE+fusion,Lamb_office_Velma,123,office,True,,,,
6.0,2.0,0.2857142857142857,0.3333333333333333,0.30769230769230765,49.5,0.3333333333333333,0.004363636363636364,Abl: AE+fusion,Rat_retail_Jeffrey,123,retail,False,,,,
6.0,5.0,0.375,0.8333333333333334,0.5172413793103448,19.4,0.8333333333333334,0.24638457418318158,Abl: AE+fusion,Robin_education_Zenia,123,education,False,,,,
6.0,5.0,0.6428571428571429,0.8333333333333334,0.7258064516129034,20.4,0.8333333333333334,0.0586053412462908,Abl: AE+fusion,Robin_office_Dina,123,office,True,,,,
6.0,4.0,0.75,0.6666666666666666,0.7058823529411765,60.5,0.6666666666666666,0.10748065348237318,Abl: AE+fusion,Robin_office_Sammie,123,office,True,,,,
6.0,4.0,0.5454545454545454,0.6666666666666666,0.6,6.75,0.6666666666666666,0.22002820874471085,Abl: AE+fusion,Shrew_office_Doris,123,office,True,,,,
6.0,4.0,0.7142857142857143,0.6666666666666666,0.689655172413793,50.75,0.6666666666666666,0.2076095947063689,Abl: AE+fusion,Shrew_office_Ila,123,office,True,,,,
6.0,2.0,0.07692307692307693,0.3333333333333333,0.125,0.0,0.3333333333333333,0.13974719101123595,Abl: AE+fusion,Shrew_office_Kenneth,123,office,True,,,,
6.0,3.0,0.2727272727272727,0.5,0.3529411764705882,16.666666666666668,0.5,0.009085009733939001,Abl: AE+fusion,Shrew_office_Nora,123,office,True,,,,
6.0,3.0,0.17647058823529413,0.5,0.2608695652173913,1.6666666666666667,0.5,0.035037878787878785,Abl: AE+fusion,Shrew_office_Sherill,123,office,True,,,,
6.0,5.0,0.3333333333333333,0.8333333333333334,0.47619047619047616,0.8,0.8333333333333334,0.08038740920096853,Abl: AE+fusion,Wolf_office_Darleen,123,office,True,,,,
6.0,6.0,0.9473684210526315,1.0,0.972972972972973,71.0,1.0,0.24434389140271492,Abl: AE+fusion,Wolf_retail_Harriett,123,retail,False,,,,
6.0,3.0,0.36363636363636365,0.5,0.4210526315789474,57.0,0.5,0.12681388012618297,Abl: AE+fusion,Wolf_retail_Marcella,123,retail,False,,,,
6.0,2.0,0.14285714285714285,0.3333333333333333,0.2,107.0,0.3333333333333333,0.015216068167985392,Abl: AE+fusion,Wolf_retail_Toshia,123,retail,False,,,,
6.0,1.0,0.3333333333333333,0.16666666666666666,0.2222222222222222,185.0,0.16666666666666666,0.05959915611814346,Abl: LSTM-AE+fusion,Fox_education_Henrietta,123,education,False,,,,
6.0,2.0,0.6666666666666666,0.3333333333333333,0.4444444444444444,97.0,0.3333333333333333,0.036702767749699154,Abl: LSTM-AE+fusion,Fox_retail_Manie,123,retail,False,,,,
6.0,5.0,0.8333333333333334,0.8333333333333334,0.8333333333333334,60.6,0.8333333333333334,0.16993464052287582,Abl: LSTM-AE+fusion,Hog_education_Bruno,123,education,False,,,,
6.0,2.0,0.6666666666666666,0.3333333333333333,0.4444444444444444,85.5,0.3333333333333333,0.046468401486988845,Abl: LSTM-AE+fusion,Hog_education_Caridad,123,education,False,,,,
6.0,1.0,0.5,0.16666666666666666,0.25,111.0,0.16666666666666666,0.0285204991087344,Abl: LSTM-AE+fusion,Hog_education_Luvenia,123,education,False,,,,
6.0,2.0,1.0,0.3333333333333333,0.5,82.5,0.3333333333333333,0.04734411085450346,Abl: LSTM-AE+fusion,Hog_office_Almeda,123,office,True,,,,
6.0,4.0,0.8571428571428571,0.6666666666666666,0.75,36.75,0.6666666666666666,0.10674157303370786,Abl: LSTM-AE+fusion,Hog_office_Cortney,123,office,True,,,,
6.0,6.0,1.0,1.0,1.0,56.833333333333336,1.0,0.20066006600660066,Abl: LSTM-AE+fusion,Hog_office_Denita,123,office,True,,,,
6.0,3.0,1.0,0.5,0.6666666666666666,46.0,0.5,0.06960408684546615,Abl: LSTM-AE+fusion,Hog_office_Garrett,123,office,True,,,,
6.0,3.0,1.0,0.5,0.6666666666666666,42.0,0.5,0.05313351498637602,Abl: LSTM-AE+fusion,Hog_office_Lavon,123,office,True,,,,
6.0,3.0,0.6666666666666666,0.5,0.5714285714285715,83.0,0.5,0.1054039593365436,Abl: LSTM-AE+fusion,Hog_office_Merilyn,123,office,True,,,,
6.0,6.0,1.0,1.0,1.0,51.833333333333336,1.0,0.11462205700123916,Abl: LSTM-AE+fusion,Hog_office_Miriam,123,office,True,,,,
6.0,5.0,1.0,0.8333333333333334,0.9090909090909091,15.2,0.8333333333333334,0.08965102286401926,Abl: LSTM-AE+fusion,Hog_office_Napoleon,123,office,True,,,,
6.0,3.0,1.0,0.5,0.6666666666666666,56.333333333333336,0.5,0.07134146341463414,Abl: LSTM-AE+fusion,Hog_office_Shawna,123,office,True,,,,
6.0,3.0,0.7142857142857143,0.5,0.588235294117647,48.0,0.5,0.14244810307802433,Abl: LSTM-AE+fusion,Hog_office_Shawnna,123,office,True,,,,
6.0,4.0,0.8333333333333334,0.6666666666666666,0.7407407407407408,58.0,0.6666666666666666,0.10269953051643192,Abl: LSTM-AE+fusion,Hog_office_Sherrie,123,office,True,,,,
6.0,2.0,0.5,0.3333333333333333,0.4,18.0,0.3333333333333333,0.020833333333333332,Abl: LSTM-AE+fusion,Hog_office_Shon,123,office,True,,,,
6.0,4.0,0.6666666666666666,0.6666666666666666,0.6666666666666666,24.75,0.6666666666666666,0.1179273377010125,Abl: LSTM-AE+fusion,Hog_office_Sydney,123,office,True,,,,
6.0,3.0,1.0,0.5,0.6666666666666666,0.0,0.5,0.1164079822616408,Abl: LSTM-AE+fusion,Hog_office_Valda,123,office,True,,,,
6.0,2.0,0.6666666666666666,0.3333333333333333,0.4444444444444444,90.5,0.3333333333333333,0.08852005532503458,Abl: LSTM-AE+fusion,Lamb_education_Armando,123,education,False,,,,
6.0,4.0,1.0,0.6666666666666666,0.8,0.0,0.6666666666666666,0.14751469802244788,Abl: LSTM-AE+fusion,Lamb_education_Eula,123,education,False,,,,
6.0,2.0,0.6666666666666666,0.3333333333333333,0.4444444444444444,83.5,0.3333333333333333,0.059893048128342244,Abl: LSTM-AE+fusion,Lamb_education_Lazaro,123,education,False,,,,
6.0,5.0,1.0,0.8333333333333334,0.9090909090909091,34.0,0.8333333333333334,0.07434944237918216,Abl: LSTM-AE+fusion,Lamb_education_Lucas,123,education,False,,,,
6.0,3.0,1.0,0.5,0.6666666666666666,22.333333333333332,0.5,0.04557823129251701,Abl: LSTM-AE+fusion,Lamb_education_Mae,123,education,False,,,,
,,,,,,,,Abl: LSTM-AE+fusion,Lamb_education_Willetta,123,education,False,,,,
6.0,0.0,0.0,0.0,0.0,,0.0,0.04390243902439024,Abl: LSTM-AE+fusion,Lamb_education_Williams,123,education,False,,,,
6.0,2.0,0.75,0.3333333333333333,0.46153846153846156,118.5,0.3333333333333333,0.058007566204287514,Abl: LSTM-AE+fusion,Lamb_office_Caitlin,123,office,True,,,,
6.0,5.0,1.0,0.8333333333333334,0.9090909090909091,83.0,0.8333333333333334,0.10421455938697317,Abl: LSTM-AE+fusion,Lamb_office_Velma,123,office,True,,,,
6.0,4.0,1.0,0.6666666666666666,0.8,86.5,0.6666666666666666,0.10545454545454545,Abl: LSTM-AE+fusion,Rat_retail_Jeffrey,123,retail,False,,,,
6.0,2.0,1.0,0.3333333333333333,0.5,26.5,0.3333333333333333,0.023031601499732192,Abl: LSTM-AE+fusion,Robin_education_Zenia,123,education,False,,,,
6.0,3.0,0.7142857142857143,0.5,0.588235294117647,54.0,0.5,0.05637982195845697,Abl: LSTM-AE+fusion,Robin_office_Dina,123,office,True,,,,
6.0,3.0,0.8,0.5,0.6153846153846154,159.33333333333334,0.5,0.04557179707652623,Abl: LSTM-AE+fusion,Robin_office_Sammie,123,office,True,,,,
6.0,3.0,0.5,0.5,0.5,42.666666666666664,0.5,0.11636107193229901,Abl: LSTM-AE+fusion,Shrew_office_Doris,123,office,True,,,,
6.0,4.0,1.0,0.6666666666666666,0.8,84.25,0.6666666666666666,0.09842845326716294,Abl: LSTM-AE+fusion,Shrew_office_Ila,123,office,True,,,,
6.0,4.0,1.0,0.6666666666666666,0.8,35.25,0.6666666666666666,0.08356741573033707,Abl: LSTM-AE+fusion,Shrew_office_Kenneth,123,office,True,,,,
6.0,4.0,0.5714285714285714,0.6666666666666666,0.6153846153846153,40.0,0.6666666666666666,0.21868916288124596,Abl: LSTM-AE+fusion,Shrew_office_Nora,123,office,True,,,,
6.0,3.0,1.0,0.5,0.6666666666666666,0.0,0.5,0.07481060606060606,Abl: LSTM-AE+fusion,Shrew_office_Sherill,123,office,True,,,,
6.0,3.0,0.75,0.5,0.6,39.333333333333336,0.5,0.10702179176755448,Abl: LSTM-AE+fusion,Wolf_office_Darleen,123,office,True,,,,
6.0,4.0,1.0,0.6666666666666666,0.8,109.0,0.6666666666666666,0.05580693815987934,Abl: LSTM-AE+fusion,Wolf_retail_Harriett,123,retail,False,,,,
6.0,3.0,1.0,0.5,0.6666666666666666,0.0,0.5,0.14637223974763408,Abl: LSTM-AE+fusion,Wolf_retail_Marcella,123,retail,False,,,,
6.0,0.0,0.0,0.0,0.0,,0.0,0.10225197808886184,Abl: LSTM-AE+fusion,Wolf_retail_Toshia,123,retail,False,,,,
6.0,4.0,0.19047619047619047,0.6666666666666666,0.2962962962962963,49.5,0.6666666666666666,0.028481012658227847,Abl: HOW-profile+z,Fox_education_Henrietta,123,education,False,,,,
6.0,4.0,0.3076923076923077,0.6666666666666666,0.42105263157894735,39.25,0.6666666666666666,0.11070998796630566,Abl: HOW-profile+z,Fox_retail_Manie,123,retail,False,,,,
6.0,6.0,0.56,1.0,0.717948717948718,46.5,1.0,0.021060275962236745,Abl: HOW-profile+z,Hog_education_Bruno,123,education,False,,,,
6.0,6.0,0.8148148148148148,1.0,0.8979591836734693,43.666666666666664,1.0,0.007434944237918215,Abl: HOW-profile+z,Hog_education_Caridad,123,education,False,,,,
6.0,4.0,0.45454545454545453,0.6666666666666666,0.5405405405405405,115.5,0.6666666666666666,0.004753416518122401,Abl: HOW-profile+z,Hog_education_Luvenia,123,education,False,,,,
6.0,6.0,0.4788732394366197,1.0,0.6476190476190475,18.666666666666668,1.0,0.034064665127020784,Abl: HOW-profile+z,Hog_office_Almeda,123,office,True,,,,
6.0,5.0,0.6363636363636364,0.8333333333333334,0.7216494845360825,18.0,0.8333333333333334,0.025280898876404494,Abl: HOW-profile+z,Hog_office_Cortney,123,office,True,,,,
6.0,6.0,0.9555555555555556,1.0,0.9772727272727273,27.833333333333332,1.0,0.0013201320132013201,Abl: HOW-profile+z,Hog_office_Denita,123,office,True,,,,
6.0,5.0,0.5681818181818182,0.8333333333333334,0.6756756756756758,24.8,0.8333333333333334,0.02681992337164751,Abl: HOW-profile+z,Hog_office_Garrett,123,office,True,,,,
6.0,5.0,0.6875,0.8333333333333334,0.7534246575342466,41.0,0.8333333333333334,0.010899182561307902,Abl: HOW-profile+z,Hog_office_Lavon,123,office,True,,,,
6.0,6.0,0.8235294117647058,1.0,0.9032258064516129,32.333333333333336,1.0,0.0016051364365971107,Abl: HOW-profile+z,Hog_office_Merilyn,123,office,True,,,,
6.0,5.0,0.78125,0.8333333333333334,0.8064516129032259,28.0,0.8333333333333334,0.004337050805452293,Abl: HOW-profile+z,Hog_office_Miriam,123,office,True,,,,
6.0,5.0,0.926829268292683,0.8333333333333334,0.8775981524249423,8.4,0.8333333333333334,0.0018050541516245488,Abl: HOW-profile+z,Hog_office_Napoleon,123,office,True,,,,
6.0,6.0,0.37735849056603776,1.0,0.5479452054794521,6.0,1.0,0.03048780487804878,Abl: HOW-profile+z,Hog_office_Shawna,123,office,True,,,,
6.0,6.0,0.7692307692307693,1.0,0.8695652173913044,21.666666666666668,1.0,0.012168933428775949,Abl: HOW-profile+z,Hog_office_Shawnna,123,office,True,,,,
6.0,4.0,0.5555555555555556,0.6666666666666666,0.606060606060606,3.25,0.6666666666666666,0.028755868544600938,Abl: HOW-profile+z,Hog_office_Sherrie,123,office,True,,,,
6.0,6.0,0.5,1.0,0.6666666666666666,21.833333333333332,1.0,0.013888888888888888,Abl: HOW-profile+z,Hog_office_Shon,123,office,True,,,,
6.0,5.0,0.9393939393939394,0.8333333333333334,0.8831908831908831,13.6,0.8333333333333334,0.0023823704586063135,Abl: HOW-profile+z,Hog_office_Sydney,123,office,True,,,,
6.0,5.0,0.5483870967741935,0.8333333333333334,0.6614785992217898,21.2,0.8333333333333334,0.018847006651884702,Abl: HOW-profile+z,Hog_office_Valda,123,office,True,,,,
6.0,5.0,0.5882352941176471,0.8333333333333334,0.6896551724137931,2.6,0.8333333333333334,0.027662517289073305,Abl: HOW-profile+z,Lamb_education_Armando,123,education,False,,,,
6.0,6.0,0.15254237288135594,1.0,0.2647058823529412,28.0,1.0,0.08070550507749866,Abl: HOW-profile+z,Lamb_education_Eula,123,education,False,,,,
6.0,6.0,0.65,1.0,0.787878787878788,33.333333333333336,1.0,0.010160427807486631,Abl: HOW-profile+z,Lamb_education_Lazaro,123,education,False,,,,
6.0,6.0,0.5641025641025641,1.0,0.7213114754098361,5.833333333333333,1.0,0.030978934324659233,Abl: HOW-profile+z,Lamb_education_Lucas,123,education,False,,,,
6.0,5.0,0.37209302325581395,0.8333333333333334,0.5144694533762059,60.4,0.8333333333333334,0.031292517006802724,Abl: HOW-profile+z,Lamb_education_Mae,123,education,False,,,,
,,,,,,,,Abl: HOW-profile+z,Lamb_education_Willetta,123,education,False,,,,
6.0,2.0,0.28205128205128205,0.3333333333333333,0.3055555555555555,10.0,0.3333333333333333,0.05,Abl: HOW-profile+z,Lamb_education_Williams,123,education,False,,,,
6.0,4.0,0.6875,0.6666666666666666,0.676923076923077,24.75,0.6666666666666666,0.0510718789407314,Abl: HOW-profile+z,Lamb_office_Caitlin,123,office,True,,,,
6.0,6.0,0.5111111111111111,1.0,0.676470588235294,65.33333333333333,1.0,0.04597701149425287,Abl: HOW-profile+z,Lamb_office_Velma,123,office,True,,,,
6.0,4.0,0.5901639344262295,0.6666666666666666,0.6260869565217391,72.0,0.6666666666666666,0.05818181818181818,Abl: HOW-profile+z,Rat_retail_Jeffrey,123,retail,False,,,,
6.0,5.0,0.3711340206185567,0.8333333333333334,0.5135520684736091,3.6,0.8333333333333334,0.07070166041778254,Abl: HOW-profile+z,Robin_education_Zenia,123,education,False,,,,
6.0,5.0,0.8545454545454545,0.8333333333333334,0.8438061041292639,23.6,0.8333333333333334,0.017804154302670624,Abl: HOW-profile+z,Robin_office_Dina,123,office,True,,,,
6.0,5.0,0.9523809523809523,0.8333333333333334,0.888888888888889,67.8,0.8333333333333334,0.0025795356835769563,Abl: HOW-profile+z,Robin_office_Sammie,123,office,True,,,,
6.0,6.0,0.9069767441860465,1.0,0.951219512195122,58.833333333333336,1.0,0.005641748942172073,Abl: HOW-profile+z,Shrew_office_Doris,123,office,True,,,,
6.0,6.0,0.75,1.0,0.8571428571428571,55.0,1.0,0.01488833746898263,Abl: HOW-profile+z,Shrew_office_Ila,123,office,True,,,,
6.0,6.0,0.9487179487179487,1.0,0.9736842105263158,43.333333333333336,1.0,0.0014044943820224719,Abl: HOW-profile+z,Shrew_office_Kenneth,123,office,True,,,,
6.0,6.0,0.42424242424242425,1.0,0.5957446808510638,28.5,1.0,0.027255029201817,Abl: HOW-profile+z,Shrew_office_Nora,123,office,True,,,,
6.0,4.0,0.08888888888888889,0.6666666666666666,0.1568627450980392,0.75,0.6666666666666666,0.036931818181818184,Abl: HOW-profile+z,Shrew_office_Sherill,123,office,True,,,,
6.0,6.0,0.30303030303030304,1.0,0.4651162790697675,5.5,1.0,0.04406779661016949,Abl: HOW-profile+z,Wolf_office_Darleen,123,office,True,,,,
6.0,6.0,0.6027397260273972,1.0,0.7521367521367521,30.666666666666668,1.0,0.02790346907993967,Abl: HOW-profile+z,Wolf_retail_Harriett,123,retail,False,,,,
6.0,5.0,0.47368421052631576,0.8333333333333334,0.6040268456375839,28.0,0.8333333333333334,0.022082018927444796,Abl: HOW-profile+z,Wolf_retail_Marcella,123,retail,False,,,,
6.0,5.0,0.42857142857142855,0.8333333333333334,0.5660377358490566,12.6,0.8333333333333334,0.027388922702373707,Abl: HOW-profile+z,Wolf_retail_Toshia,123,retail,False,,,,
6.0,4.0,0.8333333333333334,0.6666666666666666,0.7407407407407408,58.75,0.6666666666666666,0.0036719706242350062,PatchTST-SSL(w-tuned),Fox_education_Henrietta,124,education,False,3309.321362244953,1107.4806002254224,1.9913548150810083,1.9881528954740662
6.0,6.0,0.43243243243243246,1.0,0.6037735849056604,15.5,1.0,0.07113938692886061,PatchTST-SSL(w-tuned),Fox_retail_Manie,124,retail,False,4596.644962476895,3626.3112078834088,0.9493452947767144,0.26758148955446287
6.0,2.0,1.0,0.3333333333333333,0.5,24.0,0.3333333333333333,0.0,PatchTST-SSL(w-tuned),Hog_education_Bruno,124,education,False,74135.80506932584,70905.57536670782,0.22288935603395424,0.04555678006859107
6.0,3.0,0.3333333333333333,0.5,0.4,87.0,0.5,0.03281733746130031,PatchTST-SSL(w-tuned),Hog_education_Caridad,124,education,False,41354.021942883934,56272.62225551479,1.2188825957903964,0.26511293973276345
6.0,6.0,0.6842105263157895,1.0,0.8125000000000001,36.666666666666664,1.0,0.004972032318210068,PatchTST-SSL(w-tuned),Hog_education_Luvenia,124,education,False,65895.60061967521,59142.887731973824,4.360612889451761,0.11417624581172992
6.0,2.0,0.6052631578947368,0.3333333333333333,0.4299065420560747,40.0,0.3333333333333333,0.01796875,PatchTST-SSL(w-tuned),Hog_office_Almeda,124,office,True,26081.546723315558,26347.14394521596,0.7100815171015619,0.010080683600949839
6.0,3.0,0.9,0.5,0.6428571428571429,16.333333333333332,0.5,0.0006693440428380187,PatchTST-SSL(w-tuned),Hog_office_Cortney,124,office,True,13104.17166703847,5763.154084636514,4.856906222522142,1.2737847148615598
6.0,6.0,0.8571428571428571,1.0,0.923076923076923,0.6666666666666666,1.0,0.00045871559633027525,PatchTST-SSL(w-tuned),Hog_office_Denita,124,office,True,1973.3626408441512,1957.7320670309248,0.18062489541065352,0.007984020937518575
6.0,5.0,0.5416666666666666,0.8333333333333334,0.6565656565656566,13.2,0.8333333333333334,0.018782014797951052,PatchTST-SSL(w-tuned),Hog_office_Garrett,124,office,True,9258.83106701782,4905.220974570065,66.84627855053513,0.8875461707062733
6.0,3.0,0.6666666666666666,0.5,0.5714285714285715,22.666666666666668,0.5,0.0014094432699083862,PatchTST-SSL(w-tuned),Hog_office_Lavon,124,office,True,118145.96067193605,77630.38289868446,1.1089787696332756,0.521903618923644
6.0,4.0,0.8571428571428571,0.6666666666666666,0.75,54.5,0.6666666666666666,0.005094614264919942,PatchTST-SSL(w-tuned),Hog_office_Merilyn,124,office,True,3318.7446494662063,2475.5146315287707,0.5058225266427422,0.34062816967342796
6.0,4.0,0.631578947368421,0.6666666666666666,0.6486486486486486,52.75,0.6666666666666666,0.005111821086261981,PatchTST-SSL(w-tuned),Hog_office_Miriam,124,office,True,3018.5893777158385,3018.017875718827,0.600613347523485,0.00018936335719201724
6.0,4.0,1.0,0.6666666666666666,0.8,55.75,0.6666666666666666,0.0,PatchTST-SSL(w-tuned),Hog_office_Napoleon,124,office,True,10363.71948965827,7939.414743740277,20.506251150773984,0.30535056098806307
6.0,4.0,0.9,0.6666666666666666,0.7659574468085106,23.25,0.6666666666666666,0.0011876484560570072,PatchTST-SSL(w-tuned),Hog_office_Shawna,124,office,True,26464.25149333333,21745.98594262971,0.23867488900865963,0.21697179254835133
6.0,5.0,0.8333333333333334,0.8333333333333334,0.8333333333333334,54.6,0.8333333333333334,0.012048192771084338,PatchTST-SSL(w-tuned),Hog_office_Shawnna,124,office,True,104749.62810258786,146378.57176457968,0.32264774285068903,0.284392333933573
6.0,5.0,0.6,0.8333333333333334,0.6976744186046512,48.6,0.8333333333333334,0.006305170239596469,PatchTST-SSL(w-tuned),Hog_office_Sherrie,124,office,True,6254.6669654653715,4885.453478772886,0.23697294740989125,0.2802633353570282
6.0,5.0,0.96,0.8333333333333334,0.8921933085501859,62.8,0.8333333333333334,0.0006807351940095302,PatchTST-SSL(w-tuned),Hog_office_Shon,124,office,True,27261.648803046057,26788.902373174722,0.31594879295143136,0.01764709965663704
6.0,4.0,0.3,0.6666666666666666,0.41379310344827586,65.75,0.6666666666666666,0.015789473684210527,PatchTST-SSL(w-tuned),Hog_office_Sydney,124,office,True,3324.369865146973,5659.770485979846,0.39847025344107984,0.4126316829663027
6.0,6.0,0.6666666666666666,1.0,0.8,49.5,1.0,0.011049723756906077,PatchTST-SSL(w-tuned),Hog_office_Valda,124,office,True,4115.908789675783,3235.1808664736077,1.3013686169268046,0.27223452398881826
6.0,5.0,0.75,0.8333333333333334,0.7894736842105262,7.8,0.8333333333333334,0.002596053997923157,PatchTST-SSL(w-tuned),Lamb_education_Armando,124,education,False,7520.764010185546,5435.352705326311,0.16917284811237124,0.38367543339288007
6.0,5.0,0.782608695652174,0.8333333333333334,0.8071748878923767,32.4,0.8333333333333334,0.00990916597853014,PatchTST-SSL(w-tuned),Lamb_education_Eula,124,education,False,798.3970562944272,495.683569918793,0.5701852329035728,0.6106990522708413
6.0,5.0,0.38461538461538464,0.8333333333333334,0.5263157894736842,23.2,0.8333333333333334,0.05985489721886336,PatchTST-SSL(w-tuned),Lamb_education_Lazaro,124,education,False,9259.26099196733,3911.7728013481587,1.0023489505712533,1.3670242271678472
6.0,5.0,0.4594594594594595,0.8333333333333334,0.5923344947735192,50.4,0.8333333333333334,0.01455604075691412,PatchTST-SSL(w-tuned),Lamb_education_Lucas,124,education,False,1874.9678941270895,828.5473526716132,1.136068968845778,1.2629580410598633
6.0,4.0,0.4827586206896552,0.6666666666666666,0.56,19.25,0.6666666666666666,0.01703296703296703,PatchTST-SSL(w-tuned),Lamb_education_Mae,124,education,False,14396.411453617626,12530.660011929125,0.19477639911310676,0.14889490576811712
,,,,,,,,PatchTST-SSL(w-tuned),Lamb_education_Willetta,124,education,False,0.0,0.0,,0.0
6.0,4.0,0.4,0.6666666666666666,0.5,31.0,0.6666666666666666,0.01466275659824047,PatchTST-SSL(w-tuned),Lamb_education_Williams,124,education,False,5045.114013921352,3389.4907512393693,1.0395289091968145,0.4884578198293072
6.0,4.0,0.4,0.6666666666666666,0.5,43.25,0.6666666666666666,0.07356002775850104,PatchTST-SSL(w-tuned),Lamb_office_Caitlin,124,office,True,1966.9195639879802,2476.678899597335,0.9927656800433114,0.20582374876784917
6.0,4.0,0.2222222222222222,0.6666666666666666,0.3333333333333333,2.25,0.6666666666666666,0.018858307849133536,PatchTST-SSL(w-tuned),Lamb_office_Velma,124,office,True,4020.872355336966,2192.5150835093805,2.45379389161541,0.8339086401636439
6.0,5.0,0.45652173913043476,0.8333333333333334,0.5898876404494382,23.2,0.8333333333333334,0.052967453733248245,PatchTST-SSL(w-tuned),Rat_retail_Jeffrey,124,retail,False,6837.513557998542,9401.103471177124,0.32144418163127536,0.27269031992236886
6.0,4.0,0.4523809523809524,0.6666666666666666,0.5390070921985816,83.25,0.6666666666666666,0.046163443543356206,PatchTST-SSL(w-tuned),Robin_education_Zenia,124,education,False,132595.02687840388,96598.2212980391,0.6873009222253269,0.37264460045596604
6.0,5.0,0.9545454545454546,0.8333333333333334,0.8898305084745762,52.8,0.8333333333333334,0.0006146281499692685,PatchTST-SSL(w-tuned),Robin_office_Dina,124,office,True,7663.237499939429,8183.486186309855,0.20597785759448606,0.06357299010790164
6.0,5.0,0.5,0.8333333333333334,0.625,35.2,0.8333333333333334,0.006100942872989462,PatchTST-SSL(w-tuned),Robin_office_Sammie,124,office,True,6773.965823920646,8038.4596903316215,0.12547860702970634,0.15730549323172757
6.0,4.0,0.6363636363636364,0.6666666666666666,0.6511627906976744,87.5,0.6666666666666666,0.003667481662591687,PatchTST-SSL(w-tuned),Shrew_office_Doris,124,office,True,13885.976167425037,13481.714723603747,0.2766483344012675,0.029985906993975308
6.0,5.0,0.8285714285714286,0.8333333333333334,0.8309455587392551,79.2,0.8333333333333334,0.011094674556213017,PatchTST-SSL(w-tuned),Shrew_office_Ila,124,office,True,47809.967962967734,43987.54832713803,0.12550159128503177,0.08689776496298773
6.0,6.0,0.8333333333333334,1.0,0.9090909090909091,38.666666666666664,1.0,0.0039603960396039604,PatchTST-SSL(w-tuned),Shrew_office_Kenneth,124,office,True,7515.617027798293,9362.96485472773,0.4127115936401052,0.19730372329622048
6.0,5.0,0.6,0.8333333333333334,0.6976744186046512,7.0,0.8333333333333334,0.0033159639981051635,PatchTST-SSL(w-tuned),Shrew_office_Nora,124,office,True,3427.4186072088933,3625.8417730065985,0.17434735010857094,0.05472471724356851
6.0,3.0,0.7058823529411765,0.5,0.5853658536585366,19.666666666666668,0.5,0.010725552050473186,PatchTST-SSL(w-tuned),Shrew_office_Sherill,124,office,True,31967.203546140743,40670.41259053998,0.22491429449375064,0.21399362558774776
6.0,5.0,0.6666666666666666,0.8333333333333334,0.7407407407407408,14.0,0.8333333333333334,0.003903708523096942,PatchTST-SSL(w-tuned),Wolf_office_Darleen,124,office,True,3188.568107530385,3533.560887216791,0.4033949898444698,0.09763317817289385
6.0,2.0,0.2,0.3333333333333333,0.25,84.0,0.3333333333333333,0.007021650087770626,PatchTST-SSL(w-tuned),Wolf_retail_Harriett,124,retail,False,5674.538972907256,1612.224977001204,3.259140773100764,2.5196942448206583
6.0,5.0,0.5,0.8333333333333334,0.625,24.6,0.8333333333333334,0.015176151761517615,PatchTST-SSL(w-tuned),Wolf_retail_Marcella,124,retail,False,902.5547643935944,987.5867578599267,0.15941226811163853,0.0861007833383614
6.0,4.0,0.5,0.6666666666666666,0.5714285714285715,56.75,0.6666666666666666,0.003244997295835587,PatchTST-SSL(w-tuned),Wolf_retail_Toshia,124,retail,False,5976.428231215577,8115.615163571036,0.292109503994565,0.26358900579191247
6.0,4.0,0.7692307692307693,0.6666666666666666,0.7142857142857142,59.0,0.6666666666666666,0.00795593635250918,PatchTST-SSL(w=0.5 fixed),Fox_education_Henrietta,124,education,False,,,,
6.0,6.0,0.4090909090909091,1.0,0.5806451612903226,13.0,1.0,0.06940427993059572,PatchTST-SSL(w=0.5 fixed),Fox_retail_Manie,124,retail,False,,,,
6.0,2.0,0.7777777777777778,0.3333333333333333,0.4666666666666666,55.0,0.3333333333333333,0.002188183807439825,PatchTST-SSL(w=0.5 fixed),Hog_education_Bruno,124,education,False,,,,
6.0,2.0,0.3,0.3333333333333333,0.3157894736842105,118.0,0.3333333333333333,0.019195046439628483,PatchTST-SSL(w=0.5 fixed),Hog_education_Caridad,124,education,False,,,,
6.0,4.0,0.3611111111111111,0.6666666666666666,0.4684684684684685,39.0,0.6666666666666666,0.11559975139838409,PatchTST-SSL(w=0.5 fixed),Hog_education_Luvenia,124,education,False,,,,
6.0,3.0,0.9565217391304348,0.5,0.6567164179104478,56.0,0.5,0.00078125,PatchTST-SSL(w=0.5 fixed),Hog_office_Almeda,124,office,True,,,,
6.0,3.0,0.36363636363636365,0.5,0.4210526315789474,42.0,0.5,0.0107095046854083,PatchTST-SSL(w=0.5 fixed),Hog_office_Cortney,124,office,True,,,,
6.0,6.0,0.3,1.0,0.4615384615384615,0.6666666666666666,1.0,0.09311926605504588,PatchTST-SSL(w=0.5 fixed),Hog_office_Denita,124,office,True,,,,
6.0,6.0,0.4473684210526316,1.0,0.6181818181818182,10.5,1.0,0.04496300512236767,PatchTST-SSL(w=0.5 fixed),Hog_office_Garrett,124,office,True,,,,
6.0,3.0,0.8,0.5,0.6153846153846154,71.66666666666667,0.5,0.0007047216349541931,PatchTST-SSL(w=0.5 fixed),Hog_office_Lavon,124,office,True,,,,
6.0,4.0,0.8235294117647058,0.6666666666666666,0.7368421052631577,54.75,0.6666666666666666,0.008005822416302766,PatchTST-SSL(w=0.5 fixed),Hog_office_Merilyn,124,office,True,,,,
6.0,4.0,1.0,0.6666666666666666,0.8,60.75,0.6666666666666666,0.07795527156549521,PatchTST-SSL(w=0.5 fixed),Hog_office_Miriam,124,office,True,,,,
6.0,4.0,0.42105263157894735,0.6666666666666666,0.5161290322580646,55.75,0.6666666666666666,0.007403189066059226,PatchTST-SSL(w=0.5 fixed),Hog_office_Napoleon,124,office,True,,,,
6.0,4.0,0.5384615384615384,0.6666666666666666,0.5957446808510638,29.25,0.6666666666666666,0.010095011876484561,PatchTST-SSL(w=0.5 fixed),Hog_office_Shawna,124,office,True,,,,
6.0,4.0,0.696969696969697,0.6666666666666666,0.6814814814814815,45.75,0.6666666666666666,0.030120481927710843,PatchTST-SSL(w=0.5 fixed),Hog_office_Shawnna,124,office,True,,,,
6.0,5.0,0.5833333333333334,0.8333333333333334,0.6862745098039216,32.6,0.8333333333333334,0.0069356872635561164,PatchTST-SSL(w=0.5 fixed),Hog_office_Sherrie,124,office,True,,,,
6.0,3.0,0.9285714285714286,0.5,0.65,67.0,0.5,0.0006807351940095302,PatchTST-SSL(w=0.5 fixed),Hog_office_Shon,124,office,True,,,,
6.0,5.0,0.3103448275862069,0.8333333333333334,0.45226130653266333,38.6,0.8333333333333334,0.01871345029239766,PatchTST-SSL(w=0.5 fixed),Hog_office_Sydney,124,office,True,,,,
6.0,6.0,0.5,1.0,0.6666666666666666,61.333333333333336,1.0,0.027624309392265192,PatchTST-SSL(w=0.5 fixed),Hog_office_Valda,124,office,True,,,,
6.0,5.0,0.6666666666666666,0.8333333333333334,0.7407407407407408,7.8,0.8333333333333334,0.0020768431983385254,PatchTST-SSL(w=0.5 fixed),Lamb_education_Armando,124,education,False,,,,
6.0,4.0,0.5185185185185185,0.6666666666666666,0.5833333333333334,36.25,0.6666666666666666,0.03550784475639967,PatchTST-SSL(w=0.5 fixed),Lamb_education_Eula,124,education,False,,,,
6.0,4.0,0.3333333333333333,0.6666666666666666,0.4444444444444444,1.25,0.6666666666666666,0.1523579201934704,PatchTST-SSL(w=0.5 fixed),Lamb_education_Lazaro,124,education,False,,,,
6.0,6.0,0.3829787234042553,1.0,0.5538461538461539,67.83333333333333,1.0,0.10189228529839883,PatchTST-SSL(w=0.5 fixed),Lamb_education_Lucas,124,education,False,,,,
6.0,4.0,0.3333333333333333,0.6666666666666666,0.4444444444444444,19.5,0.6666666666666666,0.02142857142857143,PatchTST-SSL(w=0.5 fixed),Lamb_education_Mae,124,education,False,,,,
,,,,,,,,PatchTST-SSL(w=0.5 fixed),Lamb_education_Willetta,124,education,False,,,,
6.0,5.0,0.2692307692307692,0.8333333333333334,0.4069767441860465,49.0,0.8333333333333334,0.05219941348973607,PatchTST-SSL(w=0.5 fixed),Lamb_education_Williams,124,education,False,,,,
6.0,4.0,0.5,0.6666666666666666,0.5714285714285715,57.75,0.6666666666666666,0.12283136710617627,PatchTST-SSL(w=0.5 fixed),Lamb_office_Caitlin,124,office,True,,,,
6.0,4.0,0.3076923076923077,0.6666666666666666,0.42105263157894735,2.0,0.6666666666666666,0.009174311926605505,PatchTST-SSL(w=0.5 fixed),Lamb_office_Velma,124,office,True,,,,
6.0,4.0,0.5,0.6666666666666666,0.5714285714285715,46.25,0.6666666666666666,0.041480536056158264,PatchTST-SSL(w=0.5 fixed),Rat_retail_Jeffrey,124,retail,False,,,,
6.0,2.0,0.6666666666666666,0.3333333333333333,0.4444444444444444,176.5,0.3333333333333333,0.009981285090455396,PatchTST-SSL(w=0.5 fixed),Robin_education_Zenia,124,education,False,,,,
6.0,5.0,0.9047619047619048,0.8333333333333334,0.867579908675799,47.6,0.8333333333333334,0.10325752919483712,PatchTST-SSL(w=0.5 fixed),Robin_office_Dina,124,office,True,,,,
6.0,5.0,1.0,0.8333333333333334,0.9090909090909091,33.8,0.8333333333333334,0.0,PatchTST-SSL(w=0.5 fixed),Robin_office_Sammie,124,office,True,,,,
6.0,4.0,0.8461538461538461,0.6666666666666666,0.7457627118644068,17.5,0.6666666666666666,0.1039119804400978,PatchTST-SSL(w=0.5 fixed),Shrew_office_Doris,124,office,True,,,,
6.0,3.0,0.7096774193548387,0.5,0.5866666666666667,63.666666666666664,0.5,0.03550295857988166,PatchTST-SSL(w=0.5 fixed),Shrew_office_Ila,124,office,True,,,,
6.0,6.0,1.0,1.0,1.0,21.833333333333332,1.0,0.0,PatchTST-SSL(w=0.5 fixed),Shrew_office_Kenneth,124,office,True,,,,
6.0,5.0,0.2916666666666667,0.8333333333333334,0.4320987654320988,7.0,0.8333333333333334,0.021316911416390336,PatchTST-SSL(w=0.5 fixed),Shrew_office_Nora,124,office,True,,,,
6.0,4.0,0.75,0.6666666666666666,0.7058823529411765,26.75,0.6666666666666666,0.03028391167192429,PatchTST-SSL(w=0.5 fixed),Shrew_office_Sherill,124,office,True,,,,
6.0,5.0,0.6923076923076923,0.8333333333333334,0.7563025210084034,13.6,0.8333333333333334,0.022121014964216004,PatchTST-SSL(w=0.5 fixed),Wolf_office_Darleen,124,office,True,,,,
6.0,3.0,0.5,0.5,0.5,2.6666666666666665,0.5,0.12053832650672908,PatchTST-SSL(w=0.5 fixed),Wolf_retail_Harriett,124,retail,False,,,,
6.0,2.0,0.2,0.3333333333333333,0.25,1.5,0.3333333333333333,0.007046070460704607,PatchTST-SSL(w=0.5 fixed),Wolf_retail_Marcella,124,retail,False,,,,
6.0,4.0,0.6666666666666666,0.6666666666666666,0.6666666666666666,51.25,0.6666666666666666,0.07842076798269335,PatchTST-SSL(w=0.5 fixed),Wolf_retail_Toshia,124,retail,False,,,,
6.0,4.0,0.8333333333333334,0.6666666666666666,0.7407407407407408,58.75,0.6666666666666666,0.0036719706242350062,Abl: short-only,Fox_education_Henrietta,124,education,False,,,,
6.0,6.0,0.43243243243243246,1.0,0.6037735849056604,15.5,1.0,0.07113938692886061,Abl: short-only,Fox_retail_Manie,124,retail,False,,,,
6.0,2.0,1.0,0.3333333333333333,0.5,24.0,0.3333333333333333,0.0,Abl: short-only,Hog_education_Bruno,124,education,False,,,,
6.0,3.0,0.3333333333333333,0.5,0.4,87.0,0.5,0.03281733746130031,Abl: short-only,Hog_education_Caridad,124,education,False,,,,
6.0,6.0,0.6842105263157895,1.0,0.8125000000000001,36.666666666666664,1.0,0.004972032318210068,Abl: short-only,Hog_education_Luvenia,124,education,False,,,,
6.0,2.0,0.6052631578947368,0.3333333333333333,0.4299065420560747,40.0,0.3333333333333333,0.01796875,Abl: short-only,Hog_office_Almeda,124,office,True,,,,
6.0,3.0,0.9,0.5,0.6428571428571429,16.333333333333332,0.5,0.0006693440428380187,Abl: short-only,Hog_office_Cortney,124,office,True,,,,
6.0,6.0,0.8571428571428571,1.0,0.923076923076923,0.6666666666666666,1.0,0.00045871559633027525,Abl: short-only,Hog_office_Denita,124,office,True,,,,
6.0,5.0,0.5416666666666666,0.8333333333333334,0.6565656565656566,13.2,0.8333333333333334,0.018782014797951052,Abl: short-only,Hog_office_Garrett,124,office,True,,,,
6.0,3.0,0.6666666666666666,0.5,0.5714285714285715,22.666666666666668,0.5,0.0014094432699083862,Abl: short-only,Hog_office_Lavon,124,office,True,,,,
6.0,4.0,0.8571428571428571,0.6666666666666666,0.75,54.5,0.6666666666666666,0.005094614264919942,Abl: short-only,Hog_office_Merilyn,124,office,True,,,,
6.0,4.0,0.631578947368421,0.6666666666666666,0.6486486486486486,52.75,0.6666666666666666,0.005111821086261981,Abl: short-only,Hog_office_Miriam,124,office,True,,,,
6.0,4.0,1.0,0.6666666666666666,0.8,55.75,0.6666666666666666,0.0,Abl: short-only,Hog_office_Napoleon,124,office,True,,,,
6.0,4.0,0.9,0.6666666666666666,0.7659574468085106,23.25,0.6666666666666666,0.0011876484560570072,Abl: short-only,Hog_office_Shawna,124,office,True,,,,
6.0,5.0,0.8333333333333334,0.8333333333333334,0.8333333333333334,54.6,0.8333333333333334,0.012048192771084338,Abl: short-only,Hog_office_Shawnna,124,office,True,,,,
6.0,5.0,0.6,0.8333333333333334,0.6976744186046512,48.6,0.8333333333333334,0.006305170239596469,Abl: short-only,Hog_office_Sherrie,124,office,True,,,,
6.0,5.0,0.96,0.8333333333333334,0.8921933085501859,62.8,0.8333333333333334,0.0006807351940095302,Abl: short-only,Hog_office_Shon,124,office,True,,,,
6.0,4.0,0.3,0.6666666666666666,0.41379310344827586,65.75,0.6666666666666666,0.015789473684210527,Abl: short-only,Hog_office_Sydney,124,office,True,,,,
6.0,6.0,0.6666666666666666,1.0,0.8,49.5,1.0,0.011049723756906077,Abl: short-only,Hog_office_Valda,124,office,True,,,,
6.0,5.0,0.75,0.8333333333333334,0.7894736842105262,7.8,0.8333333333333334,0.002596053997923157,Abl: short-only,Lamb_education_Armando,124,education,False,,,,
6.0,5.0,0.782608695652174,0.8333333333333334,0.8071748878923767,32.4,0.8333333333333334,0.00990916597853014,Abl: short-only,Lamb_education_Eula,124,education,False,,,,
6.0,5.0,0.38461538461538464,0.8333333333333334,0.5263157894736842,23.2,0.8333333333333334,0.05985489721886336,Abl: short-only,Lamb_education_Lazaro,124,education,False,,,,
6.0,5.0,0.4594594594594595,0.8333333333333334,0.5923344947735192,50.4,0.8333333333333334,0.01455604075691412,Abl: short-only,Lamb_education_Lucas,124,education,False,,,,
6.0,4.0,0.4827586206896552,0.6666666666666666,0.56,19.25,0.6666666666666666,0.01703296703296703,Abl: short-only,Lamb_education_Mae,124,education,False,,,,
,,,,,,,,Abl: short-only,Lamb_education_Willetta,124,education,False,,,,
6.0,4.0,0.4,0.6666666666666666,0.5,31.0,0.6666666666666666,0.01466275659824047,Abl: short-only,Lamb_education_Williams,124,education,False,,,,
6.0,4.0,0.4,0.6666666666666666,0.5,43.25,0.6666666666666666,0.07356002775850104,Abl: short-only,Lamb_office_Caitlin,124,office,True,,,,
6.0,4.0,0.2222222222222222,0.6666666666666666,0.3333333333333333,2.25,0.6666666666666666,0.018858307849133536,Abl: short-only,Lamb_office_Velma,124,office,True,,,,
6.0,5.0,0.45652173913043476,0.8333333333333334,0.5898876404494382,23.2,0.8333333333333334,0.052967453733248245,Abl: short-only,Rat_retail_Jeffrey,124,retail,False,,,,
6.0,4.0,0.4523809523809524,0.6666666666666666,0.5390070921985816,83.25,0.6666666666666666,0.046163443543356206,Abl: short-only,Robin_education_Zenia,124,education,False,,,,
6.0,5.0,0.9545454545454546,0.8333333333333334,0.8898305084745762,52.8,0.8333333333333334,0.0006146281499692685,Abl: short-only,Robin_office_Dina,124,office,True,,,,
6.0,5.0,0.5,0.8333333333333334,0.625,35.2,0.8333333333333334,0.006100942872989462,Abl: short-only,Robin_office_Sammie,124,office,True,,,,
6.0,4.0,0.6363636363636364,0.6666666666666666,0.6511627906976744,87.5,0.6666666666666666,0.003667481662591687,Abl: short-only,Shrew_office_Doris,124,office,True,,,,
6.0,5.0,0.8285714285714286,0.8333333333333334,0.8309455587392551,79.2,0.8333333333333334,0.011094674556213017,Abl: short-only,Shrew_office_Ila,124,office,True,,,,
6.0,6.0,0.8333333333333334,1.0,0.9090909090909091,38.666666666666664,1.0,0.0039603960396039604,Abl: short-only,Shrew_office_Kenneth,124,office,True,,,,
6.0,5.0,0.6,0.8333333333333334,0.6976744186046512,7.0,0.8333333333333334,0.0033159639981051635,Abl: short-only,Shrew_office_Nora,124,office,True,,,,
6.0,3.0,0.7058823529411765,0.5,0.5853658536585366,19.666666666666668,0.5,0.010725552050473186,Abl: short-only,Shrew_office_Sherill,124,office,True,,,,
6.0,5.0,0.6666666666666666,0.8333333333333334,0.7407407407407408,14.0,0.8333333333333334,0.003903708523096942,Abl: short-only,Wolf_office_Darleen,124,office,True,,,,
6.0,2.0,0.2,0.3333333333333333,0.25,84.0,0.3333333333333333,0.007021650087770626,Abl: short-only,Wolf_retail_Harriett,124,retail,False,,,,
6.0,5.0,0.5,0.8333333333333334,0.625,24.6,0.8333333333333334,0.015176151761517615,Abl: short-only,Wolf_retail_Marcella,124,retail,False,,,,
6.0,4.0,0.5,0.6666666666666666,0.5714285714285715,56.75,0.6666666666666666,0.003244997295835587,Abl: short-only,Wolf_retail_Toshia,124,retail,False,,,,
6.0,1.0,0.6666666666666666,0.16666666666666666,0.26666666666666666,62.0,0.16666666666666666,0.08812729498164015,Abl: long-only,Fox_education_Henrietta,124,education,False,,,,
6.0,3.0,0.6666666666666666,0.5,0.5714285714285715,87.0,0.5,0.20300751879699247,Abl: long-only,Fox_retail_Manie,124,retail,False,,,,
6.0,1.0,1.0,0.16666666666666666,0.2857142857142857,58.0,0.16666666666666666,0.0,Abl: long-only,Hog_education_Bruno,124,education,False,,,,
6.0,0.0,0.0,0.0,0.0,,0.0,0.02910216718266254,Abl: long-only,Hog_education_Caridad,124,education,False,,,,
6.0,2.0,0.3333333333333333,0.3333333333333333,0.3333333333333333,79.0,0.3333333333333333,0.21379738968303294,Abl: long-only,Hog_education_Luvenia,124,education,False,,,,
6.0,1.0,1.0,0.16666666666666666,0.2857142857142857,0.0,0.16666666666666666,0.02890625,Abl: long-only,Hog_office_Almeda,124,office,True,,,,
6.0,3.0,0.6666666666666666,0.5,0.5714285714285715,62.666666666666664,0.5,0.18674698795180722,Abl: long-only,Hog_office_Cortney,124,office,True,,,,
6.0,2.0,0.3333333333333333,0.3333333333333333,0.3333333333333333,0.0,0.3333333333333333,0.29541284403669726,Abl: long-only,Hog_office_Denita,124,office,True,,,,
6.0,1.0,0.25,0.16666666666666666,0.2,0.0,0.16666666666666666,0.11895276038702333,Abl: long-only,Hog_office_Garrett,124,office,True,,,,
6.0,1.0,0.3333333333333333,0.16666666666666666,0.2222222222222222,38.0,0.16666666666666666,0.05214940098661029,Abl: long-only,Hog_office_Lavon,124,office,True,,,,
6.0,2.0,0.5,0.3333333333333333,0.4,55.0,0.3333333333333333,0.042212518195050945,Abl: long-only,Hog_office_Merilyn,124,office,True,,,,
6.0,2.0,1.0,0.3333333333333333,0.5,37.0,0.3333333333333333,0.1987220447284345,Abl: long-only,Hog_office_Miriam,124,office,True,,,,
6.0,2.0,0.3333333333333333,0.3333333333333333,0.3333333333333333,0.0,0.3333333333333333,0.25740318906605925,Abl: long-only,Hog_office_Napoleon,124,office,True,,,,
6.0,0.0,0.0,0.0,0.0,,0.0,0.11342042755344418,Abl: long-only,Hog_office_Shawna,124,office,True,,,,
6.0,2.0,0.6666666666666666,0.3333333333333333,0.4444444444444444,0.0,0.3333333333333333,0.3207831325301205,Abl: long-only,Hog_office_Shawnna,124,office,True,,,,
6.0,0.0,0.0,0.0,0.0,,0.0,0.1960907944514502,Abl: long-only,Hog_office_Sherrie,124,office,True,,,,
6.0,3.0,1.0,0.5,0.6666666666666666,37.333333333333336,0.5,0.051735874744724304,Abl: long-only,Hog_office_Shon,124,office,True,,,,
6.0,2.0,1.0,0.3333333333333333,0.5,0.0,0.3333333333333333,0.0976608187134503,Abl: long-only,Hog_office_Sydney,124,office,True,,,,
6.0,1.0,0.5,0.16666666666666666,0.25,0.0,0.16666666666666666,0.18024861878453038,Abl: long-only,Hog_office_Valda,124,office,True,,,,
6.0,0.0,0.0,0.0,0.0,,0.0,0.0,Abl: long-only,Lamb_education_Armando,124,education,False,,,,
6.0,0.0,0.0,0.0,0.0,,0.0,0.018992568125516102,Abl: long-only,Lamb_education_Eula,124,education,False,,,,
6.0,2.0,0.5,0.3333333333333333,0.4,0.0,0.3333333333333333,0.14207980652962515,Abl: long-only,Lamb_education_Lazaro,124,education,False,,,,
6.0,3.0,0.6,0.5,0.5454545454545454,75.66666666666667,0.5,0.23726346433770015,Abl: long-only,Lamb_education_Lucas,124,education,False,,,,
6.0,0.0,0.0,0.0,0.0,,0.0,0.06593406593406594,Abl: long-only,Lamb_education_Mae,124,education,False,,,,
,,,,,,,,Abl: long-only,Lamb_education_Willetta,124,education,False,,,,
6.0,1.0,1.0,0.16666666666666666,0.2857142857142857,39.0,0.16666666666666666,0.07859237536656892,Abl: long-only,Lamb_education_Williams,124,education,False,,,,
6.0,1.0,1.0,0.16666666666666666,0.2857142857142857,0.0,0.16666666666666666,0.14642609299097847,Abl: long-only,Lamb_office_Caitlin,124,office,True,,,,
6.0,2.0,0.6666666666666666,0.3333333333333333,0.4444444444444444,33.0,0.3333333333333333,0.07492354740061162,Abl: long-only,Lamb_office_Velma,124,office,True,,,,
6.0,3.0,0.6,0.5,0.5454545454545454,100.0,0.5,0.12125079770261646,Abl: long-only,Rat_retail_Jeffrey,124,retail,False,,,,
6.0,0.0,0.0,0.0,0.0,,0.0,0.0,Abl: long-only,Robin_education_Zenia,124,education,False,,,,
6.0,2.0,1.0,0.3333333333333333,0.5,31.0,0.3333333333333333,0.11432083589428396,Abl: long-only,Robin_office_Dina,124,office,True,,,,
6.0,3.0,1.0,0.5,0.6666666666666666,19.333333333333332,0.5,0.08264004437049362,Abl: long-only,Robin_office_Sammie,124,office,True,,,,
6.0,4.0,1.0,0.6666666666666666,0.8,1.75,0.6666666666666666,0.13447432762836187,Abl: long-only,Shrew_office_Doris,124,office,True,,,,
6.0,2.0,0.5,0.3333333333333333,0.4,0.0,0.3333333333333333,0.1908284023668639,Abl: long-only,Shrew_office_Ila,124,office,True,,,,
6.0,0.0,0.0,0.0,0.0,,0.0,0.0,Abl: long-only,Shrew_office_Kenneth,124,office,True,,,,
6.0,2.0,0.5,0.3333333333333333,0.4,0.0,0.3333333333333333,0.19137849360492656,Abl: long-only,Shrew_office_Nora,124,office,True,,,,
6.0,2.0,1.0,0.3333333333333333,0.5,6.0,0.3333333333333333,0.014511041009463722,Abl: long-only,Shrew_office_Sherill,124,office,True,,,,
6.0,3.0,1.0,0.5,0.6666666666666666,71.66666666666667,0.5,0.16005204944697463,Abl: long-only,Wolf_office_Darleen,124,office,True,,,,
6.0,3.0,1.0,0.5,0.6666666666666666,2.6666666666666665,0.5,0.19368051492100644,Abl: long-only,Wolf_retail_Harriett,124,retail,False,,,,
6.0,0.0,0.0,0.0,0.0,,0.0,0.025474254742547425,Abl: long-only,Wolf_retail_Marcella,124,retail,False,,,,
6.0,3.0,0.5,0.5,0.5,36.666666666666664,0.5,0.22498647917793402,Abl: long-only,Wolf_retail_Toshia,124,retail,False,,,,
6.0,3.0,1.0,0.5,0.6666666666666666,44.666666666666664,0.5,0.0,Abl: global-MAD short,Fox_education_Henrietta,124,education,False,,,,
6.0,6.0,0.3333333333333333,1.0,0.5,24.0,1.0,0.027761711972238288,Abl: global-MAD short,Fox_retail_Manie,124,retail,False,,,,
6.0,2.0,1.0,0.3333333333333333,0.5,61.0,0.3333333333333333,0.0,Abl: global-MAD short,Hog_education_Bruno,124,education,False,,,,
6.0,0.0,0.0,0.0,0.0,,0.0,0.0006191950464396285,Abl: global-MAD short,Hog_education_Caridad,124,education,False,,,,
6.0,6.0,0.8461538461538461,1.0,0.9166666666666666,57.833333333333336,1.0,0.0018645121193287756,Abl: global-MAD short,Hog_education_Luvenia,124,education,False,,,,
6.0,2.0,0.4444444444444444,0.3333333333333333,0.380952380952381,70.5,0.3333333333333333,0.034375,Abl: global-MAD short,Hog_office_Almeda,124,office,True,,,,
6.0,3.0,1.0,0.5,0.6666666666666666,44.333333333333336,0.5,0.0,Abl: global-MAD short,Hog_office_Cortney,124,office,True,,,,
6.0,6.0,0.2608695652173913,1.0,0.41379310344827586,0.8333333333333334,1.0,0.01834862385321101,Abl: global-MAD short,Hog_office_Denita,124,office,True,,,,
6.0,4.0,1.0,0.6666666666666666,0.8,19.75,0.6666666666666666,0.0,Abl: global-MAD short,Hog_office_Garrett,124,office,True,,,,
6.0,2.0,1.0,0.3333333333333333,0.5,33.5,0.3333333333333333,0.0,Abl: global-MAD short,Hog_office_Lavon,124,office,True,,,,
6.0,3.0,1.0,0.5,0.6666666666666666,73.0,0.5,0.0,Abl: global-MAD short,Hog_office_Merilyn,124,office,True,,,,
6.0,4.0,0.3157894736842105,0.6666666666666666,0.42857142857142855,85.0,0.6666666666666666,0.012140575079872205,Abl: global-MAD short,Hog_office_Miriam,124,office,True,,,,
6.0,4.0,0.45454545454545453,0.6666666666666666,0.5405405405405405,69.5,0.6666666666666666,0.0056947608200455585,Abl: global-MAD short,Hog_office_Napoleon,124,office,True,,,,
6.0,4.0,0.7058823529411765,0.6666666666666666,0.6857142857142857,6.75,0.6666666666666666,0.006532066508313539,Abl: global-MAD short,Hog_office_Shawna,124,office,True,,,,
6.0,4.0,0.9230769230769231,0.6666666666666666,0.7741935483870968,56.25,0.6666666666666666,0.0037650602409638554,Abl: global-MAD short,Hog_office_Shawnna,124,office,True,,,,
6.0,4.0,0.4444444444444444,0.6666666666666666,0.5333333333333333,51.0,0.6666666666666666,0.0037831021437578815,Abl: global-MAD short,Hog_office_Sherrie,124,office,True,,,,
6.0,4.0,0.34615384615384615,0.6666666666666666,0.45569620253164556,44.25,0.6666666666666666,0.039482641252552755,Abl: global-MAD short,Hog_office_Shon,124,office,True,,,,
6.0,3.0,0.13043478260869565,0.5,0.20689655172413793,33.0,0.5,0.02865497076023392,Abl: global-MAD short,Hog_office_Sydney,124,office,True,,,,
6.0,4.0,0.8571428571428571,0.6666666666666666,0.75,29.75,0.6666666666666666,0.0027624309392265192,Abl: global-MAD short,Hog_office_Valda,124,office,True,,,,
6.0,5.0,0.2777777777777778,0.8333333333333334,0.4166666666666667,24.6,0.8333333333333334,0.020249221183800622,Abl: global-MAD short,Lamb_education_Armando,124,education,False,,,,
6.0,4.0,0.7272727272727273,0.6666666666666666,0.6956521739130435,75.5,0.6666666666666666,0.002477291494632535,Abl: global-MAD short,Lamb_education_Eula,124,education,False,,,,
6.0,4.0,0.4444444444444444,0.6666666666666666,0.5333333333333333,2.0,0.6666666666666666,0.015719467956469165,Abl: global-MAD short,Lamb_education_Lazaro,124,education,False,,,,
6.0,5.0,0.4888888888888889,0.8333333333333334,0.6162464985994398,27.8,0.8333333333333334,0.03566229985443959,Abl: global-MAD short,Lamb_education_Lucas,124,education,False,,,,
6.0,5.0,0.43478260869565216,0.8333333333333334,0.5714285714285714,14.4,0.8333333333333334,0.012637362637362638,Abl: global-MAD short,Lamb_education_Mae,124,education,False,,,,
,,,,,,,,Abl: global-MAD short,Lamb_education_Willetta,124,education,False,,,,
6.0,4.0,0.2777777777777778,0.6666666666666666,0.39215686274509803,23.25,0.6666666666666666,0.020527859237536656,Abl: global-MAD short,Lamb_education_Williams,124,education,False,,,,
6.0,1.0,0.3333333333333333,0.16666666666666666,0.2222222222222222,1.0,0.16666666666666666,0.004857737682165163,Abl: global-MAD short,Lamb_office_Caitlin,124,office,True,,,,
6.0,5.0,0.35714285714285715,0.8333333333333334,0.5,8.6,0.8333333333333334,0.011213047910295617,Abl: global-MAD short,Lamb_office_Velma,124,office,True,,,,
6.0,1.0,1.0,0.16666666666666666,0.2857142857142857,0.0,0.16666666666666666,0.0,Abl: global-MAD short,Rat_retail_Jeffrey,124,retail,False,,,,
6.0,3.0,0.45454545454545453,0.5,0.47619047619047616,17.0,0.5,0.008109794135995009,Abl: global-MAD short,Robin_education_Zenia,124,education,False,,,,
6.0,5.0,1.0,0.8333333333333334,0.9090909090909091,16.4,0.8333333333333334,0.0,Abl: global-MAD short,Robin_office_Dina,124,office,True,,,,
6.0,5.0,0.5714285714285714,0.8333333333333334,0.6779661016949152,53.0,0.8333333333333334,0.006100942872989462,Abl: global-MAD short,Robin_office_Sammie,124,office,True,,,,
6.0,3.0,0.45454545454545453,0.5,0.47619047619047616,3.0,0.5,0.007334963325183374,Abl: global-MAD short,Shrew_office_Doris,124,office,True,,,,
6.0,4.0,0.7857142857142857,0.6666666666666666,0.721311475409836,87.0,0.6666666666666666,0.006656804733727811,Abl: global-MAD short,Shrew_office_Ila,124,office,True,,,,
6.0,5.0,1.0,0.8333333333333334,0.9090909090909091,26.6,0.8333333333333334,0.0,Abl: global-MAD short,Shrew_office_Kenneth,124,office,True,,,,
6.0,4.0,0.5,0.6666666666666666,0.5714285714285715,1.0,0.6666666666666666,0.004263382283278067,Abl: global-MAD short,Shrew_office_Nora,124,office,True,,,,
6.0,4.0,0.8333333333333334,0.6666666666666666,0.7407407407407408,36.75,0.6666666666666666,0.0018927444794952682,Abl: global-MAD short,Shrew_office_Sherill,124,office,True,,,,
6.0,5.0,0.5833333333333334,0.8333333333333334,0.6862745098039216,3.4,0.8333333333333334,0.009108653220559532,Abl: global-MAD short,Wolf_office_Darleen,124,office,True,,,,
6.0,2.0,0.375,0.3333333333333333,0.35294117647058826,11.5,0.3333333333333333,0.011117612638970159,Abl: global-MAD short,Wolf_retail_Harriett,124,retail,False,,,,
6.0,6.0,0.34375,1.0,0.5116279069767442,37.5,1.0,0.023848238482384824,Abl: global-MAD short,Wolf_retail_Marcella,124,retail,False,,,,
6.0,5.0,0.3888888888888889,0.8333333333333334,0.5303030303030303,21.2,0.8333333333333334,0.009734991887506761,Abl: global-MAD short,Wolf_retail_Toshia,124,retail,False,,,,
6.0,4.0,0.1388888888888889,0.6666666666666666,0.22988505747126434,71.25,0.6666666666666666,0.06670746634026928,IsolationForest(t),Fox_education_Henrietta,124,education,False,,,,
6.0,5.0,0.25,0.8333333333333334,0.3846153846153846,20.4,0.8333333333333334,0.030653556969346442,IsolationForest(t),Fox_retail_Manie,124,retail,False,,,,
6.0,2.0,0.3125,0.3333333333333333,0.3225806451612903,80.0,0.3333333333333333,0.016776075857038657,IsolationForest(t),Hog_education_Bruno,124,education,False,,,,
6.0,2.0,0.10526315789473684,0.3333333333333333,0.16,65.5,0.3333333333333333,0.04148606811145511,IsolationForest(t),Hog_education_Caridad,124,education,False,,,,
6.0,5.0,0.425,0.8333333333333334,0.5629139072847682,9.2,0.8333333333333334,0.06463642013673089,IsolationForest(t),Hog_education_Luvenia,124,education,False,,,,
6.0,2.0,0.4827586206896552,0.3333333333333333,0.39436619718309857,58.0,0.3333333333333333,0.03203125,IsolationForest(t),Hog_office_Almeda,124,office,True,,,,
6.0,6.0,0.42857142857142855,1.0,0.6,49.5,1.0,0.028112449799196786,IsolationForest(t),Hog_office_Cortney,124,office,True,,,,
6.0,6.0,0.13333333333333333,1.0,0.23529411764705882,1.0,1.0,0.05504587155963303,IsolationForest(t),Hog_office_Denita,124,office,True,,,,
6.0,6.0,0.5,1.0,0.6666666666666666,45.666666666666664,1.0,0.02390438247011952,IsolationForest(t),Hog_office_Garrett,124,office,True,,,,
6.0,4.0,0.36363636363636365,0.6666666666666666,0.4705882352941177,21.0,0.6666666666666666,0.0408738548273432,IsolationForest(t),Hog_office_Lavon,124,office,True,,,,
6.0,4.0,0.4666666666666667,0.6666666666666666,0.5490196078431373,13.5,0.6666666666666666,0.048034934497816595,IsolationForest(t),Hog_office_Merilyn,124,office,True,,,,
6.0,3.0,0.21428571428571427,0.5,0.3,16.666666666666668,0.5,0.014057507987220448,IsolationForest(t),Hog_office_Miriam,124,office,True,,,,
6.0,4.0,0.6470588235294118,0.6666666666666666,0.6567164179104478,46.25,0.6666666666666666,0.011389521640091117,IsolationForest(t),Hog_office_Napoleon,124,office,True,,,,
6.0,4.0,0.3902439024390244,0.6666666666666666,0.4923076923076923,7.5,0.6666666666666666,0.033847980997624705,IsolationForest(t),Hog_office_Shawna,124,office,True,,,,
6.0,3.0,0.7857142857142857,0.5,0.6111111111111112,51.666666666666664,0.5,0.007530120481927711,IsolationForest(t),Hog_office_Shawnna,124,office,True,,,,
6.0,6.0,0.6,1.0,0.7499999999999999,44.0,1.0,0.02269861286254729,IsolationForest(t),Hog_office_Sherrie,124,office,True,,,,
6.0,5.0,0.3333333333333333,0.8333333333333334,0.47619047619047616,5.4,0.8333333333333334,0.09326072157930565,IsolationForest(t),Hog_office_Shon,124,office,True,,,,
6.0,2.0,0.20689655172413793,0.3333333333333333,0.2553191489361702,3.0,0.3333333333333333,0.03684210526315789,IsolationForest(t),Hog_office_Sydney,124,office,True,,,,
6.0,5.0,0.43333333333333335,0.8333333333333334,0.5701754385964913,35.8,0.8333333333333334,0.04350828729281768,IsolationForest(t),Hog_office_Valda,124,office,True,,,,
6.0,5.0,0.14285714285714285,0.8333333333333334,0.2439024390243902,15.4,0.8333333333333334,0.10072689511941849,IsolationForest(t),Lamb_education_Armando,124,education,False,,,,
6.0,5.0,0.6428571428571429,0.8333333333333334,0.7258064516129034,18.4,0.8333333333333334,0.03963666391412056,IsolationForest(t),Lamb_education_Eula,124,education,False,,,,
6.0,5.0,0.5,0.8333333333333334,0.625,1.6,0.8333333333333334,0.05743651753325272,IsolationForest(t),Lamb_education_Lazaro,124,education,False,,,,
6.0,5.0,0.45901639344262296,0.8333333333333334,0.5919661733615222,27.6,0.8333333333333334,0.07787481804949054,IsolationForest(t),Lamb_education_Lucas,124,education,False,,,,
6.0,4.0,0.07017543859649122,0.6666666666666666,0.12698412698412698,17.0,0.6666666666666666,0.1054945054945055,IsolationForest(t),Lamb_education_Mae,124,education,False,,,,
,,,,,,,,IsolationForest(t),Lamb_education_Willetta,124,education,False,,,,
6.0,5.0,0.17391304347826086,0.8333333333333334,0.28776978417266186,49.8,0.8333333333333334,0.11026392961876832,IsolationForest(t),Lamb_education_Williams,124,education,False,,,,
6.0,5.0,0.32142857142857145,0.8333333333333334,0.4639175257731959,102.8,0.8333333333333334,0.05065926439972242,IsolationForest(t),Lamb_office_Caitlin,124,office,True,,,,
6.0,5.0,0.2,0.8333333333333334,0.3225806451612903,1.2,0.8333333333333334,0.06472986748216106,IsolationForest(t),Lamb_office_Velma,124,office,True,,,,
6.0,3.0,0.21875,0.5,0.30434782608695654,41.666666666666664,0.5,0.05169112954690491,IsolationForest(t),Rat_retail_Jeffrey,124,retail,False,,,,
6.0,0.0,0.0,0.0,0.0,,0.0,0.0,IsolationForest(t),Robin_education_Zenia,124,education,False,,,,
6.0,4.0,0.35135135135135137,0.6666666666666666,0.46017699115044247,13.0,0.6666666666666666,0.055931161647203444,IsolationForest(t),Robin_office_Dina,124,office,True,,,,
6.0,3.0,0.7142857142857143,0.5,0.588235294117647,41.0,0.5,0.00776483638380477,IsolationForest(t),Robin_office_Sammie,124,office,True,,,,
6.0,5.0,0.40425531914893614,0.8333333333333334,0.5444126074498568,8.0,0.8333333333333334,0.03973105134474328,IsolationForest(t),Shrew_office_Doris,124,office,True,,,,
6.0,3.0,0.6923076923076923,0.5,0.5806451612903226,46.666666666666664,0.5,0.021449704142011833,IsolationForest(t),Shrew_office_Ila,124,office,True,,,,
6.0,6.0,0.6857142857142857,1.0,0.8135593220338984,34.5,1.0,0.0165016501650165,IsolationForest(t),Shrew_office_Kenneth,124,office,True,,,,
6.0,5.0,0.11627906976744186,0.8333333333333334,0.20408163265306123,14.6,0.8333333333333334,0.0502131691141639,IsolationForest(t),Shrew_office_Nora,124,office,True,,,,
6.0,5.0,0.5769230769230769,0.8333333333333334,0.6818181818181818,58.6,0.8333333333333334,0.01892744479495268,IsolationForest(t),Shrew_office_Sherill,124,office,True,,,,
6.0,6.0,0.5517241379310345,1.0,0.7111111111111111,14.333333333333334,1.0,0.016916070266753416,IsolationForest(t),Wolf_office_Darleen,124,office,True,,,,
6.0,3.0,0.3333333333333333,0.5,0.4,3.6666666666666665,0.5,0.032767700409596257,IsolationForest(t),Wolf_retail_Harriett,124,retail,False,,,,
6.0,5.0,0.20754716981132076,0.8333333333333334,0.3323262839879154,45.0,0.8333333333333334,0.04769647696476965,IsolationForest(t),Wolf_retail_Marcella,124,retail,False,,,,
6.0,4.0,0.2857142857142857,0.6666666666666666,0.4,36.75,0.6666666666666666,0.023796646836127637,IsolationForest(t),Wolf_retail_Toshia,124,retail,False,,,,
6.0,5.0,0.25,0.8333333333333334,0.3846153846153846,40.6,0.8333333333333334,0.07527539779681762,OC-SVM(t),Fox_education_Henrietta,124,education,False,,,,
6.0,5.0,0.3055555555555556,0.8333333333333334,0.4471544715447155,6.8,0.8333333333333334,0.0335454019664546,OC-SVM(t),Fox_retail_Manie,124,retail,False,,,,
6.0,4.0,0.28125,0.6666666666666666,0.39560439560439564,113.5,0.6666666666666666,0.061269146608315096,OC-SVM(t),Hog_education_Bruno,124,education,False,,,,
6.0,1.0,0.07692307692307693,0.16666666666666666,0.10526315789473684,94.0,0.16666666666666666,0.10773993808049535,OC-SVM(t),Hog_education_Caridad,124,education,False,,,,
6.0,6.0,0.3902439024390244,1.0,0.5614035087719299,5.666666666666667,1.0,0.08576755748912368,OC-SVM(t),Hog_education_Luvenia,124,education,False,,,,
6.0,3.0,0.45,0.5,0.4736842105263158,54.666666666666664,0.5,0.04921875,OC-SVM(t),Hog_office_Almeda,124,office,True,,,,
6.0,5.0,0.3,0.8333333333333334,0.4411764705882353,41.2,0.8333333333333334,0.07228915662650602,OC-SVM(t),Hog_office_Cortney,124,office,True,,,,
6.0,6.0,0.25,1.0,0.4,1.0,1.0,0.04357798165137615,OC-SVM(t),Hog_office_Denita,124,office,True,,,,
6.0,4.0,0.4,0.6666666666666666,0.5,33.25,0.6666666666666666,0.03813318155947638,OC-SVM(t),Hog_office_Garrett,124,office,True,,,,
6.0,4.0,0.32142857142857145,0.6666666666666666,0.43373493975903615,5.0,0.6666666666666666,0.10429880197322058,OC-SVM(t),Hog_office_Lavon,124,office,True,,,,
6.0,5.0,0.6578947368421053,0.8333333333333334,0.7352941176470588,19.2,0.8333333333333334,0.04512372634643377,OC-SVM(t),Hog_office_Merilyn,124,office,True,,,,
6.0,4.0,0.20833333333333334,0.6666666666666666,0.3174603174603175,59.75,0.6666666666666666,0.030670926517571886,OC-SVM(t),Hog_office_Miriam,124,office,True,,,,
6.0,4.0,0.3170731707317073,0.6666666666666666,0.4297520661157025,46.25,0.6666666666666666,0.05922551252847381,OC-SVM(t),Hog_office_Napoleon,124,office,True,,,,
6.0,4.0,0.5555555555555556,0.6666666666666666,0.606060606060606,7.0,0.6666666666666666,0.02553444180522565,OC-SVM(t),Hog_office_Shawna,124,office,True,,,,
6.0,4.0,0.5,0.6666666666666666,0.5714285714285715,66.5,0.6666666666666666,0.030120481927710843,OC-SVM(t),Hog_office_Shawnna,124,office,True,,,,
6.0,6.0,0.4583333333333333,1.0,0.6285714285714286,26.666666666666668,1.0,0.07440100882723834,OC-SVM(t),Hog_office_Sherrie,124,office,True,,,,
6.0,6.0,0.4594594594594595,1.0,0.6296296296296297,28.166666666666668,1.0,0.03675970047651463,OC-SVM(t),Hog_office_Shon,124,office,True,,,,
6.0,4.0,0.17647058823529413,0.6666666666666666,0.27906976744186046,23.0,0.6666666666666666,0.07134502923976609,OC-SVM(t),Hog_office_Sydney,124,office,True,,,,
6.0,5.0,0.34146341463414637,0.8333333333333334,0.48442906574394473,23.8,0.8333333333333334,0.10220994475138122,OC-SVM(t),Hog_office_Valda,124,office,True,,,,
6.0,5.0,0.17543859649122806,0.8333333333333334,0.28985507246376807,0.4,0.8333333333333334,0.16251298026998962,OC-SVM(t),Lamb_education_Armando,124,education,False,,,,
6.0,6.0,0.5875,1.0,0.7401574803149606,22.166666666666668,1.0,0.12303881090008258,OC-SVM(t),Lamb_education_Eula,124,education,False,,,,
6.0,6.0,0.4888888888888889,1.0,0.6567164179104478,6.0,1.0,0.0973397823458283,OC-SVM(t),Lamb_education_Lazaro,124,education,False,,,,
6.0,5.0,0.3116883116883117,0.8333333333333334,0.4536862003780719,3.2,0.8333333333333334,0.16593886462882096,OC-SVM(t),Lamb_education_Lucas,124,education,False,,,,
6.0,6.0,0.20238095238095238,1.0,0.33663366336633666,13.833333333333334,1.0,0.1631868131868132,OC-SVM(t),Lamb_education_Mae,124,education,False,,,,
,,,,,,,,OC-SVM(t),Lamb_education_Willetta,124,education,False,,,,
6.0,5.0,0.20689655172413793,0.8333333333333334,0.3314917127071823,13.0,0.8333333333333334,0.17712609970674487,OC-SVM(t),Lamb_education_Williams,124,education,False,,,,
6.0,4.0,0.26666666666666666,0.6666666666666666,0.3809523809523809,49.25,0.6666666666666666,0.09923664122137404,OC-SVM(t),Lamb_office_Caitlin,124,office,True,,,,
6.0,5.0,0.22916666666666666,0.8333333333333334,0.35947712418300654,0.6,0.8333333333333334,0.1218144750254842,OC-SVM(t),Lamb_office_Velma,124,office,True,,,,
6.0,2.0,0.09523809523809523,0.3333333333333333,0.14814814814814814,53.0,0.3333333333333333,0.07211231652839821,OC-SVM(t),Rat_retail_Jeffrey,124,retail,False,,,,
6.0,3.0,0.2,0.5,0.28571428571428575,16.666666666666668,0.5,0.11728009981285091,OC-SVM(t),Robin_education_Zenia,124,education,False,,,,
6.0,6.0,0.4,1.0,0.5714285714285715,25.0,1.0,0.07191149354640443,OC-SVM(t),Robin_office_Dina,124,office,True,,,,
6.0,5.0,0.5277777777777778,0.8333333333333334,0.6462585034013605,25.6,0.8333333333333334,0.01774819744869662,OC-SVM(t),Robin_office_Sammie,124,office,True,,,,
6.0,5.0,0.32786885245901637,0.8333333333333334,0.4705882352941176,12.4,0.8333333333333334,0.0715158924205379,OC-SVM(t),Shrew_office_Doris,124,office,True,,,,
6.0,5.0,0.5641025641025641,0.8333333333333334,0.672782874617737,35.4,0.8333333333333334,0.057692307692307696,OC-SVM(t),Shrew_office_Ila,124,office,True,,,,
6.0,5.0,0.6666666666666666,0.8333333333333334,0.7407407407407408,53.0,0.8333333333333334,0.026402640264026403,OC-SVM(t),Shrew_office_Kenneth,124,office,True,,,,
6.0,4.0,0.12903225806451613,0.6666666666666666,0.2162162162162162,1.0,0.6666666666666666,0.05873993368072004,OC-SVM(t),Shrew_office_Nora,124,office,True,,,,
6.0,5.0,0.7037037037037037,0.8333333333333334,0.7630522088353413,55.0,0.8333333333333334,0.03659305993690852,OC-SVM(t),Shrew_office_Sherill,124,office,True,,,,
6.0,5.0,0.2894736842105263,0.8333333333333334,0.42968750000000006,28.0,0.8333333333333334,0.07286922576447626,OC-SVM(t),Wolf_office_Darleen,124,office,True,,,,
6.0,3.0,0.3050847457627119,0.5,0.37894736842105264,3.6666666666666665,0.5,0.06670567583382095,OC-SVM(t),Wolf_retail_Harriett,124,retail,False,,,,
6.0,6.0,0.2571428571428571,1.0,0.40909090909090906,28.166666666666668,1.0,0.06775067750677506,OC-SVM(t),Wolf_retail_Marcella,124,retail,False,,,,
6.0,5.0,0.325,0.8333333333333334,0.4676258992805756,15.4,0.8333333333333334,0.056246619794483504,OC-SVM(t),Wolf_retail_Toshia,124,retail,False,,,,
6.0,5.0,0.16049382716049382,0.8333333333333334,0.2691511387163561,20.8,0.8333333333333334,0.15055079559363524,Autoencoder(t),Fox_education_Henrietta,124,education,False,5.072676969408619,1107.4806002254224,0.9924769258061205,0.9954196245348441
6.0,6.0,0.3522727272727273,1.0,0.5210084033613446,10.333333333333334,1.0,0.1359167148640833,Autoencoder(t),Fox_retail_Manie,124,retail,False,42.52209085193943,3626.3112078834088,0.9837742221553584,0.9882740094784201
6.0,4.0,0.3023255813953488,0.6666666666666666,0.416,82.25,0.6666666666666666,0.07439824945295405,Autoencoder(t),Hog_education_Bruno,124,education,False,900.9781165469079,70905.57536670782,0.9956571554837071,0.9872932683799934
6.0,4.0,0.2878787878787879,0.6666666666666666,0.40211640211640215,9.25,0.6666666666666666,0.12507739938080495,Autoencoder(t),Hog_education_Caridad,124,education,False,276.2506862603134,56272.62225551479,0.9733457207735022,0.9950908510179968
6.0,6.0,0.4,1.0,0.5714285714285715,11.0,1.0,0.09571162212554382,Autoencoder(t),Hog_education_Luvenia,124,education,False,812.9774678374881,59142.887731973824,0.9705028521629857,0.9862540112765246
6.0,4.0,0.3333333333333333,0.6666666666666666,0.4444444444444444,30.0,0.6666666666666666,0.08515625,Autoencoder(t),Hog_office_Almeda,124,office,True,116.4670660641641,26347.14394521596,0.9936280951967515,0.9955795183604592
6.0,6.0,0.3,1.0,0.4615384615384615,53.666666666666664,1.0,0.07228915662650602,Autoencoder(t),Hog_office_Cortney,124,office,True,51.792083215614795,5763.154084636514,0.9811388155974864,0.9910132398934668
6.0,6.0,0.109375,1.0,0.19718309859154928,0.6666666666666666,1.0,0.10963302752293579,Autoencoder(t),Hog_office_Denita,124,office,True,51.93156921904372,1957.7320670309248,0.9769778357986469,0.9734736075004367
6.0,5.0,0.2608695652173913,0.8333333333333334,0.3973509933774834,16.2,0.8333333333333334,0.15651678998292545,Autoencoder(t),Hog_office_Garrett,124,office,True,53.42746906840958,4905.220974570065,0.835373736230583,0.9891080403216509
6.0,5.0,0.34782608695652173,0.8333333333333334,0.49079754601227,7.8,0.8333333333333334,0.1226215644820296,Autoencoder(t),Hog_office_Lavon,124,office,True,317.3233285929347,77630.38289868446,0.9958712539661789,0.9959123822819853
6.0,6.0,0.4691358024691358,1.0,0.638655462184874,27.5,1.0,0.14046579330422126,Autoencoder(t),Hog_office_Merilyn,124,office,True,7.968174356366216,2475.5146315287707,0.9834560354542982,0.9967812049038687
6.0,6.0,0.34210526315789475,1.0,0.5098039215686275,37.333333333333336,1.0,0.134185303514377,Autoencoder(t),Hog_office_Miriam,124,office,True,9.597445227935053,3018.017875718827,0.9885438887105419,0.9968199508342378
6.0,4.0,0.2191780821917808,0.6666666666666666,0.32989690721649484,13.5,0.6666666666666666,0.09567198177676538,Autoencoder(t),Hog_office_Napoleon,124,office,True,51.015340704573354,7939.414743740277,0.9484968069906968,0.9935744204892689
6.0,5.0,0.38095238095238093,0.8333333333333334,0.522875816993464,11.4,0.8333333333333334,0.08076009501187649,Autoencoder(t),Hog_office_Shawna,124,office,True,103.544202673676,21745.98594262971,0.985408277013618,0.9952384682420542
6.0,6.0,0.6129032258064516,1.0,0.76,19.666666666666668,1.0,0.08283132530120482,Autoencoder(t),Hog_office_Shawnna,124,office,True,268.0832928557489,146378.57176457968,0.9896146747707929,0.9981685619033988
6.0,6.0,0.2638888888888889,1.0,0.4175824175824176,34.166666666666664,1.0,0.12421185372005045,Autoencoder(t),Hog_office_Sherrie,124,office,True,19.713161890890287,4885.453478772886,0.9894525542935892,0.9959649269046275
6.0,6.0,0.4426229508196721,1.0,0.6136363636363636,30.166666666666668,1.0,0.08577263444520082,Autoencoder(t),Hog_office_Shon,124,office,True,242.11901439879122,26788.902373174722,0.9835666409476783,0.9909619658533961
6.0,5.0,0.2222222222222222,0.8333333333333334,0.3508771929824561,29.0,0.8333333333333334,0.20292397660818715,Autoencoder(t),Hog_office_Sydney,124,office,True,16.7390211785095,5659.770485979846,0.9913082733036193,0.9970424558345652
6.0,6.0,0.3670886075949367,1.0,0.5370370370370371,32.166666666666664,1.0,0.10773480662983426,Autoencoder(t),Hog_office_Valda,124,office,True,13.087382500038267,3235.1808664736077,0.9911527541132661,0.995954667438948
6.0,5.0,0.11764705882352941,0.8333333333333334,0.20618556701030927,14.8,0.8333333333333334,0.12461059190031153,Autoencoder(t),Lamb_education_Armando,124,education,False,57.84082636070154,5435.352705326311,0.9741720466790506,0.9893584042294034
6.0,6.0,0.5581395348837209,1.0,0.7164179104477612,15.333333333333334,1.0,0.1222130470685384,Autoencoder(t),Lamb_education_Eula,124,education,False,1.840310221855963,495.683569918793,0.9944398765183612,0.9962873285831171
6.0,6.0,0.4074074074074074,1.0,0.5789473684210525,5.666666666666667,1.0,0.1215235792019347,Autoencoder(t),Lamb_education_Lazaro,124,education,False,22.989120828652737,3911.7728013481587,0.9947031242722849,0.9941230940557872
6.0,5.0,0.43661971830985913,0.8333333333333334,0.5730129390018484,10.6,0.8333333333333334,0.0975254730713246,Autoencoder(t),Lamb_education_Lucas,124,education,False,12.60038171868417,828.5473526716132,0.9815452102877313,0.9847922008584605
6.0,6.0,0.20270270270270271,1.0,0.3370786516853933,3.1666666666666665,1.0,0.1087912087912088,Autoencoder(t),Lamb_education_Mae,124,education,False,84.32721712626721,12530.660011929125,0.9822019074568665,0.9932703291729256
,,,,,,,,Autoencoder(t),Lamb_education_Willetta,124,education,False,0.0,0.0,,0.0
6.0,6.0,0.2112676056338028,1.0,0.3488372093023256,14.333333333333334,1.0,0.12082111436950146,Autoencoder(t),Lamb_education_Williams,124,education,False,21.431113759384242,3389.4907512393693,0.9885433303000957,0.9936771877157217
6.0,5.0,0.39473684210526316,0.8333333333333334,0.5357142857142857,33.4,0.8333333333333334,0.11172796668979876,Autoencoder(t),Lamb_office_Caitlin,124,office,True,23.09377938918102,2476.678899597335,0.9927108177579004,0.9906755052530484
6.0,5.0,0.16216216216216217,0.8333333333333334,0.27149321266968324,1.2,0.8333333333333334,0.11824668705402651,Autoencoder(t),Lamb_office_Velma,124,office,True,27.53444582844839,2192.5150835093805,0.9731518929374356,0.987441616235371
6.0,5.0,0.3333333333333333,0.8333333333333334,0.47619047619047616,26.6,0.8333333333333334,0.14741544352265476,Autoencoder(t),Rat_retail_Jeffrey,124,retail,False,17.714622501263268,9401.103471177124,0.9977568677420225,0.9981156868919084
6.0,5.0,0.1956521739130435,0.8333333333333334,0.3169014084507042,29.8,0.8333333333333334,0.14223331253898938,Autoencoder(t),Robin_education_Zenia,124,education,False,5214.5579760975725,96598.2212980391,0.9533587687952015,0.9460180745977833
6.0,6.0,0.3137254901960784,1.0,0.47761194029850745,36.666666666666664,1.0,0.11370620774431468,Autoencoder(t),Robin_office_Dina,124,office,True,43.416211718474216,8183.486186309855,0.9793549670803331,0.9946946557090662
6.0,5.0,0.2619047619047619,0.8333333333333334,0.39855072463768115,21.4,0.8333333333333334,0.10815307820299501,Autoencoder(t),Robin_office_Sammie,124,office,True,42.25907531944677,8038.4596903316215,0.9833754390921604,0.9947428889429806
6.0,5.0,0.34615384615384615,0.8333333333333334,0.48913043478260876,8.6,0.8333333333333334,0.1136919315403423,Autoencoder(t),Shrew_office_Doris,124,office,True,56.4377449822116,13481.714723603747,0.988851998608188,0.9958137561772168
6.0,6.0,0.55,1.0,0.7096774193548387,29.5,1.0,0.09097633136094675,Autoencoder(t),Shrew_office_Ila,124,office,True,169.79913084625537,43987.54832713803,0.9941102926763407,0.9961398364468178
6.0,6.0,0.352112676056338,1.0,0.5208333333333333,18.166666666666668,1.0,0.07194719471947195,Autoencoder(t),Shrew_office_Kenneth,124,office,True,15.317883524796253,9362.96485472773,0.99440962699576,0.9983639922009253
6.0,5.0,0.08955223880597014,0.8333333333333334,0.1617250673854447,6.4,0.8333333333333334,0.12790146849834202,Autoencoder(t),Shrew_office_Nora,124,office,True,42.48301992834033,3625.8417730065985,0.9873768713578904,0.9882832670072328
6.0,5.0,0.2702702702702703,0.8333333333333334,0.4081632653061225,41.8,0.8333333333333334,0.1028391167192429,Autoencoder(t),Shrew_office_Sherill,124,office,True,149.04182682362088,40670.41259053998,0.9893240048831324,0.9963353746045278
6.0,6.0,0.43243243243243246,1.0,0.6037735849056604,8.333333333333334,1.0,0.07807417046193885,Autoencoder(t),Wolf_office_Darleen,124,office,True,16.250905202854305,3533.560887216791,0.9948166859265312,0.9954009833928023
6.0,5.0,0.25882352941176473,0.8333333333333334,0.39497307001795334,26.0,0.8333333333333334,0.13458162668227033,Autoencoder(t),Wolf_retail_Harriett,124,retail,False,20.03539808646823,1612.224977001204,0.9857635824448892,0.9875728273831021
6.0,6.0,0.15053763440860216,1.0,0.2616822429906542,3.0,1.0,0.12899728997289972,Autoencoder(t),Wolf_retail_Marcella,124,retail,False,4.468318004029467,987.5867578599267,0.9850598090659962,0.9954755185116979
6.0,5.0,0.23728813559322035,0.8333333333333334,0.3693931398416887,7.2,0.8333333333333334,0.09356408869659276,Autoencoder(t),Wolf_retail_Toshia,124,retail,False,32.5429725419214,8115.615163571036,0.9887794531924872,0.9959900793857256
6.0,3.0,0.5,0.5,0.5,68.0,0.5,0.1646266829865361,LSTM-AE(t),Fox_education_Henrietta,124,education,False,3015.8315014299574,1107.4806002254224,2.1199072325483397,1.7231461217615
6.0,3.0,1.0,0.5,0.6666666666666666,0.0,0.5,0.06940427993059572,LSTM-AE(t),Fox_retail_Manie,124,retail,False,8747.033896740093,3626.3112078834088,2.076375781955845,1.4121023804367654
6.0,2.0,0.6666666666666666,0.3333333333333333,0.4444444444444444,38.5,0.3333333333333333,0.04011670313639679,LSTM-AE(t),Hog_education_Bruno,124,education,False,241705.76393562328,70905.57536670782,0.9440028393447043,2.408840033884148
6.0,1.0,0.3333333333333333,0.16666666666666666,0.2222222222222222,66.0,0.16666666666666666,0.07430340557275542,LSTM-AE(t),Hog_education_Caridad,124,education,False,57847.243552833366,56272.62225551479,2.1263155429389062,0.027982013885344763
6.0,4.0,1.0,0.6666666666666666,0.8,24.5,0.6666666666666666,0.07085146053449347,LSTM-AE(t),Hog_education_Luvenia,124,education,False,243415.0696309613,59142.887731973824,8.012163529100478,3.1157116090455332
6.0,2.0,0.6666666666666666,0.3333333333333333,0.4444444444444444,105.0,0.3333333333333333,0.05625,LSTM-AE(t),Hog_office_Almeda,124,office,True,49996.79980275786,26347.14394521596,0.8345383092000617,0.8976174384106682
6.0,2.0,1.0,0.3333333333333333,0.5,0.0,0.3333333333333333,0.03279785809906292,LSTM-AE(t),Hog_office_Cortney,124,office,True,18601.929816082255,5763.154084636514,5.420453181482735,2.22773424810409
6.0,5.0,1.0,0.8333333333333334,0.9090909090909091,0.0,0.8333333333333334,0.13623853211009174,LSTM-AE(t),Hog_office_Denita,124,office,True,1422.4434768364758,1957.7320670309248,0.4527481166131553,0.2734228034616922
6.0,2.0,1.0,0.3333333333333333,0.5,0.0,0.3333333333333333,0.05122367672168469,LSTM-AE(t),Hog_office_Garrett,124,office,True,8890.840938459198,4905.220974570065,63.56055613578358,0.8125260787539682
6.0,3.0,0.8333333333333334,0.5,0.625,10.333333333333334,0.5,0.10923185341789993,LSTM-AE(t),Hog_office_Lavon,124,office,True,125659.29459872367,77630.38289868446,0.9715619161611393,0.6186870385879949
6.0,2.0,0.6666666666666666,0.3333333333333333,0.4444444444444444,0.0,0.3333333333333333,0.12008733624454149,LSTM-AE(t),Hog_office_Merilyn,124,office,True,2700.650538002035,2475.5146315287707,1.2925953274315407,0.09094509222683528
6.0,4.0,0.6666666666666666,0.6666666666666666,0.6666666666666666,68.5,0.6666666666666666,0.10862619808306709,LSTM-AE(t),Hog_office_Miriam,124,office,True,5352.808138992007,3018.017875718827,2.3048224817881966,0.7736171087843817
6.0,3.0,1.0,0.5,0.6666666666666666,10.666666666666666,0.5,0.11161731207289294,LSTM-AE(t),Hog_office_Napoleon,124,office,True,12072.752058470187,7939.414743740277,42.430612692678416,0.5206098242932558
6.0,3.0,1.0,0.5,0.6666666666666666,83.0,0.5,0.045724465558194774,LSTM-AE(t),Hog_office_Shawna,124,office,True,30549.375222664108,21745.98594262971,0.46913603813119753,0.40482824293455855
6.0,3.0,1.0,0.5,0.6666666666666666,72.33333333333333,0.5,0.07906626506024096,LSTM-AE(t),Hog_office_Shawnna,124,office,True,106501.76899049456,146378.57176457968,0.4690662286565456,0.27242240645863725
6.0,3.0,0.2857142857142857,0.5,0.36363636363636365,57.666666666666664,0.5,0.23959646910466584,LSTM-AE(t),Hog_office_Sherrie,124,office,True,4610.629248384377,4885.453478772886,0.3071392418546192,0.05625357637374096
6.0,5.0,1.0,0.8333333333333334,0.9090909090909091,58.2,0.8333333333333334,0.059904697072838665,LSTM-AE(t),Hog_office_Shon,124,office,True,74904.46008454182,26788.902373174722,1.5367805977500941,1.7961003792207622
6.0,3.0,0.75,0.5,0.6,51.666666666666664,0.5,0.1023391812865497,LSTM-AE(t),Hog_office_Sydney,124,office,True,3794.307941667197,5659.770485979846,0.5065194606984219,0.3296003873184782
6.0,3.0,0.75,0.5,0.6,34.0,0.5,0.11256906077348067,LSTM-AE(t),Hog_office_Valda,124,office,True,3307.4440826550135,3235.1808664736077,1.1102840192167565,0.022336685076953283
6.0,2.0,1.0,0.3333333333333333,0.5,0.0,0.3333333333333333,0.07320872274143302,LSTM-AE(t),Lamb_education_Armando,124,education,False,10317.67211253539,5435.352705326311,0.7874877649156388,0.8982525462284551
6.0,1.0,0.5,0.16666666666666666,0.25,35.0,0.16666666666666666,0.03963666391412056,LSTM-AE(t),Lamb_education_Eula,124,education,False,1371.9379719950637,495.683569918793,1.7565585056327417,1.7677697128832128
6.0,1.0,0.5,0.16666666666666666,0.25,0.0,0.16666666666666666,0.12877871825876663,LSTM-AE(t),Lamb_education_Lazaro,124,education,False,20336.38808575861,3911.7728013481587,2.5289951412583616,4.198765142686674
6.0,3.0,0.6,0.5,0.5454545454545454,0.0,0.5,0.10771470160116449,LSTM-AE(t),Lamb_education_Lucas,124,education,False,4840.1318599120605,828.5473526716132,4.099227488285607,4.8417081948367535
6.0,4.0,1.0,0.6666666666666666,0.8,16.5,0.6666666666666666,0.09615384615384616,LSTM-AE(t),Lamb_education_Mae,124,education,False,26231.80330864562,12530.660011929125,1.163223545876963,1.0934095477551122
,,,,,,,,LSTM-AE(t),Lamb_education_Willetta,124,education,False,0.0,0.0,,0.0
6.0,2.0,0.6666666666666666,0.3333333333333333,0.4444444444444444,0.0,0.3333333333333333,0.10674486803519062,LSTM-AE(t),Lamb_education_Williams,124,education,False,9529.966866619186,3389.4907512393693,2.4059142137689182,1.8116220299862298
6.0,4.0,0.4,0.6666666666666666,0.5,0.0,0.6666666666666666,0.22831367106176267,LSTM-AE(t),Lamb_office_Caitlin,124,office,True,4832.359337651583,2476.678899597335,1.9752337431177533,0.9511448732563758
6.0,5.0,1.0,0.8333333333333334,0.9090909090909091,13.8,0.8333333333333334,0.11467889908256881,LSTM-AE(t),Lamb_office_Velma,124,office,True,7014.4762400774525,2192.5150835093805,10.368859744343709,2.1992830028106125
6.0,3.0,0.75,0.5,0.6,81.66666666666667,0.5,0.07594128908742821,LSTM-AE(t),Rat_retail_Jeffrey,124,retail,False,8743.980574821757,9401.103471177124,0.6071760085352976,0.06989848567990374
6.0,2.0,1.0,0.3333333333333333,0.5,13.5,0.3333333333333333,0.041796631316281974,LSTM-AE(t),Robin_education_Zenia,124,education,False,1452794.353680713,96598.2212980391,15.164360260166498,14.039555947912717
6.0,3.0,1.0,0.5,0.6666666666666666,16.666666666666668,0.5,0.08481868469575907,LSTM-AE(t),Robin_office_Dina,124,office,True,14501.672034427183,8183.486186309855,0.39445724310691377,0.772065315963631
6.0,4.0,0.8,0.6666666666666666,0.7272727272727272,9.75,0.6666666666666666,0.10205213533000555,LSTM-AE(t),Robin_office_Sammie,124,office,True,9433.011565057153,8038.4596903316215,0.5268501626867118,0.17348496210074302
6.0,3.0,0.6666666666666666,0.5,0.5714285714285715,30.333333333333332,0.5,0.0745721271393643,LSTM-AE(t),Shrew_office_Doris,124,office,True,21940.476678565017,13481.714723603747,0.8280518458311024,0.6274247844861822
6.0,2.0,0.5,0.3333333333333333,0.4,145.5,0.3333333333333333,0.10798816568047337,LSTM-AE(t),Shrew_office_Ila,124,office,True,94090.32157640094,43987.54832713803,0.7991970262360187,1.1390217267087854
6.0,3.0,1.0,0.5,0.6666666666666666,6.333333333333333,0.5,0.09306930693069307,LSTM-AE(t),Shrew_office_Kenneth,124,office,True,6905.687293893909,9362.96485472773,0.5246546673012349,0.26244652190412154
6.0,4.0,1.0,0.6666666666666666,0.8,0.0,0.6666666666666666,0.13169114163903364,LSTM-AE(t),Shrew_office_Nora,124,office,True,2299.49954786395,3625.8417730065985,0.6332381812966749,0.36580256618391466
6.0,2.0,1.0,0.3333333333333333,0.5,24.0,0.3333333333333333,0.04227129337539432,LSTM-AE(t),Shrew_office_Sherill,124,office,True,42184.05169006283,40670.41259053998,0.4885383665373367,0.03721720541076896
6.0,1.0,0.5,0.16666666666666666,0.25,0.0,0.16666666666666666,0.1372804163955758,LSTM-AE(t),Wolf_office_Darleen,124,office,True,6175.717903733859,3533.560887216791,1.0455124780112857,0.7477321322169612
6.0,1.0,1.0,0.16666666666666666,0.2857142857142857,0.0,0.16666666666666666,0.0403744880046811,LSTM-AE(t),Wolf_retail_Harriett,124,retail,False,11256.74783363046,1612.224977001204,8.00437982710334,5.982119737760429
6.0,5.0,0.8333333333333334,0.8333333333333334,0.8333333333333334,36.0,0.8333333333333334,0.14092140921409213,LSTM-AE(t),Wolf_retail_Marcella,124,retail,False,1385.3900739955604,987.5867578599267,0.5542130038444487,0.4028034124289622
6.0,3.0,0.6,0.5,0.5454545454545454,10.0,0.5,0.11844240129799892,LSTM-AE(t),Wolf_retail_Toshia,124,retail,False,12451.254614617552,8115.615163571036,2.704489621324376,0.5342342340859281
6.0,3.0,0.25,0.5,0.3333333333333333,47.0,0.5,0.009791921664626682,Abl: AE+fusion,Fox_education_Henrietta,124,education,False,,,,
6.0,5.0,0.6666666666666666,0.8333333333333334,0.7407407407407408,41.8,0.8333333333333334,0.004626951995373048,Abl: AE+fusion,Fox_retail_Manie,124,retail,False,,,,
6.0,4.0,0.6666666666666666,0.6666666666666666,0.6666666666666666,111.25,0.6666666666666666,0.01823486506199854,Abl: AE+fusion,Hog_education_Bruno,124,education,False,,,,
6.0,1.0,0.25,0.16666666666666666,0.2,67.0,0.16666666666666666,0.004953560371517028,Abl: AE+fusion,Hog_education_Caridad,124,education,False,,,,
6.0,5.0,0.64,0.8333333333333334,0.7239819004524887,18.6,0.8333333333333334,0.0074580484773151025,Abl: AE+fusion,Hog_education_Luvenia,124,education,False,,,,
6.0,4.0,0.5483870967741935,0.6666666666666666,0.6017699115044248,58.0,0.6666666666666666,0.015625,Abl: AE+fusion,Hog_office_Almeda,124,office,True,,,,
6.0,4.0,0.375,0.6666666666666666,0.4800000000000001,62.0,0.6666666666666666,0.023427041499330656,Abl: AE+fusion,Hog_office_Cortney,124,office,True,,,,
6.0,6.0,0.5454545454545454,1.0,0.7058823529411764,1.0,1.0,0.007798165137614679,Abl: AE+fusion,Hog_office_Denita,124,office,True,,,,
6.0,2.0,0.2727272727272727,0.3333333333333333,0.3,24.5,0.3333333333333333,0.01195219123505976,Abl: AE+fusion,Hog_office_Garrett,124,office,True,,,,
6.0,3.0,0.4,0.5,0.4444444444444445,35.333333333333336,0.5,0.012684989429175475,Abl: AE+fusion,Hog_office_Lavon,124,office,True,,,,
6.0,4.0,0.5263157894736842,0.6666666666666666,0.5882352941176471,50.75,0.6666666666666666,0.015283842794759825,Abl: AE+fusion,Hog_office_Merilyn,124,office,True,,,,
6.0,5.0,0.5217391304347826,0.8333333333333334,0.6417112299465241,46.6,0.8333333333333334,0.017252396166134186,Abl: AE+fusion,Hog_office_Miriam,124,office,True,,,,
6.0,4.0,0.8571428571428571,0.6666666666666666,0.75,46.25,0.6666666666666666,0.0056947608200455585,Abl: AE+fusion,Hog_office_Napoleon,124,office,True,,,,
6.0,4.0,0.6666666666666666,0.6666666666666666,0.6666666666666666,13.0,0.6666666666666666,0.006532066508313539,Abl: AE+fusion,Hog_office_Shawna,124,office,True,,,,
6.0,4.0,0.8076923076923077,0.6666666666666666,0.7304347826086955,74.25,0.6666666666666666,0.011295180722891566,Abl: AE+fusion,Hog_office_Shawnna,124,office,True,,,,
6.0,4.0,0.5,0.6666666666666666,0.5714285714285715,51.25,0.6666666666666666,0.011349306431273645,Abl: AE+fusion,Hog_office_Sherrie,124,office,True,,,,
6.0,5.0,0.7692307692307693,0.8333333333333334,0.8,44.8,0.8333333333333334,0.009530292716133424,Abl: AE+fusion,Hog_office_Shon,124,office,True,,,,
6.0,2.0,0.15384615384615385,0.3333333333333333,0.21052631578947367,0.5,0.3333333333333333,0.012865497076023392,Abl: AE+fusion,Hog_office_Sydney,124,office,True,,,,
6.0,5.0,0.4166666666666667,0.8333333333333334,0.5555555555555556,53.2,0.8333333333333334,0.014502762430939226,Abl: AE+fusion,Hog_office_Valda,124,office,True,,,,
6.0,4.0,0.4,0.6666666666666666,0.5,0.25,0.6666666666666666,0.005192107995846314,Abl: AE+fusion,Lamb_education_Armando,124,education,False,,,,
6.0,2.0,0.6666666666666666,0.3333333333333333,0.4444444444444444,1.5,0.3333333333333333,0.0033030553261767133,Abl: AE+fusion,Lamb_education_Eula,124,education,False,,,,
6.0,5.0,0.5294117647058824,0.8333333333333334,0.6474820143884893,68.0,0.8333333333333334,0.007859733978234583,Abl: AE+fusion,Lamb_education_Lazaro,124,education,False,,,,
6.0,4.0,0.875,0.6666666666666666,0.7567567567567567,38.5,0.6666666666666666,0.000727802037845706,Abl: AE+fusion,Lamb_education_Lucas,124,education,False,,,,
6.0,5.0,0.6428571428571429,0.8333333333333334,0.7258064516129034,14.0,0.8333333333333334,0.0038461538461538464,Abl: AE+fusion,Lamb_education_Mae,124,education,False,,,,
,,,,,,,,Abl: AE+fusion,Lamb_education_Willetta,124,education,False,,,,
6.0,3.0,0.3333333333333333,0.5,0.4,13.666666666666666,0.5,0.004105571847507331,Abl: AE+fusion,Lamb_education_Williams,124,education,False,,,,
6.0,2.0,0.2,0.3333333333333333,0.25,58.5,0.3333333333333333,0.009021512838306732,Abl: AE+fusion,Lamb_office_Caitlin,124,office,True,,,,
6.0,5.0,0.3684210526315789,0.8333333333333334,0.5109489051094891,2.8,0.8333333333333334,0.0127420998980632,Abl: AE+fusion,Lamb_office_Velma,124,office,True,,,,
6.0,3.0,0.3,0.5,0.37499999999999994,136.66666666666666,0.5,0.007019783024888321,Abl: AE+fusion,Rat_retail_Jeffrey,124,retail,False,,,,
6.0,4.0,0.3125,0.6666666666666666,0.425531914893617,49.75,0.6666666666666666,0.08733624454148471,Abl: AE+fusion,Robin_education_Zenia,124,education,False,,,,
6.0,6.0,0.6785714285714286,1.0,0.8085106382978724,37.166666666666664,1.0,0.015980331899200985,Abl: AE+fusion,Robin_office_Dina,124,office,True,,,,
6.0,5.0,0.7692307692307693,0.8333333333333334,0.8,30.2,0.8333333333333334,0.0016638935108153079,Abl: AE+fusion,Robin_office_Sammie,124,office,True,,,,
6.0,3.0,0.5882352941176471,0.5,0.5405405405405405,36.333333333333336,0.5,0.005501222493887531,Abl: AE+fusion,Shrew_office_Doris,124,office,True,,,,
6.0,6.0,0.9047619047619048,1.0,0.9500000000000001,50.666666666666664,1.0,0.0029585798816568047,Abl: AE+fusion,Shrew_office_Ila,124,office,True,,,,
6.0,5.0,0.7692307692307693,0.8333333333333334,0.8,77.8,0.8333333333333334,0.0026402640264026403,Abl: AE+fusion,Shrew_office_Kenneth,124,office,True,,,,
6.0,4.0,0.5,0.6666666666666666,0.5714285714285715,1.5,0.6666666666666666,0.0033159639981051635,Abl: AE+fusion,Shrew_office_Nora,124,office,True,,,,
6.0,5.0,0.5789473684210527,0.8333333333333334,0.6832298136645962,82.6,0.8333333333333334,0.0056782334384858045,Abl: AE+fusion,Shrew_office_Sherill,124,office,True,,,,
6.0,5.0,0.6,0.8333333333333334,0.6976744186046512,18.2,0.8333333333333334,0.006506180871828237,Abl: AE+fusion,Wolf_office_Darleen,124,office,True,,,,
6.0,3.0,0.4117647058823529,0.5,0.45161290322580644,25.333333333333332,0.5,0.008777062609713282,Abl: AE+fusion,Wolf_retail_Harriett,124,retail,False,,,,
6.0,5.0,0.3333333333333333,0.8333333333333334,0.47619047619047616,29.0,0.8333333333333334,0.011924119241192412,Abl: AE+fusion,Wolf_retail_Marcella,124,retail,False,,,,
6.0,5.0,0.5,0.8333333333333334,0.625,30.6,0.8333333333333334,0.008653326122228232,Abl: AE+fusion,Wolf_retail_Toshia,124,retail,False,,,,
6.0,3.0,1.0,0.5,0.6666666666666666,84.0,0.5,0.08445532435740515,Abl: LSTM-AE+fusion,Fox_education_Henrietta,124,education,False,,,,
6.0,2.0,1.0,0.3333333333333333,0.5,0.0,0.3333333333333333,0.05089647194910353,Abl: LSTM-AE+fusion,Fox_retail_Manie,124,retail,False,,,,
6.0,2.0,1.0,0.3333333333333333,0.5,49.5,0.3333333333333333,0.03646973012399708,Abl: LSTM-AE+fusion,Hog_education_Bruno,124,education,False,,,,
6.0,1.0,0.25,0.16666666666666666,0.2,78.0,0.16666666666666666,0.08854489164086687,Abl: LSTM-AE+fusion,Hog_education_Caridad,124,education,False,,,,
6.0,3.0,1.0,0.5,0.6666666666666666,36.666666666666664,0.5,0.06650093225605966,Abl: LSTM-AE+fusion,Hog_education_Luvenia,124,education,False,,,,
6.0,2.0,1.0,0.3333333333333333,0.5,117.0,0.3333333333333333,0.03203125,Abl: LSTM-AE+fusion,Hog_office_Almeda,124,office,True,,,,
6.0,2.0,1.0,0.3333333333333333,0.5,0.0,0.3333333333333333,0.04551539491298527,Abl: LSTM-AE+fusion,Hog_office_Cortney,124,office,True,,,,
6.0,6.0,1.0,1.0,1.0,0.0,1.0,0.1577981651376147,Abl: LSTM-AE+fusion,Hog_office_Denita,124,office,True,,,,
6.0,2.0,1.0,0.3333333333333333,0.5,0.0,0.3333333333333333,0.02390438247011952,Abl: LSTM-AE+fusion,Hog_office_Garrett,124,office,True,,,,
6.0,3.0,0.6,0.5,0.5454545454545454,69.0,0.5,0.11698379140239605,Abl: LSTM-AE+fusion,Hog_office_Lavon,124,office,True,,,,
6.0,2.0,0.6666666666666666,0.3333333333333333,0.4444444444444444,0.0,0.3333333333333333,0.1462882096069869,Abl: LSTM-AE+fusion,Hog_office_Merilyn,124,office,True,,,,
6.0,3.0,0.6666666666666666,0.5,0.5714285714285715,40.666666666666664,0.5,0.08051118210862619,Abl: LSTM-AE+fusion,Hog_office_Miriam,124,office,True,,,,
6.0,3.0,0.75,0.5,0.6,0.0,0.5,0.09453302961275627,Abl: LSTM-AE+fusion,Hog_office_Napoleon,124,office,True,,,,
6.0,3.0,1.0,0.5,0.6666666666666666,91.0,0.5,0.04156769596199525,Abl: LSTM-AE+fusion,Hog_office_Shawna,124,office,True,,,,
6.0,3.0,0.6666666666666666,0.5,0.5714285714285715,56.333333333333336,0.5,0.125,Abl: LSTM-AE+fusion,Hog_office_Shawnna,124,office,True,,,,
6.0,2.0,0.5,0.3333333333333333,0.4,0.0,0.3333333333333333,0.10025220680958385,Abl: LSTM-AE+fusion,Hog_office_Sherrie,124,office,True,,,,
6.0,5.0,0.75,0.8333333333333334,0.7894736842105262,36.6,0.8333333333333334,0.06126616746085772,Abl: LSTM-AE+fusion,Hog_office_Shon,124,office,True,,,,
6.0,3.0,0.75,0.5,0.6,55.666666666666664,0.5,0.12339181286549708,Abl: LSTM-AE+fusion,Hog_office_Sydney,124,office,True,,,,
6.0,2.0,1.0,0.3333333333333333,0.5,45.0,0.3333333333333333,0.04765193370165746,Abl: LSTM-AE+fusion,Hog_office_Valda,124,office,True,,,,
6.0,1.0,1.0,0.16666666666666666,0.2857142857142857,0.0,0.16666666666666666,0.03686396677050883,Abl: LSTM-AE+fusion,Lamb_education_Armando,124,education,False,,,,
6.0,1.0,0.5,0.16666666666666666,0.25,47.0,0.16666666666666666,0.02064409578860446,Abl: LSTM-AE+fusion,Lamb_education_Eula,124,education,False,,,,
6.0,2.0,0.5,0.3333333333333333,0.4,0.0,0.3333333333333333,0.13905683192261184,Abl: LSTM-AE+fusion,Lamb_education_Lazaro,124,education,False,,,,
6.0,3.0,1.0,0.5,0.6666666666666666,3.6666666666666665,0.5,0.06550218340611354,Abl: LSTM-AE+fusion,Lamb_education_Lucas,124,education,False,,,,
6.0,4.0,0.8,0.6666666666666666,0.7272727272727272,13.5,0.6666666666666666,0.1087912087912088,Abl: LSTM-AE+fusion,Lamb_education_Mae,124,education,False,,,,
,,,,,,,,Abl: LSTM-AE+fusion,Lamb_education_Willetta,124,education,False,,,,
6.0,2.0,0.6666666666666666,0.3333333333333333,0.4444444444444444,0.0,0.3333333333333333,0.10791788856304986,Abl: LSTM-AE+fusion,Lamb_education_Williams,124,education,False,,,,
6.0,5.0,0.8,0.8333333333333334,0.816326530612245,41.2,0.8333333333333334,0.12838306731436502,Abl: LSTM-AE+fusion,Lamb_office_Caitlin,124,office,True,,,,
6.0,4.0,1.0,0.6666666666666666,0.8,0.0,0.6666666666666666,0.12691131498470948,Abl: LSTM-AE+fusion,Lamb_office_Velma,124,office,True,,,,
6.0,1.0,1.0,0.16666666666666666,0.2857142857142857,0.0,0.16666666666666666,0.029993618379068283,Abl: LSTM-AE+fusion,Rat_retail_Jeffrey,124,retail,False,,,,
6.0,2.0,1.0,0.3333333333333333,0.5,19.5,0.3333333333333333,0.041796631316281974,Abl: LSTM-AE+fusion,Robin_education_Zenia,124,education,False,,,,
6.0,3.0,0.75,0.5,0.6,12.666666666666666,0.5,0.09711124769514444,Abl: LSTM-AE+fusion,Robin_office_Dina,124,office,True,,,,
6.0,4.0,1.0,0.6666666666666666,0.8,42.75,0.6666666666666666,0.07709373266777593,Abl: LSTM-AE+fusion,Robin_office_Sammie,124,office,True,,,,
6.0,4.0,0.5,0.6666666666666666,0.5714285714285715,55.75,0.6666666666666666,0.13447432762836187,Abl: LSTM-AE+fusion,Shrew_office_Doris,124,office,True,,,,
6.0,3.0,0.7142857142857143,0.5,0.588235294117647,96.0,0.5,0.10798816568047337,Abl: LSTM-AE+fusion,Shrew_office_Ila,124,office,True,,,,
6.0,5.0,0.8333333333333334,0.8333333333333334,0.8333333333333334,39.8,0.8333333333333334,0.09966996699669967,Abl: LSTM-AE+fusion,Shrew_office_Kenneth,124,office,True,,,,
6.0,4.0,0.6666666666666666,0.6666666666666666,0.6666666666666666,0.0,0.6666666666666666,0.16579819990525818,Abl: LSTM-AE+fusion,Shrew_office_Nora,124,office,True,,,,
6.0,2.0,1.0,0.3333333333333333,0.5,18.0,0.3333333333333333,0.04227129337539432,Abl: LSTM-AE+fusion,Shrew_office_Sherill,124,office,True,,,,
6.0,0.0,0.0,0.0,0.0,,0.0,0.07807417046193885,Abl: LSTM-AE+fusion,Wolf_office_Darleen,124,office,True,,,,
6.0,1.0,0.5,0.16666666666666666,0.25,0.0,0.16666666666666666,0.0684610883557636,Abl: LSTM-AE+fusion,Wolf_retail_Harriett,124,retail,False,,,,
6.0,4.0,0.8,0.6666666666666666,0.7272727272727272,42.0,0.6666666666666666,0.17506775067750677,Abl: LSTM-AE+fusion,Wolf_retail_Marcella,124,retail,False,,,,
6.0,2.0,0.6666666666666666,0.3333333333333333,0.4444444444444444,21.0,0.3333333333333333,0.08545159545700379,Abl: LSTM-AE+fusion,Wolf_retail_Toshia,124,retail,False,,,,
6.0,4.0,0.7272727272727273,0.6666666666666666,0.6956521739130435,30.0,0.6666666666666666,0.011627906976744186,Abl: HOW-profile+z,Fox_education_Henrietta,124,education,False,,,,
6.0,6.0,0.417910447761194,1.0,0.5894736842105264,4.666666666666667,1.0,0.10410641989589357,Abl: HOW-profile+z,Fox_retail_Manie,124,retail,False,,,,
6.0,3.0,0.6,0.5,0.5454545454545454,75.0,0.5,0.00437636761487965,Abl: HOW-profile+z,Hog_education_Bruno,124,education,False,,,,
6.0,3.0,0.6785714285714286,0.5,0.5757575757575758,44.666666666666664,0.5,0.0173374613003096,Abl: HOW-profile+z,Hog_education_Caridad,124,education,False,,,,
6.0,4.0,0.5555555555555556,0.6666666666666666,0.606060606060606,9.25,0.6666666666666666,0.014916096954630205,Abl: HOW-profile+z,Hog_education_Luvenia,124,education,False,,,,
6.0,3.0,0.6491228070175439,0.5,0.5648854961832062,18.333333333333332,0.5,0.0390625,Abl: HOW-profile+z,Hog_office_Almeda,124,office,True,,,,
6.0,5.0,0.39285714285714285,0.8333333333333334,0.5339805825242718,44.0,0.8333333333333334,0.019410977242302542,Abl: HOW-profile+z,Hog_office_Cortney,124,office,True,,,,
6.0,6.0,0.35294117647058826,1.0,0.5217391304347826,0.6666666666666666,1.0,0.007798165137614679,Abl: HOW-profile+z,Hog_office_Denita,124,office,True,,,,
6.0,6.0,0.3877551020408163,1.0,0.5588235294117647,13.0,1.0,0.05293113261240751,Abl: HOW-profile+z,Hog_office_Garrett,124,office,True,,,,
6.0,4.0,0.6875,0.6666666666666666,0.676923076923077,6.5,0.6666666666666666,0.05496828752642706,Abl: HOW-profile+z,Hog_office_Lavon,124,office,True,,,,
6.0,3.0,0.8333333333333334,0.5,0.625,7.0,0.5,0.000727802037845706,Abl: HOW-profile+z,Hog_office_Merilyn,124,office,True,,,,
6.0,5.0,0.6,0.8333333333333334,0.6976744186046512,58.2,0.8333333333333334,0.012779552715654952,Abl: HOW-profile+z,Hog_office_Miriam,124,office,True,,,,
6.0,4.0,0.5161290322580645,0.6666666666666666,0.5818181818181819,14.25,0.6666666666666666,0.01082004555808656,Abl: HOW-profile+z,Hog_office_Napoleon,124,office,True,,,,
6.0,5.0,0.5714285714285714,0.8333333333333334,0.6779661016949152,14.6,0.8333333333333334,0.019002375296912115,Abl: HOW-profile+z,Hog_office_Shawna,124,office,True,,,,
6.0,6.0,0.9074074074074074,1.0,0.9514563106796117,19.333333333333332,1.0,0.007530120481927711,Abl: HOW-profile+z,Hog_office_Shawnna,124,office,True,,,,
6.0,6.0,0.5714285714285714,1.0,0.7272727272727273,68.5,1.0,0.01639344262295082,Abl: HOW-profile+z,Hog_office_Sherrie,124,office,True,,,,
6.0,5.0,0.9090909090909091,0.8333333333333334,0.8695652173913043,28.6,0.8333333333333334,0.0020422055820285907,Abl: HOW-profile+z,Hog_office_Shon,124,office,True,,,,
6.0,5.0,0.52,0.8333333333333334,0.6403940886699507,28.8,0.8333333333333334,0.00935672514619883,Abl: HOW-profile+z,Hog_office_Sydney,124,office,True,,,,
6.0,5.0,0.7714285714285715,0.8333333333333334,0.8011869436201781,48.2,0.8333333333333334,0.015883977900552487,Abl: HOW-profile+z,Hog_office_Valda,124,office,True,,,,
6.0,5.0,0.43243243243243246,0.8333333333333334,0.5693950177935942,3.0,0.8333333333333334,0.0264797507788162,Abl: HOW-profile+z,Lamb_education_Armando,124,education,False,,,,
6.0,5.0,0.7818181818181819,0.8333333333333334,0.8067542213883678,40.2,0.8333333333333334,0.01981833195706028,Abl: HOW-profile+z,Lamb_education_Eula,124,education,False,,,,
6.0,5.0,0.2916666666666667,0.8333333333333334,0.4320987654320988,85.6,0.8333333333333334,0.037484885126964934,Abl: HOW-profile+z,Lamb_education_Lazaro,124,education,False,,,,
6.0,6.0,0.625,1.0,0.7692307692307693,45.5,1.0,0.021834061135371178,Abl: HOW-profile+z,Lamb_education_Lucas,124,education,False,,,,
6.0,5.0,0.37777777777777777,0.8333333333333334,0.5198776758409785,7.6,0.8333333333333334,0.028021978021978023,Abl: HOW-profile+z,Lamb_education_Mae,124,education,False,,,,
,,,,,,,,Abl: HOW-profile+z,Lamb_education_Willetta,124,education,False,,,,
6.0,5.0,0.2807017543859649,0.8333333333333334,0.41994750656167973,39.8,0.8333333333333334,0.06041055718475073,Abl: HOW-profile+z,Lamb_education_Williams,124,education,False,,,,
6.0,5.0,0.5555555555555556,0.8333333333333334,0.6666666666666667,15.6,0.8333333333333334,0.040249826509368494,Abl: HOW-profile+z,Lamb_office_Caitlin,124,office,True,,,,
6.0,4.0,0.1,0.6666666666666666,0.1739130434782609,1.75,0.6666666666666666,0.04841997961264016,Abl: HOW-profile+z,Lamb_office_Velma,124,office,True,,,,
6.0,5.0,0.45614035087719296,0.8333333333333334,0.5895691609977324,23.8,0.8333333333333334,0.07211231652839821,Abl: HOW-profile+z,Rat_retail_Jeffrey,124,retail,False,,,,
6.0,4.0,0.4647887323943662,0.6666666666666666,0.5477178423236515,23.75,0.6666666666666666,0.05240174672489083,Abl: HOW-profile+z,Robin_education_Zenia,124,education,False,,,,
6.0,5.0,0.7241379310344828,0.8333333333333334,0.7749077490774907,52.6,0.8333333333333334,0.010448678549477565,Abl: HOW-profile+z,Robin_office_Dina,124,office,True,,,,
6.0,5.0,0.6571428571428571,0.8333333333333334,0.7348242811501599,14.8,0.8333333333333334,0.00776483638380477,Abl: HOW-profile+z,Robin_office_Sammie,124,office,True,,,,
6.0,5.0,0.8823529411764706,0.8333333333333334,0.8571428571428571,25.4,0.8333333333333334,0.004889975550122249,Abl: HOW-profile+z,Shrew_office_Doris,124,office,True,,,,
6.0,5.0,0.5087719298245614,0.8333333333333334,0.6318082788671026,92.2,0.8333333333333334,0.028846153846153848,Abl: HOW-profile+z,Shrew_office_Ila,124,office,True,,,,
6.0,6.0,0.7375,1.0,0.8489208633093526,5.333333333333333,1.0,0.02838283828382838,Abl: HOW-profile+z,Shrew_office_Kenneth,124,office,True,,,,
6.0,5.0,0.11666666666666667,0.8333333333333334,0.2046783625730994,2.0,0.8333333333333334,0.031264803410705824,Abl: HOW-profile+z,Shrew_office_Nora,124,office,True,,,,
6.0,4.0,0.4339622641509434,0.6666666666666666,0.5257142857142857,29.0,0.6666666666666666,0.03028391167192429,Abl: HOW-profile+z,Shrew_office_Sherill,124,office,True,,,,
6.0,6.0,0.7021276595744681,1.0,0.825,28.166666666666668,1.0,0.03903708523096942,Abl: HOW-profile+z,Wolf_office_Darleen,124,office,True,,,,
6.0,5.0,0.36904761904761907,0.8333333333333334,0.5115511551155115,13.4,0.8333333333333334,0.04154476301930954,Abl: HOW-profile+z,Wolf_retail_Harriett,124,retail,False,,,,
6.0,6.0,0.3170731707317073,1.0,0.48148148148148145,26.0,1.0,0.04986449864498645,Abl: HOW-profile+z,Wolf_retail_Marcella,124,retail,False,,,,
6.0,5.0,0.4,0.8333333333333334,0.5405405405405406,21.8,0.8333333333333334,0.04218496484586263,Abl: HOW-profile+z,Wolf_retail_Toshia,124,retail,False,,,,
6.0,3.0,0.7333333333333333,0.5,0.5945945945945945,17.666666666666668,0.5,0.009778357235984355,PatchTST-SSL(w-tuned),Fox_education_Henrietta,125,education,False,4300.389490104322,3694.9906478493317,0.451669163426534,0.16384313248732113
6.0,5.0,0.3333333333333333,0.8333333333333334,0.47619047619047616,50.8,0.8333333333333334,0.07625542467451953,PatchTST-SSL(w-tuned),Fox_retail_Manie,125,retail,False,9450.169541394736,9155.738379378796,0.7007348797390286,0.03215810127111969
6.0,5.0,0.8666666666666667,0.8333333333333334,0.8496732026143791,12.0,0.8333333333333334,0.004281345565749235,PatchTST-SSL(w-tuned),Hog_education_Bruno,125,education,False,35997.84298509346,31479.852552345856,12.899300092620981,0.14352006335591713
6.0,4.0,0.5,0.6666666666666666,0.5714285714285715,25.75,0.6666666666666666,0.02110279101429544,PatchTST-SSL(w-tuned),Hog_education_Caridad,125,education,False,55759.05523945698,85136.90640907052,0.38313367551556826,0.34506599321870135
6.0,5.0,0.9473684210526315,0.8333333333333334,0.8866995073891626,7.8,0.8333333333333334,0.0005701254275940707,PatchTST-SSL(w-tuned),Hog_education_Luvenia,125,education,False,63689.75595461348,57301.60804579975,0.26156180728167805,0.11148287328529838
6.0,4.0,0.84375,0.6666666666666666,0.7448275862068966,4.25,0.6666666666666666,0.006688963210702341,PatchTST-SSL(w-tuned),Hog_office_Almeda,125,office,True,8940.08601914049,4337.220297571744,0.943924169447456,1.0612478513359647
6.0,4.0,1.0,0.6666666666666666,0.8,10.75,0.6666666666666666,0.0,PatchTST-SSL(w-tuned),Hog_office_Cortney,125,office,True,11748.244993641343,7041.146683197066,42.16161252423453,0.6685130309353245
6.0,5.0,0.8823529411764706,0.8333333333333334,0.8571428571428571,15.4,0.8333333333333334,0.0010314595152140279,PatchTST-SSL(w-tuned),Hog_office_Denita,125,office,True,8113.724318877799,8319.749503782794,0.07567255118218041,0.024763387985578148
6.0,5.0,0.68,0.8333333333333334,0.748898678414097,23.0,0.8333333333333334,0.007202216066481994,PatchTST-SSL(w-tuned),Hog_office_Garrett,125,office,True,42776.33014516445,68276.98973603806,0.37332853543091055,0.37348834050036933
6.0,2.0,0.2857142857142857,0.3333333333333333,0.30769230769230765,1.5,0.3333333333333333,0.016294508147254073,PatchTST-SSL(w-tuned),Hog_office_Lavon,125,office,True,20967.39568815792,28205.801421711414,0.31169543322238286,0.2566282597445265
6.0,5.0,0.75,0.8333333333333334,0.7894736842105262,15.8,0.8333333333333334,0.0009799118079372856,PatchTST-SSL(w-tuned),Hog_office_Merilyn,125,office,True,347.3900094650832,223.9682659583033,0.8815353334963231,0.5510679960783267
6.0,5.0,0.9142857142857143,0.8333333333333334,0.8719346049046321,47.2,0.8333333333333334,0.002178649237472767,PatchTST-SSL(w-tuned),Hog_office_Miriam,125,office,True,4449.319043744802,4952.39762782504,0.13766747469802101,0.10158283358623948
6.0,3.0,0.75,0.5,0.6,1.6666666666666667,0.5,0.0005787037037037037,PatchTST-SSL(w-tuned),Hog_office_Napoleon,125,office,True,8728.059223290664,4053.084496278672,131.49890200125648,1.153436285699029
6.0,5.0,0.7142857142857143,0.8333333333333334,0.7692307692307692,23.2,0.8333333333333334,0.0015991471215351812,PatchTST-SSL(w-tuned),Hog_office_Shawna,125,office,True,13643.700729429207,10064.748618129255,0.3699749380004727,0.355592796908342
6.0,5.0,0.45,0.8333333333333334,0.5844155844155844,20.4,0.8333333333333334,0.01552967276760954,PatchTST-SSL(w-tuned),Hog_office_Shawnna,125,office,True,11525.610139529828,5702.316601369376,1.759059355729616,1.0212154016074841
6.0,4.0,0.5,0.6666666666666666,0.5714285714285715,35.5,0.6666666666666666,0.011402508551881414,PatchTST-SSL(w-tuned),Hog_office_Sherrie,125,office,True,3804.1603648882992,1861.3228985736177,7.486485229304364,1.0437938886388443
6.0,4.0,0.972972972972973,0.6666666666666666,0.7912087912087912,60.75,0.6666666666666666,0.0007955449482895784,PatchTST-SSL(w-tuned),Hog_office_Shon,125,office,True,39479.35203281407,38584.6731595557,0.08033296824394669,0.02318741614212175
6.0,5.0,0.5,0.8333333333333334,0.625,14.8,0.8333333333333334,0.022857142857142857,PatchTST-SSL(w-tuned),Hog_office_Sydney,125,office,True,31294.22512480719,36208.74372073834,0.10886184349102583,0.13572739871437153
6.0,5.0,0.88,0.8333333333333334,0.8560311284046693,16.8,0.8333333333333334,0.001948051948051948,PatchTST-SSL(w-tuned),Hog_office_Valda,125,office,True,5740.635978903976,4370.366337318555,0.21434176667602722,0.3135365632589399
6.0,4.0,1.0,0.6666666666666666,0.8,29.0,0.6666666666666666,0.0,PatchTST-SSL(w-tuned),Lamb_education_Armando,125,education,False,10231.300343420684,6423.818931766165,0.7339731040873096,0.5927130655607831
6.0,4.0,0.4482758620689655,0.6666666666666666,0.536082474226804,11.0,0.6666666666666666,0.01015228426395939,PatchTST-SSL(w-tuned),Lamb_education_Eula,125,education,False,322.5307987586431,152.55021472214582,0.4773684518220033,1.1142598805652224
6.0,2.0,0.5,0.3333333333333333,0.4,13.0,0.3333333333333333,0.03524229074889868,PatchTST-SSL(w-tuned),Lamb_education_Lazaro,125,education,False,4816.572067126443,3560.667444770663,0.9241879929989946,0.35271606850009274
6.0,5.0,0.5555555555555556,0.8333333333333334,0.6666666666666667,43.2,0.8333333333333334,0.011860637509266123,PatchTST-SSL(w-tuned),Lamb_education_Lucas,125,education,False,2057.055508659383,888.1822435421024,1.970652138431995,1.3160286344565646
6.0,6.0,0.44,1.0,0.6111111111111112,25.166666666666668,1.0,0.01596351197263398,PatchTST-SSL(w-tuned),Lamb_education_Mae,125,education,False,10318.983409886307,5651.747395291096,42.49481696250047,0.8258040722916673
,,,,,,,,PatchTST-SSL(w-tuned),Lamb_education_Willetta,125,education,False,0.0,0.0,,0.0
6.0,3.0,0.3333333333333333,0.5,0.4,42.0,0.5,0.017391304347826087,PatchTST-SSL(w-tuned),Lamb_education_Williams,125,education,False,6710.708037766769,3993.9243071204255,0.9833537038425947,0.6802291485101063
6.0,4.0,0.16666666666666666,0.6666666666666666,0.26666666666666666,24.75,0.6666666666666666,0.10356933879461673,PatchTST-SSL(w-tuned),Lamb_office_Caitlin,125,office,True,348.6196269881855,1485.8833082739716,1.2237978823012006,0.765378865859158
6.0,4.0,0.7916666666666666,0.6666666666666666,0.7238095238095237,106.25,0.6666666666666666,0.01076158940397351,PatchTST-SSL(w-tuned),Lamb_office_Velma,125,office,True,47411.760624684495,40802.928400161436,0.9388724989235143,0.16196955668742913
6.0,6.0,0.425531914893617,1.0,0.5970149253731344,2.5,1.0,0.04797687861271676,PatchTST-SSL(w-tuned),Rat_retail_Jeffrey,125,retail,False,3966.942550355513,5272.353145253515,0.37041866044440735,0.24759543963272077
6.0,6.0,0.375,1.0,0.5454545454545454,36.0,1.0,0.03547400611620795,PatchTST-SSL(w-tuned),Robin_education_Zenia,125,education,False,39700.038242023744,11586.30055131238,2.3443864030575132,2.426463698762494
6.0,5.0,0.8333333333333334,0.8333333333333334,0.8333333333333334,13.0,0.8333333333333334,0.0022484541877459247,PatchTST-SSL(w-tuned),Robin_office_Dina,125,office,True,4305.566787386764,3980.517788624134,0.17661230256865545,0.08165997893328932
6.0,2.0,0.9130434782608695,0.3333333333333333,0.48837209302325574,53.5,0.3333333333333333,0.002008032128514056,PatchTST-SSL(w-tuned),Robin_office_Sammie,125,office,True,31587.436686913432,39039.89350001495,0.2924493517688033,0.1908933694478102
6.0,5.0,0.8571428571428571,0.8333333333333334,0.8450704225352113,33.2,0.8333333333333334,0.001693002257336343,PatchTST-SSL(w-tuned),Shrew_office_Doris,125,office,True,23257.028440161663,27814.793941622735,0.1482352341796166,0.16386119958417958
6.0,5.0,0.8888888888888888,0.8333333333333334,0.8602150537634408,89.8,0.8333333333333334,0.002390438247011952,PatchTST-SSL(w-tuned),Shrew_office_Ila,125,office,True,35017.59883392889,34838.371833330086,1.317837591882057,0.005144528609323109
6.0,5.0,0.3333333333333333,0.8333333333333334,0.47619047619047616,2.6,0.8333333333333334,0.0091792656587473,PatchTST-SSL(w-tuned),Shrew_office_Kenneth,125,office,True,1859.0628240242077,3764.3168924736374,0.3539154958787753,0.5061354085939971
6.0,6.0,0.8235294117647058,1.0,0.9032258064516129,32.833333333333336,1.0,0.0036809815950920245,PatchTST-SSL(w-tuned),Shrew_office_Nora,125,office,True,15271.35643571943,18869.674641874823,0.33737036396457687,0.19069317698621838
6.0,5.0,0.6923076923076923,0.8333333333333334,0.7563025210084034,25.4,0.8333333333333334,0.009495982468955442,PatchTST-SSL(w-tuned),Shrew_office_Sherill,125,office,True,30923.47202359052,38173.23720263379,0.16955431225801496,0.18991748435060857
6.0,3.0,0.7647058823529411,0.5,0.6046511627906976,19.666666666666668,0.5,0.004819277108433735,PatchTST-SSL(w-tuned),Wolf_office_Darleen,125,office,True,5277.472615333861,6133.110195241102,0.2565833126997377,0.13951120274525
6.0,5.0,0.6666666666666666,0.8333333333333334,0.7407407407407408,13.4,0.8333333333333334,0.004160166406656267,PatchTST-SSL(w-tuned),Wolf_retail_Harriett,125,retail,False,4496.63412353736,3832.8535001567175,0.29678699453394536,0.17318184046259585
6.0,3.0,0.4117647058823529,0.5,0.45161290322580644,66.0,0.5,0.015272727272727273,PatchTST-SSL(w-tuned),Wolf_retail_Marcella,125,retail,False,1173.1799530200828,1198.7522063529384,1.2522355960403073,0.021332393131234438
6.0,4.0,0.6,0.6666666666666666,0.631578947368421,114.0,0.6666666666666666,0.00554016620498615,PatchTST-SSL(w-tuned),Wolf_retail_Toshia,125,retail,False,10783.985500138442,10746.240803187698,0.4869287639300364,0.00351236284781068
6.0,3.0,0.7222222222222222,0.5,0.5909090909090908,17.333333333333332,0.5,0.011734028683181226,PatchTST-SSL(w=0.5 fixed),Fox_education_Henrietta,125,education,False,,,,
6.0,5.0,0.2857142857142857,0.8333333333333334,0.42553191489361697,50.8,0.8333333333333334,0.07749535027898326,PatchTST-SSL(w=0.5 fixed),Fox_retail_Manie,125,retail,False,,,,
6.0,5.0,0.8214285714285714,0.8333333333333334,0.827338129496403,11.8,0.8333333333333334,0.0061162079510703364,PatchTST-SSL(w=0.5 fixed),Hog_education_Bruno,125,education,False,,,,
6.0,4.0,0.6666666666666666,0.6666666666666666,0.6666666666666666,20.75,0.6666666666666666,0.008168822328114363,PatchTST-SSL(w=0.5 fixed),Hog_education_Caridad,125,education,False,,,,
6.0,4.0,0.3684210526315789,0.6666666666666666,0.4745762711864407,9.0,0.6666666666666666,0.10490307867730901,PatchTST-SSL(w=0.5 fixed),Hog_education_Luvenia,125,education,False,,,,
6.0,3.0,0.8333333333333334,0.5,0.625,11.0,0.5,0.0026755852842809363,PatchTST-SSL(w=0.5 fixed),Hog_office_Almeda,125,office,True,,,,
6.0,5.0,0.8571428571428571,0.8333333333333334,0.8450704225352113,10.6,0.8333333333333334,0.004807692307692308,PatchTST-SSL(w=0.5 fixed),Hog_office_Cortney,125,office,True,,,,
6.0,5.0,0.6818181818181818,0.8333333333333334,0.7499999999999999,15.4,0.8333333333333334,0.09798865394533264,PatchTST-SSL(w=0.5 fixed),Hog_office_Denita,125,office,True,,,,
6.0,5.0,0.4857142857142857,0.8333333333333334,0.6137184115523466,23.2,0.8333333333333334,0.04764542936288089,PatchTST-SSL(w=0.5 fixed),Hog_office_Garrett,125,office,True,,,,
6.0,3.0,0.25,0.5,0.3333333333333333,26.666666666666668,0.5,0.01931200965600483,PatchTST-SSL(w=0.5 fixed),Hog_office_Lavon,125,office,True,,,,
6.0,5.0,0.3333333333333333,0.8333333333333334,0.47619047619047616,15.6,0.8333333333333334,0.019598236158745713,PatchTST-SSL(w=0.5 fixed),Hog_office_Merilyn,125,office,True,,,,
6.0,4.0,0.35,0.6666666666666666,0.4590163934426229,77.75,0.6666666666666666,0.12418300653594772,PatchTST-SSL(w=0.5 fixed),Hog_office_Miriam,125,office,True,,,,
6.0,4.0,0.25,0.6666666666666666,0.36363636363636365,47.75,0.6666666666666666,0.008680555555555556,PatchTST-SSL(w=0.5 fixed),Hog_office_Napoleon,125,office,True,,,,
6.0,5.0,0.5,0.8333333333333334,0.625,23.2,0.8333333333333334,0.011194029850746268,PatchTST-SSL(w=0.5 fixed),Hog_office_Shawna,125,office,True,,,,
6.0,4.0,0.2903225806451613,0.6666666666666666,0.4044943820224719,18.5,0.6666666666666666,0.13976705490848584,PatchTST-SSL(w=0.5 fixed),Hog_office_Shawnna,125,office,True,,,,
6.0,5.0,0.48148148148148145,0.8333333333333334,0.6103286384976525,44.6,0.8333333333333334,0.010262257696693273,PatchTST-SSL(w=0.5 fixed),Hog_office_Sherrie,125,office,True,,,,
6.0,4.0,0.9714285714285714,0.6666666666666666,0.7906976744186046,60.75,0.6666666666666666,0.0007955449482895784,PatchTST-SSL(w=0.5 fixed),Hog_office_Shon,125,office,True,,,,
6.0,5.0,0.72,0.8333333333333334,0.7725321888412018,15.0,0.8333333333333334,0.006857142857142857,PatchTST-SSL(w=0.5 fixed),Hog_office_Sydney,125,office,True,,,,
6.0,5.0,0.625,0.8333333333333334,0.7142857142857143,21.0,0.8333333333333334,0.07532467532467532,PatchTST-SSL(w=0.5 fixed),Hog_office_Valda,125,office,True,,,,
6.0,4.0,1.0,0.6666666666666666,0.8,29.0,0.6666666666666666,0.0,PatchTST-SSL(w=0.5 fixed),Lamb_education_Armando,125,education,False,,,,
6.0,3.0,0.5263157894736842,0.5,0.5128205128205129,6.333333333333333,0.5,0.005583756345177665,PatchTST-SSL(w=0.5 fixed),Lamb_education_Eula,125,education,False,,,,
6.0,3.0,0.42857142857142855,0.5,0.4615384615384615,48.333333333333336,0.5,0.07426054122089365,PatchTST-SSL(w=0.5 fixed),Lamb_education_Lazaro,125,education,False,,,,
6.0,6.0,0.4666666666666667,1.0,0.6363636363636364,54.333333333333336,1.0,0.09710896960711639,PatchTST-SSL(w=0.5 fixed),Lamb_education_Lucas,125,education,False,,,,
6.0,5.0,0.38095238095238093,0.8333333333333334,0.522875816993464,39.8,0.8333333333333334,0.01596351197263398,PatchTST-SSL(w=0.5 fixed),Lamb_education_Mae,125,education,False,,,,
,,,,,,,,PatchTST-SSL(w=0.5 fixed),Lamb_education_Willetta,125,education,False,,,,
6.0,5.0,0.5714285714285714,0.8333333333333334,0.6779661016949152,59.8,0.8333333333333334,0.03678929765886288,PatchTST-SSL(w=0.5 fixed),Lamb_education_Williams,125,education,False,,,,
6.0,3.0,0.46153846153846156,0.5,0.48000000000000004,47.333333333333336,0.5,0.0497366881217086,PatchTST-SSL(w=0.5 fixed),Lamb_office_Caitlin,125,office,True,,,,
6.0,2.0,0.5714285714285714,0.3333333333333333,0.4210526315789474,156.5,0.3333333333333333,0.005794701986754967,PatchTST-SSL(w=0.5 fixed),Lamb_office_Velma,125,office,True,,,,
6.0,6.0,0.5,1.0,0.6666666666666666,2.3333333333333335,1.0,0.03699421965317919,PatchTST-SSL(w=0.5 fixed),Rat_retail_Jeffrey,125,retail,False,,,,
6.0,3.0,0.375,0.5,0.42857142857142855,1.3333333333333333,0.5,0.005504587155963303,PatchTST-SSL(w=0.5 fixed),Robin_education_Zenia,125,education,False,,,,
6.0,5.0,0.5625,0.8333333333333334,0.6716417910447761,12.6,0.8333333333333334,0.0983698707138842,PatchTST-SSL(w=0.5 fixed),Robin_office_Dina,125,office,True,,,,
6.0,3.0,1.0,0.5,0.6666666666666666,125.0,0.5,0.0,PatchTST-SSL(w=0.5 fixed),Robin_office_Sammie,125,office,True,,,,
6.0,5.0,0.47058823529411764,0.8333333333333334,0.6015037593984962,20.2,0.8333333333333334,0.11963882618510158,PatchTST-SSL(w=0.5 fixed),Shrew_office_Doris,125,office,True,,,,
6.0,4.0,0.8235294117647058,0.6666666666666666,0.7368421052631577,100.25,0.6666666666666666,0.016733067729083666,PatchTST-SSL(w=0.5 fixed),Shrew_office_Ila,125,office,True,,,,
6.0,5.0,0.875,0.8333333333333334,0.8536585365853658,22.8,0.8333333333333334,0.0016198704103671706,PatchTST-SSL(w=0.5 fixed),Shrew_office_Kenneth,125,office,True,,,,
6.0,6.0,0.5333333333333333,1.0,0.6956521739130436,32.833333333333336,1.0,0.023312883435582823,PatchTST-SSL(w=0.5 fixed),Shrew_office_Nora,125,office,True,,,,
6.0,6.0,0.7058823529411765,1.0,0.8275862068965517,76.83333333333333,1.0,0.06720233747260775,PatchTST-SSL(w=0.5 fixed),Shrew_office_Sherill,125,office,True,,,,
6.0,4.0,0.6666666666666666,0.6666666666666666,0.6666666666666666,33.5,0.6666666666666666,0.13614457831325302,PatchTST-SSL(w=0.5 fixed),Wolf_office_Darleen,125,office,True,,,,
6.0,5.0,0.23809523809523808,0.8333333333333334,0.37037037037037035,17.8,0.8333333333333334,0.1393655746229849,PatchTST-SSL(w=0.5 fixed),Wolf_retail_Harriett,125,retail,False,,,,
6.0,2.0,0.5,0.3333333333333333,0.4,57.0,0.3333333333333333,0.005818181818181818,PatchTST-SSL(w=0.5 fixed),Wolf_retail_Marcella,125,retail,False,,,,
6.0,4.0,0.625,0.6666666666666666,0.6451612903225806,112.25,0.6666666666666666,0.14127423822714683,PatchTST-SSL(w=0.5 fixed),Wolf_retail_Toshia,125,retail,False,,,,
6.0,3.0,0.7333333333333333,0.5,0.5945945945945945,17.666666666666668,0.5,0.009778357235984355,Abl: short-only,Fox_education_Henrietta,125,education,False,,,,
6.0,5.0,0.3333333333333333,0.8333333333333334,0.47619047619047616,50.8,0.8333333333333334,0.07625542467451953,Abl: short-only,Fox_retail_Manie,125,retail,False,,,,
6.0,5.0,0.8666666666666667,0.8333333333333334,0.8496732026143791,12.0,0.8333333333333334,0.004281345565749235,Abl: short-only,Hog_education_Bruno,125,education,False,,,,
6.0,4.0,0.5,0.6666666666666666,0.5714285714285715,25.75,0.6666666666666666,0.02110279101429544,Abl: short-only,Hog_education_Caridad,125,education,False,,,,
6.0,5.0,0.9473684210526315,0.8333333333333334,0.8866995073891626,7.8,0.8333333333333334,0.0005701254275940707,Abl: short-only,Hog_education_Luvenia,125,education,False,,,,
6.0,4.0,0.84375,0.6666666666666666,0.7448275862068966,4.25,0.6666666666666666,0.006688963210702341,Abl: short-only,Hog_office_Almeda,125,office,True,,,,
6.0,4.0,1.0,0.6666666666666666,0.8,10.75,0.6666666666666666,0.0,Abl: short-only,Hog_office_Cortney,125,office,True,,,,
6.0,5.0,0.8823529411764706,0.8333333333333334,0.8571428571428571,15.4,0.8333333333333334,0.0010314595152140279,Abl: short-only,Hog_office_Denita,125,office,True,,,,
6.0,5.0,0.68,0.8333333333333334,0.748898678414097,23.0,0.8333333333333334,0.007202216066481994,Abl: short-only,Hog_office_Garrett,125,office,True,,,,
6.0,2.0,0.2857142857142857,0.3333333333333333,0.30769230769230765,1.5,0.3333333333333333,0.016294508147254073,Abl: short-only,Hog_office_Lavon,125,office,True,,,,
6.0,5.0,0.75,0.8333333333333334,0.7894736842105262,15.8,0.8333333333333334,0.0009799118079372856,Abl: short-only,Hog_office_Merilyn,125,office,True,,,,
6.0,5.0,0.9142857142857143,0.8333333333333334,0.8719346049046321,47.2,0.8333333333333334,0.002178649237472767,Abl: short-only,Hog_office_Miriam,125,office,True,,,,
6.0,3.0,0.75,0.5,0.6,1.6666666666666667,0.5,0.0005787037037037037,Abl: short-only,Hog_office_Napoleon,125,office,True,,,,
6.0,5.0,0.7142857142857143,0.8333333333333334,0.7692307692307692,23.2,0.8333333333333334,0.0015991471215351812,Abl: short-only,Hog_office_Shawna,125,office,True,,,,
6.0,5.0,0.45,0.8333333333333334,0.5844155844155844,20.4,0.8333333333333334,0.01552967276760954,Abl: short-only,Hog_office_Shawnna,125,office,True,,,,
6.0,4.0,0.5,0.6666666666666666,0.5714285714285715,35.5,0.6666666666666666,0.011402508551881414,Abl: short-only,Hog_office_Sherrie,125,office,True,,,,
6.0,4.0,0.972972972972973,0.6666666666666666,0.7912087912087912,60.75,0.6666666666666666,0.0007955449482895784,Abl: short-only,Hog_office_Shon,125,office,True,,,,
6.0,5.0,0.5,0.8333333333333334,0.625,14.8,0.8333333333333334,0.022857142857142857,Abl: short-only,Hog_office_Sydney,125,office,True,,,,
6.0,5.0,0.88,0.8333333333333334,0.8560311284046693,16.8,0.8333333333333334,0.001948051948051948,Abl: short-only,Hog_office_Valda,125,office,True,,,,
6.0,4.0,1.0,0.6666666666666666,0.8,29.0,0.6666666666666666,0.0,Abl: short-only,Lamb_education_Armando,125,education,False,,,,
6.0,4.0,0.4482758620689655,0.6666666666666666,0.536082474226804,11.0,0.6666666666666666,0.01015228426395939,Abl: short-only,Lamb_education_Eula,125,education,False,,,,
6.0,2.0,0.5,0.3333333333333333,0.4,13.0,0.3333333333333333,0.03524229074889868,Abl: short-only,Lamb_education_Lazaro,125,education,False,,,,
6.0,5.0,0.5555555555555556,0.8333333333333334,0.6666666666666667,43.2,0.8333333333333334,0.011860637509266123,Abl: short-only,Lamb_education_Lucas,125,education,False,,,,
6.0,6.0,0.44,1.0,0.6111111111111112,25.166666666666668,1.0,0.01596351197263398,Abl: short-only,Lamb_education_Mae,125,education,False,,,,
,,,,,,,,Abl: short-only,Lamb_education_Willetta,125,education,False,,,,
6.0,3.0,0.3333333333333333,0.5,0.4,42.0,0.5,0.017391304347826087,Abl: short-only,Lamb_education_Williams,125,education,False,,,,
6.0,4.0,0.16666666666666666,0.6666666666666666,0.26666666666666666,24.75,0.6666666666666666,0.10356933879461673,Abl: short-only,Lamb_office_Caitlin,125,office,True,,,,
6.0,4.0,0.7916666666666666,0.6666666666666666,0.7238095238095237,106.25,0.6666666666666666,0.01076158940397351,Abl: short-only,Lamb_office_Velma,125,office,True,,,,
6.0,6.0,0.425531914893617,1.0,0.5970149253731344,2.5,1.0,0.04797687861271676,Abl: short-only,Rat_retail_Jeffrey,125,retail,False,,,,
6.0,6.0,0.375,1.0,0.5454545454545454,36.0,1.0,0.03547400611620795,Abl: short-only,Robin_education_Zenia,125,education,False,,,,
6.0,5.0,0.8333333333333334,0.8333333333333334,0.8333333333333334,13.0,0.8333333333333334,0.0022484541877459247,Abl: short-only,Robin_office_Dina,125,office,True,,,,
6.0,2.0,0.9130434782608695,0.3333333333333333,0.48837209302325574,53.5,0.3333333333333333,0.002008032128514056,Abl: short-only,Robin_office_Sammie,125,office,True,,,,
6.0,5.0,0.8571428571428571,0.8333333333333334,0.8450704225352113,33.2,0.8333333333333334,0.001693002257336343,Abl: short-only,Shrew_office_Doris,125,office,True,,,,
6.0,5.0,0.8888888888888888,0.8333333333333334,0.8602150537634408,89.8,0.8333333333333334,0.002390438247011952,Abl: short-only,Shrew_office_Ila,125,office,True,,,,
6.0,5.0,0.3333333333333333,0.8333333333333334,0.47619047619047616,2.6,0.8333333333333334,0.0091792656587473,Abl: short-only,Shrew_office_Kenneth,125,office,True,,,,
6.0,6.0,0.8235294117647058,1.0,0.9032258064516129,32.833333333333336,1.0,0.0036809815950920245,Abl: short-only,Shrew_office_Nora,125,office,True,,,,
6.0,5.0,0.6923076923076923,0.8333333333333334,0.7563025210084034,25.4,0.8333333333333334,0.009495982468955442,Abl: short-only,Shrew_office_Sherill,125,office,True,,,,
6.0,3.0,0.7647058823529411,0.5,0.6046511627906976,19.666666666666668,0.5,0.004819277108433735,Abl: short-only,Wolf_office_Darleen,125,office,True,,,,
6.0,5.0,0.6666666666666666,0.8333333333333334,0.7407407407407408,13.4,0.8333333333333334,0.004160166406656267,Abl: short-only,Wolf_retail_Harriett,125,retail,False,,,,
6.0,3.0,0.4117647058823529,0.5,0.45161290322580644,66.0,0.5,0.015272727272727273,Abl: short-only,Wolf_retail_Marcella,125,retail,False,,,,
6.0,4.0,0.6,0.6666666666666666,0.631578947368421,114.0,0.6666666666666666,0.00554016620498615,Abl: short-only,Wolf_retail_Toshia,125,retail,False,,,,
6.0,1.0,0.3333333333333333,0.16666666666666666,0.2222222222222222,116.0,0.16666666666666666,0.14602346805736635,Abl: long-only,Fox_education_Henrietta,125,education,False,,,,
6.0,2.0,0.6666666666666666,0.3333333333333333,0.4444444444444444,91.5,0.3333333333333333,0.27464352138871667,Abl: long-only,Fox_retail_Manie,125,retail,False,,,,
6.0,2.0,1.0,0.3333333333333333,0.5,143.5,0.3333333333333333,0.022018348623853212,Abl: long-only,Hog_education_Bruno,125,education,False,,,,
6.0,1.0,1.0,0.16666666666666666,0.2857142857142857,100.0,0.16666666666666666,0.018379850238257316,Abl: long-only,Hog_education_Caridad,125,education,False,,,,
6.0,2.0,0.8333333333333334,0.3333333333333333,0.47619047619047616,29.5,0.3333333333333333,0.1630558722919042,Abl: long-only,Hog_education_Luvenia,125,education,False,,,,
6.0,1.0,1.0,0.16666666666666666,0.2857142857142857,0.0,0.16666666666666666,0.06354515050167224,Abl: long-only,Hog_office_Almeda,125,office,True,,,,
6.0,2.0,0.6666666666666666,0.3333333333333333,0.4444444444444444,0.0,0.3333333333333333,0.16286057692307693,Abl: long-only,Hog_office_Cortney,125,office,True,,,,
6.0,2.0,0.6666666666666666,0.3333333333333333,0.4444444444444444,111.0,0.3333333333333333,0.3223310985043837,Abl: long-only,Hog_office_Denita,125,office,True,,,,
6.0,1.0,0.25,0.16666666666666666,0.2,0.0,0.16666666666666666,0.21939058171745152,Abl: long-only,Hog_office_Garrett,125,office,True,,,,
6.0,1.0,0.3333333333333333,0.16666666666666666,0.2222222222222222,0.0,0.16666666666666666,0.09837054918527459,Abl: long-only,Hog_office_Lavon,125,office,True,,,,
6.0,2.0,0.5,0.3333333333333333,0.4,0.0,0.3333333333333333,0.13816756491915727,Abl: long-only,Hog_office_Merilyn,125,office,True,,,,
6.0,1.0,0.5,0.16666666666666666,0.25,152.0,0.16666666666666666,0.24981844589687727,Abl: long-only,Hog_office_Miriam,125,office,True,,,,
6.0,2.0,0.6666666666666666,0.3333333333333333,0.4444444444444444,0.0,0.3333333333333333,0.25925925925925924,Abl: long-only,Hog_office_Napoleon,125,office,True,,,,
6.0,0.0,0.0,0.0,0.0,,0.0,0.10181236673773987,Abl: long-only,Hog_office_Shawna,125,office,True,,,,
6.0,2.0,0.3333333333333333,0.3333333333333333,0.3333333333333333,0.0,0.3333333333333333,0.2762063227953411,Abl: long-only,Hog_office_Shawnna,125,office,True,,,,
6.0,1.0,0.5,0.16666666666666666,0.25,0.0,0.16666666666666666,0.1225769669327252,Abl: long-only,Hog_office_Sherrie,125,office,True,,,,
6.0,1.0,0.3333333333333333,0.16666666666666666,0.2222222222222222,0.0,0.16666666666666666,0.2649164677804296,Abl: long-only,Hog_office_Shon,125,office,True,,,,
6.0,1.0,1.0,0.16666666666666666,0.2857142857142857,0.0,0.16666666666666666,0.12171428571428572,Abl: long-only,Hog_office_Sydney,125,office,True,,,,
6.0,1.0,0.5,0.16666666666666666,0.25,117.0,0.16666666666666666,0.19935064935064936,Abl: long-only,Hog_office_Valda,125,office,True,,,,
6.0,0.0,0.0,0.0,0.0,,0.0,0.0,Abl: long-only,Lamb_education_Armando,125,education,False,,,,
6.0,0.0,0.0,0.0,0.0,,0.0,0.011675126903553299,Abl: long-only,Lamb_education_Eula,125,education,False,,,,
6.0,2.0,1.0,0.3333333333333333,0.5,86.0,0.3333333333333333,0.08999370673379484,Abl: long-only,Lamb_education_Lazaro,125,education,False,,,,
6.0,3.0,0.6,0.5,0.5454545454545454,10.0,0.5,0.21868050407709413,Abl: long-only,Lamb_education_Lucas,125,education,False,,,,
6.0,0.0,0.0,0.0,0.0,,0.0,0.06841505131128849,Abl: long-only,Lamb_education_Mae,125,education,False,,,,
,,,,,,,,Abl: long-only,Lamb_education_Willetta,125,education,False,,,,
6.0,1.0,1.0,0.16666666666666666,0.2857142857142857,28.0,0.16666666666666666,0.03411371237458194,Abl: long-only,Lamb_education_Williams,125,education,False,,,,
6.0,1.0,1.0,0.16666666666666666,0.2857142857142857,0.0,0.16666666666666666,0.06260971328262141,Abl: long-only,Lamb_office_Caitlin,125,office,True,,,,
6.0,2.0,0.6666666666666666,0.3333333333333333,0.4444444444444444,207.5,0.3333333333333333,0.09602649006622517,Abl: long-only,Lamb_office_Velma,125,office,True,,,,
6.0,2.0,0.4,0.3333333333333333,0.3636363636363636,0.0,0.3333333333333333,0.1092485549132948,Abl: long-only,Rat_retail_Jeffrey,125,retail,False,,,,
6.0,0.0,0.0,0.0,0.0,,0.0,0.0,Abl: long-only,Robin_education_Zenia,125,education,False,,,,
6.0,1.0,0.5,0.16666666666666666,0.25,0.0,0.16666666666666666,0.18718381112984822,Abl: long-only,Robin_office_Dina,125,office,True,,,,
6.0,2.0,1.0,0.3333333333333333,0.5,0.0,0.3333333333333333,0.07630522088353414,Abl: long-only,Robin_office_Sammie,125,office,True,,,,
6.0,2.0,0.5,0.3333333333333333,0.4,0.0,0.3333333333333333,0.2652370203160271,Abl: long-only,Shrew_office_Doris,125,office,True,,,,
6.0,1.0,0.5,0.16666666666666666,0.25,83.0,0.16666666666666666,0.14103585657370518,Abl: long-only,Shrew_office_Ila,125,office,True,,,,
6.0,0.0,0.0,0.0,0.0,,0.0,0.0,Abl: long-only,Shrew_office_Kenneth,125,office,True,,,,
6.0,2.0,0.75,0.3333333333333333,0.46153846153846156,18.0,0.3333333333333333,0.14539877300613496,Abl: long-only,Shrew_office_Nora,125,office,True,,,,
6.0,2.0,0.6666666666666666,0.3333333333333333,0.4444444444444444,83.0,0.3333333333333333,0.06281957633308985,Abl: long-only,Shrew_office_Sherill,125,office,True,,,,
6.0,2.0,0.3333333333333333,0.3333333333333333,0.3333333333333333,6.0,0.3333333333333333,0.29518072289156627,Abl: long-only,Wolf_office_Darleen,125,office,True,,,,
6.0,2.0,0.6666666666666666,0.3333333333333333,0.4444444444444444,0.0,0.3333333333333333,0.2423296931877275,Abl: long-only,Wolf_retail_Harriett,125,retail,False,,,,
6.0,1.0,1.0,0.16666666666666666,0.2857142857142857,0.0,0.16666666666666666,0.027636363636363636,Abl: long-only,Wolf_retail_Marcella,125,retail,False,,,,
6.0,3.0,0.5,0.5,0.5,58.0,0.5,0.23684210526315788,Abl: long-only,Wolf_retail_Toshia,125,retail,False,,,,
6.0,0.0,0.0,0.0,0.0,,0.0,0.000651890482398957,Abl: global-MAD short,Fox_education_Henrietta,125,education,False,,,,
6.0,4.0,0.2222222222222222,0.6666666666666666,0.3333333333333333,48.75,0.6666666666666666,0.02851828890266584,Abl: global-MAD short,Fox_retail_Manie,125,retail,False,,,,
6.0,4.0,0.9230769230769231,0.6666666666666666,0.7741935483870968,30.25,0.6666666666666666,0.0006116207951070336,Abl: global-MAD short,Hog_education_Bruno,125,education,False,,,,
6.0,1.0,0.5,0.16666666666666666,0.25,3.0,0.16666666666666666,0.0006807351940095302,Abl: global-MAD short,Hog_education_Caridad,125,education,False,,,,
6.0,4.0,0.9,0.6666666666666666,0.7659574468085106,12.5,0.6666666666666666,0.002280501710376283,Abl: global-MAD short,Hog_education_Luvenia,125,education,False,,,,
6.0,5.0,0.48717948717948717,0.8333333333333334,0.6148867313915858,19.4,0.8333333333333334,0.026755852842809364,Abl: global-MAD short,Hog_office_Almeda,125,office,True,,,,
6.0,3.0,0.6,0.5,0.5454545454545454,21.0,0.5,0.001201923076923077,Abl: global-MAD short,Hog_office_Cortney,125,office,True,,,,
6.0,5.0,0.5263157894736842,0.8333333333333334,0.6451612903225806,3.2,0.8333333333333334,0.01186178442496132,Abl: global-MAD short,Hog_office_Denita,125,office,True,,,,
6.0,4.0,1.0,0.6666666666666666,0.8,26.75,0.6666666666666666,0.0,Abl: global-MAD short,Hog_office_Garrett,125,office,True,,,,
6.0,2.0,0.6666666666666666,0.3333333333333333,0.4444444444444444,2.0,0.3333333333333333,0.005431502715751358,Abl: global-MAD short,Hog_office_Lavon,125,office,True,,,,
6.0,4.0,0.8,0.6666666666666666,0.7272727272727272,1.25,0.6666666666666666,0.0004899559039686428,Abl: global-MAD short,Hog_office_Merilyn,125,office,True,,,,
6.0,6.0,0.7142857142857143,1.0,0.8333333333333333,73.83333333333333,1.0,0.007988380537400145,Abl: global-MAD short,Hog_office_Miriam,125,office,True,,,,
6.0,4.0,0.625,0.6666666666666666,0.6451612903225806,19.75,0.6666666666666666,0.0023148148148148147,Abl: global-MAD short,Hog_office_Napoleon,125,office,True,,,,
6.0,5.0,0.5882352941176471,0.8333333333333334,0.6896551724137931,23.2,0.8333333333333334,0.00906183368869936,Abl: global-MAD short,Hog_office_Shawna,125,office,True,,,,
6.0,4.0,0.4,0.6666666666666666,0.5,37.0,0.6666666666666666,0.006100942872989462,Abl: global-MAD short,Hog_office_Shawnna,125,office,True,,,,
6.0,4.0,0.5555555555555556,0.6666666666666666,0.606060606060606,35.75,0.6666666666666666,0.002280501710376283,Abl: global-MAD short,Hog_office_Sherrie,125,office,True,,,,
6.0,4.0,0.8333333333333334,0.6666666666666666,0.7407407407407408,60.25,0.6666666666666666,0.008750994431185362,Abl: global-MAD short,Hog_office_Shon,125,office,True,,,,
6.0,5.0,0.425,0.8333333333333334,0.5629139072847682,16.4,0.8333333333333334,0.03142857142857143,Abl: global-MAD short,Hog_office_Sydney,125,office,True,,,,
6.0,5.0,0.7777777777777778,0.8333333333333334,0.8045977011494253,34.0,0.8333333333333334,0.0025974025974025974,Abl: global-MAD short,Hog_office_Valda,125,office,True,,,,
6.0,4.0,0.46153846153846156,0.6666666666666666,0.5454545454545455,44.0,0.6666666666666666,0.010107015457788348,Abl: global-MAD short,Lamb_education_Armando,125,education,False,,,,
6.0,6.0,0.4117647058823529,1.0,0.5833333333333334,4.333333333333333,1.0,0.006598984771573604,Abl: global-MAD short,Lamb_education_Eula,125,education,False,,,,
6.0,2.0,0.4,0.3333333333333333,0.3636363636363636,19.0,0.3333333333333333,0.0025173064820641915,Abl: global-MAD short,Lamb_education_Lazaro,125,education,False,,,,
6.0,5.0,0.5365853658536586,0.8333333333333334,0.6528189910979229,39.6,0.8333333333333334,0.028910303928836176,Abl: global-MAD short,Lamb_education_Lucas,125,education,False,,,,
6.0,4.0,0.5,0.6666666666666666,0.5714285714285715,17.75,0.6666666666666666,0.00855188141391106,Abl: global-MAD short,Lamb_education_Mae,125,education,False,,,,
,,,,,,,,Abl: global-MAD short,Lamb_education_Willetta,125,education,False,,,,
6.0,4.0,0.4666666666666667,0.6666666666666666,0.5490196078431373,49.25,0.6666666666666666,0.01137123745819398,Abl: global-MAD short,Lamb_education_Williams,125,education,False,,,,
6.0,1.0,0.3333333333333333,0.16666666666666666,0.2222222222222222,0.0,0.16666666666666666,0.004095962551199532,Abl: global-MAD short,Lamb_office_Caitlin,125,office,True,,,,
6.0,5.0,0.8461538461538461,0.8333333333333334,0.8396946564885497,25.2,0.8333333333333334,0.0041390728476821195,Abl: global-MAD short,Lamb_office_Velma,125,office,True,,,,
6.0,5.0,0.5555555555555556,0.8333333333333334,0.6666666666666667,3.6,0.8333333333333334,0.005202312138728324,Abl: global-MAD short,Rat_retail_Jeffrey,125,retail,False,,,,
6.0,5.0,1.0,0.8333333333333334,0.9090909090909091,21.2,0.8333333333333334,0.0,Abl: global-MAD short,Robin_education_Zenia,125,education,False,,,,
6.0,6.0,0.6153846153846154,1.0,0.761904761904762,28.0,1.0,0.0039347948285553686,Abl: global-MAD short,Robin_office_Dina,125,office,True,,,,
6.0,2.0,1.0,0.3333333333333333,0.5,102.0,0.3333333333333333,0.0,Abl: global-MAD short,Robin_office_Sammie,125,office,True,,,,
6.0,5.0,0.782608695652174,0.8333333333333334,0.8071748878923767,34.8,0.8333333333333334,0.006207674943566591,Abl: global-MAD short,Shrew_office_Doris,125,office,True,,,,
6.0,3.0,0.875,0.5,0.6363636363636364,70.0,0.5,0.00398406374501992,Abl: global-MAD short,Shrew_office_Ila,125,office,True,,,,
6.0,4.0,0.8333333333333334,0.6666666666666666,0.7407407407407408,27.5,0.6666666666666666,0.0005399568034557236,Abl: global-MAD short,Shrew_office_Kenneth,125,office,True,,,,
6.0,4.0,0.7777777777777778,0.6666666666666666,0.717948717948718,14.25,0.6666666666666666,0.004294478527607362,Abl: global-MAD short,Shrew_office_Nora,125,office,True,,,,
6.0,5.0,0.8571428571428571,0.8333333333333334,0.8450704225352113,43.4,0.8333333333333334,0.002191380569758948,Abl: global-MAD short,Shrew_office_Sherill,125,office,True,,,,
6.0,4.0,0.5625,0.6666666666666666,0.6101694915254238,17.0,0.6666666666666666,0.00963855421686747,Abl: global-MAD short,Wolf_office_Darleen,125,office,True,,,,
6.0,5.0,0.35,0.8333333333333334,0.49295774647887325,17.4,0.8333333333333334,0.011440457618304731,Abl: global-MAD short,Wolf_retail_Harriett,125,retail,False,,,,
6.0,5.0,0.25,0.8333333333333334,0.3846153846153846,82.2,0.8333333333333334,0.02109090909090909,Abl: global-MAD short,Wolf_retail_Marcella,125,retail,False,,,,
6.0,4.0,0.4375,0.6666666666666666,0.5283018867924528,81.0,0.6666666666666666,0.0110803324099723,Abl: global-MAD short,Wolf_retail_Toshia,125,retail,False,,,,
6.0,2.0,0.5,0.3333333333333333,0.4,28.0,0.3333333333333333,0.03585397653194263,IsolationForest(t),Fox_education_Henrietta,125,education,False,,,,
6.0,5.0,0.27586206896551724,0.8333333333333334,0.41450777202072536,54.4,0.8333333333333334,0.035337879727216366,IsolationForest(t),Fox_retail_Manie,125,retail,False,,,,
6.0,5.0,0.6,0.8333333333333334,0.6976744186046512,19.8,0.8333333333333334,0.022018348623853212,IsolationForest(t),Hog_education_Bruno,125,education,False,,,,
6.0,3.0,0.4666666666666667,0.5,0.4827586206896552,6.666666666666667,0.5,0.02859087814840027,IsolationForest(t),Hog_education_Caridad,125,education,False,,,,
6.0,5.0,0.48484848484848486,0.8333333333333334,0.6130268199233716,10.2,0.8333333333333334,0.03477765108323831,IsolationForest(t),Hog_education_Luvenia,125,education,False,,,,
6.0,5.0,0.4583333333333333,0.8333333333333334,0.5913978494623655,20.0,0.8333333333333334,0.06020066889632107,IsolationForest(t),Hog_office_Almeda,125,office,True,,,,
6.0,4.0,0.35714285714285715,0.6666666666666666,0.46511627906976744,21.75,0.6666666666666666,0.026442307692307692,IsolationForest(t),Hog_office_Cortney,125,office,True,,,,
6.0,5.0,0.32432432432432434,0.8333333333333334,0.46692607003891057,3.2,0.8333333333333334,0.03558535327488396,IsolationForest(t),Hog_office_Denita,125,office,True,,,,
6.0,5.0,0.5,0.8333333333333334,0.625,28.4,0.8333333333333334,0.023822714681440444,IsolationForest(t),Hog_office_Garrett,125,office,True,,,,
6.0,3.0,0.3448275862068966,0.5,0.40816326530612246,2.0,0.5,0.04646952323476162,IsolationForest(t),Hog_office_Lavon,125,office,True,,,,
6.0,4.0,0.19230769230769232,0.6666666666666666,0.29850746268656714,24.0,0.6666666666666666,0.017638412542871143,IsolationForest(t),Hog_office_Merilyn,125,office,True,,,,
6.0,6.0,0.7391304347826086,1.0,0.85,58.333333333333336,1.0,0.005809731299927378,IsolationForest(t),Hog_office_Miriam,125,office,True,,,,
6.0,5.0,0.4666666666666667,0.8333333333333334,0.5982905982905983,48.0,0.8333333333333334,0.010416666666666666,IsolationForest(t),Hog_office_Napoleon,125,office,True,,,,
6.0,6.0,0.2631578947368421,1.0,0.4166666666666667,8.5,1.0,0.03251599147121535,IsolationForest(t),Hog_office_Shawna,125,office,True,,,,
6.0,4.0,0.19230769230769232,0.6666666666666666,0.29850746268656714,41.25,0.6666666666666666,0.03383250138657792,IsolationForest(t),Hog_office_Shawnna,125,office,True,,,,
6.0,4.0,0.38095238095238093,0.6666666666666666,0.4848484848484849,35.75,0.6666666666666666,0.021664766248574687,IsolationForest(t),Hog_office_Sherrie,125,office,True,,,,
6.0,4.0,0.7894736842105263,0.6666666666666666,0.7228915662650601,20.75,0.6666666666666666,0.02784407319013524,IsolationForest(t),Hog_office_Shon,125,office,True,,,,
6.0,5.0,0.40625,0.8333333333333334,0.5462184873949579,16.4,0.8333333333333334,0.03542857142857143,IsolationForest(t),Hog_office_Sydney,125,office,True,,,,
6.0,6.0,0.5675675675675675,1.0,0.7241379310344828,27.666666666666668,1.0,0.04090909090909091,IsolationForest(t),Hog_office_Valda,125,office,True,,,,
6.0,5.0,0.2631578947368421,0.8333333333333334,0.39999999999999997,35.2,0.8333333333333334,0.07728894173602854,IsolationForest(t),Lamb_education_Armando,125,education,False,,,,
6.0,5.0,0.2698412698412698,0.8333333333333334,0.40767386091127095,0.8,0.8333333333333334,0.062436548223350256,IsolationForest(t),Lamb_education_Eula,125,education,False,,,,
6.0,3.0,0.3076923076923077,0.5,0.380952380952381,28.0,0.5,0.07929515418502203,IsolationForest(t),Lamb_education_Lazaro,125,education,False,,,,
6.0,6.0,0.5573770491803278,1.0,0.7157894736842105,35.833333333333336,1.0,0.05263157894736842,IsolationForest(t),Lamb_education_Lucas,125,education,False,,,,
6.0,5.0,0.2037037037037037,0.8333333333333334,0.3273809523809524,33.2,0.8333333333333334,0.09293044469783353,IsolationForest(t),Lamb_education_Mae,125,education,False,,,,
,,,,,,,,IsolationForest(t),Lamb_education_Willetta,125,education,False,,,,
6.0,3.0,0.42,0.5,0.4565217391304348,1.6666666666666667,0.5,0.08428093645484949,IsolationForest(t),Lamb_education_Williams,125,education,False,,,,
6.0,3.0,0.34615384615384615,0.5,0.40909090909090906,49.333333333333336,0.5,0.037448800468110006,IsolationForest(t),Lamb_office_Caitlin,125,office,True,,,,
6.0,5.0,0.8048780487804879,0.8333333333333334,0.8188585607940447,17.8,0.8333333333333334,0.016556291390728478,IsolationForest(t),Lamb_office_Velma,125,office,True,,,,
6.0,6.0,0.35714285714285715,1.0,0.5263157894736842,2.3333333333333335,1.0,0.05722543352601156,IsolationForest(t),Rat_retail_Jeffrey,125,retail,False,,,,
6.0,1.0,1.0,0.16666666666666666,0.2857142857142857,70.0,0.16666666666666666,0.0,IsolationForest(t),Robin_education_Zenia,125,education,False,,,,
6.0,5.0,0.2653061224489796,0.8333333333333334,0.40247678018575855,5.6,0.8333333333333334,0.059584035975267007,IsolationForest(t),Robin_office_Dina,125,office,True,,,,
6.0,2.0,0.9473684210526315,0.3333333333333333,0.4931506849315068,66.5,0.3333333333333333,0.002008032128514056,IsolationForest(t),Robin_office_Sammie,125,office,True,,,,
6.0,6.0,0.41304347826086957,1.0,0.5846153846153846,6.0,1.0,0.040067720090293454,IsolationForest(t),Shrew_office_Doris,125,office,True,,,,
6.0,4.0,0.5652173913043478,0.6666666666666666,0.6117647058823529,122.25,0.6666666666666666,0.05737051792828685,IsolationForest(t),Shrew_office_Ila,125,office,True,,,,
6.0,6.0,0.35714285714285715,1.0,0.5263157894736842,42.333333333333336,1.0,0.03185745140388769,IsolationForest(t),Shrew_office_Kenneth,125,office,True,,,,
6.0,6.0,0.5714285714285714,1.0,0.7272727272727273,19.166666666666668,1.0,0.03067484662576687,IsolationForest(t),Shrew_office_Nora,125,office,True,,,,
6.0,6.0,0.5333333333333333,1.0,0.6956521739130436,35.5,1.0,0.03214024835646457,IsolationForest(t),Shrew_office_Sherill,125,office,True,,,,
6.0,3.0,0.3548387096774194,0.5,0.41509433962264153,40.666666666666664,0.5,0.02650602409638554,IsolationForest(t),Wolf_office_Darleen,125,office,True,,,,
6.0,5.0,0.2857142857142857,0.8333333333333334,0.42553191489361697,13.4,0.8333333333333334,0.03692147685907436,IsolationForest(t),Wolf_retail_Harriett,125,retail,False,,,,
6.0,6.0,0.3492063492063492,1.0,0.5176470588235293,59.0,1.0,0.05672727272727273,IsolationForest(t),Wolf_retail_Marcella,125,retail,False,,,,
6.0,5.0,0.53125,0.8333333333333334,0.648854961832061,52.0,0.8333333333333334,0.027008310249307478,IsolationForest(t),Wolf_retail_Toshia,125,retail,False,,,,
6.0,2.0,0.7857142857142857,0.3333333333333333,0.4680851063829786,85.5,0.3333333333333333,0.0045632333767926985,OC-SVM(t),Fox_education_Henrietta,125,education,False,,,,
6.0,6.0,0.47619047619047616,1.0,0.6451612903225806,51.833333333333336,1.0,0.017978921264724116,OC-SVM(t),Fox_retail_Manie,125,retail,False,,,,
6.0,5.0,0.75,0.8333333333333334,0.7894736842105262,7.4,0.8333333333333334,0.003669724770642202,OC-SVM(t),Hog_education_Bruno,125,education,False,,,,
6.0,2.0,0.2857142857142857,0.3333333333333333,0.30769230769230765,29.0,0.3333333333333333,0.029271613342409804,OC-SVM(t),Hog_education_Caridad,125,education,False,,,,
6.0,6.0,0.5555555555555556,1.0,0.7142857142857143,22.5,1.0,0.037628278221208664,OC-SVM(t),Hog_education_Luvenia,125,education,False,,,,
6.0,5.0,0.475,0.8333333333333334,0.6050955414012739,24.8,0.8333333333333334,0.042140468227424746,OC-SVM(t),Hog_office_Almeda,125,office,True,,,,
6.0,4.0,0.3181818181818182,0.6666666666666666,0.43076923076923074,24.25,0.6666666666666666,0.04146634615384615,OC-SVM(t),Hog_office_Cortney,125,office,True,,,,
6.0,5.0,0.7142857142857143,0.8333333333333334,0.7692307692307692,17.6,0.8333333333333334,0.02630221763795771,OC-SVM(t),Hog_office_Denita,125,office,True,,,,
6.0,1.0,0.25,0.16666666666666666,0.2,2.0,0.16666666666666666,0.02326869806094183,OC-SVM(t),Hog_office_Garrett,125,office,True,,,,
6.0,3.0,0.3333333333333333,0.5,0.4,58.333333333333336,0.5,0.03138201569100785,OC-SVM(t),Hog_office_Lavon,125,office,True,,,,
6.0,2.0,0.125,0.3333333333333333,0.18181818181818182,1.5,0.3333333333333333,0.02939735423811857,OC-SVM(t),Hog_office_Merilyn,125,office,True,,,,
6.0,5.0,0.7222222222222222,0.8333333333333334,0.7738095238095238,70.8,0.8333333333333334,0.0036310820624546117,OC-SVM(t),Hog_office_Miriam,125,office,True,,,,
6.0,4.0,0.2,0.6666666666666666,0.30769230769230765,32.25,0.6666666666666666,0.03819444444444445,OC-SVM(t),Hog_office_Napoleon,125,office,True,,,,
6.0,5.0,0.3333333333333333,0.8333333333333334,0.47619047619047616,23.4,0.8333333333333334,0.03624733475479744,OC-SVM(t),Hog_office_Shawna,125,office,True,,,,
6.0,2.0,0.25,0.3333333333333333,0.28571428571428575,1.5,0.3333333333333333,0.01774819744869662,OC-SVM(t),Hog_office_Shawnna,125,office,True,,,,
6.0,4.0,0.2857142857142857,0.6666666666666666,0.4,62.5,0.6666666666666666,0.026225769669327253,OC-SVM(t),Hog_office_Sherrie,125,office,True,,,,
6.0,6.0,0.6571428571428571,1.0,0.7931034482758621,33.5,1.0,0.026252983293556086,OC-SVM(t),Hog_office_Shon,125,office,True,,,,
6.0,5.0,0.7647058823529411,0.8333333333333334,0.7975460122699386,14.6,0.8333333333333334,0.005714285714285714,OC-SVM(t),Hog_office_Sydney,125,office,True,,,,
6.0,6.0,0.8823529411764706,1.0,0.9375,34.0,1.0,0.0025974025974025974,OC-SVM(t),Hog_office_Valda,125,office,True,,,,
6.0,5.0,0.29411764705882354,0.8333333333333334,0.4347826086956522,10.8,0.8333333333333334,0.0558858501783591,OC-SVM(t),Lamb_education_Armando,125,education,False,,,,
6.0,6.0,0.42,1.0,0.5915492957746479,4.166666666666667,1.0,0.03756345177664975,OC-SVM(t),Lamb_education_Eula,125,education,False,,,,
6.0,4.0,0.34210526315789475,0.6666666666666666,0.4521739130434782,31.75,0.6666666666666666,0.07866582756450598,OC-SVM(t),Lamb_education_Lazaro,125,education,False,,,,
6.0,6.0,0.66,1.0,0.7951807228915663,26.0,1.0,0.0363232023721275,OC-SVM(t),Lamb_education_Lucas,125,education,False,,,,
6.0,6.0,0.32,1.0,0.48484848484848486,13.5,1.0,0.05815279361459521,OC-SVM(t),Lamb_education_Mae,125,education,False,,,,
,,,,,,,,OC-SVM(t),Lamb_education_Willetta,125,education,False,,,,
6.0,6.0,0.6896551724137931,1.0,0.8163265306122449,14.666666666666666,1.0,0.026755852842809364,OC-SVM(t),Lamb_education_Williams,125,education,False,,,,
6.0,3.0,0.5,0.5,0.5,63.333333333333336,0.5,0.011702750146284377,OC-SVM(t),Lamb_office_Caitlin,125,office,True,,,,
6.0,6.0,0.8857142857142857,1.0,0.9393939393939393,12.0,1.0,0.013245033112582781,OC-SVM(t),Lamb_office_Velma,125,office,True,,,,
6.0,3.0,0.75,0.5,0.6,1.6666666666666667,0.5,0.008092485549132947,OC-SVM(t),Rat_retail_Jeffrey,125,retail,False,,,,
6.0,6.0,0.32608695652173914,1.0,0.4918032786885246,13.5,1.0,0.12966360856269113,OC-SVM(t),Robin_education_Zenia,125,education,False,,,,
6.0,6.0,0.7058823529411765,1.0,0.8275862068965517,8.333333333333334,1.0,0.027543563799887576,OC-SVM(t),Robin_office_Dina,125,office,True,,,,
6.0,5.0,0.9090909090909091,0.8333333333333334,0.8695652173913043,80.6,0.8333333333333334,0.004016064257028112,OC-SVM(t),Robin_office_Sammie,125,office,True,,,,
6.0,6.0,0.6,1.0,0.7499999999999999,29.333333333333332,1.0,0.019187358916478554,OC-SVM(t),Shrew_office_Doris,125,office,True,,,,
6.0,6.0,0.5769230769230769,1.0,0.7317073170731707,98.5,1.0,0.034262948207171316,OC-SVM(t),Shrew_office_Ila,125,office,True,,,,
6.0,4.0,0.6,0.6666666666666666,0.631578947368421,37.0,0.6666666666666666,0.004859611231101512,OC-SVM(t),Shrew_office_Kenneth,125,office,True,,,,
6.0,5.0,0.5,0.8333333333333334,0.625,29.6,0.8333333333333334,0.015950920245398775,OC-SVM(t),Shrew_office_Nora,125,office,True,,,,
6.0,4.0,0.3076923076923077,0.6666666666666666,0.42105263157894735,31.25,0.6666666666666666,0.03287070854638422,OC-SVM(t),Shrew_office_Sherill,125,office,True,,,,
6.0,4.0,0.3333333333333333,0.6666666666666666,0.4444444444444444,24.75,0.6666666666666666,0.03674698795180723,OC-SVM(t),Wolf_office_Darleen,125,office,True,,,,
6.0,5.0,0.2608695652173913,0.8333333333333334,0.3973509933774834,13.2,0.8333333333333334,0.045761830473218926,OC-SVM(t),Wolf_retail_Harriett,125,retail,False,,,,
6.0,5.0,0.4473684210526316,0.8333333333333334,0.5821917808219178,47.2,0.8333333333333334,0.03854545454545454,OC-SVM(t),Wolf_retail_Marcella,125,retail,False,,,,
6.0,4.0,0.4444444444444444,0.6666666666666666,0.5333333333333333,54.25,0.6666666666666666,0.04155124653739612,OC-SVM(t),Wolf_retail_Toshia,125,retail,False,,,,
6.0,3.0,0.32558139534883723,0.5,0.3943661971830986,31.666666666666668,0.5,0.1290743155149935,Autoencoder(t),Fox_education_Henrietta,125,education,False,7.481140709191718,3694.9906478493317,0.9982716328723145,0.9979753289190202
6.0,6.0,0.2361111111111111,1.0,0.38202247191011235,39.666666666666664,1.0,0.16119032858028517,Autoencoder(t),Fox_retail_Manie,125,retail,False,22.201814419923288,9155.738379378796,0.9938113356149239,0.997575092963564
6.0,6.0,0.3246753246753247,1.0,0.49019607843137253,3.3333333333333335,1.0,0.07400611620795107,Autoencoder(t),Hog_education_Bruno,125,education,False,258.25457993432497,31479.852552345856,0.9726961243138068,0.991796194740592
6.0,5.0,0.4696969696969697,0.8333333333333334,0.6007751937984496,15.2,0.8333333333333334,0.08849557522123894,Autoencoder(t),Hog_education_Caridad,125,education,False,397.7430848871313,85136.90640907052,0.9870199132547035,0.9953281942971238
6.0,5.0,0.296875,0.8333333333333334,0.43778801843317966,10.2,0.8333333333333334,0.08779931584948689,Autoencoder(t),Hog_education_Luvenia,125,education,False,257.60100958826206,57301.60804579975,0.9942149291759798,0.9955044715432355
6.0,5.0,0.325,0.8333333333333334,0.4676258992805756,16.4,0.8333333333333334,0.10836120401337793,Autoencoder(t),Hog_office_Almeda,125,office,True,24.885361182426077,4337.220297571744,0.9881672974896129,0.9942623709484255
6.0,5.0,0.2549019607843137,0.8333333333333334,0.3903903903903903,33.6,0.8333333333333334,0.06911057692307693,Autoencoder(t),Hog_office_Cortney,125,office,True,39.63520717996124,7041.146683197066,0.897983271539423,0.9943709158517395
6.0,5.0,0.1875,0.8333333333333334,0.3061224489795918,17.0,0.8333333333333334,0.10675605982465189,Autoencoder(t),Hog_office_Denita,125,office,True,52.70185984210468,8319.749503782794,0.9797420416239829,0.993665451127087
6.0,4.0,0.25,0.6666666666666666,0.36363636363636365,1.5,0.6666666666666666,0.15069252077562326,Autoencoder(t),Hog_office_Garrett,125,office,True,84.00134331000399,68276.98973603806,0.9957095666103312,0.9987696976150419
6.0,5.0,0.3142857142857143,0.8333333333333334,0.4564315352697096,15.2,0.8333333333333334,0.1424260712130356,Autoencoder(t),Hog_office_Lavon,125,office,True,235.30890947495874,28205.801421711414,0.9891057792244782,0.9916574286985573
6.0,4.0,0.0975609756097561,0.6666666666666666,0.1702127659574468,22.5,0.6666666666666666,0.17442430181283686,Autoencoder(t),Hog_office_Merilyn,125,office,True,1.9891085790800036,223.9682659583033,0.989551255122883,0.9911187927871428
6.0,6.0,0.4788732394366197,1.0,0.6476190476190475,46.833333333333336,1.0,0.12781408859840232,Autoencoder(t),Hog_office_Miriam,125,office,True,17.930397859637644,4952.39762782504,0.9845700066619817,0.9963794510846836
6.0,5.0,0.22727272727272727,0.8333333333333334,0.35714285714285715,19.8,0.8333333333333334,0.109375,Autoencoder(t),Hog_office_Napoleon,125,office,True,60.1620484716006,4053.084496278672,0.9737680854884471,0.9851564781028281
6.0,6.0,0.18461538461538463,1.0,0.3116883116883117,15.333333333333334,1.0,0.10181236673773987,Autoencoder(t),Hog_office_Shawna,125,office,True,81.38924424448169,10064.748618129255,0.9845526238353358,0.9919134349666838
6.0,5.0,0.1935483870967742,0.8333333333333334,0.31413612565445026,7.0,0.8333333333333334,0.2096505823627288,Autoencoder(t),Hog_office_Shawnna,125,office,True,45.48081498954684,5702.316601369376,0.9887355697610146,0.9920241512057354
6.0,4.0,0.19696969696969696,0.6666666666666666,0.30409356725146197,4.0,0.6666666666666666,0.11174458380843785,Autoencoder(t),Hog_office_Sherrie,125,office,True,17.56199703797093,1861.3228985736177,0.970979471963599,0.9905647767770819
6.0,6.0,0.660377358490566,1.0,0.7954545454545454,31.5,1.0,0.04375497215592681,Autoencoder(t),Hog_office_Shon,125,office,True,181.06719189179768,38584.6731595557,0.9882797004287752,0.9953072767743025
6.0,5.0,0.2222222222222222,0.8333333333333334,0.3508771929824561,8.0,0.8333333333333334,0.18628571428571428,Autoencoder(t),Hog_office_Sydney,125,office,True,486.30804910327157,36208.74372073834,0.9893694642951599,0.9865693200279483
6.0,6.0,0.35135135135135137,1.0,0.52,14.0,1.0,0.1012987012987013,Autoencoder(t),Hog_office_Valda,125,office,True,8.929575651148856,4370.366337318555,0.9965222765856808,0.9979567901265165
6.0,5.0,0.3225806451612903,0.8333333333333334,0.4651162790697674,3.4,0.8333333333333334,0.1028537455410226,Autoencoder(t),Lamb_education_Armando,125,education,False,59.7500009064944,6423.818931766165,0.9814993209255349,0.9906986791593663
6.0,6.0,0.18072289156626506,1.0,0.30612244897959184,0.8333333333333334,1.0,0.09847715736040609,Autoencoder(t),Lamb_education_Eula,125,education,False,1.2908154676235646,152.55021472214582,0.9837368055600519,0.9915384224796101
6.0,4.0,0.3,0.6666666666666666,0.41379310344827586,47.5,0.6666666666666666,0.13278791692888608,Autoencoder(t),Lamb_education_Lazaro,125,education,False,30.68200629695913,3560.667444770663,0.9895397323972862,0.9913830744452083
6.0,6.0,0.5394736842105263,1.0,0.7008547008547009,7.833333333333333,1.0,0.06893995552260934,Autoencoder(t),Lamb_education_Lucas,125,education,False,10.702495728991673,888.1822435421024,0.984094315797198,0.9879501129336815
6.0,6.0,0.16216216216216217,1.0,0.27906976744186046,16.166666666666668,1.0,0.1305587229190422,Autoencoder(t),Lamb_education_Mae,125,education,False,54.90300091416279,5651.747395291096,0.9137443979476769,0.9902856590936979
,,,,,,,,Autoencoder(t),Lamb_education_Willetta,125,education,False,0.0,0.0,,0.0
6.0,6.0,0.4189189189189189,1.0,0.5904761904761905,19.166666666666668,1.0,0.10234113712374582,Autoencoder(t),Lamb_education_Williams,125,education,False,30.999948408341236,3993.9243071204255,0.9893164344307864,0.9922382233551411
6.0,5.0,0.40540540540540543,0.8333333333333334,0.5454545454545455,9.6,0.8333333333333334,0.05558806319485079,Autoencoder(t),Lamb_office_Caitlin,125,office,True,25.946725357796122,1485.8833082739716,0.9244627337310299,0.9825378445175912
6.0,6.0,0.5526315789473685,1.0,0.711864406779661,26.833333333333332,1.0,0.08112582781456953,Autoencoder(t),Lamb_office_Velma,125,office,True,99.22881753974795,40802.928400161436,0.9904042029533203,0.9975680956874812
6.0,5.0,0.2717391304347826,0.8333333333333334,0.4098360655737705,3.0,0.8333333333333334,0.1699421965317919,Autoencoder(t),Rat_retail_Jeffrey,125,retail,False,14.64997189505938,5272.353145253515,0.9971279152562357,0.9972213598953917
6.0,6.0,0.32608695652173914,1.0,0.4918032786885246,6.333333333333333,1.0,0.18226299694189602,Autoencoder(t),Robin_education_Zenia,125,education,False,207.33097037170643,11586.30055131238,0.9691869161785611,0.9821055073227648
6.0,6.0,0.3333333333333333,1.0,0.5,4.166666666666667,1.0,0.1315345699831366,Autoencoder(t),Robin_office_Dina,125,office,True,17.269551572074036,3980.517788624134,0.9882466270846857,0.9956614811215193
6.0,6.0,0.6964285714285714,1.0,0.8210526315789474,80.83333333333333,1.0,0.050200803212851405,Autoencoder(t),Robin_office_Sammie,125,office,True,94.76525508508587,39039.89350001495,0.9975889282391569,0.9975726046720633
6.0,6.0,0.2631578947368421,1.0,0.4166666666666667,2.6666666666666665,1.0,0.10270880361173815,Autoencoder(t),Shrew_office_Doris,125,office,True,62.11889660173418,27814.793941622735,0.9926235061100915,0.9977666957831107
6.0,6.0,0.45901639344262296,1.0,0.6292134831460674,48.0,1.0,0.11713147410358565,Autoencoder(t),Shrew_office_Ila,125,office,True,71.2819266066215,34838.371833330086,0.993736132375754,0.9979539248576931
6.0,5.0,0.18840579710144928,0.8333333333333334,0.3073286052009456,23.6,0.8333333333333334,0.10691144708423327,Autoencoder(t),Shrew_office_Kenneth,125,office,True,12.36066936823104,3764.3168924736374,0.9884135181462846,0.9967163579153113
6.0,5.0,0.4107142857142857,0.8333333333333334,0.5502392344497608,13.4,0.8333333333333334,0.0834355828220859,Autoencoder(t),Shrew_office_Nora,125,office,True,44.02160369475333,18869.674641874823,0.9975187141038754,0.9976670713973488
6.0,6.0,0.4142857142857143,1.0,0.5858585858585859,11.666666666666666,1.0,0.1329437545653762,Autoencoder(t),Shrew_office_Sherill,125,office,True,146.1608288030265,38173.23720263379,0.9917490396486114,0.9961711177905305
6.0,5.0,0.22727272727272727,0.8333333333333334,0.35714285714285715,14.0,0.8333333333333334,0.11204819277108434,Autoencoder(t),Wolf_office_Darleen,125,office,True,13.011117048134045,6133.110195241102,0.9950149489666523,0.9978785450393131
6.0,6.0,0.13414634146341464,1.0,0.23655913978494622,2.8333333333333335,1.0,0.1357254290171607,Autoencoder(t),Wolf_retail_Harriett,125,retail,False,25.14435714140328,3832.8535001567175,0.9820798183758854,0.9934397813168765
6.0,6.0,0.3076923076923077,1.0,0.47058823529411764,43.833333333333336,1.0,0.11636363636363636,Autoencoder(t),Wolf_retail_Marcella,125,retail,False,6.528487624627992,1198.7522063529384,0.9854140944742072,0.994553930670551
6.0,5.0,0.46551724137931033,0.8333333333333334,0.5973451327433628,26.0,0.8333333333333334,0.09349030470914127,Autoencoder(t),Wolf_retail_Toshia,125,retail,False,51.358367516592935,10746.240803187698,0.9911316912711006,0.9952208061910023
6.0,2.0,0.75,0.3333333333333333,0.46153846153846156,53.0,0.3333333333333333,0.038461538461538464,LSTM-AE(t),Fox_education_Henrietta,125,education,False,3301.0638014577626,3694.9906478493317,0.3095548017508973,0.10661105370343878
6.0,2.0,1.0,0.3333333333333333,0.5,80.5,0.3333333333333333,0.041537507749535026,LSTM-AE(t),Fox_retail_Manie,125,retail,False,14579.283359433457,9155.738379378796,2.285235628002443,0.592365656960006
6.0,4.0,1.0,0.6666666666666666,0.8,15.75,0.6666666666666666,0.04954128440366973,LSTM-AE(t),Hog_education_Bruno,125,education,False,68846.01456140197,31479.852552345856,26.62207936605175,1.1869865637687562
6.0,4.0,1.0,0.6666666666666666,0.8,41.75,0.6666666666666666,0.11095983662355344,LSTM-AE(t),Hog_education_Caridad,125,education,False,91628.02042363325,85136.90640907052,2.161626415314653,0.07624324500791542
6.0,3.0,0.75,0.5,0.6,47.333333333333336,0.5,0.07867730900798175,LSTM-AE(t),Hog_education_Luvenia,125,education,False,148206.5377307812,57301.60804579975,0.9524135698822201,1.5864289465022237
6.0,2.0,0.6666666666666666,0.3333333333333333,0.4444444444444444,25.5,0.3333333333333333,0.05551839464882943,LSTM-AE(t),Hog_office_Almeda,125,office,True,9792.446046726767,4337.220297571744,2.350614372688494,1.2577700404586807
6.0,3.0,0.75,0.5,0.6,23.666666666666668,0.5,0.0985576923076923,LSTM-AE(t),Hog_office_Cortney,125,office,True,12828.067400710559,7041.146683197066,39.39365723215504,0.8218719163063813
6.0,5.0,1.0,0.8333333333333334,0.9090909090909091,13.2,0.8333333333333334,0.14182568334192883,LSTM-AE(t),Hog_office_Denita,125,office,True,8432.289170111704,8319.749503782794,0.3698985862587812,0.013526809464364416
6.0,3.0,1.0,0.5,0.6666666666666666,95.66666666666667,0.5,0.06481994459833795,LSTM-AE(t),Hog_office_Garrett,125,office,True,27694.37094148392,68276.98973603806,0.7740690793109627,0.5943820744213882
6.0,2.0,0.5,0.3333333333333333,0.4,10.5,0.3333333333333333,0.07060953530476766,LSTM-AE(t),Hog_office_Lavon,125,office,True,26285.29390684048,28205.801421711414,0.41337153611833105,0.06808909579121629
6.0,3.0,0.75,0.5,0.6,19.0,0.5,0.09113179813816756,LSTM-AE(t),Hog_office_Merilyn,125,office,True,376.8336272991259,223.9682659583033,2.24684751765083,0.6825313429416019
6.0,6.0,1.0,1.0,1.0,32.5,1.0,0.11183732752360204,LSTM-AE(t),Hog_office_Miriam,125,office,True,7481.836011758599,4952.39762782504,0.6814854986968918,0.5107502615948913
6.0,3.0,0.75,0.5,0.6,0.0,0.5,0.1730324074074074,LSTM-AE(t),Hog_office_Napoleon,125,office,True,8533.903120536916,4053.084496278672,165.8452590188887,1.1055329905834173
6.0,4.0,0.5,0.6666666666666666,0.5714285714285715,18.25,0.6666666666666666,0.15031982942430705,LSTM-AE(t),Hog_office_Shawna,125,office,True,11876.463733865816,10064.748618129255,0.47634983764235184,0.18000599761361014
6.0,1.0,0.2,0.16666666666666666,0.1818181818181818,0.0,0.16666666666666666,0.10537992235163617,LSTM-AE(t),Hog_office_Shawnna,125,office,True,11311.233806092763,5702.316601369376,2.6441514184789305,0.9836207977958361
6.0,5.0,0.625,0.8333333333333334,0.7142857142857143,28.6,0.8333333333333334,0.16077537058152794,LSTM-AE(t),Hog_office_Sherrie,125,office,True,2972.5429619048755,1861.3228985736177,10.53166687587075,0.5970055298749163
6.0,3.0,1.0,0.5,0.6666666666666666,65.66666666666667,0.5,0.0,LSTM-AE(t),Hog_office_Shon,125,office,True,83188.55296098636,38584.6731595557,1.1734928415844237,1.1559999385503223
6.0,4.0,0.75,0.6666666666666666,0.7058823529411765,24.75,0.6666666666666666,0.08114285714285714,LSTM-AE(t),Hog_office_Sydney,125,office,True,114517.83360351615,36208.74372073834,0.7226125247795488,2.1627121472852076
6.0,4.0,0.8333333333333334,0.6666666666666666,0.7407407407407408,21.0,0.6666666666666666,0.09025974025974026,LSTM-AE(t),Hog_office_Valda,125,office,True,5581.732793686216,4370.366337318555,0.49840081992571833,0.2771773263087359
6.0,4.0,1.0,0.6666666666666666,0.8,38.25,0.6666666666666666,0.08145065398335315,LSTM-AE(t),Lamb_education_Armando,125,education,False,16394.5035374213,6423.818931766165,1.7649027431623328,1.5521428470453158
6.0,1.0,1.0,0.16666666666666666,0.2857142857142857,22.0,0.16666666666666666,0.0,LSTM-AE(t),Lamb_education_Eula,125,education,False,594.7076585442671,152.55021472214582,1.2411013948843828,2.898438685435249
6.0,2.0,1.0,0.3333333333333333,0.5,20.0,0.3333333333333333,0.10320956576463185,LSTM-AE(t),Lamb_education_Lazaro,125,education,False,11045.852691216502,3560.667444770663,2.6547782374650404,2.102185998144499
6.0,3.0,0.75,0.5,0.6,50.666666666666664,0.5,0.04966641957005189,LSTM-AE(t),Lamb_education_Lucas,125,education,False,4968.494656541303,888.1822435421024,6.084763374592522,4.594003587289439
6.0,4.0,0.75,0.6666666666666666,0.7058823529411765,51.0,0.6666666666666666,0.07183580387685291,LSTM-AE(t),Lamb_education_Mae,125,education,False,22082.70470087473,5651.747395291096,70.68199382162304,2.907234905663605
,,,,,,,,LSTM-AE(t),Lamb_education_Willetta,125,education,False,0.0,0.0,,0.0
6.0,0.0,0.0,0.0,0.0,,0.0,0.0,LSTM-AE(t),Lamb_education_Williams,125,education,False,15419.850662368159,3993.9243071204255,3.183239268526116,2.860826965317652
6.0,2.0,0.5,0.3333333333333333,0.4,88.0,0.3333333333333333,0.1860737273259216,LSTM-AE(t),Lamb_office_Caitlin,125,office,True,1075.6795251683875,1485.8833082739716,2.6669043381346023,0.2760672933206875
6.0,5.0,0.7142857142857143,0.8333333333333334,0.7692307692307692,42.4,0.8333333333333334,0.09933774834437085,LSTM-AE(t),Lamb_office_Velma,125,office,True,70277.49859570811,40802.928400161436,3.5955497596606256,0.7223640888341254
6.0,1.0,0.3333333333333333,0.16666666666666666,0.2222222222222222,0.0,0.16666666666666666,0.04566473988439306,LSTM-AE(t),Rat_retail_Jeffrey,125,retail,False,6539.488425288714,5272.353145253515,0.7691591109161645,0.2403358130848934
6.0,1.0,1.0,0.16666666666666666,0.2857142857142857,65.0,0.16666666666666666,0.0,LSTM-AE(t),Robin_education_Zenia,125,education,False,82480.75658677396,11586.30055131238,4.291603488761468,6.118817280933677
6.0,3.0,0.75,0.5,0.6,62.333333333333336,0.5,0.05227655986509275,LSTM-AE(t),Robin_office_Dina,125,office,True,8068.88488014806,3980.517788624134,0.8334107738128692,1.0270942898956545
6.0,2.0,1.0,0.3333333333333333,0.5,67.0,0.3333333333333333,0.009036144578313253,LSTM-AE(t),Robin_office_Sammie,125,office,True,64209.34474738535,39039.89350001495,0.5442316002389326,0.6447110632451075
6.0,4.0,1.0,0.6666666666666666,0.8,18.5,0.6666666666666666,0.09142212189616253,LSTM-AE(t),Shrew_office_Doris,125,office,True,34740.19411845071,27814.793941622735,0.44287783306743317,0.2489826166378546
6.0,3.0,0.75,0.5,0.6,126.0,0.5,0.08685258964143426,LSTM-AE(t),Shrew_office_Ila,125,office,True,42489.31404644578,34838.371833330086,2.302448049324905,0.21961250800463625
6.0,6.0,0.7777777777777778,1.0,0.8750000000000001,16.5,1.0,0.2176025917926566,LSTM-AE(t),Shrew_office_Kenneth,125,office,True,2111.3249712370202,3764.3168924736374,0.37799042072418576,0.43912135148387843
6.0,3.0,0.75,0.5,0.6,43.333333333333336,0.5,0.07607361963190185,LSTM-AE(t),Shrew_office_Nora,125,office,True,21408.22935047169,18869.674641874823,0.44405484833068654,0.1345309210029202
6.0,4.0,1.0,0.6666666666666666,0.8,45.5,0.6666666666666666,0.15924032140248356,LSTM-AE(t),Shrew_office_Sherill,125,office,True,40447.99800164152,38173.23720263379,0.3753538697903546,0.059590460901513
6.0,1.0,1.0,0.16666666666666666,0.2857142857142857,98.0,0.16666666666666666,0.0,LSTM-AE(t),Wolf_office_Darleen,125,office,True,9809.291118703151,6133.110195241102,1.0700157072354721,0.5993991313435929
6.0,3.0,1.0,0.5,0.6666666666666666,17.333333333333332,0.5,0.060842433697347896,LSTM-AE(t),Wolf_retail_Harriett,125,retail,False,6756.756199287649,3832.8535001567175,0.9285878752189848,0.7628527150884788
6.0,3.0,0.75,0.5,0.6,51.333333333333336,0.5,0.09672727272727273,LSTM-AE(t),Wolf_retail_Marcella,125,retail,False,2409.2396004781945,1198.7522063529384,3.449571123321936,1.009789502542832
6.0,3.0,1.0,0.5,0.6666666666666666,60.666666666666664,0.5,0.037396121883656507,LSTM-AE(t),Wolf_retail_Toshia,125,retail,False,25607.60437115306,10746.240803187698,1.9918142458293708,1.382936027597388
6.0,2.0,0.5384615384615384,0.3333333333333333,0.41176470588235287,77.0,0.3333333333333333,0.005867014341590613,Abl: AE+fusion,Fox_education_Henrietta,125,education,False,,,,
6.0,4.0,0.5454545454545454,0.6666666666666666,0.6,80.0,0.6666666666666666,0.011159330440173589,Abl: AE+fusion,Fox_retail_Manie,125,retail,False,,,,
6.0,3.0,0.5555555555555556,0.5,0.5263157894736842,42.0,0.5,0.01529051987767584,Abl: AE+fusion,Hog_education_Bruno,125,education,False,,,,
6.0,1.0,0.25,0.16666666666666666,0.2,3.0,0.16666666666666666,0.0068073519400953025,Abl: AE+fusion,Hog_education_Caridad,125,education,False,,,,
6.0,4.0,0.5357142857142857,0.6666666666666666,0.594059405940594,31.0,0.6666666666666666,0.013112884834663626,Abl: AE+fusion,Hog_education_Luvenia,125,education,False,,,,
6.0,3.0,0.36666666666666664,0.5,0.423076923076923,22.333333333333332,0.5,0.018060200668896322,Abl: AE+fusion,Hog_office_Almeda,125,office,True,,,,
6.0,3.0,0.23076923076923078,0.5,0.3157894736842105,43.666666666666664,0.5,0.021033653846153848,Abl: AE+fusion,Hog_office_Cortney,125,office,True,,,,
6.0,5.0,0.6363636363636364,0.8333333333333334,0.7216494845360825,17.8,0.8333333333333334,0.008251676121712223,Abl: AE+fusion,Hog_office_Denita,125,office,True,,,,
6.0,2.0,0.25,0.3333333333333333,0.28571428571428575,58.0,0.3333333333333333,0.009418282548476454,Abl: AE+fusion,Hog_office_Garrett,125,office,True,,,,
6.0,3.0,0.25,0.5,0.3333333333333333,48.0,0.5,0.02051901025950513,Abl: AE+fusion,Hog_office_Lavon,125,office,True,,,,
6.0,2.0,0.125,0.3333333333333333,0.18181818181818182,1.5,0.3333333333333333,0.012738853503184714,Abl: AE+fusion,Hog_office_Merilyn,125,office,True,,,,
6.0,4.0,0.65625,0.6666666666666666,0.6614173228346457,43.75,0.6666666666666666,0.01670297748729121,Abl: AE+fusion,Hog_office_Miriam,125,office,True,,,,
6.0,3.0,0.21428571428571427,0.5,0.3,2.0,0.5,0.015046296296296295,Abl: AE+fusion,Hog_office_Napoleon,125,office,True,,,,
6.0,6.0,0.4117647058823529,1.0,0.5833333333333334,45.0,1.0,0.013859275053304905,Abl: AE+fusion,Hog_office_Shawna,125,office,True,,,,
6.0,2.0,0.15384615384615385,0.3333333333333333,0.21052631578947367,1.5,0.3333333333333333,0.014420410427066,Abl: AE+fusion,Hog_office_Shawnna,125,office,True,,,,
6.0,2.0,0.25,0.3333333333333333,0.28571428571428575,1.0,0.3333333333333333,0.010832383124287344,Abl: AE+fusion,Hog_office_Sherrie,125,office,True,,,,
6.0,5.0,0.8484848484848485,0.8333333333333334,0.8408408408408408,50.0,0.8333333333333334,0.003977724741447892,Abl: AE+fusion,Hog_office_Shon,125,office,True,,,,
6.0,5.0,0.7391304347826086,0.8333333333333334,0.783410138248848,18.0,0.8333333333333334,0.005142857142857143,Abl: AE+fusion,Hog_office_Sydney,125,office,True,,,,
6.0,4.0,0.6666666666666666,0.6666666666666666,0.6666666666666666,30.0,0.6666666666666666,0.006493506493506494,Abl: AE+fusion,Hog_office_Valda,125,office,True,,,,
6.0,4.0,0.4444444444444444,0.6666666666666666,0.5333333333333333,8.0,0.6666666666666666,0.0047562425683709865,Abl: AE+fusion,Lamb_education_Armando,125,education,False,,,,
6.0,6.0,0.7692307692307693,1.0,0.8695652173913044,19.833333333333332,1.0,0.0020304568527918783,Abl: AE+fusion,Lamb_education_Eula,125,education,False,,,,
6.0,2.0,0.36363636363636365,0.3333333333333333,0.34782608695652173,47.5,0.3333333333333333,0.007551919446192574,Abl: AE+fusion,Lamb_education_Lazaro,125,education,False,,,,
6.0,5.0,1.0,0.8333333333333334,0.9090909090909091,74.6,0.8333333333333334,0.0,Abl: AE+fusion,Lamb_education_Lucas,125,education,False,,,,
6.0,4.0,0.4444444444444444,0.6666666666666666,0.5333333333333333,25.0,0.6666666666666666,0.003990877993158495,Abl: AE+fusion,Lamb_education_Mae,125,education,False,,,,
,,,,,,,,Abl: AE+fusion,Lamb_education_Willetta,125,education,False,,,,
6.0,3.0,0.5714285714285714,0.5,0.5333333333333333,18.333333333333332,0.5,0.002006688963210702,Abl: AE+fusion,Lamb_education_Williams,125,education,False,,,,
6.0,2.0,0.5,0.3333333333333333,0.4,4.0,0.3333333333333333,0.004095962551199532,Abl: AE+fusion,Lamb_office_Caitlin,125,office,True,,,,
6.0,4.0,0.875,0.6666666666666666,0.7567567567567567,28.0,0.6666666666666666,0.004966887417218543,Abl: AE+fusion,Lamb_office_Velma,125,office,True,,,,
6.0,4.0,0.36363636363636365,0.6666666666666666,0.4705882352941177,52.75,0.6666666666666666,0.006358381502890174,Abl: AE+fusion,Rat_retail_Jeffrey,125,retail,False,,,,
6.0,6.0,0.3048780487804878,1.0,0.4672897196261682,7.5,1.0,0.14434250764525994,Abl: AE+fusion,Robin_education_Zenia,125,education,False,,,,
6.0,5.0,0.625,0.8333333333333334,0.7142857142857143,23.2,0.8333333333333334,0.006745362563237774,Abl: AE+fusion,Robin_office_Dina,125,office,True,,,,
6.0,4.0,0.9655172413793104,0.6666666666666666,0.7887323943661971,88.5,0.6666666666666666,0.002008032128514056,Abl: AE+fusion,Robin_office_Sammie,125,office,True,,,,
6.0,6.0,0.6,1.0,0.7499999999999999,48.5,1.0,0.007336343115124154,Abl: AE+fusion,Shrew_office_Doris,125,office,True,,,,
6.0,6.0,0.56,1.0,0.717948717948718,112.33333333333333,1.0,0.01752988047808765,Abl: AE+fusion,Shrew_office_Ila,125,office,True,,,,
6.0,4.0,0.7272727272727273,0.6666666666666666,0.6956521739130435,26.5,0.6666666666666666,0.0021598272138228943,Abl: AE+fusion,Shrew_office_Kenneth,125,office,True,,,,
6.0,4.0,0.7777777777777778,0.6666666666666666,0.717948717948718,25.5,0.6666666666666666,0.0018404907975460123,Abl: AE+fusion,Shrew_office_Nora,125,office,True,,,,
6.0,6.0,0.5,1.0,0.6666666666666666,77.5,1.0,0.005843681519357195,Abl: AE+fusion,Shrew_office_Sherill,125,office,True,,,,
6.0,4.0,0.42857142857142855,0.6666666666666666,0.5217391304347826,33.25,0.6666666666666666,0.01144578313253012,Abl: AE+fusion,Wolf_office_Darleen,125,office,True,,,,
6.0,4.0,0.5294117647058824,0.6666666666666666,0.5901639344262295,16.25,0.6666666666666666,0.008840353614144566,Abl: AE+fusion,Wolf_retail_Harriett,125,retail,False,,,,
6.0,4.0,0.5263157894736842,0.6666666666666666,0.5882352941176471,76.0,0.6666666666666666,0.010181818181818183,Abl: AE+fusion,Wolf_retail_Marcella,125,retail,False,,,,
6.0,4.0,0.625,0.6666666666666666,0.6451612903225806,54.75,0.6666666666666666,0.009002770083102494,Abl: AE+fusion,Wolf_retail_Toshia,125,retail,False,,,,
6.0,1.0,1.0,0.16666666666666666,0.2857142857142857,62.0,0.16666666666666666,0.024771838331160364,Abl: LSTM-AE+fusion,Fox_education_Henrietta,125,education,False,,,,
6.0,2.0,1.0,0.3333333333333333,0.5,79.5,0.3333333333333333,0.041537507749535026,Abl: LSTM-AE+fusion,Fox_retail_Manie,125,retail,False,,,,
6.0,5.0,1.0,0.8333333333333334,0.9090909090909091,12.6,0.8333333333333334,0.072782874617737,Abl: LSTM-AE+fusion,Hog_education_Bruno,125,education,False,,,,
6.0,3.0,0.6,0.5,0.5454545454545454,54.333333333333336,0.5,0.17631041524846836,Abl: LSTM-AE+fusion,Hog_education_Caridad,125,education,False,,,,
6.0,3.0,0.6,0.5,0.5454545454545454,39.333333333333336,0.5,0.10490307867730901,Abl: LSTM-AE+fusion,Hog_education_Luvenia,125,education,False,,,,
6.0,2.0,0.5,0.3333333333333333,0.4,19.5,0.3333333333333333,0.05819397993311037,Abl: LSTM-AE+fusion,Hog_office_Almeda,125,office,True,,,,
6.0,4.0,0.8,0.6666666666666666,0.7272727272727272,25.5,0.6666666666666666,0.12800480769230768,Abl: LSTM-AE+fusion,Hog_office_Cortney,125,office,True,,,,
6.0,4.0,1.0,0.6666666666666666,0.8,0.0,0.6666666666666666,0.15368746776689016,Abl: LSTM-AE+fusion,Hog_office_Denita,125,office,True,,,,
6.0,3.0,1.0,0.5,0.6666666666666666,111.66666666666667,0.5,0.050415512465373964,Abl: LSTM-AE+fusion,Hog_office_Garrett,125,office,True,,,,
6.0,3.0,0.75,0.5,0.6,0.0,0.5,0.07785153892576946,Abl: LSTM-AE+fusion,Hog_office_Lavon,125,office,True,,,,
6.0,2.0,0.6666666666666666,0.3333333333333333,0.4444444444444444,34.5,0.3333333333333333,0.07006369426751592,Abl: LSTM-AE+fusion,Hog_office_Merilyn,125,office,True,,,,
6.0,6.0,1.0,1.0,1.0,36.5,1.0,0.08061002178649238,Abl: LSTM-AE+fusion,Hog_office_Miriam,125,office,True,,,,
6.0,3.0,1.0,0.5,0.6666666666666666,0.0,0.5,0.13194444444444445,Abl: LSTM-AE+fusion,Hog_office_Napoleon,125,office,True,,,,
6.0,4.0,0.8333333333333334,0.6666666666666666,0.7407407407407408,32.75,0.6666666666666666,0.10660980810234541,Abl: LSTM-AE+fusion,Hog_office_Shawna,125,office,True,,,,
6.0,2.0,0.4,0.3333333333333333,0.3636363636363636,0.0,0.3333333333333333,0.14198557958957295,Abl: LSTM-AE+fusion,Hog_office_Shawnna,125,office,True,,,,
6.0,4.0,1.0,0.6666666666666666,0.8,46.0,0.6666666666666666,0.09920182440136831,Abl: LSTM-AE+fusion,Hog_office_Sherrie,125,office,True,,,,
6.0,3.0,0.8,0.5,0.6153846153846154,69.66666666666667,0.5,0.0007955449482895784,Abl: LSTM-AE+fusion,Hog_office_Shon,125,office,True,,,,
6.0,5.0,0.5714285714285714,0.8333333333333334,0.6779661016949152,19.8,0.8333333333333334,0.11257142857142857,Abl: LSTM-AE+fusion,Hog_office_Sydney,125,office,True,,,,
6.0,3.0,1.0,0.5,0.6666666666666666,44.0,0.5,0.03636363636363636,Abl: LSTM-AE+fusion,Hog_office_Valda,125,office,True,,,,
6.0,2.0,1.0,0.3333333333333333,0.5,82.5,0.3333333333333333,0.04221165279429251,Abl: LSTM-AE+fusion,Lamb_education_Armando,125,education,False,,,,
6.0,2.0,1.0,0.3333333333333333,0.5,0.0,0.3333333333333333,0.01116751269035533,Abl: LSTM-AE+fusion,Lamb_education_Eula,125,education,False,,,,
6.0,2.0,1.0,0.3333333333333333,0.5,14.0,0.3333333333333333,0.10320956576463185,Abl: LSTM-AE+fusion,Lamb_education_Lazaro,125,education,False,,,,
6.0,2.0,1.0,0.3333333333333333,0.5,73.0,0.3333333333333333,0.05189028910303929,Abl: LSTM-AE+fusion,Lamb_education_Lucas,125,education,False,,,,
6.0,4.0,0.8,0.6666666666666666,0.7272727272727272,39.0,0.6666666666666666,0.07867730900798175,Abl: LSTM-AE+fusion,Lamb_education_Mae,125,education,False,,,,
,,,,,,,,Abl: LSTM-AE+fusion,Lamb_education_Willetta,125,education,False,,,,
6.0,0.0,0.0,0.0,0.0,,0.0,0.0,Abl: LSTM-AE+fusion,Lamb_education_Williams,125,education,False,,,,
6.0,0.0,0.0,0.0,0.0,,0.0,0.11234640140433001,Abl: LSTM-AE+fusion,Lamb_office_Caitlin,125,office,True,,,,
6.0,4.0,1.0,0.6666666666666666,0.8,59.0,0.6666666666666666,0.037251655629139076,Abl: LSTM-AE+fusion,Lamb_office_Velma,125,office,True,,,,
6.0,1.0,0.5,0.16666666666666666,0.25,0.0,0.16666666666666666,0.032947976878612714,Abl: LSTM-AE+fusion,Rat_retail_Jeffrey,125,retail,False,,,,
6.0,2.0,0.6666666666666666,0.3333333333333333,0.4444444444444444,26.5,0.3333333333333333,0.0581039755351682,Abl: LSTM-AE+fusion,Robin_education_Zenia,125,education,False,,,,
6.0,3.0,0.5,0.5,0.5,54.333333333333336,0.5,0.09274873524451939,Abl: LSTM-AE+fusion,Robin_office_Dina,125,office,True,,,,
6.0,2.0,0.75,0.3333333333333333,0.46153846153846156,55.0,0.3333333333333333,0.04819277108433735,Abl: LSTM-AE+fusion,Robin_office_Sammie,125,office,True,,,,
6.0,4.0,0.75,0.6666666666666666,0.7058823529411765,18.5,0.6666666666666666,0.11963882618510158,Abl: LSTM-AE+fusion,Shrew_office_Doris,125,office,True,,,,
6.0,3.0,0.75,0.5,0.6,114.0,0.5,0.1051792828685259,Abl: LSTM-AE+fusion,Shrew_office_Ila,125,office,True,,,,
6.0,6.0,0.8333333333333334,1.0,0.9090909090909091,36.5,1.0,0.17764578833693304,Abl: LSTM-AE+fusion,Shrew_office_Kenneth,125,office,True,,,,
6.0,3.0,0.42857142857142855,0.5,0.4615384615384615,35.333333333333336,0.5,0.12883435582822086,Abl: LSTM-AE+fusion,Shrew_office_Nora,125,office,True,,,,
6.0,4.0,1.0,0.6666666666666666,0.8,48.5,0.6666666666666666,0.15120525931336742,Abl: LSTM-AE+fusion,Shrew_office_Sherill,125,office,True,,,,
6.0,1.0,0.5,0.16666666666666666,0.25,86.0,0.16666666666666666,0.0572289156626506,Abl: LSTM-AE+fusion,Wolf_office_Darleen,125,office,True,,,,
6.0,3.0,0.75,0.5,0.6,21.333333333333332,0.5,0.10504420176807072,Abl: LSTM-AE+fusion,Wolf_retail_Harriett,125,retail,False,,,,
6.0,3.0,0.6,0.5,0.5454545454545454,61.333333333333336,0.5,0.10036363636363636,Abl: LSTM-AE+fusion,Wolf_retail_Marcella,125,retail,False,,,,
6.0,3.0,1.0,0.5,0.6666666666666666,60.666666666666664,0.5,0.045013850415512466,Abl: LSTM-AE+fusion,Wolf_retail_Toshia,125,retail,False,,,,
6.0,3.0,0.5416666666666666,0.5,0.52,18.0,0.5,0.01303780964797914,Abl: HOW-profile+z,Fox_education_Henrietta,125,education,False,,,,
6.0,5.0,0.32727272727272727,0.8333333333333334,0.46997389033942566,36.0,0.8333333333333334,0.10167389956602604,Abl: HOW-profile+z,Fox_retail_Manie,125,retail,False,,,,
6.0,5.0,0.6829268292682927,0.8333333333333334,0.7506702412868633,4.2,0.8333333333333334,0.02507645259938838,Abl: HOW-profile+z,Hog_education_Bruno,125,education,False,,,,
6.0,4.0,0.75,0.6666666666666666,0.7058823529411765,9.5,0.6666666666666666,0.009530292716133424,Abl: HOW-profile+z,Hog_education_Caridad,125,education,False,,,,
6.0,6.0,0.8571428571428571,1.0,0.923076923076923,9.333333333333334,1.0,0.005131128848346636,Abl: HOW-profile+z,Hog_education_Luvenia,125,education,False,,,,
6.0,5.0,0.5625,0.8333333333333334,0.6716417910447761,12.4,0.8333333333333334,0.04280936454849498,Abl: HOW-profile+z,Hog_office_Almeda,125,office,True,,,,
6.0,6.0,0.5531914893617021,1.0,0.7123287671232876,36.5,1.0,0.015024038461538462,Abl: HOW-profile+z,Hog_office_Cortney,125,office,True,,,,
6.0,5.0,0.6923076923076923,0.8333333333333334,0.7563025210084034,11.4,0.8333333333333334,0.007220216606498195,Abl: HOW-profile+z,Hog_office_Denita,125,office,True,,,,
6.0,5.0,0.6111111111111112,0.8333333333333334,0.7051282051282051,8.2,0.8333333333333334,0.012742382271468145,Abl: HOW-profile+z,Hog_office_Garrett,125,office,True,,,,
6.0,3.0,0.4117647058823529,0.5,0.45161290322580644,9.666666666666666,0.5,0.02776101388050694,Abl: HOW-profile+z,Hog_office_Lavon,125,office,True,,,,
6.0,5.0,0.7142857142857143,0.8333333333333334,0.7692307692307692,16.2,0.8333333333333334,0.0009799118079372856,Abl: HOW-profile+z,Hog_office_Merilyn,125,office,True,,,,
6.0,5.0,0.9285714285714286,0.8333333333333334,0.8783783783783784,44.2,0.8333333333333334,0.002178649237472767,Abl: HOW-profile+z,Hog_office_Miriam,125,office,True,,,,
6.0,5.0,0.3877551020408163,0.8333333333333334,0.5292479108635099,25.0,0.8333333333333334,0.02488425925925926,Abl: HOW-profile+z,Hog_office_Napoleon,125,office,True,,,,
6.0,6.0,0.2962962962962963,1.0,0.45714285714285713,14.166666666666666,1.0,0.03304904051172708,Abl: HOW-profile+z,Hog_office_Shawna,125,office,True,,,,
6.0,5.0,0.37735849056603776,0.8333333333333334,0.5194805194805195,12.6,0.8333333333333334,0.03050471436494731,Abl: HOW-profile+z,Hog_office_Shawnna,125,office,True,,,,
6.0,4.0,0.6111111111111112,0.6666666666666666,0.6376811594202899,11.5,0.6666666666666666,0.01539338654503991,Abl: HOW-profile+z,Hog_office_Sherrie,125,office,True,,,,
6.0,4.0,0.9230769230769231,0.6666666666666666,0.7741935483870968,35.25,0.6666666666666666,0.002386634844868735,Abl: HOW-profile+z,Hog_office_Shon,125,office,True,,,,
6.0,5.0,0.6923076923076923,0.8333333333333334,0.7563025210084034,14.6,0.8333333333333334,0.006285714285714286,Abl: HOW-profile+z,Hog_office_Sydney,125,office,True,,,,
6.0,6.0,0.9375,1.0,0.967741935483871,22.666666666666668,1.0,0.001948051948051948,Abl: HOW-profile+z,Hog_office_Valda,125,office,True,,,,
6.0,5.0,0.4878048780487805,0.8333333333333334,0.6153846153846153,25.6,0.8333333333333334,0.03626634958382877,Abl: HOW-profile+z,Lamb_education_Armando,125,education,False,,,,
6.0,6.0,0.25,1.0,0.4,3.5,1.0,0.05380710659898477,Abl: HOW-profile+z,Lamb_education_Eula,125,education,False,,,,
6.0,1.0,0.16666666666666666,0.16666666666666666,0.16666666666666666,2.0,0.16666666666666666,0.010069225928256766,Abl: HOW-profile+z,Lamb_education_Lazaro,125,education,False,,,,
6.0,6.0,0.7777777777777778,1.0,0.8750000000000001,32.166666666666664,1.0,0.01630837657524092,Abl: HOW-profile+z,Lamb_education_Lucas,125,education,False,,,,
6.0,6.0,0.5,1.0,0.6666666666666666,11.166666666666666,1.0,0.014823261117445839,Abl: HOW-profile+z,Lamb_education_Mae,125,education,False,,,,
,,,,,,,,Abl: HOW-profile+z,Lamb_education_Willetta,125,education,False,,,,
6.0,5.0,0.575,0.8333333333333334,0.6804733727810651,30.8,0.8333333333333334,0.04080267558528428,Abl: HOW-profile+z,Lamb_education_Williams,125,education,False,,,,
6.0,2.0,0.15789473684210525,0.3333333333333333,0.21428571428571427,37.0,0.3333333333333333,0.08484493856056173,Abl: HOW-profile+z,Lamb_office_Caitlin,125,office,True,,,,
6.0,6.0,0.7647058823529411,1.0,0.8666666666666666,41.166666666666664,1.0,0.03228476821192053,Abl: HOW-profile+z,Lamb_office_Velma,125,office,True,,,,
6.0,6.0,0.42028985507246375,1.0,0.5918367346938774,1.8333333333333333,1.0,0.06820809248554913,Abl: HOW-profile+z,Rat_retail_Jeffrey,125,retail,False,,,,
6.0,6.0,0.32978723404255317,1.0,0.496,10.666666666666666,1.0,0.07339449541284404,Abl: HOW-profile+z,Robin_education_Zenia,125,education,False,,,,
6.0,6.0,0.5777777777777777,1.0,0.732394366197183,10.833333333333334,1.0,0.02304665542439573,Abl: HOW-profile+z,Robin_office_Dina,125,office,True,,,,
6.0,4.0,0.9607843137254902,0.6666666666666666,0.78714859437751,78.0,0.6666666666666666,0.002008032128514056,Abl: HOW-profile+z,Robin_office_Sammie,125,office,True,,,,
6.0,5.0,0.5483870967741935,0.8333333333333334,0.6614785992217898,15.6,0.8333333333333334,0.018623024830699775,Abl: HOW-profile+z,Shrew_office_Doris,125,office,True,,,,
6.0,5.0,0.6829268292682927,0.8333333333333334,0.7506702412868633,46.8,0.8333333333333334,0.015139442231075698,Abl: HOW-profile+z,Shrew_office_Ila,125,office,True,,,,
6.0,5.0,0.25,0.8333333333333334,0.3846153846153846,2.0,0.8333333333333334,0.03455723542116631,Abl: HOW-profile+z,Shrew_office_Kenneth,125,office,True,,,,
6.0,6.0,0.6818181818181818,1.0,0.8108108108108109,10.666666666666666,1.0,0.016564417177914112,Abl: HOW-profile+z,Shrew_office_Nora,125,office,True,,,,
6.0,6.0,0.7288135593220338,1.0,0.8431372549019608,29.0,1.0,0.017531044558071585,Abl: HOW-profile+z,Shrew_office_Sherill,125,office,True,,,,
6.0,4.0,0.6578947368421053,0.6666666666666666,0.6622516556291391,11.25,0.6666666666666666,0.03433734939759036,Abl: HOW-profile+z,Wolf_office_Darleen,125,office,True,,,,
6.0,6.0,0.19480519480519481,1.0,0.32608695652173914,18.166666666666668,1.0,0.047321892875715026,Abl: HOW-profile+z,Wolf_retail_Harriett,125,retail,False,,,,
6.0,4.0,0.22580645161290322,0.6666666666666666,0.3373493975903614,71.0,0.6666666666666666,0.05309090909090909,Abl: HOW-profile+z,Wolf_retail_Marcella,125,retail,False,,,,
6.0,5.0,0.7857142857142857,0.8333333333333334,0.8088235294117647,48.2,0.8333333333333334,0.03254847645429363,Abl: HOW-profile+z,Wolf_retail_Toshia,125,retail,False,,,,
6.0,4.0,0.19047619047619047,0.6666666666666666,0.2962962962962963,49.5,0.6666666666666666,0.028481012658227847,Abl: channel-indep,Fox_education_Henrietta,123,education,False,,,,
6.0,3.0,0.3404255319148936,0.5,0.4050632911392405,60.0,0.5,0.0842358604091456,Abl: channel-indep,Fox_retail_Manie,123,retail,False,,,,
6.0,5.0,0.96,0.8333333333333334,0.8921933085501859,22.6,0.8333333333333334,0.0007262164124909223,Abl: channel-indep,Hog_education_Bruno,123,education,False,,,,
6.0,5.0,0.7222222222222222,0.8333333333333334,0.7738095238095238,52.2,0.8333333333333334,0.012391573729863693,Abl: channel-indep,Hog_education_Caridad,123,education,False,,,,
6.0,4.0,0.5263157894736842,0.6666666666666666,0.5882352941176471,78.75,0.6666666666666666,0.008318478906714201,Abl: channel-indep,Hog_education_Luvenia,123,education,False,,,,
6.0,6.0,0.328125,1.0,0.49411764705882355,6.833333333333333,1.0,0.03579676674364896,Abl: channel-indep,Hog_office_Almeda,123,office,True,,,,
6.0,4.0,0.5142857142857142,0.6666666666666666,0.5806451612903226,7.5,0.6666666666666666,0.011938202247191011,Abl: channel-indep,Hog_office_Cortney,123,office,True,,,,
6.0,6.0,0.9,1.0,0.9473684210526316,28.333333333333332,1.0,0.0019801980198019802,Abl: channel-indep,Hog_office_Denita,123,office,True,,,,
6.0,6.0,0.5652173913043478,1.0,0.7222222222222222,20.5,1.0,0.02681992337164751,Abl: channel-indep,Hog_office_Garrett,123,office,True,,,,
6.0,5.0,0.5,0.8333333333333334,0.625,46.0,0.8333333333333334,0.018392370572207085,Abl: channel-indep,Hog_office_Lavon,123,office,True,,,,
6.0,5.0,0.5,0.8333333333333334,0.625,1.6,0.8333333333333334,0.010165864098448368,Abl: channel-indep,Hog_office_Merilyn,123,office,True,,,,
6.0,4.0,0.75,0.6666666666666666,0.7058823529411765,24.25,0.6666666666666666,0.0037174721189591076,Abl: channel-indep,Hog_office_Miriam,123,office,True,,,,
6.0,6.0,0.8409090909090909,1.0,0.9135802469135803,22.5,1.0,0.0048134777376654635,Abl: channel-indep,Hog_office_Napoleon,123,office,True,,,,
6.0,4.0,0.2692307692307692,0.6666666666666666,0.38356164383561636,3.75,0.6666666666666666,0.014634146341463415,Abl: channel-indep,Hog_office_Shawna,123,office,True,,,,
6.0,6.0,0.6956521739130435,1.0,0.8205128205128205,24.833333333333332,1.0,0.020758768790264854,Abl: channel-indep,Hog_office_Shawnna,123,office,True,,,,
6.0,4.0,0.6666666666666666,0.6666666666666666,0.6666666666666666,2.0,0.6666666666666666,0.00528169014084507,Abl: channel-indep,Hog_office_Sherrie,123,office,True,,,,
6.0,6.0,0.5,1.0,0.6666666666666666,14.833333333333334,1.0,0.013310185185185185,Abl: channel-indep,Hog_office_Shon,123,office,True,,,,
6.0,5.0,0.7741935483870968,0.8333333333333334,0.802675585284281,9.0,0.8333333333333334,0.004169148302561048,Abl: channel-indep,Hog_office_Sydney,123,office,True,,,,
6.0,5.0,0.5652173913043478,0.8333333333333334,0.6735751295336787,11.6,0.8333333333333334,0.006097560975609756,Abl: channel-indep,Hog_office_Valda,123,office,True,,,,
6.0,4.0,0.7058823529411765,0.6666666666666666,0.6857142857142857,6.5,0.6666666666666666,0.006915629322268326,Abl: channel-indep,Lamb_education_Armando,123,education,False,,,,
6.0,6.0,0.17857142857142858,1.0,0.30303030303030304,8.5,1.0,0.09192944949225014,Abl: channel-indep,Lamb_education_Eula,123,education,False,,,,
6.0,3.0,0.5,0.5,0.5,64.33333333333333,0.5,0.013368983957219251,Abl: channel-indep,Lamb_education_Lazaro,123,education,False,,,,
6.0,6.0,0.4696969696969697,1.0,0.6391752577319588,3.5,1.0,0.03903345724907063,Abl: channel-indep,Lamb_education_Lucas,123,education,False,,,,
6.0,5.0,0.46875,0.8333333333333334,0.6,50.8,0.8333333333333334,0.02312925170068027,Abl: channel-indep,Lamb_education_Mae,123,education,False,,,,
,,,,,,,,Abl: channel-indep,Lamb_education_Willetta,123,education,False,,,,
6.0,2.0,0.34375,0.3333333333333333,0.3384615384615385,10.0,0.3333333333333333,0.04939024390243903,Abl: channel-indep,Lamb_education_Williams,123,education,False,,,,
6.0,5.0,0.3488372093023256,0.8333333333333334,0.4918032786885246,41.2,0.8333333333333334,0.12799495586380832,Abl: channel-indep,Lamb_office_Caitlin,123,office,True,,,,
6.0,6.0,0.6078431372549019,1.0,0.7560975609756097,57.0,1.0,0.04827586206896552,Abl: channel-indep,Lamb_office_Velma,123,office,True,,,,
6.0,5.0,0.6351351351351351,0.8333333333333334,0.7208588957055214,19.0,0.8333333333333334,0.08727272727272728,Abl: channel-indep,Rat_retail_Jeffrey,123,retail,False,,,,
6.0,5.0,0.2903225806451613,0.8333333333333334,0.430622009569378,3.4,0.8333333333333334,0.05356186395286556,Abl: channel-indep,Robin_education_Zenia,123,education,False,,,,
6.0,5.0,0.8055555555555556,0.8333333333333334,0.8192090395480227,13.2,0.8333333333333334,0.008160237388724036,Abl: channel-indep,Robin_office_Dina,123,office,True,,,,
6.0,4.0,1.0,0.6666666666666666,0.8,60.75,0.6666666666666666,0.0,Abl: channel-indep,Robin_office_Sammie,123,office,True,,,,
6.0,6.0,1.0,1.0,1.0,52.833333333333336,1.0,0.0,Abl: channel-indep,Shrew_office_Doris,123,office,True,,,,
6.0,5.0,0.925,0.8333333333333334,0.8767772511848342,76.4,0.8333333333333334,0.004962779156327543,Abl: channel-indep,Shrew_office_Ila,123,office,True,,,,
6.0,5.0,0.9,0.8333333333333334,0.8653846153846153,16.2,0.8333333333333334,0.0035112359550561797,Abl: channel-indep,Shrew_office_Kenneth,123,office,True,,,,
6.0,6.0,0.7714285714285715,1.0,0.870967741935484,28.833333333333332,1.0,0.005191434133679429,Abl: channel-indep,Shrew_office_Nora,123,office,True,,,,
6.0,3.0,0.5,0.5,0.5,1.0,0.5,0.0014204545454545455,Abl: channel-indep,Shrew_office_Sherill,123,office,True,,,,
6.0,6.0,0.34615384615384615,1.0,0.5142857142857142,16.666666666666668,1.0,0.012590799031476998,Abl: channel-indep,Wolf_office_Darleen,123,office,True,,,,
6.0,6.0,0.6037735849056604,1.0,0.7529411764705882,44.333333333333336,1.0,0.01885369532428356,Abl: channel-indep,Wolf_retail_Harriett,123,retail,False,,,,
6.0,4.0,0.7142857142857143,0.6666666666666666,0.689655172413793,6.5,0.6666666666666666,0.011356466876971609,Abl: channel-indep,Wolf_retail_Marcella,123,retail,False,,,,
6.0,4.0,0.3125,0.6666666666666666,0.425531914893617,57.5,0.6666666666666666,0.014607425441265977,Abl: channel-indep,Wolf_retail_Toshia,123,retail,False,,,,
