est_kwh,true_kwh,bias_pct,err_total_pct,err_matched_pct,missed_loss_pct,false_add_pct,per_event_err,model,building_id,seed
2212.2456247672026,2373.369318511601,-0.06788816746204629,0.06788816746204629,0.12192088055101027,0.9342100513950568,2.6115604309045515,[0.20587572 0.26318563 0.13095786 4.34427826 0.1510817  0.26962637],PatchTST-SSL,Fox_education_Henrietta,123
2444.5323848783933,2373.369318511601,0.029983983449916932,0.029983983449916932,0.17679065357041251,0.9342100513950568,4.243426540903355,[0.27263043 0.39429869 0.06821326 6.69359853 0.11817108 0.73732026],TOWT,Fox_education_Henrietta,123
4.20894089746972,2373.369318511601,-0.9982265967354338,0.9982265967354338,0.9892863840224365,0.9342100513950568,0.005362600332655723,[0.99212301 0.99844415 0.99914088 0.9915872  0.98602851 0.99170369],Autoencoder(t),Fox_education_Henrietta,123
1457.4476960645409,2373.369318511601,-0.38591618055526955,0.38591618055526955,0.6424216667021264,0.9342100513950568,3.5641191939829127,[0.6122076  0.57811399 0.46603581 8.36998626 0.6075167  0.75905656],LSTM-AE(t),Fox_education_Henrietta,123
8981.18273327445,9988.54459407402,-0.10085171581425525,0.10085171581425525,0.12406650375397936,0.027782720282782707,0.8458626443842151,[1.12373037 0.25388359 0.21426524 0.1787707  0.06460563 0.15761955],PatchTST-SSL,Fox_retail_Manie,123
10942.647899876054,9988.54459407402,0.09551975233389688,0.09551975233389688,0.10589920652891865,0.027782720282782707,1.0772756541582647,[0.50325268 1.14032315 0.16690376 0.03486708 0.04148564 0.22897095],TOWT,Fox_retail_Manie,123
36.62155614212574,9988.54459407402,-0.9963336444266513,0.9963336444266513,0.9963957957052837,0.027782720282782707,0.0038975189189961565,[0.99228463 0.99637329 0.96843348 0.99822843 0.95755327 0.99811027],Autoencoder(t),Fox_retail_Manie,123
14653.38887749429,9988.54459407402,0.46701941804292674,0.46701941804292674,0.3731456436916192,0.027782720282782707,3.08212626261581,[5.79345632 3.19064673 0.62366221 0.00726364 0.41580903 0.55233656],LSTM-AE(t),Fox_retail_Manie,123
59535.739326162584,54401.37673466893,0.094379276769693,0.094379276769693,0.094379276769693,0.0,0.31357014419613966,"[8.25048896e-02 6.48076170e-02 9.19057867e-02 8.56030231e-04
 6.98321895e-01 2.96514771e+00]",PatchTST-SSL,Hog_education_Bruno,123
60417.304462347485,54401.37673466893,0.11058410813792376,0.11058410813792376,0.11058410813792376,0.0,0.2575352403449559,[0.00829284 0.01004948 0.25070384 0.0187504  0.36428748 0.55141074],TOWT,Hog_education_Bruno,123
359.09345419753504,54401.37673466893,-0.9933991844370238,0.9933991844370238,0.9933991844370238,0.0,0.0009059711099239823,[0.99678176 0.99699663 0.99149399 0.99355786 0.98107081 0.9942209 ],Autoencoder(t),Hog_education_Bruno,123
114556.3663095215,54401.37673466893,1.1057622653236454,1.1057622653236454,1.1057622653236454,0.0,0.7636851633431043,[0.51905401 0.8389231  1.22220272 1.37269327 0.65133619 2.26017624],LSTM-AE(t),Hog_education_Bruno,123
91870.4358074615,194402.84155505014,-0.5274223613575831,0.5274223613575831,0.521440879454478,0.01249894035304718,0.42586497359060477,[1.         0.58200548 1.         0.05614006 0.52682637 0.45619778],PatchTST-SSL,Hog_education_Caridad,123
178645.45765047113,194402.84155505014,-0.0810553167769253,0.0810553167769253,0.08381802956866699,0.01249894035304718,0.6561715125447114,[0.02102799 0.20037188 0.26004906 0.10246169 0.60606181 0.37820651],TOWT,Hog_education_Caridad,123
352.44347303872837,194402.84155505014,-0.9981870456716605,0.9981870456716605,0.9981754773774535,0.01249894035304718,0.0048123865318403375,[0.99993383 0.99839405 0.99845459 0.99666005 0.99673319 0.99878773],Autoencoder(t),Hog_education_Caridad,123
118747.30442188766,194402.84155505014,-0.3891688852281446,0.3891688852281446,0.3835690222418065,0.01249894035304718,1.2458141627255952,[0.8729906  0.42425187 0.79946533 0.91123113 0.12742403 0.45731827],LSTM-AE(t),Hog_education_Caridad,123
86414.04311143672,74708.30184247419,0.1566859502929757,0.1566859502929757,0.08920809676704414,0.18185060188349778,0.45226032265175664,[0.13072342 0.46725    0.13911988 0.05522843 0.47297043 0.47700759],PatchTST-SSL,Hog_education_Luvenia,123
86347.18117156805,74708.30184247419,0.15579097693366076,0.15579097693366076,0.0912607544712755,0.18185060188349778,0.24025082082408883,[0.11728487 0.26252588 0.34457102 0.07148237 0.45069218 0.43029253],TOWT,Hog_education_Luvenia,123
606.3891969077109,74708.30184247419,-0.9918832421303551,0.9918832421303551,0.9906848497298587,0.18185060188349778,0.0017505302408733342,[0.99352727 0.96714264 0.9819069  0.98950311 0.99860949 0.97080778],Autoencoder(t),Hog_education_Luvenia,123
212684.09202672596,74708.30184247419,1.8468602120709414,1.8468602120709414,2.0851938592558747,0.18185060188349778,1.5163632746980882,[2.23631947 0.29309037 1.51343746 2.04845603 0.77191289 0.25944215],LSTM-AE(t),Hog_education_Luvenia,123
13325.591127114665,9417.311027781248,0.4150101964142328,0.4150101964142328,0.21083909946895393,0.0037209838628509333,1.4774390632505183,[ 0.66156452  0.29496732  0.98146822  0.20056528 55.08103055  0.45285763],PatchTST-SSL,Hog_office_Almeda,123
12395.037485971237,9417.311027781248,0.3161971022732114,0.3161971022732114,0.14160075526700366,0.0037209838628509333,0.8909279539870056,"[1.77254681e-01 2.32705768e-01 1.19850031e-01 1.67431233e-02
 4.70636927e+01 4.65109049e-01]",TOWT,Hog_office_Almeda,123
31.271270991652084,9417.311027781248,-0.9966793842850256,0.9966793842850256,0.9968484127877635,0.0037209838628509333,0.003725658500787946,[0.98644285 0.99779502 0.9820176  0.96894016 0.95142266 0.9994957 ],Autoencoder(t),Hog_office_Almeda,123
18240.200187882474,9417.311027781248,0.9368798730416287,0.9368798730416287,0.6917349254316123,0.0037209838628509333,2.7255447855611594,"[5.19537270e-01 9.32538451e-01 6.36771455e-02 7.67596953e-01
 6.65734900e+01 4.22602993e-01]",LSTM-AE(t),Hog_office_Almeda,123
17792.53488402955,13863.27034193821,0.2834298434046112,0.2834298434046112,0.08933767564783383,0.1116351972982929,1.60433890755095,[0.09910453 4.608515   0.38918959 6.26839825 0.22729837 0.47074966],PatchTST-SSL,Hog_office_Cortney,123
14177.868477179802,13863.27034193821,0.022692923637930545,0.022692923637930545,0.011169621314106055,0.1116351972982929,0.3684655892965403,[0.01307171 0.59000935 0.03609263 1.07338907 0.03969204 0.79752951],TOWT,Hog_office_Cortney,123
50.95579979555146,13863.27034193821,-0.9963244026453554,0.9963244026453554,0.9973431315707368,0.1116351972982929,0.003696505039440725,[0.99764517 0.98856301 0.98400364 0.98755447 0.99914031 0.98840315],Autoencoder(t),Hog_office_Cortney,123
27702.495793576254,13863.27034193821,0.9982655686784504,0.9982655686784504,0.5908625246051161,0.1116351972982929,2.2370033120847146,[0.63844004 5.22103424 0.48172082 5.34695661 0.86683634 2.90285206],LSTM-AE(t),Hog_office_Cortney,123
17887.87719333203,22167.1395612787,-0.19304531178310586,0.19304531178310586,0.19304531178310586,0.0,0.5112464836872491,[0.37110774 0.03359521 0.02523596 0.5356994  0.16893825 0.09745077],PatchTST-SSL,Hog_office_Denita,123
17168.420577766065,22167.1395612787,-0.22550130880415162,0.22550130880415162,0.22550130880415162,0.0,0.178190537980086,[0.03283954 0.00800593 0.04492066 0.49126778 0.04943179 0.04355296],TOWT,Hog_office_Denita,123
54.81025038453633,22167.1395612787,-0.9975274098747373,0.9975274098747373,0.9975274098747373,0.0,0.0017794193014779617,[0.97362336 0.99860053 0.98340062 0.99917345 0.99875162 0.94760952],Autoencoder(t),Hog_office_Denita,123
22993.922233608802,22167.1395612787,0.03729767072763499,0.03729767072763499,0.03729767072763499,0.0,1.2911622395567024,[0.42213112 0.53004859 0.23067923 0.4825671  0.5148906  0.73072256],LSTM-AE(t),Hog_office_Denita,123
32168.404329405876,74761.55072201448,-0.5697199426879532,0.5697199426879532,0.49890470375393964,0.19815972843965995,0.36250233882593763,[0.06179785 0.85626914 0.47759004 0.5305101  0.07534545 0.13808896],PatchTST-SSL,Hog_office_Garrett,123
69563.96464959478,74761.55072201448,-0.06952218115092151,0.06952218115092151,0.03097714277360615,0.19815972843965995,0.3307174137739274,[0.03380552 0.47618607 0.27986446 0.10878738 0.14486461 0.05227067],TOWT,Hog_office_Garrett,123
154.6181728339938,74761.55072201448,-0.9979318490408405,0.9979318490408405,0.9978817711913524,0.19815972843965995,0.0027855855156686308,[0.99513246 0.99813449 0.99859684 0.99817946 0.98133752 0.99999869],Autoencoder(t),Hog_office_Garrett,123
37365.93993259673,74761.55072201448,-0.5001984366063469,0.5001984366063469,0.4938360816131933,0.19815972843965995,0.9873219994452855,[0.42972829 0.52594329 0.5707647  0.4650173  0.71580213 0.87709058],LSTM-AE(t),Hog_office_Garrett,123
118044.33851519064,43327.82005139158,1.724446749805945,1.724446749805945,8.33392251370152,0.7495875596487541,3.148673480251488,[12.04033144  0.89906688 35.20679562  0.39676908  0.07659818  0.36525554],PatchTST-SSL,Hog_office_Lavon,123
174881.53784077882,43327.82005139158,3.0362413256275067,3.0362413256275067,10.45788478420055,0.7495875596487541,4.29008848152518,[17.04041043  0.36183352 38.12584227  0.59766449  0.14798698  0.29496995],TOWT,Hog_office_Lavon,123
258.94352807600285,43327.82005139158,-0.9940236197489543,0.9940236197489543,0.9886067512426385,0.7495875596487541,0.009823405661793596,[0.98686539 0.98814132 0.94657145 0.99743991 0.99935162 0.99816593],Autoencoder(t),Hog_office_Lavon,123
133239.72795312485,43327.82005139158,2.075154203352207,2.075154203352207,8.867983141942778,0.7495875596487541,4.405027322921758,"[1.35056756e+01 2.56109356e-02 3.76523599e+01 2.29300996e-01
 3.97328982e-01 6.76980911e-01]",LSTM-AE(t),Hog_office_Lavon,123
1106.5707373335347,3404.8623827046636,-0.6750028010076206,0.6750028010076206,0.6750028010076206,0.0,1.2760003501684412,[0.2581993  0.74064681 0.17040909 0.12039973 0.10297507 0.29767701],PatchTST-SSL,Hog_office_Merilyn,123
3032.0294855822544,3404.8623827046636,-0.10950013692660555,0.10950013692660555,0.10950013692660555,0.0,1.1622557648924352,[0.23245231 0.11616293 0.01830654 0.27022006 0.16220733 0.01919116],TOWT,Hog_office_Merilyn,123
7.61204758412312,3404.8623827046636,-0.9977643596925417,0.9977643596925417,0.9977643596925417,0.0,0.0039532471735622765,[0.99527069 0.99909953 0.97720524 0.99601961 0.98389375 0.97837386],Autoencoder(t),Hog_office_Merilyn,123
1315.6365179723,3404.8623827046636,-0.6136006774737192,0.6136006774737192,0.6136006774737192,0.0,2.4892228402726357,[0.40907289 0.61874706 0.60156145 0.58009351 0.61931231 0.60482935],LSTM-AE(t),Hog_office_Merilyn,123
2469.305687656769,2733.19612771947,-0.09655012949359276,0.09655012949359276,0.1738493471872079,0.030668568288290902,0.874744345005061,[0.05363895 0.21991367 5.43050425 0.17742564 1.46049494 0.49736605],PatchTST-SSL,Hog_office_Miriam,123
2485.655768895615,2733.19612771947,-0.09056809217361153,0.09056809217361153,0.15056521564399392,0.030668568288290902,0.5159472750041836,[0.05103913 0.18127165 6.38479007 0.15671486 0.48999301 0.1184177 ],TOWT,Hog_office_Miriam,123
10.271208564823192,2733.19612771947,-0.9962420521305972,0.9962420521305972,0.9970755425576069,0.030668568288290902,0.0037339936121044996,[0.96679799 0.99896734 0.89512626 0.99909945 0.99138323 0.96281798],Autoencoder(t),Hog_office_Miriam,123
3494.830226061155,2733.19612771947,0.27866060932011444,0.27866060932011444,0.0028667809045259326,0.030668568288290902,2.5472343196347955,"[2.71680076e-01 2.16986643e-03 3.63445005e+01 2.97932933e-02
 1.37041228e+00 5.99751863e-01]",LSTM-AE(t),Hog_office_Miriam,123
10831.757548087522,13164.94391405967,-0.17722721655353135,0.17722721655353135,0.11145111257759432,0.09425095099880478,1.3874775417071563,[0.48689743 0.80933377 0.20389282 0.42335608 0.45162021 0.16825524],PatchTST-SSL,Hog_office_Napoleon,123
13320.436850389053,13164.94391405967,0.011811135493203468,0.011811135493203468,0.07956846629048298,0.09425095099880478,0.7786840234123058,[0.91045378 0.63933495 0.05867088 0.30057748 0.21887847 0.11611252],TOWT,Hog_office_Napoleon,123
67.1428205418702,13164.94391405967,-0.9948998779652859,0.9948998779652859,0.9945306745564106,0.09425095099880478,0.0038288055667385678,[0.99550226 0.99844791 0.96149154 0.99896141 0.96930171 0.95271939],Autoencoder(t),Hog_office_Napoleon,123
13473.006024912433,13164.94391405967,0.02340018406943338,0.02340018406943338,0.04554373956670457,0.09425095099880478,3.026976695743997,[0.99644529 0.18939878 0.70514312 0.37386543 0.37201219 0.09029608],LSTM-AE(t),Hog_office_Napoleon,123
13402.21931661442,6758.17610943246,0.9831118780566841,0.9831118780566841,0.11521973749998754,0.8609611090408905,5.161838161173992,[0.24565748 0.0644602  3.47514252 0.9588344  0.95756879 1.08630009],PatchTST-SSL,Hog_office_Shawna,123
9933.757553629694,6758.17610943246,0.46988734723338144,0.46988734723338144,0.05805176951050983,0.8609611090408905,2.9068873046417036,[0.02158291 0.16774973 3.67146963 0.0287347  0.56267264 0.36782483],TOWT,Hog_office_Shawna,123
47.49337285738435,6758.17610943246,-0.9929724570522663,0.9929724570522663,0.9845132237137423,0.8609611090408905,0.016816599219197478,[0.97654141 0.99549452 0.97423525 0.99374831 0.99768716 0.99573224],Autoencoder(t),Hog_office_Shawna,123
15412.803766821482,6758.17610943246,1.2806158817479856,1.2806158817479856,0.5974570142992363,0.8609611090408905,8.002803280534831,[0.80687845 0.30897587 3.25076461 2.78273291 0.40304674 1.22544406],LSTM-AE(t),Hog_office_Shawna,123
90748.35474858232,125372.16791342666,-0.2761682576052537,0.2761682576052537,0.2761682576052537,0.0,0.16330454083965099,[0.07676757 0.44740104 0.17565694 0.94142893 0.02136082 0.11754809],PatchTST-SSL,Hog_office_Shawnna,123
112201.94543606459,125372.16791342666,-0.10504901284355642,0.10504901284355642,0.10504901284355642,0.0,0.11041217880999415,[0.00520877 0.19820297 0.1670387  0.19709752 0.10375156 0.03886438],TOWT,Hog_office_Shawnna,123
222.36473466445943,125372.16791342666,-0.9982263628493845,0.9982263628493845,0.9982263628493845,0.0,0.0014958336794004014,[0.99904115 0.9991036  0.99875081 0.99814232 0.96979369 0.98153618],Autoencoder(t),Hog_office_Shawnna,123
110868.37189106492,125372.16791342666,-0.11568593144514386,0.11568593144514386,0.11568593144514386,0.0,0.8606532401906016,[0.13780872 0.29819191 0.45232339 0.43378173 0.27486563 0.60321315],LSTM-AE(t),Hog_office_Shawnna,123
5388.970646374717,4999.540930113644,0.07789309492706178,0.07789309492706178,0.11815408544999363,0.019536138756372078,1.5677668667660263,"[1.92190224e+02 5.49326513e+00 3.90153757e-01 3.33611160e-02
 4.24004157e-01 1.02923317e-01]",PatchTST-SSL,Hog_office_Sherrie,123
6735.565427985975,4999.540930113644,0.3472367807643629,0.3472367807643629,0.3384808030518632,0.019536138756372078,1.138342146316752,[0.78979643 0.82493487 0.06652783 0.046713   0.01388411 0.37126524],TOWT,Hog_office_Sherrie,123
10.489967864898867,4999.540930113644,-0.9979018137841987,0.9979018137841987,0.9983613015187335,0.019536138756372078,0.005223297167358985,[0.5763527  0.98451255 0.99611511 0.99320795 0.99964814 0.9986341 ],Autoencoder(t),Hog_office_Sherrie,123
4440.788950208922,4999.540930113644,-0.1117606571713818,0.1117606571713818,0.21520890698730094,0.019536138756372078,1.7960555610060112,[78.80278486  3.29079998  0.64284371  0.4278541   0.50313822  0.18200027],LSTM-AE(t),Hog_office_Sherrie,123
11315.815710390216,7850.146933398892,0.4414782049806535,0.4414782049806535,0.4414782049806535,0.0,1.7859733980767458,[0.28374151 1.49284656 8.72179692 0.0332097  0.27824554 0.16946576],PatchTST-SSL,Hog_office_Shon,123
9250.473784157955,7850.146933398892,0.17838224719097862,0.17838224719097862,0.17838224719097862,0.0,1.0944157064291733,[0.19262002 0.56160681 4.11296052 0.02434676 0.2013593  0.06832343],TOWT,Hog_office_Shon,123
43.05221889253171,7850.146933398892,-0.9945157435576952,0.9945157435576952,0.9945157435576952,0.0,0.0057329766367788075,[0.98724607 0.99562105 0.98189286 0.95679913 0.99951674 0.99703766],Autoencoder(t),Hog_office_Shon,123
22685.7992695894,7850.146933398892,1.8898566437108826,1.8898566437108826,1.8898566437108826,0.0,5.062976009613344,[ 0.3051023   2.59596642 18.27392408  0.40801554  0.36613425  1.70150682],LSTM-AE(t),Hog_office_Shon,123
31820.722015430263,35688.41172784455,-0.108373825708715,0.108373825708715,0.11117435394318287,0.007569018960497368,0.15403731718803887,[0.05472643 0.25882449 0.12115406 0.02986969 0.13731587 0.10653195],PatchTST-SSL,Hog_office_Sydney,123
32242.339628944326,35688.41172784455,-0.09655997372983548,0.09655997372983548,0.09818747242904607,0.007569018960497368,0.06314678509517833,[0.02957431 0.11683362 0.0907047  0.09067458 0.07482146 0.10851417],TOWT,Hog_office_Sydney,123
254.94816108322618,35688.41172784455,-0.9928562760644148,0.9928562760644148,0.992886951253417,0.007569018960497368,0.0009793537303910296,[0.9700362  0.98883422 0.99576726 0.99852013 0.98956532 0.99037139],Autoencoder(t),Hog_office_Sydney,123
71656.83685592012,35688.41172784455,1.0078460594538745,1.0078460594538745,1.0187732049280318,0.007569018960497368,0.8753536007818622,[0.4606505  0.42489414 0.5654199  0.86544391 0.50339363 1.53165388],LSTM-AE(t),Hog_office_Sydney,123
2315.8882150695476,2589.0456041595153,-0.10550505122471299,0.10550505122471299,0.17308245590468785,0.043901332227465444,2.718525505063805,[0.11550042 0.21912186 0.04138267 0.05264016 1.36621946 0.29287743],PatchTST-SSL,Hog_office_Valda,123
2544.6301000313706,2589.0456041595153,-0.017155164844059722,0.017155164844059722,0.05192383333720861,0.043901332227465444,1.767479415149357,[0.01420831 0.07381249 0.04592815 0.00137727 0.74004914 0.16449151],TOWT,Hog_office_Valda,123
13.040967112776926,2589.0456041595153,-0.9949630214733084,0.9949630214733084,0.995169815881144,0.043901332227465444,0.008550888072629227,[0.97768378 0.99839725 0.97909397 0.98989746 0.99045938 0.97717924],Autoencoder(t),Hog_office_Valda,123
1886.5649587429227,2589.0456041595153,-0.2713280307955949,0.2713280307955949,0.380581373347589,0.043901332227465444,4.245071882513682,[0.7991145  0.32507056 0.54393517 0.76627098 2.10802972 0.44438503],LSTM-AE(t),Hog_office_Valda,123
13364.38124147762,3934.357376597145,2.3968396772935185,2.3968396772935185,2.9558756475423165,0.7667205644254934,3.7523111685888417,"[1.91238026e+00 1.74258359e+02 1.29842392e+00 9.50268526e-02
 8.50731964e-02 2.62569819e+01]",PatchTST-SSL,Lamb_education_Armando,123
13099.934083049704,3934.357376597145,2.3296248482591926,2.3296248482591926,2.3076328950900202,0.7667205644254934,3.2543815744875313,"[2.16640537e+00 1.87596379e+02 1.19294251e+00 1.92591857e-02
 1.40039410e-02 2.06679337e+01]",TOWT,Lamb_education_Armando,123
41.23068301705374,3934.357376597145,-0.9895203513381099,0.9895203513381099,0.9826263978512022,0.7667205644254934,0.014869879604038367,[0.99359685 0.2171021  0.99531718 0.98636178 0.9889894  0.9379883 ],Autoencoder(t),Lamb_education_Armando,123
23704.0483687355,3934.357376597145,5.024884396556092,5.024884396556092,4.447848929330675,0.7667205644254934,8.928819842930244,"[4.32149923e+00 4.92194174e+02 2.56315924e+00 8.74044609e-01
 3.88216615e-01 4.41225595e+01]",LSTM-AE(t),Lamb_education_Armando,123
232.50950678595387,281.50345907383456,-0.17404387302761432,0.17404387302761432,0.17404387302761432,0.0,3.115543645544932,[0.07107951 0.30897245 0.18045676 0.64820906 0.02443433 0.04238675],PatchTST-SSL,Lamb_education_Eula,123
231.00320048036636,281.50345907383456,-0.1793948065846774,0.1793948065846774,0.1793948065846774,0.0,3.1552346229897923,[0.02496366 0.27857882 0.01509887 0.34035148 0.00766387 0.00336776],TOWT,Lamb_education_Eula,123
2.4733916229709,281.50345907383456,-0.9912136368373287,0.9912136368373287,0.9912136368373287,0.0,0.010759546593967778,[0.96225559 0.99804285 0.97858588 0.97440801 0.97330077 0.99380926],Autoencoder(t),Lamb_education_Eula,123
287.18770208934103,281.50345907383456,0.020192444647778085,0.020192444647778085,0.020192444647778085,0.0,8.60034547103866,[0.81205149 0.20067274 0.29391095 0.01904941 0.47297942 0.91286465],LSTM-AE(t),Lamb_education_Eula,123
5471.511473094861,2732.2174995928317,1.0025900111942962,1.0025900111942962,1.0643549627060007,0.05178845972647008,5.3294579969883715,"[2.57611110e+00 1.53107739e-01 1.28284321e-01 5.72767555e-02
 1.51815995e-03 4.96081187e-01]",PatchTST-SSL,Lamb_education_Lazaro,123
5494.266274767264,2732.2174995928317,1.0109183385239449,1.0109183385239449,1.0651123533196942,0.05178845972647008,5.476496099070724,[2.43022814 0.04077346 0.01866272 0.03835394 0.03620664 0.51864631],TOWT,Lamb_education_Lazaro,123
76.71922335825928,2732.2174995928317,-0.9719205285195296,0.9719205285195296,0.9713420360128192,0.05178845972647008,0.018663781535322627,[0.99007551 0.96648535 0.98251233 0.98403227 0.94882747 0.94838397],Autoencoder(t),Lamb_education_Lazaro,123
9181.585831655622,2732.2174995928317,2.3604886261887668,2.3604886261887668,2.472429334783519,0.05178845972647008,22.270586583298883,[6.23500419 0.14159267 0.31093024 0.55201716 0.58330843 0.85857234],LSTM-AE(t),Lamb_education_Lazaro,123
1395.641959788636,689.9874148777225,1.0227063997043593,1.0227063997043593,0.8776288409930976,0.12948312866631045,3.4729993469308487,"[1.99806484e+00 1.04539916e-01 6.62892900e-01 4.27071996e-02
 5.00090922e+00 2.55978509e-03]",PatchTST-SSL,Lamb_education_Lucas,123
1159.161643822073,689.9874148777225,0.67997505291817,0.67997505291817,0.5848859754503264,0.12948312866631045,2.3853933395297813,[1.31926024 0.01509758 0.43332667 0.00936032 3.44630788 0.00493986],TOWT,Lamb_education_Lucas,123
10.09585097713066,689.9874148777225,-0.9853680650408387,0.9853680650408387,0.9853458372017273,0.12948312866631045,0.01330243114277301,[0.9855175  0.97983633 0.99357532 0.96600732 0.9756218  0.97077132],Autoencoder(t),Lamb_education_Lucas,123
4295.71407173581,689.9874148777225,5.2257861217614865,5.2257861217614865,4.110148633936642,0.12948312866631045,11.300662840467458,[12.72623244  0.50089231  4.77883913  0.49804387 14.85587302  0.77560797],LSTM-AE(t),Lamb_education_Lucas,123
10111.835793657974,9386.55849108594,0.0772676485488055,0.0772676485488055,0.6036529845153572,0.4039466230890896,2.5576348489580245,"[2.48276886e+02 1.66611898e-01 7.02757932e-02 5.31553515e-01
 2.51579888e-01 6.99453183e-01]",PatchTST-SSL,Lamb_education_Mae,123
8830.99340443971,9386.55849108594,-0.05918730354408684,0.05918730354408684,0.4478714702551336,0.4039466230890896,2.1653480078202776,"[1.44072258e+02 1.33139657e-01 1.20544247e-01 3.10413437e-01
 3.93270989e-01 8.07390351e-01]",TOWT,Lamb_education_Mae,123
39.65837419702718,9386.55849108594,-0.9957749824672493,0.9957749824672493,0.9936794808717232,0.4039466230890896,0.007041932375255853,[0.62943284 0.97180431 0.98944973 0.99654512 0.99703598 0.99886705],Autoencoder(t),Lamb_education_Mae,123
22615.374408834163,9386.55849108594,1.4093361193360836,1.4093361193360836,2.5787322383071887,0.4039466230890896,5.219893158490982,"[4.88542031e+02 1.43568237e-01 7.89429356e-01 2.23087233e+00
 2.78410526e+00 3.16195092e-01]",LSTM-AE(t),Lamb_education_Mae,123
0.0,0.0,0.0,0.0,,0.0,1352.1125794172485,[],PatchTST-SSL,Lamb_education_Willetta,123
0.0,0.0,0.0,0.0,,0.0,124.31137540798335,[],TOWT,Lamb_education_Willetta,123
0.0,0.0,0.0,0.0,,0.0,2.941423490828246,[],Autoencoder(t),Lamb_education_Willetta,123
0.0,0.0,0.0,0.0,,0.0,2599.010560611493,[],LSTM-AE(t),Lamb_education_Willetta,123
6848.393965904019,4340.983674226856,0.5776133890030676,0.5776133890030676,0.19974628105024264,0.1692917410734572,3.4365767844733806,[ 0.2091792  20.42506125  1.6639294   0.14740855  3.54601582  0.07557067],PatchTST-SSL,Lamb_education_Williams,123
5871.395696472904,4340.983674226856,0.3525495917739473,0.3525495917739473,0.08291201863307199,0.1692917410734572,2.3274144636279934,[ 0.09081833 13.57911735  1.          0.01387334  2.61864024  0.02116725],TOWT,Lamb_education_Williams,123
39.21716389606763,4340.983674226856,-0.9909658347418105,0.9909658347418105,0.9952694083294195,0.1692917410734572,0.01343915830797183,[0.99678196 0.93443252 0.82620026 0.9739613  0.99397966 0.97535813],Autoencoder(t),Lamb_education_Williams,123
12322.654227712437,4340.983674226856,1.8386778556376726,1.8386778556376726,0.9296607983991948,0.1692917410734572,9.732593991741794,[ 1.06365524 46.59205102 10.99179482  0.29193872 10.35953437  0.83425173],LSTM-AE(t),Lamb_education_Williams,123
1498.8028184137042,2334.791275192391,-0.35805704161276675,0.35805704161276675,0.3218542964424776,0.05338490678385352,1.5923638767141806,[1.         2.07795166 0.74959334 0.89670734 0.9164782  1.        ],PatchTST-SSL,Lamb_office_Caitlin,123
1515.8027135040466,2334.791275192391,-0.3507759217666505,0.3507759217666505,0.31562480809791016,0.05338490678385352,1.9800242661616538,[0.86739886 1.98068194 0.02641618 0.99345443 0.23875976 1.        ],TOWT,Lamb_office_Caitlin,123
23.858207591070258,2334.791275192391,-0.9897814387758904,0.9897814387758904,0.9937822187562562,0.05338490678385352,0.022944908480867665,[0.58906901 0.987825   0.99926425 0.99447059 0.99858173 0.99899633],Autoencoder(t),Lamb_office_Caitlin,123
3158.829830808895,2334.791275192391,0.35293885340932757,0.35293885340932757,0.22728529610453635,0.05338490678385352,3.841087091670132,[16.6488618   4.45597894  0.85391588  0.75040487  0.85412503  0.83840806],LSTM-AE(t),Lamb_office_Caitlin,123
14689.46512107921,9813.136828809173,0.4969184041084834,0.4969184041084834,0.5000986481904987,0.42354386175299047,1.902683803473898,[0.74125599 2.00872562 0.04232867 0.10879046 0.52668356 0.30980115],PatchTST-SSL,Lamb_office_Velma,123
16215.388677396946,9813.136828809173,0.6524164454522019,0.6524164454522019,0.7997301562256156,0.42354386175299047,1.9813388331845736,[1.1679882  2.67500193 0.33242418 0.06423016 0.68903374 0.69465375],TOWT,Lamb_office_Velma,123
58.756990519198936,9813.136828809173,-0.9940124150366779,0.9940124150366779,0.9921679918976789,0.42354386175299047,0.005434750940658559,[0.99339114 0.99474231 0.99715089 0.97489021 0.99572925 0.99157991],Autoencoder(t),Lamb_office_Velma,123
27345.515417483646,9813.136828809173,1.7866232678223068,1.7866232678223068,2.3670293158413136,0.42354386175299047,3.7864393019615155,[2.34373051 2.61295528 0.42642074 0.48365646 2.5939161  3.32707952],LSTM-AE(t),Lamb_office_Velma,123
10591.57913038779,13741.885133980677,-0.22924845993675705,0.22924845993675705,0.22837028674105095,0.01377387200028814,0.4680862169568804,[0.4548158  0.29212674 0.35622556 0.51577262 0.62743321 0.29628935],PatchTST-SSL,Rat_retail_Jeffrey,123
19945.859664657626,13741.885133980677,0.4514645894787664,0.4514645894787664,0.4563405500699476,0.01377387200028814,0.8851144029051953,[1.26965718 0.10233983 0.30034955 0.50351906 0.82651142 0.14990041],TOWT,Rat_retail_Jeffrey,123
27.524178182587633,13741.885133980677,-0.9979970595071759,0.9979970595071759,0.9979849905380447,0.01377387200028814,0.0027740871282989224,[0.99515992 0.99886121 0.99907804 0.99739018 0.99428046 0.9896405 ],Autoencoder(t),Rat_retail_Jeffrey,123
13880.72883199355,13741.885133980677,0.010103686405407616,0.010103686405407616,0.019396870145758784,0.01377387200028814,1.4685682445477966,[0.21346248 0.65529967 0.24099233 0.84980537 0.37795343 0.70918909],LSTM-AE(t),Rat_retail_Jeffrey,123
50645.79868520212,33588.96758583762,0.5078105200993526,0.5078105200993526,0.5078105200993526,0.0,3.1508105769497456,[0.63484284 0.79398427 0.50563387 0.33107277 0.66171383 0.52232507],PatchTST-SSL,Robin_education_Zenia,123
56381.222947650014,33588.96758583762,0.6785637368450249,0.6785637368450249,0.6785637368450249,0.0,3.952213415372716,[0.70342757 0.67474659 0.67385958 0.62272383 1.45921447 0.44634844],TOWT,Robin_education_Zenia,123
1317.9323225035598,33588.96758583762,-0.9607629404168038,0.9607629404168038,0.9607629404168038,0.0,0.006356968559840668,[0.95473107 0.95574423 0.9608582  0.95372366 0.97137694 0.96991744],Autoencoder(t),Robin_education_Zenia,123
351329.474760818,33588.96758583762,9.459668754717896,9.459668754717896,9.459668754717896,0.0,7.324349682814759,[1.5432215  0.74738201 9.84483133 1.59161074 0.78897026 0.58758933],LSTM-AE(t),Robin_education_Zenia,123
7526.466506480445,6397.499952015792,0.17646995903593973,0.17646995903593973,0.15770557433112606,0.017267702833733592,0.2874807656277689,"[1.25201188e-01 2.89943203e+01 3.68964910e-01 1.59641391e-01
 1.24438079e+00 1.11302931e-02]",PatchTST-SSL,Robin_office_Dina,123
8577.41476339346,6397.499952015792,0.3407447952681576,0.3407447952681576,0.31074266298812686,0.017267702833733592,0.3281592534289947,[ 0.41338625 30.63290902  0.16775495  0.05484982  2.04821363  0.05274699],TOWT,Robin_office_Dina,123
20.345244714579707,6397.499952015792,-0.9968198132290459,0.9968198132290459,0.9970952878565947,0.017267702833733592,0.00194531192368302,[0.9980918  0.92154439 0.99473278 0.99855448 0.98114212 0.99697902],Autoencoder(t),Robin_office_Dina,123
15123.847771583907,6397.499952015792,1.3640246791746402,1.3640246791746402,1.2517742099326803,0.017267702833733592,1.5862612715243578,[ 1.0312224  63.36372853  0.37000615  0.44993821  7.75237654  1.03137176],LSTM-AE(t),Robin_office_Dina,123
24330.482153797922,28638.901961943724,-0.1504394202637715,0.1504394202637715,0.1635453086458402,0.06094400549284368,0.10175667517805112,[0.0246422  1.33163426 0.10675112 0.08839781 0.35914632 0.15429876],PatchTST-SSL,Robin_office_Sammie,123
25356.869281648014,28638.901961943724,-0.11460050684404655,0.11460050684404655,0.11235640982721094,0.06094400549284368,0.09315923097144722,[0.20648571 2.58198643 0.25740641 0.16080024 0.34274481 0.11231694],TOWT,Robin_office_Sammie,123
148.69267911919846,28638.901961943724,-0.9948080174541334,0.9948080174541334,0.9946298284803876,0.06094400549284368,0.0009669594454456598,[0.99810721 0.97117154 0.99747094 0.98140251 0.99898894 0.99242784],Autoencoder(t),Robin_office_Sammie,123
65059.24727074211,28638.901961943724,1.271708858014001,1.271708858014001,1.261288641706694,0.06094400549284368,0.8958294376757803,[ 0.85295905 29.04128789  1.63889503  0.80910754  0.10233524  1.71188226],LSTM-AE(t),Robin_office_Sammie,123
34894.37797820255,37713.79795495542,-0.07475831471866945,0.07475831471866945,0.07475831471866945,0.0,0.2917056599555609,[0.28462984 0.16166359 0.00542542 0.05111945 0.16957619 0.13600404],PatchTST-SSL,Shrew_office_Doris,123
42888.425231548004,37713.79795495542,0.13720780078349706,0.13720780078349706,0.13720780078349706,0.0,0.27358947124057353,[0.08008232 0.43133477 0.06369009 0.01983888 0.00966156 0.0613881 ],TOWT,Shrew_office_Doris,123
130.82517087569562,37713.79795495542,-0.9965311059089845,0.9965311059089845,0.9965311059089845,0.0,0.0017820072410022585,[0.99818553 0.99834874 0.98456337 0.96247318 0.99679377 0.98116511],Autoencoder(t),Shrew_office_Doris,123
52124.1080515623,37713.79795495542,0.3820964972506417,0.3820964972506417,0.3820964972506417,0.0,1.294899553254988,[0.06589845 0.66306797 0.20650538 0.54485243 0.41626878 0.04468912],LSTM-AE(t),Shrew_office_Doris,123
56352.248964307655,56475.608029300376,-0.002184289276331836,0.002184289276331836,0.0013591522204553994,0.003601227008007892,0.19816589566033393,[0.06320414 0.16617757 0.2304858  0.28525654 0.03093364 0.16151574],PatchTST-SSL,Shrew_office_Ila,123
58271.74935685617,56475.608029300376,0.031803842229089926,0.031803842229089926,0.03176511683992657,0.003601227008007892,0.11647464176562765,[0.18166589 0.18817899 0.0425185  0.32684987 0.00424896 0.14498004],TOWT,Shrew_office_Ila,123
177.9299355264537,56475.608029300376,-0.9968494374521096,0.9968494374521096,0.9968852291647975,0.003601227008007892,0.0007541375128911495,[0.99829547 0.99585405 0.98694647 0.99804038 0.95247522 0.99819636],Autoencoder(t),Shrew_office_Ila,123
103367.56535461622,56475.608029300376,0.8303046033782869,0.8303046033782869,0.8351569637196415,0.003601227008007892,0.6812138247931518,[1.05234767 0.75930578 0.51226166 0.68053967 0.72252702 0.71884986],LSTM-AE(t),Shrew_office_Ila,123
3126.9382845837795,5626.082519954916,-0.4442068217995429,0.4442068217995429,0.4442068217995429,0.0,0.34622712383677473,[0.91831202 0.86934015 0.05457191 0.11738711 0.07065178 0.81685522],PatchTST-SSL,Shrew_office_Kenneth,123
3625.9024153244404,5626.082519954916,-0.35551915520899685,0.35551915520899685,0.35551915520899685,0.0,0.2130019312710658,[0.86567768 0.94833141 0.11868813 0.09350729 0.3218533  0.89808676],TOWT,Shrew_office_Kenneth,123
12.219556826590592,5626.082519954916,-0.9978280523289075,0.9978280523289075,0.9978280523289075,0.0,0.0029903473903136893,[0.99840699 0.99774592 0.99856869 0.97251624 0.99824256 0.99895352],Autoencoder(t),Shrew_office_Kenneth,123
3214.1729270799224,5626.082519954916,-0.42870142489383917,0.42870142489383917,0.42870142489383917,0.0,1.2403720169921804,[0.47362871 0.7956732  0.33055175 0.80610847 0.2087561  0.53631571],LSTM-AE(t),Shrew_office_Kenneth,123
8184.575197809062,14394.2638131671,-0.4314002227524653,0.4314002227524653,0.39826593448430264,0.07603390143227952,0.6718040760953062,[0.00735772 0.06410511 0.52601036 0.83404902 0.78001033 0.31050603],PatchTST-SSL,Shrew_office_Nora,123
14318.336503234157,14394.2638131671,-0.005274831065933907,0.005274831065933907,0.001981253749791921,0.07603390143227952,0.7514810666531114,[0.46387564 0.07076439 0.22727052 0.09345098 0.14978066 0.01418287],TOWT,Shrew_office_Nora,123
46.078759433458806,14394.2638131671,-0.9967988109686229,0.9967988109686229,0.9970180304523082,0.07603390143227952,0.006979567698993394,[0.99741131 0.97903331 0.99774907 0.99413485 0.99815742 0.99418164],Autoencoder(t),Shrew_office_Nora,123
12044.361065001958,14394.2638131671,-0.16325272196384064,0.16325272196384064,0.16278259748623303,0.07603390143227952,2.2531398738553827,[0.16254439 0.62752674 0.28019974 0.16896569 0.03418107 0.62912227],LSTM-AE(t),Shrew_office_Nora,123
3976.345175665039,3431.345055613974,0.15882987901767495,0.15882987901767495,0.13817360635115888,0.31937169817973016,8.02479971758422,"[9.90244999e-02 6.04748971e-01 4.30537191e-02 2.18624248e+01
 5.56748653e-03 3.72373004e-01]",PatchTST-SSL,Shrew_office_Sherill,123
3914.205140742468,3431.345055613974,0.14072035231155003,0.14072035231155003,0.007356119382815952,0.31937169817973016,7.470629970612932,"[2.36341175e-02 5.95285246e-02 1.06538443e-03 6.28312282e+00
 1.95067676e-01 5.13474964e-02]",TOWT,Shrew_office_Sherill,123
40.5745499694261,3431.345055613974,-0.9881753221224304,0.9881753221224304,0.9924671461714034,0.31937169817973016,0.06144795370963735,[0.99795837 0.99942433 0.99074091 0.84263771 0.97851452 0.99049352],Autoencoder(t),Shrew_office_Sherill,123
2878.458967704226,3431.345055613974,-0.16112809377919582,0.16112809377919582,0.6631237124719531,0.31937169817973016,21.086575420783976,[ 0.67517017  0.91801098  0.60555763 35.81185217  0.63379345  0.76899296],LSTM-AE(t),Shrew_office_Sherill,123
1337.9704616449203,833.1804513129612,0.6058591623657151,0.6058591623657151,0.6058591623657151,0.0,5.93268477152118,"[3.22973140e-01 2.12583247e-01 1.19723461e-01 6.59310425e+01
 1.41870897e-01 4.47565278e-02]",PatchTST-SSL,Wolf_office_Darleen,123
1165.5696796940213,833.1804513129612,0.39894026300937213,0.39894026300937213,0.39894026300937213,0.0,8.138271372144963,"[2.92025209e-01 2.12892053e-01 7.38345171e-03 3.87166728e+01
 1.16878461e-02 3.02265359e-02]",TOWT,Wolf_office_Darleen,123
20.435500950074417,833.1804513129612,-0.9754728991566337,0.9754728991566337,0.9754728991566337,0.0,0.044269665382730874,[0.99514527 0.97193491 0.96317248 0.77906063 0.98437462 0.98004585],Autoencoder(t),Wolf_office_Darleen,123
1582.7478918902893,833.1804513129612,0.8996459763261703,0.8996459763261703,0.8996459763261703,0.0,30.278491042256213,"[  0.44873147   0.63985433   0.81762168 143.90177472   0.57824202
   0.23110394]",LSTM-AE(t),Wolf_office_Darleen,123
19253.759620703662,18955.973709227597,0.015709343980104037,0.015709343980104037,0.03109668977927282,0.20822161076154228,0.4496027006566878,[0.38756214 0.01668994 0.0428022  0.0017812  0.01993933 0.10202667],PatchTST-SSL,Wolf_retail_Harriett,123
22194.279100551645,18955.973709227597,0.17083297545130427,0.17083297545130427,0.16748539599772672,0.20822161076154228,0.48051069356699716,[0.16055125 0.23341617 0.1835624  0.11554399 0.02949566 0.36601364],TOWT,Wolf_retail_Harriett,123
66.68063469219275,18955.973709227597,-0.9964823418878381,0.9964823418878381,0.9959424670338594,0.20822161076154228,0.0013429266168376007,[0.95983969 0.99731231 0.99853526 0.9894193  0.99634946 0.99838283],Autoencoder(t),Wolf_retail_Harriett,123
33197.5552067145,18955.973709227597,0.75129780806534,0.75129780806534,0.8747073100811732,0.20822161076154228,1.7723414903545418,[0.26739427 0.72609415 0.28202386 0.78181665 1.03550571 0.85061638],LSTM-AE(t),Wolf_retail_Harriett,123
629.4417678919501,240.8112086307441,1.6138391625164163,1.6138391625164163,1.3239209724470409,0.33598432913825454,4.545210086547643,[0.26197851 5.15202817 0.13258889 0.14957187 0.34057607 6.78310491],PatchTST-SSL,Wolf_retail_Marcella,123
969.4264139046674,240.8112086307441,3.025669815856328,3.025669815856328,1.8691390655900963,0.33598432913825454,5.273256729901706,[2.4332801  9.74504194 0.04337522 0.16386691 0.08635318 8.96141859],TOWT,Wolf_retail_Marcella,123
4.860232371992729,240.8112086307441,-0.9798172502034764,0.9798172502034764,0.9766191797812738,0.33598432913825454,0.018899214519491208,[0.99228819 0.97666282 0.9750963  0.96796672 0.99833349 0.97504226],Autoencoder(t),Wolf_retail_Marcella,123
1921.6140098250603,240.8112086307441,6.979753188198275,6.979753188198275,2.6143255314858775,0.33598432913825454,16.994879633645585,[11.02744733 22.66251971  0.32483864  0.2765306   0.31371728 14.02483103],LSTM-AE(t),Wolf_retail_Marcella,123
5844.8797543817045,1497.2236255203593,2.9038121325064714,2.9038121325064714,1.2677056440141916,0.2958840523996133,6.674780111800485,"[  1.73058128   1.81887266   1.04620462  82.79337557 170.97023745
   0.27189763]",PatchTST-SSL,Wolf_retail_Toshia,123
8737.176443207081,1497.2236255203593,4.835585475864022,4.835585475864022,2.7761844201718446,0.2958840523996133,10.8890142466543,"[3.92875913e+00 6.67782097e+00 2.22463999e+00 7.41476487e+01
 3.36381347e+02 1.36762486e-01]",TOWT,Wolf_retail_Toshia,123
27.213001548213175,1497.2236255203593,-0.9818243573742998,0.9818243573742998,0.9903677010247979,0.2958840523996133,0.05366426559326306,[0.98704858 0.96054223 0.99195601 0.72665107 0.57905261 0.98817383],Autoencoder(t),Wolf_retail_Toshia,123
13093.254230939763,1497.2236255203593,7.745022458745406,7.745022458745406,6.001980763751345,0.2958840523996133,24.81785656119215,"[  4.60394385   6.89441594   6.67098682 131.37951238 287.74214513
   0.76793889]",LSTM-AE(t),Wolf_retail_Toshia,123
2051.3892528115766,2373.369318511601,-0.1356637010467237,0.1356637010467237,0.15930369861232654,0.9342100513950568,2.473505851031364,[0.06605425 0.23279706 0.19090687 2.1628582  0.14593435 0.40925851],PatchTST-SSL(proxy-wx),Fox_education_Henrietta,123
9894.584602718574,9988.54459407402,-0.00940677497812736,0.00940677497812736,0.043541126131984,0.027782720282782707,0.909198103024386,[1.85571803 0.78503256 0.25894979 0.16305827 0.09043691 0.22894588],PatchTST-SSL(proxy-wx),Fox_retail_Manie,123
64026.41103985667,54401.37673466893,0.17692630008486343,0.17692630008486343,0.17692630008486343,0.0,0.45897332944712704,[0.16411138 0.04620729 0.13220517 0.06343915 0.78132804 5.25440204],PatchTST-SSL(proxy-wx),Hog_education_Bruno,123
131407.29642245453,194402.84155505014,-0.3240464214858547,0.3240464214858547,0.3164667918078491,0.01249894035304718,0.6818173956330096,[1.         0.39142973 0.8630342  0.01625348 0.28831834 0.24614633],PatchTST-SSL(proxy-wx),Hog_education_Caridad,123
92921.2850053164,74708.30184247419,0.24378794208500554,0.24378794208500554,0.15786774914032217,0.18185060188349778,0.604420724225531,[0.20991667 0.52320208 0.26499859 0.1177824  0.64289223 0.72067334],PatchTST-SSL(proxy-wx),Hog_education_Luvenia,123
14932.690987359669,9417.311027781248,0.5856639908470628,0.5856639908470628,0.3517282464184548,0.0037209838628509333,1.8882516754714578,[ 0.82892804  0.437992    1.22013366  0.1744824  63.22105342  0.31887315],PatchTST-SSL(proxy-wx),Hog_office_Almeda,123
23548.996482318435,13863.27034193821,0.6986609870168681,0.6986609870168681,0.17141604289542983,0.1116351972982929,2.0783847479435664,[0.16745406 6.69829965 0.60896581 8.35340266 0.29651443 1.54671568],PatchTST-SSL(proxy-wx),Hog_office_Cortney,123
20027.71549793747,22167.1395612787,-0.09651331230297064,0.09651331230297064,0.09651331230297064,0.0,0.728828486858876,[0.44317405 0.10092811 0.03590269 0.42960553 0.33750782 0.12833685],PatchTST-SSL(proxy-wx),Hog_office_Denita,123
49870.55391572556,74761.55072201448,-0.3329384766086647,0.3329384766086647,0.23519715837852637,0.19815972843965995,0.6389282033940256,[0.49216643 0.72844227 0.02433532 0.30995545 0.1256257  0.20545371],PatchTST-SSL(proxy-wx),Hog_office_Garrett,123
149178.00060075446,43327.82005139158,2.4430072970163943,2.4430072970163943,10.105942919558155,0.7495875596487541,4.046193358747103,"[1.51442749e+01 2.47701588e-02 4.10430174e+01 1.46524164e-01
 1.33460489e-01 7.52025837e-01]",PatchTST-SSL(proxy-wx),Hog_office_Lavon,123
1397.9758493463278,3404.8623827046636,-0.5894178112902639,0.5894178112902639,0.5894178112902639,0.0,1.5270170177762739,[0.22160824 0.64779414 0.17221151 0.08277252 0.04088876 0.26503939],PatchTST-SSL(proxy-wx),Hog_office_Merilyn,123
2922.268239879341,2733.19612771947,0.06917619641062099,0.06917619641062099,0.08990062405663375,0.030668568288290902,1.256828327106315,[ 0.02817738  0.12645021 12.8054595   0.09653082  2.8821277   0.53362411],PatchTST-SSL(proxy-wx),Hog_office_Miriam,123
13535.580806612536,13164.94391405967,0.028153321045070272,0.028153321045070272,0.08857013924603975,0.09425095099880478,1.82972800339137,[0.87090017 0.55245064 0.264862   0.29097416 0.5314376  0.25405622],PatchTST-SSL(proxy-wx),Hog_office_Napoleon,123
17824.650815524365,6758.17610943246,1.63749427758272,1.63749427758272,0.09027859746121361,0.8609611090408905,6.973763942175103,[0.231941   0.10486347 4.90451574 1.73946721 1.1400984  2.2551183 ],PatchTST-SSL(proxy-wx),Hog_office_Shawna,123
105445.2553242058,125372.16791342666,-0.1589420755887463,0.1589420755887463,0.1589420755887463,0.0,0.27572793305364224,[0.03987139 0.35896916 0.08600399 0.59949554 0.07017922 0.13098069],PatchTST-SSL(proxy-wx),Hog_office_Shawnna,123
6460.789252328572,4999.540930113644,0.2922764995108685,0.2922764995108685,0.02349437715257446,0.019536138756372078,2.3716026740881575,"[2.43603910e+02 8.20402086e+00 3.81613625e-01 1.65276786e-01
 4.84175454e-01 4.65339761e-02]",PatchTST-SSL(proxy-wx),Hog_office_Sherrie,123
12447.994486451127,7850.146933398892,0.5857021011276151,0.5857021011276151,0.5857021011276151,0.0,2.2646263063488887,[0.27031986 2.08524096 9.75866858 0.03919621 0.32884881 0.25515585],PatchTST-SSL(proxy-wx),Hog_office_Shon,123
33168.2266477288,35688.41172784455,-0.07061634177879282,0.07061634177879282,0.07395987410586798,0.007569018960497368,0.2546480281086317,[0.02714596 0.36777932 0.06411456 0.04506979 0.26775987 0.09013852],PatchTST-SSL(proxy-wx),Hog_office_Sydney,123
3047.3772161975608,2589.0456041595153,0.17702724560034708,0.17702724560034708,0.0730444380197335,0.043901332227465444,3.888367635052469,[0.11071394 0.06903277 0.04263634 0.04762406 2.44160143 0.48659035],PatchTST-SSL(proxy-wx),Hog_office_Valda,123
10728.917425253945,3934.357376597145,1.7269809013977946,1.7269809013977946,1.7300568598707695,0.7667205644254934,2.3913704525862376,"[2.20299909e+00 1.55178109e+02 2.52747458e-01 1.45755132e-01
 7.74611279e-02 1.54202509e+01]",PatchTST-SSL(proxy-wx),Lamb_education_Armando,123
143.68321211369326,281.50345907383456,-0.4895863355057137,0.4895863355057137,0.4895863355057137,0.0,2.5110046943894955,[0.09807068 0.70407463 0.07004285 0.45208365 0.09522853 0.06366377],PatchTST-SSL(proxy-wx),Lamb_education_Eula,123
4339.084693886267,2732.2174995928317,0.5881183304524249,0.5881183304524249,0.6301425874913489,0.05178845972647008,4.161438002087535,[1.60440088 0.24541082 0.18131729 0.03636755 0.05305172 0.39909945],PatchTST-SSL(proxy-wx),Lamb_education_Lazaro,123
1175.1146613412834,689.9874148777225,0.7030957898696366,0.7030957898696366,0.5570287594601133,0.12948312866631045,2.574453820306268,[1.68510646 0.02825498 0.3994802  0.0707539  3.41964868 0.01873985],PatchTST-SSL(proxy-wx),Lamb_education_Lucas,123
7326.818549825769,9386.55849108594,-0.21943505100577895,0.21943505100577895,0.24968364926721628,0.4039466230890896,2.0666257712275997,"[1.27087765e+02 5.16864172e-02 6.08536779e-02 2.75608508e-01
 1.94536424e-02 9.11654690e-01]",PatchTST-SSL(proxy-wx),Lamb_education_Mae,123
0.0,0.0,0.0,0.0,,0.0,887.2034109018322,[],PatchTST-SSL(proxy-wx),Lamb_education_Willetta,123
5400.157113330025,4340.983674226856,0.2439938775608989,0.2439938775608989,0.10910578184895191,0.1692917410734572,2.5331370549908803,"[1.17130242e-01 1.17289489e+01 1.00000000e+00 3.60411723e-02
 4.94546897e+00 3.47120123e-03]",PatchTST-SSL(proxy-wx),Lamb_education_Williams,123
1020.4855869151298,2334.791275192391,-0.5629221345145553,0.5629221345145553,0.5382728749861122,0.05338490678385352,0.9882918015922779,[1.         1.35938968 0.8115584  1.         1.         1.        ],PatchTST-SSL(proxy-wx),Lamb_office_Caitlin,123
8910.479676068706,9813.136828809173,-0.09198456808331332,0.09198456808331332,0.19712056872961498,0.42354386175299047,1.3259218110290154,[0.47211222 0.16994288 0.71670481 0.14636323 0.17394977 0.08625664],PatchTST-SSL(proxy-wx),Lamb_office_Velma,123
13585.490314268796,13741.885133980677,-0.011380885387052939,0.011380885387052939,0.008578074345255978,0.01377387200028814,0.6709816670599368,[0.28551695 0.21206559 0.19120622 0.99725323 0.43204308 0.27419821],PatchTST-SSL(proxy-wx),Rat_retail_Jeffrey,123
49001.93974074965,33588.96758583762,0.4588700773706043,0.4588700773706043,0.4588700773706043,0.0,2.9937883883248824,[0.55665452 0.82186651 0.45487744 0.32119225 0.68547029 0.52458243],PatchTST-SSL(proxy-wx),Robin_education_Zenia,123
6913.148041169813,6397.499952015792,0.08060149949536859,0.08060149949536859,0.06263077082287524,0.017267702833733592,0.31698056647078154,"[1.19252011e-02 2.30190468e+01 4.29606174e-01 7.37494737e-02
 1.10334411e+00 5.49309012e-02]",PatchTST-SSL(proxy-wx),Robin_office_Dina,123
22618.692275339574,28638.901961943724,-0.21021091152880075,0.21021091152880075,0.20441800586069872,0.06094400549284368,0.08614060057806312,[0.32794944 1.05777168 0.04664907 0.09694206 0.41207342 0.16406871],PatchTST-SSL(proxy-wx),Robin_office_Sammie,123
28097.90127868896,37713.79795495542,-0.2549702548587519,0.2549702548587519,0.2549702548587519,0.0,0.2848708540009611,[0.66959215 0.10098908 0.05552043 0.07622679 0.21257724 0.188842  ],PatchTST-SSL(proxy-wx),Shrew_office_Doris,123
49594.092917299924,56475.608029300376,-0.12184933198824917,0.12184933198824917,0.12118642184234467,0.003601227008007892,0.16661664503079415,[0.02044236 0.27582556 0.30526539 0.0441128  0.01055714 0.10190339],PatchTST-SSL(proxy-wx),Shrew_office_Ila,123
2552.965807143134,5626.082519954916,-0.5462267398161817,0.5462267398161817,0.5462267398161817,0.0,0.1450973024151364,[0.98823987 0.90449322 0.2138237  0.12133272 0.06926071 0.93573976],PatchTST-SSL(proxy-wx),Shrew_office_Kenneth,123
5303.939044503932,14394.2638131671,-0.6315241186803751,0.6315241186803751,0.6031522496646948,0.07603390143227952,0.45256885864092977,[0.23720624 0.14088544 0.90011546 0.97629987 0.11269656 0.29060174],PatchTST-SSL(proxy-wx),Shrew_office_Nora,123
2922.515090807092,3431.345055613974,-0.1482887778873748,0.1482887778873748,0.2293100646083819,0.31937169817973016,6.7581395561632265,[0.37941139 0.74643788 0.08032497 5.04211417 0.05340613 0.38395779],PatchTST-SSL(proxy-wx),Shrew_office_Sherill,123
923.1247090451031,833.1804513129612,0.10795291415011478,0.10795291415011478,0.10795291415011478,0.0,4.9704067649517745,[ 0.13618525  0.14565375  0.09159607 17.58479595  0.14018374  0.09799133],PatchTST-SSL(proxy-wx),Wolf_office_Darleen,123
18424.923494995655,18955.973709227597,-0.028014926712703316,0.028014926712703316,0.01553007260436317,0.20822161076154228,0.3496031227296292,[0.25120798 0.05206201 0.07548953 0.08169617 0.14407696 0.24562905],PatchTST-SSL(proxy-wx),Wolf_retail_Harriett,123
654.1525993468305,240.8112086307441,1.7164541180053507,1.7164541180053507,0.8283488591158737,0.33598432913825454,3.033269084586177,[2.70922822 4.64614488 0.16135221 0.12462923 0.38849927 4.47246016],PatchTST-SSL(proxy-wx),Wolf_retail_Marcella,123
4544.521295225612,1497.2236255203593,2.0352989478416537,2.0352989478416537,1.3694887478575686,0.2958840523996133,4.7266555891525215,[ 0.34352472  0.4381522   1.86044585 46.88117215 93.63936417  0.19176843],PatchTST-SSL(proxy-wx),Wolf_retail_Toshia,123
3309.321362244953,1107.4806002254224,1.9881528954740662,1.9881528954740662,2.5404127818070306,0.2833316154642824,3.8025909577188592,[7.02941853 0.49667816 1.         0.8605113  2.54737816 0.01414273],PatchTST-SSL,Fox_education_Henrietta,124
4238.195641195743,1107.4806002254224,2.8268802544559946,2.8268802544559946,3.9877083549734262,0.2833316154642824,6.47197573292046,[16.99430336  0.20290349  0.44286668  0.05292202  2.94076764  0.20438395],TOWT,Fox_education_Henrietta,124
5.072676969408619,1107.4806002254224,-0.9954196245348441,0.9954196245348441,0.9942835094520894,0.2833316154642824,0.009504995151795386,[0.98192837 0.99283179 0.99950503 0.99808832 0.99689504 0.98561301],Autoencoder(t),Fox_education_Henrietta,124
3015.8315014299574,1107.4806002254224,1.7231461217615,1.7231461217615,2.1837047455030905,0.2833316154642824,5.569564723450144,[7.94338811 0.5409857  0.61319511 0.75641028 1.98381748 0.8816467 ],LSTM-AE(t),Fox_education_Henrietta,124
4596.644962476895,3626.3112078834088,0.26758148955446287,0.26758148955446287,0.26758148955446287,0.0,2.250280925729093,[0.34654807 0.98437876 0.28128406 0.22518204 0.18794804 3.6707308 ],PatchTST-SSL,Fox_retail_Manie,124
5406.485395247525,3626.3112078834088,0.4909049679724431,0.4909049679724431,0.4909049679724431,0.0,3.0964771862162186,[0.11697312 1.58901003 0.06273078 0.1902129  0.47367121 3.99930903],TOWT,Fox_retail_Manie,124
42.52209085193943,3626.3112078834088,-0.9882740094784201,0.9882740094784201,0.9882740094784201,0.0,0.010572257352377426,[0.96661793 0.99051671 0.96748896 0.9969681  0.99596976 0.98508387],Autoencoder(t),Fox_retail_Manie,124
8747.033896740093,3626.3112078834088,1.4121023804367654,1.4121023804367654,1.4121023804367654,0.0,9.376949690046851,[0.265196   5.0787357  0.27004099 0.60495751 0.65599644 5.58332805],LSTM-AE(t),Fox_retail_Manie,124
74135.80506932584,70905.57536670782,0.04555678006859107,0.04555678006859107,0.0064085473875084105,0.26284342494122664,0.24923368558911368,[0.03647637 0.19676966 0.19867077 0.25862971 0.10827456 0.53851508],PatchTST-SSL,Hog_education_Bruno,124
72047.90012506196,70905.57536670782,0.016110506859951267,0.016110506859951267,0.012340997791118302,0.26284342494122664,0.25337822951190847,[0.015055   0.05535833 0.00617002 0.18068658 0.14268877 0.02376218],TOWT,Hog_education_Bruno,124
900.9781165469079,70905.57536670782,-0.9872932683799934,0.9872932683799934,0.9831817645933462,0.26284342494122664,0.0007395069520928451,[0.98101543 0.99892999 0.99795738 0.99937659 0.99870924 0.99795431],Autoencoder(t),Hog_education_Bruno,124
241705.76393562328,70905.57536670782,2.408840033884148,2.408840033884148,3.1923752502526885,0.26284342494122664,0.8304508315878815,[3.69518348 0.12009577 0.23705761 0.72406654 0.32435633 0.56325731],LSTM-AE(t),Hog_education_Bruno,124
41354.021942883934,56272.62225551479,-0.26511293973276345,0.26511293973276345,0.4400617950103353,0.0934325018837164,1.4496521616891944,[0.60004828 3.72720212 0.31340337 0.67040494 1.76967683 0.23256004],PatchTST-SSL,Hog_education_Caridad,124
99247.85760238476,56272.62225551479,0.7636970452831232,0.7636970452831232,0.8106495492926787,0.0934325018837164,2.1203124123049144,[0.66121552 0.2997653  0.97799191 0.56779932 0.63914243 0.46923283],TOWT,Hog_education_Caridad,124
276.2506862603134,56272.62225551479,-0.9950908510179968,0.9950908510179968,0.996824080421491,0.0934325018837164,0.018610371237972847,[0.99756771 0.85399242 0.99604527 0.99979765 0.99473689 0.99793438],Autoencoder(t),Hog_education_Caridad,124
57847.243552833366,56272.62225551479,0.027982013885344763,0.027982013885344763,0.1532277808363479,0.0934325018837164,4.0898752966604395,[0.37064867 9.87578852 0.09408013 0.62942171 1.09616329 0.69179094],LSTM-AE(t),Hog_education_Caridad,124
65895.60061967521,59142.887731973824,0.11417624581172992,0.11417624581172992,0.11417624581172992,0.0,0.6417091306667513,[ 0.05784138  0.10015185  0.12566478  0.06557453 25.46906341  0.3453814 ],PatchTST-SSL,Hog_education_Luvenia,124
66224.31595170523,59142.887731973824,0.11973423164292063,0.11973423164292063,0.11973423164292063,0.0,0.36542624376572536,"[2.41495520e-01 1.16505753e-01 5.92967383e-02 2.89467663e-02
 8.89062948e+00 6.19985239e-03]",TOWT,Hog_education_Luvenia,124
812.9774678374881,59142.887731973824,-0.9862540112765246,0.9862540112765246,0.9862540112765246,0.0,0.0018160876988436827,[0.99171624 0.98516866 0.96621026 0.97731452 0.9051838  0.99742363],Autoencoder(t),Hog_education_Luvenia,124
243415.0696309613,59142.887731973824,3.1157116090455332,3.1157116090455332,3.1157116090455332,0.0,2.2405462182006817,[ 0.26884276  3.64506491  0.35085233  0.32671078 43.12723919  0.35427119],LSTM-AE(t),Hog_education_Luvenia,124
26081.546723315558,26347.14394521596,-0.010080683600949839,0.010080683600949839,0.056234393408179685,0.186670588968583,0.4844213036546715,[0.11439607 0.6502006  0.1094905  0.08715603 0.2557438  3.04350211],PatchTST-SSL,Hog_office_Almeda,124
25781.35603511516,26347.14394521596,-0.0214743545363874,0.0214743545363874,0.044727191917969804,0.186670588968583,0.3358772700510548,[0.06269251 0.70340307 0.07825435 0.10085393 0.32524937 2.32563907],TOWT,Hog_office_Almeda,124
116.4670660641641,26347.14394521596,-0.9955795183604592,0.9955795183604592,0.9953968173952433,0.186670588968583,0.0009504614330064475,[0.99895682 0.99710517 0.99428569 0.99813016 0.97635865 0.99693208],Autoencoder(t),Hog_office_Almeda,124
49996.79980275786,26347.14394521596,0.8976174384106682,0.8976174384106682,1.0109386073456386,0.186670588968583,0.9696110116012645,[0.55519225 0.15834686 1.15318328 0.17239861 0.17822142 2.78988743],LSTM-AE(t),Hog_office_Almeda,124
13104.17166703847,5763.154084636514,1.2737847148615598,1.2737847148615598,0.28476222299891313,0.33661694658042385,4.01936638551115,[12.46336688  0.12446534  0.42253783 14.76735306  1.34708859  0.01662564],PatchTST-SSL,Hog_office_Cortney,124
5853.807834909645,5763.154084636514,0.015729884875852376,0.015729884875852376,0.05425329883676611,0.33661694658042385,1.0255435605635137,[1.64605954 0.13591983 0.0556129  2.3038426  0.17489851 0.02428791],TOWT,Hog_office_Cortney,124
51.792083215614795,5763.154084636514,-0.9910132398934668,0.9910132398934668,0.991796576565524,0.33661694658042385,0.012398077274574744,[0.96839714 0.98760786 0.99821391 0.96441418 0.99363326 0.97456653],Autoencoder(t),Hog_office_Cortney,124
18601.929816082255,5763.154084636514,2.22773424810409,2.22773424810409,1.0710240457389508,0.33661694658042385,6.774809733076783,[12.29013786  0.64808732  1.70303626 14.79523458  2.87683274  0.20939033],LSTM-AE(t),Hog_office_Cortney,124
1973.3626408441512,1957.7320670309248,0.007984020937518575,0.007984020937518575,0.007984020937518575,0.0,7.830058701411334,[0.26695778 0.11128424 0.00582439 0.34598276 0.15985748 0.19384273],PatchTST-SSL,Hog_office_Denita,124
1979.5560105702127,1957.7320670309248,0.011147564013897925,0.011147564013897925,0.011147564013897925,0.0,2.588167861262207,[0.08041277 0.03200012 0.02046706 0.03749011 0.01059557 0.06312876],TOWT,Hog_office_Denita,124
51.93156921904372,1957.7320670309248,-0.9734736075004367,0.9734736075004367,0.9734736075004367,0.0,0.029228714665140227,[0.98271987 0.95618049 0.97673967 0.98809015 0.99312371 0.96501313],Autoencoder(t),Hog_office_Denita,124
1422.4434768364758,1957.7320670309248,-0.2734228034616922,0.2734228034616922,0.2734228034616922,0.0,20.02210089700813,[0.84882982 0.74714067 0.21833536 0.19630885 0.65103983 0.05483417],LSTM-AE(t),Hog_office_Denita,124
9258.83106701782,4905.220974570065,0.8875461707062733,0.8875461707062733,1.0562727249913029,0.23448878750623012,5.279429924141556,"[1.06531745e-01 6.53326229e-02 7.63540149e-01 7.98071064e-02
 3.36722097e-01 3.99725738e+02]",PatchTST-SSL,Hog_office_Garrett,124
9071.628393917776,4905.220974570065,0.8493822074372277,0.8493822074372277,0.16170028739289907,0.23448878750623012,6.499653269952505,"[1.37147854e-01 1.73600144e-02 3.64382996e-02 5.82674137e-02
 3.09438601e+00 6.44909435e+01]",TOWT,Hog_office_Garrett,124
53.42746906840958,4905.220974570065,-0.9891080403216509,0.9891080403216509,0.9938324540379008,0.23448878750623012,0.0601225901000298,[0.99972032 0.99258685 0.99268943 0.99860965 0.97368474 0.05495143],Autoencoder(t),Hog_office_Garrett,124
8890.840938459198,4905.220974570065,0.8125260787539682,0.8125260787539682,0.49144403901910866,0.23448878750623012,13.596726483887425,"[  0.60408847   0.88152591   0.75341052   0.92664386   1.8607293
 376.33693876]",LSTM-AE(t),Hog_office_Garrett,124
118145.96067193605,77630.38289868446,0.521903618923644,0.521903618923644,2.923716205639287,0.7560959706485448,1.968917164342043,[0.25472439 0.02137471 0.71131103 1.07556437 4.57230523 0.01859288],PatchTST-SSL,Hog_office_Lavon,124
191926.5577438828,77630.38289868446,1.4723123933881204,1.4723123933881204,3.272542012872993,0.7560959706485448,2.5975646495982088,[2.01099592 0.80659051 0.38054714 1.54729589 4.9543927  0.15604687],TOWT,Hog_office_Lavon,124
317.3233285929347,77630.38289868446,-0.9959123822819853,0.9959123822819853,0.9942241769838066,0.7560959706485448,0.005035642734295171,[0.99326712 0.9988098  0.99682322 0.99774388 0.99303659 0.99554691],Autoencoder(t),Hog_office_Lavon,124
125659.29459872367,77630.38289868446,0.6186870385879949,0.6186870385879949,2.0767758196130597,0.7560959706485448,2.6576823995555734,[0.18496031 0.57704745 0.14098046 0.95889788 3.52481416 0.44267124],LSTM-AE(t),Hog_office_Lavon,124
3318.7446494662063,2475.5146315287707,0.34062816967342796,0.34062816967342796,0.3961657504954083,0.07415776533035091,1.0160380873073513,[0.68764843 0.11676777 0.38227099 0.05307457 0.62608256 1.16909084],PatchTST-SSL,Hog_office_Merilyn,124
3547.2772623735714,2475.5146315287707,0.43294538323246606,0.43294538323246606,0.4593597054314064,0.07415776533035091,0.9119984290313781,"[4.78176534e-01 8.23403955e+00 9.14166320e-01 1.03270356e-01
 6.85833445e-01 9.81703918e-04]",TOWT,Hog_office_Merilyn,124
7.968174356366216,2475.5146315287707,-0.9967812049038687,0.9967812049038687,0.9973617708852608,0.07415776533035091,0.004553916415736686,[0.99563075 0.92889695 0.99711976 0.98634898 0.99827605 0.99446373],Autoencoder(t),Hog_office_Merilyn,124
2700.650538002035,2475.5146315287707,0.09094509222683528,0.09094509222683528,0.019926387217833054,0.07415776533035091,1.892258818397834,[0.11805059 5.5458819  0.96581907 0.3590904  0.02000792 0.74672208],LSTM-AE(t),Hog_office_Merilyn,124
3018.5893777158385,3018.017875718827,0.00018936335719201724,0.00018936335719201724,0.05304769331391895,0.06469351593352282,0.7171755491496833,[0.27232138 2.45920634 0.01653066 0.36013824 0.04909043 0.44639303],PatchTST-SSL,Hog_office_Miriam,124
3106.648944943016,3018.017875718827,0.02936731088879952,0.02936731088879952,0.0153962240477671,0.06469351593352282,0.387166001066985,[0.13619158 3.93666654 0.01004707 0.114162   0.08142385 0.31637956],TOWT,Hog_office_Miriam,124
9.597445227935053,3018.017875718827,-0.9968199508342378,0.9968199508342378,0.997284811603945,0.06469351593352282,0.003382696401442732,[0.99686708 0.96390015 0.99836546 0.99645344 0.97905514 0.99662206],Autoencoder(t),Hog_office_Miriam,124
5352.808138992007,3018.017875718827,0.7736171087843817,0.7736171087843817,0.530618302973567,0.06469351593352282,2.1092343491032506,[0.46447855 8.33622878 0.61391399 3.30463438 0.40161403 0.70806516],LSTM-AE(t),Hog_office_Miriam,124
10363.71948965827,7939.414743740277,0.30535056098806307,0.30535056098806307,0.2440348753357607,0.0738008979472679,2.229017896128615,"[1.21932558e+02 2.21515346e-01 1.10962311e-01 6.43076527e-01
 1.26233345e-01 3.16174469e-03]",PatchTST-SSL,Hog_office_Napoleon,124
10356.17843699888,7939.414743740277,0.30440073623362063,0.30440073623362063,0.27285641726821397,0.0738008979472679,1.3385985142383336,"[6.81266394e+01 2.29655181e-02 5.16136146e-02 4.44093935e-02
 3.66695095e-01 5.13671740e-02]",TOWT,Hog_office_Napoleon,124
51.015340704573354,7939.414743740277,-0.9935744204892689,0.9935744204892689,0.9945696475371232,0.0738008979472679,0.007213301233829721,[0.77187772 0.9833284  0.97366608 0.99711591 0.99557442 0.96941831],Autoencoder(t),Hog_office_Napoleon,124
12072.752058470187,7939.414743740277,0.5206098242932558,0.5206098242932558,0.3686742416735301,0.0738008979472679,4.420738731689673,"[2.51851490e+02 2.48042092e-01 7.77921496e-01 8.18712108e-01
 3.04328530e-01 5.83182154e-01]",LSTM-AE(t),Hog_office_Napoleon,124
26464.25149333333,21745.98594262971,0.21697179254835133,0.21697179254835133,0.17314595827293355,0.10694263407889744,1.5547828284529277,[0.06223772 0.90960993 0.02467753 0.14028594 0.20407911 0.0911591 ],PatchTST-SSL,Hog_office_Shawna,124
26875.313907626685,21745.98594262971,0.23587470250965734,0.23587470250965734,0.22649413463737517,0.10694263407889744,0.8049368353410968,[0.01599729 0.48139245 0.00863255 0.72976259 0.11147649 0.03970618],TOWT,Hog_office_Shawna,124
103.544202673676,21745.98594262971,-0.9952384682420542,0.9952384682420542,0.9963572365695157,0.10694263407889744,0.004873956513954333,[0.965661   0.99614066 0.96235589 0.99534329 0.99847916 0.99446966],Autoencoder(t),Hog_office_Shawna,124
30549.375222664108,21745.98594262971,0.40482824293455855,0.40482824293455855,0.44045950438265374,0.10694263407889744,3.430043757157409,[0.50180374 0.41565392 0.54709747 0.20068529 0.60123379 0.54834202],LSTM-AE(t),Hog_office_Shawna,124
104749.62810258786,146378.57176457968,-0.284392333933573,0.284392333933573,0.27376789064835894,0.050335894647168915,0.14473293962523495,[0.66285154 0.28049408 0.4848388  0.31501998 0.01499768 0.17768437],PatchTST-SSL,Hog_office_Shawnna,124
128329.92791637876,146378.57176457968,-0.12330113370164943,0.12330113370164943,0.11328969662485454,0.050335894647168915,0.10046679529625556,[0.57702452 0.17609699 0.3121823  0.11344316 0.04661419 0.01757706],TOWT,Hog_office_Shawnna,124
268.0832928557489,146378.57176457968,-0.9981685619033988,0.9981685619033988,0.9981637190791838,0.050335894647168915,0.001299292510214734,[0.9958036  0.99914767 0.99825993 0.99848235 0.9836078  0.9623867 ],Autoencoder(t),Hog_office_Shawnna,124
106501.76899049456,146378.57176457968,-0.27242240645863725,0.27242240645863725,0.2555388856012624,0.050335894647168915,0.586770493036154,[0.6977267  0.48153218 0.59095601 0.18151509 0.68340455 0.17926285],LSTM-AE(t),Hog_office_Shawnna,124
6254.6669654653715,4885.453478772886,0.2802633353570282,0.2802633353570282,0.19598758071571537,0.1411325118776784,1.4840732519763726,[0.01554    0.07329075 0.03947533 0.19886798 0.79312678 0.30153685],PatchTST-SSL,Hog_office_Sherrie,124
5622.113793888864,4885.453478772886,0.15078647628449224,0.15078647628449224,0.15746443365130622,0.1411325118776784,1.2664166360075289,[0.01139802 0.05730173 0.01069499 0.05229525 0.1101475  0.3342782 ],TOWT,Hog_office_Sherrie,124
19.713161890890287,4885.453478772886,-0.9959649269046275,0.9959649269046275,0.9957858384147098,0.1411325118776784,0.005629970119393336,[0.96103071 0.98445922 0.99693709 0.99851413 0.99705478 0.9987194 ],Autoencoder(t),Hog_office_Sherrie,124
4610.629248384377,4885.453478772886,-0.05625357637374096,0.05625357637374096,0.10912436502247917,0.1411325118776784,2.8946224219470365,[0.5488468  0.32277841 0.57653467 0.10304896 0.2654937  0.02613292],LSTM-AE(t),Hog_office_Sherrie,124
27261.648803046057,26788.902373174722,0.01764709965663704,0.01764709965663704,0.0038667960421375656,0.02639980177367234,0.446774032456542,[0.18131832 0.22710147 0.12189429 0.53227885 0.81105961 0.0220402 ],PatchTST-SSL,Hog_office_Shon,124
24781.855237533862,26788.902373174722,-0.07492084250718059,0.07492084250718059,0.07566973064720915,0.02639980177367234,0.2800512717331285,[0.09158265 0.14448732 0.1410963  0.56319167 0.04730254 0.0390063 ],TOWT,Hog_office_Shon,124
242.11901439879122,26788.902373174722,-0.9909619658533961,0.9909619658533961,0.9908604686937516,0.02639980177367234,0.0013190041472829913,[0.98796354 0.94500126 0.97556998 0.99909598 0.99470509 0.999064  ],Autoencoder(t),Hog_office_Shon,124
74904.46008454182,26788.902373174722,1.7961003792207622,1.7961003792207622,1.7204421276500101,0.02639980177367234,1.524818364092351,[2.76732622 0.21243898 0.41620252 0.38834627 4.58630651 0.85006309],LSTM-AE(t),Hog_office_Shon,124
3324.369865146973,5659.770485979846,-0.4126316829663027,0.4126316829663027,0.3717750404850978,0.1415000161880485,1.142240258377515,[0.66799416 0.01676077 0.60489027 0.32131764 0.21090245 0.56895622],PatchTST-SSL,Hog_office_Sydney,124
3456.058371956729,5659.770485979846,-0.38936421882867217,0.38936421882867217,0.42018154450901885,0.1415000161880485,0.44613865957612187,[0.19730812 0.04794599 0.24019352 0.4104458  0.15166891 0.52761904],TOWT,Hog_office_Sydney,124
16.7390211785095,5659.770485979846,-0.9970424558345652,0.9970424558345652,0.9971391451782684,0.1415000161880485,0.006194193740539656,[0.99602468 0.95852486 0.99966217 0.99882858 0.99570187 0.99910747],Autoencoder(t),Hog_office_Sydney,124
3794.307941667197,5659.770485979846,-0.3296003873184782,0.3296003873184782,0.39105655398865313,0.1415000161880485,2.5308777305815435,[0.13540984 0.65684271 0.64201452 0.34139038 0.83852691 0.42493241],LSTM-AE(t),Hog_office_Sydney,124
4115.908789675783,3235.1808664736077,0.27223452398881826,0.27223452398881826,0.27223452398881826,0.0,1.7355543891154541,[0.26825196 6.49302357 0.06078819 0.03156069 0.71781525 0.23677203],PatchTST-SSL,Hog_office_Valda,124
4378.069551652812,3235.1808664736077,0.3532688688360627,0.3532688688360627,0.3532688688360627,0.0,1.0882309332736444,"[6.22191738e-02 5.16683467e+00 1.20828729e-01 1.00065419e-01
 1.76652087e-03 1.10047763e-01]",TOWT,Hog_office_Valda,124
13.087382500038267,3235.1808664736077,-0.995954667438948,0.995954667438948,0.995954667438948,0.0,0.005590139676044429,[0.9786845  0.98768044 0.99837356 0.99811357 0.98962741 0.99443706],Autoencoder(t),Hog_office_Valda,124
3307.4440826550135,3235.1808664736077,0.022336685076953283,0.022336685076953283,0.022336685076953283,0.0,2.3301577494136905,[0.5029397  4.203328   0.3367615  0.16378586 0.62732183 0.82756723],LSTM-AE(t),Hog_office_Valda,124
7520.764010185546,5435.352705326311,0.38367543339288007,0.38367543339288007,0.39753605565759903,0.0433033459851029,3.9775839197114125,[0.07745404 0.22974062 0.10938851 0.52638112 0.05154056 0.02053224],PatchTST-SSL,Lamb_education_Armando,124
7732.733098885715,5435.352705326311,0.4226736548868509,0.4226736548868509,0.4354638349388911,0.0433033459851029,3.542277989803235,[0.14010144 0.15534907 0.19540283 0.58365657 0.00462073 0.00415769],TOWT,Lamb_education_Armando,124
57.84082636070154,5435.352705326311,-0.9893584042294034,0.9893584042294034,0.9901017533310679,0.0433033459851029,0.014345599583005667,[0.97293566 0.95731893 0.9744245  0.99735163 0.96282074 0.98018082],Autoencoder(t),Lamb_education_Armando,124
10317.67211253539,5435.352705326311,0.8982525462284551,0.8982525462284551,0.9718093819805718,0.0433033459851029,11.508743876221454,[0.72683154 0.67461388 0.66271766 1.50188296 0.67737017 0.48151037],LSTM-AE(t),Lamb_education_Armando,124
798.3970562944272,495.683569918793,0.6106990522708413,0.6106990522708413,0.6023531306083438,0.05009079062152943,0.9149230235551387,[0.60072241 1.17397062 0.73360116 0.0262626  0.76896902 0.11758559],PatchTST-SSL,Lamb_education_Eula,124
958.8406348860958,495.683569918793,0.9343805061829688,0.9343805061829688,0.9712623529042966,0.05009079062152943,0.8329120448110139,[0.62671124 2.12896976 0.99160434 0.00385866 0.2349624  0.44068957],TOWT,Lamb_education_Eula,124
1.840310221855963,495.683569918793,-0.9962873285831171,0.9962873285831171,0.9962955404239825,0.05009079062152943,0.0037188829286853697,[0.9973082  0.99447972 0.99719478 0.98467828 0.9961316  0.99684669],Autoencoder(t),Lamb_education_Eula,124
1371.9379719950637,495.683569918793,1.7677697128832128,1.7677697128832128,1.7425802676605462,0.05009079062152943,2.0934919264511263,[1.39604798 3.23256371 1.66490331 0.85193655 2.24545604 1.14844343],LSTM-AE(t),Lamb_education_Eula,124
9259.26099196733,3911.7728013481587,1.3670242271678472,1.3670242271678472,0.49858589863720215,0.2552969418398543,2.7924256266643095,[0.52968861 0.07842554 0.10965326 0.99169182 0.40436925 3.90026522],PatchTST-SSL,Lamb_education_Lazaro,124
10025.215160320848,3911.7728013481587,1.5628316544523606,1.5628316544523606,0.49429262076657,0.2552969418398543,2.80469609929805,[0.41583465 0.16287141 0.18318096 0.97340106 0.30562272 4.67976788],TOWT,Lamb_education_Lazaro,124
22.989120828652737,3911.7728013481587,-0.9941230940557872,0.9941230940557872,0.9954185890845262,0.2552969418398543,0.011222779085387853,[0.99715373 0.99054765 0.99920711 0.99558168 0.99538446 0.99034413],Autoencoder(t),Lamb_education_Lazaro,124
20336.38808575861,3911.7728013481587,4.198765142686674,4.198765142686674,1.9122980786675674,0.2552969418398543,9.497620734606167,[ 0.07099446  0.13445244  0.34081538  3.223677    0.53562517 10.8684064 ],LSTM-AE(t),Lamb_education_Lazaro,124
1874.9678941270895,828.5473526716132,1.2629580410598633,1.2629580410598633,1.1909879788146849,0.12863667943460452,2.407974890967829,[0.02967999 1.27962112 1.75047119 0.21561147 2.23274565 1.3082844 ],PatchTST-SSL,Lamb_education_Lucas,124
1688.7645896528252,828.5473526716132,1.0382233848282547,1.0382233848282547,1.0198528966841447,0.12863667943460452,1.5563005220203172,[0.01941119 1.11503769 1.16266199 0.17655372 1.65276946 1.41640728],TOWT,Lamb_education_Lucas,124
12.60038171868417,828.5473526716132,-0.9847922008584605,0.9847922008584605,0.9837897178219528,0.12863667943460452,0.010651142871946885,[0.96458159 0.99096245 0.99158285 0.95576449 0.99161404 0.99476583],Autoencoder(t),Lamb_education_Lucas,124
4840.1318599120605,828.5473526716132,4.8417081948367535,4.8417081948367535,4.60477801939698,0.12863667943460452,9.045572682112793,[0.42344038 6.93132914 6.44663352 0.1518578  5.32004113 5.32206296],LSTM-AE(t),Lamb_education_Lucas,124
14396.411453617626,12530.660011929125,0.14889490576811712,0.14889490576811712,0.17572824981362858,0.0774171362548997,2.016120541722901,[0.11255503 0.01300273 0.19585367 0.18221271 0.20497379 0.46006046],PatchTST-SSL,Lamb_education_Mae,124
16052.935062380882,12530.660011929125,0.28109253998580835,0.28109253998580835,0.2773642018520885,0.0774171362548997,1.6042971575718556,[0.1186478  0.01437962 0.32098407 0.81971834 0.17553783 0.07922145],TOWT,Lamb_education_Mae,124
84.32721712626721,12530.660011929125,-0.9932703291729256,0.9932703291729256,0.9933563970476166,0.0774171362548997,0.00596860311768598,[0.98681393 0.95904256 0.99773783 0.99399866 0.96481034 0.99080813],Autoencoder(t),Lamb_education_Mae,124
26231.80330864562,12530.660011929125,1.0934095477551122,1.0934095477551122,1.003923831961443,0.0774171362548997,5.813534542978758,[0.14120631 0.60833157 1.1991938  4.49206319 0.28883943 0.24970697],LSTM-AE(t),Lamb_education_Mae,124
0.0,0.0,0.0,0.0,,0.0,1352.1125794172485,[],PatchTST-SSL,Lamb_education_Willetta,124
0.0,0.0,0.0,0.0,,0.0,124.31137540798335,[],TOWT,Lamb_education_Willetta,124
0.0,0.0,0.0,0.0,,0.0,2.941423490828246,[],Autoencoder(t),Lamb_education_Willetta,124
0.0,0.0,0.0,0.0,,0.0,2599.010560611493,[],LSTM-AE(t),Lamb_education_Willetta,124
5045.114013921352,3389.4907512393693,0.4884578198293072,0.4884578198293072,0.29363187446003414,0.10419239584663242,4.749047604845956,[0.50893955 0.38612622 0.17804743 0.20652898 4.46365562 0.49387565],PatchTST-SSL,Lamb_education_Williams,124
4586.801865350721,3389.4907512393693,0.3532421835562035,0.3532421835562035,0.4250668459904163,0.10419239584663242,3.1497209258445418,[0.61392689 0.99755186 0.2242029  0.03587368 0.39724535 0.06054421],TOWT,Lamb_education_Williams,124
21.431113759384242,3389.4907512393693,-0.9936771877157217,0.9936771877157217,0.9959201020716494,0.10419239584663242,0.017855593408750276,[0.99655384 0.97888206 0.99478441 0.99877402 0.97034401 0.99192163],Autoencoder(t),Lamb_education_Williams,124
9529.966866619186,3389.4907512393693,1.8116220299862298,1.8116220299862298,1.357077208464952,0.10419239584663242,11.67663891723827,[ 1.96948839  0.7836949   0.44651934  0.82608053 10.17260708  0.23709503],LSTM-AE(t),Lamb_education_Williams,124
1966.9195639879802,2476.678899597335,-0.20582374876784917,0.20582374876784917,0.12304528569479514,0.10518244987453981,1.3461663111254405,[1.         0.89780951 0.04950888 0.79530677 0.72929383 2.48467509],PatchTST-SSL,Lamb_office_Caitlin,124
3527.966800463997,2476.678899597335,0.42447484857144097,0.42447484857144097,0.5072683124531301,0.10518244987453981,1.2158489845505904,[0.06419158 1.         0.10456981 0.55497151 0.70401319 5.95117221],TOWT,Lamb_office_Caitlin,124
23.09377938918102,2476.678899597335,-0.9906755052530484,0.9906755052530484,0.9897237321560464,0.10518244987453981,0.022351286131873625,[0.999749   0.98682336 0.99174974 0.99752702 0.99356106 0.98685473],Autoencoder(t),Lamb_office_Caitlin,124
4832.359337651583,2476.678899597335,0.9511448732563758,0.9511448732563758,1.153272526592668,0.10518244987453981,3.1894521561632647,[0.74503523 0.34020467 0.82006577 0.79823231 0.72285667 8.42500781],LSTM-AE(t),Lamb_office_Caitlin,124
4020.872355336966,2192.5150835093805,0.8339086401636439,0.8339086401636439,0.15111120946238735,0.1529042720169983,11.980000142676017,[ 0.47245094  0.20151812  2.9700847   0.02596797  0.26665183 10.78608978],PatchTST-SSL,Lamb_office_Velma,124
4795.3926877667645,2192.5150835093805,1.1871651984674922,1.1871651984674922,0.18890519957464086,0.1529042720169983,12.275164404104757,[ 0.5134228   0.1588113   5.48111352  0.08290329  0.16181869 11.35042785],TOWT,Lamb_office_Velma,124
27.53444582844839,2192.5150835093805,-0.987441616235371,0.987441616235371,0.990434335623859,0.1529042720169983,0.04065938929322864,[0.99536202 0.98590987 0.99493098 0.99678896 0.98524244 0.88067709],Autoencoder(t),Lamb_office_Velma,124
7014.4762400774525,2192.5150835093805,2.1992830028106125,2.1992830028106125,0.38360940798774734,0.1529042720169983,28.23130353889443,[ 0.32883564  0.30620856  6.43920021  0.50928884  0.39193021 54.237695  ],LSTM-AE(t),Lamb_office_Velma,124
6837.513557998542,9401.103471177124,-0.27269031992236886,0.27269031992236886,0.2761868072568676,0.015086373707185208,0.8308276597369787,[0.49653482 0.0327276  0.04442221 0.28701922 0.2613171  0.80664414],PatchTST-SSL,Rat_retail_Jeffrey,124
11940.474062816995,9401.103471177124,0.2701140987784397,0.2701140987784397,0.2699865290968774,0.015086373707185208,1.685738707582227,[1.16771997 0.3974027  0.27844248 0.32920778 0.04396468 0.2399918 ],TOWT,Rat_retail_Jeffrey,124
17.714622501263268,9401.103471177124,-0.9981156868919084,0.9981156868919084,0.9981110533969134,0.015086373707185208,0.004691682956658865,[0.9959164  0.99669392 0.99841818 0.99851376 0.99910074 0.99789821],Autoencoder(t),Rat_retail_Jeffrey,124
8743.980574821757,9401.103471177124,-0.06989848567990374,0.06989848567990374,0.06067173789862509,0.015086373707185208,2.310010682990717,[0.38804011 0.86050697 0.67226654 0.56318464 0.37594411 0.78311368],LSTM-AE(t),Rat_retail_Jeffrey,124
132595.02687840388,96598.2212980391,0.37264460045596604,0.37264460045596604,0.3690997491218765,0.007977262752286903,0.8995248431043619,[0.41802992 0.82387749 0.94415115 0.8535878  0.32746125 0.75669792],PatchTST-SSL,Robin_education_Zenia,124
143711.90694107392,96598.2212980391,0.4877282936470715,0.4877282936470715,0.4839461578455984,0.007977262752286903,1.1224775835727048,[0.52722598 0.9795335  0.96682604 0.9010411  0.44640549 1.03874797],TOWT,Robin_education_Zenia,124
5214.5579760975725,96598.2212980391,-0.9460180745977833,0.9460180745977833,0.9459789885211245,0.007977262752286903,0.0014914808228889617,[0.94672846 0.94156757 0.98993413 0.9632585  0.94530375 0.93336021],Autoencoder(t),Robin_education_Zenia,124
1452794.353680713,96598.2212980391,14.039555947912717,14.039555947912717,13.91961909534481,0.007977262752286903,2.893963562596217,[13.64737627  1.50706609  1.40603106 23.5493415  14.2732069  36.60313974],LSTM-AE(t),Robin_education_Zenia,124
7663.237499939429,8183.486186309855,-0.06357299010790164,0.06357299010790164,0.06931735513320107,0.01269034193670221,0.34675751250623743,[0.15401617 0.11433043 0.28128421 0.38333909 0.08856674 0.2143305 ],PatchTST-SSL,Robin_office_Dina,124
8541.41014726925,8183.486186309855,0.0437373452842341,0.0437373452842341,0.03710323452212883,0.01269034193670221,0.38906675190329626,[0.08879442 0.31095907 0.25214284 0.55987171 0.20455359 0.16437339],TOWT,Robin_office_Dina,124
43.416211718474216,8183.486186309855,-0.9946946557090662,0.9946946557090662,0.9949203751843281,0.01269034193670221,0.0018450686037087883,[0.99553693 0.99839542 0.96193789 0.97713366 0.96396418 0.97916172],Autoencoder(t),Robin_office_Dina,124
14501.672034427183,8183.486186309855,0.772065315963631,0.772065315963631,0.7802520172126943,0.01269034193670221,2.017466877060725,[0.73931144 1.05292662 0.12283854 0.13513928 0.00552472 0.31100286],LSTM-AE(t),Robin_office_Dina,124
6773.965823920646,8038.4596903316215,-0.15730549323172757,0.15730549323172757,0.15971724738981644,0.030485560731462163,0.5998384003914128,[0.08956218 0.09071347 0.35862561 0.10389996 0.02946453 0.08060589],PatchTST-SSL,Robin_office_Sammie,124
6940.832505805251,8038.4596903316215,-0.1365469538705977,0.1365469538705977,0.13709912050012837,0.030485560731462163,0.5292696187948435,[0.1099273  0.18403249 0.33908161 0.01408254 0.22656488 0.11898672],TOWT,Robin_office_Sammie,124
42.25907531944677,8038.4596903316215,-0.9947428889429806,0.9947428889429806,0.9955754489401196,0.030485560731462163,0.004913924421225471,[0.9967355  0.97170042 0.99909453 0.97145076 0.99300596 0.96826547],Autoencoder(t),Robin_office_Sammie,124
9433.011565057153,8038.4596903316215,0.17348496210074302,0.17348496210074302,0.2018480711045959,0.030485560731462163,4.486426686658371,[1.29360672 0.38840676 0.52831408 0.11312373 0.10911929 0.72853039],LSTM-AE(t),Robin_office_Sammie,124
13885.976167425037,13481.714723603747,0.029985906993975308,0.029985906993975308,0.029769100180954612,0.13441154093141358,0.9515444221050411,[0.05371046 0.10177609 0.15398717 0.44357718 0.66421927 0.24261984],PatchTST-SSL,Shrew_office_Doris,124
16506.20307538977,13481.714723603747,0.22434003491341928,0.22434003491341928,0.12456147863044288,0.13441154093141358,0.9321320953089284,[0.34665709 0.07053217 0.18115576 0.39837036 1.16760562 0.35410176],TOWT,Shrew_office_Doris,124
56.4377449822116,13481.714723603747,-0.9958137561772168,0.9958137561772168,0.9960774705769733,0.13441154093141358,0.005644375016020469,[0.99677936 0.96066014 0.99121374 0.99077524 0.99538793 0.99829558],Autoencoder(t),Shrew_office_Doris,124
21940.476678565017,13481.714723603747,0.6274247844861822,0.6274247844861822,0.5308682105080175,0.13441154093141358,2.695724447363768,[1.00152513 0.74172235 0.54255397 0.34826037 2.0349585  0.29929077],LSTM-AE(t),Shrew_office_Doris,124
47809.967962967734,43987.54832713803,0.08689776496298773,0.08689776496298773,0.08779057132800008,0.003642932904182061,0.25886560140031345,[0.12427088 0.06980316 0.0984871  0.18634521 0.11681477 0.15728843],PatchTST-SSL,Shrew_office_Ila,124
49789.50035459104,43987.54832713803,0.1318998727617994,0.1318998727617994,0.13228275507516152,0.003642932904182061,0.16464133586051,[0.11034319 0.16669283 0.13171685 0.03866687 0.16243395 0.02717999],TOWT,Shrew_office_Ila,124
169.79913084625537,43987.54832713803,-0.9961398364468178,0.9961398364468178,0.9961630733972989,0.003642932904182061,0.0010242354545272577,[0.99181205 0.99870863 0.98805804 0.99781077 0.99848783 0.98978444],Autoencoder(t),Shrew_office_Ila,124
94090.32157640094,43987.54832713803,1.1390217267087854,1.1390217267087854,1.144487874452396,0.003642932904182061,1.01088540157672,[1.67906373 0.94605658 0.6393726  0.2326314  0.94206578 0.35599207],LSTM-AE(t),Shrew_office_Ila,124
7515.617027798293,9362.96485472773,-0.19730372329622048,0.19730372329622048,0.19730372329622048,0.0,0.11123745219462906,[0.2808824  0.46517746 0.30058564 0.75771048 0.10074511 0.57116847],PatchTST-SSL,Shrew_office_Kenneth,124
7041.109893723902,9362.96485472773,-0.24798287690158657,0.24798287690158657,0.24798287690158657,0.0,0.11837509337698549,[0.06445518 0.4567655  0.17340905 0.87657977 0.18695293 0.43922612],TOWT,Shrew_office_Kenneth,124
15.317883524796253,9362.96485472773,-0.9983639922009253,0.9983639922009253,0.9983639922009253,0.0,0.0019185350818517683,[0.98362577 0.99910619 0.99821915 0.99795153 0.98833431 0.9992208 ],Autoencoder(t),Shrew_office_Kenneth,124
6905.687293893909,9362.96485472773,-0.26244652190412154,0.26244652190412154,0.26244652190412154,0.0,0.8081952169704727,[0.84701767 0.54153153 0.21181417 0.38552882 0.51091666 0.65111915],LSTM-AE(t),Shrew_office_Kenneth,124
3427.4186072088933,3625.8417730065985,-0.05472471724356851,0.05472471724356851,0.061546108566834345,0.15250978488457861,3.2522627937624855,[0.33339665 0.12020184 0.13491113 0.01681854 0.18957725 0.25117869],PatchTST-SSL,Shrew_office_Nora,124
4425.488764977181,3625.8417730065985,0.22054106109200236,0.22054106109200236,0.25624414536583134,0.15250978488457861,3.5409306277734904,[0.00884372 0.04830224 0.01455055 0.02214058 0.0314227  0.80725986],TOWT,Shrew_office_Nora,124
42.48301992834033,3625.8417730065985,-0.9882832670072328,0.9882832670072328,0.9880972027834927,0.15250978488457861,0.037426730771948,[0.98725358 0.99041733 0.96468883 0.98931722 0.99474    0.99784428],Autoencoder(t),Shrew_office_Nora,124
2299.49954786395,3625.8417730065985,-0.36580256618391466,0.36580256618391466,0.31131061020183654,0.15250978488457861,15.989623910710938,[0.55628541 0.67279044 0.72066927 0.66861199 0.68018489 0.50088709],LSTM-AE(t),Shrew_office_Nora,124
31967.203546140743,40670.41259053998,-0.21399362558774776,0.21399362558774776,0.21773785646053878,0.1423081585045625,0.5782564242440127,[0.05733062 0.16294806 0.02880187 0.23632994 0.0613635  0.80271178],PatchTST-SSL,Shrew_office_Sherill,124
41236.96234253313,40670.41259053998,0.013930268121374626,0.013930268121374626,0.027775913184093424,0.1423081585045625,0.5455392293139586,[0.01694697 0.7854437  0.01941926 0.02908243 0.11198847 0.22558956],TOWT,Shrew_office_Sherill,124
149.04182682362088,40670.41259053998,-0.9963353746045278,0.9963353746045278,0.9972660898303819,0.1423081585045625,0.0037627016145255227,[0.99436684 0.99559826 0.975028   0.99874393 0.98328523 0.98892177],Autoencoder(t),Shrew_office_Sherill,124
42184.05169006283,40670.41259053998,0.03721720541076896,0.03721720541076896,0.04536001716981017,0.1423081585045625,2.1248626285173033,[0.72440866 0.73322289 0.09809321 0.03028382 0.41848738 0.92673424],LSTM-AE(t),Shrew_office_Sherill,124
3188.568107530385,3533.560887216791,-0.09763317817289385,0.09763317817289385,0.25475064706866085,0.11244717573467403,1.0514703447679212,[0.76552497 1.14250516 0.09298815 0.23790322 0.0737949  0.10765354],PatchTST-SSL,Wolf_office_Darleen,124
4628.074115682643,3533.560887216791,0.30974794644841847,0.30974794644841847,0.10426194488577285,0.11244717573467403,1.3242773457998458,[0.70083269 1.93166224 0.07373375 1.10249727 0.08659221 0.09997037],TOWT,Wolf_office_Darleen,124
16.250905202854305,3533.560887216791,-0.9954009833928023,0.9954009833928023,0.9956400088864644,0.11244717573467403,0.0071802701214141685,[0.99691735 0.99351434 0.9972318  0.99493605 0.98887003 0.99743056],Autoencoder(t),Wolf_office_Darleen,124
6175.717903733859,3533.560887216791,0.7477321322169612,0.7477321322169612,0.5332985481304137,0.11244717573467403,4.829336114956455,[0.35237781 2.44027027 0.72904569 2.00072462 0.57842558 0.17223091],LSTM-AE(t),Wolf_office_Darleen,124
5674.538972907256,1612.224977001204,2.5196942448206583,2.5196942448206583,2.0343677218094625,0.40951714945679596,5.717259834003392,[2.88363303 0.33414604 0.31973231 3.02406072 4.84717864 8.1460939 ],PatchTST-SSL,Wolf_retail_Harriett,124
6686.738355237259,1612.224977001204,3.1475218723349836,3.1475218723349836,2.4262355141825673,0.40951714945679596,6.139997479644099,[ 3.33061037  0.30477291  0.08062406  4.0227737   6.05365283 10.57430775],TOWT,Wolf_retail_Harriett,124
20.03539808646823,1612.224977001204,-0.9875728273831021,0.9875728273831021,0.9874255158883408,0.40951714945679596,0.018026365447639893,[0.99168077 0.99354277 0.97563027 0.98817324 0.98318271 0.98237174],Autoencoder(t),Wolf_retail_Harriett,124
11256.74783363046,1612.224977001204,5.982119737760429,5.982119737760429,4.220645481913605,0.40951714945679596,18.981363916472063,[ 5.91401024  0.29925445  0.4732352   4.72095469 14.62442597 21.99439842],LSTM-AE(t),Wolf_retail_Harriett,124
902.5547643935944,987.5867578599267,-0.0861007833383614,0.0861007833383614,0.10532201520884639,0.06060643724655246,1.4371776497232533,[0.24152072 0.11815985 0.21182634 0.11990211 0.04387655 0.22118804],PatchTST-SSL,Wolf_retail_Marcella,124
1114.0473214249043,987.5867578599267,0.12805008021676414,0.12805008021676414,0.07324296785474065,0.06060643724655246,1.8271268332438768,[0.21468201 0.09401806 0.9775547  0.16918043 0.08284078 0.07159126],TOWT,Wolf_retail_Marcella,124
4.468318004029467,987.5867578599267,-0.9954755185116979,0.9954755185116979,0.995597415884856,0.06060643724655246,0.0056297594661272096,[0.99416229 0.99877929 0.99358612 0.94111634 0.98429122 0.99842359],Autoencoder(t),Wolf_retail_Marcella,124
1385.3900739955604,987.5867578599267,0.4028034124289622,0.4028034124289622,0.2948842794301504,0.06060643724655246,5.972117687717045,[0.33355118 0.37271805 2.07553891 0.35430198 0.06884274 0.12032517],LSTM-AE(t),Wolf_retail_Marcella,124
5976.428231215577,8115.615163571036,-0.26358900579191247,0.26358900579191247,0.25763115271083364,0.10185872958557918,1.6187051492516933,[0.16550868 0.47303504 0.10565355 0.18643652 0.32191692 0.50010632],PatchTST-SSL,Wolf_retail_Toshia,124
9815.201019302376,8115.615163571036,0.2094216915755636,0.2094216915755636,0.2577676822970303,0.10185872958557918,2.5194117324107843,[0.32336265 0.30641233 0.04740883 0.14286454 0.07632342 3.77983091],TOWT,Wolf_retail_Toshia,124
32.5429725419214,8115.615163571036,-0.9959900793857256,0.9959900793857256,0.9962072756982342,0.10185872958557918,0.011065363204429926,[0.96121743 0.99687367 0.9963092  0.99176184 0.9981237  0.98839087],Autoencoder(t),Wolf_retail_Toshia,124
12451.254614617552,8115.615163571036,0.5342342340859281,0.5342342340859281,0.6866320437795753,0.10185872958557918,6.096951413590797,[ 0.68201441  1.          0.59226948  0.65212085  0.13326209 13.1672709 ],LSTM-AE(t),Wolf_retail_Toshia,124
4300.389490104322,3694.9906478493317,0.16384313248732113,0.16384313248732113,0.11562723185097032,0.17804871647725257,1.2910674894343321,[0.00270129 0.16152756 0.43133632 0.95811658 0.16386892 0.99246432],PatchTST-SSL,Fox_education_Henrietta,125
6515.560317407308,3694.9906478493317,0.7633496098832314,0.7633496098832314,0.8802268266970505,0.17804871647725257,2.016262863805567,[0.58021484 0.96956148 0.20908226 0.65749537 0.12931789 0.02629834],TOWT,Fox_education_Henrietta,125
7.481140709191718,3694.9906478493317,-0.9979753289190202,0.9979753289190202,0.9980546917986891,0.17804871647725257,0.0026461867469126615,[0.99869985 0.99787276 0.99749229 0.99797873 0.9982179  0.99936827],Autoencoder(t),Fox_education_Henrietta,125
3301.0638014577626,3694.9906478493317,-0.10661105370343878,0.10661105370343878,0.17656944315790737,0.17804871647725257,1.6774619298410867,[0.06378867 0.22707828 0.31967752 0.07514366 0.40539979 0.76624088],LSTM-AE(t),Fox_education_Henrietta,125
9450.169541394736,9155.738379378796,0.03215810127111969,0.03215810127111969,0.0625722814627555,0.04433620384765522,0.896186648226815,[1.60736488 0.17966996 0.0311755  0.12923158 0.18290244 2.07406492],PatchTST-SSL,Fox_retail_Manie,125
11798.059807383417,9155.738379378796,0.2885973057023828,0.2885973057023828,0.179818221568688,0.04433620384765522,1.1282055899973369,[2.65345359 0.12165327 0.52820331 0.07036199 0.46998497 2.63332291],TOWT,Fox_retail_Manie,125
22.201814419923288,9155.738379378796,-0.997575092963564,0.997575092963564,0.9977665035473181,0.04433620384765522,0.0044503563443527416,[0.98797491 0.99933879 0.98771218 0.99861087 0.99578202 0.99344925],Autoencoder(t),Fox_retail_Manie,125
14579.283359433457,9155.738379378796,0.592365656960006,0.592365656960006,0.4791909552964095,0.04433620384765522,3.1218775560323277,[8.71363947 0.83211236 0.14951521 0.2328759  0.75143233 3.03183849],LSTM-AE(t),Fox_retail_Manie,125
35997.84298509346,31479.852552345856,0.14352006335591713,0.14352006335591713,0.10254809025918842,0.0005326502866747535,0.6531919170069467,"[8.04518625e-02 9.42833706e-02 1.09026968e-01 7.70235113e+01
 5.37891790e-02 3.47378908e-02]",PatchTST-SSL,Hog_education_Bruno,125
32739.45117641686,31479.852552345856,0.040012850186527955,0.040012850186527955,0.026705879108419265,0.0005326502866747535,0.6027786760346803,[ 0.09869736  0.155722    0.12029573 25.00927214  0.03322847  0.34182803],TOWT,Hog_education_Bruno,125
258.25457993432497,31479.852552345856,-0.991796194740592,0.991796194740592,0.9918559672609691,0.0005326502866747535,0.0018824966437646028,[0.99864781 0.99907052 0.98806608 0.87963877 0.97174941 0.99900415],Autoencoder(t),Hog_education_Bruno,125
68846.01456140197,31479.852552345856,1.1869865637687562,1.1869865637687562,1.1042914706536582,0.0005326502866747535,1.2353621292907637,"[4.64072446e-02 1.04079634e-01 1.82973626e+00 1.56356424e+02
 8.11107296e-01 5.84721358e-01]",LSTM-AE(t),Hog_education_Bruno,125
55759.05523945698,85136.90640907052,-0.34506599321870135,0.34506599321870135,0.25234255616553625,0.33170117461682086,0.9056722838117299,[0.07846199 0.57423249 0.59028641 0.55679099 0.09562399 0.40340618],PatchTST-SSL,Hog_education_Caridad,125
73209.41319100476,85136.90640907052,-0.14009779919364093,0.14009779919364093,0.1892679374424082,0.33170117461682086,1.6583296685766147,[0.17520535 0.82393327 0.19817948 0.14504519 0.50376902 0.22301766],TOWT,Hog_education_Caridad,125
397.7430848871313,85136.90640907052,-0.9953281942971238,0.9953281942971238,0.9965885200757799,0.33170117461682086,0.01072448406208058,[0.99571589 0.99665719 0.9967978  0.99838081 0.93547372 0.99909407],Autoencoder(t),Hog_education_Caridad,125
91628.02042363325,85136.90640907052,0.07624324500791542,0.07624324500791542,0.018199866407920047,0.33170117461682086,2.3496965426831897,[ 0.22686117  0.52052404  0.0136605   0.73509394 10.76811954  0.7054993 ],LSTM-AE(t),Hog_education_Caridad,125
63689.75595461348,57301.60804579975,0.11148287328529838,0.11148287328529838,0.10494097127271818,0.022815683393056924,0.6748548879983682,[0.06891904 0.39166927 0.53306048 0.18347133 0.12825512 0.2639956 ],PatchTST-SSL,Hog_education_Luvenia,125
63344.72560548935,57301.60804579975,0.10546157020339612,0.10546157020339612,0.1131504909978494,0.022815683393056924,0.3835952330830909,[0.04623958 0.22385106 0.36301861 0.10280097 0.16027843 0.1867648 ],TOWT,Hog_education_Luvenia,125
257.60100958826206,57301.60804579975,-0.9955044715432355,0.9955044715432355,0.9954592999867208,0.022815683393056924,0.002313589875463977,[0.9949796  0.99743915 0.98677189 0.99045011 0.99599162 0.9996572 ],Autoencoder(t),Hog_education_Luvenia,125
148206.5377307812,57301.60804579975,1.5864289465022237,1.5864289465022237,1.5984360349089966,0.022815683393056924,1.6727385353078743,[1.81333791 1.07217135 0.03129322 0.85463467 1.55254418 0.39050009],LSTM-AE(t),Hog_education_Luvenia,125
8940.08601914049,4337.220297571744,1.0612478513359647,1.0612478513359647,1.8227741191165916,0.533109256630836,3.0066420710516613,[1.91315693 0.00412133 3.11100318 0.0927642  0.4107966  0.13170278],PatchTST-SSL,Hog_office_Almeda,125
6854.806460072245,4337.220297571744,0.5804607536098658,0.5804607536098658,1.409933834349163,0.533109256630836,2.0076325606571075,[1.50395399 0.11350426 2.36435381 0.70840629 0.12694746 0.02417769],TOWT,Hog_office_Almeda,125
24.885361182426077,4337.220297571744,-0.9942623709484255,0.9942623709484255,0.9929065964937083,0.533109256630836,0.006525439419291798,[0.9975588  0.95664474 0.99719533 0.98311062 0.99586734 0.99862695],Autoencoder(t),Hog_office_Almeda,125
9792.446046726767,4337.220297571744,1.2577700404586807,1.2577700404586807,1.679537294561889,0.533109256630836,4.9323079210061564,[1.71047813 0.73002388 3.40459957 7.08853382 0.67855645 0.49149438],LSTM-AE(t),Hog_office_Almeda,125
11748.244993641343,7041.146683197066,0.6685130309353245,0.6685130309353245,0.35854098164218057,0.06269356126665075,3.6568557825730914,"[2.51165266e+02 1.80252092e-01 4.87807824e-01 6.38941610e-02
 8.08885924e-01 2.63568771e-01]",PatchTST-SSL,Hog_office_Cortney,125
6812.029654343124,7041.146683197066,-0.03253973239908558,0.03253973239908558,0.05934913095236283,0.06269356126665075,0.9394830198481183,"[6.02696832e+01 1.08378496e-02 8.04832933e-01 2.63565875e-02
 5.93118206e-02 1.25252232e-01]",TOWT,Hog_office_Cortney,125
39.63520717996124,7041.146683197066,-0.9943709158517395,0.9943709158517395,0.9957725274400558,0.06269356126665075,0.010679733183087663,[0.43486492 0.97324306 0.98396297 0.99953821 0.99766615 0.99862431],Autoencoder(t),Hog_office_Cortney,125
12828.067400710559,7041.146683197066,0.8218719163063813,0.8218719163063813,0.40361169258437,0.06269356126665075,6.23096753247934,"[231.26266106   0.37699867   2.68462226   0.76180833   0.91415612
   0.36169696]",LSTM-AE(t),Hog_office_Cortney,125
8113.724318877799,8319.749503782794,-0.024763387985578148,0.024763387985578148,0.03166590417438947,0.0448054506912683,1.6232394216222596,[0.02824209 0.12238937 0.03690445 0.04348359 0.18967216 0.03334364],PatchTST-SSL,Hog_office_Denita,125
8062.835908738953,8319.749503782794,-0.030879967591215182,0.030879967591215182,0.03724118341527483,0.0448054506912683,0.541136112057105,[0.03976637 0.10473297 0.06101628 0.03251934 0.08072465 0.03233229],TOWT,Hog_office_Denita,125
52.70185984210468,8319.749503782794,-0.993665451127087,0.993665451127087,0.9944082671520876,0.0448054506912683,0.006279313586590273,[0.99907363 0.97782957 0.98340169 0.96098582 0.97933542 0.97782611],Autoencoder(t),Hog_office_Denita,125
8432.289170111704,8319.749503782794,0.013526809464364416,0.013526809464364416,0.02995171548530457,0.0448054506912683,4.528184060738595,[0.13162271 0.33663105 0.57892102 0.53291733 0.50777541 0.131524  ],LSTM-AE(t),Hog_office_Denita,125
42776.33014516445,68276.98973603806,-0.37348834050036933,0.37348834050036933,0.3828905318547218,0.015990620168657665,0.41506453005071064,[0.41175431 0.24543383 0.4433801  0.60919692 0.32511492 0.20509113],PatchTST-SSL,Hog_office_Garrett,125
60167.554305898535,68276.98973603806,-0.11877259764220666,0.11877259764220666,0.12226355689542336,0.015990620168657665,0.4314270189388735,[0.08679449 0.04372897 0.13710298 0.33100434 0.23549503 0.09604938],TOWT,Hog_office_Garrett,125
84.00134331000399,68276.98973603806,-0.9987696976150419,0.9987696976150419,0.9990131733627496,0.015990620168657665,0.004339595753751901,[0.99956726 0.99880189 0.99446479 0.99825145 0.999385   0.98378701],Autoencoder(t),Hog_office_Garrett,125
27694.37094148392,68276.98973603806,-0.5943820744213882,0.5943820744213882,0.5928438103593056,0.015990620168657665,1.0470403069351273,[0.93190839 0.87992899 0.99395546 0.57449513 0.57508479 0.68904171],LSTM-AE(t),Hog_office_Garrett,125
20967.39568815792,28205.801421711414,-0.2566282597445265,0.2566282597445265,0.4869480962620773,0.8748761160978911,8.040445296490425,[0.14633574 0.16219536 0.0066278  0.83553529 0.18469616 0.53478224],PatchTST-SSL,Hog_office_Lavon,125
50946.08001931176,28205.801421711414,0.8062269976876466,0.8062269976876466,0.445020074361826,0.8748761160978911,10.350652176727232,[0.25888147 5.07716787 0.07888651 0.70360132 1.26451121 0.37862496],TOWT,Hog_office_Lavon,125
235.30890947495874,28205.801421711414,-0.9916574286985573,0.9916574286985573,0.9984888957241913,0.8748761160978911,0.015683903184809084,[0.99900379 0.9710493  0.9992343  0.99796246 0.97064833 0.99673651],Autoencoder(t),Hog_office_Lavon,125
26285.29390684048,28205.801421711414,-0.06808909579121629,0.06808909579121629,0.32178656565240243,0.8748761160978911,10.117443134104253,[0.38369962 0.90509189 0.77540997 0.00141576 0.24989593 0.16471605],LSTM-AE(t),Hog_office_Lavon,125
347.3900094650832,223.9682659583033,0.5510679960783267,0.5510679960783267,0.6204992164215064,0.19083044857546194,18.747987576421604,[0.07652019 0.41794049 4.00862521 0.4218789  0.10758521 0.25666199],PatchTST-SSL,Hog_office_Merilyn,125
420.0085457837251,223.9682659583033,0.8753038247923884,0.8753038247923884,1.068103734181544,0.19083044857546194,17.19497223791892,[0.65889846 0.1648946  5.9039891  0.18890422 0.31245786 0.05778326],TOWT,Hog_office_Merilyn,125
1.9891085790800036,223.9682659583033,-0.9911187927871428,0.9911187927871428,0.9923705120516895,0.19083044857546194,0.07190791450798711,[0.99876031 0.99431332 0.96075538 0.99910841 0.99855892 0.98581119],Autoencoder(t),Hog_office_Merilyn,125
376.8336272991259,223.9682659583033,0.6825313429416019,0.6825313429416019,1.0318683943824436,0.19083044857546194,31.49227185953876,[ 0.33180013  0.75642582 10.13855358  0.7853067   0.67025242  0.79874645],LSTM-AE(t),Hog_office_Merilyn,125
4449.319043744802,4952.39762782504,-0.10158283358623948,0.10158283358623948,0.1307442770415973,0.05549431313198286,0.3680064839932966,[0.39474098 0.06011659 0.10204711 0.16897378 0.04056229 0.0595641 ],PatchTST-SSL,Hog_office_Miriam,125
4780.370355646241,4952.39762782504,-0.034736159150926135,0.034736159150926135,0.04086024843222707,0.05549431313198286,0.2017738085308746,[0.06949501 0.03733781 0.1223101  0.00786886 0.24738087 0.04369774],TOWT,Hog_office_Miriam,125
17.930397859637644,4952.39762782504,-0.9963794510846836,0.9963794510846836,0.996337530319686,0.05549431313198286,0.002022926114666978,[0.99709294 0.99882098 0.95609053 0.9970309  0.99809817 0.96028652],Autoencoder(t),Hog_office_Miriam,125
7481.836011758599,4952.39762782504,0.5107502615948913,0.5107502615948913,0.4507751332825959,0.05549431313198286,1.3271467361887113,[1.53151882 0.44489217 0.52140893 0.520384   0.32346387 0.74724522],LSTM-AE(t),Hog_office_Miriam,125
8728.059223290664,4053.084496278672,1.153436285699029,1.153436285699029,0.04651101776821175,0.6444500826325543,3.8951512769930634,"[4.87613204e-01 2.51969717e-02 2.55698268e-01 1.34790230e+00
 4.19623618e-03 7.86872805e+02]",PatchTST-SSL,Hog_office_Napoleon,125
6540.408200668637,4053.084496278672,0.6136866148913732,0.6136866148913732,0.10973946414973273,0.6444500826325543,2.6090434703802305,"[8.56448812e-02 1.86482477e-01 3.71351228e-03 5.46431525e-01
 1.21359328e-02 5.15743712e+02]",TOWT,Hog_office_Napoleon,125
60.1620484716006,4053.084496278672,-0.9851564781028281,0.9851564781028281,0.9672178111218007,0.6444500826325543,0.013869995906536436,[0.9978401  0.95650335 0.98643782 0.99686123 0.97796792 0.9269981 ],Autoencoder(t),Hog_office_Napoleon,125
8533.903120536916,4053.084496278672,1.1055329905834173,1.1055329905834173,0.09058671259171885,0.6444500826325543,10.083192020748282,"[3.85763251e-01 2.69626863e-02 2.26982561e-02 6.98067167e-01
 6.68310674e-01 9.93269752e+02]",LSTM-AE(t),Hog_office_Napoleon,125
13643.700729429207,10064.748618129255,0.355592796908342,0.355592796908342,0.347948889945212,0.45515470401250696,3.784145650419363,[0.36474298 0.35147996 0.67282582 0.20638135 0.12153452 0.50288501],PatchTST-SSL,Hog_office_Shawna,125
11630.45580889959,10064.748618129255,0.1555634671242642,0.1555634671242642,0.193474021346581,0.45515470401250696,2.134803197965718,[0.11018244 0.01853545 0.31041824 0.07378024 0.0224066  0.0044626 ],TOWT,Hog_office_Shawna,125
81.38924424448169,10064.748618129255,-0.9919134349666838,0.9919134349666838,0.9866438208568109,0.45515470401250696,0.013101266103935857,[0.99822145 0.99515004 0.99780683 0.94486652 0.97178309 0.99948781],Autoencoder(t),Hog_office_Shawna,125
11876.463733865816,10064.748618129255,0.18000599761361014,0.18000599761361014,0.02574364902553568,0.45515470401250696,8.072798928594,[0.42629968 0.69809481 0.24264933 0.68141799 0.36779172 0.44184549],LSTM-AE(t),Hog_office_Shawna,125
11525.610139529828,5702.316601369376,1.0212154016074841,1.0212154016074841,1.2121632978001797,0.1473297825129437,4.132183361366681,[0.01982977 4.00213877 0.08795558 0.01270492 0.08389438 6.34783271],PatchTST-SSL,Hog_office_Shawnna,125
8362.15426742749,5702.316601369376,0.46644861237963703,0.46644861237963703,0.552190082023636,0.1473297825129437,2.982787619147868,[0.13607523 2.33795362 0.08436389 0.08083701 0.02977962 2.11650745],TOWT,Hog_office_Shawnna,125
45.48081498954684,5702.316601369376,-0.9920241512057354,0.9920241512057354,0.990671727110335,0.1473297825129437,0.04404949836424364,[0.98967665 0.99523352 0.99013052 0.99567363 0.9998513  0.96184781],Autoencoder(t),Hog_office_Shawnna,125
11311.233806092763,5702.316601369376,0.9836207977958361,0.9836207977958361,1.2706238666719238,0.1473297825129437,13.812666931975476,[ 0.70146951  3.4698057   0.69553233  0.27190893  0.67740771 10.04878433],LSTM-AE(t),Hog_office_Shawnna,125
3804.1603648882992,1861.3228985736177,1.0437938886388443,1.0437938886388443,1.125206153396543,0.1212593051192527,4.371531697241402,[ 0.13070143  0.31019131  0.47182985  5.30747968  0.14606063 38.55264847],PatchTST-SSL,Hog_office_Sherrie,125
3081.9613380624996,1861.3228985736177,0.6557908036398683,0.6557908036398683,0.6130119425132473,0.1212593051192527,3.3633883774701543,[ 0.08879526  0.12930911  0.38047332 16.48049816  0.01793849 16.19201283],TOWT,Hog_office_Sherrie,125
17.56199703797093,1861.3228985736177,-0.9905647767770819,0.9905647767770819,0.9907989437615459,0.1212593051192527,0.01580675372849917,[0.99904157 0.96657904 0.99840988 0.94673939 0.99153905 0.92356791],Autoencoder(t),Hog_office_Sherrie,125
2972.5429619048755,1861.3228985736177,0.5970055298749163,0.5970055298749163,0.49475407590070836,0.1212593051192527,7.068662044644371,[ 0.87494904  0.30872199  0.06244318 31.52544144  0.57609137 29.84235424],LSTM-AE(t),Hog_office_Sherrie,125
39479.35203281407,38584.6731595557,0.02318741614212175,0.02318741614212175,0.003726014498612341,0.08154349034698692,0.27181953156469457,[0.08168546 0.06074714 0.00101467 0.04420051 0.24751503 0.046835  ],PatchTST-SSL,Hog_office_Shon,125
38368.66661985516,38584.6731595557,-0.0055982472316742455,0.0055982472316742455,0.006781700985761012,0.08154349034698692,0.16306758212915573,[0.06795565 0.01337453 0.07558377 0.02389561 0.01014575 0.03054661],TOWT,Hog_office_Shon,125
181.06719189179768,38584.6731595557,-0.9953072767743025,0.9953072767743025,0.9950379970656386,0.08154349034698692,0.0007879394970499598,[0.98976738 0.99722455 0.99657738 0.99286446 0.99861374 0.95463069],Autoencoder(t),Hog_office_Shon,125
83188.55296098636,38584.6731595557,1.1559999385503223,1.1559999385503223,1.0827932021694173,0.08154349034698692,0.7996388828118292,[1.10486661 1.12608308 1.06442484 1.09357326 2.00848935 0.64351992],LSTM-AE(t),Hog_office_Shon,125
31294.22512480719,36208.74372073834,-0.13572739871437153,0.13572739871437153,0.1356846653422537,0.005286946043689553,0.16857811621407753,[0.14376747 0.0193251  0.1456902  0.26735194 0.0726256  0.00441074],PatchTST-SSL,Hog_office_Sydney,125
32596.754914062923,36208.74372073834,-0.09975460166563781,0.09975460166563781,0.09957471625997544,0.005286946043689553,0.0615568178536369,[0.13359916 0.02715724 0.11235044 0.10438954 0.06551059 0.03127872],TOWT,Hog_office_Sydney,125
486.30804910327157,36208.74372073834,-0.9865693200279483,0.9865693200279483,0.9865027781694816,0.005286946043689553,0.0008975846493698062,[0.99908885 0.9989183  0.98545054 0.98392992 0.99316848 0.9756607 ],Autoencoder(t),Hog_office_Sydney,125
114517.83360351615,36208.74372073834,2.1627121472852076,2.1627121472852076,2.177908353375039,0.005286946043689553,1.0206061288468475,[0.69637974 0.12671493 2.41804445 0.32311519 0.119277   0.65214383],LSTM-AE(t),Hog_office_Sydney,125
5740.635978903976,4370.366337318555,0.3135365632589399,0.3135365632589399,0.32278966166268835,0.06419066946741642,1.1811154901241798,[0.65287641 0.07288238 0.08268926 0.17863945 0.25412335 0.04483974],PatchTST-SSL,Hog_office_Valda,125
5944.571286644755,4370.366337318555,0.36019976995613945,0.36019976995613945,0.40646466698072287,0.06419066946741642,0.7420337776701372,[0.68584384 0.20791354 0.03725565 0.31427711 0.12000039 0.07620715],TOWT,Hog_office_Valda,125
8.929575651148856,4370.366337318555,-0.9979567901265165,0.9979567901265165,0.9987144247945771,0.06419066946741642,0.004386616312668899,[0.99825073 0.99913731 0.99859335 0.98691155 0.99763462 0.99860611],Autoencoder(t),Hog_office_Valda,125
5581.732793686216,4370.366337318555,0.2771773263087359,0.2771773263087359,0.27732439174155615,0.06419066946741642,1.3616985152360919,[0.82758608 0.09702047 0.71014779 0.27503332 0.49316621 0.58745104],LSTM-AE(t),Hog_office_Valda,125
10231.300343420684,6423.818931766165,0.5927130655607831,0.5927130655607831,0.14702251579225806,0.22187544692182193,3.035105003893623,[3.59899656 0.35213676 0.21326287 0.09622479 0.00693107 0.13628658],PatchTST-SSL,Lamb_education_Armando,125
10831.063461239437,6423.818931766165,0.6860785735536825,0.6860785735536825,0.20533194773091692,0.22187544692182193,2.6463995443974677,[3.77826441 0.07146325 0.2476639  0.19324654 0.01327151 0.05246618],TOWT,Lamb_education_Armando,125
59.7500009064944,6423.818931766165,-0.9906986791593663,0.9906986791593663,0.9909506781179741,0.22187544692182193,0.011171893518631652,[0.98973267 0.98995782 0.99767088 0.98805561 0.9610889  0.96249005],Autoencoder(t),Lamb_education_Armando,125
16394.5035374213,6423.818931766165,1.5521428470453158,1.5521428470453158,0.7277905560942926,0.22187544692182193,8.749679243533512,[7.3361241  0.58390066 1.10547763 0.28369536 0.76761957 0.51259915],LSTM-AE(t),Lamb_education_Armando,125
322.5307987586431,152.55021472214582,1.1142598805652224,1.1142598805652224,1.2725771557083165,0.12522119027534656,4.9259125412244815,"[8.16418211e-03 4.14512369e-01 1.58894684e+00 7.00130395e-02
 5.61744440e-04 7.82012533e-01]",PatchTST-SSL,Lamb_education_Eula,125
402.1479956696734,152.55021472214582,1.636168008036853,1.636168008036853,1.8319734194008495,0.12522119027534656,4.471364615011808,[0.037626   0.0333648  2.28398513 0.04797522 0.01099598 0.82036214],TOWT,Lamb_education_Eula,125
1.2908154676235646,152.55021472214582,-0.9915384224796101,0.9915384224796101,0.994183553501332,0.12522119027534656,0.019396737157856565,[0.99004948 0.99116101 0.99483698 0.9886855  0.99775447 0.93993339],Autoencoder(t),Lamb_education_Eula,125
594.7076585442671,152.55021472214582,2.898438685435249,2.898438685435249,3.365662279355584,0.12522119027534656,11.650515488974687,[0.90190046 0.61119764 4.36974565 0.72529137 0.75439527 0.08407798],LSTM-AE(t),Lamb_education_Eula,125
4816.572067126443,3560.667444770663,0.35271606850009274,0.35271606850009274,0.2186565146051002,0.5004868451878629,4.0840256533267425,[0.83201549 0.01047612 3.02620495 0.22172718 1.24543102 0.2092732 ],PatchTST-SSL,Lamb_education_Lazaro,125
4406.4928210685275,3560.667444770663,0.2375468614852187,0.2375468614852187,0.5226335775191887,0.5004868451878629,4.215014444593955,[0.86348959 0.17766781 3.05128778 0.63828999 1.59567702 0.16921162],TOWT,Lamb_education_Lazaro,125
30.68200629695913,3560.667444770663,-0.9913830744452083,0.9913830744452083,0.9905472092892958,0.5004868451878629,0.012142979906223806,[0.99472774 0.99605744 0.9901793  0.99680739 0.98804913 0.97141739],Autoencoder(t),Lamb_education_Lazaro,125
11045.852691216502,3560.667444770663,2.102185998144499,2.102185998144499,0.7365770759960507,0.5004868451878629,12.253728349760664,[0.262698   0.29904714 7.37883266 1.09827455 6.52112182 0.36869525],LSTM-AE(t),Lamb_education_Lazaro,125
2057.055508659383,888.1822435421024,1.3160286344565646,1.3160286344565646,1.077492667573455,0.10976888012848054,2.1180402897011397,[5.5402913  0.31597068 0.09707571 0.93546997 3.25056728 1.68453789],PatchTST-SSL,Lamb_education_Lucas,125
1671.4863205629208,888.1822435421024,0.8819181904571454,0.8819181904571454,0.6770226317435339,0.10976888012848054,1.4600306852285199,[4.51590229 0.05694591 0.01530069 0.52347385 2.54363144 0.82228491],TOWT,Lamb_education_Lucas,125
10.702495728991673,888.1822435421024,-0.9879501129336815,0.9879501129336815,0.9879051319949189,0.10976888012848054,0.008971284306790669,[0.96997418 0.99545119 0.96630337 0.99414969 0.98831491 0.99037256],Autoencoder(t),Lamb_education_Lucas,125
4968.494656541303,888.1822435421024,4.594003587289439,4.594003587289439,4.039157229936682,0.10976888012848054,7.175836313130075,[18.90678522  0.40474099  0.25400413  4.28192627  9.09383536  3.56728829],LSTM-AE(t),Lamb_education_Lucas,125
10318.983409886307,5651.747395291096,0.8258040722916673,0.8258040722916673,0.8258040722916673,0.0,4.116970760657954,"[4.83575908e-01 9.17361405e-02 5.22481989e-02 2.52790158e+02
 1.48160403e+00 6.95798036e-02]",PatchTST-SSL,Lamb_education_Mae,125
8723.226221377108,5651.747395291096,0.5434564942950382,0.5434564942950382,0.5434564942950382,0.0,3.5329264075587585,"[2.63909382e-01 1.20609853e-02 1.34575280e-01 2.04751396e+02
 8.43405923e-01 3.48647176e-02]",TOWT,Lamb_education_Mae,125
54.90300091416279,5651.747395291096,-0.9902856590936979,0.9902856590936979,0.9902856590936979,0.0,0.012544781344869096,[0.99805391 0.99506726 0.96394394 0.55422811 0.99534139 0.97583179],Autoencoder(t),Lamb_education_Mae,125
22082.70470087473,5651.747395291096,2.907234905663605,2.907234905663605,2.907234905663605,0.0,9.924718123161263,"[3.06182029e+00 3.84664948e-01 7.83513108e-01 4.15591808e+02
 3.97794092e+00 2.92215933e-01]",LSTM-AE(t),Lamb_education_Mae,125
0.0,0.0,0.0,0.0,,0.0,1352.1125794172485,[],PatchTST-SSL,Lamb_education_Willetta,125
0.0,0.0,0.0,0.0,,0.0,124.31137540798335,[],TOWT,Lamb_education_Willetta,125
0.0,0.0,0.0,0.0,,0.0,2.941423490828246,[],Autoencoder(t),Lamb_education_Willetta,125
0.0,0.0,0.0,0.0,,0.0,2599.010560611493,[],LSTM-AE(t),Lamb_education_Willetta,125
6710.708037766769,3993.9243071204255,0.6802291485101063,0.6802291485101063,0.5675560245934675,0.3816745118279581,3.620502951782197,[4.15099002 0.70064523 0.18183733 0.06997769 0.15080445 0.64586751],PatchTST-SSL,Lamb_education_Williams,125
6328.2289332424025,3993.9243071204255,0.5844639123381346,0.5844639123381346,0.6162581168233469,0.3816745118279581,2.2807202229142365,[3.56246545 0.74260412 0.11089646 0.03766731 0.88440599 0.50453882],TOWT,Lamb_education_Williams,125
30.999948408341236,3993.9243071204255,-0.9922382233551411,0.9922382233551411,0.9941472771116544,0.3816745118279581,0.012935607208025439,[0.97731632 0.99543949 0.98613066 0.98996851 0.99160857 0.99543505],Autoencoder(t),Lamb_education_Williams,125
15419.850662368159,3993.9243071204255,2.860826965317652,2.860826965317652,1.7131599934714017,0.3816745118279581,8.258719136789141,[14.22664987  2.18054331  0.59626016  0.31821334  0.42330507  1.35446385],LSTM-AE(t),Lamb_education_Williams,125
348.6196269881855,1485.8833082739716,-0.765378865859158,0.765378865859158,0.24667154380876638,0.7349796673007823,3.205745836574025,[0.8416237  0.12595281 4.10903209 0.63539358 0.65640453 0.97438059],PatchTST-SSL,Lamb_office_Caitlin,125
139.5426154117518,1485.8833082739716,-0.906087769722747,0.906087769722747,0.6672266551868938,0.7349796673007823,3.864797155428335,[0.9529585  0.07274338 1.         1.         1.         1.        ],TOWT,Lamb_office_Caitlin,125
25.946725357796122,1485.8833082739716,-0.9825378445175912,0.9825378445175912,0.9634753805675796,0.7349796673007823,0.03479639720903878,[0.99861277 0.99648841 0.61478619 0.99965963 0.94964221 0.98758719],Autoencoder(t),Lamb_office_Caitlin,125
1075.6795251683875,1485.8833082739716,-0.2760672933206875,0.2760672933206875,0.440086721315919,0.7349796673007823,7.529510448571149,[ 0.81563137  0.8073257  11.93818384  0.88825018  1.07351167  0.47852325],LSTM-AE(t),Lamb_office_Caitlin,125
47411.760624684495,40802.928400161436,0.16196955668742913,0.16196955668742913,0.15520804187169046,0.03402004630427182,0.367096588856098,"[3.11708560e-01 8.29247141e-01 3.04623399e-03 6.27172123e-01
 1.52963621e-01 3.70909731e+00]",PatchTST-SSL,Lamb_office_Velma,125
49775.64149835881,40802.928400161436,0.2199036552033818,0.2199036552033818,0.2220276383720215,0.03402004630427182,0.42659592763462933,[0.29400898 1.57237325 0.03890256 0.11044232 0.25079155 5.23904733],TOWT,Lamb_office_Velma,125
99.22881753974795,40802.928400161436,-0.9975680956874812,0.9975680956874812,0.9977612211625517,0.03402004630427182,0.001300493706980949,[0.99799127 0.99652439 0.998087   0.99707523 0.98282439 0.96992295],Autoencoder(t),Lamb_office_Velma,125
70277.49859570811,40802.928400161436,0.7223640888341254,0.7223640888341254,0.69095482848678,0.03402004630427182,0.9577383563056631,[ 0.90973902  1.65762187  0.33834214  2.34140206  0.26497677 16.0612167 ],LSTM-AE(t),Lamb_office_Velma,125
3966.942550355513,5272.353145253515,-0.24759543963272077,0.24759543963272077,0.24759543963272077,0.0,1.497471810160241,[0.60089399 0.8792111  0.0621698  0.21836156 0.1766798  0.2851957 ],PatchTST-SSL,Rat_retail_Jeffrey,125
8537.999534523437,5272.353145253515,0.6193906779954316,0.6193906779954316,0.6193906779954316,0.0,2.95289739764116,[0.59968295 1.00038677 0.47582976 0.22645335 0.07484489 0.00609833],TOWT,Rat_retail_Jeffrey,125
14.64997189505938,5272.353145253515,-0.9972213598953917,0.9972213598953917,0.9972213598953917,0.0,0.009068996840014349,[0.9976526  0.99584975 1.         0.99673431 0.99446225 0.99806857],Autoencoder(t),Rat_retail_Jeffrey,125
6539.488425288714,5272.353145253515,0.2403358130848934,0.2403358130848934,0.2403358130848934,0.0,4.368336973781388,[0.0348281  1.84191318 0.59382274 0.59663365 0.68505343 0.86270357],LSTM-AE(t),Rat_retail_Jeffrey,125
39700.038242023744,11586.30055131238,2.426463698762494,2.426463698762494,2.426463698762494,0.0,8.179967999897707,[8.25627253 3.10943085 0.48326152 0.27089221 0.37843734 1.56802396],PatchTST-SSL,Robin_education_Zenia,125
47514.24773430614,11586.30055131238,3.1008989473282913,3.1008989473282913,3.1008989473282913,0.0,10.323836840788372,[11.04969913  4.01112318  0.516559    0.23141969  0.42122254  1.92060019],TOWT,Robin_education_Zenia,125
207.33097037170643,11586.30055131238,-0.9821055073227648,0.9821055073227648,0.9821055073227648,0.0,0.01757466634222928,[0.98878889 0.98106469 0.94681733 0.957935   0.95398422 0.98653138],Autoencoder(t),Robin_education_Zenia,125
82480.75658677396,11586.30055131238,6.118817280933677,6.118817280933677,6.118817280933677,0.0,18.434249297960953,[11.60432537  7.32565054  0.77431995  0.06194507  0.14970905  5.83367095],LSTM-AE(t),Robin_education_Zenia,125
4305.566787386764,3980.517788624134,0.08165997893328932,0.08165997893328932,0.07544185305384016,0.01897189560695125,0.739742597721955,[0.18394513 0.40319644 0.0489945  0.16598293 0.23849547 0.01905934],PatchTST-SSL,Robin_office_Dina,125
5079.062179980701,3980.517788624134,0.2759802743492522,0.2759802743492522,0.2765870347992663,0.01897189560695125,0.8072698995669827,[0.28102853 0.24460497 0.25426868 0.38839197 0.06256951 0.04764559],TOWT,Robin_office_Dina,125
17.269551572074036,3980.517788624134,-0.9956614811215193,0.9956614811215193,0.996109702714289,0.01897189560695125,0.004073236318048219,[0.99890891 0.97248415 0.99663241 0.99732836 0.9988932  0.96523274],Autoencoder(t),Robin_office_Dina,125
8068.88488014806,3980.517788624134,1.0270942898956545,1.0270942898956545,1.0537459299410905,0.01897189560695125,2.970396642350604,[0.77762698 0.35104991 0.8083391  1.89266418 0.70850078 0.46228369],LSTM-AE(t),Robin_office_Dina,125
31587.436686913432,39039.89350001495,-0.1908933694478102,0.1908933694478102,0.18266937903166053,0.39769390312425307,0.07062579874424313,[0.84138474 0.06329489 0.39119196 0.26476747 0.00320558 0.19085148],PatchTST-SSL,Robin_office_Sammie,125
33049.78751744077,39039.89350001495,-0.15343551033436834,0.15343551033436834,0.12548148556474303,0.39769390312425307,0.06454914624774202,[0.88435243 0.0113436  0.49151459 0.21958097 0.01997009 0.15926019],TOWT,Robin_office_Sammie,125
94.76525508508587,39039.89350001495,-0.9975726046720633,0.9975726046720633,0.9972604783055325,0.39769390312425307,0.0006136318096795809,[0.9967272  0.99756428 0.99810103 0.99705154 0.99784851 0.998241  ],Autoencoder(t),Robin_office_Sammie,125
64209.34474738535,39039.89350001495,0.6447110632451075,0.6447110632451075,0.6719667590216677,0.39769390312425307,0.6849563077836544,[0.49614026 1.16335924 0.13820161 0.33401864 0.28471956 0.84895029],LSTM-AE(t),Robin_office_Sammie,125
23257.028440161663,27814.793941622735,-0.16386119958417958,0.16386119958417958,0.16132340378492277,0.015762242915450836,0.5790492106431768,[0.32232814 0.15828953 0.19041391 0.03863387 0.16926657 0.01047937],PatchTST-SSL,Shrew_office_Doris,125
29206.35363737686,27814.793941622735,0.05002948066682457,0.05002948066682457,0.055660317941281276,0.015762242915450836,0.5572595332636555,[0.30157547 0.08586454 0.00244976 0.120064   0.02208021 0.01988446],TOWT,Shrew_office_Doris,125
62.11889660173418,27814.793941622735,-0.9977666957831107,0.9977666957831107,0.997746562282772,0.015762242915450836,0.0030028115238642105,[0.99902389 0.99867378 0.9984347  0.98405564 0.98811743 0.9874356 ],Autoencoder(t),Shrew_office_Doris,125
34740.19411845071,27814.793941622735,0.2489826166378546,0.2489826166378546,0.2616240276464264,0.015762242915450836,2.01328108598452,[0.54038182 0.28717876 0.37995142 0.47002884 0.53452069 0.44520546],LSTM-AE(t),Shrew_office_Doris,125
35017.59883392889,34838.371833330086,0.005144528609323109,0.005144528609323109,0.002369393679532485,0.010443258185228742,0.37506089551667776,[0.13258103 0.02101896 0.26810398 0.26387589 4.87399316 2.34745252],PatchTST-SSL,Shrew_office_Ila,125
35940.291622835124,34838.371833330086,0.031629485866237435,0.031629485866237435,0.03162671134979292,0.010443258185228742,0.287137250807283,[0.04453647 0.0493045  0.03189239 0.11426648 1.81959115 1.62688679],TOWT,Shrew_office_Ila,125
71.2819266066215,34838.371833330086,-0.9979539248576931,0.9979539248576931,0.9979648748229147,0.010443258185228742,0.0013730394604096591,[0.99877983 0.99741756 0.99691635 0.99904242 0.97808781 0.99217281],Autoencoder(t),Shrew_office_Ila,125
42489.31404644578,34838.371833330086,0.21961250800463625,0.21961250800463625,0.22533940162695096,0.010443258185228742,1.0828857969651222,[0.36740165 0.39115969 0.32304248 0.08217401 9.40482527 3.2460852 ],LSTM-AE(t),Shrew_office_Ila,125
1859.0628240242077,3764.3168924736374,-0.5061354085939971,0.5061354085939971,0.14799570918751934,0.5655410831150625,0.6364049936968417,[0.74181511 0.03536631 0.00201502 0.17990573 0.38312599 0.78126482],PatchTST-SSL,Shrew_office_Kenneth,125
1101.7947936778676,3764.3168924736374,-0.707305515143852,0.707305515143852,0.6918887482043105,0.5655410831150625,0.5525324879961575,[0.51981032 0.09946208 0.11107852 0.87496077 0.02484356 0.71914896],TOWT,Shrew_office_Kenneth,125
12.36066936823104,3764.3168924736374,-0.9967163579153113,0.9967163579153113,0.9933219116256558,0.5655410831150625,0.005767093961248709,[0.99955246 0.95376298 0.98178478 0.99794442 0.99811244 0.99932403],Autoencoder(t),Shrew_office_Kenneth,125
2111.3249712370202,3764.3168924736374,-0.43912135148387843,0.43912135148387843,0.13427819218528272,0.5655410831150625,2.8605615199878454,[0.90835453 0.34040997 0.23314292 0.0847537  0.027974   0.6733074 ],LSTM-AE(t),Shrew_office_Kenneth,125
15271.35643571943,18869.674641874823,-0.19069317698621838,0.19069317698621838,0.19069317698621838,0.0,0.4816092511402125,[0.30252736 0.74802322 0.52515604 0.04576851 0.06129755 0.3414495 ],PatchTST-SSL,Shrew_office_Nora,125
21065.747252380337,18869.674641874823,0.11638105331355733,0.11638105331355733,0.11638105331355733,0.0,0.5476752222353405,[0.05234248 0.04842592 0.07873992 0.09415298 0.27342565 0.12549561],TOWT,Shrew_office_Nora,125
44.02160369475333,18869.674641874823,-0.9976670713973488,0.9976670713973488,0.9976670713973488,0.0,0.005342974647146059,[0.99945442 0.99422525 0.99787404 0.99859476 0.99793499 0.99702881],Autoencoder(t),Shrew_office_Nora,125
21408.22935047169,18869.674641874823,0.1345309210029202,0.1345309210029202,0.1345309210029202,0.0,2.0462934480202244,[0.69211115 0.26239979 0.53797855 0.253189   0.37468593 0.54396467],LSTM-AE(t),Shrew_office_Nora,125
30923.47202359052,38173.23720263379,-0.18991748435060857,0.18991748435060857,0.07602048703373572,0.40826321588843695,0.45638447676245625,[0.1137838  0.35499981 0.0765833  0.02903311 0.00584318 0.43708267],PatchTST-SSL,Shrew_office_Sherill,125
40596.13764245952,38173.23720263379,0.06347118078994257,0.06347118078994257,0.1308051055380439,0.40826321588843695,0.45661108480971824,[0.02902219 0.03412262 0.01376831 0.23983231 0.10692174 0.00198204],TOWT,Shrew_office_Sherill,125
146.1608288030265,38173.23720263379,-0.9961711177905305,0.9961711177905305,0.9947980914738717,0.40826321588843695,0.003364086608083426,[0.99554592 0.99816118 0.97994266 0.99732441 0.9956142  0.98390585],Autoencoder(t),Shrew_office_Sherill,125
40447.99800164152,38173.23720263379,0.059590460901513,0.059590460901513,0.207120536206741,0.40826321588843695,1.7963239096969912,[0.21601569 0.15423966 0.36981584 0.39365747 0.53927751 0.57911706],LSTM-AE(t),Shrew_office_Sherill,125
5277.472615333861,6133.110195241102,-0.13951120274525,0.13951120274525,0.04435728679583082,0.24507736278374004,0.644804287563701,[0.0131145  0.47063289 0.2933068  0.04323566 0.17234863 0.5468614 ],PatchTST-SSL,Wolf_office_Darleen,125
7219.845824506978,6133.110195241102,0.1771916033905787,0.1771916033905787,0.17031630425936714,0.24507736278374004,0.7981789828840862,[0.07339667 0.26813362 0.72499779 0.17554712 0.00681835 0.11183731],TOWT,Wolf_office_Darleen,125
13.011117048134045,6133.110195241102,-0.9978785450393131,0.9978785450393131,0.9983338028294475,0.24507736278374004,0.004827116283030625,[0.98653791 0.99283035 0.99614017 0.99860657 0.9978143  0.99816038],Autoencoder(t),Wolf_office_Darleen,125
9809.291118703151,6133.110195241102,0.5993991313435929,0.5993991313435929,0.2947802899265303,0.24507736278374004,2.6687015792953592,[0.72894308 0.50055295 3.14491981 0.33972572 0.88330016 0.82265252],LSTM-AE(t),Wolf_office_Darleen,125
4496.63412353736,3832.8535001567175,0.17318184046259585,0.17318184046259585,0.07817629062006418,0.10628817062183851,3.2114248576636646,[0.97202505 0.13722783 0.07479128 0.08494188 0.03365012 0.4780858 ],PatchTST-SSL,Wolf_retail_Harriett,125
4968.911783354569,3832.8535001567175,0.2964001319516648,0.2964001319516648,0.17406067829463567,0.10628817062183851,3.537941672995097,[1.32507732 0.12203138 0.10988308 0.20737876 0.01921441 0.7252424 ],TOWT,Wolf_retail_Harriett,125
25.14435714140328,3832.8535001567175,-0.9934397813168765,0.9934397813168765,0.9932681479825185,0.10628817062183851,0.00939154935475984,[0.99488294 0.99906324 0.97253657 0.99771967 0.95833034 0.96994616],Autoencoder(t),Wolf_retail_Harriett,125
6756.756199287649,3832.8535001567175,0.7628527150884788,0.7628527150884788,0.42769724244472407,0.10628817062183851,10.391850329659274,[3.58096887 0.0073905  0.47040795 0.61312479 0.69968118 0.19995397],LSTM-AE(t),Wolf_retail_Harriett,125
1173.1799530200828,1198.7522063529384,-0.021332393131234438,0.021332393131234438,0.09264833178658914,0.18480356410465648,0.9011642712826287,[2.29587685 0.31487726 2.82104189 0.37804458 0.75841756 0.94515543],PatchTST-SSL,Wolf_retail_Marcella,125
1419.5721139076543,1198.7522063529384,0.18420813441214368,0.18420813441214368,0.09543612458949842,0.18480356410465648,1.2109652574360361,[3.00584586 0.13643434 3.21822105 0.52841378 0.79513175 1.6721686 ],TOWT,Wolf_retail_Marcella,125
6.528487624627992,1198.7522063529384,-0.994553930670551,0.994553930670551,0.9946546625716358,0.18480356410465648,0.003356750643691129,[0.98890861 0.99907635 0.988478   0.94886922 0.99778864 0.98936375],Autoencoder(t),Wolf_retail_Marcella,125
2409.2396004781945,1198.7522063529384,1.009789502542832,1.009789502542832,0.45493492956983406,0.18480356410465648,3.5816527780572507,[11.29700773  0.16807193  4.85118984  0.61594474  0.05377186  3.71144064],LSTM-AE(t),Wolf_retail_Marcella,125
10783.985500138442,10746.240803187698,0.00351236284781068,0.00351236284781068,0.1073044519336688,0.1200835183795686,0.9020479307091065,[0.24225847 0.31514643 0.09720326 0.57801649 1.41654995 0.27239799],PatchTST-SSL,Wolf_retail_Toshia,125
17578.338608287115,10746.240803187698,0.6357663047223718,0.6357663047223718,0.5120980935802362,0.1200835183795686,1.3973362572855506,[0.09490012 0.08011834 0.32288739 2.52340594 2.40418    0.28734053],TOWT,Wolf_retail_Toshia,125
51.358367516592935,10746.240803187698,-0.9952208061910023,0.9952208061910023,0.9953469884642255,0.1200835183795686,0.006167578310672687,[0.97370545 0.99917596 0.99735555 0.98735033 0.99170231 0.99750055],Autoencoder(t),Wolf_retail_Toshia,125
25607.60437115306,10746.240803187698,1.382936027597388,1.382936027597388,1.2810086448119589,0.1200835183795686,3.6115909002785256,[0.06601111 0.04911895 0.3574012  7.43120841 3.23583112 0.81131469],LSTM-AE(t),Wolf_retail_Toshia,125
