n_events,tp_events,precision,recall,f1,detection_delay_h,detection_rate,false_alarm_rate,range_precision,range_recall,range_f1,model,building_id,seed,btype,seen
6.0,3.0,0.25,0.5,0.3333333333333333,1.6666666666666667,0.5,0.016350210970464137,0.25,0.2222222222222222,0.23529411764705882,PatchTST-SSL(HoD-cond),Fox_education_Henrietta,123,education,False
6.0,4.0,0.35135135135135137,0.6666666666666666,0.46017699115044247,51.25,0.6666666666666666,0.06979542719614922,0.34459459459459457,0.22968750000000002,0.2756452680344143,PatchTST-SSL(HoD-cond),Fox_retail_Manie,123,retail,False
6.0,6.0,0.9166666666666666,1.0,0.9565217391304348,76.0,1.0,0.0014524328249818446,0.9166666666666666,0.4378665123456791,0.5926434915526186,PatchTST-SSL(HoD-cond),Hog_education_Bruno,123,education,False
6.0,4.0,0.8571428571428571,0.6666666666666666,0.75,80.0,0.6666666666666666,0.0161090458488228,0.8571428571428571,0.2181637806637807,0.3478031655503769,PatchTST-SSL(HoD-cond),Hog_education_Caridad,123,education,False
6.0,3.0,0.5833333333333334,0.5,0.5384615384615384,69.33333333333333,0.5,0.0041592394533571005,0.5833333333333334,0.11656746031746033,0.19430663831797781,PatchTST-SSL(HoD-cond),Hog_education_Luvenia,123,education,False
6.0,5.0,0.6785714285714286,0.8333333333333334,0.7480314960629922,3.6,0.8333333333333334,0.009237875288683603,0.6785714285714286,0.37226430976430974,0.4807752825060792,PatchTST-SSL(HoD-cond),Hog_office_Almeda,123,office,True
6.0,3.0,0.875,0.5,0.6363636363636364,70.66666666666667,0.5,0.0007022471910112359,0.875,0.23611111111111108,0.3718749999999999,PatchTST-SSL(HoD-cond),Hog_office_Cortney,123,office,True
6.0,6.0,0.8709677419354839,1.0,0.9310344827586207,42.666666666666664,1.0,0.0026402640264026403,0.8709677419354839,0.5059132996632997,0.640046817278021,PatchTST-SSL(HoD-cond),Hog_office_Denita,123,office,True
6.0,5.0,0.5454545454545454,0.8333333333333334,0.6593406593406592,28.6,0.8333333333333334,0.02937420178799489,0.5454545454545454,0.2967796092796093,0.38440565719133796,PatchTST-SSL(HoD-cond),Hog_office_Garrett,123,office,True
6.0,4.0,0.625,0.6666666666666666,0.6451612903225806,43.75,0.6666666666666666,0.004768392370572207,0.625,0.17561728395061726,0.27419043947571314,PatchTST-SSL(HoD-cond),Hog_office_Lavon,123,office,True
6.0,6.0,0.6,1.0,0.7499999999999999,13.333333333333334,1.0,0.010165864098448368,0.6,0.400534188034188,0.48038441003737314,PatchTST-SSL(HoD-cond),Hog_office_Merilyn,123,office,True
6.0,4.0,0.7407407407407407,0.6666666666666666,0.7017543859649122,33.0,0.6666666666666666,0.0055762081784386614,0.7407407407407407,0.3251984126984127,0.45197272721005427,PatchTST-SSL(HoD-cond),Hog_office_Miriam,123,office,True
6.0,5.0,0.9285714285714286,0.8333333333333334,0.8783783783783784,47.2,0.8333333333333334,0.0006016847172081829,0.9285714285714286,0.480516975308642,0.633309213228248,PatchTST-SSL(HoD-cond),Hog_office_Napoleon,123,office,True
6.0,2.0,0.3333333333333333,0.3333333333333333,0.3333333333333333,0.5,0.3333333333333333,0.004878048780487805,0.3333333333333333,0.27777777777777773,0.303030303030303,PatchTST-SSL(HoD-cond),Hog_office_Shawna,123,office,True
6.0,6.0,0.8611111111111112,1.0,0.9253731343283582,32.5,1.0,0.0071581961345740875,0.8611111111111112,0.3086805555555555,0.4544540087727976,PatchTST-SSL(HoD-cond),Hog_office_Shawnna,123,office,True
6.0,4.0,0.34615384615384615,0.6666666666666666,0.45569620253164556,2.25,0.6666666666666666,0.014084507042253521,0.34615384615384615,0.3081196581196581,0.3260312515701151,PatchTST-SSL(HoD-cond),Hog_office_Sherrie,123,office,True
6.0,6.0,0.5789473684210527,1.0,0.7333333333333334,37.0,1.0,0.006944444444444444,0.5789473684210527,0.33376322751322746,0.42342302829672374,PatchTST-SSL(HoD-cond),Hog_office_Shon,123,office,True
6.0,5.0,0.7575757575757576,0.8333333333333334,0.7936507936507938,9.0,0.8333333333333334,0.008933889219773675,0.7575757575757576,0.5663580246913581,0.6481579598036099,PatchTST-SSL(HoD-cond),Hog_office_Sydney,123,office,True
6.0,5.0,0.3888888888888889,0.8333333333333334,0.5303030303030303,21.2,0.8333333333333334,0.012195121951219513,0.3888888888888889,0.4488636363636363,0.41672946495855306,PatchTST-SSL(HoD-cond),Hog_office_Valda,123,office,True
6.0,3.0,1.0,0.5,0.6666666666666666,7.0,0.5,0.0,1.0,0.30396825396825394,0.46622032866707236,PatchTST-SSL(HoD-cond),Lamb_education_Armando,123,education,False
6.0,6.0,0.2962962962962963,1.0,0.45714285714285713,16.833333333333332,1.0,0.017103153393907,0.2962962962962963,0.6137820512820512,0.39966086219265634,PatchTST-SSL(HoD-cond),Lamb_education_Eula,123,education,False
6.0,5.0,0.8181818181818182,0.8333333333333334,0.8256880733944955,34.2,0.8333333333333334,0.008556149732620321,0.8181818181818182,0.48514957264957265,0.6091168558249063,PatchTST-SSL(HoD-cond),Lamb_education_Lazaro,123,education,False
6.0,5.0,0.3783783783783784,0.8333333333333334,0.5204460966542751,14.8,0.8333333333333334,0.014250309789343246,0.3783783783783784,0.37127976190476186,0.37479546125164304,PatchTST-SSL(HoD-cond),Lamb_education_Lucas,123,education,False
6.0,5.0,0.38461538461538464,0.8333333333333334,0.5263157894736842,54.4,0.8333333333333334,0.024489795918367346,0.38461538461538464,0.27981150793650794,0.3239477870363458,PatchTST-SSL(HoD-cond),Lamb_education_Mae,123,education,False
,,,,,,,,0.0,,,PatchTST-SSL(HoD-cond),Lamb_education_Willetta,123,education,False
6.0,2.0,0.375,0.3333333333333333,0.35294117647058826,8.5,0.3333333333333333,0.016463414634146342,0.375,0.17708333333333334,0.24056603773584903,PatchTST-SSL(HoD-cond),Lamb_education_Williams,123,education,False
6.0,4.0,0.30612244897959184,0.6666666666666666,0.4195804195804196,28.5,0.6666666666666666,0.0832282471626734,0.30612244897959184,0.16403619528619529,0.21360943772807614,PatchTST-SSL(HoD-cond),Lamb_office_Caitlin,123,office,True
6.0,4.0,0.3684210526315789,0.6666666666666666,0.4745762711864407,69.5,0.6666666666666666,0.022988505747126436,0.3684210526315789,0.13529265873015872,0.19790870337017505,PatchTST-SSL(HoD-cond),Lamb_office_Velma,123,office,True
6.0,5.0,0.6829268292682927,0.8333333333333334,0.7506702412868633,23.8,0.8333333333333334,0.029818181818181817,0.6829268292682927,0.16168981481481481,0.26147320995865597,PatchTST-SSL(HoD-cond),Rat_retail_Jeffrey,123,retail,False
6.0,6.0,0.3939393939393939,1.0,0.5652173913043478,7.666666666666667,1.0,0.05731119442956615,0.3939393939393939,0.5767094017094018,0.468116899144136,PatchTST-SSL(HoD-cond),Robin_education_Zenia,123,education,False
6.0,5.0,0.9310344827586207,0.8333333333333334,0.8794788273615635,36.6,0.8333333333333334,0.001483679525222552,0.9310344827586207,0.3128472222222222,0.4683267718430248,PatchTST-SSL(HoD-cond),Robin_office_Dina,123,office,True
6.0,4.0,0.9333333333333333,0.6666666666666666,0.7777777777777778,55.0,0.6666666666666666,0.0017196904557179708,0.9333333333333333,0.2164384226884227,0.3513900797287842,PatchTST-SSL(HoD-cond),Robin_office_Sammie,123,office,True
6.0,6.0,0.8095238095238095,1.0,0.8947368421052632,67.16666666666667,1.0,0.003526093088857546,0.8095238095238095,0.29046601546601547,0.4275296917031495,PatchTST-SSL(HoD-cond),Shrew_office_Doris,123,office,True
6.0,5.0,0.8723404255319149,0.8333333333333334,0.8523908523908524,81.4,0.8333333333333334,0.009098428453267164,0.8723404255319149,0.32984457671957673,0.478689649057453,PatchTST-SSL(HoD-cond),Shrew_office_Ila,123,office,True
6.0,6.0,1.0,1.0,1.0,56.5,1.0,0.0,1.0,0.2878279320987654,0.4469974985395665,PatchTST-SSL(HoD-cond),Shrew_office_Kenneth,123,office,True
6.0,5.0,0.9285714285714286,0.8333333333333334,0.8783783783783784,61.6,0.8333333333333334,0.0006489292667099286,0.9285714285714286,0.20270061728395064,0.33276169503746506,PatchTST-SSL(HoD-cond),Shrew_office_Nora,123,office,True
6.0,3.0,0.3,0.5,0.37499999999999994,1.0,0.5,0.008049242424242424,0.3,0.3194444444444444,0.30941704035874434,PatchTST-SSL(HoD-cond),Shrew_office_Sherill,123,office,True
6.0,6.0,0.5384615384615384,1.0,0.7000000000000001,8.0,1.0,0.004842615012106538,0.5384615384615384,0.6416666666666666,0.5855513307984791,PatchTST-SSL(HoD-cond),Wolf_office_Darleen,123,office,True
6.0,5.0,0.9166666666666666,0.8333333333333334,0.8730158730158729,42.4,0.8333333333333334,0.0030165912518853697,0.9166666666666666,0.33423996913580245,0.4898633193003017,PatchTST-SSL(HoD-cond),Wolf_retail_Harriett,123,retail,False
6.0,4.0,0.8125,0.6666666666666666,0.7323943661971831,6.75,0.6666666666666666,0.0031545741324921135,0.8125,0.2986111111111111,0.43671874999999993,PatchTST-SSL(HoD-cond),Wolf_retail_Marcella,123,retail,False
6.0,2.0,0.375,0.3333333333333333,0.35294117647058826,21.0,0.3333333333333333,0.00426049908703591,0.375,0.009722222222222222,0.01895306859205776,PatchTST-SSL(HoD-cond),Wolf_retail_Toshia,123,retail,False
6.0,4.0,0.29411764705882354,0.6666666666666666,0.40816326530612246,44.75,0.6666666666666666,0.026371308016877638,0.29411764705882354,0.22608024691358022,0.2556495942762412,PatchTST-SSL(HoW-cond),Fox_education_Henrietta,123,education,False
6.0,3.0,0.3829787234042553,0.5,0.43373493975903615,52.333333333333336,0.5,0.0776173285198556,0.374468085106383,0.15555555555555556,0.21980374665477254,PatchTST-SSL(HoW-cond),Fox_retail_Manie,123,retail,False
6.0,6.0,0.7272727272727273,1.0,0.8421052631578948,60.333333333333336,1.0,0.012345679012345678,0.6931818181818182,0.5739142416225749,0.6279348979268233,PatchTST-SSL(HoW-cond),Hog_education_Bruno,123,education,False
6.0,4.0,0.85,0.6666666666666666,0.7472527472527473,60.0,0.6666666666666666,0.020446096654275093,0.85,0.30451839826839827,0.4483958660448549,PatchTST-SSL(HoW-cond),Hog_education_Caridad,123,education,False
6.0,4.0,0.5,0.6666666666666666,0.5714285714285715,72.25,0.6666666666666666,0.0035650623885918,0.5,0.21035879629629628,0.2961303462321792,PatchTST-SSL(HoW-cond),Hog_education_Luvenia,123,education,False
6.0,6.0,0.7555555555555555,1.0,0.8607594936708861,19.0,1.0,0.012702078521939953,0.7555555555555555,0.45479797979797976,0.5678095370563553,PatchTST-SSL(HoW-cond),Hog_office_Almeda,123,office,True
6.0,5.0,0.5416666666666666,0.8333333333333334,0.6565656565656566,47.8,0.8333333333333334,0.03089887640449438,0.5416666666666666,0.32517806267806265,0.4063890828916917,PatchTST-SSL(HoW-cond),Hog_office_Cortney,123,office,True
6.0,6.0,0.8113207547169812,1.0,0.8958333333333334,42.666666666666664,1.0,0.006600660066006601,0.8113207547169812,0.5218013468013468,0.6351230123888029,PatchTST-SSL(HoW-cond),Hog_office_Denita,123,office,True
6.0,5.0,0.5918367346938775,0.8333333333333334,0.6921241050119331,45.0,0.8333333333333334,0.0491698595146871,0.5918367346938775,0.33613146113146114,0.42875380272487124,PatchTST-SSL(HoW-cond),Hog_office_Garrett,123,office,True
6.0,4.0,0.5555555555555556,0.6666666666666666,0.606060606060606,24.25,0.6666666666666666,0.010217983651226158,0.48888888888888893,0.17581018518518518,0.25861822121616657,PatchTST-SSL(HoW-cond),Hog_office_Lavon,123,office,True
6.0,6.0,0.6,1.0,0.7499999999999999,13.333333333333334,1.0,0.005350454788657036,0.6,0.42275641025641025,0.4960200564086493,PatchTST-SSL(HoW-cond),Hog_office_Merilyn,123,office,True
6.0,6.0,0.8148148148148148,1.0,0.8979591836734693,32.5,1.0,0.0030978934324659233,0.8148148148148148,0.3152557319223986,0.45461770783659194,PatchTST-SSL(HoW-cond),Hog_office_Miriam,123,office,True
6.0,5.0,0.8780487804878049,0.8333333333333334,0.8551068883610451,13.4,0.8333333333333334,0.0030084235860409147,0.8780487804878049,0.5596064814814815,0.6835599626920623,PatchTST-SSL(HoW-cond),Hog_office_Napoleon,123,office,True
6.0,5.0,0.5263157894736842,0.8333333333333334,0.6451612903225806,11.4,0.8333333333333334,0.024390243902439025,0.5263157894736842,0.32016093474426804,0.3981344089153595,PatchTST-SSL(HoW-cond),Hog_office_Shawna,123,office,True
6.0,6.0,0.7872340425531915,1.0,0.880952380952381,25.5,1.0,0.009305654974946313,0.7836879432624114,0.3940259971509971,0.5243946135014605,PatchTST-SSL(HoW-cond),Hog_office_Shawnna,123,office,True
6.0,5.0,0.4,0.8333333333333334,0.5405405405405406,18.4,0.8333333333333334,0.014084507042253521,0.4,0.2836004273504274,0.33189028678596544,PatchTST-SSL(HoW-cond),Hog_office_Sherrie,123,office,True
6.0,6.0,0.6666666666666666,1.0,0.8,17.833333333333332,1.0,0.009259259259259259,0.6666666666666666,0.3461640211640212,0.455705019372252,PatchTST-SSL(HoW-cond),Hog_office_Shon,123,office,True
6.0,5.0,0.75,0.8333333333333334,0.7894736842105262,8.8,0.8333333333333334,0.008933889219773675,0.75,0.6138117283950617,0.6751060820367751,PatchTST-SSL(HoW-cond),Hog_office_Sydney,123,office,True
6.0,5.0,0.43333333333333335,0.8333333333333334,0.5701754385964913,21.2,0.8333333333333334,0.013303769401330377,0.43333333333333335,0.457070707070707,0.44488561164681417,PatchTST-SSL(HoW-cond),Hog_office_Valda,123,office,True
6.0,4.0,0.6923076923076923,0.6666666666666666,0.6792452830188679,5.75,0.6666666666666666,0.003457814661134163,0.6923076923076923,0.3158730158730159,0.4338137338016229,PatchTST-SSL(HoW-cond),Lamb_education_Armando,123,education,False
6.0,6.0,0.16,1.0,0.2758620689655173,8.333333333333334,1.0,0.04596472474612507,0.16,0.6981837606837606,0.26033911809376786,PatchTST-SSL(HoW-cond),Lamb_education_Eula,123,education,False
6.0,6.0,0.6666666666666666,1.0,0.8,34.0,1.0,0.0074866310160427805,0.625,0.6196581196581196,0.6223175965665235,PatchTST-SSL(HoW-cond),Lamb_education_Lazaro,123,education,False
6.0,6.0,0.3695652173913043,1.0,0.5396825396825397,16.333333333333332,1.0,0.021065675340768277,0.3695652173913043,0.3736910273368606,0.3716166711937575,PatchTST-SSL(HoW-cond),Lamb_education_Lucas,123,education,False
6.0,6.0,0.39215686274509803,1.0,0.5633802816901409,38.333333333333336,1.0,0.04557823129251701,0.39215686274509803,0.3282738095238095,0.3573829716572298,PatchTST-SSL(HoW-cond),Lamb_education_Mae,123,education,False
,,,,,,,,0.0,,,PatchTST-SSL(HoW-cond),Lamb_education_Willetta,123,education,False
6.0,2.0,0.2,0.3333333333333333,0.25,8.0,0.3333333333333333,0.03475609756097561,0.2,0.17361111111111113,0.18587360594795543,PatchTST-SSL(HoW-cond),Lamb_education_Williams,123,education,False
6.0,4.0,0.35294117647058826,0.6666666666666666,0.46153846153846156,28.75,0.6666666666666666,0.03530895334174023,0.35294117647058826,0.22874579124579122,0.27758506948139,PatchTST-SSL(HoW-cond),Lamb_office_Caitlin,123,office,True
6.0,6.0,0.5862068965517241,1.0,0.7391304347826086,75.0,1.0,0.029118773946360154,0.5862068965517241,0.14239142416225747,0.2291271678253138,PatchTST-SSL(HoW-cond),Lamb_office_Velma,123,office,True
6.0,5.0,0.6333333333333333,0.8333333333333334,0.7196969696969696,24.0,0.8333333333333334,0.04509090909090909,0.6333333333333333,0.18883101851851855,0.2909223152905845,PatchTST-SSL(HoW-cond),Rat_retail_Jeffrey,123,retail,False
6.0,6.0,0.4642857142857143,1.0,0.6341463414634146,3.8333333333333335,1.0,0.0385645420460632,0.4642857142857143,0.5571581196581197,0.5064998132237579,PatchTST-SSL(HoW-cond),Robin_education_Zenia,123,education,False
6.0,5.0,0.9354838709677419,0.8333333333333334,0.8814589665653495,23.4,0.8333333333333334,0.001483679525222552,0.9354838709677419,0.29149305555555555,0.44448603079113963,PatchTST-SSL(HoW-cond),Robin_office_Dina,123,office,True
6.0,5.0,0.9565217391304348,0.8333333333333334,0.8906882591093118,58.6,0.8333333333333334,0.0017196904557179708,0.9565217391304348,0.24087024087024086,0.3848324116916827,PatchTST-SSL(HoW-cond),Robin_office_Sammie,123,office,True
6.0,6.0,0.7777777777777778,1.0,0.8750000000000001,64.33333333333333,1.0,0.007757404795486601,0.7777777777777778,0.2694520757020757,0.4002441984646912,PatchTST-SSL(HoW-cond),Shrew_office_Doris,123,office,True
6.0,6.0,0.8545454545454545,1.0,0.9215686274509803,50.833333333333336,1.0,0.007444168734491315,0.8545454545454545,0.4237433862433862,0.5665511159191928,PatchTST-SSL(HoW-cond),Shrew_office_Ila,123,office,True
6.0,6.0,0.9090909090909091,1.0,0.9523809523809523,55.5,1.0,0.0056179775280898875,0.9090909090909091,0.3879050925925926,0.5437811570864752,PatchTST-SSL(HoW-cond),Shrew_office_Kenneth,123,office,True
6.0,5.0,0.7878787878787878,0.8333333333333334,0.809968847352025,18.2,0.8333333333333334,0.004542504866969501,0.7878787878787878,0.2560956790123457,0.386546528790312,PatchTST-SSL(HoW-cond),Shrew_office_Nora,123,office,True
6.0,4.0,0.23529411764705882,0.6666666666666666,0.3478260869565218,1.0,0.6666666666666666,0.010416666666666666,0.23529411764705882,0.4444444444444444,0.30769230769230765,PatchTST-SSL(HoW-cond),Shrew_office_Sherill,123,office,True
6.0,6.0,0.36363636363636365,1.0,0.5333333333333333,7.833333333333333,1.0,0.026634382566585957,0.36363636363636365,0.6138888888888889,0.45672952725393956,PatchTST-SSL(HoW-cond),Wolf_office_Darleen,123,office,True
6.0,6.0,0.9411764705882353,1.0,0.9696969696969697,72.5,1.0,0.0030165912518853697,0.9411764705882353,0.33695987654320986,0.4962517622576784,PatchTST-SSL(HoW-cond),Wolf_retail_Harriett,123,retail,False
6.0,6.0,0.6521739130434783,1.0,0.7894736842105263,36.833333333333336,1.0,0.006309148264984227,0.6521739130434783,0.3497574955908289,0.45532600844737614,PatchTST-SSL(HoW-cond),Wolf_retail_Marcella,123,retail,False
6.0,5.0,0.5882352941176471,0.8333333333333334,0.6896551724137931,11.8,0.8333333333333334,0.01582471089470481,0.5882352941176471,0.06448412698412699,0.11622708985248101,PatchTST-SSL(HoW-cond),Wolf_retail_Toshia,123,retail,False
6.0,4.0,0.23529411764705882,0.6666666666666666,0.3478260869565218,48.75,0.6666666666666666,0.024789029535864978,0.23529411764705882,0.28009259259259256,0.2557463672391017,HOW-profile(HoW-cond),Fox_education_Henrietta,123,education,False
6.0,3.0,0.31666666666666665,0.5,0.3877551020408163,52.0,0.5,0.10288808664259928,0.31,0.16788194444444446,0.21780861730727316,HOW-profile(HoW-cond),Fox_retail_Manie,123,retail,False
6.0,6.0,0.5862068965517241,1.0,0.7391304347826086,31.166666666666668,1.0,0.015250544662309368,0.5603448275862069,0.6066743827160493,0.5825899854655304,HOW-profile(HoW-cond),Hog_education_Bruno,123,education,False
6.0,4.0,0.8421052631578947,0.6666666666666666,0.744186046511628,64.0,0.6666666666666666,0.010532837670384139,0.8421052631578947,0.3454785954785955,0.4899516635312801,HOW-profile(HoW-cond),Hog_education_Caridad,123,education,False
6.0,4.0,0.5,0.6666666666666666,0.5714285714285715,108.25,0.6666666666666666,0.0053475935828877,0.5,0.13463128306878305,0.2121409496515339,HOW-profile(HoW-cond),Hog_education_Luvenia,123,education,False
6.0,6.0,0.5230769230769231,1.0,0.686868686868687,23.0,1.0,0.032909930715935336,0.5230769230769231,0.4847643097643098,0.5031923983784236,HOW-profile(HoW-cond),Hog_office_Almeda,123,office,True
6.0,5.0,0.6296296296296297,0.8333333333333334,0.7172995780590717,32.8,0.8333333333333334,0.021067415730337078,0.6296296296296297,0.36310541310541317,0.46059002035469254,HOW-profile(HoW-cond),Hog_office_Cortney,123,office,True
6.0,6.0,0.8333333333333334,1.0,0.9090909090909091,36.166666666666664,1.0,0.0046204620462046205,0.8333333333333334,0.5659932659932659,0.6741257619505935,HOW-profile(HoW-cond),Hog_office_Denita,123,office,True
6.0,5.0,0.46153846153846156,0.8333333333333334,0.594059405940594,24.4,0.8333333333333334,0.040229885057471264,0.44423076923076926,0.3852767602767602,0.4126588017497443,HOW-profile(HoW-cond),Hog_office_Garrett,123,office,True
6.0,4.0,0.5,0.6666666666666666,0.5714285714285715,16.25,0.6666666666666666,0.017711171662125342,0.4318181818181818,0.21168981481481483,0.28410372962278657,HOW-profile(HoW-cond),Hog_office_Lavon,123,office,True
6.0,6.0,0.75,1.0,0.8571428571428571,13.166666666666666,1.0,0.001070090957731407,0.75,0.4560897435897435,0.5672335902205686,HOW-profile(HoW-cond),Hog_office_Merilyn,123,office,True
6.0,5.0,0.9583333333333334,0.8333333333333334,0.8914728682170543,33.8,0.8333333333333334,0.0006195786864931846,0.9583333333333334,0.32314814814814813,0.4833212909441233,HOW-profile(HoW-cond),Hog_office_Miriam,123,office,True
6.0,5.0,0.7916666666666666,0.8333333333333334,0.811965811965812,8.2,0.8333333333333334,0.006016847172081829,0.7916666666666666,0.6184413580246914,0.6944140446876425,HOW-profile(HoW-cond),Hog_office_Napoleon,123,office,True
6.0,6.0,0.39473684210526316,1.0,0.5660377358490566,6.166666666666667,1.0,0.025609756097560974,0.39473684210526316,0.3447971781305114,0.36808083343793147,HOW-profile(HoW-cond),Hog_office_Shawna,123,office,True
6.0,6.0,0.7755102040816326,1.0,0.8735632183908045,21.833333333333332,1.0,0.012168933428775949,0.7755102040816326,0.30697115384615387,0.4398399296633175,HOW-profile(HoW-cond),Hog_office_Shawnna,123,office,True
6.0,4.0,0.5238095238095238,0.6666666666666666,0.5866666666666667,2.5,0.6666666666666666,0.02464788732394366,0.5238095238095238,0.2814102564102564,0.36612456878577654,HOW-profile(HoW-cond),Hog_office_Sherrie,123,office,True
6.0,6.0,0.4864864864864865,1.0,0.6545454545454547,15.0,1.0,0.018518518518518517,0.4864864864864865,0.34814814814814815,0.40585272247541376,HOW-profile(HoW-cond),Hog_office_Shon,123,office,True
6.0,5.0,0.78125,0.8333333333333334,0.8064516129032259,4.2,0.8333333333333334,0.005955926146515783,0.78125,0.6327160493827161,0.699181446111869,HOW-profile(HoW-cond),Hog_office_Sydney,123,office,True
6.0,5.0,0.43333333333333335,0.8333333333333334,0.5701754385964913,21.2,0.8333333333333334,0.014412416851441241,0.43333333333333335,0.4715909090909091,0.451653411469234,HOW-profile(HoW-cond),Hog_office_Valda,123,office,True
6.0,5.0,0.5882352941176471,0.8333333333333334,0.6896551724137931,2.4,0.8333333333333334,0.0318118948824343,0.5831643002028397,0.3892857142857143,0.4668980981398571,HOW-profile(HoW-cond),Lamb_education_Armando,123,education,False
6.0,6.0,0.21621621621621623,1.0,0.35555555555555557,4.5,1.0,0.0956707642971673,0.21283783783783783,0.6591880341880342,0.3217798013245033,HOW-profile(HoW-cond),Lamb_education_Eula,123,education,False
6.0,5.0,0.5,0.8333333333333334,0.625,39.2,0.8333333333333334,0.012834224598930482,0.4791666666666667,0.5572649572649573,0.5152733395182627,HOW-profile(HoW-cond),Lamb_education_Lazaro,123,education,False
6.0,6.0,0.5316455696202531,1.0,0.6942148760330578,13.166666666666666,1.0,0.030978934324659233,0.5316455696202531,0.437513778659612,0.4800082927230455,HOW-profile(HoW-cond),Lamb_education_Lucas,123,education,False
6.0,5.0,0.3114754098360656,0.8333333333333334,0.45346062052505964,51.0,0.8333333333333334,0.0707482993197279,0.3114754098360656,0.32897652116402115,0.319986846150965,HOW-profile(HoW-cond),Lamb_education_Mae,123,education,False
,,,,,,,,0.0,,,HOW-profile(HoW-cond),Lamb_education_Willetta,123,education,False
6.0,2.0,0.3548387096774194,0.3333333333333333,0.34375,10.0,0.3333333333333333,0.045121951219512194,0.3548387096774194,0.22430555555555554,0.2748617181758403,HOW-profile(HoW-cond),Lamb_education_Williams,123,education,False
6.0,4.0,0.5,0.6666666666666666,0.5714285714285715,26.25,0.6666666666666666,0.06305170239596469,0.5,0.33133417508417506,0.39855714466523223,HOW-profile(HoW-cond),Lamb_office_Caitlin,123,office,True
6.0,5.0,0.6190476190476191,0.8333333333333334,0.7103825136612022,40.6,0.8333333333333334,0.044444444444444446,0.6190476190476191,0.18734016754850089,0.2876345267142951,HOW-profile(HoW-cond),Lamb_office_Velma,123,office,True
6.0,5.0,0.6619718309859155,0.8333333333333334,0.7378335949764522,18.6,0.8333333333333334,0.08436363636363636,0.6619718309859155,0.25005787037037036,0.3629953411722229,HOW-profile(HoW-cond),Rat_retail_Jeffrey,123,retail,False
6.0,5.0,0.37373737373737376,0.8333333333333334,0.5160390516039052,4.2,0.8333333333333334,0.06106052490626674,0.37373737373737376,0.3333333333333333,0.3523809523809524,HOW-profile(HoW-cond),Robin_education_Zenia,123,education,False
6.0,5.0,0.8125,0.8333333333333334,0.8227848101265822,8.2,0.8333333333333334,0.01483679525222552,0.8125,0.3925347222222222,0.5293365509292609,HOW-profile(HoW-cond),Robin_office_Dina,123,office,True
6.0,5.0,0.9230769230769231,0.8333333333333334,0.8759124087591241,58.8,0.8333333333333334,0.0060189165950128975,0.9230769230769231,0.24244852369852368,0.38403046090385934,HOW-profile(HoW-cond),Robin_office_Sammie,123,office,True
6.0,6.0,0.9069767441860465,1.0,0.951219512195122,58.666666666666664,1.0,0.003526093088857546,0.9069767441860465,0.32959910459910463,0.48349435753515385,HOW-profile(HoW-cond),Shrew_office_Doris,123,office,True
6.0,6.0,0.8085106382978723,1.0,0.8941176470588235,70.16666666666667,1.0,0.011579818031430935,0.8085106382978723,0.5104828042328043,0.6258268837159185,HOW-profile(HoW-cond),Shrew_office_Ila,123,office,True
6.0,6.0,0.9318181818181818,1.0,0.9647058823529412,49.333333333333336,1.0,0.002106741573033708,0.9318181818181818,0.45740740740740743,0.6136088221037325,HOW-profile(HoW-cond),Shrew_office_Kenneth,123,office,True
6.0,6.0,0.42028985507246375,1.0,0.5918367346938774,25.666666666666668,1.0,0.030499675535366644,0.42028985507246375,0.41550925925925924,0.41788588516266284,HOW-profile(HoW-cond),Shrew_office_Nora,123,office,True
6.0,4.0,0.08888888888888889,0.6666666666666666,0.1568627450980392,0.75,0.6666666666666666,0.03551136363636364,0.08888888888888889,0.4861111111111111,0.1502952227589909,HOW-profile(HoW-cond),Shrew_office_Sherill,123,office,True
6.0,6.0,0.26666666666666666,1.0,0.4210526315789474,5.5,1.0,0.04261501210653753,0.24444444444444444,0.6375000000000001,0.35338582677165353,HOW-profile(HoW-cond),Wolf_office_Darleen,123,office,True
6.0,6.0,0.6666666666666666,1.0,0.8,42.833333333333336,1.0,0.01885369532428356,0.6666666666666666,0.39745370370370364,0.4980059459067507,HOW-profile(HoW-cond),Wolf_retail_Harriett,123,retail,False
6.0,5.0,0.4186046511627907,0.8333333333333334,0.5572755417956656,15.8,0.8333333333333334,0.022712933753943218,0.4186046511627907,0.37654320987654327,0.3964614551363062,HOW-profile(HoW-cond),Wolf_retail_Marcella,123,retail,False
6.0,4.0,0.4782608695652174,0.6666666666666666,0.5569620253164557,14.75,0.6666666666666666,0.024345709068776627,0.4782608695652174,0.07222222222222223,0.1254936375603335,HOW-profile(HoW-cond),Wolf_retail_Toshia,123,retail,False
6.0,3.0,0.2,0.5,0.28571428571428575,1.3333333333333333,0.5,0.0189873417721519,0.2,0.27777777777777773,0.23255813953488372,HOW-profile(global-MAD),Fox_education_Henrietta,123,education,False
6.0,5.0,0.3148148148148148,0.8333333333333334,0.45698924731182794,43.8,0.8333333333333334,0.10770156438026474,0.31172839506172845,0.23524305555555555,0.26813809047982917,HOW-profile(global-MAD),Fox_retail_Manie,123,retail,False
6.0,4.0,0.2631578947368421,0.6666666666666666,0.3773584905660377,22.0,0.6666666666666666,0.02832244008714597,0.2236842105263158,0.5859375,0.3237684103605891,HOW-profile(global-MAD),Hog_education_Bruno,123,education,False
6.0,6.0,0.6829268292682927,1.0,0.8115942028985507,31.166666666666668,1.0,0.027881040892193308,0.6829268292682927,0.5251473063973064,0.5937337358176331,HOW-profile(global-MAD),Hog_education_Caridad,123,education,False
6.0,2.0,0.14285714285714285,0.3333333333333333,0.2,1.0,0.3333333333333333,0.009506833036244802,0.14285714285714285,0.20833333333333334,0.1694915254237288,HOW-profile(global-MAD),Hog_education_Luvenia,123,education,False
6.0,5.0,0.3888888888888889,0.8333333333333334,0.5303030303030303,18.0,0.8333333333333334,0.04676674364896074,0.37169312169312163,0.40770202020202023,0.38886574591933726,HOW-profile(global-MAD),Hog_office_Almeda,123,office,True
6.0,5.0,0.3125,0.8333333333333334,0.45454545454545453,16.4,0.8333333333333334,0.10112359550561797,0.3125,0.3715099715099715,0.3394595720310304,HOW-profile(global-MAD),Hog_office_Cortney,123,office,True
6.0,6.0,0.32653061224489793,1.0,0.4923076923076923,46.333333333333336,1.0,0.04686468646864687,0.3112244897959184,0.5968223905723905,0.40911047220234503,HOW-profile(global-MAD),Hog_office_Denita,123,office,True
6.0,5.0,0.84375,0.8333333333333334,0.8385093167701863,21.6,0.8333333333333334,0.0031928480204342275,0.84375,0.2957875457875458,0.4380210949271722,HOW-profile(global-MAD),Hog_office_Garrett,123,office,True
6.0,3.0,0.3076923076923077,0.5,0.380952380952381,0.6666666666666666,0.5,0.030653950953678476,0.24615384615384617,0.2652777777777778,0.25535826195947364,HOW-profile(global-MAD),Hog_office_Lavon,123,office,True
6.0,6.0,0.7272727272727273,1.0,0.8421052631578948,35.166666666666664,1.0,0.0016051364365971107,0.7272727272727273,0.31485042735042734,0.4394531067970214,HOW-profile(global-MAD),Hog_office_Merilyn,123,office,True
6.0,5.0,0.5925925925925926,0.8333333333333334,0.6926406926406925,33.0,0.8333333333333334,0.006815365551425031,0.5925925925925926,0.32436067019400355,0.4192443350955601,HOW-profile(global-MAD),Hog_office_Miriam,123,office,True
6.0,5.0,0.8235294117647058,0.8333333333333334,0.8284023668639053,23.6,0.8333333333333334,0.0048134777376654635,0.8235294117647058,0.5146604938271605,0.6334497846216464,HOW-profile(global-MAD),Hog_office_Napoleon,123,office,True
6.0,6.0,0.25806451612903225,1.0,0.41025641025641024,10.0,1.0,0.04024390243902439,0.25806451612903225,0.3006227954144621,0.2777227068989933,HOW-profile(global-MAD),Hog_office_Shawna,123,office,True
6.0,6.0,0.9230769230769231,1.0,0.9600000000000001,42.833333333333336,1.0,0.0021474588403722263,0.9230769230769231,0.31627492877492874,0.4711270454208875,HOW-profile(global-MAD),Hog_office_Shawnna,123,office,True
6.0,4.0,0.43636363636363634,0.6666666666666666,0.5274725274725275,2.5,0.6666666666666666,0.041666666666666664,0.43636363636363634,0.2918803418803419,0.34978927714057084,HOW-profile(global-MAD),Hog_office_Sherrie,123,office,True
6.0,6.0,0.2641509433962264,1.0,0.41791044776119407,12.166666666666666,1.0,0.09780092592592593,0.24452067848294262,0.41230158730158734,0.30698187049478326,HOW-profile(global-MAD),Hog_office_Shon,123,office,True
6.0,4.0,0.6,0.6666666666666666,0.631578947368421,11.25,0.6666666666666666,0.005360333531864205,0.6,0.45351080246913583,0.5165708426410811,HOW-profile(global-MAD),Hog_office_Sydney,123,office,True
6.0,5.0,0.3125,0.8333333333333334,0.45454545454545453,35.2,0.8333333333333334,0.041019955654102,0.296875,0.5138888888888888,0.3763383297644539,HOW-profile(global-MAD),Hog_office_Valda,123,office,True
6.0,6.0,0.40816326530612246,1.0,0.5797101449275363,50.666666666666664,1.0,0.0656984785615491,0.40816326530612246,0.34464886964886965,0.3737267280590718,HOW-profile(global-MAD),Lamb_education_Armando,123,education,False
6.0,5.0,0.07142857142857142,0.8333333333333334,0.13157894736842105,0.6,0.8333333333333334,0.0769641902725815,0.06571428571428571,0.6944444444444443,0.12006681979536438,HOW-profile(global-MAD),Lamb_education_Eula,123,education,False
6.0,6.0,0.2727272727272727,1.0,0.42857142857142855,33.0,1.0,0.028877005347593583,0.2727272727272727,0.6652777777777777,0.3868622964059766,HOW-profile(global-MAD),Lamb_education_Lazaro,123,education,False
6.0,6.0,0.3977272727272727,1.0,0.5691056910569106,2.8333333333333335,1.0,0.09293680297397769,0.38636363636363635,0.4574790564373898,0.4189246960678077,HOW-profile(global-MAD),Lamb_education_Lucas,123,education,False
6.0,4.0,0.3013698630136986,0.6666666666666666,0.41509433962264153,3.25,0.6666666666666666,0.11428571428571428,0.2958904109589041,0.34677579365079364,0.3193185867187425,HOW-profile(global-MAD),Lamb_education_Mae,123,education,False
,,,,,,,,0.0,,,HOW-profile(global-MAD),Lamb_education_Willetta,123,education,False
6.0,2.0,0.07692307692307693,0.3333333333333333,0.125,101.0,0.3333333333333333,0.08963414634146341,0.07692307692307693,0.16874999999999998,0.10567514677103718,HOW-profile(global-MAD),Lamb_education_Williams,123,education,False
6.0,3.0,0.8571428571428571,0.5,0.631578947368421,12.666666666666666,0.5,0.0069356872635561164,0.8571428571428571,0.27314814814814814,0.414277355178467,HOW-profile(global-MAD),Lamb_office_Caitlin,123,office,True
6.0,5.0,0.45454545454545453,0.8333333333333334,0.5882352941176471,42.6,0.8333333333333334,0.0367816091954023,0.45454545454545453,0.1775049603174603,0.25530897844303263,HOW-profile(global-MAD),Lamb_office_Velma,123,office,True
6.0,3.0,0.6153846153846154,0.5,0.5517241379310345,73.66666666666667,0.5,0.04072727272727273,0.6153846153846154,0.1798611111111111,0.27836367300329146,HOW-profile(global-MAD),Rat_retail_Jeffrey,123,retail,False
6.0,6.0,0.5416666666666666,1.0,0.7027027027027027,8.0,1.0,0.025174076057846814,0.5416666666666666,0.5774572649572649,0.5589896579156722,HOW-profile(global-MAD),Robin_education_Zenia,123,education,False
6.0,5.0,0.6756756756756757,0.8333333333333334,0.746268656716418,12.4,0.8333333333333334,0.025222551928783383,0.6756756756756757,0.4043402777777778,0.5059238051378746,HOW-profile(global-MAD),Robin_office_Dina,123,office,True
6.0,4.0,0.86,0.6666666666666666,0.7510917030567684,54.75,0.6666666666666666,0.013757523645743766,0.86,0.24905303030303028,0.38624953038013593,HOW-profile(global-MAD),Robin_office_Sammie,123,office,True
6.0,4.0,0.6285714285714286,0.6666666666666666,0.6470588235294118,2.0,0.6666666666666666,0.014809590973201692,0.6285714285714286,0.24027777777777773,0.34765928294131077,HOW-profile(global-MAD),Shrew_office_Doris,123,office,True
6.0,4.0,0.7037037037037037,0.6666666666666666,0.6846846846846847,86.75,0.6666666666666666,0.018196856906534328,0.7037037037037037,0.32779431216931215,0.44725257436646393,HOW-profile(global-MAD),Shrew_office_Ila,123,office,True
6.0,5.0,0.96875,0.8333333333333334,0.8959537572254336,16.6,0.8333333333333334,0.0007022471910112359,0.96875,0.37982253086419754,0.5456926762980975,HOW-profile(global-MAD),Shrew_office_Kenneth,123,office,True
6.0,5.0,0.4107142857142857,0.8333333333333334,0.5502392344497608,13.6,0.8333333333333334,0.029850746268656716,0.4107142857142857,0.3362654320987654,0.369779830593513,HOW-profile(global-MAD),Shrew_office_Nora,123,office,True
6.0,4.0,0.11428571428571428,0.6666666666666666,0.19512195121951217,0.75,0.6666666666666666,0.03314393939393939,0.11428571428571428,0.4861111111111111,0.18506278916060806,HOW-profile(global-MAD),Shrew_office_Sherill,123,office,True
6.0,6.0,0.25,1.0,0.4,5.5,1.0,0.05907990314769976,0.22777777777777775,0.6444444444444445,0.3365888181174805,HOW-profile(global-MAD),Wolf_office_Darleen,123,office,True
6.0,5.0,0.8695652173913043,0.8333333333333334,0.851063829787234,46.2,0.8333333333333334,0.004524886877828055,0.8695652173913043,0.3580632716049383,0.507253406716831,HOW-profile(global-MAD),Wolf_retail_Harriett,123,retail,False
6.0,6.0,0.3076923076923077,1.0,0.47058823529411764,27.5,1.0,0.08517350157728706,0.2980769230769231,0.45690035273368607,0.3607829153516998,HOW-profile(global-MAD),Wolf_retail_Marcella,123,retail,False
6.0,5.0,0.47368421052631576,0.8333333333333334,0.6040268456375839,12.0,0.8333333333333334,0.04017041996348144,0.4661654135338346,0.10423280423280423,0.17037124863126912,HOW-profile(global-MAD),Wolf_retail_Toshia,123,retail,False
6.0,4.0,0.2727272727272727,0.6666666666666666,0.3870967741935484,37.75,0.6666666666666666,0.04430379746835443,0.2727272727272727,0.2901234567901234,0.28115653040877364,TOWT(HoW-cond),Fox_education_Henrietta,123,education,False
6.0,3.0,0.41509433962264153,0.5,0.4536082474226804,61.333333333333336,0.5,0.08243080625752106,0.41509433962264153,0.15434027777777778,0.22501538797839354,TOWT(HoW-cond),Fox_retail_Manie,123,retail,False
6.0,6.0,0.6666666666666666,1.0,0.8,38.333333333333336,1.0,0.010167029774872912,0.6309523809523809,0.6047894620811288,0.6175939630534146,TOWT(HoW-cond),Hog_education_Bruno,123,education,False
6.0,5.0,0.8888888888888888,0.8333333333333334,0.8602150537634408,62.4,0.8333333333333334,0.004337050805452293,0.8888888888888888,0.29907708032708036,0.4475655035800798,TOWT(HoW-cond),Hog_education_Caridad,123,education,False
6.0,3.0,0.4166666666666667,0.5,0.45454545454545453,102.0,0.5,0.0053475935828877,0.4166666666666667,0.1304976851851852,0.19874845760620485,TOWT(HoW-cond),Hog_education_Luvenia,123,education,False
6.0,6.0,0.6078431372549019,1.0,0.7560975609756097,23.333333333333332,1.0,0.025981524249422634,0.5896358543417367,0.4825757575757576,0.5307608422444283,TOWT(HoW-cond),Hog_office_Almeda,123,office,True
6.0,5.0,0.6935483870967742,0.8333333333333334,0.7570422535211269,23.2,0.8333333333333334,0.019662921348314606,0.6935483870967742,0.353792735042735,0.4685624875574414,TOWT(HoW-cond),Hog_office_Cortney,123,office,True
6.0,6.0,0.88,1.0,0.9361702127659575,24.333333333333332,1.0,0.0046204620462046205,0.88,0.5804082491582492,0.6994746291711935,TOWT(HoW-cond),Hog_office_Denita,123,office,True
6.0,4.0,0.9565217391304348,0.6666666666666666,0.7857142857142856,39.25,0.6666666666666666,0.0006385696040868455,0.9565217391304348,0.2168040293040293,0.35348710944459055,TOWT(HoW-cond),Hog_office_Garrett,123,office,True
6.0,3.0,0.7,0.5,0.5833333333333334,61.0,0.5,0.0027247956403269754,0.7,0.16313131313131313,0.26459918080748973,TOWT(HoW-cond),Hog_office_Lavon,123,office,True
6.0,6.0,0.75,1.0,0.8571428571428571,13.333333333333334,1.0,0.008560727661851257,0.75,0.4329059829059829,0.5489523121387283,TOWT(HoW-cond),Hog_office_Merilyn,123,office,True
6.0,6.0,0.7297297297297297,1.0,0.8437499999999999,24.5,1.0,0.006195786864931847,0.7297297297297297,0.3478395061728395,0.47111372591520284,TOWT(HoW-cond),Hog_office_Miriam,123,office,True
6.0,5.0,0.7916666666666666,0.8333333333333334,0.811965811965812,8.2,0.8333333333333334,0.006618531889290012,0.7875,0.6174768518518519,0.6922007578877997,TOWT(HoW-cond),Hog_office_Napoleon,123,office,True
6.0,6.0,0.375,1.0,0.5454545454545454,6.333333333333333,1.0,0.027439024390243903,0.375,0.33760471781305107,0.35532116477822034,TOWT(HoW-cond),Hog_office_Shawna,123,office,True
6.0,6.0,0.972972972972973,1.0,0.9863013698630138,42.666666666666664,1.0,0.0021474588403722263,0.972972972972973,0.3017183048433048,0.46060369467134243,TOWT(HoW-cond),Hog_office_Shawnna,123,office,True
6.0,4.0,0.41025641025641024,0.6666666666666666,0.5079365079365079,2.0,0.6666666666666666,0.02464788732394366,0.41025641025641024,0.3209401709401709,0.36014326604624675,TOWT(HoW-cond),Hog_office_Sherrie,123,office,True
6.0,6.0,0.6,1.0,0.7499999999999999,18.0,1.0,0.013888888888888888,0.6,0.3521164021164021,0.4437899416504584,TOWT(HoW-cond),Hog_office_Shon,123,office,True
6.0,5.0,0.7333333333333333,0.8333333333333334,0.7801418439716311,4.2,0.8333333333333334,0.005955926146515783,0.7333333333333333,0.6199845679012346,0.6719121196571449,TOWT(HoW-cond),Hog_office_Sydney,123,office,True
6.0,5.0,0.38235294117647056,0.8333333333333334,0.5241935483870966,21.2,0.8333333333333334,0.014412416851441241,0.38235294117647056,0.48800505050505044,0.4287664803515808,TOWT(HoW-cond),Hog_office_Valda,123,office,True
6.0,4.0,0.6363636363636364,0.6666666666666666,0.6511627906976744,31.75,0.6666666666666666,0.003457814661134163,0.6363636363636364,0.3104166666666667,0.41728345669133826,TOWT(HoW-cond),Lamb_education_Armando,123,education,False
6.0,6.0,0.14285714285714285,1.0,0.25,31.833333333333332,1.0,0.0865847140566542,0.1392857142857143,0.6586538461538461,0.22994491306593218,TOWT(HoW-cond),Lamb_education_Eula,123,education,False
6.0,6.0,0.6,1.0,0.7499999999999999,33.166666666666664,1.0,0.008556149732620321,0.6,0.6330128205128206,0.6160644658175202,TOWT(HoW-cond),Lamb_education_Lazaro,123,education,False
6.0,6.0,0.3902439024390244,1.0,0.5614035087719299,19.5,1.0,0.01982651796778191,0.3902439024390244,0.37552358906525574,0.38274226179765913,TOWT(HoW-cond),Lamb_education_Lucas,123,education,False
6.0,4.0,0.8181818181818182,0.6666666666666666,0.7346938775510203,44.5,0.6666666666666666,0.0020408163265306124,0.8181818181818182,0.3066964285714286,0.44615218097196674,TOWT(HoW-cond),Lamb_education_Mae,123,education,False
,,,,,,,,0.0,,,TOWT(HoW-cond),Lamb_education_Willetta,123,education,False
6.0,2.0,0.3055555555555556,0.3333333333333333,0.31884057971014496,38.0,0.3333333333333333,0.03353658536585366,0.3055555555555556,0.1875,0.2323943661971831,TOWT(HoW-cond),Lamb_education_Williams,123,education,False
6.0,3.0,0.38461538461538464,0.5,0.4347826086956522,29.666666666666668,0.5,0.02395964691046658,0.38461538461538464,0.2210648148148148,0.280758488901955,TOWT(HoW-cond),Lamb_office_Caitlin,123,office,True
6.0,5.0,0.5,0.8333333333333334,0.625,51.8,0.8333333333333334,0.03295019157088123,0.5,0.1448936287477954,0.22467833808365986,TOWT(HoW-cond),Lamb_office_Velma,123,office,True
6.0,3.0,0.75,0.5,0.6,36.666666666666664,0.5,0.020363636363636365,0.75,0.18935185185185185,0.3023656973878758,TOWT(HoW-cond),Rat_retail_Jeffrey,123,retail,False
6.0,6.0,0.35398230088495575,1.0,0.522875816993464,2.8333333333333335,1.0,0.08730583824317087,0.3504424778761062,0.6836538461538462,0.46336369695623203,TOWT(HoW-cond),Robin_education_Zenia,123,education,False
6.0,5.0,0.7450980392156863,0.8333333333333334,0.7867494824016562,12.4,0.8333333333333334,0.014094955489614243,0.7450980392156863,0.3824652777777778,0.5054689599164335,TOWT(HoW-cond),Robin_office_Dina,123,office,True
6.0,5.0,1.0,0.8333333333333334,0.9090909090909091,54.6,0.8333333333333334,0.0,1.0,0.2228826728826729,0.3645201258061442,TOWT(HoW-cond),Robin_office_Sammie,123,office,True
6.0,6.0,0.9375,1.0,0.967741935483871,54.5,1.0,0.004936530324400564,0.9375,0.27278693528693526,0.42260681227773716,TOWT(HoW-cond),Shrew_office_Doris,123,office,True
6.0,6.0,0.8412698412698413,1.0,0.9137931034482758,51.166666666666664,1.0,0.013234077750206782,0.8412698412698413,0.47182539682539676,0.6045753044846426,TOWT(HoW-cond),Shrew_office_Ila,123,office,True
6.0,4.0,1.0,0.6666666666666666,0.8,18.75,0.6666666666666666,0.0,1.0,0.3070023148148148,0.46978082798317466,TOWT(HoW-cond),Shrew_office_Kenneth,123,office,True
6.0,6.0,0.45,1.0,0.6206896551724138,28.666666666666668,1.0,0.0227125243348475,0.45,0.3961419753086421,0.42135692139339787,TOWT(HoW-cond),Shrew_office_Nora,123,office,True
6.0,4.0,0.11764705882352941,0.6666666666666666,0.2,0.75,0.6666666666666666,0.023674242424242424,0.11764705882352941,0.4861111111111111,0.18944519621109607,TOWT(HoW-cond),Shrew_office_Sherill,123,office,True
6.0,5.0,0.20833333333333334,0.8333333333333334,0.33333333333333337,0.6,0.8333333333333334,0.04067796610169491,0.18055555555555558,0.6333333333333333,0.28100113765642776,TOWT(HoW-cond),Wolf_office_Darleen,123,office,True
6.0,6.0,0.7551020408163265,1.0,0.8604651162790697,51.166666666666664,1.0,0.00980392156862745,0.7551020408163265,0.3629243827160494,0.4902298126104327,TOWT(HoW-cond),Wolf_retail_Harriett,123,retail,False
6.0,5.0,0.43478260869565216,0.8333333333333334,0.5714285714285714,5.4,0.8333333333333334,0.024605678233438486,0.43478260869565216,0.3796296296296296,0.40533860603064753,TOWT(HoW-cond),Wolf_retail_Marcella,123,retail,False
6.0,5.0,0.37142857142857144,0.8333333333333334,0.5138339920948616,18.8,0.8333333333333334,0.03956177723676202,0.37142857142857144,0.08902116402116404,0.14362047030820374,TOWT(HoW-cond),Wolf_retail_Toshia,123,retail,False
6.0,4.0,0.19047619047619047,0.6666666666666666,0.2962962962962963,49.5,0.6666666666666666,0.028481012658227847,0.19047619047619047,0.22299382716049385,0.20545632275837553,HOW-profile+z,Fox_education_Henrietta,123,education,False
6.0,4.0,0.3076923076923077,0.6666666666666666,0.42105263157894735,39.25,0.6666666666666666,0.11070998796630566,0.30256410256410254,0.25,0.27378190255220414,HOW-profile+z,Fox_retail_Manie,123,retail,False
6.0,6.0,0.56,1.0,0.717948717948718,46.5,1.0,0.021060275962236745,0.53,0.592512676366843,0.5595156742297663,HOW-profile+z,Hog_education_Bruno,123,education,False
6.0,6.0,0.8148148148148148,1.0,0.8979591836734693,43.666666666666664,1.0,0.007434944237918215,0.8148148148148148,0.49213864838864835,0.6136436727702871,HOW-profile+z,Hog_education_Caridad,123,education,False
6.0,4.0,0.45454545454545453,0.6666666666666666,0.5405405405405405,115.5,0.6666666666666666,0.004753416518122401,0.45454545454545453,0.13033234126984128,0.20257897881690795,HOW-profile+z,Hog_education_Luvenia,123,education,False
6.0,6.0,0.4788732394366197,1.0,0.6476190476190475,18.666666666666668,1.0,0.034064665127020784,0.4788732394366197,0.49208754208754213,0.48539047065517604,HOW-profile+z,Hog_office_Almeda,123,office,True
6.0,5.0,0.6363636363636364,0.8333333333333334,0.7216494845360825,18.0,0.8333333333333334,0.025280898876404494,0.6363636363636364,0.367948717948718,0.4662875710804225,HOW-profile+z,Hog_office_Cortney,123,office,True
6.0,6.0,0.9555555555555556,1.0,0.9772727272727273,27.833333333333332,1.0,0.0013201320132013201,0.9555555555555556,0.5706228956228956,0.7145453765496784,HOW-profile+z,Hog_office_Denita,123,office,True
6.0,5.0,0.5681818181818182,0.8333333333333334,0.6756756756756758,24.8,0.8333333333333334,0.02681992337164751,0.5590909090909091,0.29307844932844934,0.3845655679850467,HOW-profile+z,Hog_office_Garrett,123,office,True
6.0,5.0,0.6875,0.8333333333333334,0.7534246575342466,41.0,0.8333333333333334,0.010899182561307902,0.6328125,0.18738425925925925,0.28914793974458475,HOW-profile+z,Hog_office_Lavon,123,office,True
6.0,6.0,0.8235294117647058,1.0,0.9032258064516129,32.333333333333336,1.0,0.0016051364365971107,0.8235294117647058,0.3276709401709402,0.46880919756085576,HOW-profile+z,Hog_office_Merilyn,123,office,True
6.0,5.0,0.78125,0.8333333333333334,0.8064516129032259,28.0,0.8333333333333334,0.004337050805452293,0.78125,0.27733686067019403,0.40935596397146873,HOW-profile+z,Hog_office_Miriam,123,office,True
6.0,5.0,0.926829268292683,0.8333333333333334,0.8775981524249423,8.4,0.8333333333333334,0.0018050541516245488,0.926829268292683,0.5695408950617283,0.7055302009624439,HOW-profile+z,Hog_office_Napoleon,123,office,True
6.0,6.0,0.37735849056603776,1.0,0.5479452054794521,6.0,1.0,0.03048780487804878,0.37735849056603776,0.3627921075837743,0.3699319637092951,HOW-profile+z,Hog_office_Shawna,123,office,True
6.0,6.0,0.7692307692307693,1.0,0.8695652173913044,21.666666666666668,1.0,0.012168933428775949,0.7692307692307693,0.3514690170940171,0.4824856499109938,HOW-profile+z,Hog_office_Shawnna,123,office,True
6.0,4.0,0.5555555555555556,0.6666666666666666,0.606060606060606,3.25,0.6666666666666666,0.028755868544600938,0.5555555555555556,0.28354700854700854,0.3754633166397872,HOW-profile+z,Hog_office_Sherrie,123,office,True
6.0,6.0,0.5,1.0,0.6666666666666666,21.833333333333332,1.0,0.013888888888888888,0.5,0.3365740740740741,0.40232429441062534,HOW-profile+z,Hog_office_Shon,123,office,True
6.0,5.0,0.9393939393939394,0.8333333333333334,0.8831908831908831,13.6,0.8333333333333334,0.0023823704586063135,0.9393939393939394,0.6066743827160495,0.7372329284015593,HOW-profile+z,Hog_office_Sydney,123,office,True
6.0,5.0,0.5483870967741935,0.8333333333333334,0.6614785992217898,21.2,0.8333333333333334,0.018847006651884702,0.5483870967741935,0.5277777777777778,0.5378850957535387,HOW-profile+z,Hog_office_Valda,123,office,True
6.0,5.0,0.5882352941176471,0.8333333333333334,0.6896551724137931,2.6,0.8333333333333334,0.027662517289073305,0.5882352941176471,0.3811838624338624,0.46259824744812467,HOW-profile+z,Lamb_education_Armando,123,education,False
6.0,6.0,0.15254237288135594,1.0,0.2647058823529412,28.0,1.0,0.08070550507749866,0.1483050847457627,0.655448717948718,0.2418809773241864,HOW-profile+z,Lamb_education_Eula,123,education,False
6.0,6.0,0.65,1.0,0.787878787878788,33.333333333333336,1.0,0.010160427807486631,0.625,0.5938034188034188,0.6090024544179523,HOW-profile+z,Lamb_education_Lazaro,123,education,False
6.0,6.0,0.5641025641025641,1.0,0.7213114754098361,5.833333333333333,1.0,0.030978934324659233,0.5641025641025641,0.4192708333333333,0.48102125348000274,HOW-profile+z,Lamb_education_Lucas,123,education,False
6.0,5.0,0.37209302325581395,0.8333333333333334,0.5144694533762059,60.4,0.8333333333333334,0.031292517006802724,0.37209302325581395,0.32405753968253964,0.34641801951683493,HOW-profile+z,Lamb_education_Mae,123,education,False
,,,,,,,,0.0,,,HOW-profile+z,Lamb_education_Willetta,123,education,False
6.0,2.0,0.28205128205128205,0.3333333333333333,0.3055555555555555,10.0,0.3333333333333333,0.05,0.28205128205128205,0.22291666666666665,0.2490214746641278,HOW-profile+z,Lamb_education_Williams,123,education,False
6.0,4.0,0.6875,0.6666666666666666,0.676923076923077,24.75,0.6666666666666666,0.0510718789407314,0.6875,0.3478535353535353,0.46196646341463415,HOW-profile+z,Lamb_office_Caitlin,123,office,True
6.0,6.0,0.5111111111111111,1.0,0.676470588235294,65.33333333333333,1.0,0.04597701149425287,0.5111111111111111,0.18872905643738977,0.2756672800664327,HOW-profile+z,Lamb_office_Velma,123,office,True
6.0,4.0,0.5901639344262295,0.6666666666666666,0.6260869565217391,72.0,0.6666666666666666,0.05818181818181818,0.5901639344262295,0.22372685185185184,0.3244551267854521,HOW-profile+z,Rat_retail_Jeffrey,123,retail,False
6.0,5.0,0.3711340206185567,0.8333333333333334,0.5135520684736091,3.6,0.8333333333333334,0.07070166041778254,0.36855670103092786,0.4327991452991453,0.39810285513224214,HOW-profile+z,Robin_education_Zenia,123,education,False
6.0,5.0,0.8545454545454545,0.8333333333333334,0.8438061041292639,23.6,0.8333333333333334,0.017804154302670624,0.8545454545454545,0.390625,0.5361624458133698,HOW-profile+z,Robin_office_Dina,123,office,True
6.0,5.0,0.9523809523809523,0.8333333333333334,0.888888888888889,67.8,0.8333333333333334,0.0025795356835769563,0.9523809523809523,0.21963869463869468,0.35695597716580374,HOW-profile+z,Robin_office_Sammie,123,office,True
6.0,6.0,0.9069767441860465,1.0,0.951219512195122,58.833333333333336,1.0,0.005641748942172073,0.9069767441860465,0.3967223748473749,0.5519954146346311,HOW-profile+z,Shrew_office_Doris,123,office,True
6.0,6.0,0.75,1.0,0.8571428571428571,55.0,1.0,0.01488833746898263,0.75,0.5328207671957671,0.6230263581877941,HOW-profile+z,Shrew_office_Ila,123,office,True
6.0,6.0,0.9487179487179487,1.0,0.9736842105263158,43.333333333333336,1.0,0.0014044943820224719,0.9487179487179487,0.4422646604938272,0.6032921169760828,HOW-profile+z,Shrew_office_Kenneth,123,office,True
6.0,6.0,0.42424242424242425,1.0,0.5957446808510638,28.5,1.0,0.027255029201817,0.42424242424242425,0.4185185185185185,0.4213610334265548,HOW-profile+z,Shrew_office_Nora,123,office,True
6.0,4.0,0.08888888888888889,0.6666666666666666,0.1568627450980392,0.75,0.6666666666666666,0.036931818181818184,0.08888888888888889,0.4861111111111111,0.1502952227589909,HOW-profile+z,Shrew_office_Sherill,123,office,True
6.0,6.0,0.30303030303030304,1.0,0.4651162790697675,5.5,1.0,0.04406779661016949,0.27878787878787875,0.6402777777777778,0.38844163575582724,HOW-profile+z,Wolf_office_Darleen,123,office,True
6.0,6.0,0.6027397260273972,1.0,0.7521367521367521,30.666666666666668,1.0,0.02790346907993967,0.6027397260273972,0.44347993827160487,0.5109882477148334,HOW-profile+z,Wolf_retail_Harriett,123,retail,False
6.0,5.0,0.47368421052631576,0.8333333333333334,0.6040268456375839,28.0,0.8333333333333334,0.022082018927444796,0.47368421052631576,0.3726851851851852,0.41715848567727076,HOW-profile+z,Wolf_retail_Marcella,123,retail,False
6.0,5.0,0.42857142857142855,0.8333333333333334,0.5660377358490566,12.6,0.8333333333333334,0.027388922702373707,0.42857142857142855,0.07414021164021163,0.12641193827879788,HOW-profile+z,Wolf_retail_Toshia,123,retail,False
6.0,4.0,0.21428571428571427,0.6666666666666666,0.3243243243243243,44.0,0.6666666666666666,0.0379746835443038,0.21428571428571427,0.28472222222222215,0.2445328031809145,TOWT-detector,Fox_education_Henrietta,123,education,False
6.0,4.0,0.34210526315789475,0.6666666666666666,0.4521739130434782,44.75,0.6666666666666666,0.07160048134777376,0.3368421052631579,0.225,0.26978922716627635,TOWT-detector,Fox_retail_Manie,123,retail,False
6.0,5.0,0.3888888888888889,0.8333333333333334,0.5303030303030303,35.0,0.8333333333333334,0.025417574437182282,0.3492063492063492,0.5986414241622574,0.44110329124357117,TOWT-detector,Hog_education_Bruno,123,education,False
6.0,5.0,0.9,0.8333333333333334,0.8653846153846153,53.2,0.8333333333333334,0.0055762081784386614,0.9,0.3314093314093314,0.4844342017889926,TOWT-detector,Hog_education_Caridad,123,education,False
6.0,2.0,0.14285714285714285,0.3333333333333333,0.2,1.0,0.3333333333333333,0.0106951871657754,0.14285714285714285,0.20833333333333334,0.1694915254237288,TOWT-detector,Hog_education_Luvenia,123,education,False
6.0,5.0,0.6,0.8333333333333334,0.6976744186046512,27.6,0.8333333333333334,0.02020785219399538,0.6,0.4055555555555555,0.48397790055248613,TOWT-detector,Hog_office_Almeda,123,office,True
6.0,5.0,0.3235294117647059,0.8333333333333334,0.46610169491525427,16.0,0.8333333333333334,0.12570224719101122,0.3235294117647059,0.3826210826210826,0.35060280994873744,TOWT-detector,Hog_office_Cortney,123,office,True
6.0,6.0,0.5454545454545454,1.0,0.7058823529411764,42.666666666666664,1.0,0.031683168316831684,0.5340909090909091,0.5653619528619529,0.5492817196966797,TOWT-detector,Hog_office_Denita,123,office,True
6.0,5.0,0.9090909090909091,0.8333333333333334,0.8695652173913043,41.6,0.8333333333333334,0.0006385696040868455,0.9090909090909091,0.2615995115995116,0.4062862967264797,TOWT-detector,Hog_office_Garrett,123,office,True
6.0,4.0,0.6666666666666666,0.6666666666666666,0.6666666666666666,67.25,0.6666666666666666,0.0013623978201634877,0.6666666666666666,0.1723905723905724,0.2739432851792402,TOWT-detector,Hog_office_Lavon,123,office,True
6.0,6.0,0.7272727272727273,1.0,0.8421052631578948,13.333333333333334,1.0,0.0016051364365971107,0.7272727272727273,0.42435897435897435,0.5359781398643862,TOWT-detector,Hog_office_Merilyn,123,office,True
6.0,5.0,0.7,0.8333333333333334,0.7608695652173915,33.0,0.8333333333333334,0.004337050805452293,0.7,0.30709876543209874,0.42690775360098066,TOWT-detector,Hog_office_Miriam,123,office,True
6.0,5.0,0.9642857142857143,0.8333333333333334,0.8940397350993378,23.6,0.8333333333333334,0.0006016847172081829,0.9642857142857143,0.4968171296296296,0.6557699380428325,TOWT-detector,Hog_office_Napoleon,123,office,True
6.0,4.0,0.20512820512820512,0.6666666666666666,0.31372549019607837,5.25,0.6666666666666666,0.028658536585365855,0.20512820512820512,0.2843364197530864,0.2383233290891085,TOWT-detector,Hog_office_Shawna,123,office,True
6.0,5.0,0.9545454545454546,0.8333333333333334,0.8898305084745762,14.6,0.8333333333333334,0.0035790980672870437,0.9545454545454546,0.29113247863247865,0.44618143542162103,TOWT-detector,Hog_office_Shawnna,123,office,True
6.0,4.0,0.3181818181818182,0.6666666666666666,0.43076923076923074,2.5,0.6666666666666666,0.03403755868544601,0.3181818181818182,0.28066239316239316,0.2982467521935871,TOWT-detector,Hog_office_Sherrie,123,office,True
6.0,6.0,0.4642857142857143,1.0,0.6341463414634146,12.333333333333334,1.0,0.05844907407407408,0.43506493506493504,0.39957010582010577,0.4165627696584031,TOWT-detector,Hog_office_Shon,123,office,True
6.0,4.0,0.8,0.6666666666666666,0.7272727272727272,11.25,0.6666666666666666,0.0023823704586063135,0.8,0.45659722222222227,0.5813760707377729,TOWT-detector,Hog_office_Sydney,123,office,True
6.0,5.0,0.5238095238095238,0.8333333333333334,0.6432748538011697,22.8,0.8333333333333334,0.01662971175166297,0.5238095238095238,0.47348484848484845,0.49737746427925483,TOWT-detector,Hog_office_Valda,123,office,True
6.0,5.0,0.5,0.8333333333333334,0.625,18.6,0.8333333333333334,0.05739972337482711,0.5,0.34007936507936504,0.4048181388757676,TOWT-detector,Lamb_education_Armando,123,education,False
6.0,5.0,0.0684931506849315,0.8333333333333334,0.12658227848101267,0.6,0.8333333333333334,0.09994655264564405,0.06506849315068493,0.6944444444444443,0.11898797595190379,TOWT-detector,Lamb_education_Eula,123,education,False
6.0,6.0,0.36363636363636365,1.0,0.5333333333333333,33.0,1.0,0.05561497326203209,0.36363636363636365,0.669017094017094,0.4711724760632795,TOWT-detector,Lamb_education_Lazaro,123,education,False
6.0,6.0,0.36046511627906974,1.0,0.5299145299145299,3.0,1.0,0.10966542750929369,0.34932170542635654,0.4523671737213404,0.39422193999058036,TOWT-detector,Lamb_education_Lucas,123,education,False
6.0,4.0,0.4,0.6666666666666666,0.5,28.25,0.6666666666666666,0.03469387755102041,0.4,0.2965939153439154,0.34062188464277243,TOWT-detector,Lamb_education_Mae,123,education,False
,,,,,,,,0.0,,,TOWT-detector,Lamb_education_Willetta,123,education,False
6.0,2.0,0.1346153846153846,0.3333333333333333,0.19178082191780818,53.0,0.3333333333333333,0.1073170731707317,0.1346153846153846,0.17569444444444446,0.15243587536581166,TOWT-detector,Lamb_education_Williams,123,education,False
6.0,3.0,0.7142857142857143,0.5,0.588235294117647,29.666666666666668,0.5,0.006305170239596469,0.7142857142857143,0.2175925925925926,0.333569907735983,TOWT-detector,Lamb_office_Caitlin,123,office,True
6.0,5.0,0.5882352941176471,0.8333333333333334,0.6896551724137931,45.6,0.8333333333333334,0.010727969348659003,0.5882352941176471,0.14642857142857144,0.2344867028881899,TOWT-detector,Lamb_office_Velma,123,office,True
6.0,3.0,0.6944444444444444,0.5,0.5813953488372093,44.0,0.5,0.015272727272727273,0.6944444444444444,0.1898148148148148,0.29813845258871435,TOWT-detector,Rat_retail_Jeffrey,123,retail,False
6.0,6.0,0.3191489361702128,1.0,0.48387096774193555,8.0,1.0,0.08302088912694162,0.299645390070922,0.5822649572649573,0.39567062745401277,TOWT-detector,Robin_education_Zenia,123,education,False
6.0,5.0,0.6382978723404256,0.8333333333333334,0.7228915662650603,9.8,0.8333333333333334,0.034866468842729974,0.6382978723404256,0.32274305555555555,0.42871473980774333,TOWT-detector,Robin_office_Dina,123,office,True
6.0,4.0,0.8,0.6666666666666666,0.7272727272727272,55.25,0.6666666666666666,0.012897678417884782,0.8,0.23893745143745146,0.36797202927951095,TOWT-detector,Robin_office_Sammie,123,office,True
6.0,5.0,0.5714285714285714,0.8333333333333334,0.6779661016949152,52.0,0.8333333333333334,0.015514809590973202,0.5714285714285714,0.22278311965811967,0.3205811277606691,TOWT-detector,Shrew_office_Doris,123,office,True
6.0,3.0,0.8260869565217391,0.5,0.6229508196721311,54.0,0.5,0.0033085194375516956,0.8260869565217391,0.3097718253968254,0.45058147814116867,TOWT-detector,Shrew_office_Ila,123,office,True
6.0,5.0,0.8888888888888888,0.8333333333333334,0.8602150537634408,67.2,0.8333333333333334,0.0014044943820224719,0.8888888888888888,0.3256944444444444,0.47671685407534464,TOWT-detector,Shrew_office_Kenneth,123,office,True
6.0,5.0,0.4528301886792453,0.8333333333333334,0.58679706601467,14.4,0.8333333333333334,0.029850746268656716,0.4528301886792453,0.3463734567901235,0.3925116174855226,TOWT-detector,Shrew_office_Nora,123,office,True
6.0,4.0,0.12903225806451613,0.6666666666666666,0.2162162162162162,0.75,0.6666666666666666,0.03172348484848485,0.12903225806451613,0.4861111111111111,0.20393299344501092,TOWT-detector,Shrew_office_Sherill,123,office,True
6.0,6.0,0.21875,1.0,0.358974358974359,17.5,1.0,0.07070217917675545,0.18229166666666666,0.6472222222222223,0.2844635133249616,TOWT-detector,Wolf_office_Darleen,123,office,True
6.0,6.0,0.88,1.0,0.9361702127659575,73.33333333333333,1.0,0.0030165912518853697,0.88,0.36194058641975313,0.5129194094019776,TOWT-detector,Wolf_retail_Harriett,123,retail,False
6.0,6.0,0.34545454545454546,1.0,0.5135135135135135,27.5,1.0,0.10094637223974763,0.3340909090909091,0.44003527336860665,0.37981349253607694,TOWT-detector,Wolf_retail_Marcella,123,retail,False
6.0,5.0,0.42857142857142855,0.8333333333333334,0.5660377358490566,20.2,0.8333333333333334,0.03164942178940962,0.42857142857142855,0.08161375661375662,0.1371161894884996,TOWT-detector,Wolf_retail_Toshia,123,retail,False
6.0,5.0,0.16470588235294117,0.8333333333333334,0.275049115913556,2.8,0.8333333333333334,0.13660337552742616,0.14941176470588236,0.3479938271604938,0.20906227301429714,Autoencoder(t),Fox_education_Henrietta,123,education,False
6.0,5.0,0.18518518518518517,0.8333333333333334,0.303030303030303,38.2,0.8333333333333334,0.1690734055354994,0.17592592592592593,0.23263888888888887,0.20034623858986467,Autoencoder(t),Fox_retail_Manie,123,retail,False
6.0,6.0,0.5245901639344263,1.0,0.6881720430107526,31.5,1.0,0.06318082788671024,0.510408534998699,0.5315779320987654,0.5207781907493623,Autoencoder(t),Hog_education_Bruno,123,education,False
6.0,4.0,0.3442622950819672,0.6666666666666666,0.454054054054054,49.0,0.6666666666666666,0.10037174721189591,0.3442622950819672,0.22495791245791244,0.2721074417730801,Autoencoder(t),Hog_education_Caridad,123,education,False
6.0,6.0,0.1746031746031746,1.0,0.29729729729729726,32.0,1.0,0.10576351752822341,0.1746031746031746,0.35292658730158727,0.2336251222005806,Autoencoder(t),Hog_education_Luvenia,123,education,False
6.0,5.0,0.3142857142857143,0.8333333333333334,0.4564315352697096,14.2,0.8333333333333334,0.10161662817551963,0.3142857142857143,0.44116161616161614,0.36706938541616924,Autoencoder(t),Hog_office_Almeda,123,office,True
6.0,6.0,0.4222222222222222,1.0,0.59375,34.5,1.0,0.04985955056179775,0.40555555555555556,0.32432781339031336,0.36042182117834254,Autoencoder(t),Hog_office_Cortney,123,office,True
6.0,5.0,0.3230769230769231,0.8333333333333334,0.4656319290465632,9.6,0.8333333333333334,0.09636963696369637,0.31153846153846154,0.5068602693602694,0.38589128396634326,Autoencoder(t),Hog_office_Denita,123,office,True
6.0,5.0,0.32894736842105265,0.8333333333333334,0.4716981132075471,20.0,0.8333333333333334,0.140485312899106,0.3204334365325077,0.21950040700040704,0.26053291742263923,Autoencoder(t),Hog_office_Garrett,123,office,True
6.0,6.0,0.3333333333333333,1.0,0.5,25.333333333333332,1.0,0.164850136239782,0.32006172839506175,0.3717276936026936,0.3439653869329447,Autoencoder(t),Hog_office_Lavon,123,office,True
6.0,6.0,0.21176470588235294,1.0,0.34951456310679613,13.166666666666666,1.0,0.16693418940609953,0.21176470588235294,0.43472222222222223,0.2847971692152155,Autoencoder(t),Hog_office_Merilyn,123,office,True
6.0,6.0,0.3291139240506329,1.0,0.4952380952380952,3.0,1.0,0.12825278810408922,0.3199367088607595,0.3956349206349206,0.35378186948952656,Autoencoder(t),Hog_office_Miriam,123,office,True
6.0,6.0,0.38271604938271603,1.0,0.5535714285714286,20.833333333333332,1.0,0.08303249097472924,0.38271604938271603,0.48971836419753084,0.42965539813292997,Autoencoder(t),Hog_office_Napoleon,123,office,True
6.0,6.0,0.24193548387096775,1.0,0.38961038961038963,22.833333333333332,1.0,0.09939024390243903,0.2325268817204301,0.27562830687830686,0.25224967549393146,Autoencoder(t),Hog_office_Shawna,123,office,True
6.0,6.0,0.4025974025974026,1.0,0.5740740740740741,40.5,1.0,0.14459556191839656,0.4025974025974026,0.32811609686609683,0.3615608263585582,Autoencoder(t),Hog_office_Shawnna,123,office,True
6.0,4.0,0.35064935064935066,0.6666666666666666,0.45957446808510644,1.75,0.6666666666666666,0.11091549295774648,0.3409090909090909,0.1450587606837607,0.20351901909154047,Autoencoder(t),Hog_office_Sherrie,123,office,True
6.0,5.0,0.26153846153846155,0.8333333333333334,0.3981264637002342,3.0,0.8333333333333334,0.11979166666666667,0.24743589743589742,0.2543320105820106,0.25083656519057396,Autoencoder(t),Hog_office_Shon,123,office,True
6.0,6.0,0.46153846153846156,1.0,0.631578947368421,6.833333333333333,1.0,0.07087552114353782,0.46153846153846156,0.6980324074074074,0.5556690186804664,Autoencoder(t),Hog_office_Sydney,123,office,True
6.0,6.0,0.2077922077922078,1.0,0.34408602150537637,4.5,1.0,0.1130820399113082,0.2077922077922078,0.4813131313131313,0.29026946250273655,Autoencoder(t),Hog_office_Valda,123,office,True
6.0,6.0,0.3076923076923077,1.0,0.47058823529411764,35.666666666666664,1.0,0.12378976486860305,0.29423076923076924,0.34096620971620967,0.3158791791888364,Autoencoder(t),Lamb_education_Armando,123,education,False
6.0,6.0,0.1276595744680851,1.0,0.22641509433962262,1.3333333333333333,1.0,0.13041154462854088,0.12234042553191489,0.6997863247863249,0.20826996986202892,Autoencoder(t),Lamb_education_Eula,123,education,False
6.0,6.0,0.28,1.0,0.43750000000000006,0.6666666666666666,1.0,0.10160427807486631,0.2688888888888889,0.6895299145299144,0.3869017008268803,Autoencoder(t),Lamb_education_Lazaro,123,education,False
6.0,6.0,0.38571428571428573,1.0,0.5567010309278351,8.833333333333334,1.0,0.08240396530359356,0.38571428571428573,0.4457120811287478,0.413548388318696,Autoencoder(t),Lamb_education_Lucas,123,education,False
6.0,6.0,0.34285714285714286,1.0,0.5106382978723404,12.166666666666666,1.0,0.1306122448979592,0.33285714285714285,0.3428488756613757,0.337779134880687,Autoencoder(t),Lamb_education_Mae,123,education,False
,,,,,,,,0.0,,,Autoencoder(t),Lamb_education_Willetta,123,education,False
6.0,4.0,0.29577464788732394,0.6666666666666666,0.40975609756097564,11.75,0.6666666666666666,0.09878048780487805,0.29577464788732394,0.2604166666666667,0.2769717752571881,Autoencoder(t),Lamb_education_Williams,123,education,False
6.0,4.0,0.43243243243243246,0.6666666666666666,0.5245901639344263,49.5,0.6666666666666666,0.09079445145018916,0.4086229086229086,0.11342592592592592,0.1775635867673326,Autoencoder(t),Lamb_office_Caitlin,123,office,True
6.0,6.0,0.4520547945205479,1.0,0.6226415094339622,20.333333333333332,1.0,0.09731800766283524,0.4315068493150685,0.22100143298059963,0.2922986102308571,Autoencoder(t),Lamb_office_Velma,123,office,True
6.0,5.0,0.46987951807228917,0.8333333333333334,0.600924499229584,23.6,0.8333333333333334,0.12872727272727272,0.46987951807228917,0.19837962962962963,0.27897717550529816,Autoencoder(t),Rat_retail_Jeffrey,123,retail,False
6.0,6.0,0.13513513513513514,1.0,0.2380952380952381,3.3333333333333335,1.0,0.2062131762185324,0.11302211302211301,0.7854700854700855,0.1976099267739153,Autoencoder(t),Robin_education_Zenia,123,education,False
6.0,6.0,0.5238095238095238,1.0,0.6875000000000001,17.5,1.0,0.13501483679525222,0.5174603174603175,0.27781635802469135,0.3615318926119716,Autoencoder(t),Robin_office_Dina,123,office,True
6.0,6.0,0.5373134328358209,1.0,0.6990291262135923,29.333333333333332,1.0,0.07480653482373173,0.5242537313432836,0.34058857808857806,0.41291881992484364,Autoencoder(t),Robin_office_Sammie,123,office,True
6.0,6.0,0.36619718309859156,1.0,0.5360824742268041,6.0,1.0,0.11918194640338504,0.3431924882629108,0.4010531135531135,0.3698736428674378,Autoencoder(t),Shrew_office_Doris,123,office,True
6.0,6.0,0.5135135135135135,1.0,0.6785714285714285,22.666666666666668,1.0,0.12158808933002481,0.5135135135135135,0.44532076719576724,0.47699219021262185,Autoencoder(t),Shrew_office_Ila,123,office,True
6.0,6.0,0.3333333333333333,1.0,0.5,14.833333333333334,1.0,0.10533707865168539,0.33164983164983164,0.28371913580246916,0.3058178380827052,Autoencoder(t),Shrew_office_Kenneth,123,office,True
6.0,6.0,0.2571428571428571,1.0,0.40909090909090906,34.0,1.0,0.14600908500973395,0.24603174603174602,0.1986882716049383,0.2198399911871222,Autoencoder(t),Shrew_office_Nora,123,office,True
6.0,4.0,0.06493506493506493,0.6666666666666666,0.11834319526627217,2.5,0.6666666666666666,0.12310606060606061,0.05844155844155844,0.23379629629629628,0.09350889826149572,Autoencoder(t),Shrew_office_Sherill,123,office,True
6.0,6.0,0.1111111111111111,1.0,0.19999999999999998,3.6666666666666665,1.0,0.10460048426150122,0.07605820105820106,0.6125,0.1353136106041687,Autoencoder(t),Wolf_office_Darleen,123,office,True
6.0,6.0,0.5294117647058824,1.0,0.6923076923076924,37.0,1.0,0.10633484162895927,0.5294117647058824,0.48182870370370373,0.5045007439524409,Autoencoder(t),Wolf_retail_Harriett,123,retail,False
6.0,6.0,0.25806451612903225,1.0,0.41025641025641024,27.666666666666668,1.0,0.138801261829653,0.24671445639187572,0.34733245149911823,0.2885022573826333,Autoencoder(t),Wolf_retail_Marcella,123,retail,False
6.0,4.0,0.23728813559322035,0.6666666666666666,0.35,25.25,0.6666666666666666,0.10772976262933658,0.23728813559322035,0.05687830687830688,0.09176129868150294,Autoencoder(t),Wolf_retail_Toshia,123,retail,False
6.0,5.0,0.30303030303030304,0.8333333333333334,0.4444444444444444,39.6,0.8333333333333334,0.044831223628691984,0.30303030303030304,0.23842592592592593,0.26687394740251325,IsolationForest(t),Fox_education_Henrietta,123,education,False
6.0,4.0,0.4444444444444444,0.6666666666666666,0.5333333333333333,53.0,0.6666666666666666,0.031287605294825514,0.4444444444444444,0.2119791666666667,0.28704928149519526,IsolationForest(t),Fox_retail_Manie,123,retail,False
6.0,6.0,0.5333333333333333,1.0,0.6956521739130436,37.166666666666664,1.0,0.01815541031227306,0.5111111111111111,0.4689814814814814,0.48914081771899426,IsolationForest(t),Hog_education_Bruno,123,education,False
6.0,4.0,0.6666666666666666,0.6666666666666666,0.6666666666666666,70.75,0.6666666666666666,0.010532837670384139,0.6666666666666666,0.2167358104858105,0.3271227873157396,IsolationForest(t),Hog_education_Caridad,123,education,False
6.0,1.0,0.05555555555555555,0.16666666666666666,0.08333333333333333,1.0,0.16666666666666666,0.0338680926916221,0.05555555555555555,0.125,0.07692307692307691,IsolationForest(t),Hog_education_Luvenia,123,education,False
6.0,4.0,0.41025641025641024,0.6666666666666666,0.5079365079365079,7.25,0.6666666666666666,0.04387990762124711,0.41025641025641024,0.4444444444444444,0.42666666666666664,IsolationForest(t),Hog_office_Almeda,123,office,True
6.0,5.0,0.52,0.8333333333333334,0.6403940886699507,18.2,0.8333333333333334,0.026685393258426966,0.52,0.31499287749287747,0.39232980474781,IsolationForest(t),Hog_office_Cortney,123,office,True
6.0,5.0,0.46511627906976744,0.8333333333333334,0.5970149253731343,12.0,0.8333333333333334,0.04356435643564356,0.46511627906976744,0.48857323232323235,0.4765562820112166,IsolationForest(t),Hog_office_Denita,123,office,True
6.0,4.0,0.5,0.6666666666666666,0.5714285714285715,32.5,0.6666666666666666,0.008939974457215836,0.5,0.19864163614163613,0.28432550518842165,IsolationForest(t),Hog_office_Garrett,123,office,True
6.0,4.0,0.3793103448275862,0.6666666666666666,0.48351648351648346,26.25,0.6666666666666666,0.05381471389645776,0.35172413793103446,0.25007716049382717,0.2923163307262768,IsolationForest(t),Hog_office_Lavon,123,office,True
6.0,6.0,0.44,1.0,0.6111111111111112,13.0,1.0,0.012306046013911182,0.44,0.4731837606837606,0.45598895570582865,IsolationForest(t),Hog_office_Merilyn,123,office,True
6.0,5.0,0.47368421052631576,0.8333333333333334,0.6040268456375839,27.6,0.8333333333333334,0.01486988847583643,0.4360902255639097,0.3413359788359789,0.3829386844981972,IsolationForest(t),Hog_office_Miriam,123,office,True
6.0,5.0,0.84,0.8333333333333334,0.8366533864541832,10.2,0.8333333333333334,0.00421179302045728,0.8133333333333332,0.5,0.6192893401015228,IsolationForest(t),Hog_office_Napoleon,123,office,True
6.0,6.0,0.3103448275862069,1.0,0.4736842105263158,34.666666666666664,1.0,0.02195121951219512,0.3103448275862069,0.31914131393298056,0.3146816093810619,IsolationForest(t),Hog_office_Shawna,123,office,True
6.0,5.0,0.8076923076923077,0.8333333333333334,0.8203125000000001,49.8,0.8333333333333334,0.0071581961345740875,0.8076923076923077,0.21504629629629632,0.33965910475825695,IsolationForest(t),Hog_office_Shawnna,123,office,True
6.0,4.0,0.375,0.6666666666666666,0.4800000000000001,48.5,0.6666666666666666,0.018779342723004695,0.375,0.1278044871794872,0.1906374501992032,IsolationForest(t),Hog_office_Sherrie,123,office,True
6.0,5.0,0.3018867924528302,0.8333333333333334,0.44321329639889195,14.4,0.8333333333333334,0.08912037037037036,0.2827568134171908,0.28789682539682543,0.2853036707566239,IsolationForest(t),Hog_office_Shon,123,office,True
6.0,4.0,0.6842105263157895,0.6666666666666666,0.6753246753246753,34.0,0.6666666666666666,0.008933889219773675,0.6842105263157895,0.3724922839506173,0.4823743046281261,IsolationForest(t),Hog_office_Sydney,123,office,True
6.0,5.0,0.21875,0.8333333333333334,0.3465346534653465,3.0,0.8333333333333334,0.048226164079822616,0.21875,0.4551767676767677,0.2954918032786885,IsolationForest(t),Hog_office_Valda,123,office,True
6.0,5.0,0.4090909090909091,0.8333333333333334,0.5487804878048781,35.4,0.8333333333333334,0.07330567081604426,0.4090909090909091,0.34107142857142864,0.3719974031594893,IsolationForest(t),Lamb_education_Armando,123,education,False
6.0,5.0,0.09090909090909091,0.8333333333333334,0.16393442622950818,0.6,0.8333333333333334,0.07642971672902191,0.08636363636363636,0.6944444444444443,0.15362225097024582,IsolationForest(t),Lamb_education_Eula,123,education,False
6.0,6.0,0.35714285714285715,1.0,0.5263157894736842,34.0,1.0,0.06203208556149733,0.3373015873015873,0.6702991452991452,0.44877491323915025,IsolationForest(t),Lamb_education_Lazaro,123,education,False
6.0,6.0,0.5166666666666667,1.0,0.6813186813186815,3.1666666666666665,1.0,0.06381660470879802,0.5,0.44996968694885364,0.47366741605627677,IsolationForest(t),Lamb_education_Lucas,123,education,False
6.0,5.0,0.43859649122807015,0.8333333333333334,0.574712643678161,24.0,0.8333333333333334,0.08299319727891157,0.4276315789473684,0.34367559523809527,0.3810843263387168,IsolationForest(t),Lamb_education_Mae,123,education,False
,,,,,,,,0.0,,,IsolationForest(t),Lamb_education_Willetta,123,education,False
6.0,4.0,0.45652173913043476,0.6666666666666666,0.5419354838709677,15.25,0.6666666666666666,0.07195121951219512,0.45652173913043476,0.22824074074074074,0.30432993327258295,IsolationForest(t),Lamb_education_Williams,123,education,False
6.0,3.0,0.42857142857142855,0.5,0.4615384615384615,29.333333333333332,0.5,0.03530895334174023,0.41904761904761906,0.09027777777777778,0.14855213608622259,IsolationForest(t),Lamb_office_Caitlin,123,office,True
6.0,6.0,0.6216216216216216,1.0,0.7666666666666667,45.0,1.0,0.022222222222222223,0.6216216216216216,0.21116898148148147,0.31524660392560466,IsolationForest(t),Lamb_office_Velma,123,office,True
6.0,4.0,0.6551724137931034,0.6666666666666666,0.6608695652173913,61.0,0.6666666666666666,0.03563636363636364,0.6551724137931034,0.1244212962962963,0.20912790846494483,IsolationForest(t),Rat_retail_Jeffrey,123,retail,False
6.0,1.0,1.0,0.16666666666666666,0.2857142857142857,1.0,0.16666666666666666,0.0,1.0,0.1111111111111111,0.19999999999999998,IsolationForest(t),Robin_education_Zenia,123,education,False
6.0,5.0,0.675,0.8333333333333334,0.7458563535911604,13.0,0.8333333333333334,0.034866468842729974,0.675,0.23211805555555556,0.34544497607655505,IsolationForest(t),Robin_office_Dina,123,office,True
6.0,5.0,0.8571428571428571,0.8333333333333334,0.8450704225352113,58.2,0.8333333333333334,0.004299226139294927,0.8571428571428571,0.2208236208236208,0.35117490784027017,IsolationForest(t),Robin_office_Sammie,123,office,True
6.0,3.0,0.3488372093023256,0.5,0.4109589041095891,18.0,0.5,0.045133991537376586,0.3488372093023256,0.12370268620268621,0.1826389697404446,IsolationForest(t),Shrew_office_Doris,123,office,True
6.0,3.0,0.47619047619047616,0.5,0.4878048780487805,23.333333333333332,0.5,0.02977667493796526,0.47619047619047616,0.23189484126984128,0.3119005921107497,IsolationForest(t),Shrew_office_Ila,123,office,True
6.0,4.0,0.38461538461538464,0.6666666666666666,0.4878048780487804,18.25,0.6666666666666666,0.04143258426966292,0.38461538461538464,0.2519097222222222,0.30442901202190376,IsolationForest(t),Shrew_office_Kenneth,123,office,True
6.0,5.0,0.358974358974359,0.8333333333333334,0.5017921146953405,22.4,0.8333333333333334,0.040882543802725504,0.35198135198135194,0.21087962962962967,0.2637443332096681,IsolationForest(t),Shrew_office_Nora,123,office,True
6.0,4.0,0.16,0.6666666666666666,0.25806451612903225,1.25,0.6666666666666666,0.03172348484848485,0.16,0.38888888888888884,0.22672064777327933,IsolationForest(t),Shrew_office_Sherill,123,office,True
6.0,5.0,0.17857142857142858,0.8333333333333334,0.29411764705882354,0.8,0.8333333333333334,0.0387409200968523,0.17857142857142858,0.6,0.2752293577981651,IsolationForest(t),Wolf_office_Darleen,123,office,True
6.0,4.0,0.7096774193548387,0.6666666666666666,0.6875,96.25,0.6666666666666666,0.015082956259426848,0.7096774193548387,0.22993827160493827,0.34733774834437087,IsolationForest(t),Wolf_retail_Harriett,123,retail,False
6.0,5.0,0.38,0.8333333333333334,0.521978021978022,3.6,0.8333333333333334,0.03785488958990536,0.38,0.25771604938271603,0.30713386893814726,IsolationForest(t),Wolf_retail_Marcella,123,retail,False
6.0,4.0,0.3333333333333333,0.6666666666666666,0.4444444444444444,10.25,0.6666666666666666,0.023128423615337797,0.3333333333333333,0.03082010582010582,0.05642329579852283,IsolationForest(t),Wolf_retail_Toshia,123,retail,False
6.0,5.0,0.325,0.8333333333333334,0.4676258992805756,18.4,0.8333333333333334,0.05327004219409283,0.325,0.37654320987654316,0.34887813462384515,OC-SVM(t),Fox_education_Henrietta,123,education,False
6.0,5.0,0.2619047619047619,0.8333333333333334,0.39855072463768115,56.8,0.8333333333333334,0.05174488567990373,0.2619047619047619,0.2190972222222222,0.23859612938709562,OC-SVM(t),Fox_retail_Manie,123,retail,False
6.0,6.0,0.5806451612903226,1.0,0.7346938775510204,33.166666666666664,1.0,0.01888162672476398,0.5806451612903226,0.4995397927689595,0.5370475906987096,OC-SVM(t),Hog_education_Bruno,123,education,False
6.0,3.0,0.32,0.5,0.39024390243902435,8.666666666666666,0.5,0.06381660470879802,0.29517241379310344,0.22271825396825395,0.2538770775838266,OC-SVM(t),Hog_education_Caridad,123,education,False
6.0,5.0,0.2857142857142857,0.8333333333333334,0.42553191489361697,28.0,0.8333333333333334,0.08377896613190731,0.2857142857142857,0.29658564814814814,0.291048484418258,OC-SVM(t),Hog_education_Luvenia,123,education,False
6.0,6.0,0.4339622641509434,1.0,0.6052631578947368,7.0,1.0,0.050808314087759814,0.4339622641509434,0.44608585858585853,0.4399405536952266,OC-SVM(t),Hog_office_Almeda,123,office,True
6.0,5.0,0.5,0.8333333333333334,0.625,16.8,0.8333333333333334,0.06882022471910113,0.5,0.3738069800569801,0.4277912497707497,OC-SVM(t),Hog_office_Cortney,123,office,True
6.0,6.0,0.8,1.0,0.888888888888889,55.666666666666664,1.0,0.014521452145214522,0.8,0.47110690235690234,0.5930036587586709,OC-SVM(t),Hog_office_Denita,123,office,True
6.0,5.0,0.8823529411764706,0.8333333333333334,0.8571428571428571,28.4,0.8333333333333334,0.007662835249042145,0.8823529411764706,0.3012057387057387,0.4491028184131776,OC-SVM(t),Hog_office_Garrett,123,office,True
6.0,5.0,0.40625,0.8333333333333334,0.5462184873949579,27.6,0.8333333333333334,0.13283378746594005,0.3510416666666667,0.19750280583613913,0.2527842959230866,OC-SVM(t),Hog_office_Lavon,123,office,True
6.0,6.0,0.3783783783783784,1.0,0.5490196078431372,1.1666666666666667,1.0,0.07597645799892991,0.3184684684684685,0.46891025641025635,0.37931716082659483,OC-SVM(t),Hog_office_Merilyn,123,office,True
6.0,5.0,0.27586206896551724,0.8333333333333334,0.41450777202072536,39.8,0.8333333333333334,0.01982651796778191,0.27586206896551724,0.24616402116402117,0.26016828456343,OC-SVM(t),Hog_office_Miriam,123,office,True
6.0,5.0,0.7073170731707317,0.8333333333333334,0.7651715039577838,20.0,0.8333333333333334,0.013838748495788207,0.6856368563685636,0.5414737654320988,0.6050870455218365,OC-SVM(t),Hog_office_Napoleon,123,office,True
6.0,5.0,0.2727272727272727,0.8333333333333334,0.4109589041095891,47.0,0.8333333333333334,0.027439024390243903,0.2727272727272727,0.3082561728395061,0.28940537277392087,OC-SVM(t),Hog_office_Shawna,123,office,True
6.0,5.0,0.42857142857142855,0.8333333333333334,0.5660377358490566,52.4,0.8333333333333334,0.08589835361488905,0.4142857142857143,0.2748219373219373,0.33044126658348777,OC-SVM(t),Hog_office_Shawnna,123,office,True
6.0,5.0,0.3076923076923077,0.8333333333333334,0.4494382022471911,27.0,0.8333333333333334,0.04988262910798122,0.3076923076923077,0.2473557692307692,0.27424459472965323,OC-SVM(t),Hog_office_Sherrie,123,office,True
6.0,6.0,0.3469387755102041,1.0,0.5151515151515151,12.5,1.0,0.08796296296296297,0.3261661807580175,0.3337301587301587,0.32990481917571896,OC-SVM(t),Hog_office_Shon,123,office,True
6.0,6.0,0.7368421052631579,1.0,0.8484848484848484,26.333333333333332,1.0,0.01072066706372841,0.7368421052631579,0.6131558641975309,0.6693329442713887,OC-SVM(t),Hog_office_Sydney,123,office,True
6.0,6.0,0.21621621621621623,1.0,0.35555555555555557,10.666666666666666,1.0,0.082039911308204,0.21621621621621623,0.4559343434343434,0.2933283240339752,OC-SVM(t),Hog_office_Valda,123,office,True
6.0,6.0,0.4423076923076923,1.0,0.6133333333333333,33.833333333333336,1.0,0.15283540802213003,0.41310420997921,0.39120069745069747,0.40185420621164075,OC-SVM(t),Lamb_education_Armando,123,education,False
6.0,6.0,0.0898876404494382,1.0,0.16494845360824742,13.0,1.0,0.16729021913415287,0.08426966292134831,0.6960470085470085,0.15033805871991507,OC-SVM(t),Lamb_education_Eula,123,education,False
6.0,6.0,0.2608695652173913,1.0,0.41379310344827586,10.166666666666666,1.0,0.11978609625668449,0.2326086956521739,0.6702991452991452,0.3453672740742265,OC-SVM(t),Lamb_education_Lazaro,123,education,False
6.0,6.0,0.35365853658536583,1.0,0.5225225225225225,2.1666666666666665,1.0,0.14312267657992564,0.34308943089430893,0.501942791005291,0.40758508857894676,OC-SVM(t),Lamb_education_Lucas,123,education,False
6.0,6.0,0.3902439024390244,1.0,0.5614035087719299,20.5,1.0,0.16666666666666666,0.38211382113821135,0.3788525132275132,0.380476178615295,OC-SVM(t),Lamb_education_Mae,123,education,False
,,,,,,,,0.0,,,OC-SVM(t),Lamb_education_Willetta,123,education,False
6.0,5.0,0.3137254901960784,0.8333333333333334,0.4558404558404559,30.2,0.8333333333333334,0.1274390243902439,0.3137254901960784,0.32905092592592594,0.3212055092450385,OC-SVM(t),Lamb_education_Williams,123,education,False
6.0,3.0,0.3,0.5,0.37499999999999994,0.0,0.5,0.09773013871374527,0.28888888888888886,0.09866898148148147,0.14709737361671063,OC-SVM(t),Lamb_office_Caitlin,123,office,True
6.0,5.0,0.49019607843137253,0.8333333333333334,0.6172839506172839,24.2,0.8333333333333334,0.10114942528735632,0.46383442265795205,0.24999999999999997,0.32488936365023646,OC-SVM(t),Lamb_office_Velma,123,office,True
6.0,5.0,0.44,0.8333333333333334,0.5759162303664922,68.2,0.8333333333333334,0.04654545454545454,0.44,0.1589699074074074,0.2335568394813627,OC-SVM(t),Rat_retail_Jeffrey,123,retail,False
6.0,6.0,0.17307692307692307,1.0,0.29508196721311475,8.0,1.0,0.1387252276379218,0.15559440559440557,0.5699786324786325,0.24445640030272917,OC-SVM(t),Robin_education_Zenia,123,education,False
6.0,5.0,0.5,0.8333333333333334,0.625,12.6,0.8333333333333334,0.09272997032640949,0.5,0.2949652777777778,0.37104171216422804,OC-SVM(t),Robin_office_Dina,123,office,True
6.0,6.0,0.631578947368421,1.0,0.7741935483870968,70.16666666666667,1.0,0.03869303525365434,0.631578947368421,0.319378885003885,0.4242311764744617,OC-SVM(t),Robin_office_Sammie,123,office,True
6.0,5.0,0.3620689655172414,0.8333333333333334,0.5048076923076923,12.2,0.8333333333333334,0.0846262341325811,0.3620689655172414,0.31132478632478633,0.3347849397656276,OC-SVM(t),Shrew_office_Doris,123,office,True
6.0,6.0,0.6666666666666666,1.0,0.8,48.666666666666664,1.0,0.05707196029776675,0.6666666666666666,0.49062500000000003,0.5652565256525653,OC-SVM(t),Shrew_office_Ila,123,office,True
6.0,4.0,0.4642857142857143,0.6666666666666666,0.5473684210526316,6.0,0.6666666666666666,0.06320224719101124,0.4642857142857143,0.2732445987654321,0.34402264277841094,OC-SVM(t),Shrew_office_Kenneth,123,office,True
6.0,4.0,0.2,0.6666666666666666,0.30769230769230765,55.25,0.6666666666666666,0.1044776119402985,0.1939393939393939,0.20370370370370372,0.19870166525543326,OC-SVM(t),Shrew_office_Nora,123,office,True
6.0,4.0,0.14285714285714285,0.6666666666666666,0.23529411764705882,1.25,0.6666666666666666,0.05539772727272727,0.14285714285714285,0.38888888888888884,0.20895522388059704,OC-SVM(t),Shrew_office_Sherill,123,office,True
6.0,6.0,0.1951219512195122,1.0,0.326530612244898,8.333333333333334,1.0,0.06246973365617434,0.17770034843205573,0.6069444444444444,0.27491226663541773,OC-SVM(t),Wolf_office_Darleen,123,office,True
6.0,6.0,0.6153846153846154,1.0,0.761904761904762,37.166666666666664,1.0,0.05203619909502263,0.6153846153846154,0.47654320987654325,0.5371368933727605,OC-SVM(t),Wolf_retail_Harriett,123,retail,False
6.0,6.0,0.3088235294117647,1.0,0.4719101123595506,34.833333333333336,1.0,0.08580441640378549,0.3088235294117647,0.2684082892416226,0.2872010604001213,OC-SVM(t),Wolf_retail_Marcella,123,retail,False
6.0,4.0,0.30303030303030304,0.6666666666666666,0.41666666666666663,10.25,0.6666666666666666,0.060255629945222156,0.30303030303030304,0.0404100529100529,0.07131060964152121,OC-SVM(t),Wolf_retail_Toshia,123,retail,False
6.0,1.0,0.3333333333333333,0.16666666666666666,0.2222222222222222,197.0,0.16666666666666666,0.06592827004219409,0.13194444444444445,0.014660493827160495,0.02638888888888889,LSTM-AE(t),Fox_education_Henrietta,123,education,False
6.0,3.0,0.6,0.5,0.5454545454545454,68.66666666666667,0.5,0.1263537906137184,0.21530732860520096,0.21805555555555556,0.21667272796151077,LSTM-AE(t),Fox_retail_Manie,123,retail,False
6.0,5.0,0.8,0.8333333333333334,0.816326530612245,41.0,0.8333333333333334,0.13435003631082063,0.5356293706293707,0.5454144620811288,0.5404776313726144,LSTM-AE(t),Hog_education_Bruno,123,education,False
6.0,1.0,0.5,0.16666666666666666,0.25,37.0,0.16666666666666666,0.05204460966542751,0.39221556886227543,0.12996031746031747,0.19523099850968703,LSTM-AE(t),Hog_education_Caridad,123,education,False
6.0,1.0,0.5,0.16666666666666666,0.25,99.0,0.16666666666666666,0.016042780748663103,0.4791666666666667,0.06845238095238095,0.11979166666666663,LSTM-AE(t),Hog_education_Luvenia,123,education,False
6.0,2.0,1.0,0.3333333333333333,0.5,76.5,0.3333333333333333,0.053117782909930716,0.46845238095238095,0.23674242424242423,0.31453025885001024,LSTM-AE(t),Hog_office_Almeda,123,office,True
6.0,2.0,0.75,0.3333333333333333,0.46153846153846156,43.0,0.3333333333333333,0.08146067415730338,0.5104166666666667,0.24305555555555555,0.3293010752688172,LSTM-AE(t),Hog_office_Cortney,123,office,True
6.0,6.0,1.0,1.0,1.0,58.833333333333336,1.0,0.16303630363036303,0.416575770796975,0.7629419191919191,0.5389035209191133,LSTM-AE(t),Hog_office_Denita,123,office,True
6.0,3.0,0.4,0.5,0.4444444444444445,82.0,0.5,0.1545338441890166,0.14722222222222223,0.3685897435897436,0.21040458436895884,LSTM-AE(t),Hog_office_Garrett,123,office,True
6.0,3.0,1.0,0.5,0.6666666666666666,54.0,0.5,0.06130790190735695,0.5300925925925927,0.22337962962962962,0.31430989361096884,LSTM-AE(t),Hog_office_Lavon,123,office,True
6.0,2.0,1.0,0.3333333333333333,0.5,142.5,0.3333333333333333,0.03584804708400214,0.3020833333333333,0.18108974358974358,0.22643725815367605,LSTM-AE(t),Hog_office_Merilyn,123,office,True
6.0,4.0,0.8333333333333334,0.6666666666666666,0.7407407407407408,41.0,0.6666666666666666,0.17100371747211895,0.42902466542172424,0.4852292768959436,0.4553993557749943,LSTM-AE(t),Hog_office_Miriam,123,office,True
6.0,5.0,0.8333333333333334,0.8333333333333334,0.8333333333333334,8.0,0.8333333333333334,0.13297232250300842,0.386574074074074,0.5724344135802469,0.46149394139185945,LSTM-AE(t),Hog_office_Napoleon,123,office,True
6.0,4.0,0.6,0.6666666666666666,0.631578947368421,83.25,0.6666666666666666,0.1274390243902439,0.20833333333333334,0.3815035273368607,0.26949791316264876,LSTM-AE(t),Hog_office_Shawna,123,office,True
6.0,3.0,0.6666666666666666,0.5,0.5714285714285715,67.33333333333333,0.5,0.1145311381531854,0.4874338624338624,0.33247863247863246,0.3953137560687727,LSTM-AE(t),Hog_office_Shawnna,123,office,True
6.0,4.0,0.6666666666666666,0.6666666666666666,0.6666666666666666,34.0,0.6666666666666666,0.15140845070422534,0.40046296296296297,0.4618055555555556,0.42895227442207307,LSTM-AE(t),Hog_office_Sherrie,123,office,True
6.0,3.0,1.0,0.5,0.6666666666666666,16.0,0.5,0.050347222222222224,0.41846095043954645,0.4523809523809524,0.4347603455482793,LSTM-AE(t),Hog_office_Shon,123,office,True
6.0,4.0,0.8,0.6666666666666666,0.7272727272727272,24.75,0.6666666666666666,0.10482430017867779,0.3944444444444445,0.6047453703703703,0.477463737338636,LSTM-AE(t),Hog_office_Sydney,123,office,True
6.0,3.0,0.6,0.5,0.5454545454545454,0.0,0.5,0.16906873614190687,0.01666666666666667,0.5,0.03225806451612904,LSTM-AE(t),Hog_office_Valda,123,office,True
6.0,1.0,1.0,0.16666666666666666,0.2857142857142857,0.0,0.16666666666666666,0.006224066390041493,0.1,0.03333333333333333,0.05,LSTM-AE(t),Lamb_education_Armando,123,education,False
6.0,2.0,1.0,0.3333333333333333,0.5,0.0,0.3333333333333333,0.06146445750935329,0.03819444444444444,0.3333333333333333,0.06853582554517133,LSTM-AE(t),Lamb_education_Eula,123,education,False
6.0,2.0,0.5,0.3333333333333333,0.4,89.5,0.3333333333333333,0.07967914438502674,0.24076846307385227,0.2043803418803419,0.22108715220341632,LSTM-AE(t),Lamb_education_Lazaro,123,education,False
6.0,2.0,0.6666666666666666,0.3333333333333333,0.4444444444444444,27.5,0.3333333333333333,0.042131350681536554,0.3541666666666667,0.2074652777777778,0.2616563626996394,LSTM-AE(t),Lamb_education_Lucas,123,education,False
6.0,1.0,0.5,0.16666666666666666,0.25,0.0,0.16666666666666666,0.04421768707482993,0.10869565217391304,0.16666666666666666,0.13157894736842102,LSTM-AE(t),Lamb_education_Mae,123,education,False
,,,,,,,,0.0,,,LSTM-AE(t),Lamb_education_Willetta,123,education,False
6.0,1.0,0.5,0.16666666666666666,0.25,32.0,0.16666666666666666,0.02926829268292683,0.5,0.0006944444444444445,0.0013869625520110957,LSTM-AE(t),Lamb_education_Williams,123,education,False
6.0,1.0,1.0,0.16666666666666666,0.2857142857142857,74.0,0.16666666666666666,0.031525851197982346,0.5833333333333334,0.08101851851851852,0.14227642276422764,LSTM-AE(t),Lamb_office_Caitlin,123,office,True
6.0,4.0,0.75,0.6666666666666666,0.7058823529411765,62.5,0.6666666666666666,0.10114942528735632,0.4270833333333333,0.2591820987654321,0.3225934150363541,LSTM-AE(t),Lamb_office_Velma,123,office,True
6.0,3.0,0.8,0.5,0.6153846153846154,131.33333333333334,0.5,0.14545454545454545,0.37777777777777777,0.2412037037037037,0.2944236682456578,LSTM-AE(t),Rat_retail_Jeffrey,123,retail,False
6.0,3.0,0.75,0.5,0.6,45.666666666666664,0.5,0.048205677557579006,0.2813608156028369,0.42254273504273504,0.33779334810754225,LSTM-AE(t),Robin_education_Zenia,123,education,False
6.0,2.0,0.5,0.3333333333333333,0.4,141.0,0.3333333333333333,0.09272997032640949,0.4083333333333333,0.11822916666666666,0.18336630398944936,LSTM-AE(t),Robin_office_Dina,123,office,True
6.0,4.0,1.0,0.6666666666666666,0.8,77.75,0.6666666666666666,0.09028374892519346,0.4796708300806662,0.29393939393939394,0.36450953905867967,LSTM-AE(t),Robin_office_Sammie,123,office,True
6.0,2.0,0.6666666666666666,0.3333333333333333,0.4444444444444444,63.0,0.3333333333333333,0.12129760225669958,0.20370370370370372,0.20833333333333334,0.20599250936329588,LSTM-AE(t),Shrew_office_Doris,123,office,True
6.0,4.0,0.8,0.6666666666666666,0.7272727272727272,87.25,0.6666666666666666,0.1513647642679901,0.543611111111111,0.40292658730158726,0.46281383232075496,LSTM-AE(t),Shrew_office_Ila,123,office,True
6.0,5.0,0.6666666666666666,0.8333333333333334,0.7407407407407408,58.4,0.8333333333333334,0.12570224719101122,0.37152777777777785,0.49832175925925926,0.42568367965463966,LSTM-AE(t),Shrew_office_Kenneth,123,office,True
6.0,1.0,0.5,0.16666666666666666,0.25,0.0,0.16666666666666666,0.05386112913692408,0.013888888888888888,0.16666666666666666,0.02564102564102564,LSTM-AE(t),Shrew_office_Nora,123,office,True
6.0,1.0,1.0,0.16666666666666666,0.2857142857142857,0.0,0.16666666666666666,0.02130681818181818,0.0625,0.16666666666666666,0.09090909090909091,LSTM-AE(t),Shrew_office_Sherill,123,office,True
6.0,3.0,0.6666666666666666,0.5,0.5714285714285715,35.333333333333336,0.5,0.09346246973365617,0.07961452928094885,0.3527777777777778,0.1299108992461438,LSTM-AE(t),Wolf_office_Darleen,123,office,True
6.0,3.0,1.0,0.5,0.6666666666666666,72.0,0.5,0.05580693815987934,0.6655092592592593,0.24614197530864199,0.35936936725129703,LSTM-AE(t),Wolf_retail_Harriett,123,retail,False
6.0,2.0,1.0,0.3333333333333333,0.5,0.0,0.3333333333333333,0.10157728706624605,0.043402777777777776,0.3333333333333333,0.07680491551459293,LSTM-AE(t),Wolf_retail_Marcella,123,retail,False
6.0,0.0,0.0,0.0,0.0,,0.0,0.10225197808886184,0.0,0.0,0.0,LSTM-AE(t),Wolf_retail_Toshia,123,retail,False
6.0,4.0,0.8333333333333334,0.6666666666666666,0.7407407407407408,58.75,0.6666666666666666,0.0036719706242350062,0.8333333333333334,0.28086419753086417,0.42012927054478294,PatchTST-SSL(HoD-cond),Fox_education_Henrietta,124,education,False
6.0,6.0,0.43243243243243246,1.0,0.6037735849056604,15.5,1.0,0.07113938692886061,0.43243243243243246,0.3359871031746032,0.37815727882801115,PatchTST-SSL(HoD-cond),Fox_retail_Manie,124,retail,False
6.0,2.0,1.0,0.3333333333333333,0.5,24.0,0.3333333333333333,0.0,1.0,0.19267676767676767,0.32309972475121745,PatchTST-SSL(HoD-cond),Hog_education_Bruno,124,education,False
6.0,3.0,0.3333333333333333,0.5,0.4,87.0,0.5,0.03281733746130031,0.3333333333333333,0.09184027777777777,0.14400435551925955,PatchTST-SSL(HoD-cond),Hog_education_Caridad,124,education,False
6.0,6.0,0.6842105263157895,1.0,0.8125000000000001,36.666666666666664,1.0,0.004972032318210068,0.6842105263157895,0.42730930335097006,0.5260716283092398,PatchTST-SSL(HoD-cond),Hog_education_Luvenia,124,education,False
6.0,2.0,0.6052631578947368,0.3333333333333333,0.4299065420560747,40.0,0.3333333333333333,0.01796875,0.6052631578947368,0.11706349206349205,0.19618331646667625,PatchTST-SSL(HoD-cond),Hog_office_Almeda,124,office,True
6.0,3.0,0.9,0.5,0.6428571428571429,16.333333333333332,0.5,0.0006693440428380187,0.9,0.23958333333333334,0.37842778793418647,PatchTST-SSL(HoD-cond),Hog_office_Cortney,124,office,True
6.0,6.0,0.8571428571428571,1.0,0.923076923076923,0.6666666666666666,1.0,0.00045871559633027525,0.8571428571428571,0.7861111111111111,0.8200917652740883,PatchTST-SSL(HoD-cond),Hog_office_Denita,124,office,True
6.0,5.0,0.5416666666666666,0.8333333333333334,0.6565656565656566,13.2,0.8333333333333334,0.018782014797951052,0.4851190476190476,0.5236111111111111,0.5036306713873591,PatchTST-SSL(HoD-cond),Hog_office_Garrett,124,office,True
6.0,3.0,0.6666666666666666,0.5,0.5714285714285715,22.666666666666668,0.5,0.0014094432699083862,0.6666666666666666,0.15257936507936506,0.24832485670460966,PatchTST-SSL(HoD-cond),Hog_office_Lavon,124,office,True
6.0,4.0,0.8571428571428571,0.6666666666666666,0.75,54.5,0.6666666666666666,0.005094614264919942,0.7714285714285715,0.17240918803418803,0.281831008121733,PatchTST-SSL(HoD-cond),Hog_office_Merilyn,124,office,True
6.0,4.0,0.631578947368421,0.6666666666666666,0.6486486486486486,52.75,0.6666666666666666,0.005111821086261981,0.631578947368421,0.1931216931216931,0.29579604929934156,PatchTST-SSL(HoD-cond),Hog_office_Miriam,124,office,True
6.0,4.0,1.0,0.6666666666666666,0.8,55.75,0.6666666666666666,0.0,1.0,0.28410493827160493,0.44249489244081236,PatchTST-SSL(HoD-cond),Hog_office_Napoleon,124,office,True
6.0,4.0,0.9,0.6666666666666666,0.7659574468085106,23.25,0.6666666666666666,0.0011876484560570072,0.9,0.1778198653198653,0.2969659104221171,PatchTST-SSL(HoD-cond),Hog_office_Shawna,124,office,True
6.0,5.0,0.8333333333333334,0.8333333333333334,0.8333333333333334,54.6,0.8333333333333334,0.012048192771084338,0.8333333333333334,0.26875593542260207,0.4064340083297429,PatchTST-SSL(HoD-cond),Hog_office_Shawnna,124,office,True
6.0,5.0,0.6,0.8333333333333334,0.6976744186046512,48.6,0.8333333333333334,0.006305170239596469,0.6,0.30949074074074073,0.4083481801985238,PatchTST-SSL(HoD-cond),Hog_office_Sherrie,124,office,True
6.0,5.0,0.96,0.8333333333333334,0.8921933085501859,62.8,0.8333333333333334,0.0006807351940095302,0.96,0.2206679894179894,0.3588498574365466,PatchTST-SSL(HoD-cond),Hog_office_Shon,124,office,True
6.0,4.0,0.3,0.6666666666666666,0.41379310344827586,65.75,0.6666666666666666,0.015789473684210527,0.3,0.25896990740740744,0.27797908686199396,PatchTST-SSL(HoD-cond),Hog_office_Sydney,124,office,True
6.0,6.0,0.6666666666666666,1.0,0.8,49.5,1.0,0.011049723756906077,0.6666666666666666,0.30507330246913583,0.4185938792390406,PatchTST-SSL(HoD-cond),Hog_office_Valda,124,office,True
6.0,5.0,0.75,0.8333333333333334,0.7894736842105262,7.8,0.8333333333333334,0.002596053997923157,0.75,0.5852272727272728,0.6574468085106383,PatchTST-SSL(HoD-cond),Lamb_education_Armando,124,education,False
6.0,5.0,0.782608695652174,0.8333333333333334,0.8071748878923767,32.4,0.8333333333333334,0.00990916597853014,0.782608695652174,0.1873246352413019,0.302292711839625,PatchTST-SSL(HoD-cond),Lamb_education_Eula,124,education,False
6.0,5.0,0.38461538461538464,0.8333333333333334,0.5263157894736842,23.2,0.8333333333333334,0.05985489721886336,0.38461538461538464,0.3867424242424242,0.3856759717447966,PatchTST-SSL(HoD-cond),Lamb_education_Lazaro,124,education,False
6.0,5.0,0.4594594594594595,0.8333333333333334,0.5923344947735192,50.4,0.8333333333333334,0.01455604075691412,0.4594594594594595,0.17754629629629626,0.2561211561692807,PatchTST-SSL(HoD-cond),Lamb_education_Lucas,124,education,False
6.0,4.0,0.4827586206896552,0.6666666666666666,0.56,19.25,0.6666666666666666,0.01703296703296703,0.4827586206896552,0.40069444444444446,0.4379150516358116,PatchTST-SSL(HoD-cond),Lamb_education_Mae,124,education,False
,,,,,,,,0.0,,,PatchTST-SSL(HoD-cond),Lamb_education_Willetta,124,education,False
6.0,4.0,0.4,0.6666666666666666,0.5,31.0,0.6666666666666666,0.01466275659824047,0.4,0.2328125,0.294320987654321,PatchTST-SSL(HoD-cond),Lamb_education_Williams,124,education,False
6.0,4.0,0.4,0.6666666666666666,0.5,43.25,0.6666666666666666,0.07356002775850104,0.39555555555555555,0.14053030303030303,0.20738298239829167,PatchTST-SSL(HoD-cond),Lamb_office_Caitlin,124,office,True
6.0,4.0,0.2222222222222222,0.6666666666666666,0.3333333333333333,2.25,0.6666666666666666,0.018858307849133536,0.2222222222222222,0.3416666666666666,0.2692939244663382,PatchTST-SSL(HoD-cond),Lamb_office_Velma,124,office,True
6.0,5.0,0.45652173913043476,0.8333333333333334,0.5898876404494382,23.2,0.8333333333333334,0.052967453733248245,0.45652173913043476,0.31475694444444446,0.3726108104405014,PatchTST-SSL(HoD-cond),Rat_retail_Jeffrey,124,retail,False
6.0,4.0,0.4523809523809524,0.6666666666666666,0.5390070921985816,83.25,0.6666666666666666,0.046163443543356206,0.4484126984126985,0.34523115773115776,0.39011461832902583,PatchTST-SSL(HoD-cond),Robin_education_Zenia,124,education,False
6.0,5.0,0.9545454545454546,0.8333333333333334,0.8898305084745762,52.8,0.8333333333333334,0.0006146281499692685,0.9545454545454546,0.37035256410256406,0.533653687555668,PatchTST-SSL(HoD-cond),Robin_office_Dina,124,office,True
6.0,5.0,0.5,0.8333333333333334,0.625,35.2,0.8333333333333334,0.006100942872989462,0.5,0.3685185185185185,0.4243070362473348,PatchTST-SSL(HoD-cond),Robin_office_Sammie,124,office,True
6.0,4.0,0.6363636363636364,0.6666666666666666,0.6511627906976744,87.5,0.6666666666666666,0.003667481662591687,0.6363636363636364,0.27136752136752135,0.380483629360154,PatchTST-SSL(HoD-cond),Shrew_office_Doris,124,office,True
6.0,5.0,0.8285714285714286,0.8333333333333334,0.8309455587392551,79.2,0.8333333333333334,0.011094674556213017,0.8285714285714286,0.19190290804874136,0.31163011349327124,PatchTST-SSL(HoD-cond),Shrew_office_Ila,124,office,True
6.0,6.0,0.8333333333333334,1.0,0.9090909090909091,38.666666666666664,1.0,0.0039603960396039604,0.8333333333333334,0.4356934731934732,0.5722146962704445,PatchTST-SSL(HoD-cond),Shrew_office_Kenneth,124,office,True
6.0,5.0,0.6,0.8333333333333334,0.6976744186046512,7.0,0.8333333333333334,0.0033159639981051635,0.6,0.46527777777777773,0.5241199478487614,PatchTST-SSL(HoD-cond),Shrew_office_Nora,124,office,True
6.0,3.0,0.7058823529411765,0.5,0.5853658536585366,19.666666666666668,0.5,0.010725552050473186,0.7058823529411765,0.20606060606060606,0.3189992181391712,PatchTST-SSL(HoD-cond),Shrew_office_Sherill,124,office,True
6.0,5.0,0.6666666666666666,0.8333333333333334,0.7407407407407408,14.0,0.8333333333333334,0.003903708523096942,0.6666666666666666,0.31830808080808076,0.43088492928257055,PatchTST-SSL(HoD-cond),Wolf_office_Darleen,124,office,True
6.0,2.0,0.2,0.3333333333333333,0.25,84.0,0.3333333333333333,0.007021650087770626,0.2,0.11284722222222221,0.14428412874583796,PatchTST-SSL(HoD-cond),Wolf_retail_Harriett,124,retail,False
6.0,5.0,0.5,0.8333333333333334,0.625,24.6,0.8333333333333334,0.015176151761517615,0.5,0.32376543209876546,0.39303109778943424,PatchTST-SSL(HoD-cond),Wolf_retail_Marcella,124,retail,False
6.0,4.0,0.5,0.6666666666666666,0.5714285714285715,56.75,0.6666666666666666,0.003244997295835587,0.5,0.2857638888888889,0.3636765355722492,PatchTST-SSL(HoD-cond),Wolf_retail_Toshia,124,retail,False
6.0,4.0,0.7692307692307693,0.6666666666666666,0.7142857142857142,59.0,0.6666666666666666,0.0024479804161566705,0.7692307692307693,0.28520447530864196,0.4161242884584263,PatchTST-SSL(HoW-cond),Fox_education_Henrietta,124,education,False
6.0,6.0,0.3902439024390244,1.0,0.5614035087719299,12.833333333333334,1.0,0.07750144592249855,0.3902439024390244,0.32966269841269835,0.3574043015161853,PatchTST-SSL(HoW-cond),Fox_retail_Manie,124,retail,False
6.0,3.0,0.9090909090909091,0.5,0.6451612903225806,85.33333333333333,0.5,0.0007293946024799417,0.9090909090909091,0.20408249158249156,0.33333447904887276,PatchTST-SSL(HoW-cond),Hog_education_Bruno,124,education,False
6.0,3.0,0.5833333333333334,0.5,0.5384615384615384,52.666666666666664,0.5,0.031578947368421054,0.5833333333333334,0.1015625,0.17300380228136883,PatchTST-SSL(HoW-cond),Hog_education_Caridad,124,education,False
6.0,4.0,0.5909090909090909,0.6666666666666666,0.6265060240963856,10.0,0.6666666666666666,0.00870105655686762,0.5909090909090909,0.38467261904761907,0.4659918186230327,PatchTST-SSL(HoW-cond),Hog_education_Luvenia,124,education,False
6.0,3.0,0.8157894736842105,0.5,0.62,84.33333333333333,0.5,0.02421875,0.8052631578947369,0.12508267195767195,0.21653123857076978,PatchTST-SSL(HoW-cond),Hog_office_Almeda,124,office,True
6.0,5.0,0.6216216216216216,0.8333333333333334,0.7120743034055728,26.6,0.8333333333333334,0.012048192771084338,0.6216216216216216,0.2622685185185185,0.3688960298978631,PatchTST-SSL(HoW-cond),Hog_office_Cortney,124,office,True
6.0,6.0,0.2857142857142857,1.0,0.4444444444444445,0.6666666666666666,1.0,0.010091743119266056,0.2857142857142857,0.7861111111111111,0.4191040355423917,PatchTST-SSL(HoW-cond),Hog_office_Denita,124,office,True
6.0,5.0,0.35,0.8333333333333334,0.49295774647887325,3.6,0.8333333333333334,0.035287421741605006,0.3375,0.5361111111111111,0.4142289348171701,PatchTST-SSL(HoW-cond),Hog_office_Garrett,124,office,True
6.0,4.0,0.8333333333333334,0.6666666666666666,0.7407407407407408,28.75,0.6666666666666666,0.0014094432699083862,0.8333333333333334,0.2303210678210678,0.36089583792614194,PatchTST-SSL(HoW-cond),Hog_office_Lavon,124,office,True
6.0,4.0,0.8,0.6666666666666666,0.7272727272727272,91.5,0.6666666666666666,0.000727802037845706,0.8,0.1125133547008547,0.19728080317288416,PatchTST-SSL(HoW-cond),Hog_office_Merilyn,124,office,True
6.0,6.0,0.6470588235294118,1.0,0.7857142857142858,70.16666666666667,1.0,0.005750798722044728,0.6470588235294118,0.19265321869488536,0.2969064602376379,PatchTST-SSL(HoW-cond),Hog_office_Miriam,124,office,True
6.0,4.0,0.7083333333333334,0.6666666666666666,0.6868686868686869,26.5,0.6666666666666666,0.003986332574031891,0.7083333333333334,0.34861111111111115,0.46725799386771794,PatchTST-SSL(HoW-cond),Hog_office_Napoleon,124,office,True
6.0,5.0,0.6896551724137931,0.8333333333333334,0.7547169811320755,13.6,0.8333333333333334,0.007719714964370546,0.6896551724137931,0.2676767676767677,0.3856649081317082,PatchTST-SSL(HoW-cond),Hog_office_Shawna,124,office,True
6.0,6.0,0.9142857142857143,1.0,0.955223880597015,34.666666666666664,1.0,0.002259036144578313,0.9142857142857143,0.2838556505223172,0.43321293098567626,PatchTST-SSL(HoW-cond),Hog_office_Shawnna,124,office,True
6.0,6.0,0.6410256410256411,1.0,0.7812500000000001,49.666666666666664,1.0,0.015762925598991173,0.6410256410256411,0.3730131172839506,0.4716012492787088,PatchTST-SSL(HoW-cond),Hog_office_Sherrie,124,office,True
6.0,5.0,0.8181818181818182,0.8333333333333334,0.8256880733944955,32.2,0.8333333333333334,0.0040844111640571815,0.8181818181818182,0.4162037037037037,0.5517405980428927,PatchTST-SSL(HoW-cond),Hog_office_Shon,124,office,True
6.0,5.0,0.47058823529411764,0.8333333333333334,0.6015037593984962,44.4,0.8333333333333334,0.017543859649122806,0.47058823529411764,0.28327546296296297,0.35366101465308986,PatchTST-SSL(HoW-cond),Hog_office_Sydney,124,office,True
6.0,5.0,0.6206896551724138,0.8333333333333334,0.7114624505928854,55.8,0.8333333333333334,0.011049723756906077,0.6206896551724138,0.3175154320987654,0.42011825929129504,PatchTST-SSL(HoW-cond),Hog_office_Valda,124,office,True
6.0,5.0,0.6666666666666666,0.8333333333333334,0.7407407407407408,2.0,0.8333333333333334,0.006230529595015576,0.6666666666666666,0.601010101010101,0.6321381142098272,PatchTST-SSL(HoW-cond),Lamb_education_Armando,124,education,False
6.0,5.0,0.8055555555555556,0.8333333333333334,0.8192090395480227,34.6,0.8333333333333334,0.014037985136251032,0.8055555555555556,0.21557589786756456,0.34012929792524155,PatchTST-SSL(HoW-cond),Lamb_education_Eula,124,education,False
6.0,5.0,0.4782608695652174,0.8333333333333334,0.6077348066298343,53.0,0.8333333333333334,0.03083434099153567,0.4782608695652174,0.25984848484848483,0.33673970279798293,PatchTST-SSL(HoW-cond),Lamb_education_Lazaro,124,education,False
6.0,6.0,0.5581395348837209,1.0,0.7164179104477612,52.666666666666664,1.0,0.017467248908296942,0.5581395348837209,0.18964120370370374,0.28309435578648423,PatchTST-SSL(HoW-cond),Lamb_education_Lucas,124,education,False
6.0,6.0,0.3111111111111111,1.0,0.4745762711864407,18.666666666666668,1.0,0.03571428571428571,0.3111111111111111,0.5229166666666667,0.39011934499028594,PatchTST-SSL(HoW-cond),Lamb_education_Mae,124,education,False
,,,,,,,,0.0,,,PatchTST-SSL(HoW-cond),Lamb_education_Willetta,124,education,False
6.0,5.0,0.45161290322580644,0.8333333333333334,0.5857740585774058,48.2,0.8333333333333334,0.030498533724340176,0.45161290322580644,0.2915509259259259,0.35434491004727475,PatchTST-SSL(HoW-cond),Lamb_education_Williams,124,education,False
6.0,6.0,0.46875,1.0,0.6382978723404256,26.0,1.0,0.027064538514920196,0.46875,0.2202651515151515,0.2997010720175921,PatchTST-SSL(HoW-cond),Lamb_office_Caitlin,124,office,True
6.0,4.0,0.14814814814814814,0.6666666666666666,0.24242424242424243,1.75,0.6666666666666666,0.0326197757390418,0.14814814814814814,0.4166666666666667,0.21857923497267756,PatchTST-SSL(HoW-cond),Lamb_office_Velma,124,office,True
6.0,4.0,0.40350877192982454,0.6666666666666666,0.5027322404371585,29.0,0.6666666666666666,0.059349074664964904,0.40350877192982454,0.23958333333333334,0.30065359477124187,PatchTST-SSL(HoW-cond),Rat_retail_Jeffrey,124,retail,False
6.0,4.0,0.46938775510204084,0.6666666666666666,0.5508982035928144,74.75,0.6666666666666666,0.026200873362445413,0.46938775510204084,0.35076728826728826,0.40149937828004106,PatchTST-SSL(HoW-cond),Robin_education_Zenia,124,education,False
6.0,5.0,0.7916666666666666,0.8333333333333334,0.811965811965812,53.8,0.8333333333333334,0.004917025199754148,0.7916666666666666,0.39866452991452994,0.5302884111953806,PatchTST-SSL(HoW-cond),Robin_office_Dina,124,office,True
6.0,5.0,0.72,0.8333333333333334,0.7725321888412018,25.2,0.8333333333333334,0.004437049362174155,0.72,0.39699074074074076,0.511791768558047,PatchTST-SSL(HoW-cond),Robin_office_Sammie,124,office,True
6.0,5.0,0.6666666666666666,0.8333333333333334,0.7407407407407408,25.4,0.8333333333333334,0.006723716381418093,0.6666666666666666,0.28044871794871795,0.3948110547095319,PatchTST-SSL(HoW-cond),Shrew_office_Doris,124,office,True
6.0,6.0,0.7837837837837838,1.0,0.8787878787878788,62.5,1.0,0.014053254437869823,0.7702702702702703,0.26705046496713164,0.39660064016546814,PatchTST-SSL(HoW-cond),Shrew_office_Ila,124,office,True
6.0,6.0,0.8363636363636363,1.0,0.9108910891089108,9.833333333333334,1.0,0.007920792079207921,0.8363636363636363,0.44456827894327894,0.5805472374381971,PatchTST-SSL(HoW-cond),Shrew_office_Kenneth,124,office,True
6.0,5.0,0.34782608695652173,0.8333333333333334,0.49079754601227,2.2,0.8333333333333334,0.009474182851729039,0.34782608695652173,0.5439814814814814,0.42433133957792574,PatchTST-SSL(HoW-cond),Shrew_office_Nora,124,office,True
6.0,4.0,0.7906976744186046,0.6666666666666666,0.7234042553191489,25.5,0.6666666666666666,0.008832807570977918,0.7906976744186046,0.25517676767676767,0.38583537114348526,PatchTST-SSL(HoW-cond),Shrew_office_Sherill,124,office,True
6.0,5.0,0.5454545454545454,0.8333333333333334,0.6593406593406592,12.2,0.8333333333333334,0.025374105400130124,0.5454545454545454,0.32840909090909093,0.40997753871616033,PatchTST-SSL(HoW-cond),Wolf_office_Darleen,124,office,True
6.0,4.0,0.3225806451612903,0.6666666666666666,0.4347826086956521,21.0,0.6666666666666666,0.016968987712112346,0.29838709677419356,0.1251736111111111,0.17636286707831444,PatchTST-SSL(HoW-cond),Wolf_retail_Harriett,124,retail,False
6.0,5.0,0.3448275862068966,0.8333333333333334,0.4878048780487806,19.8,0.8333333333333334,0.024932249322493227,0.3448275862068966,0.40324074074074073,0.37175355854798436,PatchTST-SSL(HoW-cond),Wolf_retail_Marcella,124,retail,False
6.0,4.0,0.28205128205128205,0.6666666666666666,0.3963963963963964,7.75,0.6666666666666666,0.0319091400757166,0.2615384615384615,0.3326388888888889,0.2928346669064101,PatchTST-SSL(HoW-cond),Wolf_retail_Toshia,124,retail,False
6.0,5.0,0.7647058823529411,0.8333333333333334,0.7975460122699386,29.8,0.8333333333333334,0.00795593635250918,0.7581699346405228,0.31149691358024695,0.4415722428019336,HOW-profile(HoW-cond),Fox_education_Henrietta,124,education,False
6.0,6.0,0.4067796610169492,1.0,0.5783132530120482,4.666666666666667,1.0,0.10179294389820706,0.3966101694915254,0.3643849206349206,0.37981523667691164,HOW-profile(HoW-cond),Fox_retail_Manie,124,retail,False
6.0,3.0,0.9375,0.5,0.6521739130434783,51.0,0.5,0.0007293946024799417,0.9375,0.24354657687991021,0.3866484528122587,HOW-profile(HoW-cond),Hog_education_Bruno,124,education,False
6.0,3.0,0.5714285714285714,0.5,0.5333333333333333,66.66666666666667,0.5,0.019814241486068113,0.5714285714285714,0.19305555555555554,0.2886062808201401,HOW-profile(HoW-cond),Hog_education_Caridad,124,education,False
6.0,4.0,0.5357142857142857,0.6666666666666666,0.594059405940594,12.25,0.6666666666666666,0.018645121193287758,0.5357142857142857,0.4150545634920635,0.46772811120013413,HOW-profile(HoW-cond),Hog_education_Luvenia,124,education,False
6.0,3.0,0.7021276595744681,0.5,0.584070796460177,33.0,0.5,0.03515625,0.6869300911854103,0.13186177248677247,0.22125236807305063,HOW-profile(HoW-cond),Hog_office_Almeda,124,office,True
6.0,4.0,0.3793103448275862,0.6666666666666666,0.48351648351648346,31.0,0.6666666666666666,0.018072289156626505,0.3793103448275862,0.29212962962962963,0.3300601535937611,HOW-profile(HoW-cond),Hog_office_Cortney,124,office,True
6.0,6.0,0.25,1.0,0.4,0.6666666666666666,1.0,0.011467889908256881,0.25,0.7861111111111111,0.3793565683646113,HOW-profile(HoW-cond),Hog_office_Denita,124,office,True
6.0,6.0,0.38181818181818183,1.0,0.5526315789473685,13.0,1.0,0.06374501992031872,0.3666666666666667,0.54375,0.4379862700228833,HOW-profile(HoW-cond),Hog_office_Garrett,124,office,True
6.0,4.0,0.6842105263157895,0.6666666666666666,0.6753246753246753,6.0,0.6666666666666666,0.05637773079633545,0.6559308719560095,0.374585137085137,0.4768522826125351,HOW-profile(HoW-cond),Hog_office_Lavon,124,office,True
6.0,3.0,0.8,0.5,0.6153846153846154,72.33333333333333,0.5,0.000727802037845706,0.8,0.22329059829059827,0.34913343077886827,HOW-profile(HoW-cond),Hog_office_Merilyn,124,office,True
6.0,5.0,0.6666666666666666,0.8333333333333334,0.7407407407407408,45.4,0.8333333333333334,0.005111821086261981,0.6666666666666666,0.1957120811287478,0.3025926162629684,HOW-profile(HoW-cond),Hog_office_Miriam,124,office,True
6.0,4.0,0.4473684210526316,0.6666666666666666,0.5354330708661418,14.25,0.6666666666666666,0.015945330296127564,0.4473684210526316,0.35833333333333334,0.3979314099074578,HOW-profile(HoW-cond),Hog_office_Napoleon,124,office,True
6.0,5.0,0.6545454545454545,0.8333333333333334,0.7331975560081467,28.6,0.8333333333333334,0.020190023752969122,0.6424242424242425,0.3498526936026936,0.4530062999301436,HOW-profile(HoW-cond),Hog_office_Shawna,124,office,True
6.0,6.0,0.9183673469387755,1.0,0.9574468085106383,19.166666666666668,1.0,0.005271084337349397,0.91156462585034,0.4084283000949667,0.5641072512508073,HOW-profile(HoW-cond),Hog_office_Shawnna,124,office,True
6.0,6.0,0.4857142857142857,1.0,0.6538461538461539,69.0,1.0,0.018915510718789406,0.4857142857142857,0.35304783950617286,0.4088891809311036,HOW-profile(HoW-cond),Hog_office_Sherrie,124,office,True
6.0,6.0,0.8181818181818182,1.0,0.9,26.666666666666668,1.0,0.0040844111640571815,0.8181818181818182,0.4181382275132275,0.5534377549395197,HOW-profile(HoW-cond),Hog_office_Shon,124,office,True
6.0,5.0,0.43902439024390244,0.8333333333333334,0.5750798722044728,19.6,0.8333333333333334,0.019883040935672516,0.43902439024390244,0.2899305555555556,0.3492303223932617,HOW-profile(HoW-cond),Hog_office_Sydney,124,office,True
6.0,5.0,0.75,0.8333333333333334,0.7894736842105262,29.6,0.8333333333333334,0.009668508287292817,0.75,0.3488618827160494,0.47621346440796974,HOW-profile(HoW-cond),Hog_office_Valda,124,office,True
6.0,5.0,0.42105263157894735,0.8333333333333334,0.5594405594405594,3.0,0.8333333333333334,0.02699896157840083,0.42105263157894735,0.6672979797979798,0.5163181193710884,HOW-profile(HoW-cond),Lamb_education_Armando,124,education,False
6.0,5.0,0.8125,0.8333333333333334,0.8227848101265822,29.0,0.8333333333333334,0.028901734104046242,0.8125,0.24458999719416386,0.3759932895926476,HOW-profile(HoW-cond),Lamb_education_Eula,124,education,False
6.0,5.0,0.28,0.8333333333333334,0.41916167664670667,85.4,0.8333333333333334,0.022974607013301087,0.28,0.3109848484848485,0.29468016920907575,HOW-profile(HoW-cond),Lamb_education_Lazaro,124,education,False
6.0,6.0,0.6133333333333333,1.0,0.7603305785123966,45.333333333333336,1.0,0.03129548762736536,0.6133333333333333,0.21608796296296295,0.319581740206339,HOW-profile(HoW-cond),Lamb_education_Lucas,124,education,False
6.0,6.0,0.30158730158730157,1.0,0.46341463414634143,12.333333333333334,1.0,0.06428571428571428,0.2857142857142857,0.5958333333333333,0.38622552329507087,HOW-profile(HoW-cond),Lamb_education_Mae,124,education,False
,,,,,,,,0.0,,,HOW-profile(HoW-cond),Lamb_education_Willetta,124,education,False
6.0,5.0,0.37254901960784315,0.8333333333333334,0.5149051490514904,39.8,0.8333333333333334,0.05747800586510264,0.37254901960784315,0.3846257716049382,0.37849108499192496,HOW-profile(HoW-cond),Lamb_education_Williams,124,education,False
6.0,5.0,0.7142857142857143,0.8333333333333334,0.7692307692307692,37.4,0.8333333333333334,0.05065926439972242,0.642977392977393,0.3929292929292929,0.48777492380213344,HOW-profile(HoW-cond),Lamb_office_Caitlin,124,office,True
6.0,4.0,0.10810810810810811,0.6666666666666666,0.18604651162790697,1.75,0.6666666666666666,0.047910295616717634,0.0945945945945946,0.4166666666666667,0.15418502202643175,HOW-profile(HoW-cond),Lamb_office_Velma,124,office,True
6.0,4.0,0.48484848484848486,0.6666666666666666,0.5614035087719298,28.5,0.6666666666666666,0.09380982769623485,0.48484848484848486,0.27899305555555554,0.35418173302752926,HOW-profile(HoW-cond),Rat_retail_Jeffrey,124,retail,False
6.0,4.0,0.5064935064935064,0.6666666666666666,0.5756457564575646,15.0,0.6666666666666666,0.045539613225202745,0.5064935064935064,0.33112859362859365,0.4004538143460208,HOW-profile(HoW-cond),Robin_education_Zenia,124,education,False
6.0,5.0,0.7333333333333333,0.8333333333333334,0.7801418439716311,47.6,0.8333333333333334,0.004917025199754148,0.7333333333333333,0.39866452991452994,0.5165274566246677,HOW-profile(HoW-cond),Robin_office_Dina,124,office,True
6.0,5.0,0.5625,0.8333333333333334,0.6716417910447761,11.4,0.8333333333333334,0.014975041597337771,0.5625,0.4002314814814814,0.46769055061312814,HOW-profile(HoW-cond),Robin_office_Sammie,124,office,True
6.0,5.0,0.84,0.8333333333333334,0.8366533864541832,32.2,0.8333333333333334,0.003056234718826406,0.84,0.3314102564102564,0.4752982379336762,HOW-profile(HoW-cond),Shrew_office_Doris,124,office,True
6.0,5.0,0.43478260869565216,0.8333333333333334,0.5714285714285714,64.8,0.8333333333333334,0.03920118343195266,0.43478260869565216,0.28697691197691194,0.34574554779263955,HOW-profile(HoW-cond),Shrew_office_Ila,124,office,True
6.0,6.0,0.675,1.0,0.8059701492537313,4.833333333333333,1.0,0.033003300330033,0.675,0.5857711732711732,0.627228081257848,HOW-profile(HoW-cond),Shrew_office_Kenneth,124,office,True
6.0,5.0,0.12280701754385964,0.8333333333333334,0.21406727828746175,2.0,0.8333333333333334,0.030791094268119375,0.12280701754385964,0.5717592592592592,0.20218675086242177,HOW-profile(HoW-cond),Shrew_office_Nora,124,office,True
6.0,4.0,0.4107142857142857,0.6666666666666666,0.5082872928176795,23.75,0.6666666666666666,0.030914826498422712,0.4107142857142857,0.35063131313131307,0.3783020208960174,HOW-profile(HoW-cond),Shrew_office_Sherill,124,office,True
6.0,6.0,0.6744186046511628,1.0,0.8055555555555556,29.166666666666668,1.0,0.04033832140533507,0.6744186046511628,0.3750210437710437,0.4820118421009678,HOW-profile(HoW-cond),Wolf_office_Darleen,124,office,True
6.0,5.0,0.3333333333333333,0.8333333333333334,0.47619047619047616,37.0,0.8333333333333334,0.03218256290228204,0.3206349206349206,0.15810185185185185,0.21177806942813504,HOW-profile(HoW-cond),Wolf_retail_Harriett,124,retail,False
6.0,6.0,0.2894736842105263,1.0,0.4489795918367347,34.666666666666664,1.0,0.05094850948509485,0.2894736842105263,0.39922839506172836,0.3356055334756407,HOW-profile(HoW-cond),Wolf_retail_Marcella,124,retail,False
6.0,5.0,0.48717948717948717,0.8333333333333334,0.6148867313915858,23.4,0.8333333333333334,0.04002163331530557,0.4508547008547008,0.37916666666666665,0.4119148753593341,HOW-profile(HoW-cond),Wolf_retail_Toshia,124,retail,False
6.0,5.0,0.6428571428571429,0.8333333333333334,0.7258064516129034,25.0,0.8333333333333334,0.004283965728274173,0.6428571428571429,0.30223765432098765,0.41116644700777943,HOW-profile(global-MAD),Fox_education_Henrietta,124,education,False
6.0,6.0,0.3584905660377358,1.0,0.5277777777777778,4.333333333333333,1.0,0.1006362058993638,0.3490566037735849,0.3601686507936508,0.35452557624575576,HOW-profile(global-MAD),Fox_retail_Manie,124,retail,False
6.0,2.0,0.375,0.3333333333333333,0.35294117647058826,13.0,0.3333333333333333,0.009482129832239242,0.375,0.2340909090909091,0.2882462686567164,HOW-profile(global-MAD),Hog_education_Bruno,124,education,False
6.0,4.0,0.3404255319148936,0.6666666666666666,0.4507042253521127,70.0,0.6666666666666666,0.10959752321981424,0.3404255319148936,0.20453869047619047,0.25554041767007607,HOW-profile(global-MAD),Hog_education_Caridad,124,education,False
6.0,6.0,0.45454545454545453,1.0,0.625,31.666666666666668,1.0,0.036668738346799255,0.45454545454545453,0.5102458112874779,0.48078775676176755,HOW-profile(global-MAD),Hog_education_Luvenia,124,education,False
6.0,2.0,0.5757575757575758,0.3333333333333333,0.4222222222222222,78.5,0.3333333333333333,0.046875,0.5757575757575758,0.04183201058201058,0.07799709559390236,HOW-profile(global-MAD),Hog_office_Almeda,124,office,True
6.0,6.0,0.35714285714285715,1.0,0.5263157894736842,14.333333333333334,1.0,0.0749665327978581,0.3501984126984127,0.2931712962962963,0.31915746475575313,HOW-profile(global-MAD),Hog_office_Cortney,124,office,True
6.0,6.0,0.06451612903225806,1.0,0.12121212121212122,0.5,1.0,0.09174311926605505,0.053763440860215055,0.8416666666666667,0.10107074952466728,HOW-profile(global-MAD),Hog_office_Denita,124,office,True
6.0,4.0,0.5,0.6666666666666666,0.5714285714285715,19.25,0.6666666666666666,0.0022766078542970974,0.5,0.4680555555555555,0.4835007173601148,HOW-profile(global-MAD),Hog_office_Garrett,124,office,True
6.0,4.0,0.6,0.6666666666666666,0.631578947368421,2.5,0.6666666666666666,0.05919661733615222,0.5749103942652329,0.3773809523809524,0.45565935863141244,HOW-profile(global-MAD),Hog_office_Lavon,124,office,True
6.0,3.0,0.75,0.5,0.6,73.0,0.5,0.000727802037845706,0.75,0.11164529914529914,0.19435833849969,HOW-profile(global-MAD),Hog_office_Merilyn,124,office,True
6.0,5.0,0.5,0.8333333333333334,0.625,24.4,0.8333333333333334,0.012140575079872205,0.5,0.19973544973544974,0.28544423440453687,HOW-profile(global-MAD),Hog_office_Miriam,124,office,True
6.0,4.0,0.56,0.6666666666666666,0.6086956521739131,49.75,0.6666666666666666,0.007403189066059226,0.56,0.3507716049382716,0.43135314649767864,HOW-profile(global-MAD),Hog_office_Napoleon,124,office,True
6.0,5.0,0.4,0.8333333333333334,0.5405405405405406,9.2,0.8333333333333334,0.0344418052256532,0.38666666666666666,0.2534196127946128,0.3061740896234221,HOW-profile(global-MAD),Hog_office_Shawna,124,office,True
6.0,5.0,0.9655172413793104,0.8333333333333334,0.8945686900958466,60.4,0.8333333333333334,0.0007530120481927711,0.9655172413793104,0.26513532763532766,0.41602762075348376,HOW-profile(global-MAD),Hog_office_Shawnna,124,office,True
6.0,6.0,0.4186046511627907,1.0,0.5901639344262295,45.166666666666664,1.0,0.031525851197982346,0.4186046511627907,0.34706790123456793,0.37949443863752486,HOW-profile(global-MAD),Hog_office_Sherrie,124,office,True
6.0,5.0,0.26229508196721313,0.8333333333333334,0.39900249376558605,40.4,0.8333333333333334,0.10347174948944861,0.2465846994535519,0.4038359788359789,0.3062011304181614,HOW-profile(global-MAD),Hog_office_Shon,124,office,True
6.0,4.0,0.35294117647058826,0.6666666666666666,0.46153846153846156,20.0,0.6666666666666666,0.0152046783625731,0.35294117647058826,0.26186342592592593,0.30065612801417463,HOW-profile(global-MAD),Hog_office_Sydney,124,office,True
6.0,5.0,0.6333333333333333,0.8333333333333334,0.7196969696969696,36.2,0.8333333333333334,0.029696132596685083,0.6242424242424243,0.30951003086419754,0.4138340754819271,HOW-profile(global-MAD),Hog_office_Valda,124,office,True
6.0,5.0,0.2631578947368421,0.8333333333333334,0.39999999999999997,0.2,0.8333333333333334,0.07424714434060228,0.2631578947368421,0.6060606060606061,0.3669724770642202,HOW-profile(global-MAD),Lamb_education_Armando,124,education,False
6.0,4.0,0.7441860465116279,0.6666666666666666,0.7032967032967034,21.75,0.6666666666666666,0.014037985136251032,0.7441860465116279,0.212866512345679,0.3310419825769845,HOW-profile(global-MAD),Lamb_education_Eula,124,education,False
6.0,6.0,0.5833333333333334,1.0,0.7368421052631579,54.333333333333336,1.0,0.060459492140266025,0.5833333333333334,0.2907828282828283,0.3881024603977081,HOW-profile(global-MAD),Lamb_education_Lazaro,124,education,False
6.0,5.0,0.42045454545454547,0.8333333333333334,0.5589123867069486,27.4,0.8333333333333334,0.08442503639010189,0.40936147186147187,0.3020833333333333,0.3476342143626798,HOW-profile(global-MAD),Lamb_education_Lucas,124,education,False
6.0,6.0,0.2111111111111111,1.0,0.3486238532110092,4.0,1.0,0.18516483516483517,0.201010101010101,0.5833333333333334,0.2989911998282893,HOW-profile(global-MAD),Lamb_education_Mae,124,education,False
,,,,,,,,0.0,,,HOW-profile(global-MAD),Lamb_education_Willetta,124,education,False
6.0,4.0,0.24242424242424243,0.6666666666666666,0.3555555555555555,3.5,0.6666666666666666,0.08914956011730206,0.24242424242424243,0.33871527777777777,0.2825923612431312,HOW-profile(global-MAD),Lamb_education_Williams,124,education,False
6.0,3.0,0.5714285714285714,0.5,0.5333333333333333,0.6666666666666666,0.5,0.011103400416377515,0.5714285714285714,0.23055555555555554,0.3285502226620485,HOW-profile(global-MAD),Lamb_office_Caitlin,124,office,True
6.0,5.0,0.17857142857142858,0.8333333333333334,0.29411764705882354,8.4,0.8333333333333334,0.0417940876656473,0.17857142857142858,0.45115740740740745,0.2558682980622801,HOW-profile(global-MAD),Lamb_office_Velma,124,office,True
6.0,5.0,0.37037037037037035,0.8333333333333334,0.5128205128205128,55.4,0.8333333333333334,0.03765156349712827,0.37037037037037035,0.2881944444444445,0.32415543839093924,HOW-profile(global-MAD),Rat_retail_Jeffrey,124,retail,False
6.0,3.0,0.35294117647058826,0.5,0.41379310344827586,16.666666666666668,0.5,0.029320024953212728,0.35294117647058826,0.32146464646464645,0.3364683597277593,HOW-profile(global-MAD),Robin_education_Zenia,124,education,False
6.0,5.0,0.45,0.8333333333333334,0.5844155844155844,11.2,0.8333333333333334,0.011677934849416103,0.45,0.47152777777777777,0.46051243406179354,HOW-profile(global-MAD),Robin_office_Dina,124,office,True
6.0,5.0,0.4117647058823529,0.8333333333333334,0.5511811023622047,24.4,0.8333333333333334,0.026622296173044926,0.4117647058823529,0.3909722222222222,0.4010991807032721,HOW-profile(global-MAD),Robin_office_Sammie,124,office,True
6.0,5.0,0.5454545454545454,0.8333333333333334,0.6593406593406592,78.6,0.8333333333333334,0.014058679706601468,0.5454545454545454,0.30683760683760686,0.39274318534050506,HOW-profile(global-MAD),Shrew_office_Doris,124,office,True
6.0,2.0,0.4864864864864865,0.3333333333333333,0.3956043956043956,4.5,0.3333333333333333,0.053994082840236685,0.4864864864864865,0.18813131313131315,0.27133390662147805,HOW-profile(global-MAD),Shrew_office_Ila,124,office,True
6.0,6.0,0.6607142857142857,1.0,0.7956989247311829,7.166666666666667,1.0,0.02442244224422442,0.6607142857142857,0.5255827505827505,0.5854520765203721,HOW-profile(global-MAD),Shrew_office_Kenneth,124,office,True
6.0,5.0,0.14,0.8333333333333334,0.2397260273972603,2.0,0.8333333333333334,0.031264803410705824,0.14,0.5601851851851851,0.22401481089658823,HOW-profile(global-MAD),Shrew_office_Nora,124,office,True
6.0,4.0,0.38235294117647056,0.6666666666666666,0.485981308411215,29.25,0.6666666666666666,0.025867507886435333,0.38235294117647056,0.3517676767676768,0.36642318042937216,HOW-profile(global-MAD),Shrew_office_Sherill,124,office,True
6.0,5.0,0.4074074074074074,0.8333333333333334,0.5472636815920399,8.2,0.8333333333333334,0.04229017566688354,0.4074074074074074,0.3309553872053872,0.3652233759680962,HOW-profile(global-MAD),Wolf_office_Darleen,124,office,True
6.0,3.0,0.4782608695652174,0.5,0.4888888888888889,9.0,0.5,0.016383850204798128,0.4782608695652174,0.13194444444444445,0.20682830282038597,HOW-profile(global-MAD),Wolf_retail_Harriett,124,retail,False
6.0,6.0,0.24074074074074073,1.0,0.3880597014925373,39.5,1.0,0.08997289972899729,0.24074074074074073,0.409104938271605,0.3031126590851122,HOW-profile(global-MAD),Wolf_retail_Marcella,124,retail,False
6.0,5.0,0.1951219512195122,0.8333333333333334,0.31620553359683795,29.4,0.8333333333333334,0.062195781503515415,0.17260787992495308,0.39201388888888883,0.23968146465339893,HOW-profile(global-MAD),Wolf_retail_Toshia,124,retail,False
6.0,5.0,0.6451612903225806,0.8333333333333334,0.7272727272727272,24.8,0.8333333333333334,0.016523867809057527,0.6419354838709677,0.3853780864197531,0.4816209491112303,TOWT(HoW-cond),Fox_education_Henrietta,124,education,False
6.0,6.0,0.38,1.0,0.5507246376811594,8.666666666666666,1.0,0.0896471949103528,0.368,0.3504960317460317,0.35903480042637564,TOWT(HoW-cond),Fox_retail_Manie,124,retail,False
6.0,3.0,0.7741935483870968,0.5,0.6075949367088608,73.0,0.5,0.013858497447118891,0.7741935483870968,0.15725308641975308,0.2614091251623385,TOWT(HoW-cond),Hog_education_Bruno,124,education,False
6.0,1.0,0.25,0.16666666666666666,0.2,2.0,0.16666666666666666,0.004953560371517028,0.25,0.08333333333333333,0.125,TOWT(HoW-cond),Hog_education_Caridad,124,education,False
6.0,4.0,0.5172413793103449,0.6666666666666666,0.5825242718446603,11.75,0.6666666666666666,0.015537600994406464,0.5172413793103449,0.42013888888888884,0.4636607484991697,TOWT(HoW-cond),Hog_education_Luvenia,124,education,False
6.0,4.0,0.6382978723404256,0.6666666666666666,0.6521739130434782,105.25,0.6666666666666666,0.04609375,0.6228239845261122,0.13430059523809523,0.22095605950732436,TOWT(HoW-cond),Hog_office_Almeda,124,office,True
6.0,4.0,0.3333333333333333,0.6666666666666666,0.4444444444444444,31.0,0.6666666666666666,0.0214190093708166,0.3333333333333333,0.29212962962962963,0.3113742906489021,TOWT(HoW-cond),Hog_office_Cortney,124,office,True
6.0,6.0,0.2857142857142857,1.0,0.4444444444444445,0.6666666666666666,1.0,0.008256880733944955,0.2857142857142857,0.7861111111111111,0.4191040355423917,TOWT(HoW-cond),Hog_office_Denita,124,office,True
6.0,4.0,1.0,0.6666666666666666,0.8,19.25,0.6666666666666666,0.0,1.0,0.4680555555555555,0.6376537369914853,TOWT(HoW-cond),Hog_office_Garrett,124,office,True
6.0,4.0,0.7777777777777778,0.6666666666666666,0.717948717948718,59.0,0.6666666666666666,0.0014094432699083862,0.7777777777777778,0.15086580086580084,0.2527128169269417,TOWT(HoW-cond),Hog_office_Lavon,124,office,True
6.0,4.0,0.5625,0.6666666666666666,0.6101694915254238,12.25,0.6666666666666666,0.016739446870451237,0.5625,0.12299679487179487,0.20185563997662184,TOWT(HoW-cond),Hog_office_Merilyn,124,office,True
6.0,6.0,0.6774193548387096,1.0,0.8076923076923077,47.666666666666664,1.0,0.008945686900958467,0.6774193548387096,0.20618386243386244,0.3161440255938189,TOWT(HoW-cond),Hog_office_Miriam,124,office,True
6.0,4.0,0.42105263157894735,0.6666666666666666,0.5161290322580646,14.25,0.6666666666666666,0.01651480637813212,0.42105263157894735,0.35540123456790124,0.3854514262999885,TOWT(HoW-cond),Hog_office_Napoleon,124,office,True
6.0,5.0,0.6724137931034483,0.8333333333333334,0.7442748091603054,12.8,0.8333333333333334,0.019596199524940617,0.6609195402298851,0.34033038720538716,0.44930041316299496,TOWT(HoW-cond),Hog_office_Shawna,124,office,True
6.0,4.0,1.0,0.6666666666666666,0.8,22.0,0.6666666666666666,0.0,1.0,0.311372269705603,0.4748800579342808,TOWT(HoW-cond),Hog_office_Shawnna,124,office,True
6.0,6.0,0.5151515151515151,1.0,0.6799999999999999,57.666666666666664,1.0,0.014501891551071878,0.5151515151515151,0.36722608024691356,0.4287893813915989,TOWT(HoW-cond),Hog_office_Sherrie,124,office,True
6.0,5.0,0.9736842105263158,0.8333333333333334,0.8980582524271845,37.8,0.8333333333333334,0.0006807351940095302,0.9736842105263158,0.3949404761904762,0.5619470545820792,TOWT(HoW-cond),Hog_office_Shon,124,office,True
6.0,5.0,0.3611111111111111,0.8333333333333334,0.5038759689922481,39.6,0.8333333333333334,0.018128654970760234,0.3611111111111111,0.28559027777777773,0.3189410887397464,TOWT(HoW-cond),Hog_office_Sydney,124,office,True
6.0,5.0,0.8214285714285714,0.8333333333333334,0.827338129496403,20.6,0.8333333333333334,0.003453038674033149,0.8214285714285714,0.32860725308641975,0.46942430959084647,TOWT(HoW-cond),Hog_office_Valda,124,office,True
6.0,5.0,0.6666666666666666,0.8333333333333334,0.7407407407407408,14.0,0.8333333333333334,0.004153686396677051,0.6666666666666666,0.5940656565656566,0.628275746953764,TOWT(HoW-cond),Lamb_education_Armando,124,education,False
6.0,5.0,0.8169014084507042,0.8333333333333334,0.8250355618776672,29.0,0.8333333333333334,0.028901734104046242,0.8169014084507042,0.26881663860830524,0.404518818286113,TOWT(HoW-cond),Lamb_education_Eula,124,education,False
6.0,5.0,0.4583333333333333,0.8333333333333334,0.5913978494623655,55.4,0.8333333333333334,0.05259975816203144,0.4583333333333333,0.25858585858585853,0.33063285194317243,TOWT(HoW-cond),Lamb_education_Lazaro,124,education,False
6.0,6.0,0.6041666666666666,1.0,0.7532467532467533,61.5,1.0,0.020378457059679767,0.6041666666666666,0.19496527777777775,0.29479868201897313,TOWT(HoW-cond),Lamb_education_Lucas,124,education,False
6.0,5.0,0.8214285714285714,0.8333333333333334,0.827338129496403,8.4,0.8333333333333334,0.0032967032967032967,0.8214285714285714,0.50625,0.6264290517821116,TOWT(HoW-cond),Lamb_education_Mae,124,education,False
,,,,,,,,0.0,,,TOWT(HoW-cond),Lamb_education_Willetta,124,education,False
6.0,4.0,0.3541666666666667,0.6666666666666666,0.46258503401360546,3.5,0.6666666666666666,0.04105571847507331,0.3541666666666667,0.3595486111111111,0.35683734695532315,TOWT(HoW-cond),Lamb_education_Williams,124,education,False
6.0,3.0,0.46153846153846156,0.5,0.48000000000000004,1.0,0.5,0.018043025676613464,0.4538461538461539,0.19974747474747476,0.27740363182453115,TOWT(HoW-cond),Lamb_office_Caitlin,124,office,True
6.0,4.0,0.19047619047619047,0.6666666666666666,0.2962962962962963,1.75,0.6666666666666666,0.027522935779816515,0.19047619047619047,0.4166666666666667,0.261437908496732,TOWT(HoW-cond),Lamb_office_Velma,124,office,True
6.0,5.0,0.5555555555555556,0.8333333333333334,0.6666666666666667,53.2,0.8333333333333334,0.01914486279514997,0.5555555555555556,0.2659722222222222,0.359725744341129,TOWT(HoW-cond),Rat_retail_Jeffrey,124,retail,False
6.0,4.0,0.5161290322580645,0.6666666666666666,0.5818181818181819,41.25,0.6666666666666666,0.06238303181534623,0.510752688172043,0.2863344988344988,0.3669513633642557,TOWT(HoW-cond),Robin_education_Zenia,124,education,False
6.0,6.0,0.6785714285714286,1.0,0.8085106382978724,46.333333333333336,1.0,0.007990165949600492,0.6785714285714286,0.4344017094017094,0.5297029702970297,TOWT(HoW-cond),Robin_office_Dina,124,office,True
6.0,5.0,0.75,0.8333333333333334,0.7894736842105262,20.8,0.8333333333333334,0.004437049362174155,0.75,0.3800925925925926,0.5045063498566161,TOWT(HoW-cond),Robin_office_Sammie,124,office,True
6.0,5.0,0.8333333333333334,0.8333333333333334,0.8333333333333334,78.2,0.8333333333333334,0.004278728606356968,0.8333333333333334,0.3085470085470085,0.4503493013972056,TOWT(HoW-cond),Shrew_office_Doris,124,office,True
6.0,5.0,0.7391304347826086,0.8333333333333334,0.783410138248848,44.0,0.8333333333333334,0.015532544378698224,0.7391304347826086,0.2786458333333333,0.40471687618200025,TOWT(HoW-cond),Shrew_office_Ila,124,office,True
6.0,6.0,1.0,1.0,1.0,61.666666666666664,1.0,0.0,1.0,0.35552156177156174,0.5245531635910278,TOWT(HoW-cond),Shrew_office_Kenneth,124,office,True
6.0,5.0,0.15217391304347827,0.8333333333333334,0.2573529411764706,2.0,0.8333333333333334,0.023685457129322594,0.15217391304347827,0.5671296296296295,0.23996082272282077,TOWT(HoW-cond),Shrew_office_Nora,124,office,True
6.0,4.0,0.574468085106383,0.6666666666666666,0.6171428571428571,19.5,0.6666666666666666,0.015141955835962145,0.574468085106383,0.35164141414141414,0.43624813262360945,TOWT(HoW-cond),Shrew_office_Sherill,124,office,True
6.0,6.0,0.6764705882352942,1.0,0.8070175438596492,41.333333333333336,1.0,0.03903708523096942,0.6764705882352942,0.35625,0.4667141331434675,TOWT(HoW-cond),Wolf_office_Darleen,124,office,True
6.0,5.0,0.29508196721311475,0.8333333333333334,0.4358353510895884,42.0,0.8333333333333334,0.032767700409596257,0.2810304449648712,0.1519675925925926,0.19726426663478253,TOWT(HoW-cond),Wolf_retail_Harriett,124,retail,False
6.0,6.0,0.2222222222222222,1.0,0.3636363636363636,34.666666666666664,1.0,0.05907859078590786,0.2222222222222222,0.40154320987654324,0.2861069877398428,TOWT(HoW-cond),Wolf_retail_Marcella,124,retail,False
6.0,5.0,0.45,0.8333333333333334,0.5844155844155844,16.8,0.8333333333333334,0.047593293672255274,0.41428571428571426,0.41111111111111104,0.41269230769230764,TOWT(HoW-cond),Wolf_retail_Toshia,124,retail,False
6.0,4.0,0.7272727272727273,0.6666666666666666,0.6956521739130435,30.0,0.6666666666666666,0.011627906976744186,0.7222222222222222,0.2787422839506173,0.4022397807327467,HOW-profile+z,Fox_education_Henrietta,124,education,False
6.0,6.0,0.417910447761194,1.0,0.5894736842105264,4.666666666666667,1.0,0.10410641989589357,0.408955223880597,0.36165674603174597,0.3838544463776358,HOW-profile+z,Fox_retail_Manie,124,retail,False
6.0,3.0,0.6,0.5,0.5454545454545454,75.0,0.5,0.00437636761487965,0.6,0.2373877665544332,0.3401832833520414,HOW-profile+z,Hog_education_Bruno,124,education,False
6.0,3.0,0.6785714285714286,0.5,0.5757575757575758,44.666666666666664,0.5,0.0173374613003096,0.6785714285714286,0.16111111111111112,0.26039697542533086,HOW-profile+z,Hog_education_Caridad,124,education,False
6.0,4.0,0.5555555555555556,0.6666666666666666,0.606060606060606,9.25,0.6666666666666666,0.014916096954630205,0.5555555555555556,0.4300595238095237,0.4848179835598054,HOW-profile+z,Hog_education_Luvenia,124,education,False
6.0,3.0,0.6491228070175439,0.5,0.5648854961832062,18.333333333333332,0.5,0.0390625,0.6365914786967418,0.12996031746031747,0.215853986850513,HOW-profile+z,Hog_office_Almeda,124,office,True
6.0,5.0,0.39285714285714285,0.8333333333333334,0.5339805825242718,44.0,0.8333333333333334,0.019410977242302542,0.38392857142857145,0.29259259259259257,0.3320950239515104,HOW-profile+z,Hog_office_Cortney,124,office,True
6.0,6.0,0.35294117647058826,1.0,0.5217391304347826,0.6666666666666666,1.0,0.007798165137614679,0.35294117647058826,0.7861111111111111,0.4871610959690145,HOW-profile+z,Hog_office_Denita,124,office,True
6.0,6.0,0.3877551020408163,1.0,0.5588235294117647,13.0,1.0,0.05293113261240751,0.3707482993197279,0.5392361111111111,0.4393940573807726,HOW-profile+z,Hog_office_Garrett,124,office,True
6.0,4.0,0.6875,0.6666666666666666,0.676923076923077,6.5,0.6666666666666666,0.05496828752642706,0.6711142322097379,0.3395923520923521,0.4509820440046511,HOW-profile+z,Hog_office_Lavon,124,office,True
6.0,3.0,0.8333333333333334,0.5,0.625,7.0,0.5,0.000727802037845706,0.8333333333333334,0.16933760683760682,0.2814775350736991,HOW-profile+z,Hog_office_Merilyn,124,office,True
6.0,5.0,0.6,0.8333333333333334,0.6976744186046512,58.2,0.8333333333333334,0.012779552715654952,0.6,0.1634700176366843,0.25693742600560193,HOW-profile+z,Hog_office_Miriam,124,office,True
6.0,4.0,0.5161290322580645,0.6666666666666666,0.5818181818181819,14.25,0.6666666666666666,0.01082004555808656,0.5161290322580645,0.3587962962962963,0.4233165486045916,HOW-profile+z,Hog_office_Napoleon,124,office,True
6.0,5.0,0.5714285714285714,0.8333333333333334,0.6779661016949152,14.6,0.8333333333333334,0.019002375296912115,0.5612244897959183,0.374263468013468,0.44906152373563357,HOW-profile+z,Hog_office_Shawna,124,office,True
6.0,6.0,0.9074074074074074,1.0,0.9514563106796117,19.333333333333332,1.0,0.007530120481927711,0.8981481481481481,0.4060185185185185,0.5592303343457052,HOW-profile+z,Hog_office_Shawnna,124,office,True
6.0,6.0,0.5714285714285714,1.0,0.7272727272727273,68.5,1.0,0.01639344262295082,0.5714285714285714,0.35671296296296306,0.439234688424128,HOW-profile+z,Hog_office_Sherrie,124,office,True
6.0,5.0,0.9090909090909091,0.8333333333333334,0.8695652173913043,28.6,0.8333333333333334,0.0020422055820285907,0.9090909090909091,0.3701554232804232,0.5260987219422435,HOW-profile+z,Hog_office_Shon,124,office,True
6.0,5.0,0.52,0.8333333333333334,0.6403940886699507,28.8,0.8333333333333334,0.00935672514619883,0.52,0.28761574074074076,0.3703746166413483,HOW-profile+z,Hog_office_Sydney,124,office,True
6.0,5.0,0.7714285714285715,0.8333333333333334,0.8011869436201781,48.2,0.8333333333333334,0.015883977900552487,0.7571428571428571,0.3322723765432099,0.46185815793001744,HOW-profile+z,Hog_office_Valda,124,office,True
6.0,5.0,0.43243243243243246,0.8333333333333334,0.5693950177935942,3.0,0.8333333333333334,0.0264797507788162,0.43243243243243246,0.6590909090909091,0.522228474957794,HOW-profile+z,Lamb_education_Armando,124,education,False
6.0,5.0,0.7818181818181819,0.8333333333333334,0.8067542213883678,40.2,0.8333333333333334,0.01981833195706028,0.7818181818181819,0.2137608726150393,0.33572851101593315,HOW-profile+z,Lamb_education_Eula,124,education,False
6.0,5.0,0.2916666666666667,0.8333333333333334,0.4320987654320988,85.6,0.8333333333333334,0.037484885126964934,0.2916666666666667,0.25416666666666665,0.27162849872773537,HOW-profile+z,Lamb_education_Lazaro,124,education,False
6.0,6.0,0.625,1.0,0.7692307692307693,45.5,1.0,0.021834061135371178,0.625,0.20190972222222223,0.3052173000209952,HOW-profile+z,Lamb_education_Lucas,124,education,False
6.0,5.0,0.37777777777777777,0.8333333333333334,0.5198776758409785,7.6,0.8333333333333334,0.028021978021978023,0.36666666666666664,0.5868055555555555,0.45132313668366103,HOW-profile+z,Lamb_education_Mae,124,education,False
,,,,,,,,0.0,,,HOW-profile+z,Lamb_education_Willetta,124,education,False
6.0,5.0,0.2807017543859649,0.8333333333333334,0.41994750656167973,39.8,0.8333333333333334,0.06041055718475073,0.2807017543859649,0.38713348765432104,0.32543670152576326,HOW-profile+z,Lamb_education_Williams,124,education,False
6.0,5.0,0.5555555555555556,0.8333333333333334,0.6666666666666667,15.6,0.8333333333333334,0.040249826509368494,0.5070267896354852,0.38712121212121214,0.43903430974735874,HOW-profile+z,Lamb_office_Caitlin,124,office,True
6.0,4.0,0.1,0.6666666666666666,0.1739130434782609,1.75,0.6666666666666666,0.04841997961264016,0.1,0.4166666666666667,0.16129032258064516,HOW-profile+z,Lamb_office_Velma,124,office,True
6.0,5.0,0.45614035087719296,0.8333333333333334,0.5895691609977324,23.8,0.8333333333333334,0.07211231652839821,0.45614035087719296,0.35312499999999997,0.39807601111035834,HOW-profile+z,Rat_retail_Jeffrey,124,retail,False
6.0,4.0,0.4647887323943662,0.6666666666666666,0.5477178423236515,23.75,0.6666666666666666,0.05240174672489083,0.460093896713615,0.3572746697746698,0.4022173148153572,HOW-profile+z,Robin_education_Zenia,124,education,False
6.0,5.0,0.7241379310344828,0.8333333333333334,0.7749077490774907,52.6,0.8333333333333334,0.010448678549477565,0.7241379310344828,0.4481837606837607,0.5536822588501485,HOW-profile+z,Robin_office_Dina,124,office,True
6.0,5.0,0.6571428571428571,0.8333333333333334,0.7348242811501599,14.8,0.8333333333333334,0.00776483638380477,0.6571428571428571,0.40185185185185185,0.49872595553335003,HOW-profile+z,Robin_office_Sammie,124,office,True
6.0,5.0,0.8823529411764706,0.8333333333333334,0.8571428571428571,25.4,0.8333333333333334,0.004889975550122249,0.8823529411764706,0.3495726495726496,0.5007550095906623,HOW-profile+z,Shrew_office_Doris,124,office,True
6.0,5.0,0.5087719298245614,0.8333333333333334,0.6318082788671026,92.2,0.8333333333333334,0.028846153846153848,0.5087719298245614,0.19465237694404358,0.28157589810252787,HOW-profile+z,Shrew_office_Ila,124,office,True
6.0,6.0,0.7375,1.0,0.8489208633093526,5.333333333333333,1.0,0.02838283828382838,0.7375,0.5201073232323231,0.6100141813709494,HOW-profile+z,Shrew_office_Kenneth,124,office,True
6.0,5.0,0.11666666666666667,0.8333333333333334,0.2046783625730994,2.0,0.8333333333333334,0.031264803410705824,0.11666666666666667,0.5694444444444443,0.19365721997300941,HOW-profile+z,Shrew_office_Nora,124,office,True
6.0,4.0,0.4339622641509434,0.6666666666666666,0.5257142857142857,29.0,0.6666666666666666,0.03028391167192429,0.4339622641509434,0.3458333333333334,0.384917834459119,HOW-profile+z,Shrew_office_Sherill,124,office,True
6.0,6.0,0.7021276595744681,1.0,0.825,28.166666666666668,1.0,0.03903708523096942,0.7021276595744681,0.3568813131313131,0.47322779616215394,HOW-profile+z,Wolf_office_Darleen,124,office,True
6.0,5.0,0.36904761904761907,0.8333333333333334,0.5115511551155115,13.4,0.8333333333333334,0.04154476301930954,0.35912698412698413,0.19039351851851852,0.24885495545191647,HOW-profile+z,Wolf_retail_Harriett,124,retail,False
6.0,6.0,0.3170731707317073,1.0,0.48148148148148145,26.0,1.0,0.04986449864498645,0.3170731707317073,0.4067901234567901,0.3563718047380353,HOW-profile+z,Wolf_retail_Marcella,124,retail,False
6.0,5.0,0.4,0.8333333333333334,0.5405405405405406,21.8,0.8333333333333334,0.04218496484586263,0.3685185185185186,0.37743055555555555,0.3729212998879407,HOW-profile+z,Wolf_retail_Toshia,124,retail,False
6.0,5.0,0.6428571428571429,0.8333333333333334,0.7258064516129034,29.6,0.8333333333333334,0.018971848225214197,0.6396103896103896,0.4054976851851852,0.4963324629524824,TOWT-detector,Fox_education_Henrietta,124,education,False
6.0,6.0,0.38461538461538464,1.0,0.5555555555555556,15.0,1.0,0.07807981492192019,0.38461538461538464,0.3426835317460317,0.3624406840126856,TOWT-detector,Fox_retail_Manie,124,retail,False
6.0,3.0,0.4444444444444444,0.5,0.47058823529411764,106.33333333333333,0.5,0.014587892049598834,0.4444444444444444,0.14876543209876544,0.2229159440397734,TOWT-detector,Hog_education_Bruno,124,education,False
6.0,2.0,0.3333333333333333,0.3333333333333333,0.3333333333333333,92.0,0.3333333333333333,0.02848297213622291,0.3333333333333333,0.08680555555555557,0.13774104683195593,TOWT-detector,Hog_education_Caridad,124,education,False
6.0,6.0,0.41935483870967744,1.0,0.5909090909090909,16.166666666666668,1.0,0.03853325046612803,0.41935483870967744,0.47492835097001757,0.44541484021637284,TOWT-detector,Hog_education_Luvenia,124,education,False
6.0,2.0,0.6774193548387096,0.3333333333333333,0.4468085106382978,84.5,0.3333333333333333,0.0359375,0.6774193548387096,0.030009920634920636,0.057473734209425156,TOWT-detector,Hog_office_Almeda,124,office,True
6.0,6.0,0.2835820895522388,1.0,0.4418604651162791,58.0,1.0,0.09906291834002677,0.26824212271973463,0.2899305555555555,0.27866497480257285,TOWT-detector,Hog_office_Cortney,124,office,True
6.0,6.0,0.08955223880597014,1.0,0.1643835616438356,0.6666666666666666,1.0,0.06834862385321101,0.08208955223880597,0.7861111111111111,0.1486557470989924,TOWT-detector,Hog_office_Denita,124,office,True
6.0,4.0,1.0,0.6666666666666666,0.8,19.5,0.6666666666666666,0.0,1.0,0.43472222222222223,0.6060019361084221,TOWT-detector,Hog_office_Garrett,124,office,True
6.0,4.0,0.6666666666666666,0.6666666666666666,0.6666666666666666,23.25,0.6666666666666666,0.0021141649048625794,0.6666666666666666,0.2324156746031746,0.3446709516059327,TOWT-detector,Hog_office_Lavon,124,office,True
6.0,4.0,0.5833333333333334,0.6666666666666666,0.6222222222222222,14.75,0.6666666666666666,0.009461426491994178,0.5833333333333334,0.1749465811965812,0.26916754725842434,TOWT-detector,Hog_office_Merilyn,124,office,True
6.0,5.0,0.5714285714285714,0.8333333333333334,0.6779661016949152,24.4,0.8333333333333334,0.007028753993610224,0.5714285714285714,0.1979993386243386,0.2940950743679872,TOWT-detector,Hog_office_Miriam,124,office,True
6.0,4.0,0.6153846153846154,0.6666666666666666,0.64,49.75,0.6666666666666666,0.006264236902050114,0.6153846153846154,0.33827160493827163,0.436566421031667,TOWT-detector,Hog_office_Napoleon,124,office,True
6.0,5.0,0.41025641025641024,0.8333333333333334,0.5498281786941581,11.0,0.8333333333333334,0.017814726840855107,0.38974358974358975,0.20291456228956228,0.2668811679943261,TOWT-detector,Hog_office_Shawna,124,office,True
6.0,5.0,0.92,0.8333333333333334,0.8745247148288974,54.4,0.8333333333333334,0.002259036144578313,0.92,0.3176044634377968,0.4721962710947497,TOWT-detector,Hog_office_Shawnna,124,office,True
6.0,5.0,0.4642857142857143,0.8333333333333334,0.5963302752293578,26.8,0.8333333333333334,0.010718789407313998,0.4642857142857143,0.3497685185185186,0.39897225494576927,TOWT-detector,Hog_office_Sherrie,124,office,True
6.0,5.0,0.3953488372093023,0.8333333333333334,0.5362776025236593,63.0,0.8333333333333334,0.06875425459496257,0.386046511627907,0.32493386243386246,0.35286370391843397,TOWT-detector,Hog_office_Shon,124,office,True
6.0,4.0,0.39285714285714285,0.6666666666666666,0.49438202247191004,26.0,0.6666666666666666,0.011111111111111112,0.39285714285714285,0.26070601851851855,0.31342103598760357,TOWT-detector,Hog_office_Sydney,124,office,True
6.0,5.0,0.5555555555555556,0.8333333333333334,0.6666666666666667,36.2,0.8333333333333334,0.009668508287292817,0.5555555555555556,0.3071952160493827,0.39562760077013853,TOWT-detector,Hog_office_Valda,124,office,True
6.0,5.0,0.22448979591836735,0.8333333333333334,0.3536977491961415,0.2,0.8333333333333334,0.06490134994807892,0.22448979591836735,0.6079545454545454,0.3279008218414821,TOWT-detector,Lamb_education_Armando,124,education,False
6.0,5.0,0.71875,0.8333333333333334,0.7718120805369127,29.6,0.8333333333333334,0.016515276630883566,0.71875,0.21465523288439958,0.33058192347796683,TOWT-detector,Lamb_education_Eula,124,education,False
6.0,6.0,0.5263157894736842,1.0,0.6896551724137931,37.333333333333336,1.0,0.08524788391777509,0.5263157894736842,0.30530303030303035,0.38644100302056866,TOWT-detector,Lamb_education_Lazaro,124,education,False
6.0,5.0,0.40963855421686746,0.8333333333333334,0.5492730210016156,27.8,0.8333333333333334,0.10262008733624454,0.38875502008032126,0.30347222222222225,0.34086017606414054,TOWT-detector,Lamb_education_Lucas,124,education,False
6.0,5.0,0.23076923076923078,0.8333333333333334,0.3614457831325301,13.8,0.8333333333333334,0.05384615384615385,0.23076923076923078,0.5090277777777777,0.31756805545526756,TOWT-detector,Lamb_education_Mae,124,education,False
,,,,,,,,0.0,,,TOWT-detector,Lamb_education_Willetta,124,education,False
6.0,4.0,0.2033898305084746,0.6666666666666666,0.3116883116883117,3.5,0.6666666666666666,0.1278592375366569,0.2033898305084746,0.34652777777777777,0.2563301299201644,TOWT-detector,Lamb_education_Williams,124,education,False
6.0,3.0,0.8333333333333334,0.5,0.625,2.3333333333333335,0.5,0.007633587786259542,0.8333333333333334,0.15694444444444444,0.2641421224871435,TOWT-detector,Lamb_office_Caitlin,124,office,True
6.0,5.0,0.3125,0.8333333333333334,0.45454545454545453,8.2,0.8333333333333334,0.014780835881753314,0.3125,0.4844907407407408,0.37993755445832117,TOWT-detector,Lamb_office_Velma,124,office,True
6.0,4.0,0.391304347826087,0.6666666666666666,0.4931506849315068,49.5,0.6666666666666666,0.01595405232929164,0.391304347826087,0.2703125,0.3197453537324161,TOWT-detector,Rat_retail_Jeffrey,124,retail,False
6.0,3.0,0.23684210526315788,0.5,0.32142857142857145,16.333333333333332,0.5,0.09170305676855896,0.22697368421052633,0.34848484848484845,0.27490039840637454,TOWT-detector,Robin_education_Zenia,124,education,False
6.0,6.0,0.44,1.0,0.6111111111111112,45.166666666666664,1.0,0.032575291948371235,0.41714285714285715,0.5095619658119658,0.4587439906320562,TOWT-detector,Robin_office_Dina,124,office,True
6.0,5.0,0.38636363636363635,0.8333333333333334,0.5279503105590062,25.2,0.8333333333333334,0.026067665002773157,0.38636363636363635,0.3840277777777778,0.38519216586085386,TOWT-detector,Robin_office_Sammie,124,office,True
6.0,5.0,0.5172413793103449,0.8333333333333334,0.6382978723404256,72.8,0.8333333333333334,0.014669926650366748,0.5172413793103449,0.2924145299145299,0.3736127731795989,TOWT-detector,Shrew_office_Doris,124,office,True
6.0,2.0,0.8095238095238095,0.3333333333333333,0.4722222222222222,4.5,0.3333333333333333,0.006656804733727811,0.8095238095238095,0.17234848484848486,0.28419215578212553,TOWT-detector,Shrew_office_Ila,124,office,True
6.0,5.0,0.6666666666666666,0.8333333333333334,0.7407407407407408,29.6,0.8333333333333334,0.0039603960396039604,0.6666666666666666,0.34583333333333327,0.45541838134430723,TOWT-detector,Shrew_office_Kenneth,124,office,True
6.0,5.0,0.1590909090909091,0.8333333333333334,0.26717557251908397,2.2,0.8333333333333334,0.02984367598294647,0.1590909090909091,0.5578703703703703,0.24757851482242443,TOWT-detector,Shrew_office_Nora,124,office,True
6.0,4.0,0.391304347826087,0.6666666666666666,0.4931506849315068,29.75,0.6666666666666666,0.01829652996845426,0.391304347826087,0.3460858585858586,0.36730865153398906,TOWT-detector,Shrew_office_Sherill,124,office,True
6.0,5.0,0.4838709677419355,0.8333333333333334,0.6122448979591837,3.0,0.8333333333333334,0.057905009759271306,0.4838709677419355,0.3551557239057239,0.4096402308438519,TOWT-detector,Wolf_office_Darleen,124,office,True
6.0,3.0,0.5294117647058824,0.5,0.5142857142857143,10.0,0.5,0.009362200117027502,0.5294117647058824,0.12152777777777778,0.19767806714778785,TOWT-detector,Wolf_retail_Harriett,124,retail,False
6.0,6.0,0.2127659574468085,1.0,0.3508771929824561,39.5,1.0,0.09322493224932249,0.2127659574468085,0.4114197530864198,0.28048100493419326,TOWT-detector,Wolf_retail_Marcella,124,retail,False
6.0,5.0,0.2978723404255319,0.8333333333333334,0.438871473354232,11.6,0.8333333333333334,0.04542996214169821,0.2783687943262411,0.35763888888888884,0.3130638479111007,TOWT-detector,Wolf_retail_Toshia,124,retail,False
6.0,5.0,0.16049382716049382,0.8333333333333334,0.2691511387163561,20.8,0.8333333333333334,0.15055079559363524,0.14991181657848324,0.29812885802469136,0.19950438080441874,Autoencoder(t),Fox_education_Henrietta,124,education,False
6.0,6.0,0.3522727272727273,1.0,0.5210084033613446,10.333333333333334,1.0,0.1359167148640833,0.3522727272727273,0.40801091269841266,0.37809867111900614,Autoencoder(t),Fox_retail_Manie,124,retail,False
6.0,4.0,0.3023255813953488,0.6666666666666666,0.416,82.25,0.6666666666666666,0.07439824945295405,0.3023255813953488,0.20152918069584735,0.2418451955048613,Autoencoder(t),Hog_education_Bruno,124,education,False
6.0,4.0,0.2878787878787879,0.6666666666666666,0.40211640211640215,9.25,0.6666666666666666,0.12507739938080495,0.27777777777777773,0.1381200396825397,0.18450050026172635,Autoencoder(t),Hog_education_Caridad,124,education,False
6.0,6.0,0.4,1.0,0.5714285714285715,11.0,1.0,0.09571162212554382,0.4,0.47079475308641977,0.4325196048026229,Autoencoder(t),Hog_education_Luvenia,124,education,False
6.0,4.0,0.3333333333333333,0.6666666666666666,0.4444444444444444,30.0,0.6666666666666666,0.08515625,0.3277777777777777,0.1804728835978836,0.23277884410322028,Autoencoder(t),Hog_office_Almeda,124,office,True
6.0,6.0,0.3,1.0,0.4615384615384615,53.666666666666664,1.0,0.07228915662650602,0.3,0.20358796296296297,0.24256492760284992,Autoencoder(t),Hog_office_Cortney,124,office,True
6.0,6.0,0.109375,1.0,0.19718309859154928,0.6666666666666666,1.0,0.10963302752293579,0.08355034722222222,0.7444444444444445,0.15023908953772142,Autoencoder(t),Hog_office_Denita,124,office,True
6.0,5.0,0.2608695652173913,0.8333333333333334,0.3973509933774834,16.2,0.8333333333333334,0.15651678998292545,0.24782608695652175,0.4244791666666666,0.3129441880831284,Autoencoder(t),Hog_office_Garrett,124,office,True
6.0,5.0,0.34782608695652173,0.8333333333333334,0.49079754601227,7.8,0.8333333333333334,0.1226215644820296,0.3413848631239936,0.30474612193362194,0.3220266959170841,Autoencoder(t),Hog_office_Lavon,124,office,True
6.0,6.0,0.4691358024691358,1.0,0.638655462184874,27.5,1.0,0.14046579330422126,0.4592592592592593,0.35514155982905976,0.4005449058409752,Autoencoder(t),Hog_office_Merilyn,124,office,True
6.0,6.0,0.34210526315789475,1.0,0.5098039215686275,37.333333333333336,1.0,0.134185303514377,0.34210526315789475,0.24820877425044088,0.28768934042579325,Autoencoder(t),Hog_office_Miriam,124,office,True
6.0,4.0,0.2191780821917808,0.6666666666666666,0.32989690721649484,13.5,0.6666666666666666,0.09567198177676538,0.1997716894977169,0.39691358024691353,0.2657752772896472,Autoencoder(t),Hog_office_Napoleon,124,office,True
6.0,5.0,0.38095238095238093,0.8333333333333334,0.522875816993464,11.4,0.8333333333333334,0.08076009501187649,0.37037037037037035,0.2760942760942761,0.31635802469135804,Autoencoder(t),Hog_office_Shawna,124,office,True
6.0,6.0,0.6129032258064516,1.0,0.76,19.666666666666668,1.0,0.08283132530120482,0.5889540566959922,0.32689933523266856,0.4204356097018201,Autoencoder(t),Hog_office_Shawnna,124,office,True
6.0,6.0,0.2638888888888889,1.0,0.4175824175824176,34.166666666666664,1.0,0.12421185372005045,0.2638888888888889,0.2625192901234568,0.263202307808193,Autoencoder(t),Hog_office_Sherrie,124,office,True
6.0,6.0,0.4426229508196721,1.0,0.6136363636363636,30.166666666666668,1.0,0.08577263444520082,0.439344262295082,0.33718584656084655,0.3815451978594245,Autoencoder(t),Hog_office_Shon,124,office,True
6.0,5.0,0.2222222222222222,0.8333333333333334,0.3508771929824561,29.0,0.8333333333333334,0.20292397660818715,0.20540123456790124,0.30005787037037035,0.24386644305642127,Autoencoder(t),Hog_office_Sydney,124,office,True
6.0,6.0,0.3670886075949367,1.0,0.5370370370370371,32.166666666666664,1.0,0.10773480662983426,0.3623417721518987,0.3509837962962963,0.3565723601447973,Autoencoder(t),Hog_office_Valda,124,office,True
6.0,5.0,0.11764705882352941,0.8333333333333334,0.20618556701030927,14.8,0.8333333333333334,0.12461059190031153,0.10504201680672268,0.5953282828282829,0.17857548649037625,Autoencoder(t),Lamb_education_Armando,124,education,False
6.0,6.0,0.5581395348837209,1.0,0.7164179104477612,15.333333333333334,1.0,0.1222130470685384,0.5416666666666667,0.293560606060606,0.3807634164777022,Autoencoder(t),Lamb_education_Eula,124,education,False
6.0,6.0,0.4074074074074074,1.0,0.5789473684210525,5.666666666666667,1.0,0.1215235792019347,0.3950617283950617,0.3815656565656566,0.38819642649260766,Autoencoder(t),Lamb_education_Lazaro,124,education,False
6.0,5.0,0.43661971830985913,0.8333333333333334,0.5730129390018484,10.6,0.8333333333333334,0.0975254730713246,0.4295774647887324,0.2789351851851852,0.33824172284471843,Autoencoder(t),Lamb_education_Lucas,124,education,False
6.0,6.0,0.20270270270270271,1.0,0.3370786516853933,3.1666666666666665,1.0,0.1087912087912088,0.20147420147420148,0.4444444444444444,0.2772612003381234,Autoencoder(t),Lamb_education_Mae,124,education,False
,,,,,,,,0.0,,,Autoencoder(t),Lamb_education_Willetta,124,education,False
6.0,6.0,0.2112676056338028,1.0,0.3488372093023256,14.333333333333334,1.0,0.12082111436950146,0.20187793427230047,0.2683449074074074,0.23041379864229994,Autoencoder(t),Lamb_education_Williams,124,education,False
6.0,5.0,0.39473684210526316,0.8333333333333334,0.5357142857142857,33.4,0.8333333333333334,0.11172796668979876,0.37719298245614036,0.19602272727272727,0.25797756716807235,Autoencoder(t),Lamb_office_Caitlin,124,office,True
6.0,5.0,0.16216216216216217,0.8333333333333334,0.27149321266968324,1.2,0.8333333333333334,0.11824668705402651,0.15945945945945947,0.5699074074074074,0.24919455833662144,Autoencoder(t),Lamb_office_Velma,124,office,True
6.0,5.0,0.3333333333333333,0.8333333333333334,0.47619047619047616,26.6,0.8333333333333334,0.14741544352265476,0.32407407407407407,0.3236111111111111,0.32384242713049,Autoencoder(t),Rat_retail_Jeffrey,124,retail,False
6.0,5.0,0.1956521739130435,0.8333333333333334,0.3169014084507042,29.8,0.8333333333333334,0.14223331253898938,0.1956521739130435,0.5094502719502719,0.2827250246894874,Autoencoder(t),Robin_education_Zenia,124,education,False
6.0,6.0,0.3137254901960784,1.0,0.47761194029850745,36.666666666666664,1.0,0.11370620774431468,0.3081232492997199,0.5402243589743589,0.39242330199217185,Autoencoder(t),Robin_office_Dina,124,office,True
6.0,5.0,0.2619047619047619,0.8333333333333334,0.39855072463768115,21.4,0.8333333333333334,0.10815307820299501,0.2619047619047619,0.42824074074074076,0.3250279508065805,Autoencoder(t),Robin_office_Sammie,124,office,True
6.0,5.0,0.34615384615384615,0.8333333333333334,0.48913043478260876,8.6,0.8333333333333334,0.1136919315403423,0.33577533577533575,0.3137820512820513,0.3244063595575614,Autoencoder(t),Shrew_office_Doris,124,office,True
6.0,6.0,0.55,1.0,0.7096774193548387,29.5,1.0,0.09097633136094675,0.55,0.4547521344396344,0.4978614433723819,Autoencoder(t),Shrew_office_Ila,124,office,True
6.0,6.0,0.352112676056338,1.0,0.5208333333333333,18.166666666666668,1.0,0.07194719471947195,0.352112676056338,0.389347804972805,0.36979529194961125,Autoencoder(t),Shrew_office_Kenneth,124,office,True
6.0,5.0,0.08955223880597014,0.8333333333333334,0.1617250673854447,6.4,0.8333333333333334,0.12790146849834202,0.0812603648424544,0.40277777777777785,0.13523673566500122,Autoencoder(t),Shrew_office_Nora,124,office,True
6.0,5.0,0.2702702702702703,0.8333333333333334,0.4081632653061225,41.8,0.8333333333333334,0.1028391167192429,0.2702702702702703,0.2996913580246913,0.28422146442841045,Autoencoder(t),Shrew_office_Sherill,124,office,True
6.0,6.0,0.43243243243243246,1.0,0.6037735849056604,8.333333333333334,1.0,0.07807417046193885,0.43243243243243246,0.3540404040404041,0.38932953815714116,Autoencoder(t),Wolf_office_Darleen,124,office,True
6.0,5.0,0.25882352941176473,0.8333333333333334,0.39497307001795334,26.0,0.8333333333333334,0.13458162668227033,0.25882352941176473,0.14386574074074074,0.18493583782778505,Autoencoder(t),Wolf_retail_Harriett,124,retail,False
6.0,6.0,0.15053763440860216,1.0,0.2616822429906542,3.0,1.0,0.12899728997289972,0.15053763440860216,0.4257716049382716,0.22243145113689042,Autoencoder(t),Wolf_retail_Marcella,124,retail,False
6.0,5.0,0.23728813559322035,0.8333333333333334,0.3693931398416887,7.2,0.8333333333333334,0.09356408869659276,0.23728813559322035,0.29687499999999994,0.26375805651958356,Autoencoder(t),Wolf_retail_Toshia,124,retail,False
6.0,3.0,0.14705882352941177,0.5,0.22727272727272727,40.0,0.5,0.0587515299877601,0.14705882352941177,0.2584876543209877,0.18746502518186908,IsolationForest(t),Fox_education_Henrietta,124,education,False
6.0,5.0,0.34615384615384615,0.8333333333333334,0.48913043478260876,20.4,0.8333333333333334,0.022556390977443608,0.34615384615384615,0.29134424603174597,0.3163928882451346,IsolationForest(t),Fox_retail_Manie,124,retail,False
6.0,2.0,0.3333333333333333,0.3333333333333333,0.3333333333333333,73.0,0.3333333333333333,0.019693654266958426,0.3333333333333333,0.1038159371492705,0.15832263585793754,IsolationForest(t),Hog_education_Bruno,124,education,False
6.0,1.0,0.058823529411764705,0.16666666666666666,0.08695652173913045,2.0,0.16666666666666666,0.03529411764705882,0.058823529411764705,0.08333333333333333,0.06896551724137931,IsolationForest(t),Hog_education_Caridad,124,education,False
6.0,5.0,0.39473684210526316,0.8333333333333334,0.5357142857142857,9.8,0.8333333333333334,0.06339341205717837,0.39473684210526316,0.3128031305114638,0.3490259906647616,IsolationForest(t),Hog_education_Luvenia,124,education,False
6.0,2.0,0.4117647058823529,0.3333333333333333,0.36842105263157887,56.0,0.3333333333333333,0.0359375,0.4117647058823529,0.15352182539682538,0.22365602498257928,IsolationForest(t),Hog_office_Almeda,124,office,True
6.0,6.0,0.5,1.0,0.6666666666666666,30.5,1.0,0.030789825970548863,0.5,0.2451388888888889,0.3289841565703635,IsolationForest(t),Hog_office_Cortney,124,office,True
6.0,6.0,0.12,1.0,0.21428571428571425,1.0,1.0,0.06284403669724771,0.12,0.7111111111111111,0.20534759358288768,IsolationForest(t),Hog_office_Denita,124,office,True
6.0,6.0,0.38461538461538464,1.0,0.5555555555555556,46.833333333333336,1.0,0.02902675014228799,0.38461538461538464,0.4071180555555555,0.39554693430041327,IsolationForest(t),Hog_office_Garrett,124,office,True
6.0,4.0,0.2857142857142857,0.6666666666666666,0.4,12.0,0.6666666666666666,0.037350246652572236,0.2857142857142857,0.21780753968253966,0.24718183993132273,IsolationForest(t),Hog_office_Lavon,124,office,True
6.0,4.0,0.5416666666666666,0.6666666666666666,0.5977011494252873,43.5,0.6666666666666666,0.05822416302765648,0.5416666666666666,0.23484241452991453,0.3276363688479949,IsolationForest(t),Hog_office_Merilyn,124,office,True
6.0,3.0,0.2727272727272727,0.5,0.3529411764705882,16.666666666666668,0.5,0.010862619808306708,0.2727272727272727,0.14087301587301584,0.18578281726995202,IsolationForest(t),Hog_office_Miriam,124,office,True
6.0,4.0,0.6666666666666666,0.6666666666666666,0.6666666666666666,46.25,0.6666666666666666,0.013097949886104784,0.6428571428571429,0.32577160493827156,0.43241459362268697,IsolationForest(t),Hog_office_Napoleon,124,office,True
6.0,4.0,0.42105263157894735,0.6666666666666666,0.5161290322580646,7.5,0.6666666666666666,0.027909738717339667,0.42105263157894735,0.21101641414141414,0.2811370595734055,IsolationForest(t),Hog_office_Shawna,124,office,True
6.0,3.0,0.7692307692307693,0.5,0.6060606060606061,75.66666666666667,0.5,0.006024096385542169,0.7692307692307693,0.17883428300094964,0.29020125307610434,IsolationForest(t),Hog_office_Shawnna,124,office,True
6.0,6.0,0.48484848484848486,1.0,0.653061224489796,44.0,1.0,0.025851197982345524,0.48484848484848486,0.3300347222222222,0.3927356304029233,IsolationForest(t),Hog_office_Sherrie,124,office,True
6.0,4.0,0.4,0.6666666666666666,0.5,6.25,0.6666666666666666,0.089857045609258,0.3844444444444445,0.24375,0.29834180853415876,IsolationForest(t),Hog_office_Shon,124,office,True
6.0,2.0,0.09090909090909091,0.3333333333333333,0.14285714285714288,3.0,0.3333333333333333,0.0304093567251462,0.09090909090909091,0.0859375,0.08835341365461848,IsolationForest(t),Hog_office_Sydney,124,office,True
6.0,5.0,0.41935483870967744,0.8333333333333334,0.5579399141630902,35.6,0.8333333333333334,0.04074585635359116,0.4032258064516129,0.3158757716049383,0.3542455381287183,IsolationForest(t),Hog_office_Valda,124,office,True
6.0,5.0,0.125,0.8333333333333334,0.21739130434782608,15.2,0.8333333333333334,0.08618899273104881,0.125,0.5852272727272728,0.20600000000000002,IsolationForest(t),Lamb_education_Armando,124,education,False
6.0,5.0,0.6842105263157895,0.8333333333333334,0.7514450867052023,19.4,0.8333333333333334,0.04046242774566474,0.6842105263157895,0.2546208613916947,0.3711300577821581,IsolationForest(t),Lamb_education_Eula,124,education,False
6.0,5.0,0.4666666666666667,0.8333333333333334,0.5982905982905983,1.6,0.8333333333333334,0.058645707376058044,0.4444444444444444,0.33434343434343433,0.38161118316760334,IsolationForest(t),Lamb_education_Lazaro,124,education,False
6.0,5.0,0.4444444444444444,0.8333333333333334,0.5797101449275363,27.4,0.8333333333333334,0.08005822416302766,0.43386243386243384,0.29282407407407407,0.3496565963005098,IsolationForest(t),Lamb_education_Lucas,124,education,False
6.0,4.0,0.07142857142857142,0.6666666666666666,0.12903225806451613,17.0,0.6666666666666666,0.09010989010989011,0.07142857142857142,0.33819444444444446,0.11794623395495278,IsolationForest(t),Lamb_education_Mae,124,education,False
,,,,,,,,0.0,,,IsolationForest(t),Lamb_education_Willetta,124,education,False
6.0,5.0,0.12244897959183673,0.8333333333333334,0.21352313167259784,69.0,0.8333333333333334,0.10205278592375366,0.12244897959183673,0.23902391975308643,0.16193875183919826,IsolationForest(t),Lamb_education_Williams,124,education,False
6.0,4.0,0.35,0.6666666666666666,0.4590163934426229,99.25,0.6666666666666666,0.04371963913948647,0.32,0.2643939393939394,0.28955146486906924,IsolationForest(t),Lamb_office_Caitlin,124,office,True
6.0,5.0,0.25,0.8333333333333334,0.3846153846153846,1.2,0.8333333333333334,0.05402650356778797,0.22608695652173916,0.46018518518518525,0.3032087757376665,IsolationForest(t),Lamb_office_Velma,124,office,True
6.0,2.0,0.18518518518518517,0.3333333333333333,0.23809523809523808,46.0,0.3333333333333333,0.05105296745373325,0.1527777777777778,0.17447916666666666,0.1629089301503095,IsolationForest(t),Rat_retail_Jeffrey,124,retail,False
6.0,1.0,1.0,0.16666666666666666,0.2857142857142857,159.0,0.16666666666666666,0.0,1.0,0.0006313131313131314,0.0012618296529968455,IsolationForest(t),Robin_education_Zenia,124,education,False
6.0,4.0,0.3225806451612903,0.6666666666666666,0.4347826086956521,13.25,0.6666666666666666,0.04240934234787953,0.293394777265745,0.3895833333333334,0.33471560372416437,IsolationForest(t),Robin_office_Dina,124,office,True
6.0,3.0,0.6842105263157895,0.5,0.5777777777777778,49.333333333333336,0.5,0.0066555740432612314,0.6842105263157895,0.14583333333333334,0.2404227212681638,IsolationForest(t),Robin_office_Sammie,124,office,True
6.0,5.0,0.3877551020408163,0.8333333333333334,0.5292479108635099,8.2,0.8333333333333334,0.039119804400977995,0.37414965986394555,0.29177350427350424,0.3278665265313116,IsolationForest(t),Shrew_office_Doris,124,office,True
6.0,3.0,0.64,0.5,0.5614035087719298,46.666666666666664,0.5,0.027366863905325445,0.64,0.1320145903479237,0.2188801581705713,IsolationForest(t),Shrew_office_Ila,124,office,True
6.0,5.0,0.6285714285714286,0.8333333333333334,0.7166123778501629,46.6,0.8333333333333334,0.018481848184818482,0.6285714285714286,0.37199883449883453,0.4673891428880467,IsolationForest(t),Shrew_office_Kenneth,124,office,True
6.0,5.0,0.1111111111111111,0.8333333333333334,0.19607843137254902,14.6,0.8333333333333334,0.0611084793936523,0.10555555555555556,0.45138888888888884,0.17110002770850652,IsolationForest(t),Shrew_office_Nora,124,office,True
6.0,5.0,0.5714285714285714,0.8333333333333334,0.6779661016949152,58.8,0.8333333333333334,0.01829652996845426,0.5714285714285714,0.28437149270482603,0.3797569143579776,IsolationForest(t),Shrew_office_Sherill,124,office,True
6.0,6.0,0.56,1.0,0.717948717948718,14.166666666666666,1.0,0.018867924528301886,0.56,0.34328703703703706,0.42564707088309156,IsolationForest(t),Wolf_office_Darleen,124,office,True
6.0,3.0,0.3333333333333333,0.5,0.4,3.6666666666666665,0.5,0.030427150380339378,0.3333333333333333,0.14930555555555555,0.2062350119904077,IsolationForest(t),Wolf_retail_Harriett,124,retail,False
6.0,5.0,0.22448979591836735,0.8333333333333334,0.3536977491961415,48.2,0.8333333333333334,0.03902439024390244,0.22448979591836735,0.25092592592592594,0.23697285265710086,IsolationForest(t),Wolf_retail_Marcella,124,retail,False
6.0,4.0,0.3103448275862069,0.6666666666666666,0.4235294117647059,36.75,0.6666666666666666,0.023796646836127637,0.3103448275862069,0.3229166666666667,0.316505955757232,IsolationForest(t),Wolf_retail_Toshia,124,retail,False
6.0,5.0,0.25,0.8333333333333334,0.3846153846153846,40.6,0.8333333333333334,0.07527539779681762,0.25,0.30516975308641975,0.27484364141765116,OC-SVM(t),Fox_education_Henrietta,124,education,False
6.0,5.0,0.3055555555555556,0.8333333333333334,0.4471544715447155,6.8,0.8333333333333334,0.0335454019664546,0.3055555555555556,0.31934523809523807,0.3122982483992168,OC-SVM(t),Fox_retail_Manie,124,retail,False
6.0,4.0,0.28125,0.6666666666666666,0.39560439560439564,113.5,0.6666666666666666,0.061269146608315096,0.28125,0.17290965207631873,0.214157463896826,OC-SVM(t),Hog_education_Bruno,124,education,False
6.0,1.0,0.07692307692307693,0.16666666666666666,0.10526315789473684,94.0,0.16666666666666666,0.10773993808049535,0.07692307692307693,0.004340277777777778,0.008216926869350863,OC-SVM(t),Hog_education_Caridad,124,education,False
6.0,6.0,0.3902439024390244,1.0,0.5614035087719299,5.666666666666667,1.0,0.08576755748912368,0.3902439024390244,0.4875082671957671,0.433487116849667,OC-SVM(t),Hog_education_Luvenia,124,education,False
6.0,3.0,0.45,0.5,0.4736842105263158,54.666666666666664,0.5,0.04921875,0.45,0.1730324074074074,0.24995355749582018,OC-SVM(t),Hog_office_Almeda,124,office,True
6.0,5.0,0.3,0.8333333333333334,0.4411764705882353,41.2,0.8333333333333334,0.07228915662650602,0.3,0.2465277777777778,0.27064803049555275,OC-SVM(t),Hog_office_Cortney,124,office,True
6.0,6.0,0.25,1.0,0.4,1.0,1.0,0.04357798165137615,0.25,0.7111111111111111,0.3699421965317919,OC-SVM(t),Hog_office_Denita,124,office,True
6.0,4.0,0.4,0.6666666666666666,0.5,33.25,0.6666666666666666,0.03813318155947638,0.4,0.41128472222222223,0.4055638775946929,OC-SVM(t),Hog_office_Garrett,124,office,True
6.0,4.0,0.32142857142857145,0.6666666666666666,0.43373493975903615,5.0,0.6666666666666666,0.10429880197322058,0.3125,0.2550099206349206,0.28084302071497247,OC-SVM(t),Hog_office_Lavon,124,office,True
6.0,5.0,0.6578947368421053,0.8333333333333334,0.7352941176470588,19.2,0.8333333333333334,0.04512372634643377,0.652046783625731,0.2986111111111111,0.4096287752573797,OC-SVM(t),Hog_office_Merilyn,124,office,True
6.0,4.0,0.20833333333333334,0.6666666666666666,0.3174603174603175,59.75,0.6666666666666666,0.030670926517571886,0.20833333333333334,0.15162037037037035,0.1755091103965702,OC-SVM(t),Hog_office_Miriam,124,office,True
6.0,4.0,0.3170731707317073,0.6666666666666666,0.4297520661157025,46.25,0.6666666666666666,0.05922551252847381,0.29152148664343785,0.3717592592592593,0.32678714888739185,OC-SVM(t),Hog_office_Napoleon,124,office,True
6.0,4.0,0.5555555555555556,0.6666666666666666,0.606060606060606,7.0,0.6666666666666666,0.02553444180522565,0.5555555555555556,0.2322180134680135,0.32753068281317244,OC-SVM(t),Hog_office_Shawna,124,office,True
6.0,4.0,0.5,0.6666666666666666,0.5714285714285715,66.5,0.6666666666666666,0.030120481927710843,0.5,0.2573599240265907,0.33981191222570534,OC-SVM(t),Hog_office_Shawnna,124,office,True
6.0,6.0,0.4583333333333333,1.0,0.6285714285714286,26.666666666666668,1.0,0.07440100882723834,0.4583333333333333,0.33736496913580244,0.38865386635635607,OC-SVM(t),Hog_office_Sherrie,124,office,True
6.0,6.0,0.4594594594594595,1.0,0.6296296296296297,28.166666666666668,1.0,0.03675970047651463,0.44594594594594594,0.3148809523809524,0.36912439473072123,OC-SVM(t),Hog_office_Shon,124,office,True
6.0,4.0,0.17647058823529413,0.6666666666666666,0.27906976744186046,23.0,0.6666666666666666,0.07134502923976609,0.17647058823529413,0.261863425925926,0.2108492214499282,OC-SVM(t),Hog_office_Sydney,124,office,True
6.0,5.0,0.34146341463414637,0.8333333333333334,0.48442906574394473,23.8,0.8333333333333334,0.10220994475138122,0.3230352303523035,0.31896219135802467,0.3209857905177236,OC-SVM(t),Hog_office_Valda,124,office,True
6.0,5.0,0.17543859649122806,0.8333333333333334,0.28985507246376807,0.4,0.8333333333333334,0.16251298026998962,0.17543859649122806,0.6029040404040403,0.271789398790466,OC-SVM(t),Lamb_education_Armando,124,education,False
6.0,6.0,0.5875,1.0,0.7401574803149606,22.166666666666668,1.0,0.12303881090008258,0.5833333333333334,0.2845731621773288,0.382532017282429,OC-SVM(t),Lamb_education_Eula,124,education,False
6.0,6.0,0.4888888888888889,1.0,0.6567164179104478,6.0,1.0,0.0973397823458283,0.473015873015873,0.35454545454545455,0.4053007846556233,OC-SVM(t),Lamb_education_Lazaro,124,education,False
6.0,5.0,0.3116883116883117,0.8333333333333334,0.4536862003780719,3.2,0.8333333333333334,0.16593886462882096,0.30043290043290044,0.3384259259259259,0.3182996878578263,OC-SVM(t),Lamb_education_Lucas,124,education,False
6.0,6.0,0.20238095238095238,1.0,0.33663366336633666,13.833333333333334,1.0,0.1631868131868132,0.20238095238095238,0.53125,0.2931034482758621,OC-SVM(t),Lamb_education_Mae,124,education,False
,,,,,,,,0.0,,,OC-SVM(t),Lamb_education_Willetta,124,education,False
6.0,5.0,0.20689655172413793,0.8333333333333334,0.3314917127071823,13.0,0.8333333333333334,0.17712609970674487,0.19157088122605365,0.37951388888888893,0.2546165260801401,OC-SVM(t),Lamb_education_Williams,124,education,False
6.0,4.0,0.26666666666666666,0.6666666666666666,0.3809523809523809,49.25,0.6666666666666666,0.09923664122137404,0.24000000000000002,0.2770833333333333,0.25721192586623687,OC-SVM(t),Lamb_office_Caitlin,124,office,True
6.0,5.0,0.22916666666666666,0.8333333333333334,0.35947712418300654,0.6,0.8333333333333334,0.1218144750254842,0.20129243827160495,0.5650462962962962,0.29683883010808026,OC-SVM(t),Lamb_office_Velma,124,office,True
6.0,2.0,0.09523809523809523,0.3333333333333333,0.14814814814814814,53.0,0.3333333333333333,0.07211231652839821,0.052910052910052914,0.1684027777777778,0.08052131324451087,OC-SVM(t),Rat_retail_Jeffrey,124,retail,False
6.0,3.0,0.2,0.5,0.28571428571428575,16.666666666666668,0.5,0.11728009981285091,0.18775510204081633,0.25012626262626264,0.2144986553524036,OC-SVM(t),Robin_education_Zenia,124,education,False
6.0,6.0,0.4,1.0,0.5714285714285715,25.0,1.0,0.07191149354640443,0.3779220779220779,0.6311431623931624,0.47276018609741993,OC-SVM(t),Robin_office_Dina,124,office,True
6.0,5.0,0.5277777777777778,0.8333333333333334,0.6462585034013605,25.6,0.8333333333333334,0.01774819744869662,0.5277777777777778,0.4178240740740741,0.4664082687338502,OC-SVM(t),Robin_office_Sammie,124,office,True
6.0,5.0,0.32786885245901637,0.8333333333333334,0.4705882352941176,12.4,0.8333333333333334,0.0715158924205379,0.3169398907103825,0.3185897435897436,0.317762675617728,OC-SVM(t),Shrew_office_Doris,124,office,True
6.0,5.0,0.5641025641025641,0.8333333333333334,0.672782874617737,35.4,0.8333333333333334,0.057692307692307696,0.5641025641025641,0.31335051907968575,0.40289751022279147,OC-SVM(t),Shrew_office_Ila,124,office,True
6.0,5.0,0.6666666666666666,0.8333333333333334,0.7407407407407408,53.0,0.8333333333333334,0.026402640264026403,0.6419753086419753,0.4441627816627816,0.5250557758548645,OC-SVM(t),Shrew_office_Kenneth,124,office,True
6.0,4.0,0.12903225806451613,0.6666666666666666,0.2162162162162162,1.0,0.6666666666666666,0.05873993368072004,0.12903225806451613,0.4444444444444444,0.19999999999999998,OC-SVM(t),Shrew_office_Nora,124,office,True
6.0,5.0,0.7037037037037037,0.8333333333333334,0.7630522088353413,55.0,0.8333333333333334,0.03659305993690852,0.6691358024691358,0.28776655443322113,0.40245465576609535,OC-SVM(t),Shrew_office_Sherill,124,office,True
6.0,5.0,0.2894736842105263,0.8333333333333334,0.42968750000000006,28.0,0.8333333333333334,0.07286922576447626,0.2894736842105263,0.30265151515151517,0.29591596242550755,OC-SVM(t),Wolf_office_Darleen,124,office,True
6.0,3.0,0.3050847457627119,0.5,0.37894736842105264,3.6666666666666665,0.5,0.06670567583382095,0.2830508474576271,0.1675347222222222,0.21048541406806115,OC-SVM(t),Wolf_retail_Harriett,124,retail,False
6.0,6.0,0.2571428571428571,1.0,0.40909090909090906,28.166666666666668,1.0,0.06775067750677506,0.2571428571428571,0.391358024691358,0.31036170791406037,OC-SVM(t),Wolf_retail_Marcella,124,retail,False
6.0,5.0,0.325,0.8333333333333334,0.4676258992805756,15.4,0.8333333333333334,0.056246619794483504,0.3125,0.2847222222222222,0.2979651162790698,OC-SVM(t),Wolf_retail_Toshia,124,retail,False
6.0,2.0,0.5,0.3333333333333333,0.4,24.0,0.3333333333333333,0.11444308445532436,0.2604166666666667,0.26080246913580246,0.26060942511719715,LSTM-AE(t),Fox_education_Henrietta,124,education,False
6.0,3.0,0.75,0.5,0.6,0.0,0.5,0.08270676691729323,0.3611111111111111,0.38888888888888884,0.3744855967078189,LSTM-AE(t),Fox_retail_Manie,124,retail,False
6.0,2.0,1.0,0.3333333333333333,0.5,2.5,0.3333333333333333,0.02261123267687819,0.8632154882154882,0.29179292929292927,0.43615297014160115,LSTM-AE(t),Hog_education_Bruno,124,education,False
6.0,1.0,0.3333333333333333,0.16666666666666666,0.2222222222222222,66.0,0.16666666666666666,0.10030959752321982,0.25,0.075,0.11538461538461538,LSTM-AE(t),Hog_education_Caridad,124,education,False
6.0,3.0,1.0,0.5,0.6666666666666666,32.666666666666664,0.5,0.05904288377874456,0.6246693121693121,0.3819444444444444,0.4740427434661994,LSTM-AE(t),Hog_education_Luvenia,124,education,False
6.0,2.0,1.0,0.3333333333333333,0.5,57.0,0.3333333333333333,0.01875,0.9166666666666666,0.21626984126984128,0.3499708114419148,LSTM-AE(t),Hog_office_Almeda,124,office,True
6.0,3.0,0.6666666666666666,0.5,0.5714285714285715,0.0,0.5,0.11178045515394913,0.11574074074074074,0.3553240740740741,0.17460642460642462,LSTM-AE(t),Hog_office_Cortney,124,office,True
6.0,5.0,1.0,0.8333333333333334,0.9090909090909091,0.0,0.8333333333333334,0.13119266055045872,0.04875341530054645,0.8333333333333334,0.09211757493627593,LSTM-AE(t),Hog_office_Denita,124,office,True
6.0,4.0,0.5,0.6666666666666666,0.5714285714285715,4.75,0.6666666666666666,0.14114968696642002,0.2916666666666667,0.42864583333333334,0.3471318389973488,LSTM-AE(t),Hog_office_Garrett,124,office,True
6.0,3.0,1.0,0.5,0.6666666666666666,53.0,0.5,0.052854122621564484,0.6675925925925926,0.28499278499278496,0.3994583093135171,LSTM-AE(t),Hog_office_Lavon,124,office,True
6.0,2.0,0.5,0.3333333333333333,0.4,0.0,0.3333333333333333,0.07641921397379912,0.2625,0.20833333333333334,0.23230088495575224,LSTM-AE(t),Hog_office_Merilyn,124,office,True
6.0,4.0,0.6666666666666666,0.6666666666666666,0.6666666666666666,68.5,0.6666666666666666,0.10159744408945687,0.48492242242242245,0.2839506172839506,0.3581710219264805,LSTM-AE(t),Hog_office_Miriam,124,office,True
6.0,3.0,0.75,0.5,0.6,10.666666666666666,0.5,0.10478359908883828,0.19374999999999998,0.45555555555555555,0.2718716577540107,LSTM-AE(t),Hog_office_Napoleon,124,office,True
6.0,2.0,1.0,0.3333333333333333,0.5,15.5,0.3333333333333333,0.04156769596199525,0.6759259259259259,0.2720959595959596,0.3880009865581453,LSTM-AE(t),Hog_office_Shawna,124,office,True
6.0,3.0,1.0,0.5,0.6666666666666666,64.33333333333333,0.5,0.060240963855421686,0.6559658460856066,0.3775522317188984,0.4792589011062128,LSTM-AE(t),Hog_office_Shawnna,124,office,True
6.0,4.0,0.375,0.6666666666666666,0.4800000000000001,67.25,0.6666666666666666,0.2244640605296343,0.2191840277777778,0.40017361111111116,0.28323430078642065,LSTM-AE(t),Hog_office_Sherrie,124,office,True
6.0,4.0,1.0,0.6666666666666666,0.8,65.75,0.6666666666666666,0.059904697072838665,0.7118055555555556,0.460978835978836,0.5595696852922286,LSTM-AE(t),Hog_office_Shon,124,office,True
6.0,3.0,0.5714285714285714,0.5,0.5333333333333333,35.666666666666664,0.5,0.17953216374269007,0.2895833333333333,0.37326388888888884,0.3261415226121879,LSTM-AE(t),Hog_office_Sydney,124,office,True
6.0,1.0,0.3333333333333333,0.16666666666666666,0.2222222222222222,0.0,0.16666666666666666,0.11395027624309392,0.013888888888888888,0.16666666666666666,0.02564102564102564,LSTM-AE(t),Hog_office_Valda,124,office,True
6.0,1.0,1.0,0.16666666666666666,0.2857142857142857,0.0,0.16666666666666666,0.024402907580477674,0.020833333333333332,0.16666666666666666,0.037037037037037035,LSTM-AE(t),Lamb_education_Armando,124,education,False
6.0,0.0,0.0,0.0,0.0,,0.0,0.02064409578860446,0.0,0.0,0.0,LSTM-AE(t),Lamb_education_Eula,124,education,False
6.0,2.0,0.5,0.3333333333333333,0.4,0.0,0.3333333333333333,0.13905683192261184,0.0625,0.3333333333333333,0.10526315789473684,LSTM-AE(t),Lamb_education_Lazaro,124,education,False
6.0,3.0,1.0,0.5,0.6666666666666666,15.666666666666666,0.5,0.08296943231441048,0.525,0.35000000000000003,0.42000000000000004,LSTM-AE(t),Lamb_education_Lucas,124,education,False
6.0,3.0,0.6666666666666666,0.5,0.5714285714285715,0.0,0.5,0.08571428571428572,0.05092592592592593,0.5,0.09243697478991597,LSTM-AE(t),Lamb_education_Mae,124,education,False
,,,,,,,,0.0,,,LSTM-AE(t),Lamb_education_Willetta,124,education,False
6.0,0.0,0.0,0.0,0.0,,0.0,0.0281524926686217,0.0,0.0,0.0,LSTM-AE(t),Lamb_education_Williams,124,education,False
6.0,3.0,1.0,0.5,0.6666666666666666,0.0,0.5,0.08188757807078417,0.3388888888888889,0.21268939393939398,0.2613521040784404,LSTM-AE(t),Lamb_office_Caitlin,124,office,True
6.0,1.0,0.25,0.16666666666666666,0.2,0.0,0.16666666666666666,0.10805300713557595,0.010416666666666666,0.16666666666666666,0.0196078431372549,LSTM-AE(t),Lamb_office_Velma,124,office,True
6.0,2.0,0.6666666666666666,0.3333333333333333,0.4444444444444444,39.5,0.3333333333333333,0.07594128908742821,0.33796296296296297,0.1673611111111111,0.22386369420267724,LSTM-AE(t),Rat_retail_Jeffrey,124,retail,False
6.0,2.0,1.0,0.3333333333333333,0.5,13.5,0.3333333333333333,0.041796631316281974,0.5347222222222222,0.30303030303030304,0.3868374780205978,LSTM-AE(t),Robin_education_Zenia,124,education,False
6.0,3.0,0.75,0.5,0.6,32.666666666666664,0.5,0.1210817455439459,0.2743055555555556,0.43194444444444446,0.33553206598929314,LSTM-AE(t),Robin_office_Dina,124,office,True
6.0,3.0,1.0,0.5,0.6666666666666666,0.0,0.5,0.07542983915696062,0.05555555555555555,0.5,0.09999999999999999,LSTM-AE(t),Robin_office_Sammie,124,office,True
6.0,3.0,0.6666666666666666,0.5,0.5714285714285715,38.333333333333336,0.5,0.0678484107579462,0.11045828437132786,0.34027777777777773,0.16677831085362543,LSTM-AE(t),Shrew_office_Doris,124,office,True
6.0,3.0,0.75,0.5,0.6,140.0,0.5,0.11538461538461539,0.5625,0.18479061447811448,0.27819089021084864,LSTM-AE(t),Shrew_office_Ila,124,office,True
6.0,3.0,0.6666666666666666,0.5,0.5714285714285715,74.33333333333333,0.5,0.11617161716171617,0.4712301587301588,0.3315850815850816,0.3892623925936808,LSTM-AE(t),Shrew_office_Kenneth,124,office,True
6.0,3.0,0.75,0.5,0.6,0.0,0.5,0.06489815253434392,0.051705917874396136,0.5,0.0937200711451635,LSTM-AE(t),Shrew_office_Nora,124,office,True
6.0,2.0,1.0,0.3333333333333333,0.5,96.0,0.3333333333333333,0.056782334384858045,0.41366959064327485,0.21212121212121213,0.28043906876643765,LSTM-AE(t),Shrew_office_Sherill,124,office,True
6.0,0.0,0.0,0.0,0.0,,0.0,0.031229668184775537,0.0,0.0,0.0,LSTM-AE(t),Wolf_office_Darleen,124,office,True
6.0,1.0,0.3333333333333333,0.16666666666666666,0.2222222222222222,86.0,0.16666666666666666,0.035693387946167346,0.29444444444444445,0.0920138888888889,0.1402116402116402,LSTM-AE(t),Wolf_retail_Harriett,124,retail,False
6.0,1.0,0.5,0.16666666666666666,0.25,0.0,0.16666666666666666,0.061788617886178863,0.026041666666666668,0.16666666666666666,0.04504504504504505,LSTM-AE(t),Wolf_retail_Marcella,124,retail,False
6.0,3.0,0.6,0.5,0.5454545454545454,10.0,0.5,0.08328826392644673,0.16014302059496568,0.4479166666666667,0.2359331805003034,LSTM-AE(t),Wolf_retail_Toshia,124,retail,False
6.0,3.0,0.7333333333333333,0.5,0.5945945945945945,17.666666666666668,0.5,0.009778357235984355,0.7333333333333333,0.09861111111111111,0.17384529771841958,PatchTST-SSL(HoD-cond),Fox_education_Henrietta,125,education,False
6.0,5.0,0.3333333333333333,0.8333333333333334,0.47619047619047616,50.8,0.8333333333333334,0.07625542467451953,0.28055555555555556,0.49467592592592596,0.35804551939219004,PatchTST-SSL(HoD-cond),Fox_retail_Manie,125,retail,False
6.0,5.0,0.8666666666666667,0.8333333333333334,0.8496732026143791,12.0,0.8333333333333334,0.004281345565749235,0.8666666666666667,0.49252645502645503,0.6281024443254992,PatchTST-SSL(HoD-cond),Hog_education_Bruno,125,education,False
6.0,4.0,0.5,0.6666666666666666,0.5714285714285715,25.75,0.6666666666666666,0.02110279101429544,0.5,0.2100308641975309,0.2958052597261465,PatchTST-SSL(HoD-cond),Hog_education_Caridad,125,education,False
6.0,5.0,0.9473684210526315,0.8333333333333334,0.8866995073891626,7.8,0.8333333333333334,0.0005701254275940707,0.9473684210526315,0.5054783950617284,0.6592219684751041,PatchTST-SSL(HoD-cond),Hog_education_Luvenia,125,education,False
6.0,4.0,0.84375,0.6666666666666666,0.7448275862068966,4.25,0.6666666666666666,0.006688963210702341,0.84375,0.30516975308641975,0.44822447951645406,PatchTST-SSL(HoD-cond),Hog_office_Almeda,125,office,True
6.0,4.0,1.0,0.6666666666666666,0.8,10.75,0.6666666666666666,0.0,1.0,0.3426587301587301,0.5104182059997044,PatchTST-SSL(HoD-cond),Hog_office_Cortney,125,office,True
6.0,5.0,0.8823529411764706,0.8333333333333334,0.8571428571428571,15.4,0.8333333333333334,0.0010314595152140279,0.8823529411764706,0.4756944444444445,0.6181380658745677,PatchTST-SSL(HoD-cond),Hog_office_Denita,125,office,True
6.0,5.0,0.68,0.8333333333333334,0.748898678414097,23.0,0.8333333333333334,0.007202216066481994,0.68,0.5127525252525252,0.5846505621070015,PatchTST-SSL(HoD-cond),Hog_office_Garrett,125,office,True
6.0,2.0,0.2857142857142857,0.3333333333333333,0.30769230769230765,1.5,0.3333333333333333,0.016294508147254073,0.2857142857142857,0.2333333333333333,0.2568807339449541,PatchTST-SSL(HoD-cond),Hog_office_Lavon,125,office,True
6.0,5.0,0.75,0.8333333333333334,0.7894736842105262,15.8,0.8333333333333334,0.0009799118079372856,0.75,0.4763888888888889,0.5826727066817666,PatchTST-SSL(HoD-cond),Hog_office_Merilyn,125,office,True
6.0,5.0,0.9142857142857143,0.8333333333333334,0.8719346049046321,47.2,0.8333333333333334,0.002178649237472767,0.9142857142857143,0.3141203703703704,0.4675909225509462,PatchTST-SSL(HoD-cond),Hog_office_Miriam,125,office,True
6.0,3.0,0.75,0.5,0.6,1.6666666666666667,0.5,0.0005787037037037037,0.75,0.2833333333333333,0.4112903225806452,PatchTST-SSL(HoD-cond),Hog_office_Napoleon,125,office,True
6.0,5.0,0.7142857142857143,0.8333333333333334,0.7692307692307692,23.2,0.8333333333333334,0.0015991471215351812,0.7142857142857143,0.44940476190476186,0.5516989404457434,PatchTST-SSL(HoD-cond),Hog_office_Shawna,125,office,True
6.0,5.0,0.45,0.8333333333333334,0.5844155844155844,20.4,0.8333333333333334,0.01552967276760954,0.42000000000000004,0.23596230158730158,0.30216421409234584,PatchTST-SSL(HoD-cond),Hog_office_Shawnna,125,office,True
6.0,4.0,0.5,0.6666666666666666,0.5714285714285715,35.5,0.6666666666666666,0.011402508551881414,0.47619047619047616,0.3296296296296296,0.38958196541912893,PatchTST-SSL(HoD-cond),Hog_office_Sherrie,125,office,True
6.0,4.0,0.972972972972973,0.6666666666666666,0.7912087912087912,60.75,0.6666666666666666,0.0007955449482895784,0.972972972972973,0.30052231718898387,0.4592087535131856,PatchTST-SSL(HoD-cond),Hog_office_Shon,125,office,True
6.0,5.0,0.5,0.8333333333333334,0.625,14.8,0.8333333333333334,0.022857142857142857,0.5,0.41442307692307695,0.45320715036803366,PatchTST-SSL(HoD-cond),Hog_office_Sydney,125,office,True
6.0,5.0,0.88,0.8333333333333334,0.8560311284046693,16.8,0.8333333333333334,0.001948051948051948,0.88,0.37406517094017094,0.5249764654265402,PatchTST-SSL(HoD-cond),Hog_office_Valda,125,office,True
6.0,4.0,1.0,0.6666666666666666,0.8,29.0,0.6666666666666666,0.0,1.0,0.3813131313131313,0.5521023765996345,PatchTST-SSL(HoD-cond),Lamb_education_Armando,125,education,False
6.0,4.0,0.4482758620689655,0.6666666666666666,0.536082474226804,11.0,0.6666666666666666,0.01015228426395939,0.4482758620689655,0.4637345679012346,0.45587420135951223,PatchTST-SSL(HoD-cond),Lamb_education_Eula,125,education,False
6.0,2.0,0.5,0.3333333333333333,0.4,13.0,0.3333333333333333,0.03524229074889868,0.5,0.13194444444444445,0.2087912087912088,PatchTST-SSL(HoD-cond),Lamb_education_Lazaro,125,education,False
6.0,5.0,0.5555555555555556,0.8333333333333334,0.6666666666666667,43.2,0.8333333333333334,0.011860637509266123,0.5555555555555556,0.2504709796376463,0.3452753430996733,PatchTST-SSL(HoD-cond),Lamb_education_Lucas,125,education,False
6.0,6.0,0.44,1.0,0.6111111111111112,25.166666666666668,1.0,0.01596351197263398,0.44,0.40972222222222227,0.42432167374959134,PatchTST-SSL(HoD-cond),Lamb_education_Mae,125,education,False
,,,,,,,,0.0,,,PatchTST-SSL(HoD-cond),Lamb_education_Willetta,125,education,False
6.0,3.0,0.3333333333333333,0.5,0.4,42.0,0.5,0.017391304347826087,0.3333333333333333,0.19930555555555554,0.24945675793133418,PatchTST-SSL(HoD-cond),Lamb_education_Williams,125,education,False
6.0,4.0,0.16666666666666666,0.6666666666666666,0.26666666666666666,24.75,0.6666666666666666,0.10356933879461673,0.16666666666666666,0.26996527777777773,0.2060967528164347,PatchTST-SSL(HoD-cond),Lamb_office_Caitlin,125,office,True
6.0,4.0,0.7916666666666666,0.6666666666666666,0.7238095238095237,106.25,0.6666666666666666,0.01076158940397351,0.7916666666666666,0.034981511544011544,0.06700237747805493,PatchTST-SSL(HoD-cond),Lamb_office_Velma,125,office,True
6.0,6.0,0.425531914893617,1.0,0.5970149253731344,2.5,1.0,0.04797687861271676,0.41134751773049644,0.5333498677248677,0.46447073432887986,PatchTST-SSL(HoD-cond),Rat_retail_Jeffrey,125,retail,False
6.0,6.0,0.375,1.0,0.5454545454545454,36.0,1.0,0.03547400611620795,0.375,0.419753086419753,0.39611650485436894,PatchTST-SSL(HoD-cond),Robin_education_Zenia,125,education,False
6.0,5.0,0.8333333333333334,0.8333333333333334,0.8333333333333334,13.0,0.8333333333333334,0.0022484541877459247,0.8333333333333334,0.3161706349206349,0.4584160409654498,PatchTST-SSL(HoD-cond),Robin_office_Dina,125,office,True
6.0,2.0,0.9130434782608695,0.3333333333333333,0.48837209302325574,53.5,0.3333333333333333,0.002008032128514056,0.9130434782608695,0.030671296296296294,0.05934892153464686,PatchTST-SSL(HoD-cond),Robin_office_Sammie,125,office,True
6.0,5.0,0.8571428571428571,0.8333333333333334,0.8450704225352113,33.2,0.8333333333333334,0.001693002257336343,0.8571428571428571,0.4038690476190476,0.549040763343336,PatchTST-SSL(HoD-cond),Shrew_office_Doris,125,office,True
6.0,5.0,0.8888888888888888,0.8333333333333334,0.8602150537634408,89.8,0.8333333333333334,0.002390438247011952,0.8888888888888888,0.1494626322751323,0.25589729571449177,PatchTST-SSL(HoD-cond),Shrew_office_Ila,125,office,True
6.0,5.0,0.3333333333333333,0.8333333333333334,0.47619047619047616,2.6,0.8333333333333334,0.0091792656587473,0.3333333333333333,0.5009920634920635,0.4003170828378914,PatchTST-SSL(HoD-cond),Shrew_office_Kenneth,125,office,True
6.0,6.0,0.8235294117647058,1.0,0.9032258064516129,32.833333333333336,1.0,0.0036809815950920245,0.8235294117647058,0.19944058641975312,0.32111438088656646,PatchTST-SSL(HoD-cond),Shrew_office_Nora,125,office,True
6.0,5.0,0.6923076923076923,0.8333333333333334,0.7563025210084034,25.4,0.8333333333333334,0.009495982468955442,0.6923076923076923,0.27141203703703703,0.3899487274238995,PatchTST-SSL(HoD-cond),Shrew_office_Sherill,125,office,True
6.0,3.0,0.7647058823529411,0.5,0.6046511627906976,19.666666666666668,0.5,0.004819277108433735,0.7647058823529411,0.26851851851851855,0.3974696889826041,PatchTST-SSL(HoD-cond),Wolf_office_Darleen,125,office,True
6.0,5.0,0.6666666666666666,0.8333333333333334,0.7407407407407408,13.4,0.8333333333333334,0.004160166406656267,0.6666666666666666,0.4375,0.5283018867924528,PatchTST-SSL(HoD-cond),Wolf_retail_Harriett,125,retail,False
6.0,3.0,0.4117647058823529,0.5,0.45161290322580644,66.0,0.5,0.015272727272727273,0.4117647058823529,0.11741622574955908,0.18272713460209478,PatchTST-SSL(HoD-cond),Wolf_retail_Marcella,125,retail,False
6.0,4.0,0.6,0.6666666666666666,0.631578947368421,114.0,0.6666666666666666,0.00554016620498615,0.6,0.11922674162257496,0.19892487537979947,PatchTST-SSL(HoD-cond),Wolf_retail_Toshia,125,retail,False
6.0,2.0,0.6842105263157895,0.3333333333333333,0.44827586206896547,23.0,0.3333333333333333,0.016297262059973925,0.6842105263157895,0.07708333333333334,0.13855681981852228,PatchTST-SSL(HoW-cond),Fox_education_Henrietta,125,education,False
6.0,5.0,0.25,0.8333333333333334,0.3846153846153846,55.0,0.8333333333333334,0.07997520148791072,0.19957386363636365,0.4914351851851852,0.2838678272057984,PatchTST-SSL(HoW-cond),Fox_retail_Manie,125,retail,False
6.0,5.0,0.7027027027027027,0.8333333333333334,0.7624633431085044,11.2,0.8333333333333334,0.01651376146788991,0.7027027027027027,0.5233630952380953,0.5999166800612763,PatchTST-SSL(HoW-cond),Hog_education_Bruno,125,education,False
6.0,4.0,0.8,0.6666666666666666,0.7272727272727272,2.0,0.6666666666666666,0.019741320626276378,0.7387096774193548,0.24259259259259258,0.365240153405978,PatchTST-SSL(HoW-cond),Hog_education_Caridad,125,education,False
6.0,5.0,0.8695652173913043,0.8333333333333334,0.851063829787234,7.8,0.8333333333333334,0.0017103762827822121,0.8695652173913043,0.5236111111111111,0.6536344328377617,PatchTST-SSL(HoW-cond),Hog_education_Luvenia,125,education,False
6.0,5.0,0.7837837837837838,0.8333333333333334,0.8077994428969358,20.2,0.8333333333333334,0.026755852842809364,0.7837837837837838,0.3050154320987654,0.4391372550521833,PatchTST-SSL(HoW-cond),Hog_office_Almeda,125,office,True
6.0,4.0,0.78125,0.6666666666666666,0.7194244604316546,11.25,0.6666666666666666,0.004206730769230769,0.78125,0.37301587301587297,0.5049419853889127,PatchTST-SSL(HoW-cond),Hog_office_Cortney,125,office,True
6.0,5.0,0.6956521739130435,0.8333333333333334,0.7582938388625592,2.4,0.8333333333333334,0.006188757091284167,0.6956521739130435,0.5138888888888888,0.5911133300049926,PatchTST-SSL(HoW-cond),Hog_office_Denita,125,office,True
6.0,5.0,0.6129032258064516,0.8333333333333334,0.7063197026022304,8.6,0.8333333333333334,0.013850415512465374,0.6129032258064516,0.5869949494949495,0.5996693810909066,PatchTST-SSL(HoW-cond),Hog_office_Garrett,125,office,True
6.0,3.0,0.42857142857142855,0.5,0.4615384615384615,21.333333333333332,0.5,0.016898008449004225,0.42857142857142855,0.23564814814814813,0.30409240266852533,PatchTST-SSL(HoW-cond),Hog_office_Lavon,125,office,True
6.0,5.0,0.7777777777777778,0.8333333333333334,0.8045977011494253,16.2,0.8333333333333334,0.0009799118079372856,0.7777777777777778,0.4636574074074074,0.5809766507137382,PatchTST-SSL(HoW-cond),Hog_office_Merilyn,125,office,True
6.0,5.0,0.925,0.8333333333333334,0.8767772511848342,43.6,0.8333333333333334,0.002178649237472767,0.925,0.3560185185185185,0.5141488977231659,PatchTST-SSL(HoW-cond),Hog_office_Miriam,125,office,True
6.0,5.0,0.48148148148148145,0.8333333333333334,0.6103286384976525,26.8,0.8333333333333334,0.009259259259259259,0.48148148148148145,0.3300595238095238,0.39164391562419354,PatchTST-SSL(HoW-cond),Hog_office_Napoleon,125,office,True
6.0,6.0,0.5833333333333334,1.0,0.7368421052631579,15.166666666666666,1.0,0.014392324093816631,0.5833333333333334,0.49520502645502645,0.5356686596146968,PatchTST-SSL(HoW-cond),Hog_office_Shawna,125,office,True
6.0,4.0,0.3548387096774194,0.6666666666666666,0.46315789473684216,26.5,0.6666666666666666,0.013311148086522463,0.3548387096774194,0.2121031746031746,0.2655031102179975,PatchTST-SSL(HoW-cond),Hog_office_Shawnna,125,office,True
6.0,5.0,0.53125,0.8333333333333334,0.648854961832061,25.4,0.8333333333333334,0.014823261117445839,0.53125,0.35235339506172836,0.42369176527092517,PatchTST-SSL(HoW-cond),Hog_office_Sherrie,125,office,True
6.0,4.0,0.9473684210526315,0.6666666666666666,0.782608695652174,47.25,0.6666666666666666,0.0015910898965791568,0.9473684210526315,0.366951566951567,0.5290010496052573,PatchTST-SSL(HoW-cond),Hog_office_Shon,125,office,True
6.0,5.0,0.4666666666666667,0.8333333333333334,0.5982905982905983,11.2,0.8333333333333334,0.02057142857142857,0.4666666666666667,0.42403846153846153,0.4443324937027708,PatchTST-SSL(HoW-cond),Hog_office_Sydney,125,office,True
6.0,6.0,0.9428571428571428,1.0,0.9705882352941176,38.666666666666664,1.0,0.001948051948051948,0.9428571428571428,0.39369658119658113,0.5554578570531339,PatchTST-SSL(HoW-cond),Hog_office_Valda,125,office,True
6.0,5.0,0.65,0.8333333333333334,0.7303370786516855,65.4,0.8333333333333334,0.0077288941736028535,0.65,0.38289141414141414,0.48190819632051823,PatchTST-SSL(HoW-cond),Lamb_education_Armando,125,education,False
6.0,6.0,0.3829787234042553,1.0,0.5538461538461539,3.5,1.0,0.02081218274111675,0.3829787234042553,0.6890432098765432,0.4923199436438537,PatchTST-SSL(HoW-cond),Lamb_education_Eula,125,education,False
6.0,3.0,0.4375,0.5,0.4666666666666667,42.666666666666664,0.5,0.010698552548772814,0.4375,0.065625,0.11413043478260869,PatchTST-SSL(HoW-cond),Lamb_education_Lazaro,125,education,False
6.0,6.0,0.6153846153846154,1.0,0.761904761904762,32.166666666666664,1.0,0.012601927353595256,0.6153846153846154,0.2556329665704666,0.3612156587229656,PatchTST-SSL(HoW-cond),Lamb_education_Lucas,125,education,False
6.0,6.0,0.3333333333333333,1.0,0.5,27.0,1.0,0.028506271379703536,0.3333333333333333,0.4421296296296296,0.3800995024875622,PatchTST-SSL(HoW-cond),Lamb_education_Mae,125,education,False
,,,,,,,,0.0,,,PatchTST-SSL(HoW-cond),Lamb_education_Willetta,125,education,False
6.0,6.0,0.4411764705882353,1.0,0.6122448979591837,41.166666666666664,1.0,0.03678929765886288,0.4313725490196078,0.21216931216931215,0.28443842594831614,PatchTST-SSL(HoW-cond),Lamb_education_Williams,125,education,False
6.0,2.0,0.14705882352941177,0.3333333333333333,0.20408163265306123,20.5,0.3333333333333333,0.04564072557050907,0.14705882352941177,0.1753472222222222,0.1599619892302819,PatchTST-SSL(HoW-cond),Lamb_office_Caitlin,125,office,True
6.0,6.0,0.7441860465116279,1.0,0.8533333333333333,66.5,1.0,0.024006622516556293,0.7441860465116279,0.13374819624819625,0.226744866634017,PatchTST-SSL(HoW-cond),Lamb_office_Velma,125,office,True
6.0,6.0,0.36363636363636365,1.0,0.5333333333333333,2.8333333333333335,1.0,0.06878612716763005,0.35353535353535354,0.45423280423280427,0.3976075399542813,PatchTST-SSL(HoW-cond),Rat_retail_Jeffrey,125,retail,False
6.0,6.0,0.5370370370370371,1.0,0.6987951807228916,25.0,1.0,0.02691131498470948,0.5370370370370371,0.4344135802469136,0.4803047686288354,PatchTST-SSL(HoW-cond),Robin_education_Zenia,125,education,False
6.0,6.0,0.7419354838709677,1.0,0.8518518518518519,11.0,1.0,0.008431703204047217,0.7419354838709677,0.3795634920634921,0.5022057606592742,PatchTST-SSL(HoW-cond),Robin_office_Dina,125,office,True
6.0,3.0,0.9743589743589743,0.5,0.6608695652173913,79.0,0.5,0.001004016064257028,0.9743589743589743,0.048953072390572394,0.09322252299815383,PatchTST-SSL(HoW-cond),Robin_office_Sammie,125,office,True
6.0,6.0,0.8372093023255814,1.0,0.9113924050632911,14.166666666666666,1.0,0.0056433408577878106,0.8372093023255814,0.4907738095238095,0.6188036504453606,PatchTST-SSL(HoW-cond),Shrew_office_Doris,125,office,True
6.0,6.0,0.6875,1.0,0.8148148148148148,79.0,1.0,0.010358565737051793,0.6875,0.21655092592592592,0.3293592369734989,PatchTST-SSL(HoW-cond),Shrew_office_Ila,125,office,True
6.0,6.0,0.3548387096774194,1.0,0.5238095238095238,22.166666666666668,1.0,0.01673866090712743,0.3548387096774194,0.5515873015873015,0.4318599067928259,PatchTST-SSL(HoW-cond),Shrew_office_Kenneth,125,office,True
6.0,6.0,0.8823529411764706,1.0,0.9375,19.166666666666668,1.0,0.004294478527607362,0.8823529411764706,0.35898919753086417,0.5103430624240153,PatchTST-SSL(HoW-cond),Shrew_office_Nora,125,office,True
6.0,6.0,0.782608695652174,1.0,0.878048780487805,19.166666666666668,1.0,0.006574141709276844,0.7608695652173914,0.37982253086419754,0.5067018609336283,PatchTST-SSL(HoW-cond),Shrew_office_Sherill,125,office,True
6.0,4.0,0.7741935483870968,0.6666666666666666,0.7164179104477612,14.0,0.6666666666666666,0.02108433734939759,0.7741935483870968,0.35312499999999997,0.48502190825359925,PatchTST-SSL(HoW-cond),Wolf_office_Darleen,125,office,True
6.0,6.0,0.3888888888888889,1.0,0.56,19.333333333333332,1.0,0.016640665626625067,0.3888888888888889,0.45393518518518516,0.4189020110470262,PatchTST-SSL(HoW-cond),Wolf_retail_Harriett,125,retail,False
6.0,3.0,0.3333333333333333,0.5,0.4,60.666666666666664,0.5,0.027636363636363636,0.3333333333333333,0.14243827160493827,0.19958914477240783,PatchTST-SSL(HoW-cond),Wolf_retail_Marcella,125,retail,False
6.0,5.0,0.5526315789473685,0.8333333333333334,0.6645569620253164,54.4,0.8333333333333334,0.027700831024930747,0.5394736842105263,0.14637070105820107,0.23026547437406228,PatchTST-SSL(HoW-cond),Wolf_retail_Toshia,125,retail,False
6.0,3.0,0.6666666666666666,0.5,0.5714285714285715,18.333333333333332,0.5,0.011734028683181226,0.6666666666666666,0.10555555555555556,0.18225419664268586,HOW-profile(HoW-cond),Fox_education_Henrietta,125,education,False
6.0,5.0,0.34,0.8333333333333334,0.4829545454545455,34.2,0.8333333333333334,0.09919404835709858,0.29833333333333334,0.5150462962962964,0.37781983417762355,HOW-profile(HoW-cond),Fox_retail_Manie,125,retail,False
6.0,5.0,0.625,0.8333333333333334,0.7142857142857143,4.2,0.8333333333333334,0.026299694189602447,0.6145833333333334,0.6601190476190476,0.6365378628687057,HOW-profile(HoW-cond),Hog_education_Bruno,125,education,False
6.0,4.0,0.7692307692307693,0.6666666666666666,0.7142857142857142,12.75,0.6666666666666666,0.008849557522123894,0.7692307692307693,0.2095679012345679,0.3293957843161035,HOW-profile(HoW-cond),Hog_education_Caridad,125,education,False
6.0,5.0,0.8387096774193549,0.8333333333333334,0.8360128617363344,7.2,0.8333333333333334,0.005131128848346636,0.8266129032258065,0.5513888888888889,0.6615160776408623,HOW-profile(HoW-cond),Hog_education_Luvenia,125,education,False
6.0,5.0,0.6666666666666666,0.8333333333333334,0.7407407407407408,14.6,0.8333333333333334,0.03745819397993311,0.6666666666666666,0.31419753086419755,0.4271029997902245,HOW-profile(HoW-cond),Hog_office_Almeda,125,office,True
6.0,5.0,0.5909090909090909,0.8333333333333334,0.6914893617021277,17.6,0.8333333333333334,0.015625,0.5909090909090909,0.41583994708994715,0.48815264941696407,HOW-profile(HoW-cond),Hog_office_Cortney,125,office,True
6.0,5.0,0.7,0.8333333333333334,0.7608695652173915,7.2,0.8333333333333334,0.007735946364105209,0.7,0.5027777777777778,0.5852193995381062,HOW-profile(HoW-cond),Hog_office_Denita,125,office,True
6.0,5.0,0.45,0.8333333333333334,0.5844155844155844,8.2,0.8333333333333334,0.0221606648199446,0.45,0.587121212121212,0.5094959824689553,HOW-profile(HoW-cond),Hog_office_Garrett,125,office,True
6.0,3.0,0.5,0.5,0.5,12.666666666666666,0.5,0.024743512371756187,0.5,0.30624999999999997,0.3798449612403101,HOW-profile(HoW-cond),Hog_office_Lavon,125,office,True
6.0,4.0,0.6666666666666666,0.6666666666666666,0.6666666666666666,1.25,0.6666666666666666,0.0009799118079372856,0.6666666666666666,0.45555555555555555,0.5412541254125413,HOW-profile(HoW-cond),Hog_office_Merilyn,125,office,True
6.0,5.0,0.9555555555555556,0.8333333333333334,0.8902691511387164,25.0,0.8333333333333334,0.0014524328249818446,0.9555555555555556,0.3659722222222223,0.52924621941963,HOW-profile(HoW-cond),Hog_office_Miriam,125,office,True
6.0,5.0,0.2777777777777778,0.8333333333333334,0.4166666666666667,11.8,0.8333333333333334,0.03125,0.2777777777777778,0.3454365079365079,0.30793448654002614,HOW-profile(HoW-cond),Hog_office_Napoleon,125,office,True
6.0,6.0,0.4074074074074074,1.0,0.5789473684210525,11.5,1.0,0.031982942430703626,0.4074074074074074,0.5165343915343915,0.4555263925342665,HOW-profile(HoW-cond),Hog_office_Shawna,125,office,True
6.0,5.0,0.38181818181818183,0.8333333333333334,0.5236907730673317,12.8,0.8333333333333334,0.032723239046034386,0.38181818181818183,0.26532738095238095,0.31308819532997473,HOW-profile(HoW-cond),Hog_office_Shawnna,125,office,True
6.0,4.0,0.5853658536585366,0.6666666666666666,0.6233766233766234,30.0,0.6666666666666666,0.019384264538198404,0.5853658536585366,0.3651234567901234,0.44972794880527145,HOW-profile(HoW-cond),Hog_office_Sherrie,125,office,True
6.0,4.0,0.9166666666666666,0.6666666666666666,0.7719298245614035,35.0,0.6666666666666666,0.002386634844868735,0.9166666666666666,0.3892865622032289,0.5464912639509393,HOW-profile(HoW-cond),Hog_office_Shon,125,office,True
6.0,5.0,0.5111111111111111,0.8333333333333334,0.6336088154269972,6.4,0.8333333333333334,0.018857142857142857,0.5111111111111111,0.4423076923076923,0.4742268041237113,HOW-profile(HoW-cond),Hog_office_Sydney,125,office,True
6.0,6.0,1.0,1.0,1.0,37.0,1.0,0.0,1.0,0.4025774572649572,0.5740537967150677,HOW-profile(HoW-cond),Hog_office_Valda,125,office,True
6.0,5.0,0.45454545454545453,0.8333333333333334,0.5882352941176471,25.4,0.8333333333333334,0.04102259215219976,0.45454545454545453,0.42165404040404036,0.4374823965572578,HOW-profile(HoW-cond),Lamb_education_Armando,125,education,False
6.0,6.0,0.2537313432835821,1.0,0.40476190476190477,3.3333333333333335,1.0,0.06446700507614213,0.2537313432835821,0.6967592592592592,0.3719966558831013,HOW-profile(HoW-cond),Lamb_education_Eula,125,education,False
6.0,1.0,0.16666666666666666,0.16666666666666666,0.16666666666666666,2.0,0.16666666666666666,0.010069225928256766,0.16666666666666666,0.05555555555555555,0.08333333333333333,HOW-profile(HoW-cond),Lamb_education_Lazaro,125,education,False
6.0,6.0,0.7590361445783133,1.0,0.8630136986301369,31.666666666666668,1.0,0.02001482579688658,0.7590361445783133,0.3043818642776976,0.4345174424673222,HOW-profile(HoW-cond),Lamb_education_Lucas,125,education,False
6.0,6.0,0.3877551020408163,1.0,0.5588235294117647,11.0,1.0,0.03420752565564424,0.3877551020408163,0.46342592592592596,0.4222269089455983,HOW-profile(HoW-cond),Lamb_education_Mae,125,education,False
,,,,,,,,0.0,,,HOW-profile(HoW-cond),Lamb_education_Willetta,125,education,False
6.0,5.0,0.6363636363636364,0.8333333333333334,0.7216494845360825,40.4,0.8333333333333334,0.04013377926421405,0.6363636363636364,0.2651124338624339,0.3742926030540206,HOW-profile(HoW-cond),Lamb_education_Williams,125,education,False
6.0,1.0,0.07692307692307693,0.16666666666666666,0.10526315789473684,0.0,0.16666666666666666,0.10473961380924517,0.07692307692307693,0.16666666666666666,0.10526315789473684,HOW-profile(HoW-cond),Lamb_office_Caitlin,125,office,True
6.0,6.0,0.7916666666666666,1.0,0.8837209302325582,39.833333333333336,1.0,0.03228476821192053,0.7916666666666666,0.2426008597883598,0.3713913645870801,HOW-profile(HoW-cond),Lamb_office_Velma,125,office,True
6.0,6.0,0.4074074074074074,1.0,0.5789473684210525,2.8333333333333335,1.0,0.10289017341040463,0.4074074074074074,0.49126984126984125,0.44542570241716545,HOW-profile(HoW-cond),Rat_retail_Jeffrey,125,retail,False
6.0,6.0,0.40476190476190477,1.0,0.576271186440678,8.333333333333334,1.0,0.05137614678899083,0.40476190476190477,0.4265432098765432,0.4153672076659241,HOW-profile(HoW-cond),Robin_education_Zenia,125,education,False
6.0,5.0,0.5490196078431373,0.8333333333333334,0.6619385342789599,8.2,0.8333333333333334,0.02023608768971332,0.5490196078431373,0.345734126984127,0.42428392847437363,HOW-profile(HoW-cond),Robin_office_Dina,125,office,True
6.0,3.0,0.9183673469387755,0.5,0.6474820143884893,63.666666666666664,0.5,0.007028112449799197,0.9183673469387755,0.06799768518518519,0.1266201694255695,HOW-profile(HoW-cond),Robin_office_Sammie,125,office,True
6.0,5.0,0.5675675675675675,0.8333333333333334,0.67524115755627,12.8,0.8333333333333334,0.015237020316027089,0.5675675675675675,0.5273809523809524,0.5467367988010932,HOW-profile(HoW-cond),Shrew_office_Doris,125,office,True
6.0,5.0,0.631578947368421,0.8333333333333334,0.718562874251497,61.2,0.8333333333333334,0.013545816733067729,0.631578947368421,0.22593419312169313,0.3328118792086954,HOW-profile(HoW-cond),Shrew_office_Ila,125,office,True
6.0,6.0,0.38461538461538464,1.0,0.5555555555555556,16.0,1.0,0.0367170626349892,0.38461538461538464,0.5744047619047619,0.46073048460253047,HOW-profile(HoW-cond),Shrew_office_Kenneth,125,office,True
6.0,6.0,0.6379310344827587,1.0,0.7789473684210527,10.166666666666666,1.0,0.017791411042944787,0.6379310344827587,0.4883873456790124,0.5532315731410733,HOW-profile(HoW-cond),Shrew_office_Nora,125,office,True
6.0,6.0,0.746268656716418,1.0,0.8547008547008548,27.833333333333332,1.0,0.016070124178232285,0.746268656716418,0.4544753086419753,0.5649175642365939,HOW-profile(HoW-cond),Shrew_office_Sherill,125,office,True
6.0,4.0,0.6,0.6666666666666666,0.631578947368421,11.25,0.6666666666666666,0.04036144578313253,0.6,0.3971064814814815,0.47791062100986653,HOW-profile(HoW-cond),Wolf_office_Darleen,125,office,True
6.0,6.0,0.22388059701492538,1.0,0.36585365853658536,18.333333333333332,1.0,0.039521580863234526,0.22388059701492538,0.5287037037037038,0.3145601116477221,HOW-profile(HoW-cond),Wolf_retail_Harriett,125,retail,False
6.0,4.0,0.21875,0.6666666666666666,0.32941176470588235,67.5,0.6666666666666666,0.05381818181818182,0.21875,0.17268518518518516,0.19300709639266705,HOW-profile(HoW-cond),Wolf_retail_Marcella,125,retail,False
6.0,5.0,0.75,0.8333333333333334,0.7894736842105262,60.6,0.8333333333333334,0.03393351800554017,0.75,0.23564263668430332,0.35861268767299465,HOW-profile(HoW-cond),Wolf_retail_Toshia,125,retail,False
6.0,3.0,0.6666666666666666,0.5,0.5714285714285715,6.333333333333333,0.5,0.012385919165580182,0.6666666666666666,0.11111111111111112,0.19047619047619047,HOW-profile(global-MAD),Fox_education_Henrietta,125,education,False
6.0,5.0,0.3023255813953488,0.8333333333333334,0.44368600682593856,32.6,0.8333333333333334,0.10663360198388097,0.2650793650793651,0.54375,0.35640868392002945,HOW-profile(global-MAD),Fox_retail_Manie,125,retail,False
6.0,5.0,0.5,0.8333333333333334,0.625,4.6,0.8333333333333334,0.028134556574923548,0.5,0.5996031746031746,0.5452905088415734,HOW-profile(global-MAD),Hog_education_Bruno,125,education,False
6.0,6.0,0.75,1.0,0.8571428571428571,8.166666666666666,1.0,0.018379850238257316,0.75,0.34279100529100526,0.47052593354717664,HOW-profile(global-MAD),Hog_education_Caridad,125,education,False
6.0,5.0,0.391304347826087,0.8333333333333334,0.5325443786982248,7.2,0.8333333333333334,0.014823261117445839,0.375,0.5411265432098765,0.4430009264718269,HOW-profile(global-MAD),Hog_education_Luvenia,125,education,False
6.0,5.0,0.5263157894736842,0.8333333333333334,0.6451612903225806,12.6,0.8333333333333334,0.05016722408026756,0.5263157894736842,0.29845679012345677,0.3809111141748567,HOW-profile(global-MAD),Hog_office_Almeda,125,office,True
6.0,5.0,0.32142857142857145,0.8333333333333334,0.4639175257731959,29.8,0.8333333333333334,0.09375,0.32142857142857145,0.43363095238095245,0.3691930851962386,HOW-profile(global-MAD),Hog_office_Cortney,125,office,True
6.0,5.0,0.2222222222222222,0.8333333333333334,0.3508771929824561,2.2,0.8333333333333334,0.0629190304280557,0.2222222222222222,0.5465277777777778,0.3159690856167821,HOW-profile(global-MAD),Hog_office_Denita,125,office,True
6.0,5.0,0.8333333333333334,0.8333333333333334,0.8333333333333334,12.4,0.8333333333333334,0.00221606648199446,0.8333333333333334,0.548989898989899,0.6619169406893193,HOW-profile(global-MAD),Hog_office_Garrett,125,office,True
6.0,3.0,0.23529411764705882,0.5,0.31999999999999995,10.0,0.5,0.05009052504526252,0.23529411764705882,0.36527777777777776,0.2862195619643586,HOW-profile(global-MAD),Hog_office_Lavon,125,office,True
6.0,5.0,0.7142857142857143,0.8333333333333334,0.7692307692307692,15.8,0.8333333333333334,0.0009799118079372856,0.7142857142857143,0.49120370370370375,0.5821034728699184,HOW-profile(global-MAD),Hog_office_Merilyn,125,office,True
6.0,5.0,0.7741935483870968,0.8333333333333334,0.802675585284281,46.0,0.8333333333333334,0.005083514887436456,0.7741935483870968,0.3717592592592593,0.5023132159566288,HOW-profile(global-MAD),Hog_office_Miriam,125,office,True
6.0,4.0,0.5,0.6666666666666666,0.5714285714285715,30.75,0.6666666666666666,0.00636574074074074,0.5,0.32187499999999997,0.3916349809885932,HOW-profile(global-MAD),Hog_office_Napoleon,125,office,True
6.0,6.0,0.2857142857142857,1.0,0.4444444444444445,4.833333333333333,1.0,0.05063965884861407,0.2857142857142857,0.4844576719576719,0.35944304729190946,HOW-profile(global-MAD),Hog_office_Shawna,125,office,True
6.0,4.0,0.5,0.6666666666666666,0.5714285714285715,17.25,0.6666666666666666,0.004437049362174155,0.5,0.19930555555555554,0.28500496524329694,HOW-profile(global-MAD),Hog_office_Shawnna,125,office,True
6.0,5.0,0.3076923076923077,0.8333333333333334,0.4494382022471911,9.6,0.8333333333333334,0.029076396807297605,0.3076923076923077,0.40976080246913577,0.35146616588005114,HOW-profile(global-MAD),Hog_office_Sherrie,125,office,True
6.0,4.0,0.8378378378378378,0.6666666666666666,0.7425149700598802,36.75,0.6666666666666666,0.02386634844868735,0.8378378378378378,0.2681564577397911,0.40627990153895066,HOW-profile(global-MAD),Hog_office_Shon,125,office,True
6.0,5.0,0.4411764705882353,0.8333333333333334,0.576923076923077,6.8,0.8333333333333334,0.013714285714285714,0.4411764705882353,0.4378205128205128,0.43949208528162664,HOW-profile(global-MAD),Hog_office_Sydney,125,office,True
6.0,6.0,0.8378378378378378,1.0,0.911764705882353,23.833333333333332,1.0,0.005844155844155844,0.8378378378378378,0.316261574074074,0.4591907953136328,HOW-profile(global-MAD),Hog_office_Valda,125,office,True
6.0,4.0,0.25,0.6666666666666666,0.36363636363636365,38.75,0.6666666666666666,0.05172413793103448,0.25,0.37878787878787873,0.30120481927710846,HOW-profile(global-MAD),Lamb_education_Armando,125,education,False
6.0,6.0,0.24,1.0,0.3870967741935484,3.5,1.0,0.06294416243654823,0.23111111111111116,0.6728395061728394,0.3440468602992504,HOW-profile(global-MAD),Lamb_education_Eula,125,education,False
6.0,1.0,0.07142857142857142,0.16666666666666666,0.1,1.0,0.16666666666666666,0.032724984266834484,0.07142857142857142,0.1111111111111111,0.08695652173913043,HOW-profile(global-MAD),Lamb_education_Lazaro,125,education,False
6.0,6.0,0.5632183908045977,1.0,0.7205882352941176,33.0,1.0,0.06449221645663454,0.5632183908045977,0.35848690275773604,0.43811491136256925,HOW-profile(global-MAD),Lamb_education_Lucas,125,education,False
6.0,6.0,0.20512820512820512,1.0,0.3404255319148936,8.0,1.0,0.15222348916761688,0.1908831908831909,0.537962962962963,0.28178261325920856,HOW-profile(global-MAD),Lamb_education_Mae,125,education,False
,,,,,,,,0.0,,,HOW-profile(global-MAD),Lamb_education_Willetta,125,education,False
6.0,4.0,0.38461538461538464,0.6666666666666666,0.4878048780487804,6.0,0.6666666666666666,0.050836120401337795,0.38461538461538464,0.22103174603174602,0.2807318179527241,HOW-profile(global-MAD),Lamb_education_Williams,125,education,False
6.0,1.0,0.2,0.16666666666666666,0.1818181818181818,0.0,0.16666666666666666,0.021064950263311878,0.2,0.16666666666666666,0.1818181818181818,HOW-profile(global-MAD),Lamb_office_Caitlin,125,office,True
6.0,6.0,0.7777777777777778,1.0,0.8750000000000001,32.833333333333336,1.0,0.02152317880794702,0.7698412698412699,0.1484825937950938,0.24894927178284448,HOW-profile(global-MAD),Lamb_office_Velma,125,office,True
6.0,6.0,0.275,1.0,0.4313725490196079,3.8333333333333335,1.0,0.07803468208092486,0.2625,0.44414682539682543,0.3299768356029763,HOW-profile(global-MAD),Rat_retail_Jeffrey,125,retail,False
6.0,5.0,1.0,0.8333333333333334,0.9090909090909091,33.8,0.8333333333333334,0.0,1.0,0.3976851851851852,0.5690626035110964,HOW-profile(global-MAD),Robin_education_Zenia,125,education,False
6.0,6.0,0.46551724137931033,1.0,0.6352941176470588,7.333333333333333,1.0,0.047217537942664416,0.46551724137931033,0.40238095238095234,0.4316526345662662,HOW-profile(global-MAD),Robin_office_Dina,125,office,True
6.0,2.0,0.8604651162790697,0.3333333333333333,0.48051948051948046,18.0,0.3333333333333333,0.01104417670682731,0.8604651162790697,0.08428030303030304,0.15352339215366326,HOW-profile(global-MAD),Robin_office_Sammie,125,office,True
6.0,6.0,0.75,1.0,0.8571428571428571,18.166666666666668,1.0,0.0028216704288939053,0.75,0.6006944444444445,0.6670951156812339,HOW-profile(global-MAD),Shrew_office_Doris,125,office,True
6.0,4.0,0.5,0.6666666666666666,0.5714285714285715,78.25,0.6666666666666666,0.035856573705179286,0.5,0.20410879629629627,0.28988246897345277,HOW-profile(global-MAD),Shrew_office_Ila,125,office,True
6.0,5.0,0.1956521739130435,0.8333333333333334,0.3169014084507042,1.4,0.8333333333333334,0.03995680345572354,0.1956521739130435,0.5466269841269841,0.2881631704340752,HOW-profile(global-MAD),Shrew_office_Kenneth,125,office,True
6.0,5.0,0.7105263157894737,0.8333333333333334,0.7670454545454547,4.6,0.8333333333333334,0.011656441717791411,0.7105263157894737,0.40630787037037036,0.5169835196452482,HOW-profile(global-MAD),Shrew_office_Nora,125,office,True
6.0,6.0,0.6666666666666666,1.0,0.8,19.333333333333332,1.0,0.013878743608473338,0.65,0.3798076923076923,0.4794584500466853,HOW-profile(global-MAD),Shrew_office_Sherill,125,office,True
6.0,4.0,0.3448275862068966,0.6666666666666666,0.4545454545454545,12.5,0.6666666666666666,0.04036144578313253,0.3448275862068966,0.39479166666666665,0.3681219950463795,HOW-profile(global-MAD),Wolf_office_Darleen,125,office,True
6.0,5.0,0.4146341463414634,0.8333333333333334,0.5537459283387621,13.4,0.8333333333333334,0.0249609984399376,0.4146341463414634,0.45601851851851855,0.43434277932689186,HOW-profile(global-MAD),Wolf_retail_Harriett,125,retail,False
6.0,5.0,0.4393939393939394,0.8333333333333334,0.5753968253968255,35.6,0.8333333333333334,0.09236363636363637,0.4337121212121212,0.24521604938271604,0.31329727514430167,HOW-profile(global-MAD),Wolf_retail_Marcella,125,retail,False
6.0,5.0,0.5952380952380952,0.8333333333333334,0.6944444444444444,47.6,0.8333333333333334,0.038781163434903045,0.5952380952380952,0.19195050705467373,0.29028940171752304,HOW-profile(global-MAD),Wolf_retail_Toshia,125,retail,False
6.0,3.0,0.59375,0.5,0.5428571428571428,6.666666666666667,0.5,0.02346805736636245,0.59375,0.16875000000000004,0.2628073770491804,TOWT(HoW-cond),Fox_education_Henrietta,125,education,False
6.0,5.0,0.375,0.8333333333333334,0.5172413793103448,36.8,0.8333333333333334,0.08865468071915684,0.333270202020202,0.5087962962962963,0.4027393199772308,TOWT(HoW-cond),Fox_retail_Manie,125,retail,False
6.0,5.0,0.6410256410256411,0.8333333333333334,0.7246376811594204,7.8,0.8333333333333334,0.02018348623853211,0.6410256410256411,0.6003306878306878,0.6200111201730047,TOWT(HoW-cond),Hog_education_Bruno,125,education,False
6.0,3.0,0.6666666666666666,0.5,0.5714285714285715,21.666666666666668,0.5,0.005445881552076242,0.6666666666666666,0.17500000000000002,0.27722772277227725,TOWT(HoW-cond),Hog_education_Caridad,125,education,False
6.0,6.0,0.875,1.0,0.9333333333333333,9.166666666666666,1.0,0.003990877993158495,0.8645833333333333,0.5486882716049383,0.6713313041420981,TOWT(HoW-cond),Hog_education_Luvenia,125,education,False
6.0,5.0,0.7083333333333334,0.8333333333333334,0.7657657657657657,19.4,0.8333333333333334,0.036120401337792644,0.7083333333333334,0.3677469135802469,0.48414121133897414,TOWT(HoW-cond),Hog_office_Almeda,125,office,True
6.0,4.0,0.5116279069767442,0.6666666666666666,0.5789473684210527,13.5,0.6666666666666666,0.02283653846153846,0.5116279069767442,0.3954365079365079,0.44609037587941747,TOWT(HoW-cond),Hog_office_Cortney,125,office,True
6.0,5.0,0.75,0.8333333333333334,0.7894736842105262,7.2,0.8333333333333334,0.0041258380608561115,0.75,0.5034722222222222,0.6024930747922437,TOWT(HoW-cond),Hog_office_Denita,125,office,True
6.0,5.0,0.9696969696969697,0.8333333333333334,0.896358543417367,6.2,0.8333333333333334,0.000554016620498615,0.9696969696969697,0.5234848484848484,0.6799194379103054,TOWT(HoW-cond),Hog_office_Garrett,125,office,True
6.0,3.0,0.5,0.5,0.5,57.0,0.5,0.0030175015087507543,0.5,0.27100694444444445,0.35149741049313216,TOWT(HoW-cond),Hog_office_Lavon,125,office,True
6.0,5.0,0.46153846153846156,0.8333333333333334,0.594059405940594,16.2,0.8333333333333334,0.012738853503184714,0.46153846153846156,0.49583333333333335,0.47807164378975564,TOWT(HoW-cond),Hog_office_Merilyn,125,office,True
6.0,5.0,0.9545454545454546,0.8333333333333334,0.8898305084745762,44.4,0.8333333333333334,0.0014524328249818446,0.9545454545454546,0.36550925925925926,0.5286071832804604,TOWT(HoW-cond),Hog_office_Miriam,125,office,True
6.0,5.0,0.2962962962962963,0.8333333333333334,0.4371584699453551,11.6,0.8333333333333334,0.032407407407407406,0.2962962962962963,0.3806299603174603,0.3332098478957946,TOWT(HoW-cond),Hog_office_Napoleon,125,office,True
6.0,6.0,0.3333333333333333,1.0,0.5,14.166666666666666,1.0,0.03304904051172708,0.3333333333333333,0.5064484126984127,0.40204764717464064,TOWT(HoW-cond),Hog_office_Shawna,125,office,True
6.0,4.0,0.4,0.6666666666666666,0.5,31.5,0.6666666666666666,0.0066555740432612314,0.4,0.19717261904761904,0.26414153999501616,TOWT(HoW-cond),Hog_office_Shawnna,125,office,True
6.0,4.0,0.34285714285714286,0.6666666666666666,0.4528301886792453,50.0,0.6666666666666666,0.020524515393386546,0.34285714285714286,0.3515432098765432,0.34714585053019237,TOWT(HoW-cond),Hog_office_Sherrie,125,office,True
6.0,4.0,1.0,0.6666666666666666,0.8,51.5,0.6666666666666666,0.0,1.0,0.34915123456790126,0.5175865027166142,TOWT(HoW-cond),Hog_office_Shon,125,office,True
6.0,5.0,0.5142857142857142,0.8333333333333334,0.6360424028268551,15.0,0.8333333333333334,0.010285714285714285,0.5142857142857142,0.43493589743589745,0.4712941970961362,TOWT(HoW-cond),Hog_office_Sydney,125,office,True
6.0,6.0,0.92,1.0,0.9583333333333334,32.166666666666664,1.0,0.0012987012987012987,0.92,0.3837695868945869,0.5416110691521544,TOWT(HoW-cond),Hog_office_Valda,125,office,True
6.0,5.0,0.8235294117647058,0.8333333333333334,0.8284023668639053,54.8,0.8333333333333334,0.0017835909631391202,0.8235294117647058,0.39652777777777776,0.5353065255968125,TOWT(HoW-cond),Lamb_education_Armando,125,education,False
6.0,5.0,0.24242424242424243,0.8333333333333334,0.375586854460094,3.8,0.8333333333333334,0.04568527918781726,0.24242424242424243,0.6165123456790124,0.34800598883898193,TOWT(HoW-cond),Lamb_education_Eula,125,education,False
6.0,1.0,0.1111111111111111,0.16666666666666666,0.13333333333333333,1.0,0.16666666666666666,0.010698552548772814,0.1111111111111111,0.1111111111111111,0.1111111111111111,TOWT(HoW-cond),Lamb_education_Lazaro,125,education,False
6.0,6.0,0.6097560975609756,1.0,0.7575757575757575,46.166666666666664,1.0,0.01704966641957005,0.6097560975609756,0.25617659732243064,0.3607791764712316,TOWT(HoW-cond),Lamb_education_Lucas,125,education,False
6.0,5.0,0.45454545454545453,0.8333333333333334,0.5882352941176471,53.8,0.8333333333333334,0.003990877993158495,0.45454545454545453,0.4284722222222222,0.441123900764996,TOWT(HoW-cond),Lamb_education_Mae,125,education,False
,,,,,,,,0.0,,,TOWT(HoW-cond),Lamb_education_Willetta,125,education,False
6.0,5.0,0.5789473684210527,0.8333333333333334,0.6832298136645962,34.0,0.8333333333333334,0.02608695652173913,0.5789473684210527,0.24880952380952379,0.3480432972522897,TOWT(HoW-cond),Lamb_education_Williams,125,education,False
6.0,1.0,0.08333333333333333,0.16666666666666666,0.1111111111111111,0.0,0.16666666666666666,0.035693387946167346,0.08333333333333333,0.16666666666666666,0.1111111111111111,TOWT(HoW-cond),Lamb_office_Caitlin,125,office,True
6.0,5.0,0.8260869565217391,0.8333333333333334,0.8296943231441049,45.2,0.8333333333333334,0.020695364238410598,0.8260869565217391,0.1517857142857143,0.2564509726081779,TOWT(HoW-cond),Lamb_office_Velma,125,office,True
6.0,6.0,0.3157894736842105,1.0,0.4799999999999999,3.8333333333333335,1.0,0.039884393063583816,0.30116959064327486,0.41455026455026456,0.3488793347556455,TOWT(HoW-cond),Rat_retail_Jeffrey,125,retail,False
6.0,6.0,0.43,1.0,0.6013986013986015,7.833333333333333,1.0,0.06972477064220184,0.43,0.42037037037037034,0.4251306620209059,TOWT(HoW-cond),Robin_education_Zenia,125,education,False
6.0,5.0,0.5,0.8333333333333334,0.625,8.0,0.8333333333333334,0.021922428330522766,0.5,0.34097222222222223,0.40545004128819156,TOWT(HoW-cond),Robin_office_Dina,125,office,True
6.0,3.0,1.0,0.5,0.6666666666666666,81.33333333333333,0.5,0.0,1.0,0.06552504208754208,0.12299108796010563,TOWT(HoW-cond),Robin_office_Sammie,125,office,True
6.0,5.0,0.5833333333333334,0.8333333333333334,0.6862745098039216,12.8,0.8333333333333334,0.017494356659142212,0.5833333333333334,0.5188492063492064,0.5492049204920493,TOWT(HoW-cond),Shrew_office_Doris,125,office,True
6.0,5.0,0.7368421052631579,0.8333333333333334,0.782122905027933,56.6,0.8333333333333334,0.011155378486055778,0.7368421052631579,0.21225198412698412,0.3295694295829081,TOWT(HoW-cond),Shrew_office_Ila,125,office,True
6.0,4.0,0.625,0.6666666666666666,0.6451612903225806,23.25,0.6666666666666666,0.0016198704103671706,0.625,0.3363095238095238,0.4373065015479876,TOWT(HoW-cond),Shrew_office_Kenneth,125,office,True
6.0,6.0,0.6779661016949152,1.0,0.8080808080808081,12.333333333333334,1.0,0.014723926380368098,0.6779661016949152,0.4687114197530864,0.5542455452839345,TOWT(HoW-cond),Shrew_office_Nora,125,office,True
6.0,6.0,0.8333333333333334,1.0,0.9090909090909091,31.0,1.0,0.009495982468955442,0.825,0.44002255460588796,0.5739322294738917,TOWT(HoW-cond),Shrew_office_Sherill,125,office,True
6.0,3.0,0.6451612903225806,0.5,0.5633802816901409,13.666666666666666,0.5,0.03674698795180723,0.6451612903225806,0.23564814814814813,0.3452076162701978,TOWT(HoW-cond),Wolf_office_Darleen,125,office,True
6.0,6.0,0.30303030303030304,1.0,0.4651162790697675,18.333333333333332,1.0,0.0343213728549142,0.30303030303030304,0.537962962962963,0.38768224735595375,TOWT(HoW-cond),Wolf_retail_Harriett,125,retail,False
6.0,5.0,0.325,0.8333333333333334,0.4676258992805756,85.0,0.8333333333333334,0.05454545454545454,0.325,0.18640873015873016,0.23692531522793403,TOWT(HoW-cond),Wolf_retail_Marcella,125,retail,False
6.0,5.0,0.6739130434782609,0.8333333333333334,0.7451923076923077,32.4,0.8333333333333334,0.04224376731301939,0.6739130434782609,0.24136078042328038,0.35542626449860876,TOWT(HoW-cond),Wolf_retail_Toshia,125,retail,False
6.0,3.0,0.5416666666666666,0.5,0.52,18.0,0.5,0.01303780964797914,0.5416666666666666,0.11111111111111112,0.18439716312056736,HOW-profile+z,Fox_education_Henrietta,125,education,False
6.0,5.0,0.32727272727272727,0.8333333333333334,0.46997389033942566,36.0,0.8333333333333334,0.10167389956602604,0.29848484848484846,0.519212962962963,0.37905739849533765,HOW-profile+z,Fox_retail_Manie,125,retail,False
6.0,5.0,0.6829268292682927,0.8333333333333334,0.7506702412868633,4.2,0.8333333333333334,0.02507645259938838,0.6666666666666667,0.6609457671957671,0.6637938907846996,HOW-profile+z,Hog_education_Bruno,125,education,False
6.0,4.0,0.75,0.6666666666666666,0.7058823529411765,9.5,0.6666666666666666,0.009530292716133424,0.75,0.3021604938271605,0.4307714872396597,HOW-profile+z,Hog_education_Caridad,125,education,False
6.0,6.0,0.8571428571428571,1.0,0.923076923076923,9.333333333333334,1.0,0.005131128848346636,0.8404761904761904,0.49583333333333335,0.6237119524870082,HOW-profile+z,Hog_education_Luvenia,125,education,False
6.0,5.0,0.5625,0.8333333333333334,0.6716417910447761,12.4,0.8333333333333334,0.04280936454849498,0.5625,0.3103395061728395,0.39999557991513435,HOW-profile+z,Hog_office_Almeda,125,office,True
6.0,6.0,0.5531914893617021,1.0,0.7123287671232876,36.5,1.0,0.015024038461538462,0.5531914893617021,0.41340939153439155,0.47319335526988615,HOW-profile+z,Hog_office_Cortney,125,office,True
6.0,5.0,0.6923076923076923,0.8333333333333334,0.7563025210084034,11.4,0.8333333333333334,0.007220216606498195,0.6923076923076923,0.4979166666666666,0.5792379157129393,HOW-profile+z,Hog_office_Denita,125,office,True
6.0,5.0,0.6111111111111112,0.8333333333333334,0.7051282051282051,8.2,0.8333333333333334,0.012742382271468145,0.6111111111111112,0.5739898989898989,0.5919691265951653,HOW-profile+z,Hog_office_Garrett,125,office,True
6.0,3.0,0.4117647058823529,0.5,0.45161290322580644,9.666666666666666,0.5,0.02776101388050694,0.4117647058823529,0.39166666666666666,0.4014643075045759,HOW-profile+z,Hog_office_Lavon,125,office,True
6.0,5.0,0.7142857142857143,0.8333333333333334,0.7692307692307692,16.2,0.8333333333333334,0.0009799118079372856,0.7142857142857143,0.45671296296296293,0.5571715003812375,HOW-profile+z,Hog_office_Merilyn,125,office,True
6.0,5.0,0.9285714285714286,0.8333333333333334,0.8783783783783784,44.2,0.8333333333333334,0.002178649237472767,0.9285714285714286,0.3733796296296297,0.5326001371567906,HOW-profile+z,Hog_office_Miriam,125,office,True
6.0,5.0,0.3877551020408163,0.8333333333333334,0.5292479108635099,25.0,0.8333333333333334,0.02488425925925926,0.3877551020408163,0.33936011904761904,0.36194708561571604,HOW-profile+z,Hog_office_Napoleon,125,office,True
6.0,6.0,0.2962962962962963,1.0,0.45714285714285713,14.166666666666666,1.0,0.03304904051172708,0.2962962962962963,0.5329034391534392,0.38084265721354454,HOW-profile+z,Hog_office_Shawna,125,office,True
6.0,5.0,0.37735849056603776,0.8333333333333334,0.5194805194805195,12.6,0.8333333333333334,0.03050471436494731,0.37735849056603776,0.3521329365079365,0.3643095681938605,HOW-profile+z,Hog_office_Shawnna,125,office,True
6.0,4.0,0.6111111111111112,0.6666666666666666,0.6376811594202899,11.5,0.6666666666666666,0.01539338654503991,0.6111111111111112,0.36419753086419754,0.45639943741209565,HOW-profile+z,Hog_office_Sherrie,125,office,True
6.0,4.0,0.9230769230769231,0.6666666666666666,0.7741935483870968,35.25,0.6666666666666666,0.002386634844868735,0.9230769230769231,0.3822946343779677,0.5406695937185322,HOW-profile+z,Hog_office_Shon,125,office,True
6.0,5.0,0.6923076923076923,0.8333333333333334,0.7563025210084034,14.6,0.8333333333333334,0.006285714285714286,0.6923076923076923,0.4267094017094017,0.5279887193196339,HOW-profile+z,Hog_office_Sydney,125,office,True
6.0,6.0,0.9375,1.0,0.967741935483871,22.666666666666668,1.0,0.001948051948051948,0.9375,0.34492966524216523,0.5043107936893626,HOW-profile+z,Hog_office_Valda,125,office,True
6.0,5.0,0.4878048780487805,0.8333333333333334,0.6153846153846153,25.6,0.8333333333333334,0.03626634958382877,0.4878048780487805,0.4155934343434344,0.4488131132787799,HOW-profile+z,Lamb_education_Armando,125,education,False
6.0,6.0,0.25,1.0,0.4,3.5,1.0,0.05380710659898477,0.25,0.691358024691358,0.36721311475409835,HOW-profile+z,Lamb_education_Eula,125,education,False
6.0,1.0,0.16666666666666666,0.16666666666666666,0.16666666666666666,2.0,0.16666666666666666,0.010069225928256766,0.16666666666666666,0.05555555555555555,0.08333333333333333,HOW-profile+z,Lamb_education_Lazaro,125,education,False
6.0,6.0,0.7777777777777778,1.0,0.8750000000000001,32.166666666666664,1.0,0.01630837657524092,0.7777777777777778,0.29532051667468334,0.4280944930745968,HOW-profile+z,Lamb_education_Lucas,125,education,False
6.0,6.0,0.5,1.0,0.6666666666666666,11.166666666666666,1.0,0.014823261117445839,0.5,0.4418981481481481,0.46915704104202505,HOW-profile+z,Lamb_education_Mae,125,education,False
,,,,,,,,0.0,,,HOW-profile+z,Lamb_education_Willetta,125,education,False
6.0,5.0,0.575,0.8333333333333334,0.6804733727810651,30.8,0.8333333333333334,0.04080267558528428,0.575,0.26967592592592593,0.36715538503699646,HOW-profile+z,Lamb_education_Williams,125,education,False
6.0,2.0,0.15789473684210525,0.3333333333333333,0.21428571428571427,37.0,0.3333333333333333,0.08484493856056173,0.15789473684210525,0.1684027777777778,0.16297955754690563,HOW-profile+z,Lamb_office_Caitlin,125,office,True
6.0,6.0,0.7647058823529411,1.0,0.8666666666666666,41.166666666666664,1.0,0.03228476821192053,0.7647058823529411,0.2247362012987013,0.34738181840116295,HOW-profile+z,Lamb_office_Velma,125,office,True
6.0,6.0,0.42028985507246375,1.0,0.5918367346938774,1.8333333333333333,1.0,0.06820809248554913,0.411231884057971,0.5122850529100529,0.4562297431697945,HOW-profile+z,Rat_retail_Jeffrey,125,retail,False
6.0,6.0,0.32978723404255317,1.0,0.496,10.666666666666666,1.0,0.07339449541284404,0.324468085106383,0.4337962962962963,0.37125060081320876,HOW-profile+z,Robin_education_Zenia,125,education,False
6.0,6.0,0.5777777777777777,1.0,0.732394366197183,10.833333333333334,1.0,0.02304665542439573,0.5777777777777777,0.40347222222222223,0.4751435086891562,HOW-profile+z,Robin_office_Dina,125,office,True
6.0,4.0,0.9607843137254902,0.6666666666666666,0.78714859437751,78.0,0.6666666666666666,0.002008032128514056,0.9607843137254902,0.06152146464646465,0.11563831378097607,HOW-profile+z,Robin_office_Sammie,125,office,True
6.0,5.0,0.5483870967741935,0.8333333333333334,0.6614785992217898,15.6,0.8333333333333334,0.018623024830699775,0.5483870967741935,0.5324404761904762,0.5402961475941339,HOW-profile+z,Shrew_office_Doris,125,office,True
6.0,5.0,0.6829268292682927,0.8333333333333334,0.7506702412868633,46.8,0.8333333333333334,0.015139442231075698,0.6829268292682927,0.24044312169312168,0.35566472256603815,HOW-profile+z,Shrew_office_Ila,125,office,True
6.0,5.0,0.25,0.8333333333333334,0.3846153846153846,2.0,0.8333333333333334,0.03455723542116631,0.24431818181818182,0.5535714285714286,0.33901322482197355,HOW-profile+z,Shrew_office_Kenneth,125,office,True
6.0,6.0,0.6818181818181818,1.0,0.8108108108108109,10.666666666666666,1.0,0.016564417177914112,0.6818181818181818,0.4837577160493827,0.5659602381976896,HOW-profile+z,Shrew_office_Nora,125,office,True
6.0,6.0,0.7288135593220338,1.0,0.8431372549019608,29.0,1.0,0.017531044558071585,0.7288135593220338,0.4399335232668566,0.5486722007416257,HOW-profile+z,Shrew_office_Sherill,125,office,True
6.0,4.0,0.6578947368421053,0.6666666666666666,0.6622516556291391,11.25,0.6666666666666666,0.03433734939759036,0.6578947368421053,0.39479166666666665,0.4934638820894745,HOW-profile+z,Wolf_office_Darleen,125,office,True
6.0,6.0,0.19480519480519481,1.0,0.32608695652173914,18.166666666666668,1.0,0.047321892875715026,0.18831168831168832,0.5328703703703703,0.2782812408813893,HOW-profile+z,Wolf_retail_Harriett,125,retail,False
6.0,4.0,0.22580645161290322,0.6666666666666666,0.3373493975903614,71.0,0.6666666666666666,0.05309090909090909,0.22580645161290322,0.17662037037037037,0.1982075594233017,HOW-profile+z,Wolf_retail_Marcella,125,retail,False
6.0,5.0,0.7857142857142857,0.8333333333333334,0.8088235294117647,48.2,0.8333333333333334,0.03254847645429363,0.7857142857142857,0.24863591269841268,0.3777381951461798,HOW-profile+z,Wolf_retail_Toshia,125,retail,False
6.0,3.0,0.6285714285714286,0.5,0.5569620253164557,14.666666666666666,0.5,0.018252933507170794,0.6285714285714286,0.18263888888888888,0.28303778892014186,TOWT-detector,Fox_education_Henrietta,125,education,False
6.0,5.0,0.2903225806451613,0.8333333333333334,0.430622009569378,49.8,0.8333333333333334,0.08431494110353378,0.23924731182795697,0.4916666666666667,0.32187078582812306,TOWT-detector,Fox_retail_Manie,125,retail,False
6.0,5.0,0.6206896551724138,0.8333333333333334,0.7114624505928854,5.6,0.8333333333333334,0.020795107033639144,0.6206896551724138,0.5375,0.5761071827316709,TOWT-detector,Hog_education_Bruno,125,education,False
6.0,4.0,0.75,0.6666666666666666,0.7058823529411765,21.5,0.6666666666666666,0.0068073519400953025,0.75,0.16071428571428573,0.26470588235294124,TOWT-detector,Hog_education_Caridad,125,education,False
6.0,5.0,0.47619047619047616,0.8333333333333334,0.6060606060606061,7.2,0.8333333333333334,0.01653363740022805,0.4583333333333333,0.5445987654320988,0.49775606503564646,TOWT-detector,Hog_education_Luvenia,125,education,False
6.0,5.0,0.5,0.8333333333333334,0.625,27.4,0.8333333333333334,0.024080267558528427,0.5,0.2810185185185185,0.3598103141671606,TOWT-detector,Hog_office_Almeda,125,office,True
6.0,5.0,0.37735849056603776,0.8333333333333334,0.5194805194805195,29.4,0.8333333333333334,0.09254807692307693,0.37735849056603776,0.4070436507936508,0.391639363430925,TOWT-detector,Hog_office_Cortney,125,office,True
6.0,5.0,0.2708333333333333,0.8333333333333334,0.40880503144654085,3.2,0.8333333333333334,0.038164002062919034,0.2708333333333333,0.47986111111111107,0.3462457600986741,TOWT-detector,Hog_office_Denita,125,office,True
6.0,5.0,1.0,0.8333333333333334,0.9090909090909091,47.4,0.8333333333333334,0.0,1.0,0.4681818181818182,0.6377708978328174,TOWT-detector,Hog_office_Garrett,125,office,True
6.0,3.0,0.5,0.5,0.5,40.333333333333336,0.5,0.010259505129752565,0.5,0.23854166666666665,0.3229901269393512,TOWT-detector,Hog_office_Lavon,125,office,True
6.0,4.0,0.4444444444444444,0.6666666666666666,0.5333333333333333,1.0,0.6666666666666666,0.006859382655560999,0.4444444444444444,0.48888888888888893,0.4656084656084656,TOWT-detector,Hog_office_Merilyn,125,office,True
6.0,5.0,0.875,0.8333333333333334,0.8536585365853658,50.4,0.8333333333333334,0.002178649237472767,0.875,0.35648148148148145,0.506578947368421,TOWT-detector,Hog_office_Miriam,125,office,True
6.0,4.0,0.5789473684210527,0.6666666666666666,0.619718309859155,19.25,0.6666666666666666,0.004629629629629629,0.5789473684210527,0.32447916666666665,0.4158752313620779,TOWT-detector,Hog_office_Napoleon,125,office,True
6.0,6.0,0.20754716981132076,1.0,0.34375000000000006,21.0,1.0,0.03464818763326226,0.20754716981132076,0.4533730158730158,0.2847432665892549,TOWT-detector,Hog_office_Shawna,125,office,True
6.0,5.0,0.45454545454545453,0.8333333333333334,0.5882352941176471,25.8,0.8333333333333334,0.005546311702717693,0.45454545454545453,0.2016865079365079,0.27940024462982554,TOWT-detector,Hog_office_Shawnna,125,office,True
6.0,4.0,0.3902439024390244,0.6666666666666666,0.4923076923076923,37.25,0.6666666666666666,0.023375142531356898,0.3902439024390244,0.3475308641975308,0.3676509601452972,TOWT-detector,Hog_office_Sherrie,125,office,True
6.0,4.0,0.896551724137931,0.6666666666666666,0.7647058823529411,44.25,0.6666666666666666,0.014319809069212411,0.896551724137931,0.26745607787274456,0.4120044682411479,TOWT-detector,Hog_office_Shon,125,office,True
6.0,5.0,0.37037037037037035,0.8333333333333334,0.5128205128205128,15.2,0.8333333333333334,0.010285714285714285,0.37037037037037035,0.4725427350427351,0.41526422277615826,TOWT-detector,Hog_office_Sydney,125,office,True
6.0,6.0,0.88,1.0,0.9361702127659575,25.0,1.0,0.004545454545454545,0.88,0.31859864672364674,0.4678243378351678,TOWT-detector,Hog_office_Valda,125,office,True
6.0,4.0,0.3448275862068966,0.6666666666666666,0.4545454545454545,43.5,0.6666666666666666,0.039239001189060645,0.3448275862068966,0.3794191919191919,0.3612973037963269,TOWT-detector,Lamb_education_Armando,125,education,False
6.0,6.0,0.225,1.0,0.36734693877551017,0.6666666666666666,1.0,0.08629441624365482,0.21666666666666665,0.6141975308641975,0.32033184744923227,TOWT-detector,Lamb_education_Eula,125,education,False
6.0,3.0,0.18181818181818182,0.5,0.26666666666666666,52.666666666666664,0.5,0.08621774701069855,0.1590909090909091,0.11649305555555556,0.13449974228280168,TOWT-detector,Lamb_education_Lazaro,125,education,False
6.0,6.0,0.48717948717948717,1.0,0.6551724137931034,40.666666666666664,1.0,0.07338769458858414,0.4857549857549857,0.3577879489337823,0.41206504824027457,TOWT-detector,Lamb_education_Lucas,125,education,False
6.0,4.0,0.22727272727272727,0.6666666666666666,0.33898305084745756,17.5,0.6666666666666666,0.04561003420752566,0.22727272727272727,0.4159722222222222,0.2939444498969477,TOWT-detector,Lamb_education_Mae,125,education,False
,,,,,,,,0.0,,,TOWT-detector,Lamb_education_Willetta,125,education,False
6.0,4.0,0.3584905660377358,0.6666666666666666,0.4662576687116564,5.75,0.6666666666666666,0.07759197324414716,0.34276729559748426,0.24761904761904763,0.28752599807233803,TOWT-detector,Lamb_education_Williams,125,education,False
6.0,1.0,0.16666666666666666,0.16666666666666666,0.16666666666666666,0.0,0.16666666666666666,0.014043300175541252,0.16666666666666666,0.16666666666666666,0.16666666666666666,TOWT-detector,Lamb_office_Caitlin,125,office,True
6.0,5.0,0.8421052631578947,0.8333333333333334,0.8376963350785339,66.4,0.8333333333333334,0.005794701986754967,0.8315789473684211,0.11228730759980761,0.1978580345789038,TOWT-detector,Lamb_office_Velma,125,office,True
6.0,6.0,0.3125,1.0,0.47619047619047616,31.666666666666668,1.0,0.04046242774566474,0.296875,0.44796626984126986,0.3570961807405434,TOWT-detector,Rat_retail_Jeffrey,125,retail,False
6.0,5.0,0.5909090909090909,0.8333333333333334,0.6914893617021277,33.6,0.8333333333333334,0.010397553516819572,0.5909090909090909,0.387962962962963,0.46839797059076455,TOWT-detector,Robin_education_Zenia,125,education,False
6.0,6.0,0.3695652173913043,1.0,0.5396825396825397,7.5,1.0,0.07195053400786959,0.3695652173913043,0.3807539682539683,0.3750761695620681,TOWT-detector,Robin_office_Dina,125,office,True
6.0,2.0,0.8421052631578947,0.3333333333333333,0.4776119402985075,42.0,0.3333333333333333,0.008032128514056224,0.8421052631578947,0.08217592592592593,0.14973966914914652,TOWT-detector,Robin_office_Sammie,125,office,True
6.0,5.0,0.8235294117647058,0.8333333333333334,0.8284023668639053,22.2,0.8333333333333334,0.004514672686230248,0.8235294117647058,0.48154761904761906,0.6077321385453277,TOWT-detector,Shrew_office_Doris,125,office,True
6.0,4.0,0.5789473684210527,0.6666666666666666,0.619718309859155,45.25,0.6666666666666666,0.010358565737051793,0.5789473684210527,0.1847222222222222,0.2800804058581411,TOWT-detector,Shrew_office_Ila,125,office,True
6.0,5.0,0.5555555555555556,0.8333333333333334,0.6666666666666667,0.6,0.8333333333333334,0.004319654427645789,0.5555555555555556,0.501984126984127,0.5274129664373567,TOWT-detector,Shrew_office_Kenneth,125,office,True
6.0,5.0,0.5882352941176471,0.8333333333333334,0.6896551724137931,4.6,0.8333333333333334,0.012883435582822086,0.5882352941176471,0.37775848765432096,0.4600668850749021,TOWT-detector,Shrew_office_Nora,125,office,True
6.0,6.0,0.6153846153846154,1.0,0.761904761904762,19.333333333333332,1.0,0.01168736303871439,0.5961538461538461,0.3842889363722697,0.46733033591707196,TOWT-detector,Shrew_office_Sherill,125,office,True
6.0,4.0,0.48484848484848486,0.6666666666666666,0.5614035087719298,7.25,0.6666666666666666,0.05,0.48484848484848486,0.36874999999999997,0.41890392722431774,TOWT-detector,Wolf_office_Darleen,125,office,True
6.0,5.0,0.6,0.8333333333333334,0.6976744186046512,14.8,0.8333333333333334,0.009880395215808632,0.6,0.46296296296296297,0.5226480836236934,TOWT-detector,Wolf_retail_Harriett,125,retail,False
6.0,5.0,0.4,0.8333333333333334,0.5405405405405406,35.4,0.8333333333333334,0.088,0.39191919191919194,0.24524911816578485,0.30170312832290713,TOWT-detector,Wolf_retail_Marcella,125,retail,False
6.0,5.0,0.6578947368421053,0.8333333333333334,0.7352941176470588,39.2,0.8333333333333334,0.0332409972299169,0.6578947368421053,0.16947751322751323,0.2695240599526689,TOWT-detector,Wolf_retail_Toshia,125,retail,False
6.0,3.0,0.32558139534883723,0.5,0.3943661971830986,31.666666666666668,0.5,0.1290743155149935,0.32558139534883723,0.11030092592592593,0.16477809545569627,Autoencoder(t),Fox_education_Henrietta,125,education,False
6.0,6.0,0.2361111111111111,1.0,0.38202247191011235,39.666666666666664,1.0,0.16119032858028517,0.223015873015873,0.5308449074074074,0.31408144192093657,Autoencoder(t),Fox_retail_Manie,125,retail,False
6.0,6.0,0.3246753246753247,1.0,0.49019607843137253,3.3333333333333335,1.0,0.07400611620795107,0.3209647495361781,0.5769675925925927,0.4124726333120896,Autoencoder(t),Hog_education_Bruno,125,education,False
6.0,5.0,0.4696969696969697,0.8333333333333334,0.6007751937984496,15.2,0.8333333333333334,0.08849557522123894,0.44821844821844825,0.13344356261022927,0.2056584939170637,Autoencoder(t),Hog_education_Caridad,125,education,False
6.0,5.0,0.296875,0.8333333333333334,0.43778801843317966,10.2,0.8333333333333334,0.08779931584948689,0.29427083333333337,0.5100308641975309,0.37321121637286647,Autoencoder(t),Hog_education_Luvenia,125,education,False
6.0,5.0,0.325,0.8333333333333334,0.4676258992805756,16.4,0.8333333333333334,0.10836120401337793,0.325,0.35609567901234573,0.33983799705449197,Autoencoder(t),Hog_office_Almeda,125,office,True
6.0,5.0,0.2549019607843137,0.8333333333333334,0.3903903903903903,33.6,0.8333333333333334,0.06911057692307693,0.2549019607843137,0.1478835978835979,0.18717562363971205,Autoencoder(t),Hog_office_Cortney,125,office,True
6.0,5.0,0.1875,0.8333333333333334,0.3061224489795918,17.0,0.8333333333333334,0.10675605982465189,0.16536458333333334,0.4694444444444444,0.24457586945621954,Autoencoder(t),Hog_office_Denita,125,office,True
6.0,4.0,0.25,0.6666666666666666,0.36363636363636365,1.5,0.6666666666666666,0.15069252077562326,0.24305555555555555,0.25517676767676767,0.24896871656248237,Autoencoder(t),Hog_office_Garrett,125,office,True
6.0,5.0,0.3142857142857143,0.8333333333333334,0.4564315352697096,15.2,0.8333333333333334,0.1424260712130356,0.3095238095238095,0.37523148148148144,0.3392250607685001,Autoencoder(t),Hog_office_Lavon,125,office,True
6.0,4.0,0.0975609756097561,0.6666666666666666,0.1702127659574468,22.5,0.6666666666666666,0.17442430181283686,0.08079268292682927,0.4342592592592593,0.1362385723368338,Autoencoder(t),Hog_office_Merilyn,125,office,True
6.0,6.0,0.4788732394366197,1.0,0.6476190476190475,46.833333333333336,1.0,0.12781408859840232,0.4788732394366197,0.40868055555555555,0.44100128383851184,Autoencoder(t),Hog_office_Miriam,125,office,True
6.0,5.0,0.22727272727272727,0.8333333333333334,0.35714285714285715,19.8,0.8333333333333334,0.109375,0.22727272727272727,0.3130952380952381,0.26336871620268376,Autoencoder(t),Hog_office_Napoleon,125,office,True
6.0,6.0,0.18461538461538463,1.0,0.3116883116883117,15.333333333333334,1.0,0.10181236673773987,0.18461538461538463,0.4781746031746032,0.26638419380094874,Autoencoder(t),Hog_office_Shawna,125,office,True
6.0,5.0,0.1935483870967742,0.8333333333333334,0.31413612565445026,7.0,0.8333333333333334,0.2096505823627288,0.17280058651026392,0.203125,0.18673971868067574,Autoencoder(t),Hog_office_Shawnna,125,office,True
6.0,4.0,0.19696969696969696,0.6666666666666666,0.30409356725146197,4.0,0.6666666666666666,0.11174458380843785,0.1767676767676768,0.27608024691358024,0.21553400731813943,Autoencoder(t),Hog_office_Sherrie,125,office,True
6.0,6.0,0.660377358490566,1.0,0.7954545454545454,31.5,1.0,0.04375497215592681,0.660377358490566,0.5001221001221001,0.5691847746249041,Autoencoder(t),Hog_office_Shon,125,office,True
6.0,5.0,0.2222222222222222,0.8333333333333334,0.3508771929824561,8.0,0.8333333333333334,0.18628571428571428,0.20648148148148146,0.46420940170940167,0.2858265928010525,Autoencoder(t),Hog_office_Sydney,125,office,True
6.0,6.0,0.35135135135135137,1.0,0.52,14.0,1.0,0.1012987012987013,0.35135135135135137,0.28303062678062674,0.31351203729342014,Autoencoder(t),Hog_office_Valda,125,office,True
6.0,5.0,0.3225806451612903,0.8333333333333334,0.4651162790697674,3.4,0.8333333333333334,0.1028537455410226,0.31797235023041476,0.3565656565656566,0.3361649564215277,Autoencoder(t),Lamb_education_Armando,125,education,False
6.0,6.0,0.18072289156626506,1.0,0.30612244897959184,0.8333333333333334,1.0,0.09847715736040609,0.16967871485943772,0.5632716049382717,0.2607958533099955,Autoencoder(t),Lamb_education_Eula,125,education,False
6.0,4.0,0.3,0.6666666666666666,0.41379310344827586,47.5,0.6666666666666666,0.13278791692888608,0.29,0.18648313492063492,0.22699694979127413,Autoencoder(t),Lamb_education_Lazaro,125,education,False
6.0,6.0,0.5394736842105263,1.0,0.7008547008547009,7.833333333333333,1.0,0.06893995552260934,0.531578947368421,0.34179468294051624,0.41606673585822274,Autoencoder(t),Lamb_education_Lucas,125,education,False
6.0,6.0,0.16216216216216217,1.0,0.27906976744186046,16.166666666666668,1.0,0.1305587229190422,0.14797297297297296,0.38680555555555557,0.21405783876741658,Autoencoder(t),Lamb_education_Mae,125,education,False
,,,,,,,,0.0,,,Autoencoder(t),Lamb_education_Willetta,125,education,False
6.0,6.0,0.4189189189189189,1.0,0.5904761904761905,19.166666666666668,1.0,0.10234113712374582,0.4126819126819127,0.22923280423280423,0.2947439265917327,Autoencoder(t),Lamb_education_Williams,125,education,False
6.0,5.0,0.40540540540540543,0.8333333333333334,0.5454545454545455,9.6,0.8333333333333334,0.05558806319485079,0.40540540540540543,0.3064236111111111,0.34903266207442074,Autoencoder(t),Lamb_office_Caitlin,125,office,True
6.0,6.0,0.5526315789473685,1.0,0.711864406779661,26.833333333333332,1.0,0.08112582781456953,0.5274853801169591,0.26978490259740256,0.3569870719673927,Autoencoder(t),Lamb_office_Velma,125,office,True
6.0,5.0,0.2717391304347826,0.8333333333333334,0.4098360655737705,3.0,0.8333333333333334,0.1699421965317919,0.2543478260869565,0.4134589947089948,0.31494855459843735,Autoencoder(t),Rat_retail_Jeffrey,125,retail,False
6.0,6.0,0.32608695652173914,1.0,0.4918032786885246,6.333333333333333,1.0,0.18226299694189602,0.32608695652173914,0.5810185185185185,0.41772994563408405,Autoencoder(t),Robin_education_Zenia,125,education,False
6.0,6.0,0.3333333333333333,1.0,0.5,4.166666666666667,1.0,0.1315345699831366,0.3287037037037037,0.476984126984127,0.3891990003465951,Autoencoder(t),Robin_office_Dina,125,office,True
6.0,6.0,0.6964285714285714,1.0,0.8210526315789474,80.83333333333333,1.0,0.050200803212851405,0.6964285714285714,0.20746878507295174,0.31969822362044625,Autoencoder(t),Robin_office_Sammie,125,office,True
6.0,6.0,0.2631578947368421,1.0,0.4166666666666667,2.6666666666666665,1.0,0.10270880361173815,0.2631578947368421,0.385515873015873,0.31279681890625755,Autoencoder(t),Shrew_office_Doris,125,office,True
6.0,6.0,0.45901639344262296,1.0,0.6292134831460674,48.0,1.0,0.11713147410358565,0.44379391100702575,0.286739417989418,0.3483843999950387,Autoencoder(t),Shrew_office_Ila,125,office,True
6.0,5.0,0.18840579710144928,0.8333333333333334,0.3073286052009456,23.6,0.8333333333333334,0.10691144708423327,0.16190476190476188,0.3829365079365079,0.2275864460860819,Autoencoder(t),Shrew_office_Kenneth,125,office,True
6.0,5.0,0.4107142857142857,0.8333333333333334,0.5502392344497608,13.4,0.8333333333333334,0.0834355828220859,0.4107142857142857,0.15318287037037037,0.22314137430544354,Autoencoder(t),Shrew_office_Nora,125,office,True
6.0,6.0,0.4142857142857143,1.0,0.5858585858585859,11.666666666666666,1.0,0.1329437545653762,0.40619047619047627,0.35798017568850904,0.3805645706809814,Autoencoder(t),Shrew_office_Sherill,125,office,True
6.0,5.0,0.22727272727272727,0.8333333333333334,0.35714285714285715,14.0,0.8333333333333334,0.11204819277108434,0.22727272727272727,0.39212962962962966,0.2877624515866006,Autoencoder(t),Wolf_office_Darleen,125,office,True
6.0,6.0,0.13414634146341464,1.0,0.23655913978494622,2.8333333333333335,1.0,0.1357254290171607,0.13414634146341464,0.5275462962962963,0.2139011425012159,Autoencoder(t),Wolf_retail_Harriett,125,retail,False
6.0,6.0,0.3076923076923077,1.0,0.47058823529411764,43.833333333333336,1.0,0.11636363636363636,0.30288461538461536,0.27116402116402116,0.2861479150972659,Autoencoder(t),Wolf_retail_Marcella,125,retail,False
6.0,5.0,0.46551724137931033,0.8333333333333334,0.5973451327433628,26.0,0.8333333333333334,0.09349030470914127,0.4517241379310345,0.19976300705467373,0.27702088321102086,Autoencoder(t),Wolf_retail_Toshia,125,retail,False
6.0,2.0,0.5,0.3333333333333333,0.4,28.5,0.3333333333333333,0.033246414602346806,0.5,0.07569444444444445,0.13148371531966224,IsolationForest(t),Fox_education_Henrietta,125,education,False
6.0,5.0,0.2916666666666667,0.8333333333333334,0.4320987654320988,54.4,0.8333333333333334,0.03037817730936144,0.268939393939394,0.449537037037037,0.33654052681936225,IsolationForest(t),Fox_retail_Manie,125,retail,False
6.0,5.0,0.6333333333333333,0.8333333333333334,0.7196969696969696,5.8,0.8333333333333334,0.018960244648318043,0.6333333333333333,0.5001322751322751,0.5589061345158906,IsolationForest(t),Hog_education_Bruno,125,education,False
6.0,3.0,0.75,0.5,0.6,17.0,0.5,0.02110279101429544,0.75,0.12160493827160494,0.20927762039660058,IsolationForest(t),Hog_education_Caridad,125,education,False
6.0,5.0,0.5666666666666667,0.8333333333333334,0.6746031746031746,10.2,0.8333333333333334,0.03192702394526796,0.55,0.3931327160493827,0.4585208214022744,IsolationForest(t),Hog_education_Luvenia,125,education,False
6.0,5.0,0.42857142857142855,0.8333333333333334,0.5660377358490566,19.4,0.8333333333333334,0.0588628762541806,0.42857142857142855,0.32908950617283955,0.37229941078053397,IsolationForest(t),Hog_office_Almeda,125,office,True
6.0,4.0,0.375,0.6666666666666666,0.4800000000000001,21.75,0.6666666666666666,0.03064903846153846,0.375,0.3351190476190476,0.35393964794635374,IsolationForest(t),Hog_office_Cortney,125,office,True
6.0,5.0,0.3333333333333333,0.8333333333333334,0.47619047619047616,3.6,0.8333333333333334,0.0407426508509541,0.3333333333333333,0.38819444444444445,0.35867821623355794,IsolationForest(t),Hog_office_Denita,125,office,True
6.0,5.0,0.6774193548387096,0.8333333333333334,0.7473309608540925,30.6,0.8333333333333334,0.018836565096952907,0.6774193548387096,0.4696969696969697,0.5547507456327226,IsolationForest(t),Hog_office_Garrett,125,office,True
6.0,3.0,0.4230769230769231,0.5,0.4583333333333333,2.0,0.5,0.03922751961375981,0.4230769230769231,0.2767361111111111,0.3346055494065112,IsolationForest(t),Hog_office_Lavon,125,office,True
6.0,4.0,0.2608695652173913,0.6666666666666666,0.37500000000000006,22.75,0.6666666666666666,0.011758941695247428,0.2608695652173913,0.32916666666666666,0.2910653976051581,IsolationForest(t),Hog_office_Merilyn,125,office,True
6.0,6.0,0.9047619047619048,1.0,0.9500000000000001,58.333333333333336,1.0,0.0014524328249818446,0.9047619047619048,0.3581597222222222,0.5131740015579688,IsolationForest(t),Hog_office_Miriam,125,office,True
6.0,4.0,0.2777777777777778,0.6666666666666666,0.39215686274509803,31.75,0.6666666666666666,0.015046296296296295,0.2777777777777778,0.2586805555555555,0.26788924847177276,IsolationForest(t),Hog_office_Napoleon,125,office,True
6.0,6.0,0.2894736842105263,1.0,0.4489795918367347,8.5,1.0,0.02771855010660981,0.27631578947368424,0.4710648148148148,0.34831689624256257,IsolationForest(t),Hog_office_Shawna,125,office,True
6.0,4.0,0.14814814814814814,0.6666666666666666,0.24242424242424243,41.25,0.6666666666666666,0.033277870216306155,0.14814814814814814,0.19816468253968253,0.16954457441447174,IsolationForest(t),Hog_office_Shawnna,125,office,True
6.0,4.0,0.35714285714285715,0.6666666666666666,0.46511627906976744,36.25,0.6666666666666666,0.02565564424173318,0.3482142857142857,0.320679012345679,0.33387989848719557,IsolationForest(t),Hog_office_Sherrie,125,office,True
6.0,4.0,0.6774193548387096,0.6666666666666666,0.6719999999999999,37.0,0.6666666666666666,0.02784407319013524,0.6774193548387096,0.3003561253561254,0.41618358566336205,IsolationForest(t),Hog_office_Shon,125,office,True
6.0,5.0,0.41379310344827586,0.8333333333333334,0.5529953917050692,16.6,0.8333333333333334,0.029714285714285714,0.41379310344827586,0.3243589743589744,0.3636581421812302,IsolationForest(t),Hog_office_Sydney,125,office,True
6.0,5.0,0.5526315789473685,0.8333333333333334,0.6645569620253164,27.2,0.8333333333333334,0.03766233766233766,0.5526315789473685,0.20515046296296294,0.29922225125102997,IsolationForest(t),Hog_office_Valda,125,office,True
6.0,5.0,0.21428571428571427,0.8333333333333334,0.3409090909090909,35.2,0.8333333333333334,0.07550535077288942,0.20238095238095238,0.33409090909090905,0.25206778293322574,IsolationForest(t),Lamb_education_Armando,125,education,False
6.0,5.0,0.22413793103448276,0.8333333333333334,0.3532608695652174,0.8,0.8333333333333334,0.0583756345177665,0.21551724137931033,0.4660493827160493,0.29473766396002493,IsolationForest(t),Lamb_education_Eula,125,education,False
6.0,3.0,0.3333333333333333,0.5,0.4,27.666666666666668,0.5,0.07488986784140969,0.30864197530864196,0.18177083333333333,0.22879544769172272,IsolationForest(t),Lamb_education_Lazaro,125,education,False
6.0,6.0,0.578125,1.0,0.7326732673267327,40.666666666666664,1.0,0.056338028169014086,0.56875,0.2534409070867404,0.35063514972776627,IsolationForest(t),Lamb_education_Lucas,125,education,False
6.0,5.0,0.21052631578947367,0.8333333333333334,0.33613445378151263,33.2,0.8333333333333334,0.08209806157354618,0.21052631578947367,0.3736111111111111,0.2693029658365661,IsolationForest(t),Lamb_education_Mae,125,education,False
,,,,,,,,0.0,,,IsolationForest(t),Lamb_education_Willetta,125,education,False
6.0,4.0,0.41509433962264153,0.6666666666666666,0.5116279069767442,1.5,0.6666666666666666,0.0882943143812709,0.4005805515239477,0.26686507936507936,0.3203285952509875,IsolationForest(t),Lamb_education_Williams,125,education,False
6.0,4.0,0.5238095238095238,0.6666666666666666,0.5866666666666667,17.0,0.6666666666666666,0.028086600351082503,0.4576719576719577,0.2838541666666667,0.3503911403459873,IsolationForest(t),Lamb_office_Caitlin,125,office,True
6.0,5.0,0.868421052631579,0.8333333333333334,0.8505154639175259,32.2,0.8333333333333334,0.012417218543046357,0.8380490700435299,0.10687981000481,0.1895815172383725,IsolationForest(t),Lamb_office_Velma,125,office,True
6.0,6.0,0.3225806451612903,1.0,0.4878048780487805,45.333333333333336,1.0,0.05202312138728324,0.2809139784946237,0.37840608465608466,0.32245206742029936,IsolationForest(t),Rat_retail_Jeffrey,125,retail,False
6.0,1.0,1.0,0.16666666666666666,0.2857142857142857,71.0,0.16666666666666666,0.0,1.0,0.0007716049382716049,0.0015420200462606013,IsolationForest(t),Robin_education_Zenia,125,education,False
6.0,5.0,0.275,0.8333333333333334,0.4135338345864662,6.0,0.8333333333333334,0.04215851602023609,0.275,0.28710317460317464,0.28092128485704204,IsolationForest(t),Robin_office_Dina,125,office,True
6.0,2.0,0.9523809523809523,0.3333333333333333,0.4938271604938272,66.5,0.3333333333333333,0.002008032128514056,0.9523809523809523,0.059343434343434344,0.11172520354192668,IsolationForest(t),Robin_office_Sammie,125,office,True
6.0,4.0,0.3684210526315789,0.6666666666666666,0.4745762711864407,7.75,0.6666666666666666,0.033860045146726865,0.3684210526315789,0.2712301587301587,0.3124418395833673,IsolationForest(t),Shrew_office_Doris,125,office,True
6.0,4.0,0.6111111111111112,0.6666666666666666,0.6376811594202899,133.25,0.6666666666666666,0.05258964143426295,0.6111111111111112,0.03304398148148148,0.06269777098992803,IsolationForest(t),Shrew_office_Ila,125,office,True
6.0,5.0,0.32,0.8333333333333334,0.4624277456647399,10.2,0.8333333333333334,0.03131749460043196,0.2652380952380953,0.6418650793650794,0.37536429331783466,IsolationForest(t),Shrew_office_Kenneth,125,office,True
6.0,6.0,0.4864864864864865,1.0,0.6545454545454547,17.166666666666668,1.0,0.04049079754601227,0.4864864864864865,0.3318865740740741,0.39458369566256085,IsolationForest(t),Shrew_office_Nora,125,office,True
6.0,6.0,0.59375,1.0,0.7450980392156863,35.5,1.0,0.031409788166544925,0.5729166666666667,0.3195334757834758,0.41025497140196865,IsolationForest(t),Shrew_office_Sherill,125,office,True
6.0,3.0,0.35714285714285715,0.5,0.41666666666666663,40.666666666666664,0.5,0.02650602409638554,0.35714285714285715,0.22384259259259262,0.27520063748648194,IsolationForest(t),Wolf_office_Darleen,125,office,True
6.0,5.0,0.23529411764705882,0.8333333333333334,0.3669724770642202,15.6,0.8333333333333334,0.036401456058242326,0.2107843137254902,0.46064814814814814,0.28922463327249376,IsolationForest(t),Wolf_retail_Harriett,125,retail,False
6.0,6.0,0.38596491228070173,1.0,0.5569620253164557,62.0,1.0,0.04727272727272727,0.3781676413255361,0.21125440917107582,0.2710776821753962,IsolationForest(t),Wolf_retail_Marcella,125,retail,False
6.0,5.0,0.4838709677419355,0.8333333333333334,0.6122448979591837,52.8,0.8333333333333334,0.028393351800554016,0.4838709677419355,0.1585923721340388,0.238887543671521,IsolationForest(t),Wolf_retail_Toshia,125,retail,False
6.0,2.0,0.7857142857142857,0.3333333333333333,0.4680851063829786,85.5,0.3333333333333333,0.0045632333767926985,0.7857142857142857,0.052083333333333336,0.09769094138543517,OC-SVM(t),Fox_education_Henrietta,125,education,False
6.0,6.0,0.47619047619047616,1.0,0.6451612903225806,51.833333333333336,1.0,0.017978921264724116,0.44761904761904764,0.45873842592592595,0.45311052937223895,OC-SVM(t),Fox_retail_Manie,125,retail,False
6.0,5.0,0.75,0.8333333333333334,0.7894736842105262,7.4,0.8333333333333334,0.003669724770642202,0.75,0.41612103174603177,0.5352630907312094,OC-SVM(t),Hog_education_Bruno,125,education,False
6.0,2.0,0.2857142857142857,0.3333333333333333,0.30769230769230765,29.0,0.3333333333333333,0.029271613342409804,0.2857142857142857,0.08564814814814814,0.13178984861976845,OC-SVM(t),Hog_education_Caridad,125,education,False
6.0,6.0,0.5555555555555556,1.0,0.7142857142857143,22.5,1.0,0.037628278221208664,0.5555555555555556,0.4614969135802469,0.5041768876075833,OC-SVM(t),Hog_education_Luvenia,125,education,False
6.0,5.0,0.475,0.8333333333333334,0.6050955414012739,24.8,0.8333333333333334,0.042140468227424746,0.475,0.2851851851851852,0.35639464068209503,OC-SVM(t),Hog_office_Almeda,125,office,True
6.0,4.0,0.3181818181818182,0.6666666666666666,0.43076923076923074,24.25,0.6666666666666666,0.04146634615384615,0.3181818181818182,0.29642857142857143,0.3069202324352879,OC-SVM(t),Hog_office_Cortney,125,office,True
6.0,5.0,0.7142857142857143,0.8333333333333334,0.7692307692307692,17.6,0.8333333333333334,0.02630221763795771,0.7142857142857143,0.42291666666666666,0.5312745354619209,OC-SVM(t),Hog_office_Denita,125,office,True
6.0,1.0,0.25,0.16666666666666666,0.2,2.0,0.16666666666666666,0.02326869806094183,0.25,0.08333333333333333,0.125,OC-SVM(t),Hog_office_Garrett,125,office,True
6.0,3.0,0.3333333333333333,0.5,0.4,58.333333333333336,0.5,0.03138201569100785,0.3333333333333333,0.20086805555555554,0.2506770664066732,OC-SVM(t),Hog_office_Lavon,125,office,True
6.0,2.0,0.125,0.3333333333333333,0.18181818181818182,1.5,0.3333333333333333,0.02939735423811857,0.125,0.2333333333333333,0.16279069767441862,OC-SVM(t),Hog_office_Merilyn,125,office,True
6.0,5.0,0.7222222222222222,0.8333333333333334,0.7738095238095238,70.8,0.8333333333333334,0.0036310820624546117,0.7222222222222222,0.337037037037037,0.45959595959595956,OC-SVM(t),Hog_office_Miriam,125,office,True
6.0,4.0,0.2,0.6666666666666666,0.30769230769230765,32.25,0.6666666666666666,0.03819444444444445,0.18333333333333332,0.2842013888888889,0.22288649585344716,OC-SVM(t),Hog_office_Napoleon,125,office,True
6.0,5.0,0.3333333333333333,0.8333333333333334,0.47619047619047616,23.4,0.8333333333333334,0.03624733475479744,0.3333333333333333,0.45138888888888884,0.3834808259587021,OC-SVM(t),Hog_office_Shawna,125,office,True
6.0,2.0,0.25,0.3333333333333333,0.28571428571428575,1.5,0.3333333333333333,0.01774819744869662,0.25,0.13888888888888887,0.17857142857142858,OC-SVM(t),Hog_office_Shawnna,125,office,True
6.0,4.0,0.2857142857142857,0.6666666666666666,0.4,62.5,0.6666666666666666,0.026225769669327253,0.2857142857142857,0.254320987654321,0.2691051600261267,OC-SVM(t),Hog_office_Sherrie,125,office,True
6.0,6.0,0.6571428571428571,1.0,0.7931034482758621,33.5,1.0,0.026252983293556086,0.6571428571428571,0.4984271130104463,0.56688530436231,OC-SVM(t),Hog_office_Shon,125,office,True
6.0,5.0,0.7647058823529411,0.8333333333333334,0.7975460122699386,14.6,0.8333333333333334,0.005714285714285714,0.754325259515571,0.3955128205128205,0.5189344763528829,OC-SVM(t),Hog_office_Sydney,125,office,True
6.0,6.0,0.8823529411764706,1.0,0.9375,34.0,1.0,0.0025974025974025974,0.8823529411764706,0.25158030626780625,0.3915267916833608,OC-SVM(t),Hog_office_Valda,125,office,True
6.0,5.0,0.29411764705882354,0.8333333333333334,0.4347826086956522,10.8,0.8333333333333334,0.0558858501783591,0.29411764705882354,0.3784090909090909,0.330981015803598,OC-SVM(t),Lamb_education_Armando,125,education,False
6.0,6.0,0.42,1.0,0.5915492957746479,4.166666666666667,1.0,0.03756345177664975,0.41,0.6496913580246914,0.5027378109162928,OC-SVM(t),Lamb_education_Eula,125,education,False
6.0,4.0,0.34210526315789475,0.6666666666666666,0.4521739130434782,31.75,0.6666666666666666,0.07866582756450598,0.3245614035087719,0.17157738095238095,0.22448313784920096,OC-SVM(t),Lamb_education_Lazaro,125,education,False
6.0,6.0,0.66,1.0,0.7951807228915663,26.0,1.0,0.0363232023721275,0.6559999999999999,0.20207531665864997,0.3089738281815849,OC-SVM(t),Lamb_education_Lucas,125,education,False
6.0,6.0,0.32,1.0,0.48484848484848486,13.5,1.0,0.05815279361459521,0.31,0.3956018518518518,0.34760842464405217,OC-SVM(t),Lamb_education_Mae,125,education,False
,,,,,,,,0.0,,,OC-SVM(t),Lamb_education_Willetta,125,education,False
6.0,6.0,0.6896551724137931,1.0,0.8163265306122449,14.666666666666666,1.0,0.026755852842809364,0.6781609195402298,0.2558862433862434,0.3715702097286281,OC-SVM(t),Lamb_education_Williams,125,education,False
6.0,3.0,0.5,0.5,0.5,63.333333333333336,0.5,0.011702750146284377,0.5,0.19704861111111113,0.28268991282689915,OC-SVM(t),Lamb_office_Caitlin,125,office,True
6.0,6.0,0.8857142857142857,1.0,0.9393939393939393,12.0,1.0,0.013245033112582781,0.8617857142857144,0.2235111531986532,0.3549604252642875,OC-SVM(t),Lamb_office_Velma,125,office,True
6.0,3.0,0.75,0.5,0.6,1.6666666666666667,0.5,0.008092485549132947,0.75,0.2833333333333333,0.4112903225806452,OC-SVM(t),Rat_retail_Jeffrey,125,retail,False
6.0,6.0,0.32608695652173914,1.0,0.4918032786885246,13.5,1.0,0.12966360856269113,0.32608695652173914,0.47469135802469137,0.38660052954385493,OC-SVM(t),Robin_education_Zenia,125,education,False
6.0,6.0,0.7058823529411765,1.0,0.8275862068965517,8.333333333333334,1.0,0.027543563799887576,0.7058823529411765,0.45813492063492056,0.5556435683274341,OC-SVM(t),Robin_office_Dina,125,office,True
6.0,5.0,0.9090909090909091,0.8333333333333334,0.8695652173913043,80.6,0.8333333333333334,0.004016064257028112,0.9090909090909091,0.21575652356902356,0.3487447069863316,OC-SVM(t),Robin_office_Sammie,125,office,True
6.0,6.0,0.6,1.0,0.7499999999999999,29.333333333333332,1.0,0.019187358916478554,0.6,0.4389880952380953,0.5070180464050416,OC-SVM(t),Shrew_office_Doris,125,office,True
6.0,6.0,0.5769230769230769,1.0,0.7317073170731707,98.5,1.0,0.034262948207171316,0.5769230769230769,0.18115079365079367,0.2757253014959029,OC-SVM(t),Shrew_office_Ila,125,office,True
6.0,4.0,0.6,0.6666666666666666,0.631578947368421,37.0,0.6666666666666666,0.004859611231101512,0.55,0.33928571428571425,0.4196787148594378,OC-SVM(t),Shrew_office_Kenneth,125,office,True
6.0,5.0,0.5,0.8333333333333334,0.625,29.6,0.8333333333333334,0.015950920245398775,0.5,0.19930555555555554,0.28500496524329694,OC-SVM(t),Shrew_office_Nora,125,office,True
6.0,4.0,0.3076923076923077,0.6666666666666666,0.42105263157894735,31.25,0.6666666666666666,0.03287070854638422,0.3076923076923077,0.27831196581196577,0.29226561952177266,OC-SVM(t),Shrew_office_Sherill,125,office,True
6.0,4.0,0.3333333333333333,0.6666666666666666,0.4444444444444444,24.75,0.6666666666666666,0.03674698795180723,0.3333333333333333,0.37546296296296294,0.3531460918789462,OC-SVM(t),Wolf_office_Darleen,125,office,True
6.0,5.0,0.2608695652173913,0.8333333333333334,0.3973509933774834,13.2,0.8333333333333334,0.045761830473218926,0.24456521739130435,0.5358796296296297,0.3358533754594107,OC-SVM(t),Wolf_retail_Harriett,125,retail,False
6.0,5.0,0.4473684210526316,0.8333333333333334,0.5821917808219178,47.2,0.8333333333333334,0.03854545454545454,0.4356725146198831,0.19835758377425042,0.27260203430636193,OC-SVM(t),Wolf_retail_Marcella,125,retail,False
6.0,4.0,0.4444444444444444,0.6666666666666666,0.5333333333333333,54.25,0.6666666666666666,0.04155124653739612,0.4444444444444444,0.1263778659611993,0.19679658416744447,OC-SVM(t),Wolf_retail_Toshia,125,retail,False
6.0,2.0,0.6,0.3333333333333333,0.42857142857142855,77.0,0.3333333333333333,0.060625814863103,0.484963768115942,0.12083333333333333,0.19346341706539075,LSTM-AE(t),Fox_education_Henrietta,125,education,False
6.0,2.0,1.0,0.3333333333333333,0.5,80.5,0.3333333333333333,0.041537507749535026,0.5347222222222222,0.20833333333333334,0.2998442367601246,LSTM-AE(t),Fox_retail_Manie,125,retail,False
6.0,4.0,0.8,0.6666666666666666,0.7272727272727272,12.25,0.6666666666666666,0.09908256880733946,0.5808333333333333,0.6105324074074074,0.595312692275309,LSTM-AE(t),Hog_education_Bruno,125,education,False
6.0,4.0,1.0,0.6666666666666666,0.8,47.75,0.6666666666666666,0.11095983662355344,0.4357638888888889,0.3082231040564374,0.361061415703831,LSTM-AE(t),Hog_education_Caridad,125,education,False
6.0,3.0,0.75,0.5,0.6,47.333333333333336,0.5,0.06499429874572406,0.4574652777777778,0.34375,0.3925379198266522,LSTM-AE(t),Hog_education_Luvenia,125,education,False
6.0,2.0,1.0,0.3333333333333333,0.5,0.0,0.3333333333333333,0.04548494983277592,0.2916666666666667,0.1875,0.22826086956521738,LSTM-AE(t),Hog_office_Almeda,125,office,True
6.0,4.0,1.0,0.6666666666666666,0.8,25.5,0.6666666666666666,0.09795673076923077,0.4539930555555556,0.48134920634920636,0.4672710854199996,LSTM-AE(t),Hog_office_Cortney,125,office,True
6.0,5.0,0.8,0.8333333333333334,0.816326530612245,18.0,0.8333333333333334,0.13563692625064466,0.23055555555555557,0.7333333333333334,0.3508165225744477,LSTM-AE(t),Hog_office_Denita,125,office,True
6.0,2.0,0.4,0.3333333333333333,0.3636363636363636,167.5,0.3333333333333333,0.07977839335180055,0.3,0.048484848484848485,0.08347826086956522,LSTM-AE(t),Hog_office_Garrett,125,office,True
6.0,0.0,0.0,0.0,0.0,,0.0,0.07242003621001811,0.0,0.0,0.0,LSTM-AE(t),Hog_office_Lavon,125,office,True
6.0,3.0,0.75,0.5,0.6,27.0,0.5,0.054875061244487995,0.28679078014184395,0.35555555555555557,0.31749244759319745,LSTM-AE(t),Hog_office_Merilyn,125,office,True
6.0,6.0,1.0,1.0,1.0,32.5,1.0,0.10675381263616558,0.6576388888888889,0.5742476851851851,0.6131207492314036,LSTM-AE(t),Hog_office_Miriam,125,office,True
6.0,3.0,1.0,0.5,0.6666666666666666,0.0,0.5,0.14583333333333334,0.05185185185185185,0.5,0.09395973154362416,LSTM-AE(t),Hog_office_Napoleon,125,office,True
6.0,4.0,0.75,0.6666666666666666,0.7058823529411765,30.25,0.6666666666666666,0.11247334754797442,0.140625,0.5266203703703703,0.22197528187337381,LSTM-AE(t),Hog_office_Shawna,125,office,True
6.0,2.0,0.3333333333333333,0.3333333333333333,0.3333333333333333,0.0,0.3333333333333333,0.18302828618968386,0.013888888888888888,0.3333333333333333,0.026666666666666665,LSTM-AE(t),Hog_office_Shawnna,125,office,True
6.0,2.0,0.2857142857142857,0.3333333333333333,0.30769230769230765,0.0,0.3333333333333333,0.23090079817559864,0.0067460317460317455,0.3333333333333333,0.0132244262932711,LSTM-AE(t),Hog_office_Sherrie,125,office,True
6.0,3.0,1.0,0.5,0.6666666666666666,65.66666666666667,0.5,0.0,1.0,0.29830840455840457,0.4595339651365326,LSTM-AE(t),Hog_office_Shon,125,office,True
6.0,4.0,0.6,0.6666666666666666,0.631578947368421,12.75,0.6666666666666666,0.08057142857142857,0.3672222222222222,0.6116452991452991,0.45891755740372886,LSTM-AE(t),Hog_office_Sydney,125,office,True
6.0,3.0,0.8333333333333334,0.5,0.625,52.0,0.5,0.07597402597402597,0.6736111111111112,0.2884615384615385,0.40394225430316494,LSTM-AE(t),Hog_office_Valda,125,office,True
6.0,2.0,1.0,0.3333333333333333,0.5,0.0,0.3333333333333333,0.04994054696789536,0.07361111111111111,0.3333333333333333,0.12059158134243458,LSTM-AE(t),Lamb_education_Armando,125,education,False
6.0,0.0,0.0,0.0,0.0,,0.0,0.0,0.0,0.0,0.0,LSTM-AE(t),Lamb_education_Eula,125,education,False
6.0,2.0,1.0,0.3333333333333333,0.5,20.0,0.3333333333333333,0.10383889238514789,0.5089285714285714,0.20833333333333334,0.29564315352697096,LSTM-AE(t),Lamb_education_Lazaro,125,education,False
6.0,2.0,1.0,0.3333333333333333,0.5,79.0,0.3333333333333333,0.014825796886582653,0.5833333333333334,0.2272727272727273,0.3271028037383178,LSTM-AE(t),Lamb_education_Lucas,125,education,False
6.0,4.0,1.0,0.6666666666666666,0.8,45.0,0.6666666666666666,0.04389965792474344,0.5547504025764896,0.41250000000000003,0.47316504692735106,LSTM-AE(t),Lamb_education_Mae,125,education,False
,,,,,,,,0.0,,,LSTM-AE(t),Lamb_education_Willetta,125,education,False
6.0,0.0,0.0,0.0,0.0,,0.0,0.0,0.0,0.0,0.0,LSTM-AE(t),Lamb_education_Williams,125,education,False
6.0,0.0,0.0,0.0,0.0,,0.0,0.09771796372147455,0.0,0.0,0.0,LSTM-AE(t),Lamb_office_Caitlin,125,office,True
6.0,4.0,0.8571428571428571,0.6666666666666666,0.75,38.0,0.6666666666666666,0.076158940397351,0.7261904761904762,0.237381253006253,0.35780212294731556,LSTM-AE(t),Lamb_office_Velma,125,office,True
6.0,3.0,1.0,0.5,0.6666666666666666,14.666666666666666,0.5,0.061849710982658956,0.5915300546448088,0.21825396825396826,0.31885979005998283,LSTM-AE(t),Rat_retail_Jeffrey,125,retail,False
6.0,1.0,1.0,0.16666666666666666,0.2857142857142857,65.0,0.16666666666666666,0.0,1.0,0.06712962962962964,0.12581344902386118,LSTM-AE(t),Robin_education_Zenia,125,education,False
6.0,3.0,0.6,0.5,0.5454545454545454,62.333333333333336,0.5,0.08600337268128162,0.4083333333333334,0.24662698412698414,0.30751792386145615,LSTM-AE(t),Robin_office_Dina,125,office,True
6.0,2.0,1.0,0.3333333333333333,0.5,79.0,0.3333333333333333,0.010040160642570281,0.9801587301587302,0.18250210437710437,0.30770973884051533,LSTM-AE(t),Robin_office_Sammie,125,office,True
6.0,4.0,1.0,0.6666666666666666,0.8,66.5,0.6666666666666666,0.10496613995485328,0.36458333333333337,0.4503968253968254,0.40297220531547984,LSTM-AE(t),Shrew_office_Doris,125,office,True
6.0,3.0,0.6,0.5,0.5454545454545454,118.0,0.5,0.14422310756972112,0.41875,0.138260582010582,0.20788337093327,LSTM-AE(t),Shrew_office_Ila,125,office,True
6.0,3.0,0.5714285714285714,0.5,0.5333333333333333,89.0,0.5,0.11555075593952484,0.28075396825396826,0.22420634920634921,0.24931393644556712,LSTM-AE(t),Shrew_office_Kenneth,125,office,True
6.0,2.0,0.6666666666666666,0.3333333333333333,0.4444444444444444,60.0,0.3333333333333333,0.03374233128834356,0.3611111111111111,0.18441358024691357,0.24414584315574409,LSTM-AE(t),Shrew_office_Nora,125,office,True
6.0,3.0,0.75,0.5,0.6,0.0,0.5,0.13148283418553688,0.04722222222222222,0.5,0.08629441624365482,LSTM-AE(t),Shrew_office_Sherill,125,office,True
6.0,1.0,0.5,0.16666666666666666,0.25,98.0,0.16666666666666666,0.02891566265060241,0.5,0.05497685185185185,0.09906152241918666,LSTM-AE(t),Wolf_office_Darleen,125,office,True
6.0,4.0,1.0,0.6666666666666666,0.8,19.0,0.6666666666666666,0.07852314092563703,0.39479166666666665,0.4236111111111111,0.40869396125017676,LSTM-AE(t),Wolf_retail_Harriett,125,retail,False
6.0,2.0,1.0,0.3333333333333333,0.5,0.0,0.3333333333333333,0.06181818181818182,0.11458333333333333,0.17500000000000002,0.13848920863309352,LSTM-AE(t),Wolf_retail_Marcella,125,retail,False
6.0,3.0,1.0,0.5,0.6666666666666666,82.0,0.5,0.05193905817174515,0.6291666666666667,0.27194940476190477,0.3797546307764291,LSTM-AE(t),Wolf_retail_Toshia,125,retail,False
