n_events,tp_events,precision,recall,f1,detection_delay_h,detection_rate,false_alarm_rate,range_precision,range_recall,model,building_id,seed,btype,seen
6.0,3.0,0.25,0.5,0.3333333333333333,1.6666666666666667,0.5,0.016350210970464137,0.25,0.2222222222222222,PatchTST-SSL,Fox_education_Henrietta,123,education,False
6.0,4.0,0.35135135135135137,0.6666666666666666,0.46017699115044247,51.25,0.6666666666666666,0.06979542719614922,0.34459459459459457,0.22968750000000002,PatchTST-SSL,Fox_retail_Manie,123,retail,False
6.0,6.0,0.9166666666666666,1.0,0.9565217391304348,76.0,1.0,0.0014524328249818446,0.9166666666666666,0.4378665123456791,PatchTST-SSL,Hog_education_Bruno,123,education,False
6.0,4.0,0.8571428571428571,0.6666666666666666,0.75,80.0,0.6666666666666666,0.0161090458488228,0.8571428571428571,0.2181637806637807,PatchTST-SSL,Hog_education_Caridad,123,education,False
6.0,3.0,0.5833333333333334,0.5,0.5384615384615384,69.33333333333333,0.5,0.0041592394533571005,0.5833333333333334,0.11656746031746033,PatchTST-SSL,Hog_education_Luvenia,123,education,False
6.0,5.0,0.6785714285714286,0.8333333333333334,0.7480314960629922,3.6,0.8333333333333334,0.009237875288683603,0.6785714285714286,0.37226430976430974,PatchTST-SSL,Hog_office_Almeda,123,office,True
6.0,3.0,0.875,0.5,0.6363636363636364,70.66666666666667,0.5,0.0007022471910112359,0.875,0.23611111111111108,PatchTST-SSL,Hog_office_Cortney,123,office,True
6.0,6.0,0.8709677419354839,1.0,0.9310344827586207,42.666666666666664,1.0,0.0026402640264026403,0.8709677419354839,0.5059132996632997,PatchTST-SSL,Hog_office_Denita,123,office,True
6.0,5.0,0.5454545454545454,0.8333333333333334,0.6593406593406592,28.6,0.8333333333333334,0.02937420178799489,0.5454545454545454,0.2967796092796093,PatchTST-SSL,Hog_office_Garrett,123,office,True
6.0,4.0,0.625,0.6666666666666666,0.6451612903225806,43.75,0.6666666666666666,0.004768392370572207,0.625,0.17561728395061726,PatchTST-SSL,Hog_office_Lavon,123,office,True
6.0,6.0,0.6,1.0,0.7499999999999999,13.333333333333334,1.0,0.010165864098448368,0.6,0.400534188034188,PatchTST-SSL,Hog_office_Merilyn,123,office,True
6.0,4.0,0.7407407407407407,0.6666666666666666,0.7017543859649122,33.0,0.6666666666666666,0.0055762081784386614,0.7407407407407407,0.3251984126984127,PatchTST-SSL,Hog_office_Miriam,123,office,True
6.0,5.0,0.9285714285714286,0.8333333333333334,0.8783783783783784,47.2,0.8333333333333334,0.0006016847172081829,0.9285714285714286,0.480516975308642,PatchTST-SSL,Hog_office_Napoleon,123,office,True
6.0,2.0,0.3333333333333333,0.3333333333333333,0.3333333333333333,0.5,0.3333333333333333,0.004878048780487805,0.3333333333333333,0.27777777777777773,PatchTST-SSL,Hog_office_Shawna,123,office,True
6.0,6.0,0.8611111111111112,1.0,0.9253731343283582,32.5,1.0,0.0071581961345740875,0.8611111111111112,0.3086805555555555,PatchTST-SSL,Hog_office_Shawnna,123,office,True
6.0,4.0,0.34615384615384615,0.6666666666666666,0.45569620253164556,2.25,0.6666666666666666,0.014084507042253521,0.34615384615384615,0.3081196581196581,PatchTST-SSL,Hog_office_Sherrie,123,office,True
6.0,6.0,0.5789473684210527,1.0,0.7333333333333334,37.0,1.0,0.006944444444444444,0.5789473684210527,0.33376322751322746,PatchTST-SSL,Hog_office_Shon,123,office,True
6.0,5.0,0.7575757575757576,0.8333333333333334,0.7936507936507938,9.0,0.8333333333333334,0.008933889219773675,0.7575757575757576,0.5663580246913581,PatchTST-SSL,Hog_office_Sydney,123,office,True
6.0,5.0,0.3888888888888889,0.8333333333333334,0.5303030303030303,21.2,0.8333333333333334,0.012195121951219513,0.3888888888888889,0.4488636363636363,PatchTST-SSL,Hog_office_Valda,123,office,True
6.0,3.0,1.0,0.5,0.6666666666666666,7.0,0.5,0.0,1.0,0.30396825396825394,PatchTST-SSL,Lamb_education_Armando,123,education,False
6.0,6.0,0.2962962962962963,1.0,0.45714285714285713,16.833333333333332,1.0,0.017103153393907,0.2962962962962963,0.6137820512820512,PatchTST-SSL,Lamb_education_Eula,123,education,False
6.0,5.0,0.8181818181818182,0.8333333333333334,0.8256880733944955,34.2,0.8333333333333334,0.008556149732620321,0.8181818181818182,0.48514957264957265,PatchTST-SSL,Lamb_education_Lazaro,123,education,False
6.0,5.0,0.3783783783783784,0.8333333333333334,0.5204460966542751,14.8,0.8333333333333334,0.014250309789343246,0.3783783783783784,0.37127976190476186,PatchTST-SSL,Lamb_education_Lucas,123,education,False
6.0,5.0,0.38461538461538464,0.8333333333333334,0.5263157894736842,54.4,0.8333333333333334,0.024489795918367346,0.38461538461538464,0.27981150793650794,PatchTST-SSL,Lamb_education_Mae,123,education,False
,,,,,,,,0.0,,PatchTST-SSL,Lamb_education_Willetta,123,education,False
6.0,2.0,0.375,0.3333333333333333,0.35294117647058826,8.5,0.3333333333333333,0.016463414634146342,0.375,0.17708333333333334,PatchTST-SSL,Lamb_education_Williams,123,education,False
6.0,4.0,0.30612244897959184,0.6666666666666666,0.4195804195804196,28.5,0.6666666666666666,0.0832282471626734,0.30612244897959184,0.16403619528619529,PatchTST-SSL,Lamb_office_Caitlin,123,office,True
6.0,4.0,0.3684210526315789,0.6666666666666666,0.4745762711864407,69.5,0.6666666666666666,0.022988505747126436,0.3684210526315789,0.13529265873015872,PatchTST-SSL,Lamb_office_Velma,123,office,True
6.0,5.0,0.6829268292682927,0.8333333333333334,0.7506702412868633,23.8,0.8333333333333334,0.029818181818181817,0.6829268292682927,0.16168981481481481,PatchTST-SSL,Rat_retail_Jeffrey,123,retail,False
6.0,6.0,0.3939393939393939,1.0,0.5652173913043478,7.666666666666667,1.0,0.05731119442956615,0.3939393939393939,0.5767094017094018,PatchTST-SSL,Robin_education_Zenia,123,education,False
6.0,5.0,0.9310344827586207,0.8333333333333334,0.8794788273615635,36.6,0.8333333333333334,0.001483679525222552,0.9310344827586207,0.3128472222222222,PatchTST-SSL,Robin_office_Dina,123,office,True
6.0,4.0,0.9333333333333333,0.6666666666666666,0.7777777777777778,55.0,0.6666666666666666,0.0017196904557179708,0.9333333333333333,0.2164384226884227,PatchTST-SSL,Robin_office_Sammie,123,office,True
6.0,6.0,0.8095238095238095,1.0,0.8947368421052632,67.16666666666667,1.0,0.003526093088857546,0.8095238095238095,0.29046601546601547,PatchTST-SSL,Shrew_office_Doris,123,office,True
6.0,5.0,0.8723404255319149,0.8333333333333334,0.8523908523908524,81.4,0.8333333333333334,0.009098428453267164,0.8723404255319149,0.32984457671957673,PatchTST-SSL,Shrew_office_Ila,123,office,True
6.0,6.0,1.0,1.0,1.0,56.5,1.0,0.0,1.0,0.2878279320987654,PatchTST-SSL,Shrew_office_Kenneth,123,office,True
6.0,5.0,0.9285714285714286,0.8333333333333334,0.8783783783783784,61.6,0.8333333333333334,0.0006489292667099286,0.9285714285714286,0.20270061728395064,PatchTST-SSL,Shrew_office_Nora,123,office,True
6.0,3.0,0.3,0.5,0.37499999999999994,1.0,0.5,0.008049242424242424,0.3,0.3194444444444444,PatchTST-SSL,Shrew_office_Sherill,123,office,True
6.0,6.0,0.5384615384615384,1.0,0.7000000000000001,8.0,1.0,0.004842615012106538,0.5384615384615384,0.6416666666666666,PatchTST-SSL,Wolf_office_Darleen,123,office,True
6.0,5.0,0.9166666666666666,0.8333333333333334,0.8730158730158729,42.4,0.8333333333333334,0.0030165912518853697,0.9166666666666666,0.33423996913580245,PatchTST-SSL,Wolf_retail_Harriett,123,retail,False
6.0,4.0,0.8125,0.6666666666666666,0.7323943661971831,6.75,0.6666666666666666,0.0031545741324921135,0.8125,0.2986111111111111,PatchTST-SSL,Wolf_retail_Marcella,123,retail,False
6.0,2.0,0.375,0.3333333333333333,0.35294117647058826,21.0,0.3333333333333333,0.00426049908703591,0.375,0.009722222222222222,PatchTST-SSL,Wolf_retail_Toshia,123,retail,False
6.0,4.0,0.19047619047619047,0.6666666666666666,0.2962962962962963,49.5,0.6666666666666666,0.028481012658227847,0.19047619047619047,0.22299382716049385,HOW-profile+z,Fox_education_Henrietta,123,education,False
6.0,4.0,0.3076923076923077,0.6666666666666666,0.42105263157894735,39.25,0.6666666666666666,0.11070998796630566,0.30256410256410254,0.25,HOW-profile+z,Fox_retail_Manie,123,retail,False
6.0,6.0,0.56,1.0,0.717948717948718,46.5,1.0,0.021060275962236745,0.53,0.592512676366843,HOW-profile+z,Hog_education_Bruno,123,education,False
6.0,6.0,0.8148148148148148,1.0,0.8979591836734693,43.666666666666664,1.0,0.007434944237918215,0.8148148148148148,0.49213864838864835,HOW-profile+z,Hog_education_Caridad,123,education,False
6.0,4.0,0.45454545454545453,0.6666666666666666,0.5405405405405405,115.5,0.6666666666666666,0.004753416518122401,0.45454545454545453,0.13033234126984128,HOW-profile+z,Hog_education_Luvenia,123,education,False
6.0,6.0,0.4788732394366197,1.0,0.6476190476190475,18.666666666666668,1.0,0.034064665127020784,0.4788732394366197,0.49208754208754213,HOW-profile+z,Hog_office_Almeda,123,office,True
6.0,5.0,0.6363636363636364,0.8333333333333334,0.7216494845360825,18.0,0.8333333333333334,0.025280898876404494,0.6363636363636364,0.367948717948718,HOW-profile+z,Hog_office_Cortney,123,office,True
6.0,6.0,0.9555555555555556,1.0,0.9772727272727273,27.833333333333332,1.0,0.0013201320132013201,0.9555555555555556,0.5706228956228956,HOW-profile+z,Hog_office_Denita,123,office,True
6.0,5.0,0.5681818181818182,0.8333333333333334,0.6756756756756758,24.8,0.8333333333333334,0.02681992337164751,0.5590909090909091,0.29307844932844934,HOW-profile+z,Hog_office_Garrett,123,office,True
6.0,5.0,0.6875,0.8333333333333334,0.7534246575342466,41.0,0.8333333333333334,0.010899182561307902,0.6328125,0.18738425925925925,HOW-profile+z,Hog_office_Lavon,123,office,True
6.0,6.0,0.8235294117647058,1.0,0.9032258064516129,32.333333333333336,1.0,0.0016051364365971107,0.8235294117647058,0.3276709401709402,HOW-profile+z,Hog_office_Merilyn,123,office,True
6.0,5.0,0.78125,0.8333333333333334,0.8064516129032259,28.0,0.8333333333333334,0.004337050805452293,0.78125,0.27733686067019403,HOW-profile+z,Hog_office_Miriam,123,office,True
6.0,5.0,0.926829268292683,0.8333333333333334,0.8775981524249423,8.4,0.8333333333333334,0.0018050541516245488,0.926829268292683,0.5695408950617283,HOW-profile+z,Hog_office_Napoleon,123,office,True
6.0,6.0,0.37735849056603776,1.0,0.5479452054794521,6.0,1.0,0.03048780487804878,0.37735849056603776,0.3627921075837743,HOW-profile+z,Hog_office_Shawna,123,office,True
6.0,6.0,0.7692307692307693,1.0,0.8695652173913044,21.666666666666668,1.0,0.012168933428775949,0.7692307692307693,0.3514690170940171,HOW-profile+z,Hog_office_Shawnna,123,office,True
6.0,4.0,0.5555555555555556,0.6666666666666666,0.606060606060606,3.25,0.6666666666666666,0.028755868544600938,0.5555555555555556,0.28354700854700854,HOW-profile+z,Hog_office_Sherrie,123,office,True
6.0,6.0,0.5,1.0,0.6666666666666666,21.833333333333332,1.0,0.013888888888888888,0.5,0.3365740740740741,HOW-profile+z,Hog_office_Shon,123,office,True
6.0,5.0,0.9393939393939394,0.8333333333333334,0.8831908831908831,13.6,0.8333333333333334,0.0023823704586063135,0.9393939393939394,0.6066743827160495,HOW-profile+z,Hog_office_Sydney,123,office,True
6.0,5.0,0.5483870967741935,0.8333333333333334,0.6614785992217898,21.2,0.8333333333333334,0.018847006651884702,0.5483870967741935,0.5277777777777778,HOW-profile+z,Hog_office_Valda,123,office,True
6.0,5.0,0.5882352941176471,0.8333333333333334,0.6896551724137931,2.6,0.8333333333333334,0.027662517289073305,0.5882352941176471,0.3811838624338624,HOW-profile+z,Lamb_education_Armando,123,education,False
6.0,6.0,0.15254237288135594,1.0,0.2647058823529412,28.0,1.0,0.08070550507749866,0.1483050847457627,0.655448717948718,HOW-profile+z,Lamb_education_Eula,123,education,False
6.0,6.0,0.65,1.0,0.787878787878788,33.333333333333336,1.0,0.010160427807486631,0.625,0.5938034188034188,HOW-profile+z,Lamb_education_Lazaro,123,education,False
6.0,6.0,0.5641025641025641,1.0,0.7213114754098361,5.833333333333333,1.0,0.030978934324659233,0.5641025641025641,0.4192708333333333,HOW-profile+z,Lamb_education_Lucas,123,education,False
6.0,5.0,0.37209302325581395,0.8333333333333334,0.5144694533762059,60.4,0.8333333333333334,0.031292517006802724,0.37209302325581395,0.32405753968253964,HOW-profile+z,Lamb_education_Mae,123,education,False
,,,,,,,,0.0,,HOW-profile+z,Lamb_education_Willetta,123,education,False
6.0,2.0,0.28205128205128205,0.3333333333333333,0.3055555555555555,10.0,0.3333333333333333,0.05,0.28205128205128205,0.22291666666666665,HOW-profile+z,Lamb_education_Williams,123,education,False
6.0,4.0,0.6875,0.6666666666666666,0.676923076923077,24.75,0.6666666666666666,0.0510718789407314,0.6875,0.3478535353535353,HOW-profile+z,Lamb_office_Caitlin,123,office,True
6.0,6.0,0.5111111111111111,1.0,0.676470588235294,65.33333333333333,1.0,0.04597701149425287,0.5111111111111111,0.18872905643738977,HOW-profile+z,Lamb_office_Velma,123,office,True
6.0,4.0,0.5901639344262295,0.6666666666666666,0.6260869565217391,72.0,0.6666666666666666,0.05818181818181818,0.5901639344262295,0.22372685185185184,HOW-profile+z,Rat_retail_Jeffrey,123,retail,False
6.0,5.0,0.3711340206185567,0.8333333333333334,0.5135520684736091,3.6,0.8333333333333334,0.07070166041778254,0.36855670103092786,0.4327991452991453,HOW-profile+z,Robin_education_Zenia,123,education,False
6.0,5.0,0.8545454545454545,0.8333333333333334,0.8438061041292639,23.6,0.8333333333333334,0.017804154302670624,0.8545454545454545,0.390625,HOW-profile+z,Robin_office_Dina,123,office,True
6.0,5.0,0.9523809523809523,0.8333333333333334,0.888888888888889,67.8,0.8333333333333334,0.0025795356835769563,0.9523809523809523,0.21963869463869468,HOW-profile+z,Robin_office_Sammie,123,office,True
6.0,6.0,0.9069767441860465,1.0,0.951219512195122,58.833333333333336,1.0,0.005641748942172073,0.9069767441860465,0.3967223748473749,HOW-profile+z,Shrew_office_Doris,123,office,True
6.0,6.0,0.75,1.0,0.8571428571428571,55.0,1.0,0.01488833746898263,0.75,0.5328207671957671,HOW-profile+z,Shrew_office_Ila,123,office,True
6.0,6.0,0.9487179487179487,1.0,0.9736842105263158,43.333333333333336,1.0,0.0014044943820224719,0.9487179487179487,0.4422646604938272,HOW-profile+z,Shrew_office_Kenneth,123,office,True
6.0,6.0,0.42424242424242425,1.0,0.5957446808510638,28.5,1.0,0.027255029201817,0.42424242424242425,0.4185185185185185,HOW-profile+z,Shrew_office_Nora,123,office,True
6.0,4.0,0.08888888888888889,0.6666666666666666,0.1568627450980392,0.75,0.6666666666666666,0.036931818181818184,0.08888888888888889,0.4861111111111111,HOW-profile+z,Shrew_office_Sherill,123,office,True
6.0,6.0,0.30303030303030304,1.0,0.4651162790697675,5.5,1.0,0.04406779661016949,0.27878787878787875,0.6402777777777778,HOW-profile+z,Wolf_office_Darleen,123,office,True
6.0,6.0,0.6027397260273972,1.0,0.7521367521367521,30.666666666666668,1.0,0.02790346907993967,0.6027397260273972,0.44347993827160487,HOW-profile+z,Wolf_retail_Harriett,123,retail,False
6.0,5.0,0.47368421052631576,0.8333333333333334,0.6040268456375839,28.0,0.8333333333333334,0.022082018927444796,0.47368421052631576,0.3726851851851852,HOW-profile+z,Wolf_retail_Marcella,123,retail,False
6.0,5.0,0.42857142857142855,0.8333333333333334,0.5660377358490566,12.6,0.8333333333333334,0.027388922702373707,0.42857142857142855,0.07414021164021163,HOW-profile+z,Wolf_retail_Toshia,123,retail,False
6.0,4.0,0.21428571428571427,0.6666666666666666,0.3243243243243243,44.0,0.6666666666666666,0.0379746835443038,0.21428571428571427,0.28472222222222215,TOWT-detector,Fox_education_Henrietta,123,education,False
6.0,4.0,0.34210526315789475,0.6666666666666666,0.4521739130434782,44.75,0.6666666666666666,0.07160048134777376,0.3368421052631579,0.225,TOWT-detector,Fox_retail_Manie,123,retail,False
6.0,5.0,0.3888888888888889,0.8333333333333334,0.5303030303030303,35.0,0.8333333333333334,0.025417574437182282,0.3492063492063492,0.5986414241622574,TOWT-detector,Hog_education_Bruno,123,education,False
6.0,5.0,0.9,0.8333333333333334,0.8653846153846153,53.2,0.8333333333333334,0.0055762081784386614,0.9,0.3314093314093314,TOWT-detector,Hog_education_Caridad,123,education,False
6.0,2.0,0.14285714285714285,0.3333333333333333,0.2,1.0,0.3333333333333333,0.0106951871657754,0.14285714285714285,0.20833333333333334,TOWT-detector,Hog_education_Luvenia,123,education,False
6.0,5.0,0.6,0.8333333333333334,0.6976744186046512,27.6,0.8333333333333334,0.02020785219399538,0.6,0.4055555555555555,TOWT-detector,Hog_office_Almeda,123,office,True
6.0,5.0,0.3235294117647059,0.8333333333333334,0.46610169491525427,16.0,0.8333333333333334,0.12570224719101122,0.3235294117647059,0.3826210826210826,TOWT-detector,Hog_office_Cortney,123,office,True
6.0,6.0,0.5454545454545454,1.0,0.7058823529411764,42.666666666666664,1.0,0.031683168316831684,0.5340909090909091,0.5653619528619529,TOWT-detector,Hog_office_Denita,123,office,True
6.0,5.0,0.9090909090909091,0.8333333333333334,0.8695652173913043,41.6,0.8333333333333334,0.0006385696040868455,0.9090909090909091,0.2615995115995116,TOWT-detector,Hog_office_Garrett,123,office,True
6.0,4.0,0.6666666666666666,0.6666666666666666,0.6666666666666666,67.25,0.6666666666666666,0.0013623978201634877,0.6666666666666666,0.1723905723905724,TOWT-detector,Hog_office_Lavon,123,office,True
6.0,6.0,0.7272727272727273,1.0,0.8421052631578948,13.333333333333334,1.0,0.0016051364365971107,0.7272727272727273,0.42435897435897435,TOWT-detector,Hog_office_Merilyn,123,office,True
6.0,5.0,0.7,0.8333333333333334,0.7608695652173915,33.0,0.8333333333333334,0.004337050805452293,0.7,0.30709876543209874,TOWT-detector,Hog_office_Miriam,123,office,True
6.0,5.0,0.9642857142857143,0.8333333333333334,0.8940397350993378,23.6,0.8333333333333334,0.0006016847172081829,0.9642857142857143,0.4968171296296296,TOWT-detector,Hog_office_Napoleon,123,office,True
6.0,4.0,0.20512820512820512,0.6666666666666666,0.31372549019607837,5.25,0.6666666666666666,0.028658536585365855,0.20512820512820512,0.2843364197530864,TOWT-detector,Hog_office_Shawna,123,office,True
6.0,5.0,0.9545454545454546,0.8333333333333334,0.8898305084745762,14.6,0.8333333333333334,0.0035790980672870437,0.9545454545454546,0.29113247863247865,TOWT-detector,Hog_office_Shawnna,123,office,True
6.0,4.0,0.3181818181818182,0.6666666666666666,0.43076923076923074,2.5,0.6666666666666666,0.03403755868544601,0.3181818181818182,0.28066239316239316,TOWT-detector,Hog_office_Sherrie,123,office,True
6.0,6.0,0.4642857142857143,1.0,0.6341463414634146,12.333333333333334,1.0,0.05844907407407408,0.43506493506493504,0.39957010582010577,TOWT-detector,Hog_office_Shon,123,office,True
6.0,4.0,0.8,0.6666666666666666,0.7272727272727272,11.25,0.6666666666666666,0.0023823704586063135,0.8,0.45659722222222227,TOWT-detector,Hog_office_Sydney,123,office,True
6.0,5.0,0.5238095238095238,0.8333333333333334,0.6432748538011697,22.8,0.8333333333333334,0.01662971175166297,0.5238095238095238,0.47348484848484845,TOWT-detector,Hog_office_Valda,123,office,True
6.0,5.0,0.5,0.8333333333333334,0.625,18.6,0.8333333333333334,0.05739972337482711,0.5,0.34007936507936504,TOWT-detector,Lamb_education_Armando,123,education,False
6.0,5.0,0.0684931506849315,0.8333333333333334,0.12658227848101267,0.6,0.8333333333333334,0.09994655264564405,0.06506849315068493,0.6944444444444443,TOWT-detector,Lamb_education_Eula,123,education,False
6.0,6.0,0.36363636363636365,1.0,0.5333333333333333,33.0,1.0,0.05561497326203209,0.36363636363636365,0.669017094017094,TOWT-detector,Lamb_education_Lazaro,123,education,False
6.0,6.0,0.36046511627906974,1.0,0.5299145299145299,3.0,1.0,0.10966542750929369,0.34932170542635654,0.4523671737213404,TOWT-detector,Lamb_education_Lucas,123,education,False
6.0,4.0,0.4,0.6666666666666666,0.5,28.25,0.6666666666666666,0.03469387755102041,0.4,0.2965939153439154,TOWT-detector,Lamb_education_Mae,123,education,False
,,,,,,,,0.0,,TOWT-detector,Lamb_education_Willetta,123,education,False
6.0,2.0,0.1346153846153846,0.3333333333333333,0.19178082191780818,53.0,0.3333333333333333,0.1073170731707317,0.1346153846153846,0.17569444444444446,TOWT-detector,Lamb_education_Williams,123,education,False
6.0,3.0,0.7142857142857143,0.5,0.588235294117647,29.666666666666668,0.5,0.006305170239596469,0.7142857142857143,0.2175925925925926,TOWT-detector,Lamb_office_Caitlin,123,office,True
6.0,5.0,0.5882352941176471,0.8333333333333334,0.6896551724137931,45.6,0.8333333333333334,0.010727969348659003,0.5882352941176471,0.14642857142857144,TOWT-detector,Lamb_office_Velma,123,office,True
6.0,3.0,0.6944444444444444,0.5,0.5813953488372093,44.0,0.5,0.015272727272727273,0.6944444444444444,0.1898148148148148,TOWT-detector,Rat_retail_Jeffrey,123,retail,False
6.0,6.0,0.3191489361702128,1.0,0.48387096774193555,8.0,1.0,0.08302088912694162,0.299645390070922,0.5822649572649573,TOWT-detector,Robin_education_Zenia,123,education,False
6.0,5.0,0.6382978723404256,0.8333333333333334,0.7228915662650603,9.8,0.8333333333333334,0.034866468842729974,0.6382978723404256,0.32274305555555555,TOWT-detector,Robin_office_Dina,123,office,True
6.0,4.0,0.8,0.6666666666666666,0.7272727272727272,55.25,0.6666666666666666,0.012897678417884782,0.8,0.23893745143745146,TOWT-detector,Robin_office_Sammie,123,office,True
6.0,5.0,0.5714285714285714,0.8333333333333334,0.6779661016949152,52.0,0.8333333333333334,0.015514809590973202,0.5714285714285714,0.22278311965811967,TOWT-detector,Shrew_office_Doris,123,office,True
6.0,3.0,0.8260869565217391,0.5,0.6229508196721311,54.0,0.5,0.0033085194375516956,0.8260869565217391,0.3097718253968254,TOWT-detector,Shrew_office_Ila,123,office,True
6.0,5.0,0.8888888888888888,0.8333333333333334,0.8602150537634408,67.2,0.8333333333333334,0.0014044943820224719,0.8888888888888888,0.3256944444444444,TOWT-detector,Shrew_office_Kenneth,123,office,True
6.0,5.0,0.4528301886792453,0.8333333333333334,0.58679706601467,14.4,0.8333333333333334,0.029850746268656716,0.4528301886792453,0.3463734567901235,TOWT-detector,Shrew_office_Nora,123,office,True
6.0,4.0,0.12903225806451613,0.6666666666666666,0.2162162162162162,0.75,0.6666666666666666,0.03172348484848485,0.12903225806451613,0.4861111111111111,TOWT-detector,Shrew_office_Sherill,123,office,True
6.0,6.0,0.21875,1.0,0.358974358974359,17.5,1.0,0.07070217917675545,0.18229166666666666,0.6472222222222223,TOWT-detector,Wolf_office_Darleen,123,office,True
6.0,6.0,0.88,1.0,0.9361702127659575,73.33333333333333,1.0,0.0030165912518853697,0.88,0.36194058641975313,TOWT-detector,Wolf_retail_Harriett,123,retail,False
6.0,6.0,0.34545454545454546,1.0,0.5135135135135135,27.5,1.0,0.10094637223974763,0.3340909090909091,0.44003527336860665,TOWT-detector,Wolf_retail_Marcella,123,retail,False
6.0,5.0,0.42857142857142855,0.8333333333333334,0.5660377358490566,20.2,0.8333333333333334,0.03164942178940962,0.42857142857142855,0.08161375661375662,TOWT-detector,Wolf_retail_Toshia,123,retail,False
6.0,5.0,0.16470588235294117,0.8333333333333334,0.275049115913556,2.8,0.8333333333333334,0.13660337552742616,0.14941176470588236,0.3479938271604938,Autoencoder(t),Fox_education_Henrietta,123,education,False
6.0,5.0,0.18518518518518517,0.8333333333333334,0.303030303030303,38.2,0.8333333333333334,0.1690734055354994,0.17592592592592593,0.23263888888888887,Autoencoder(t),Fox_retail_Manie,123,retail,False
6.0,6.0,0.5245901639344263,1.0,0.6881720430107526,31.5,1.0,0.06318082788671024,0.510408534998699,0.5315779320987654,Autoencoder(t),Hog_education_Bruno,123,education,False
6.0,4.0,0.3442622950819672,0.6666666666666666,0.454054054054054,49.0,0.6666666666666666,0.10037174721189591,0.3442622950819672,0.22495791245791244,Autoencoder(t),Hog_education_Caridad,123,education,False
6.0,6.0,0.1746031746031746,1.0,0.29729729729729726,32.0,1.0,0.10576351752822341,0.1746031746031746,0.35292658730158727,Autoencoder(t),Hog_education_Luvenia,123,education,False
6.0,5.0,0.3142857142857143,0.8333333333333334,0.4564315352697096,14.2,0.8333333333333334,0.10161662817551963,0.3142857142857143,0.44116161616161614,Autoencoder(t),Hog_office_Almeda,123,office,True
6.0,6.0,0.4222222222222222,1.0,0.59375,34.5,1.0,0.04985955056179775,0.40555555555555556,0.32432781339031336,Autoencoder(t),Hog_office_Cortney,123,office,True
6.0,5.0,0.3230769230769231,0.8333333333333334,0.4656319290465632,9.6,0.8333333333333334,0.09636963696369637,0.31153846153846154,0.5068602693602694,Autoencoder(t),Hog_office_Denita,123,office,True
6.0,5.0,0.32894736842105265,0.8333333333333334,0.4716981132075471,20.0,0.8333333333333334,0.140485312899106,0.3204334365325077,0.21950040700040704,Autoencoder(t),Hog_office_Garrett,123,office,True
6.0,6.0,0.3333333333333333,1.0,0.5,25.333333333333332,1.0,0.164850136239782,0.32006172839506175,0.3717276936026936,Autoencoder(t),Hog_office_Lavon,123,office,True
6.0,6.0,0.21176470588235294,1.0,0.34951456310679613,13.166666666666666,1.0,0.16693418940609953,0.21176470588235294,0.43472222222222223,Autoencoder(t),Hog_office_Merilyn,123,office,True
6.0,6.0,0.3291139240506329,1.0,0.4952380952380952,3.0,1.0,0.12825278810408922,0.3199367088607595,0.3956349206349206,Autoencoder(t),Hog_office_Miriam,123,office,True
6.0,6.0,0.38271604938271603,1.0,0.5535714285714286,20.833333333333332,1.0,0.08303249097472924,0.38271604938271603,0.48971836419753084,Autoencoder(t),Hog_office_Napoleon,123,office,True
6.0,6.0,0.24193548387096775,1.0,0.38961038961038963,22.833333333333332,1.0,0.09939024390243903,0.2325268817204301,0.27562830687830686,Autoencoder(t),Hog_office_Shawna,123,office,True
6.0,6.0,0.4025974025974026,1.0,0.5740740740740741,40.5,1.0,0.14459556191839656,0.4025974025974026,0.32811609686609683,Autoencoder(t),Hog_office_Shawnna,123,office,True
6.0,4.0,0.35064935064935066,0.6666666666666666,0.45957446808510644,1.75,0.6666666666666666,0.11091549295774648,0.3409090909090909,0.1450587606837607,Autoencoder(t),Hog_office_Sherrie,123,office,True
6.0,5.0,0.26153846153846155,0.8333333333333334,0.3981264637002342,3.0,0.8333333333333334,0.11979166666666667,0.24743589743589742,0.2543320105820106,Autoencoder(t),Hog_office_Shon,123,office,True
6.0,6.0,0.46153846153846156,1.0,0.631578947368421,6.833333333333333,1.0,0.07087552114353782,0.46153846153846156,0.6980324074074074,Autoencoder(t),Hog_office_Sydney,123,office,True
6.0,6.0,0.2077922077922078,1.0,0.34408602150537637,4.5,1.0,0.1130820399113082,0.2077922077922078,0.4813131313131313,Autoencoder(t),Hog_office_Valda,123,office,True
6.0,6.0,0.3076923076923077,1.0,0.47058823529411764,35.666666666666664,1.0,0.12378976486860305,0.29423076923076924,0.34096620971620967,Autoencoder(t),Lamb_education_Armando,123,education,False
6.0,6.0,0.1276595744680851,1.0,0.22641509433962262,1.3333333333333333,1.0,0.13041154462854088,0.12234042553191489,0.6997863247863249,Autoencoder(t),Lamb_education_Eula,123,education,False
6.0,6.0,0.28,1.0,0.43750000000000006,0.6666666666666666,1.0,0.10160427807486631,0.2688888888888889,0.6895299145299144,Autoencoder(t),Lamb_education_Lazaro,123,education,False
6.0,6.0,0.38571428571428573,1.0,0.5567010309278351,8.833333333333334,1.0,0.08240396530359356,0.38571428571428573,0.4457120811287478,Autoencoder(t),Lamb_education_Lucas,123,education,False
6.0,6.0,0.34285714285714286,1.0,0.5106382978723404,12.166666666666666,1.0,0.1306122448979592,0.33285714285714285,0.3428488756613757,Autoencoder(t),Lamb_education_Mae,123,education,False
,,,,,,,,0.0,,Autoencoder(t),Lamb_education_Willetta,123,education,False
6.0,4.0,0.29577464788732394,0.6666666666666666,0.40975609756097564,11.75,0.6666666666666666,0.09878048780487805,0.29577464788732394,0.2604166666666667,Autoencoder(t),Lamb_education_Williams,123,education,False
6.0,4.0,0.43243243243243246,0.6666666666666666,0.5245901639344263,49.5,0.6666666666666666,0.09079445145018916,0.4086229086229086,0.11342592592592592,Autoencoder(t),Lamb_office_Caitlin,123,office,True
6.0,6.0,0.4520547945205479,1.0,0.6226415094339622,20.333333333333332,1.0,0.09731800766283524,0.4315068493150685,0.22100143298059963,Autoencoder(t),Lamb_office_Velma,123,office,True
6.0,5.0,0.46987951807228917,0.8333333333333334,0.600924499229584,23.6,0.8333333333333334,0.12872727272727272,0.46987951807228917,0.19837962962962963,Autoencoder(t),Rat_retail_Jeffrey,123,retail,False
6.0,6.0,0.13513513513513514,1.0,0.2380952380952381,3.3333333333333335,1.0,0.2062131762185324,0.11302211302211301,0.7854700854700855,Autoencoder(t),Robin_education_Zenia,123,education,False
6.0,6.0,0.5238095238095238,1.0,0.6875000000000001,17.5,1.0,0.13501483679525222,0.5174603174603175,0.27781635802469135,Autoencoder(t),Robin_office_Dina,123,office,True
6.0,6.0,0.5373134328358209,1.0,0.6990291262135923,29.333333333333332,1.0,0.07480653482373173,0.5242537313432836,0.34058857808857806,Autoencoder(t),Robin_office_Sammie,123,office,True
6.0,6.0,0.36619718309859156,1.0,0.5360824742268041,6.0,1.0,0.11918194640338504,0.3431924882629108,0.4010531135531135,Autoencoder(t),Shrew_office_Doris,123,office,True
6.0,6.0,0.5135135135135135,1.0,0.6785714285714285,22.666666666666668,1.0,0.12158808933002481,0.5135135135135135,0.44532076719576724,Autoencoder(t),Shrew_office_Ila,123,office,True
6.0,6.0,0.3333333333333333,1.0,0.5,14.833333333333334,1.0,0.10533707865168539,0.33164983164983164,0.28371913580246916,Autoencoder(t),Shrew_office_Kenneth,123,office,True
6.0,6.0,0.2571428571428571,1.0,0.40909090909090906,34.0,1.0,0.14600908500973395,0.24603174603174602,0.1986882716049383,Autoencoder(t),Shrew_office_Nora,123,office,True
6.0,4.0,0.06493506493506493,0.6666666666666666,0.11834319526627217,2.5,0.6666666666666666,0.12310606060606061,0.05844155844155844,0.23379629629629628,Autoencoder(t),Shrew_office_Sherill,123,office,True
6.0,6.0,0.1111111111111111,1.0,0.19999999999999998,3.6666666666666665,1.0,0.10460048426150122,0.07605820105820106,0.6125,Autoencoder(t),Wolf_office_Darleen,123,office,True
6.0,6.0,0.5294117647058824,1.0,0.6923076923076924,37.0,1.0,0.10633484162895927,0.5294117647058824,0.48182870370370373,Autoencoder(t),Wolf_retail_Harriett,123,retail,False
6.0,6.0,0.25806451612903225,1.0,0.41025641025641024,27.666666666666668,1.0,0.138801261829653,0.24671445639187572,0.34733245149911823,Autoencoder(t),Wolf_retail_Marcella,123,retail,False
6.0,4.0,0.23728813559322035,0.6666666666666666,0.35,25.25,0.6666666666666666,0.10772976262933658,0.23728813559322035,0.05687830687830688,Autoencoder(t),Wolf_retail_Toshia,123,retail,False
6.0,4.0,0.29411764705882354,0.6666666666666666,0.40816326530612246,44.75,0.6666666666666666,0.026371308016877638,0.29411764705882354,0.22608024691358022,PatchTST-SSL(HoW-cond),Fox_education_Henrietta,123,education,False
6.0,3.0,0.3829787234042553,0.5,0.43373493975903615,52.333333333333336,0.5,0.0776173285198556,0.374468085106383,0.15555555555555556,PatchTST-SSL(HoW-cond),Fox_retail_Manie,123,retail,False
6.0,6.0,0.7272727272727273,1.0,0.8421052631578948,60.333333333333336,1.0,0.012345679012345678,0.6931818181818182,0.5739142416225749,PatchTST-SSL(HoW-cond),Hog_education_Bruno,123,education,False
6.0,4.0,0.85,0.6666666666666666,0.7472527472527473,60.0,0.6666666666666666,0.020446096654275093,0.85,0.30451839826839827,PatchTST-SSL(HoW-cond),Hog_education_Caridad,123,education,False
6.0,4.0,0.5,0.6666666666666666,0.5714285714285715,72.25,0.6666666666666666,0.0035650623885918,0.5,0.21035879629629628,PatchTST-SSL(HoW-cond),Hog_education_Luvenia,123,education,False
6.0,6.0,0.7555555555555555,1.0,0.8607594936708861,19.0,1.0,0.012702078521939953,0.7555555555555555,0.45479797979797976,PatchTST-SSL(HoW-cond),Hog_office_Almeda,123,office,True
6.0,5.0,0.5416666666666666,0.8333333333333334,0.6565656565656566,47.8,0.8333333333333334,0.03089887640449438,0.5416666666666666,0.32517806267806265,PatchTST-SSL(HoW-cond),Hog_office_Cortney,123,office,True
6.0,6.0,0.8113207547169812,1.0,0.8958333333333334,42.666666666666664,1.0,0.006600660066006601,0.8113207547169812,0.5218013468013468,PatchTST-SSL(HoW-cond),Hog_office_Denita,123,office,True
6.0,5.0,0.5918367346938775,0.8333333333333334,0.6921241050119331,45.0,0.8333333333333334,0.0491698595146871,0.5918367346938775,0.33613146113146114,PatchTST-SSL(HoW-cond),Hog_office_Garrett,123,office,True
6.0,4.0,0.5555555555555556,0.6666666666666666,0.606060606060606,24.25,0.6666666666666666,0.010217983651226158,0.48888888888888893,0.17581018518518518,PatchTST-SSL(HoW-cond),Hog_office_Lavon,123,office,True
6.0,6.0,0.6,1.0,0.7499999999999999,13.333333333333334,1.0,0.005350454788657036,0.6,0.42275641025641025,PatchTST-SSL(HoW-cond),Hog_office_Merilyn,123,office,True
6.0,6.0,0.8148148148148148,1.0,0.8979591836734693,32.5,1.0,0.0030978934324659233,0.8148148148148148,0.3152557319223986,PatchTST-SSL(HoW-cond),Hog_office_Miriam,123,office,True
6.0,5.0,0.8780487804878049,0.8333333333333334,0.8551068883610451,13.4,0.8333333333333334,0.0030084235860409147,0.8780487804878049,0.5596064814814815,PatchTST-SSL(HoW-cond),Hog_office_Napoleon,123,office,True
6.0,5.0,0.5263157894736842,0.8333333333333334,0.6451612903225806,11.4,0.8333333333333334,0.024390243902439025,0.5263157894736842,0.32016093474426804,PatchTST-SSL(HoW-cond),Hog_office_Shawna,123,office,True
6.0,6.0,0.7872340425531915,1.0,0.880952380952381,25.5,1.0,0.009305654974946313,0.7836879432624114,0.3940259971509971,PatchTST-SSL(HoW-cond),Hog_office_Shawnna,123,office,True
6.0,5.0,0.4,0.8333333333333334,0.5405405405405406,18.4,0.8333333333333334,0.014084507042253521,0.4,0.2836004273504274,PatchTST-SSL(HoW-cond),Hog_office_Sherrie,123,office,True
6.0,6.0,0.6666666666666666,1.0,0.8,17.833333333333332,1.0,0.009259259259259259,0.6666666666666666,0.3461640211640212,PatchTST-SSL(HoW-cond),Hog_office_Shon,123,office,True
6.0,5.0,0.75,0.8333333333333334,0.7894736842105262,8.8,0.8333333333333334,0.008933889219773675,0.75,0.6138117283950617,PatchTST-SSL(HoW-cond),Hog_office_Sydney,123,office,True
6.0,5.0,0.43333333333333335,0.8333333333333334,0.5701754385964913,21.2,0.8333333333333334,0.013303769401330377,0.43333333333333335,0.457070707070707,PatchTST-SSL(HoW-cond),Hog_office_Valda,123,office,True
6.0,4.0,0.6923076923076923,0.6666666666666666,0.6792452830188679,5.75,0.6666666666666666,0.003457814661134163,0.6923076923076923,0.3158730158730159,PatchTST-SSL(HoW-cond),Lamb_education_Armando,123,education,False
6.0,6.0,0.16,1.0,0.2758620689655173,8.333333333333334,1.0,0.04596472474612507,0.16,0.6981837606837606,PatchTST-SSL(HoW-cond),Lamb_education_Eula,123,education,False
6.0,6.0,0.6666666666666666,1.0,0.8,34.0,1.0,0.0074866310160427805,0.625,0.6196581196581196,PatchTST-SSL(HoW-cond),Lamb_education_Lazaro,123,education,False
6.0,6.0,0.3695652173913043,1.0,0.5396825396825397,16.333333333333332,1.0,0.021065675340768277,0.3695652173913043,0.3736910273368606,PatchTST-SSL(HoW-cond),Lamb_education_Lucas,123,education,False
6.0,6.0,0.39215686274509803,1.0,0.5633802816901409,38.333333333333336,1.0,0.04557823129251701,0.39215686274509803,0.3282738095238095,PatchTST-SSL(HoW-cond),Lamb_education_Mae,123,education,False
,,,,,,,,0.0,,PatchTST-SSL(HoW-cond),Lamb_education_Willetta,123,education,False
6.0,2.0,0.2,0.3333333333333333,0.25,8.0,0.3333333333333333,0.03475609756097561,0.2,0.17361111111111113,PatchTST-SSL(HoW-cond),Lamb_education_Williams,123,education,False
6.0,4.0,0.35294117647058826,0.6666666666666666,0.46153846153846156,28.75,0.6666666666666666,0.03530895334174023,0.35294117647058826,0.22874579124579122,PatchTST-SSL(HoW-cond),Lamb_office_Caitlin,123,office,True
6.0,6.0,0.5862068965517241,1.0,0.7391304347826086,75.0,1.0,0.029118773946360154,0.5862068965517241,0.14239142416225747,PatchTST-SSL(HoW-cond),Lamb_office_Velma,123,office,True
6.0,5.0,0.6333333333333333,0.8333333333333334,0.7196969696969696,24.0,0.8333333333333334,0.04509090909090909,0.6333333333333333,0.18883101851851855,PatchTST-SSL(HoW-cond),Rat_retail_Jeffrey,123,retail,False
6.0,6.0,0.4642857142857143,1.0,0.6341463414634146,3.8333333333333335,1.0,0.0385645420460632,0.4642857142857143,0.5571581196581197,PatchTST-SSL(HoW-cond),Robin_education_Zenia,123,education,False
6.0,5.0,0.9354838709677419,0.8333333333333334,0.8814589665653495,23.4,0.8333333333333334,0.001483679525222552,0.9354838709677419,0.29149305555555555,PatchTST-SSL(HoW-cond),Robin_office_Dina,123,office,True
6.0,5.0,0.9565217391304348,0.8333333333333334,0.8906882591093118,58.6,0.8333333333333334,0.0017196904557179708,0.9565217391304348,0.24087024087024086,PatchTST-SSL(HoW-cond),Robin_office_Sammie,123,office,True
6.0,6.0,0.7777777777777778,1.0,0.8750000000000001,64.33333333333333,1.0,0.007757404795486601,0.7777777777777778,0.2694520757020757,PatchTST-SSL(HoW-cond),Shrew_office_Doris,123,office,True
6.0,6.0,0.8545454545454545,1.0,0.9215686274509803,50.833333333333336,1.0,0.007444168734491315,0.8545454545454545,0.4237433862433862,PatchTST-SSL(HoW-cond),Shrew_office_Ila,123,office,True
6.0,6.0,0.9090909090909091,1.0,0.9523809523809523,55.5,1.0,0.0056179775280898875,0.9090909090909091,0.3879050925925926,PatchTST-SSL(HoW-cond),Shrew_office_Kenneth,123,office,True
6.0,5.0,0.7878787878787878,0.8333333333333334,0.809968847352025,18.2,0.8333333333333334,0.004542504866969501,0.7878787878787878,0.2560956790123457,PatchTST-SSL(HoW-cond),Shrew_office_Nora,123,office,True
6.0,4.0,0.23529411764705882,0.6666666666666666,0.3478260869565218,1.0,0.6666666666666666,0.010416666666666666,0.23529411764705882,0.4444444444444444,PatchTST-SSL(HoW-cond),Shrew_office_Sherill,123,office,True
6.0,6.0,0.36363636363636365,1.0,0.5333333333333333,7.833333333333333,1.0,0.026634382566585957,0.36363636363636365,0.6138888888888889,PatchTST-SSL(HoW-cond),Wolf_office_Darleen,123,office,True
6.0,6.0,0.9411764705882353,1.0,0.9696969696969697,72.5,1.0,0.0030165912518853697,0.9411764705882353,0.33695987654320986,PatchTST-SSL(HoW-cond),Wolf_retail_Harriett,123,retail,False
6.0,6.0,0.6521739130434783,1.0,0.7894736842105263,36.833333333333336,1.0,0.006309148264984227,0.6521739130434783,0.3497574955908289,PatchTST-SSL(HoW-cond),Wolf_retail_Marcella,123,retail,False
6.0,5.0,0.5882352941176471,0.8333333333333334,0.6896551724137931,11.8,0.8333333333333334,0.01582471089470481,0.5882352941176471,0.06448412698412699,PatchTST-SSL(HoW-cond),Wolf_retail_Toshia,123,retail,False
6.0,4.0,0.8333333333333334,0.6666666666666666,0.7407407407407408,58.75,0.6666666666666666,0.0036719706242350062,0.8333333333333334,0.28086419753086417,PatchTST-SSL,Fox_education_Henrietta,124,education,False
6.0,6.0,0.43243243243243246,1.0,0.6037735849056604,15.5,1.0,0.07113938692886061,0.43243243243243246,0.3359871031746032,PatchTST-SSL,Fox_retail_Manie,124,retail,False
6.0,2.0,1.0,0.3333333333333333,0.5,24.0,0.3333333333333333,0.0,1.0,0.19267676767676767,PatchTST-SSL,Hog_education_Bruno,124,education,False
6.0,3.0,0.3333333333333333,0.5,0.4,87.0,0.5,0.03281733746130031,0.3333333333333333,0.09184027777777777,PatchTST-SSL,Hog_education_Caridad,124,education,False
6.0,6.0,0.6842105263157895,1.0,0.8125000000000001,36.666666666666664,1.0,0.004972032318210068,0.6842105263157895,0.42730930335097006,PatchTST-SSL,Hog_education_Luvenia,124,education,False
6.0,2.0,0.6052631578947368,0.3333333333333333,0.4299065420560747,40.0,0.3333333333333333,0.01796875,0.6052631578947368,0.11706349206349205,PatchTST-SSL,Hog_office_Almeda,124,office,True
6.0,3.0,0.9,0.5,0.6428571428571429,16.333333333333332,0.5,0.0006693440428380187,0.9,0.23958333333333334,PatchTST-SSL,Hog_office_Cortney,124,office,True
6.0,6.0,0.8571428571428571,1.0,0.923076923076923,0.6666666666666666,1.0,0.00045871559633027525,0.8571428571428571,0.7861111111111111,PatchTST-SSL,Hog_office_Denita,124,office,True
6.0,5.0,0.5416666666666666,0.8333333333333334,0.6565656565656566,13.2,0.8333333333333334,0.018782014797951052,0.4851190476190476,0.5236111111111111,PatchTST-SSL,Hog_office_Garrett,124,office,True
6.0,3.0,0.6666666666666666,0.5,0.5714285714285715,22.666666666666668,0.5,0.0014094432699083862,0.6666666666666666,0.15257936507936506,PatchTST-SSL,Hog_office_Lavon,124,office,True
6.0,4.0,0.8571428571428571,0.6666666666666666,0.75,54.5,0.6666666666666666,0.005094614264919942,0.7714285714285715,0.17240918803418803,PatchTST-SSL,Hog_office_Merilyn,124,office,True
6.0,4.0,0.631578947368421,0.6666666666666666,0.6486486486486486,52.75,0.6666666666666666,0.005111821086261981,0.631578947368421,0.1931216931216931,PatchTST-SSL,Hog_office_Miriam,124,office,True
6.0,4.0,1.0,0.6666666666666666,0.8,55.75,0.6666666666666666,0.0,1.0,0.28410493827160493,PatchTST-SSL,Hog_office_Napoleon,124,office,True
6.0,4.0,0.9,0.6666666666666666,0.7659574468085106,23.25,0.6666666666666666,0.0011876484560570072,0.9,0.1778198653198653,PatchTST-SSL,Hog_office_Shawna,124,office,True
6.0,5.0,0.8333333333333334,0.8333333333333334,0.8333333333333334,54.6,0.8333333333333334,0.012048192771084338,0.8333333333333334,0.26875593542260207,PatchTST-SSL,Hog_office_Shawnna,124,office,True
6.0,5.0,0.6,0.8333333333333334,0.6976744186046512,48.6,0.8333333333333334,0.006305170239596469,0.6,0.30949074074074073,PatchTST-SSL,Hog_office_Sherrie,124,office,True
6.0,5.0,0.96,0.8333333333333334,0.8921933085501859,62.8,0.8333333333333334,0.0006807351940095302,0.96,0.2206679894179894,PatchTST-SSL,Hog_office_Shon,124,office,True
6.0,4.0,0.3,0.6666666666666666,0.41379310344827586,65.75,0.6666666666666666,0.015789473684210527,0.3,0.25896990740740744,PatchTST-SSL,Hog_office_Sydney,124,office,True
6.0,6.0,0.6666666666666666,1.0,0.8,49.5,1.0,0.011049723756906077,0.6666666666666666,0.30507330246913583,PatchTST-SSL,Hog_office_Valda,124,office,True
6.0,5.0,0.75,0.8333333333333334,0.7894736842105262,7.8,0.8333333333333334,0.002596053997923157,0.75,0.5852272727272728,PatchTST-SSL,Lamb_education_Armando,124,education,False
6.0,5.0,0.782608695652174,0.8333333333333334,0.8071748878923767,32.4,0.8333333333333334,0.00990916597853014,0.782608695652174,0.1873246352413019,PatchTST-SSL,Lamb_education_Eula,124,education,False
6.0,5.0,0.38461538461538464,0.8333333333333334,0.5263157894736842,23.2,0.8333333333333334,0.05985489721886336,0.38461538461538464,0.3867424242424242,PatchTST-SSL,Lamb_education_Lazaro,124,education,False
6.0,5.0,0.4594594594594595,0.8333333333333334,0.5923344947735192,50.4,0.8333333333333334,0.01455604075691412,0.4594594594594595,0.17754629629629626,PatchTST-SSL,Lamb_education_Lucas,124,education,False
6.0,4.0,0.4827586206896552,0.6666666666666666,0.56,19.25,0.6666666666666666,0.01703296703296703,0.4827586206896552,0.40069444444444446,PatchTST-SSL,Lamb_education_Mae,124,education,False
,,,,,,,,0.0,,PatchTST-SSL,Lamb_education_Willetta,124,education,False
6.0,4.0,0.4,0.6666666666666666,0.5,31.0,0.6666666666666666,0.01466275659824047,0.4,0.2328125,PatchTST-SSL,Lamb_education_Williams,124,education,False
6.0,4.0,0.4,0.6666666666666666,0.5,43.25,0.6666666666666666,0.07356002775850104,0.39555555555555555,0.14053030303030303,PatchTST-SSL,Lamb_office_Caitlin,124,office,True
6.0,4.0,0.2222222222222222,0.6666666666666666,0.3333333333333333,2.25,0.6666666666666666,0.018858307849133536,0.2222222222222222,0.3416666666666666,PatchTST-SSL,Lamb_office_Velma,124,office,True
6.0,5.0,0.45652173913043476,0.8333333333333334,0.5898876404494382,23.2,0.8333333333333334,0.052967453733248245,0.45652173913043476,0.31475694444444446,PatchTST-SSL,Rat_retail_Jeffrey,124,retail,False
6.0,4.0,0.4523809523809524,0.6666666666666666,0.5390070921985816,83.25,0.6666666666666666,0.046163443543356206,0.4484126984126985,0.34523115773115776,PatchTST-SSL,Robin_education_Zenia,124,education,False
6.0,5.0,0.9545454545454546,0.8333333333333334,0.8898305084745762,52.8,0.8333333333333334,0.0006146281499692685,0.9545454545454546,0.37035256410256406,PatchTST-SSL,Robin_office_Dina,124,office,True
6.0,5.0,0.5,0.8333333333333334,0.625,35.2,0.8333333333333334,0.006100942872989462,0.5,0.3685185185185185,PatchTST-SSL,Robin_office_Sammie,124,office,True
6.0,4.0,0.6363636363636364,0.6666666666666666,0.6511627906976744,87.5,0.6666666666666666,0.003667481662591687,0.6363636363636364,0.27136752136752135,PatchTST-SSL,Shrew_office_Doris,124,office,True
6.0,5.0,0.8285714285714286,0.8333333333333334,0.8309455587392551,79.2,0.8333333333333334,0.011094674556213017,0.8285714285714286,0.19190290804874136,PatchTST-SSL,Shrew_office_Ila,124,office,True
6.0,6.0,0.8333333333333334,1.0,0.9090909090909091,38.666666666666664,1.0,0.0039603960396039604,0.8333333333333334,0.4356934731934732,PatchTST-SSL,Shrew_office_Kenneth,124,office,True
6.0,5.0,0.6,0.8333333333333334,0.6976744186046512,7.0,0.8333333333333334,0.0033159639981051635,0.6,0.46527777777777773,PatchTST-SSL,Shrew_office_Nora,124,office,True
6.0,3.0,0.7058823529411765,0.5,0.5853658536585366,19.666666666666668,0.5,0.010725552050473186,0.7058823529411765,0.20606060606060606,PatchTST-SSL,Shrew_office_Sherill,124,office,True
6.0,5.0,0.6666666666666666,0.8333333333333334,0.7407407407407408,14.0,0.8333333333333334,0.003903708523096942,0.6666666666666666,0.31830808080808076,PatchTST-SSL,Wolf_office_Darleen,124,office,True
6.0,2.0,0.2,0.3333333333333333,0.25,84.0,0.3333333333333333,0.007021650087770626,0.2,0.11284722222222221,PatchTST-SSL,Wolf_retail_Harriett,124,retail,False
6.0,5.0,0.5,0.8333333333333334,0.625,24.6,0.8333333333333334,0.015176151761517615,0.5,0.32376543209876546,PatchTST-SSL,Wolf_retail_Marcella,124,retail,False
6.0,4.0,0.5,0.6666666666666666,0.5714285714285715,56.75,0.6666666666666666,0.003244997295835587,0.5,0.2857638888888889,PatchTST-SSL,Wolf_retail_Toshia,124,retail,False
6.0,4.0,0.7272727272727273,0.6666666666666666,0.6956521739130435,30.0,0.6666666666666666,0.011627906976744186,0.7222222222222222,0.2787422839506173,HOW-profile+z,Fox_education_Henrietta,124,education,False
6.0,6.0,0.417910447761194,1.0,0.5894736842105264,4.666666666666667,1.0,0.10410641989589357,0.408955223880597,0.36165674603174597,HOW-profile+z,Fox_retail_Manie,124,retail,False
6.0,3.0,0.6,0.5,0.5454545454545454,75.0,0.5,0.00437636761487965,0.6,0.2373877665544332,HOW-profile+z,Hog_education_Bruno,124,education,False
6.0,3.0,0.6785714285714286,0.5,0.5757575757575758,44.666666666666664,0.5,0.0173374613003096,0.6785714285714286,0.16111111111111112,HOW-profile+z,Hog_education_Caridad,124,education,False
6.0,4.0,0.5555555555555556,0.6666666666666666,0.606060606060606,9.25,0.6666666666666666,0.014916096954630205,0.5555555555555556,0.4300595238095237,HOW-profile+z,Hog_education_Luvenia,124,education,False
6.0,3.0,0.6491228070175439,0.5,0.5648854961832062,18.333333333333332,0.5,0.0390625,0.6365914786967418,0.12996031746031747,HOW-profile+z,Hog_office_Almeda,124,office,True
6.0,5.0,0.39285714285714285,0.8333333333333334,0.5339805825242718,44.0,0.8333333333333334,0.019410977242302542,0.38392857142857145,0.29259259259259257,HOW-profile+z,Hog_office_Cortney,124,office,True
6.0,6.0,0.35294117647058826,1.0,0.5217391304347826,0.6666666666666666,1.0,0.007798165137614679,0.35294117647058826,0.7861111111111111,HOW-profile+z,Hog_office_Denita,124,office,True
6.0,6.0,0.3877551020408163,1.0,0.5588235294117647,13.0,1.0,0.05293113261240751,0.3707482993197279,0.5392361111111111,HOW-profile+z,Hog_office_Garrett,124,office,True
6.0,4.0,0.6875,0.6666666666666666,0.676923076923077,6.5,0.6666666666666666,0.05496828752642706,0.6711142322097379,0.3395923520923521,HOW-profile+z,Hog_office_Lavon,124,office,True
6.0,3.0,0.8333333333333334,0.5,0.625,7.0,0.5,0.000727802037845706,0.8333333333333334,0.16933760683760682,HOW-profile+z,Hog_office_Merilyn,124,office,True
6.0,5.0,0.6,0.8333333333333334,0.6976744186046512,58.2,0.8333333333333334,0.012779552715654952,0.6,0.1634700176366843,HOW-profile+z,Hog_office_Miriam,124,office,True
6.0,4.0,0.5161290322580645,0.6666666666666666,0.5818181818181819,14.25,0.6666666666666666,0.01082004555808656,0.5161290322580645,0.3587962962962963,HOW-profile+z,Hog_office_Napoleon,124,office,True
6.0,5.0,0.5714285714285714,0.8333333333333334,0.6779661016949152,14.6,0.8333333333333334,0.019002375296912115,0.5612244897959183,0.374263468013468,HOW-profile+z,Hog_office_Shawna,124,office,True
6.0,6.0,0.9074074074074074,1.0,0.9514563106796117,19.333333333333332,1.0,0.007530120481927711,0.8981481481481481,0.4060185185185185,HOW-profile+z,Hog_office_Shawnna,124,office,True
6.0,6.0,0.5714285714285714,1.0,0.7272727272727273,68.5,1.0,0.01639344262295082,0.5714285714285714,0.35671296296296306,HOW-profile+z,Hog_office_Sherrie,124,office,True
6.0,5.0,0.9090909090909091,0.8333333333333334,0.8695652173913043,28.6,0.8333333333333334,0.0020422055820285907,0.9090909090909091,0.3701554232804232,HOW-profile+z,Hog_office_Shon,124,office,True
6.0,5.0,0.52,0.8333333333333334,0.6403940886699507,28.8,0.8333333333333334,0.00935672514619883,0.52,0.28761574074074076,HOW-profile+z,Hog_office_Sydney,124,office,True
6.0,5.0,0.7714285714285715,0.8333333333333334,0.8011869436201781,48.2,0.8333333333333334,0.015883977900552487,0.7571428571428571,0.3322723765432099,HOW-profile+z,Hog_office_Valda,124,office,True
6.0,5.0,0.43243243243243246,0.8333333333333334,0.5693950177935942,3.0,0.8333333333333334,0.0264797507788162,0.43243243243243246,0.6590909090909091,HOW-profile+z,Lamb_education_Armando,124,education,False
6.0,5.0,0.7818181818181819,0.8333333333333334,0.8067542213883678,40.2,0.8333333333333334,0.01981833195706028,0.7818181818181819,0.2137608726150393,HOW-profile+z,Lamb_education_Eula,124,education,False
6.0,5.0,0.2916666666666667,0.8333333333333334,0.4320987654320988,85.6,0.8333333333333334,0.037484885126964934,0.2916666666666667,0.25416666666666665,HOW-profile+z,Lamb_education_Lazaro,124,education,False
6.0,6.0,0.625,1.0,0.7692307692307693,45.5,1.0,0.021834061135371178,0.625,0.20190972222222223,HOW-profile+z,Lamb_education_Lucas,124,education,False
6.0,5.0,0.37777777777777777,0.8333333333333334,0.5198776758409785,7.6,0.8333333333333334,0.028021978021978023,0.36666666666666664,0.5868055555555555,HOW-profile+z,Lamb_education_Mae,124,education,False
,,,,,,,,0.0,,HOW-profile+z,Lamb_education_Willetta,124,education,False
6.0,5.0,0.2807017543859649,0.8333333333333334,0.41994750656167973,39.8,0.8333333333333334,0.06041055718475073,0.2807017543859649,0.38713348765432104,HOW-profile+z,Lamb_education_Williams,124,education,False
6.0,5.0,0.5555555555555556,0.8333333333333334,0.6666666666666667,15.6,0.8333333333333334,0.040249826509368494,0.5070267896354852,0.38712121212121214,HOW-profile+z,Lamb_office_Caitlin,124,office,True
6.0,4.0,0.1,0.6666666666666666,0.1739130434782609,1.75,0.6666666666666666,0.04841997961264016,0.1,0.4166666666666667,HOW-profile+z,Lamb_office_Velma,124,office,True
6.0,5.0,0.45614035087719296,0.8333333333333334,0.5895691609977324,23.8,0.8333333333333334,0.07211231652839821,0.45614035087719296,0.35312499999999997,HOW-profile+z,Rat_retail_Jeffrey,124,retail,False
6.0,4.0,0.4647887323943662,0.6666666666666666,0.5477178423236515,23.75,0.6666666666666666,0.05240174672489083,0.460093896713615,0.3572746697746698,HOW-profile+z,Robin_education_Zenia,124,education,False
6.0,5.0,0.7241379310344828,0.8333333333333334,0.7749077490774907,52.6,0.8333333333333334,0.010448678549477565,0.7241379310344828,0.4481837606837607,HOW-profile+z,Robin_office_Dina,124,office,True
6.0,5.0,0.6571428571428571,0.8333333333333334,0.7348242811501599,14.8,0.8333333333333334,0.00776483638380477,0.6571428571428571,0.40185185185185185,HOW-profile+z,Robin_office_Sammie,124,office,True
6.0,5.0,0.8823529411764706,0.8333333333333334,0.8571428571428571,25.4,0.8333333333333334,0.004889975550122249,0.8823529411764706,0.3495726495726496,HOW-profile+z,Shrew_office_Doris,124,office,True
6.0,5.0,0.5087719298245614,0.8333333333333334,0.6318082788671026,92.2,0.8333333333333334,0.028846153846153848,0.5087719298245614,0.19465237694404358,HOW-profile+z,Shrew_office_Ila,124,office,True
6.0,6.0,0.7375,1.0,0.8489208633093526,5.333333333333333,1.0,0.02838283828382838,0.7375,0.5201073232323231,HOW-profile+z,Shrew_office_Kenneth,124,office,True
6.0,5.0,0.11666666666666667,0.8333333333333334,0.2046783625730994,2.0,0.8333333333333334,0.031264803410705824,0.11666666666666667,0.5694444444444443,HOW-profile+z,Shrew_office_Nora,124,office,True
6.0,4.0,0.4339622641509434,0.6666666666666666,0.5257142857142857,29.0,0.6666666666666666,0.03028391167192429,0.4339622641509434,0.3458333333333334,HOW-profile+z,Shrew_office_Sherill,124,office,True
6.0,6.0,0.7021276595744681,1.0,0.825,28.166666666666668,1.0,0.03903708523096942,0.7021276595744681,0.3568813131313131,HOW-profile+z,Wolf_office_Darleen,124,office,True
6.0,5.0,0.36904761904761907,0.8333333333333334,0.5115511551155115,13.4,0.8333333333333334,0.04154476301930954,0.35912698412698413,0.19039351851851852,HOW-profile+z,Wolf_retail_Harriett,124,retail,False
6.0,6.0,0.3170731707317073,1.0,0.48148148148148145,26.0,1.0,0.04986449864498645,0.3170731707317073,0.4067901234567901,HOW-profile+z,Wolf_retail_Marcella,124,retail,False
6.0,5.0,0.4,0.8333333333333334,0.5405405405405406,21.8,0.8333333333333334,0.04218496484586263,0.3685185185185186,0.37743055555555555,HOW-profile+z,Wolf_retail_Toshia,124,retail,False
6.0,5.0,0.6428571428571429,0.8333333333333334,0.7258064516129034,29.6,0.8333333333333334,0.018971848225214197,0.6396103896103896,0.4054976851851852,TOWT-detector,Fox_education_Henrietta,124,education,False
6.0,6.0,0.38461538461538464,1.0,0.5555555555555556,15.0,1.0,0.07807981492192019,0.38461538461538464,0.3426835317460317,TOWT-detector,Fox_retail_Manie,124,retail,False
6.0,3.0,0.4444444444444444,0.5,0.47058823529411764,106.33333333333333,0.5,0.014587892049598834,0.4444444444444444,0.14876543209876544,TOWT-detector,Hog_education_Bruno,124,education,False
6.0,2.0,0.3333333333333333,0.3333333333333333,0.3333333333333333,92.0,0.3333333333333333,0.02848297213622291,0.3333333333333333,0.08680555555555557,TOWT-detector,Hog_education_Caridad,124,education,False
6.0,6.0,0.41935483870967744,1.0,0.5909090909090909,16.166666666666668,1.0,0.03853325046612803,0.41935483870967744,0.47492835097001757,TOWT-detector,Hog_education_Luvenia,124,education,False
6.0,2.0,0.6774193548387096,0.3333333333333333,0.4468085106382978,84.5,0.3333333333333333,0.0359375,0.6774193548387096,0.030009920634920636,TOWT-detector,Hog_office_Almeda,124,office,True
6.0,6.0,0.2835820895522388,1.0,0.4418604651162791,58.0,1.0,0.09906291834002677,0.26824212271973463,0.2899305555555555,TOWT-detector,Hog_office_Cortney,124,office,True
6.0,6.0,0.08955223880597014,1.0,0.1643835616438356,0.6666666666666666,1.0,0.06834862385321101,0.08208955223880597,0.7861111111111111,TOWT-detector,Hog_office_Denita,124,office,True
6.0,4.0,1.0,0.6666666666666666,0.8,19.5,0.6666666666666666,0.0,1.0,0.43472222222222223,TOWT-detector,Hog_office_Garrett,124,office,True
6.0,4.0,0.6666666666666666,0.6666666666666666,0.6666666666666666,23.25,0.6666666666666666,0.0021141649048625794,0.6666666666666666,0.2324156746031746,TOWT-detector,Hog_office_Lavon,124,office,True
6.0,4.0,0.5833333333333334,0.6666666666666666,0.6222222222222222,14.75,0.6666666666666666,0.009461426491994178,0.5833333333333334,0.1749465811965812,TOWT-detector,Hog_office_Merilyn,124,office,True
6.0,5.0,0.5714285714285714,0.8333333333333334,0.6779661016949152,24.4,0.8333333333333334,0.007028753993610224,0.5714285714285714,0.1979993386243386,TOWT-detector,Hog_office_Miriam,124,office,True
6.0,4.0,0.6153846153846154,0.6666666666666666,0.64,49.75,0.6666666666666666,0.006264236902050114,0.6153846153846154,0.33827160493827163,TOWT-detector,Hog_office_Napoleon,124,office,True
6.0,5.0,0.41025641025641024,0.8333333333333334,0.5498281786941581,11.0,0.8333333333333334,0.017814726840855107,0.38974358974358975,0.20291456228956228,TOWT-detector,Hog_office_Shawna,124,office,True
6.0,5.0,0.92,0.8333333333333334,0.8745247148288974,54.4,0.8333333333333334,0.002259036144578313,0.92,0.3176044634377968,TOWT-detector,Hog_office_Shawnna,124,office,True
6.0,5.0,0.4642857142857143,0.8333333333333334,0.5963302752293578,26.8,0.8333333333333334,0.010718789407313998,0.4642857142857143,0.3497685185185186,TOWT-detector,Hog_office_Sherrie,124,office,True
6.0,5.0,0.3953488372093023,0.8333333333333334,0.5362776025236593,63.0,0.8333333333333334,0.06875425459496257,0.386046511627907,0.32493386243386246,TOWT-detector,Hog_office_Shon,124,office,True
6.0,4.0,0.39285714285714285,0.6666666666666666,0.49438202247191004,26.0,0.6666666666666666,0.011111111111111112,0.39285714285714285,0.26070601851851855,TOWT-detector,Hog_office_Sydney,124,office,True
6.0,5.0,0.5555555555555556,0.8333333333333334,0.6666666666666667,36.2,0.8333333333333334,0.009668508287292817,0.5555555555555556,0.3071952160493827,TOWT-detector,Hog_office_Valda,124,office,True
6.0,5.0,0.22448979591836735,0.8333333333333334,0.3536977491961415,0.2,0.8333333333333334,0.06490134994807892,0.22448979591836735,0.6079545454545454,TOWT-detector,Lamb_education_Armando,124,education,False
6.0,5.0,0.71875,0.8333333333333334,0.7718120805369127,29.6,0.8333333333333334,0.016515276630883566,0.71875,0.21465523288439958,TOWT-detector,Lamb_education_Eula,124,education,False
6.0,6.0,0.5263157894736842,1.0,0.6896551724137931,37.333333333333336,1.0,0.08524788391777509,0.5263157894736842,0.30530303030303035,TOWT-detector,Lamb_education_Lazaro,124,education,False
6.0,5.0,0.40963855421686746,0.8333333333333334,0.5492730210016156,27.8,0.8333333333333334,0.10262008733624454,0.38875502008032126,0.30347222222222225,TOWT-detector,Lamb_education_Lucas,124,education,False
6.0,5.0,0.23076923076923078,0.8333333333333334,0.3614457831325301,13.8,0.8333333333333334,0.05384615384615385,0.23076923076923078,0.5090277777777777,TOWT-detector,Lamb_education_Mae,124,education,False
,,,,,,,,0.0,,TOWT-detector,Lamb_education_Willetta,124,education,False
6.0,4.0,0.2033898305084746,0.6666666666666666,0.3116883116883117,3.5,0.6666666666666666,0.1278592375366569,0.2033898305084746,0.34652777777777777,TOWT-detector,Lamb_education_Williams,124,education,False
6.0,3.0,0.8333333333333334,0.5,0.625,2.3333333333333335,0.5,0.007633587786259542,0.8333333333333334,0.15694444444444444,TOWT-detector,Lamb_office_Caitlin,124,office,True
6.0,5.0,0.3125,0.8333333333333334,0.45454545454545453,8.2,0.8333333333333334,0.014780835881753314,0.3125,0.4844907407407408,TOWT-detector,Lamb_office_Velma,124,office,True
6.0,4.0,0.391304347826087,0.6666666666666666,0.4931506849315068,49.5,0.6666666666666666,0.01595405232929164,0.391304347826087,0.2703125,TOWT-detector,Rat_retail_Jeffrey,124,retail,False
6.0,3.0,0.23684210526315788,0.5,0.32142857142857145,16.333333333333332,0.5,0.09170305676855896,0.22697368421052633,0.34848484848484845,TOWT-detector,Robin_education_Zenia,124,education,False
6.0,6.0,0.44,1.0,0.6111111111111112,45.166666666666664,1.0,0.032575291948371235,0.41714285714285715,0.5095619658119658,TOWT-detector,Robin_office_Dina,124,office,True
6.0,5.0,0.38636363636363635,0.8333333333333334,0.5279503105590062,25.2,0.8333333333333334,0.026067665002773157,0.38636363636363635,0.3840277777777778,TOWT-detector,Robin_office_Sammie,124,office,True
6.0,5.0,0.5172413793103449,0.8333333333333334,0.6382978723404256,72.8,0.8333333333333334,0.014669926650366748,0.5172413793103449,0.2924145299145299,TOWT-detector,Shrew_office_Doris,124,office,True
6.0,2.0,0.8095238095238095,0.3333333333333333,0.4722222222222222,4.5,0.3333333333333333,0.006656804733727811,0.8095238095238095,0.17234848484848486,TOWT-detector,Shrew_office_Ila,124,office,True
6.0,5.0,0.6666666666666666,0.8333333333333334,0.7407407407407408,29.6,0.8333333333333334,0.0039603960396039604,0.6666666666666666,0.34583333333333327,TOWT-detector,Shrew_office_Kenneth,124,office,True
6.0,5.0,0.1590909090909091,0.8333333333333334,0.26717557251908397,2.2,0.8333333333333334,0.02984367598294647,0.1590909090909091,0.5578703703703703,TOWT-detector,Shrew_office_Nora,124,office,True
6.0,4.0,0.391304347826087,0.6666666666666666,0.4931506849315068,29.75,0.6666666666666666,0.01829652996845426,0.391304347826087,0.3460858585858586,TOWT-detector,Shrew_office_Sherill,124,office,True
6.0,5.0,0.4838709677419355,0.8333333333333334,0.6122448979591837,3.0,0.8333333333333334,0.057905009759271306,0.4838709677419355,0.3551557239057239,TOWT-detector,Wolf_office_Darleen,124,office,True
6.0,3.0,0.5294117647058824,0.5,0.5142857142857143,10.0,0.5,0.009362200117027502,0.5294117647058824,0.12152777777777778,TOWT-detector,Wolf_retail_Harriett,124,retail,False
6.0,6.0,0.2127659574468085,1.0,0.3508771929824561,39.5,1.0,0.09322493224932249,0.2127659574468085,0.4114197530864198,TOWT-detector,Wolf_retail_Marcella,124,retail,False
6.0,5.0,0.2978723404255319,0.8333333333333334,0.438871473354232,11.6,0.8333333333333334,0.04542996214169821,0.2783687943262411,0.35763888888888884,TOWT-detector,Wolf_retail_Toshia,124,retail,False
6.0,5.0,0.16049382716049382,0.8333333333333334,0.2691511387163561,20.8,0.8333333333333334,0.15055079559363524,0.14991181657848324,0.29812885802469136,Autoencoder(t),Fox_education_Henrietta,124,education,False
6.0,6.0,0.3522727272727273,1.0,0.5210084033613446,10.333333333333334,1.0,0.1359167148640833,0.3522727272727273,0.40801091269841266,Autoencoder(t),Fox_retail_Manie,124,retail,False
6.0,4.0,0.3023255813953488,0.6666666666666666,0.416,82.25,0.6666666666666666,0.07439824945295405,0.3023255813953488,0.20152918069584735,Autoencoder(t),Hog_education_Bruno,124,education,False
6.0,4.0,0.2878787878787879,0.6666666666666666,0.40211640211640215,9.25,0.6666666666666666,0.12507739938080495,0.27777777777777773,0.1381200396825397,Autoencoder(t),Hog_education_Caridad,124,education,False
6.0,6.0,0.4,1.0,0.5714285714285715,11.0,1.0,0.09571162212554382,0.4,0.47079475308641977,Autoencoder(t),Hog_education_Luvenia,124,education,False
6.0,4.0,0.3333333333333333,0.6666666666666666,0.4444444444444444,30.0,0.6666666666666666,0.08515625,0.3277777777777777,0.1804728835978836,Autoencoder(t),Hog_office_Almeda,124,office,True
6.0,6.0,0.3,1.0,0.4615384615384615,53.666666666666664,1.0,0.07228915662650602,0.3,0.20358796296296297,Autoencoder(t),Hog_office_Cortney,124,office,True
6.0,6.0,0.109375,1.0,0.19718309859154928,0.6666666666666666,1.0,0.10963302752293579,0.08355034722222222,0.7444444444444445,Autoencoder(t),Hog_office_Denita,124,office,True
6.0,5.0,0.2608695652173913,0.8333333333333334,0.3973509933774834,16.2,0.8333333333333334,0.15651678998292545,0.24782608695652175,0.4244791666666666,Autoencoder(t),Hog_office_Garrett,124,office,True
6.0,5.0,0.34782608695652173,0.8333333333333334,0.49079754601227,7.8,0.8333333333333334,0.1226215644820296,0.3413848631239936,0.30474612193362194,Autoencoder(t),Hog_office_Lavon,124,office,True
6.0,6.0,0.4691358024691358,1.0,0.638655462184874,27.5,1.0,0.14046579330422126,0.4592592592592593,0.35514155982905976,Autoencoder(t),Hog_office_Merilyn,124,office,True
6.0,6.0,0.34210526315789475,1.0,0.5098039215686275,37.333333333333336,1.0,0.134185303514377,0.34210526315789475,0.24820877425044088,Autoencoder(t),Hog_office_Miriam,124,office,True
6.0,4.0,0.2191780821917808,0.6666666666666666,0.32989690721649484,13.5,0.6666666666666666,0.09567198177676538,0.1997716894977169,0.39691358024691353,Autoencoder(t),Hog_office_Napoleon,124,office,True
6.0,5.0,0.38095238095238093,0.8333333333333334,0.522875816993464,11.4,0.8333333333333334,0.08076009501187649,0.37037037037037035,0.2760942760942761,Autoencoder(t),Hog_office_Shawna,124,office,True
6.0,6.0,0.6129032258064516,1.0,0.76,19.666666666666668,1.0,0.08283132530120482,0.5889540566959922,0.32689933523266856,Autoencoder(t),Hog_office_Shawnna,124,office,True
6.0,6.0,0.2638888888888889,1.0,0.4175824175824176,34.166666666666664,1.0,0.12421185372005045,0.2638888888888889,0.2625192901234568,Autoencoder(t),Hog_office_Sherrie,124,office,True
6.0,6.0,0.4426229508196721,1.0,0.6136363636363636,30.166666666666668,1.0,0.08577263444520082,0.439344262295082,0.33718584656084655,Autoencoder(t),Hog_office_Shon,124,office,True
6.0,5.0,0.2222222222222222,0.8333333333333334,0.3508771929824561,29.0,0.8333333333333334,0.20292397660818715,0.20540123456790124,0.30005787037037035,Autoencoder(t),Hog_office_Sydney,124,office,True
6.0,6.0,0.3670886075949367,1.0,0.5370370370370371,32.166666666666664,1.0,0.10773480662983426,0.3623417721518987,0.3509837962962963,Autoencoder(t),Hog_office_Valda,124,office,True
6.0,5.0,0.11764705882352941,0.8333333333333334,0.20618556701030927,14.8,0.8333333333333334,0.12461059190031153,0.10504201680672268,0.5953282828282829,Autoencoder(t),Lamb_education_Armando,124,education,False
6.0,6.0,0.5581395348837209,1.0,0.7164179104477612,15.333333333333334,1.0,0.1222130470685384,0.5416666666666667,0.293560606060606,Autoencoder(t),Lamb_education_Eula,124,education,False
6.0,6.0,0.4074074074074074,1.0,0.5789473684210525,5.666666666666667,1.0,0.1215235792019347,0.3950617283950617,0.3815656565656566,Autoencoder(t),Lamb_education_Lazaro,124,education,False
6.0,5.0,0.43661971830985913,0.8333333333333334,0.5730129390018484,10.6,0.8333333333333334,0.0975254730713246,0.4295774647887324,0.2789351851851852,Autoencoder(t),Lamb_education_Lucas,124,education,False
6.0,6.0,0.20270270270270271,1.0,0.3370786516853933,3.1666666666666665,1.0,0.1087912087912088,0.20147420147420148,0.4444444444444444,Autoencoder(t),Lamb_education_Mae,124,education,False
,,,,,,,,0.0,,Autoencoder(t),Lamb_education_Willetta,124,education,False
6.0,6.0,0.2112676056338028,1.0,0.3488372093023256,14.333333333333334,1.0,0.12082111436950146,0.20187793427230047,0.2683449074074074,Autoencoder(t),Lamb_education_Williams,124,education,False
6.0,5.0,0.39473684210526316,0.8333333333333334,0.5357142857142857,33.4,0.8333333333333334,0.11172796668979876,0.37719298245614036,0.19602272727272727,Autoencoder(t),Lamb_office_Caitlin,124,office,True
6.0,5.0,0.16216216216216217,0.8333333333333334,0.27149321266968324,1.2,0.8333333333333334,0.11824668705402651,0.15945945945945947,0.5699074074074074,Autoencoder(t),Lamb_office_Velma,124,office,True
6.0,5.0,0.3333333333333333,0.8333333333333334,0.47619047619047616,26.6,0.8333333333333334,0.14741544352265476,0.32407407407407407,0.3236111111111111,Autoencoder(t),Rat_retail_Jeffrey,124,retail,False
6.0,5.0,0.1956521739130435,0.8333333333333334,0.3169014084507042,29.8,0.8333333333333334,0.14223331253898938,0.1956521739130435,0.5094502719502719,Autoencoder(t),Robin_education_Zenia,124,education,False
6.0,6.0,0.3137254901960784,1.0,0.47761194029850745,36.666666666666664,1.0,0.11370620774431468,0.3081232492997199,0.5402243589743589,Autoencoder(t),Robin_office_Dina,124,office,True
6.0,5.0,0.2619047619047619,0.8333333333333334,0.39855072463768115,21.4,0.8333333333333334,0.10815307820299501,0.2619047619047619,0.42824074074074076,Autoencoder(t),Robin_office_Sammie,124,office,True
6.0,5.0,0.34615384615384615,0.8333333333333334,0.48913043478260876,8.6,0.8333333333333334,0.1136919315403423,0.33577533577533575,0.3137820512820513,Autoencoder(t),Shrew_office_Doris,124,office,True
6.0,6.0,0.55,1.0,0.7096774193548387,29.5,1.0,0.09097633136094675,0.55,0.4547521344396344,Autoencoder(t),Shrew_office_Ila,124,office,True
6.0,6.0,0.352112676056338,1.0,0.5208333333333333,18.166666666666668,1.0,0.07194719471947195,0.352112676056338,0.389347804972805,Autoencoder(t),Shrew_office_Kenneth,124,office,True
6.0,5.0,0.08955223880597014,0.8333333333333334,0.1617250673854447,6.4,0.8333333333333334,0.12790146849834202,0.0812603648424544,0.40277777777777785,Autoencoder(t),Shrew_office_Nora,124,office,True
6.0,5.0,0.2702702702702703,0.8333333333333334,0.4081632653061225,41.8,0.8333333333333334,0.1028391167192429,0.2702702702702703,0.2996913580246913,Autoencoder(t),Shrew_office_Sherill,124,office,True
6.0,6.0,0.43243243243243246,1.0,0.6037735849056604,8.333333333333334,1.0,0.07807417046193885,0.43243243243243246,0.3540404040404041,Autoencoder(t),Wolf_office_Darleen,124,office,True
6.0,5.0,0.25882352941176473,0.8333333333333334,0.39497307001795334,26.0,0.8333333333333334,0.13458162668227033,0.25882352941176473,0.14386574074074074,Autoencoder(t),Wolf_retail_Harriett,124,retail,False
6.0,6.0,0.15053763440860216,1.0,0.2616822429906542,3.0,1.0,0.12899728997289972,0.15053763440860216,0.4257716049382716,Autoencoder(t),Wolf_retail_Marcella,124,retail,False
6.0,5.0,0.23728813559322035,0.8333333333333334,0.3693931398416887,7.2,0.8333333333333334,0.09356408869659276,0.23728813559322035,0.29687499999999994,Autoencoder(t),Wolf_retail_Toshia,124,retail,False
6.0,4.0,0.7692307692307693,0.6666666666666666,0.7142857142857142,59.0,0.6666666666666666,0.0024479804161566705,0.7692307692307693,0.28520447530864196,PatchTST-SSL(HoW-cond),Fox_education_Henrietta,124,education,False
6.0,6.0,0.3902439024390244,1.0,0.5614035087719299,12.833333333333334,1.0,0.07750144592249855,0.3902439024390244,0.32966269841269835,PatchTST-SSL(HoW-cond),Fox_retail_Manie,124,retail,False
6.0,3.0,0.9090909090909091,0.5,0.6451612903225806,85.33333333333333,0.5,0.0007293946024799417,0.9090909090909091,0.20408249158249156,PatchTST-SSL(HoW-cond),Hog_education_Bruno,124,education,False
6.0,3.0,0.5833333333333334,0.5,0.5384615384615384,52.666666666666664,0.5,0.031578947368421054,0.5833333333333334,0.1015625,PatchTST-SSL(HoW-cond),Hog_education_Caridad,124,education,False
6.0,4.0,0.5909090909090909,0.6666666666666666,0.6265060240963856,10.0,0.6666666666666666,0.00870105655686762,0.5909090909090909,0.38467261904761907,PatchTST-SSL(HoW-cond),Hog_education_Luvenia,124,education,False
6.0,3.0,0.8157894736842105,0.5,0.62,84.33333333333333,0.5,0.02421875,0.8052631578947369,0.12508267195767195,PatchTST-SSL(HoW-cond),Hog_office_Almeda,124,office,True
6.0,5.0,0.6216216216216216,0.8333333333333334,0.7120743034055728,26.6,0.8333333333333334,0.012048192771084338,0.6216216216216216,0.2622685185185185,PatchTST-SSL(HoW-cond),Hog_office_Cortney,124,office,True
6.0,6.0,0.2857142857142857,1.0,0.4444444444444445,0.6666666666666666,1.0,0.010091743119266056,0.2857142857142857,0.7861111111111111,PatchTST-SSL(HoW-cond),Hog_office_Denita,124,office,True
6.0,5.0,0.35,0.8333333333333334,0.49295774647887325,3.6,0.8333333333333334,0.035287421741605006,0.3375,0.5361111111111111,PatchTST-SSL(HoW-cond),Hog_office_Garrett,124,office,True
6.0,4.0,0.8333333333333334,0.6666666666666666,0.7407407407407408,28.75,0.6666666666666666,0.0014094432699083862,0.8333333333333334,0.2303210678210678,PatchTST-SSL(HoW-cond),Hog_office_Lavon,124,office,True
6.0,4.0,0.8,0.6666666666666666,0.7272727272727272,91.5,0.6666666666666666,0.000727802037845706,0.8,0.1125133547008547,PatchTST-SSL(HoW-cond),Hog_office_Merilyn,124,office,True
6.0,6.0,0.6470588235294118,1.0,0.7857142857142858,70.16666666666667,1.0,0.005750798722044728,0.6470588235294118,0.19265321869488536,PatchTST-SSL(HoW-cond),Hog_office_Miriam,124,office,True
6.0,4.0,0.7083333333333334,0.6666666666666666,0.6868686868686869,26.5,0.6666666666666666,0.003986332574031891,0.7083333333333334,0.34861111111111115,PatchTST-SSL(HoW-cond),Hog_office_Napoleon,124,office,True
6.0,5.0,0.6896551724137931,0.8333333333333334,0.7547169811320755,13.6,0.8333333333333334,0.007719714964370546,0.6896551724137931,0.2676767676767677,PatchTST-SSL(HoW-cond),Hog_office_Shawna,124,office,True
6.0,6.0,0.9142857142857143,1.0,0.955223880597015,34.666666666666664,1.0,0.002259036144578313,0.9142857142857143,0.2838556505223172,PatchTST-SSL(HoW-cond),Hog_office_Shawnna,124,office,True
6.0,6.0,0.6410256410256411,1.0,0.7812500000000001,49.666666666666664,1.0,0.015762925598991173,0.6410256410256411,0.3730131172839506,PatchTST-SSL(HoW-cond),Hog_office_Sherrie,124,office,True
6.0,5.0,0.8181818181818182,0.8333333333333334,0.8256880733944955,32.2,0.8333333333333334,0.0040844111640571815,0.8181818181818182,0.4162037037037037,PatchTST-SSL(HoW-cond),Hog_office_Shon,124,office,True
6.0,5.0,0.47058823529411764,0.8333333333333334,0.6015037593984962,44.4,0.8333333333333334,0.017543859649122806,0.47058823529411764,0.28327546296296297,PatchTST-SSL(HoW-cond),Hog_office_Sydney,124,office,True
6.0,5.0,0.6206896551724138,0.8333333333333334,0.7114624505928854,55.8,0.8333333333333334,0.011049723756906077,0.6206896551724138,0.3175154320987654,PatchTST-SSL(HoW-cond),Hog_office_Valda,124,office,True
6.0,5.0,0.6666666666666666,0.8333333333333334,0.7407407407407408,2.0,0.8333333333333334,0.006230529595015576,0.6666666666666666,0.601010101010101,PatchTST-SSL(HoW-cond),Lamb_education_Armando,124,education,False
6.0,5.0,0.8055555555555556,0.8333333333333334,0.8192090395480227,34.6,0.8333333333333334,0.014037985136251032,0.8055555555555556,0.21557589786756456,PatchTST-SSL(HoW-cond),Lamb_education_Eula,124,education,False
6.0,5.0,0.4782608695652174,0.8333333333333334,0.6077348066298343,53.0,0.8333333333333334,0.03083434099153567,0.4782608695652174,0.25984848484848483,PatchTST-SSL(HoW-cond),Lamb_education_Lazaro,124,education,False
6.0,6.0,0.5581395348837209,1.0,0.7164179104477612,52.666666666666664,1.0,0.017467248908296942,0.5581395348837209,0.18964120370370374,PatchTST-SSL(HoW-cond),Lamb_education_Lucas,124,education,False
6.0,6.0,0.3111111111111111,1.0,0.4745762711864407,18.666666666666668,1.0,0.03571428571428571,0.3111111111111111,0.5229166666666667,PatchTST-SSL(HoW-cond),Lamb_education_Mae,124,education,False
,,,,,,,,0.0,,PatchTST-SSL(HoW-cond),Lamb_education_Willetta,124,education,False
6.0,5.0,0.45161290322580644,0.8333333333333334,0.5857740585774058,48.2,0.8333333333333334,0.030498533724340176,0.45161290322580644,0.2915509259259259,PatchTST-SSL(HoW-cond),Lamb_education_Williams,124,education,False
6.0,6.0,0.46875,1.0,0.6382978723404256,26.0,1.0,0.027064538514920196,0.46875,0.2202651515151515,PatchTST-SSL(HoW-cond),Lamb_office_Caitlin,124,office,True
6.0,4.0,0.14814814814814814,0.6666666666666666,0.24242424242424243,1.75,0.6666666666666666,0.0326197757390418,0.14814814814814814,0.4166666666666667,PatchTST-SSL(HoW-cond),Lamb_office_Velma,124,office,True
6.0,4.0,0.40350877192982454,0.6666666666666666,0.5027322404371585,29.0,0.6666666666666666,0.059349074664964904,0.40350877192982454,0.23958333333333334,PatchTST-SSL(HoW-cond),Rat_retail_Jeffrey,124,retail,False
6.0,4.0,0.46938775510204084,0.6666666666666666,0.5508982035928144,74.75,0.6666666666666666,0.026200873362445413,0.46938775510204084,0.35076728826728826,PatchTST-SSL(HoW-cond),Robin_education_Zenia,124,education,False
6.0,5.0,0.7916666666666666,0.8333333333333334,0.811965811965812,53.8,0.8333333333333334,0.004917025199754148,0.7916666666666666,0.39866452991452994,PatchTST-SSL(HoW-cond),Robin_office_Dina,124,office,True
6.0,5.0,0.72,0.8333333333333334,0.7725321888412018,25.2,0.8333333333333334,0.004437049362174155,0.72,0.39699074074074076,PatchTST-SSL(HoW-cond),Robin_office_Sammie,124,office,True
6.0,5.0,0.6666666666666666,0.8333333333333334,0.7407407407407408,25.4,0.8333333333333334,0.006723716381418093,0.6666666666666666,0.28044871794871795,PatchTST-SSL(HoW-cond),Shrew_office_Doris,124,office,True
6.0,6.0,0.7837837837837838,1.0,0.8787878787878788,62.5,1.0,0.014053254437869823,0.7702702702702703,0.26705046496713164,PatchTST-SSL(HoW-cond),Shrew_office_Ila,124,office,True
6.0,6.0,0.8363636363636363,1.0,0.9108910891089108,9.833333333333334,1.0,0.007920792079207921,0.8363636363636363,0.44456827894327894,PatchTST-SSL(HoW-cond),Shrew_office_Kenneth,124,office,True
6.0,5.0,0.34782608695652173,0.8333333333333334,0.49079754601227,2.2,0.8333333333333334,0.009474182851729039,0.34782608695652173,0.5439814814814814,PatchTST-SSL(HoW-cond),Shrew_office_Nora,124,office,True
6.0,4.0,0.7906976744186046,0.6666666666666666,0.7234042553191489,25.5,0.6666666666666666,0.008832807570977918,0.7906976744186046,0.25517676767676767,PatchTST-SSL(HoW-cond),Shrew_office_Sherill,124,office,True
6.0,5.0,0.5454545454545454,0.8333333333333334,0.6593406593406592,12.2,0.8333333333333334,0.025374105400130124,0.5454545454545454,0.32840909090909093,PatchTST-SSL(HoW-cond),Wolf_office_Darleen,124,office,True
6.0,4.0,0.3225806451612903,0.6666666666666666,0.4347826086956521,21.0,0.6666666666666666,0.016968987712112346,0.29838709677419356,0.1251736111111111,PatchTST-SSL(HoW-cond),Wolf_retail_Harriett,124,retail,False
6.0,5.0,0.3448275862068966,0.8333333333333334,0.4878048780487806,19.8,0.8333333333333334,0.024932249322493227,0.3448275862068966,0.40324074074074073,PatchTST-SSL(HoW-cond),Wolf_retail_Marcella,124,retail,False
6.0,4.0,0.28205128205128205,0.6666666666666666,0.3963963963963964,7.75,0.6666666666666666,0.0319091400757166,0.2615384615384615,0.3326388888888889,PatchTST-SSL(HoW-cond),Wolf_retail_Toshia,124,retail,False
6.0,3.0,0.7333333333333333,0.5,0.5945945945945945,17.666666666666668,0.5,0.009778357235984355,0.7333333333333333,0.09861111111111111,PatchTST-SSL,Fox_education_Henrietta,125,education,False
6.0,5.0,0.3333333333333333,0.8333333333333334,0.47619047619047616,50.8,0.8333333333333334,0.07625542467451953,0.28055555555555556,0.49467592592592596,PatchTST-SSL,Fox_retail_Manie,125,retail,False
6.0,5.0,0.8666666666666667,0.8333333333333334,0.8496732026143791,12.0,0.8333333333333334,0.004281345565749235,0.8666666666666667,0.49252645502645503,PatchTST-SSL,Hog_education_Bruno,125,education,False
6.0,4.0,0.5,0.6666666666666666,0.5714285714285715,25.75,0.6666666666666666,0.02110279101429544,0.5,0.2100308641975309,PatchTST-SSL,Hog_education_Caridad,125,education,False
6.0,5.0,0.9473684210526315,0.8333333333333334,0.8866995073891626,7.8,0.8333333333333334,0.0005701254275940707,0.9473684210526315,0.5054783950617284,PatchTST-SSL,Hog_education_Luvenia,125,education,False
6.0,4.0,0.84375,0.6666666666666666,0.7448275862068966,4.25,0.6666666666666666,0.006688963210702341,0.84375,0.30516975308641975,PatchTST-SSL,Hog_office_Almeda,125,office,True
6.0,4.0,1.0,0.6666666666666666,0.8,10.75,0.6666666666666666,0.0,1.0,0.3426587301587301,PatchTST-SSL,Hog_office_Cortney,125,office,True
6.0,5.0,0.8823529411764706,0.8333333333333334,0.8571428571428571,15.4,0.8333333333333334,0.0010314595152140279,0.8823529411764706,0.4756944444444445,PatchTST-SSL,Hog_office_Denita,125,office,True
6.0,5.0,0.68,0.8333333333333334,0.748898678414097,23.0,0.8333333333333334,0.007202216066481994,0.68,0.5127525252525252,PatchTST-SSL,Hog_office_Garrett,125,office,True
6.0,2.0,0.2857142857142857,0.3333333333333333,0.30769230769230765,1.5,0.3333333333333333,0.016294508147254073,0.2857142857142857,0.2333333333333333,PatchTST-SSL,Hog_office_Lavon,125,office,True
6.0,5.0,0.75,0.8333333333333334,0.7894736842105262,15.8,0.8333333333333334,0.0009799118079372856,0.75,0.4763888888888889,PatchTST-SSL,Hog_office_Merilyn,125,office,True
6.0,5.0,0.9142857142857143,0.8333333333333334,0.8719346049046321,47.2,0.8333333333333334,0.002178649237472767,0.9142857142857143,0.3141203703703704,PatchTST-SSL,Hog_office_Miriam,125,office,True
6.0,3.0,0.75,0.5,0.6,1.6666666666666667,0.5,0.0005787037037037037,0.75,0.2833333333333333,PatchTST-SSL,Hog_office_Napoleon,125,office,True
6.0,5.0,0.7142857142857143,0.8333333333333334,0.7692307692307692,23.2,0.8333333333333334,0.0015991471215351812,0.7142857142857143,0.44940476190476186,PatchTST-SSL,Hog_office_Shawna,125,office,True
6.0,5.0,0.45,0.8333333333333334,0.5844155844155844,20.4,0.8333333333333334,0.01552967276760954,0.42000000000000004,0.23596230158730158,PatchTST-SSL,Hog_office_Shawnna,125,office,True
6.0,4.0,0.5,0.6666666666666666,0.5714285714285715,35.5,0.6666666666666666,0.011402508551881414,0.47619047619047616,0.3296296296296296,PatchTST-SSL,Hog_office_Sherrie,125,office,True
6.0,4.0,0.972972972972973,0.6666666666666666,0.7912087912087912,60.75,0.6666666666666666,0.0007955449482895784,0.972972972972973,0.30052231718898387,PatchTST-SSL,Hog_office_Shon,125,office,True
6.0,5.0,0.5,0.8333333333333334,0.625,14.8,0.8333333333333334,0.022857142857142857,0.5,0.41442307692307695,PatchTST-SSL,Hog_office_Sydney,125,office,True
6.0,5.0,0.88,0.8333333333333334,0.8560311284046693,16.8,0.8333333333333334,0.001948051948051948,0.88,0.37406517094017094,PatchTST-SSL,Hog_office_Valda,125,office,True
6.0,4.0,1.0,0.6666666666666666,0.8,29.0,0.6666666666666666,0.0,1.0,0.3813131313131313,PatchTST-SSL,Lamb_education_Armando,125,education,False
6.0,4.0,0.4482758620689655,0.6666666666666666,0.536082474226804,11.0,0.6666666666666666,0.01015228426395939,0.4482758620689655,0.4637345679012346,PatchTST-SSL,Lamb_education_Eula,125,education,False
6.0,2.0,0.5,0.3333333333333333,0.4,13.0,0.3333333333333333,0.03524229074889868,0.5,0.13194444444444445,PatchTST-SSL,Lamb_education_Lazaro,125,education,False
6.0,5.0,0.5555555555555556,0.8333333333333334,0.6666666666666667,43.2,0.8333333333333334,0.011860637509266123,0.5555555555555556,0.2504709796376463,PatchTST-SSL,Lamb_education_Lucas,125,education,False
6.0,6.0,0.44,1.0,0.6111111111111112,25.166666666666668,1.0,0.01596351197263398,0.44,0.40972222222222227,PatchTST-SSL,Lamb_education_Mae,125,education,False
,,,,,,,,0.0,,PatchTST-SSL,Lamb_education_Willetta,125,education,False
6.0,3.0,0.3333333333333333,0.5,0.4,42.0,0.5,0.017391304347826087,0.3333333333333333,0.19930555555555554,PatchTST-SSL,Lamb_education_Williams,125,education,False
6.0,4.0,0.16666666666666666,0.6666666666666666,0.26666666666666666,24.75,0.6666666666666666,0.10356933879461673,0.16666666666666666,0.26996527777777773,PatchTST-SSL,Lamb_office_Caitlin,125,office,True
6.0,4.0,0.7916666666666666,0.6666666666666666,0.7238095238095237,106.25,0.6666666666666666,0.01076158940397351,0.7916666666666666,0.034981511544011544,PatchTST-SSL,Lamb_office_Velma,125,office,True
6.0,6.0,0.425531914893617,1.0,0.5970149253731344,2.5,1.0,0.04797687861271676,0.41134751773049644,0.5333498677248677,PatchTST-SSL,Rat_retail_Jeffrey,125,retail,False
6.0,6.0,0.375,1.0,0.5454545454545454,36.0,1.0,0.03547400611620795,0.375,0.419753086419753,PatchTST-SSL,Robin_education_Zenia,125,education,False
6.0,5.0,0.8333333333333334,0.8333333333333334,0.8333333333333334,13.0,0.8333333333333334,0.0022484541877459247,0.8333333333333334,0.3161706349206349,PatchTST-SSL,Robin_office_Dina,125,office,True
6.0,2.0,0.9130434782608695,0.3333333333333333,0.48837209302325574,53.5,0.3333333333333333,0.002008032128514056,0.9130434782608695,0.030671296296296294,PatchTST-SSL,Robin_office_Sammie,125,office,True
6.0,5.0,0.8571428571428571,0.8333333333333334,0.8450704225352113,33.2,0.8333333333333334,0.001693002257336343,0.8571428571428571,0.4038690476190476,PatchTST-SSL,Shrew_office_Doris,125,office,True
6.0,5.0,0.8888888888888888,0.8333333333333334,0.8602150537634408,89.8,0.8333333333333334,0.002390438247011952,0.8888888888888888,0.1494626322751323,PatchTST-SSL,Shrew_office_Ila,125,office,True
6.0,5.0,0.3333333333333333,0.8333333333333334,0.47619047619047616,2.6,0.8333333333333334,0.0091792656587473,0.3333333333333333,0.5009920634920635,PatchTST-SSL,Shrew_office_Kenneth,125,office,True
6.0,6.0,0.8235294117647058,1.0,0.9032258064516129,32.833333333333336,1.0,0.0036809815950920245,0.8235294117647058,0.19944058641975312,PatchTST-SSL,Shrew_office_Nora,125,office,True
6.0,5.0,0.6923076923076923,0.8333333333333334,0.7563025210084034,25.4,0.8333333333333334,0.009495982468955442,0.6923076923076923,0.27141203703703703,PatchTST-SSL,Shrew_office_Sherill,125,office,True
6.0,3.0,0.7647058823529411,0.5,0.6046511627906976,19.666666666666668,0.5,0.004819277108433735,0.7647058823529411,0.26851851851851855,PatchTST-SSL,Wolf_office_Darleen,125,office,True
6.0,5.0,0.6666666666666666,0.8333333333333334,0.7407407407407408,13.4,0.8333333333333334,0.004160166406656267,0.6666666666666666,0.4375,PatchTST-SSL,Wolf_retail_Harriett,125,retail,False
6.0,3.0,0.4117647058823529,0.5,0.45161290322580644,66.0,0.5,0.015272727272727273,0.4117647058823529,0.11741622574955908,PatchTST-SSL,Wolf_retail_Marcella,125,retail,False
6.0,4.0,0.6,0.6666666666666666,0.631578947368421,114.0,0.6666666666666666,0.00554016620498615,0.6,0.11922674162257496,PatchTST-SSL,Wolf_retail_Toshia,125,retail,False
6.0,3.0,0.5416666666666666,0.5,0.52,18.0,0.5,0.01303780964797914,0.5416666666666666,0.11111111111111112,HOW-profile+z,Fox_education_Henrietta,125,education,False
6.0,5.0,0.32727272727272727,0.8333333333333334,0.46997389033942566,36.0,0.8333333333333334,0.10167389956602604,0.29848484848484846,0.519212962962963,HOW-profile+z,Fox_retail_Manie,125,retail,False
6.0,5.0,0.6829268292682927,0.8333333333333334,0.7506702412868633,4.2,0.8333333333333334,0.02507645259938838,0.6666666666666667,0.6609457671957671,HOW-profile+z,Hog_education_Bruno,125,education,False
6.0,4.0,0.75,0.6666666666666666,0.7058823529411765,9.5,0.6666666666666666,0.009530292716133424,0.75,0.3021604938271605,HOW-profile+z,Hog_education_Caridad,125,education,False
6.0,6.0,0.8571428571428571,1.0,0.923076923076923,9.333333333333334,1.0,0.005131128848346636,0.8404761904761904,0.49583333333333335,HOW-profile+z,Hog_education_Luvenia,125,education,False
6.0,5.0,0.5625,0.8333333333333334,0.6716417910447761,12.4,0.8333333333333334,0.04280936454849498,0.5625,0.3103395061728395,HOW-profile+z,Hog_office_Almeda,125,office,True
6.0,6.0,0.5531914893617021,1.0,0.7123287671232876,36.5,1.0,0.015024038461538462,0.5531914893617021,0.41340939153439155,HOW-profile+z,Hog_office_Cortney,125,office,True
6.0,5.0,0.6923076923076923,0.8333333333333334,0.7563025210084034,11.4,0.8333333333333334,0.007220216606498195,0.6923076923076923,0.4979166666666666,HOW-profile+z,Hog_office_Denita,125,office,True
6.0,5.0,0.6111111111111112,0.8333333333333334,0.7051282051282051,8.2,0.8333333333333334,0.012742382271468145,0.6111111111111112,0.5739898989898989,HOW-profile+z,Hog_office_Garrett,125,office,True
6.0,3.0,0.4117647058823529,0.5,0.45161290322580644,9.666666666666666,0.5,0.02776101388050694,0.4117647058823529,0.39166666666666666,HOW-profile+z,Hog_office_Lavon,125,office,True
6.0,5.0,0.7142857142857143,0.8333333333333334,0.7692307692307692,16.2,0.8333333333333334,0.0009799118079372856,0.7142857142857143,0.45671296296296293,HOW-profile+z,Hog_office_Merilyn,125,office,True
6.0,5.0,0.9285714285714286,0.8333333333333334,0.8783783783783784,44.2,0.8333333333333334,0.002178649237472767,0.9285714285714286,0.3733796296296297,HOW-profile+z,Hog_office_Miriam,125,office,True
6.0,5.0,0.3877551020408163,0.8333333333333334,0.5292479108635099,25.0,0.8333333333333334,0.02488425925925926,0.3877551020408163,0.33936011904761904,HOW-profile+z,Hog_office_Napoleon,125,office,True
6.0,6.0,0.2962962962962963,1.0,0.45714285714285713,14.166666666666666,1.0,0.03304904051172708,0.2962962962962963,0.5329034391534392,HOW-profile+z,Hog_office_Shawna,125,office,True
6.0,5.0,0.37735849056603776,0.8333333333333334,0.5194805194805195,12.6,0.8333333333333334,0.03050471436494731,0.37735849056603776,0.3521329365079365,HOW-profile+z,Hog_office_Shawnna,125,office,True
6.0,4.0,0.6111111111111112,0.6666666666666666,0.6376811594202899,11.5,0.6666666666666666,0.01539338654503991,0.6111111111111112,0.36419753086419754,HOW-profile+z,Hog_office_Sherrie,125,office,True
6.0,4.0,0.9230769230769231,0.6666666666666666,0.7741935483870968,35.25,0.6666666666666666,0.002386634844868735,0.9230769230769231,0.3822946343779677,HOW-profile+z,Hog_office_Shon,125,office,True
6.0,5.0,0.6923076923076923,0.8333333333333334,0.7563025210084034,14.6,0.8333333333333334,0.006285714285714286,0.6923076923076923,0.4267094017094017,HOW-profile+z,Hog_office_Sydney,125,office,True
6.0,6.0,0.9375,1.0,0.967741935483871,22.666666666666668,1.0,0.001948051948051948,0.9375,0.34492966524216523,HOW-profile+z,Hog_office_Valda,125,office,True
6.0,5.0,0.4878048780487805,0.8333333333333334,0.6153846153846153,25.6,0.8333333333333334,0.03626634958382877,0.4878048780487805,0.4155934343434344,HOW-profile+z,Lamb_education_Armando,125,education,False
6.0,6.0,0.25,1.0,0.4,3.5,1.0,0.05380710659898477,0.25,0.691358024691358,HOW-profile+z,Lamb_education_Eula,125,education,False
6.0,1.0,0.16666666666666666,0.16666666666666666,0.16666666666666666,2.0,0.16666666666666666,0.010069225928256766,0.16666666666666666,0.05555555555555555,HOW-profile+z,Lamb_education_Lazaro,125,education,False
6.0,6.0,0.7777777777777778,1.0,0.8750000000000001,32.166666666666664,1.0,0.01630837657524092,0.7777777777777778,0.29532051667468334,HOW-profile+z,Lamb_education_Lucas,125,education,False
6.0,6.0,0.5,1.0,0.6666666666666666,11.166666666666666,1.0,0.014823261117445839,0.5,0.4418981481481481,HOW-profile+z,Lamb_education_Mae,125,education,False
,,,,,,,,0.0,,HOW-profile+z,Lamb_education_Willetta,125,education,False
6.0,5.0,0.575,0.8333333333333334,0.6804733727810651,30.8,0.8333333333333334,0.04080267558528428,0.575,0.26967592592592593,HOW-profile+z,Lamb_education_Williams,125,education,False
6.0,2.0,0.15789473684210525,0.3333333333333333,0.21428571428571427,37.0,0.3333333333333333,0.08484493856056173,0.15789473684210525,0.1684027777777778,HOW-profile+z,Lamb_office_Caitlin,125,office,True
6.0,6.0,0.7647058823529411,1.0,0.8666666666666666,41.166666666666664,1.0,0.03228476821192053,0.7647058823529411,0.2247362012987013,HOW-profile+z,Lamb_office_Velma,125,office,True
6.0,6.0,0.42028985507246375,1.0,0.5918367346938774,1.8333333333333333,1.0,0.06820809248554913,0.411231884057971,0.5122850529100529,HOW-profile+z,Rat_retail_Jeffrey,125,retail,False
6.0,6.0,0.32978723404255317,1.0,0.496,10.666666666666666,1.0,0.07339449541284404,0.324468085106383,0.4337962962962963,HOW-profile+z,Robin_education_Zenia,125,education,False
6.0,6.0,0.5777777777777777,1.0,0.732394366197183,10.833333333333334,1.0,0.02304665542439573,0.5777777777777777,0.40347222222222223,HOW-profile+z,Robin_office_Dina,125,office,True
6.0,4.0,0.9607843137254902,0.6666666666666666,0.78714859437751,78.0,0.6666666666666666,0.002008032128514056,0.9607843137254902,0.06152146464646465,HOW-profile+z,Robin_office_Sammie,125,office,True
6.0,5.0,0.5483870967741935,0.8333333333333334,0.6614785992217898,15.6,0.8333333333333334,0.018623024830699775,0.5483870967741935,0.5324404761904762,HOW-profile+z,Shrew_office_Doris,125,office,True
6.0,5.0,0.6829268292682927,0.8333333333333334,0.7506702412868633,46.8,0.8333333333333334,0.015139442231075698,0.6829268292682927,0.24044312169312168,HOW-profile+z,Shrew_office_Ila,125,office,True
6.0,5.0,0.25,0.8333333333333334,0.3846153846153846,2.0,0.8333333333333334,0.03455723542116631,0.24431818181818182,0.5535714285714286,HOW-profile+z,Shrew_office_Kenneth,125,office,True
6.0,6.0,0.6818181818181818,1.0,0.8108108108108109,10.666666666666666,1.0,0.016564417177914112,0.6818181818181818,0.4837577160493827,HOW-profile+z,Shrew_office_Nora,125,office,True
6.0,6.0,0.7288135593220338,1.0,0.8431372549019608,29.0,1.0,0.017531044558071585,0.7288135593220338,0.4399335232668566,HOW-profile+z,Shrew_office_Sherill,125,office,True
6.0,4.0,0.6578947368421053,0.6666666666666666,0.6622516556291391,11.25,0.6666666666666666,0.03433734939759036,0.6578947368421053,0.39479166666666665,HOW-profile+z,Wolf_office_Darleen,125,office,True
6.0,6.0,0.19480519480519481,1.0,0.32608695652173914,18.166666666666668,1.0,0.047321892875715026,0.18831168831168832,0.5328703703703703,HOW-profile+z,Wolf_retail_Harriett,125,retail,False
6.0,4.0,0.22580645161290322,0.6666666666666666,0.3373493975903614,71.0,0.6666666666666666,0.05309090909090909,0.22580645161290322,0.17662037037037037,HOW-profile+z,Wolf_retail_Marcella,125,retail,False
6.0,5.0,0.7857142857142857,0.8333333333333334,0.8088235294117647,48.2,0.8333333333333334,0.03254847645429363,0.7857142857142857,0.24863591269841268,HOW-profile+z,Wolf_retail_Toshia,125,retail,False
6.0,3.0,0.6285714285714286,0.5,0.5569620253164557,14.666666666666666,0.5,0.018252933507170794,0.6285714285714286,0.18263888888888888,TOWT-detector,Fox_education_Henrietta,125,education,False
6.0,5.0,0.2903225806451613,0.8333333333333334,0.430622009569378,49.8,0.8333333333333334,0.08431494110353378,0.23924731182795697,0.4916666666666667,TOWT-detector,Fox_retail_Manie,125,retail,False
6.0,5.0,0.6206896551724138,0.8333333333333334,0.7114624505928854,5.6,0.8333333333333334,0.020795107033639144,0.6206896551724138,0.5375,TOWT-detector,Hog_education_Bruno,125,education,False
6.0,4.0,0.75,0.6666666666666666,0.7058823529411765,21.5,0.6666666666666666,0.0068073519400953025,0.75,0.16071428571428573,TOWT-detector,Hog_education_Caridad,125,education,False
6.0,5.0,0.47619047619047616,0.8333333333333334,0.6060606060606061,7.2,0.8333333333333334,0.01653363740022805,0.4583333333333333,0.5445987654320988,TOWT-detector,Hog_education_Luvenia,125,education,False
6.0,5.0,0.5,0.8333333333333334,0.625,27.4,0.8333333333333334,0.024080267558528427,0.5,0.2810185185185185,TOWT-detector,Hog_office_Almeda,125,office,True
6.0,5.0,0.37735849056603776,0.8333333333333334,0.5194805194805195,29.4,0.8333333333333334,0.09254807692307693,0.37735849056603776,0.4070436507936508,TOWT-detector,Hog_office_Cortney,125,office,True
6.0,5.0,0.2708333333333333,0.8333333333333334,0.40880503144654085,3.2,0.8333333333333334,0.038164002062919034,0.2708333333333333,0.47986111111111107,TOWT-detector,Hog_office_Denita,125,office,True
6.0,5.0,1.0,0.8333333333333334,0.9090909090909091,47.4,0.8333333333333334,0.0,1.0,0.4681818181818182,TOWT-detector,Hog_office_Garrett,125,office,True
6.0,3.0,0.5,0.5,0.5,40.333333333333336,0.5,0.010259505129752565,0.5,0.23854166666666665,TOWT-detector,Hog_office_Lavon,125,office,True
6.0,4.0,0.4444444444444444,0.6666666666666666,0.5333333333333333,1.0,0.6666666666666666,0.006859382655560999,0.4444444444444444,0.48888888888888893,TOWT-detector,Hog_office_Merilyn,125,office,True
6.0,5.0,0.875,0.8333333333333334,0.8536585365853658,50.4,0.8333333333333334,0.002178649237472767,0.875,0.35648148148148145,TOWT-detector,Hog_office_Miriam,125,office,True
6.0,4.0,0.5789473684210527,0.6666666666666666,0.619718309859155,19.25,0.6666666666666666,0.004629629629629629,0.5789473684210527,0.32447916666666665,TOWT-detector,Hog_office_Napoleon,125,office,True
6.0,6.0,0.20754716981132076,1.0,0.34375000000000006,21.0,1.0,0.03464818763326226,0.20754716981132076,0.4533730158730158,TOWT-detector,Hog_office_Shawna,125,office,True
6.0,5.0,0.45454545454545453,0.8333333333333334,0.5882352941176471,25.8,0.8333333333333334,0.005546311702717693,0.45454545454545453,0.2016865079365079,TOWT-detector,Hog_office_Shawnna,125,office,True
6.0,4.0,0.3902439024390244,0.6666666666666666,0.4923076923076923,37.25,0.6666666666666666,0.023375142531356898,0.3902439024390244,0.3475308641975308,TOWT-detector,Hog_office_Sherrie,125,office,True
6.0,4.0,0.896551724137931,0.6666666666666666,0.7647058823529411,44.25,0.6666666666666666,0.014319809069212411,0.896551724137931,0.26745607787274456,TOWT-detector,Hog_office_Shon,125,office,True
6.0,5.0,0.37037037037037035,0.8333333333333334,0.5128205128205128,15.2,0.8333333333333334,0.010285714285714285,0.37037037037037035,0.4725427350427351,TOWT-detector,Hog_office_Sydney,125,office,True
6.0,6.0,0.88,1.0,0.9361702127659575,25.0,1.0,0.004545454545454545,0.88,0.31859864672364674,TOWT-detector,Hog_office_Valda,125,office,True
6.0,4.0,0.3448275862068966,0.6666666666666666,0.4545454545454545,43.5,0.6666666666666666,0.039239001189060645,0.3448275862068966,0.3794191919191919,TOWT-detector,Lamb_education_Armando,125,education,False
6.0,6.0,0.225,1.0,0.36734693877551017,0.6666666666666666,1.0,0.08629441624365482,0.21666666666666665,0.6141975308641975,TOWT-detector,Lamb_education_Eula,125,education,False
6.0,3.0,0.18181818181818182,0.5,0.26666666666666666,52.666666666666664,0.5,0.08621774701069855,0.1590909090909091,0.11649305555555556,TOWT-detector,Lamb_education_Lazaro,125,education,False
6.0,6.0,0.48717948717948717,1.0,0.6551724137931034,40.666666666666664,1.0,0.07338769458858414,0.4857549857549857,0.3577879489337823,TOWT-detector,Lamb_education_Lucas,125,education,False
6.0,4.0,0.22727272727272727,0.6666666666666666,0.33898305084745756,17.5,0.6666666666666666,0.04561003420752566,0.22727272727272727,0.4159722222222222,TOWT-detector,Lamb_education_Mae,125,education,False
,,,,,,,,0.0,,TOWT-detector,Lamb_education_Willetta,125,education,False
6.0,4.0,0.3584905660377358,0.6666666666666666,0.4662576687116564,5.75,0.6666666666666666,0.07759197324414716,0.34276729559748426,0.24761904761904763,TOWT-detector,Lamb_education_Williams,125,education,False
6.0,1.0,0.16666666666666666,0.16666666666666666,0.16666666666666666,0.0,0.16666666666666666,0.014043300175541252,0.16666666666666666,0.16666666666666666,TOWT-detector,Lamb_office_Caitlin,125,office,True
6.0,5.0,0.8421052631578947,0.8333333333333334,0.8376963350785339,66.4,0.8333333333333334,0.005794701986754967,0.8315789473684211,0.11228730759980761,TOWT-detector,Lamb_office_Velma,125,office,True
6.0,6.0,0.3125,1.0,0.47619047619047616,31.666666666666668,1.0,0.04046242774566474,0.296875,0.44796626984126986,TOWT-detector,Rat_retail_Jeffrey,125,retail,False
6.0,5.0,0.5909090909090909,0.8333333333333334,0.6914893617021277,33.6,0.8333333333333334,0.010397553516819572,0.5909090909090909,0.387962962962963,TOWT-detector,Robin_education_Zenia,125,education,False
6.0,6.0,0.3695652173913043,1.0,0.5396825396825397,7.5,1.0,0.07195053400786959,0.3695652173913043,0.3807539682539683,TOWT-detector,Robin_office_Dina,125,office,True
6.0,2.0,0.8421052631578947,0.3333333333333333,0.4776119402985075,42.0,0.3333333333333333,0.008032128514056224,0.8421052631578947,0.08217592592592593,TOWT-detector,Robin_office_Sammie,125,office,True
6.0,5.0,0.8235294117647058,0.8333333333333334,0.8284023668639053,22.2,0.8333333333333334,0.004514672686230248,0.8235294117647058,0.48154761904761906,TOWT-detector,Shrew_office_Doris,125,office,True
6.0,4.0,0.5789473684210527,0.6666666666666666,0.619718309859155,45.25,0.6666666666666666,0.010358565737051793,0.5789473684210527,0.1847222222222222,TOWT-detector,Shrew_office_Ila,125,office,True
6.0,5.0,0.5555555555555556,0.8333333333333334,0.6666666666666667,0.6,0.8333333333333334,0.004319654427645789,0.5555555555555556,0.501984126984127,TOWT-detector,Shrew_office_Kenneth,125,office,True
6.0,5.0,0.5882352941176471,0.8333333333333334,0.6896551724137931,4.6,0.8333333333333334,0.012883435582822086,0.5882352941176471,0.37775848765432096,TOWT-detector,Shrew_office_Nora,125,office,True
6.0,6.0,0.6153846153846154,1.0,0.761904761904762,19.333333333333332,1.0,0.01168736303871439,0.5961538461538461,0.3842889363722697,TOWT-detector,Shrew_office_Sherill,125,office,True
6.0,4.0,0.48484848484848486,0.6666666666666666,0.5614035087719298,7.25,0.6666666666666666,0.05,0.48484848484848486,0.36874999999999997,TOWT-detector,Wolf_office_Darleen,125,office,True
6.0,5.0,0.6,0.8333333333333334,0.6976744186046512,14.8,0.8333333333333334,0.009880395215808632,0.6,0.46296296296296297,TOWT-detector,Wolf_retail_Harriett,125,retail,False
6.0,5.0,0.4,0.8333333333333334,0.5405405405405406,35.4,0.8333333333333334,0.088,0.39191919191919194,0.24524911816578485,TOWT-detector,Wolf_retail_Marcella,125,retail,False
6.0,5.0,0.6578947368421053,0.8333333333333334,0.7352941176470588,39.2,0.8333333333333334,0.0332409972299169,0.6578947368421053,0.16947751322751323,TOWT-detector,Wolf_retail_Toshia,125,retail,False
6.0,3.0,0.32558139534883723,0.5,0.3943661971830986,31.666666666666668,0.5,0.1290743155149935,0.32558139534883723,0.11030092592592593,Autoencoder(t),Fox_education_Henrietta,125,education,False
6.0,6.0,0.2361111111111111,1.0,0.38202247191011235,39.666666666666664,1.0,0.16119032858028517,0.223015873015873,0.5308449074074074,Autoencoder(t),Fox_retail_Manie,125,retail,False
6.0,6.0,0.3246753246753247,1.0,0.49019607843137253,3.3333333333333335,1.0,0.07400611620795107,0.3209647495361781,0.5769675925925927,Autoencoder(t),Hog_education_Bruno,125,education,False
6.0,5.0,0.4696969696969697,0.8333333333333334,0.6007751937984496,15.2,0.8333333333333334,0.08849557522123894,0.44821844821844825,0.13344356261022927,Autoencoder(t),Hog_education_Caridad,125,education,False
6.0,5.0,0.296875,0.8333333333333334,0.43778801843317966,10.2,0.8333333333333334,0.08779931584948689,0.29427083333333337,0.5100308641975309,Autoencoder(t),Hog_education_Luvenia,125,education,False
6.0,5.0,0.325,0.8333333333333334,0.4676258992805756,16.4,0.8333333333333334,0.10836120401337793,0.325,0.35609567901234573,Autoencoder(t),Hog_office_Almeda,125,office,True
6.0,5.0,0.2549019607843137,0.8333333333333334,0.3903903903903903,33.6,0.8333333333333334,0.06911057692307693,0.2549019607843137,0.1478835978835979,Autoencoder(t),Hog_office_Cortney,125,office,True
6.0,5.0,0.1875,0.8333333333333334,0.3061224489795918,17.0,0.8333333333333334,0.10675605982465189,0.16536458333333334,0.4694444444444444,Autoencoder(t),Hog_office_Denita,125,office,True
6.0,4.0,0.25,0.6666666666666666,0.36363636363636365,1.5,0.6666666666666666,0.15069252077562326,0.24305555555555555,0.25517676767676767,Autoencoder(t),Hog_office_Garrett,125,office,True
6.0,5.0,0.3142857142857143,0.8333333333333334,0.4564315352697096,15.2,0.8333333333333334,0.1424260712130356,0.3095238095238095,0.37523148148148144,Autoencoder(t),Hog_office_Lavon,125,office,True
6.0,4.0,0.0975609756097561,0.6666666666666666,0.1702127659574468,22.5,0.6666666666666666,0.17442430181283686,0.08079268292682927,0.4342592592592593,Autoencoder(t),Hog_office_Merilyn,125,office,True
6.0,6.0,0.4788732394366197,1.0,0.6476190476190475,46.833333333333336,1.0,0.12781408859840232,0.4788732394366197,0.40868055555555555,Autoencoder(t),Hog_office_Miriam,125,office,True
6.0,5.0,0.22727272727272727,0.8333333333333334,0.35714285714285715,19.8,0.8333333333333334,0.109375,0.22727272727272727,0.3130952380952381,Autoencoder(t),Hog_office_Napoleon,125,office,True
6.0,6.0,0.18461538461538463,1.0,0.3116883116883117,15.333333333333334,1.0,0.10181236673773987,0.18461538461538463,0.4781746031746032,Autoencoder(t),Hog_office_Shawna,125,office,True
6.0,5.0,0.1935483870967742,0.8333333333333334,0.31413612565445026,7.0,0.8333333333333334,0.2096505823627288,0.17280058651026392,0.203125,Autoencoder(t),Hog_office_Shawnna,125,office,True
6.0,4.0,0.19696969696969696,0.6666666666666666,0.30409356725146197,4.0,0.6666666666666666,0.11174458380843785,0.1767676767676768,0.27608024691358024,Autoencoder(t),Hog_office_Sherrie,125,office,True
6.0,6.0,0.660377358490566,1.0,0.7954545454545454,31.5,1.0,0.04375497215592681,0.660377358490566,0.5001221001221001,Autoencoder(t),Hog_office_Shon,125,office,True
6.0,5.0,0.2222222222222222,0.8333333333333334,0.3508771929824561,8.0,0.8333333333333334,0.18628571428571428,0.20648148148148146,0.46420940170940167,Autoencoder(t),Hog_office_Sydney,125,office,True
6.0,6.0,0.35135135135135137,1.0,0.52,14.0,1.0,0.1012987012987013,0.35135135135135137,0.28303062678062674,Autoencoder(t),Hog_office_Valda,125,office,True
6.0,5.0,0.3225806451612903,0.8333333333333334,0.4651162790697674,3.4,0.8333333333333334,0.1028537455410226,0.31797235023041476,0.3565656565656566,Autoencoder(t),Lamb_education_Armando,125,education,False
6.0,6.0,0.18072289156626506,1.0,0.30612244897959184,0.8333333333333334,1.0,0.09847715736040609,0.16967871485943772,0.5632716049382717,Autoencoder(t),Lamb_education_Eula,125,education,False
6.0,4.0,0.3,0.6666666666666666,0.41379310344827586,47.5,0.6666666666666666,0.13278791692888608,0.29,0.18648313492063492,Autoencoder(t),Lamb_education_Lazaro,125,education,False
6.0,6.0,0.5394736842105263,1.0,0.7008547008547009,7.833333333333333,1.0,0.06893995552260934,0.531578947368421,0.34179468294051624,Autoencoder(t),Lamb_education_Lucas,125,education,False
6.0,6.0,0.16216216216216217,1.0,0.27906976744186046,16.166666666666668,1.0,0.1305587229190422,0.14797297297297296,0.38680555555555557,Autoencoder(t),Lamb_education_Mae,125,education,False
,,,,,,,,0.0,,Autoencoder(t),Lamb_education_Willetta,125,education,False
6.0,6.0,0.4189189189189189,1.0,0.5904761904761905,19.166666666666668,1.0,0.10234113712374582,0.4126819126819127,0.22923280423280423,Autoencoder(t),Lamb_education_Williams,125,education,False
6.0,5.0,0.40540540540540543,0.8333333333333334,0.5454545454545455,9.6,0.8333333333333334,0.05558806319485079,0.40540540540540543,0.3064236111111111,Autoencoder(t),Lamb_office_Caitlin,125,office,True
6.0,6.0,0.5526315789473685,1.0,0.711864406779661,26.833333333333332,1.0,0.08112582781456953,0.5274853801169591,0.26978490259740256,Autoencoder(t),Lamb_office_Velma,125,office,True
6.0,5.0,0.2717391304347826,0.8333333333333334,0.4098360655737705,3.0,0.8333333333333334,0.1699421965317919,0.2543478260869565,0.4134589947089948,Autoencoder(t),Rat_retail_Jeffrey,125,retail,False
6.0,6.0,0.32608695652173914,1.0,0.4918032786885246,6.333333333333333,1.0,0.18226299694189602,0.32608695652173914,0.5810185185185185,Autoencoder(t),Robin_education_Zenia,125,education,False
6.0,6.0,0.3333333333333333,1.0,0.5,4.166666666666667,1.0,0.1315345699831366,0.3287037037037037,0.476984126984127,Autoencoder(t),Robin_office_Dina,125,office,True
6.0,6.0,0.6964285714285714,1.0,0.8210526315789474,80.83333333333333,1.0,0.050200803212851405,0.6964285714285714,0.20746878507295174,Autoencoder(t),Robin_office_Sammie,125,office,True
6.0,6.0,0.2631578947368421,1.0,0.4166666666666667,2.6666666666666665,1.0,0.10270880361173815,0.2631578947368421,0.385515873015873,Autoencoder(t),Shrew_office_Doris,125,office,True
6.0,6.0,0.45901639344262296,1.0,0.6292134831460674,48.0,1.0,0.11713147410358565,0.44379391100702575,0.286739417989418,Autoencoder(t),Shrew_office_Ila,125,office,True
6.0,5.0,0.18840579710144928,0.8333333333333334,0.3073286052009456,23.6,0.8333333333333334,0.10691144708423327,0.16190476190476188,0.3829365079365079,Autoencoder(t),Shrew_office_Kenneth,125,office,True
6.0,5.0,0.4107142857142857,0.8333333333333334,0.5502392344497608,13.4,0.8333333333333334,0.0834355828220859,0.4107142857142857,0.15318287037037037,Autoencoder(t),Shrew_office_Nora,125,office,True
6.0,6.0,0.4142857142857143,1.0,0.5858585858585859,11.666666666666666,1.0,0.1329437545653762,0.40619047619047627,0.35798017568850904,Autoencoder(t),Shrew_office_Sherill,125,office,True
6.0,5.0,0.22727272727272727,0.8333333333333334,0.35714285714285715,14.0,0.8333333333333334,0.11204819277108434,0.22727272727272727,0.39212962962962966,Autoencoder(t),Wolf_office_Darleen,125,office,True
6.0,6.0,0.13414634146341464,1.0,0.23655913978494622,2.8333333333333335,1.0,0.1357254290171607,0.13414634146341464,0.5275462962962963,Autoencoder(t),Wolf_retail_Harriett,125,retail,False
6.0,6.0,0.3076923076923077,1.0,0.47058823529411764,43.833333333333336,1.0,0.11636363636363636,0.30288461538461536,0.27116402116402116,Autoencoder(t),Wolf_retail_Marcella,125,retail,False
6.0,5.0,0.46551724137931033,0.8333333333333334,0.5973451327433628,26.0,0.8333333333333334,0.09349030470914127,0.4517241379310345,0.19976300705467373,Autoencoder(t),Wolf_retail_Toshia,125,retail,False
6.0,2.0,0.6842105263157895,0.3333333333333333,0.44827586206896547,23.0,0.3333333333333333,0.016297262059973925,0.6842105263157895,0.07708333333333334,PatchTST-SSL(HoW-cond),Fox_education_Henrietta,125,education,False
6.0,5.0,0.25,0.8333333333333334,0.3846153846153846,55.0,0.8333333333333334,0.07997520148791072,0.19957386363636365,0.4914351851851852,PatchTST-SSL(HoW-cond),Fox_retail_Manie,125,retail,False
6.0,5.0,0.7027027027027027,0.8333333333333334,0.7624633431085044,11.2,0.8333333333333334,0.01651376146788991,0.7027027027027027,0.5233630952380953,PatchTST-SSL(HoW-cond),Hog_education_Bruno,125,education,False
6.0,4.0,0.8,0.6666666666666666,0.7272727272727272,2.0,0.6666666666666666,0.019741320626276378,0.7387096774193548,0.24259259259259258,PatchTST-SSL(HoW-cond),Hog_education_Caridad,125,education,False
6.0,5.0,0.8695652173913043,0.8333333333333334,0.851063829787234,7.8,0.8333333333333334,0.0017103762827822121,0.8695652173913043,0.5236111111111111,PatchTST-SSL(HoW-cond),Hog_education_Luvenia,125,education,False
6.0,5.0,0.7837837837837838,0.8333333333333334,0.8077994428969358,20.2,0.8333333333333334,0.026755852842809364,0.7837837837837838,0.3050154320987654,PatchTST-SSL(HoW-cond),Hog_office_Almeda,125,office,True
6.0,4.0,0.78125,0.6666666666666666,0.7194244604316546,11.25,0.6666666666666666,0.004206730769230769,0.78125,0.37301587301587297,PatchTST-SSL(HoW-cond),Hog_office_Cortney,125,office,True
6.0,5.0,0.6956521739130435,0.8333333333333334,0.7582938388625592,2.4,0.8333333333333334,0.006188757091284167,0.6956521739130435,0.5138888888888888,PatchTST-SSL(HoW-cond),Hog_office_Denita,125,office,True
6.0,5.0,0.6129032258064516,0.8333333333333334,0.7063197026022304,8.6,0.8333333333333334,0.013850415512465374,0.6129032258064516,0.5869949494949495,PatchTST-SSL(HoW-cond),Hog_office_Garrett,125,office,True
6.0,3.0,0.42857142857142855,0.5,0.4615384615384615,21.333333333333332,0.5,0.016898008449004225,0.42857142857142855,0.23564814814814813,PatchTST-SSL(HoW-cond),Hog_office_Lavon,125,office,True
6.0,5.0,0.7777777777777778,0.8333333333333334,0.8045977011494253,16.2,0.8333333333333334,0.0009799118079372856,0.7777777777777778,0.4636574074074074,PatchTST-SSL(HoW-cond),Hog_office_Merilyn,125,office,True
6.0,5.0,0.925,0.8333333333333334,0.8767772511848342,43.6,0.8333333333333334,0.002178649237472767,0.925,0.3560185185185185,PatchTST-SSL(HoW-cond),Hog_office_Miriam,125,office,True
6.0,5.0,0.48148148148148145,0.8333333333333334,0.6103286384976525,26.8,0.8333333333333334,0.009259259259259259,0.48148148148148145,0.3300595238095238,PatchTST-SSL(HoW-cond),Hog_office_Napoleon,125,office,True
6.0,6.0,0.5833333333333334,1.0,0.7368421052631579,15.166666666666666,1.0,0.014392324093816631,0.5833333333333334,0.49520502645502645,PatchTST-SSL(HoW-cond),Hog_office_Shawna,125,office,True
6.0,4.0,0.3548387096774194,0.6666666666666666,0.46315789473684216,26.5,0.6666666666666666,0.013311148086522463,0.3548387096774194,0.2121031746031746,PatchTST-SSL(HoW-cond),Hog_office_Shawnna,125,office,True
6.0,5.0,0.53125,0.8333333333333334,0.648854961832061,25.4,0.8333333333333334,0.014823261117445839,0.53125,0.35235339506172836,PatchTST-SSL(HoW-cond),Hog_office_Sherrie,125,office,True
6.0,4.0,0.9473684210526315,0.6666666666666666,0.782608695652174,47.25,0.6666666666666666,0.0015910898965791568,0.9473684210526315,0.366951566951567,PatchTST-SSL(HoW-cond),Hog_office_Shon,125,office,True
6.0,5.0,0.4666666666666667,0.8333333333333334,0.5982905982905983,11.2,0.8333333333333334,0.02057142857142857,0.4666666666666667,0.42403846153846153,PatchTST-SSL(HoW-cond),Hog_office_Sydney,125,office,True
6.0,6.0,0.9428571428571428,1.0,0.9705882352941176,38.666666666666664,1.0,0.001948051948051948,0.9428571428571428,0.39369658119658113,PatchTST-SSL(HoW-cond),Hog_office_Valda,125,office,True
6.0,5.0,0.65,0.8333333333333334,0.7303370786516855,65.4,0.8333333333333334,0.0077288941736028535,0.65,0.38289141414141414,PatchTST-SSL(HoW-cond),Lamb_education_Armando,125,education,False
6.0,6.0,0.3829787234042553,1.0,0.5538461538461539,3.5,1.0,0.02081218274111675,0.3829787234042553,0.6890432098765432,PatchTST-SSL(HoW-cond),Lamb_education_Eula,125,education,False
6.0,3.0,0.4375,0.5,0.4666666666666667,42.666666666666664,0.5,0.010698552548772814,0.4375,0.065625,PatchTST-SSL(HoW-cond),Lamb_education_Lazaro,125,education,False
6.0,6.0,0.6153846153846154,1.0,0.761904761904762,32.166666666666664,1.0,0.012601927353595256,0.6153846153846154,0.2556329665704666,PatchTST-SSL(HoW-cond),Lamb_education_Lucas,125,education,False
6.0,6.0,0.3333333333333333,1.0,0.5,27.0,1.0,0.028506271379703536,0.3333333333333333,0.4421296296296296,PatchTST-SSL(HoW-cond),Lamb_education_Mae,125,education,False
,,,,,,,,0.0,,PatchTST-SSL(HoW-cond),Lamb_education_Willetta,125,education,False
6.0,6.0,0.4411764705882353,1.0,0.6122448979591837,41.166666666666664,1.0,0.03678929765886288,0.4313725490196078,0.21216931216931215,PatchTST-SSL(HoW-cond),Lamb_education_Williams,125,education,False
6.0,2.0,0.14705882352941177,0.3333333333333333,0.20408163265306123,20.5,0.3333333333333333,0.04564072557050907,0.14705882352941177,0.1753472222222222,PatchTST-SSL(HoW-cond),Lamb_office_Caitlin,125,office,True
6.0,6.0,0.7441860465116279,1.0,0.8533333333333333,66.5,1.0,0.024006622516556293,0.7441860465116279,0.13374819624819625,PatchTST-SSL(HoW-cond),Lamb_office_Velma,125,office,True
6.0,6.0,0.36363636363636365,1.0,0.5333333333333333,2.8333333333333335,1.0,0.06878612716763005,0.35353535353535354,0.45423280423280427,PatchTST-SSL(HoW-cond),Rat_retail_Jeffrey,125,retail,False
6.0,6.0,0.5370370370370371,1.0,0.6987951807228916,25.0,1.0,0.02691131498470948,0.5370370370370371,0.4344135802469136,PatchTST-SSL(HoW-cond),Robin_education_Zenia,125,education,False
6.0,6.0,0.7419354838709677,1.0,0.8518518518518519,11.0,1.0,0.008431703204047217,0.7419354838709677,0.3795634920634921,PatchTST-SSL(HoW-cond),Robin_office_Dina,125,office,True
6.0,3.0,0.9743589743589743,0.5,0.6608695652173913,79.0,0.5,0.001004016064257028,0.9743589743589743,0.048953072390572394,PatchTST-SSL(HoW-cond),Robin_office_Sammie,125,office,True
6.0,6.0,0.8372093023255814,1.0,0.9113924050632911,14.166666666666666,1.0,0.0056433408577878106,0.8372093023255814,0.4907738095238095,PatchTST-SSL(HoW-cond),Shrew_office_Doris,125,office,True
6.0,6.0,0.6875,1.0,0.8148148148148148,79.0,1.0,0.010358565737051793,0.6875,0.21655092592592592,PatchTST-SSL(HoW-cond),Shrew_office_Ila,125,office,True
6.0,6.0,0.3548387096774194,1.0,0.5238095238095238,22.166666666666668,1.0,0.01673866090712743,0.3548387096774194,0.5515873015873015,PatchTST-SSL(HoW-cond),Shrew_office_Kenneth,125,office,True
6.0,6.0,0.8823529411764706,1.0,0.9375,19.166666666666668,1.0,0.004294478527607362,0.8823529411764706,0.35898919753086417,PatchTST-SSL(HoW-cond),Shrew_office_Nora,125,office,True
6.0,6.0,0.782608695652174,1.0,0.878048780487805,19.166666666666668,1.0,0.006574141709276844,0.7608695652173914,0.37982253086419754,PatchTST-SSL(HoW-cond),Shrew_office_Sherill,125,office,True
6.0,4.0,0.7741935483870968,0.6666666666666666,0.7164179104477612,14.0,0.6666666666666666,0.02108433734939759,0.7741935483870968,0.35312499999999997,PatchTST-SSL(HoW-cond),Wolf_office_Darleen,125,office,True
6.0,6.0,0.3888888888888889,1.0,0.56,19.333333333333332,1.0,0.016640665626625067,0.3888888888888889,0.45393518518518516,PatchTST-SSL(HoW-cond),Wolf_retail_Harriett,125,retail,False
6.0,3.0,0.3333333333333333,0.5,0.4,60.666666666666664,0.5,0.027636363636363636,0.3333333333333333,0.14243827160493827,PatchTST-SSL(HoW-cond),Wolf_retail_Marcella,125,retail,False
6.0,5.0,0.5526315789473685,0.8333333333333334,0.6645569620253164,54.4,0.8333333333333334,0.027700831024930747,0.5394736842105263,0.14637070105820107,PatchTST-SSL(HoW-cond),Wolf_retail_Toshia,125,retail,False
